pl_name,pl_bmasse,pl_bmasseerr1,pl_bmasseerr2,pl_rade,pl_radeerr1,pl_radeerr2,pl_bmassprov,discoverymethod
"Kepler-418 b",349.61124770,,,13.45000000,1.79000000,-1.79000000,"Mass","Transit"
"OGLE-2017-BLG-0364L b",75.80000000,54.50000000,-42.90000000,10.30000000,,,"Mass","Microlensing"
"HR 8799 b",2000.00000000,1000.00000000,-600.00000000,13.00000000,1.00000000,-1.00000000,"Mass","Imaging"
"CoRoT-17 b",772.29000000,95.34000000,-95.34000000,11.43000000,0.78000000,-0.78000000,"Mass","Transit"
"OGLE-2017-BLG-0373L b",127.00000000,202.00000000,-82.00000000,14.00000000,,,"Mass","Microlensing"
"CoRoT-7 d",17.14200000,2.55200000,-2.55200000,4.31000000,,,"Mass","Radial Velocity"
"KMT-2021-BLG-1547L b",467.20775829,206.58846455,-244.72787339,13.60000000,,,"Mass","Microlensing"
"TOI-4377 b",304.16178550,28.28672822,-27.65107141,15.10970598,0.90792744,-0.90792744,"Mass","Transit"
"TOI-858 B b",349.61124770,25.42627256,-22.24798849,14.06727078,0.43715025,-0.43715025,"Mass","Transit"
"TOI-1296 b",95.30000000,4.70000000,-4.60000000,14.11645916,0.28454324,-0.26287755,"Mass","Transit"
"HD 24040 b",1589.14203500,114.41822652,-82.63538582,12.90000000,,,"Mass","Radial Velocity"
"Kepler-83 b",2.94000000,0.88000000,-0.62000000,2.83000000,0.41000000,-0.41000000,"Mass","Transit"
"TOI-3807 b",330.54154328,47.67426105,-44.49597698,18.49481816,,,"Mass","Transit"
"UKIRT-2017-BLG-001L b",407.00000000,120.00000000,-140.00000000,13.70000000,,,"Mass","Microlensing"
"HD 191939 c",8.00000000,1.00000000,-1.00000000,3.19500000,0.07500000,-0.07500000,"Mass","Transit"
"WASP-105 b",572.09400000,31.78300000,-31.78300000,10.76064000,0.33627000,-0.33627000,"Mass","Transit"
"Kepler-58 b",35.50000000,,,2.78000000,,,"Mass","Transit"
"TOI-1759 b",10.80000000,1.50000000,-1.50000000,3.14000000,0.10000000,-0.10000000,"Mass","Transit"
"HIP 70849 b",1430.22783150,127.13136280,-95.34852210,12.90000000,,,"Mass","Radial Velocity"
"KOI-142 b",9.50000000,1.10000000,-1.10000000,3.43800000,0.07500000,-0.07500000,"Mass","Transit"
"HATS-62 b",56.89157000,,,11.82549500,0.28022500,-0.28022500,"Mass","Transit"
"TOI-1410.01",12.50000000,1.10000000,-1.00000000,3.10083009,0.22026793,-0.16123620,"Mass","Transit"
"TOI-5110 b",921.70238030,41.31769291,-41.31769291,11.98240037,0.60528496,-0.58286700,"Mass","Transit"
"TOI-791 c",18.60000000,2.24000000,-2.09000000,12.94637271,0.44835923,-0.44835923,"Mass","Transit"
"Qatar-7 b",597.52040000,79.45750000,-79.45750000,19.05530000,0.33627000,-0.33627000,"Mass","Transit"
"TOI-5624 e",8.90000000,2.90000000,-3.00000000,3.24700000,0.04200000,-0.04300000,"Mass","Transit"
"TOI-6695 b",66.74396547,3.17828407,-3.17828407,9.52763359,0.22417961,-0.22417961,"Mass","Transit"
"HD 207496 b",6.10000000,1.60000000,-1.60000000,2.25000000,0.12000000,-0.10000000,"Mass","Transit"
"Kepler-276 d",16.30000000,5.00000000,-4.30000000,2.80000000,1.23000000,-0.27000000,"Mass","Transit"
"WASP-37 b",572.07000000,54.02900000,-54.02900000,13.00200000,0.78500000,-0.67300000,"Mass","Transit"
"Kepler-122 f",36.00000000,19.40000000,-16.20000000,1.75000000,0.60000000,-0.16000000,"Mass","Transit Timing Variations"
"OGLE-2016-BLG-0263L b",1300.00000000,2100.00000000,-790.00000000,13.00000000,,,"Mass","Microlensing"
"TOI-1776 b",1.40000000,1.10000000,-1.00000000,1.21612741,0.08984660,-0.07715788,"Mass","Transit"
"HAT-P-40 b",152.55840000,41.31790000,-41.31790000,17.03768000,1.90553000,-1.90553000,"Mass","Transit"
"K2-19 d",6.20000000,,,1.04400000,0.06400000,-0.06400000,"Mass","Transit"
"HD 169830 c",2437.42605328,615.63362436,-875.61726129,12.60000000,,,"Mass","Radial Velocity"
"ZTF J1230-2655 b",7024.00779470,,,13.78704626,0.00560449,-0.00560449,"Mass","Transit"
"TOI-2525 b",26.69758619,1.58914204,-1.58914204,8.67575106,0.11208981,-0.11208981,"Mass","Transit"
"Kepler-57 c",6.86000000,1.52000000,-1.43000000,2.19600000,0.06700000,-0.06500000,"Mass","Transit"
"KOI-134 b",346.43296363,38.13940884,-25.42627256,12.03844527,0.19055267,-0.19055267,"Mass","Transit"
"KMT-2023-BLG-2209L b",254.26272560,120.77479466,-120.77479466,13.90000000,,,"Mass","Microlensing"
"HD 150706 b",772.32302901,152.55763536,-120.77479466,13.30000000,,,"Mass","Radial Velocity"
"HR 8799 e",3178.30000000,2224.81000000,-1271.32000000,13.11453000,1.45717000,-1.23299000,"Mass","Imaging"
"HIP 10090 c",270.15414595,9.53485221,-38.13940884,13.90000000,,,"Mass","Radial Velocity"
"KMT-2021-BLG-0748L b",143.02278315,127.13136280,-79.45710175,14.30000000,,,"Mass","Microlensing"
"Kepler-24 e",26.21180000,,,2.78000000,0.64000000,-0.64000000,"Mass","Transit"
"Kepler-338 b",30.60000000,24.20000000,-21.10000000,2.44000000,0.13000000,-0.13000000,"Mass","Transit"
"HD 188641 b",9333.03117155,1901.88518749,-1179.77904678,11.90000000,,,"Mass","Radial Velocity"
"K2-39 b",28.60470000,15.89150000,-15.89150000,6.27704000,1.68135000,-1.68135000,"Mass","Transit"
"OGLE-2019-BLG-0960L b",2.50000000,0.60000000,-0.60000000,1.39000000,,,"Mass","Microlensing"
"GSC 06214-00210 b",5000.00000000,300.00000000,-300.00000000,20.17620000,5.60450000,-5.60450000,"Mass","Imaging"
"HD 89839 b",1748.05623850,200.23189641,-152.55763536,12.80000000,,,"Mass","Radial Velocity"
"Kepler-106 e",11.17000000,5.80000000,-5.80000000,2.56000000,0.33000000,-0.33000000,"Mass","Transit"
"HATS-72 b",39.85588200,1.23953700,-1.23953700,8.09738160,0.03586880,-0.03586880,"Mass","Transit"
"WASP-46 b",607.05530000,41.31790000,-41.31790000,13.15936600,0.41473300,-0.41473300,"Mass","Transit"
"Kepler-27 c",4385.87000000,,,4.90000000,,,"Mass","Transit"
"TOI-2141 b",20.10000000,1.60000000,-1.50000000,3.14700000,0.04300000,-0.04200000,"Mass","Transit"
"GJ 317 b",794.50000000,222.50000000,-127.10000000,13.30000000,,,"Mass","Radial Velocity"
"KOINTREAU-1 b",3368.98111420,794.57101750,-731.00533610,12.40000000,,,"Mass","Imaging"
"Kepler-350 b",16.90000000,5.60000000,-3.30000000,1.85000000,0.38000000,-0.38000000,"Mass","Transit"
"TOI-4562 b",732.00000000,152.00000000,-149.00000000,12.53000000,0.15000000,-0.15000000,"Mass","Transit"
"CoRoT-35 b",349.61124770,117.59651059,-117.59651059,18.83108758,1.23298788,-1.23298788,"Mass","Transit"
"Kepler-51 d",7.60000000,1.10000000,-1.10000000,9.70000000,0.50000000,-0.50000000,"Mass","Transit"
"HAT-P-27 b",197.05000000,9.53000000,-9.53000000,11.43000000,0.78000000,-0.67000000,"Mass","Transit"
"GJ 3090 b",4.52000000,0.47000000,-0.47000000,2.18000000,0.06000000,-0.06000000,"Mass","Transit"
"Kepler-117 c",584.78000000,57.21000000,-57.21000000,12.34100000,0.39200000,-0.39200000,"Mass","Transit"
"K2-97 b",174.48779544,18.75187601,-14.62010672,13.45077684,1.23298788,-1.23298788,"Mass","Transit"
"TOI-199 c",88.99195396,6.35656814,-3.17828407,11.40000000,,,"Mass","Transit Timing Variations"
"OGLE-2016-BLG-1800L b",823.17557413,464.02947422,-464.02947422,13.20000000,,,"Mass","Microlensing"
"GJ 3929 b",1.75000000,0.44000000,-0.45000000,1.09000000,0.04000000,-0.04000000,"Mass","Transit"
"TOI-283 b",6.54000000,2.04000000,-2.04000000,2.34000000,0.09000000,-0.09000000,"Mass","Transit"
"HIP 8541 b",2451.72833160,602.28483126,-32.73632592,12.60000000,,,"Mass","Radial Velocity"
"HIP 41378 g",6.81000000,1.14000000,-0.98000000,2.50000000,,,"Mass","Radial Velocity"
"HD 3167 c",11.41000000,0.85800000,-0.82600000,2.98300000,0.08300000,-0.06800000,"Mass","Transit"
"HAT-P-49 b",699.22600000,187.51970000,-187.51970000,17.82231000,2.01762000,-2.01762000,"Mass","Transit"
"TOI-6019 b",149.00000000,15.00000000,-15.00000000,12.30000000,0.30000000,-0.30000000,"Mass","Transit"
"MOA-2007-BLG-400L b",540.30829190,82.63538582,-82.63538582,13.50000000,,,"Mass","Microlensing"
"OGLE-2019-BLG-1492L b",37.10000000,25.10000000,-19.50000000,6.79000000,,,"Mass","Microlensing"
"Kepler-19 b",6.10000000,2.80000000,-2.70000000,2.20900000,0.04800000,-0.04800000,"Mass","Transit"
"HD 72659 c",6165.87109580,254.26272560,-158.91420350,12.10000000,,,"Mass","Radial Velocity"
"HD 110067 c",6.30000000,,,2.38800000,0.03600000,-0.03600000,"Mass","Transit"
"KMT-2016-BLG-0212L b",5700.00000000,6000.00000000,-3500.00000000,12.20000000,,,"Mass","Microlensing"
"Qatar-2 b",792.63500000,17.16200000,-17.16200000,14.05600000,0.14600000,-0.14600000,"Mass","Transit"
"TOI-286 b",4.53000000,0.78000000,-0.78000000,1.42000000,0.10000000,-0.10000000,"Mass","Transit"
"Kepler-278 c",34.90000000,9.90000000,-21.00000000,3.26800000,0.06700000,-0.06700000,"Mass","Transit"
"V830 Tau b",222.48100000,38.13960000,-38.13960000,14.00000000,,,"Mass","Radial Velocity"
"HD 196050 b",1493.79351290,254.26272560,-254.26272560,12.90000000,,,"Mass","Radial Velocity"
"TOI-1279 b",10.60000000,2.50000000,-2.50000000,2.66146528,0.13795921,-0.10646515,"Mass","Transit"
"Kepler-82 c",13.90000000,1.30000000,-1.20000000,5.34000000,0.32000000,-0.13000000,"Mass","Transit"
"TOI-1807 b",2.44000000,0.60000000,-0.57000000,1.49681583,0.08089145,-0.06779467,"Mass","Transit"
"Kepler-26 b",5.12000000,0.65000000,-0.61000000,2.78000000,0.11000000,-0.11000000,"Mass","Transit"
"GJ 581 c",6.81000000,0.21000000,-1.16000000,2.50000000,,,"Mass","Radial Velocity"
"Kepler-51 e",5.40000000,1.50000000,-1.50000000,2.18000000,,,"Mass","Transit Timing Variations"
"TOI-5592 b",285.72773789,22.24798849,-21.93016008,17.14974047,3.58687382,-1.79343691,"Mass","Transit"
"KOI-1831 d",2.23000000,0.50000000,-0.84000000,1.13000000,0.05000000,-0.05000000,"Mass","Transit"
"Kepler-279 c",49.40000000,7.20000000,-5.90000000,4.30000000,1.72000000,-0.41000000,"Mass","Transit"
"TOI-1444 b",3.58000000,0.76000000,-0.75000000,1.41792246,0.04673360,-0.04107268,"Mass","Transit"
"HATS-8 b",43.86054000,6.03877000,-6.03877000,9.78545700,1.37870700,-0.84067500,"Mass","Transit"
"KMT-2019-BLG-1367L b",4.08000000,2.58000000,-2.08000000,1.85000000,,,"Mass","Microlensing"
"KOI-1783.01",71.00000000,11.20000000,-9.20000000,8.86000000,0.25000000,-0.24000000,"Mass","Transit"
"KELT-16 b",874.03250000,50.85280000,-47.67450000,15.86073500,0.94155600,-0.75100300,"Mass","Transit"
"CoRoT-12 b",291.43800000,22.24700000,-20.65800000,16.14000000,1.46000000,-1.46000000,"Mass","Transit"
"SWEEPS-4 b",1207.70000000,,,9.07900000,1.12100000,-1.12100000,"Mass","Transit"
"GJ 143 b",22.70000000,2.20000000,-1.90000000,2.61000000,0.17000000,-0.16000000,"Mass","Transit"
"K2-10 b",25.20000000,8.40000000,-8.40000000,3.77300000,0.08800000,-0.04800000,"Mass","Transit"
"Kepler-19 d",22.50000000,1.20000000,-5.60000000,5.06000000,,,"Mass","Radial Velocity"
"KMT-2016-BLG-2142L b",4923.00000000,7943.00000000,-2730.00000000,12.20000000,,,"Mass","Microlensing"
"CoRoT-7 b",4.07660518,1.01981794,-1.01981794,1.68135000,0.11209000,-0.11209000,"Mass","Transit"
"TOI-2969 b",368.68095212,12.71313628,-12.71313628,12.32987877,0.89671846,-0.89671846,"Mass","Transit"
"Kepler-447 b",435.41000000,152.55000000,-146.20000000,18.49000000,6.61000000,-6.28000000,"Mass","Transit"
"HD 120084 b",2034.10180480,921.70238030,-603.87397330,12.70000000,,,"Mass","Radial Velocity"
"GJ 680 b",7977.49301570,1957.18733031,-3543.46890964,12.00000000,,,"Mass","Radial Velocity"
"TOI-1422 b",9.50000000,2.00000000,-1.90000000,3.83000000,0.11000000,-0.11000000,"Mass","Transit"
"HATS-59 b",256.17098000,21.93027000,-21.93027000,12.62133400,0.86309300,-0.86309300,"Mass","Transit"
"HD 73267 c",1630.77755632,289.85950718,-89.62761077,12.80000000,,,"Mass","Radial Velocity"
"HD 152843 c",9.67000000,1.97000000,-1.92000000,5.94000000,0.18000000,-0.16000000,"Mass","Transit"
"HR 8799 c",3000.00000000,1000.00000000,-1000.00000000,13.00000000,1.00000000,0.00000000,"Mass","Imaging"
"TOI-4342 b",7.30000000,1.30000000,-1.30000000,2.32900000,0.08600000,-0.08500000,"Mass","Transit"
"KOI-12 b",349.61300000,1112.40500000,-254.26400000,13.78707000,0.67254000,-0.56045000,"Mass","Transit"
"NGTS-16 b",211.99154747,49.89905990,-40.99986450,14.57167491,1.45716749,-1.34507768,"Mass","Transit"
"HD 113337 c",6299.67685515,772.32302901,-818.40814802,12.10000000,,,"Mass","Radial Velocity"
"K2-30 b",184.02357000,8.89924000,-8.58141000,11.64615100,0.56045000,-0.57165900,"Mass","Transit"
"Gaia22dkvL b",187.83658854,48.30991786,-16.52707716,14.10000000,,,"Mass","Microlensing"
"KMT-2024-BLG-0404L c",17.30000000,25.50000000,-8.80000000,4.33000000,,,"Mass","Microlensing"
"Kepler-139 e",378.00000000,48.00000000,-39.00000000,13.70000000,,,"Mass","Radial Velocity"
"HD 29985 b",1739.47487151,617.85842321,-367.72746690,12.80000000,,,"Mass","Radial Velocity"
"HR 858 c",3.80000000,,,1.97900000,0.05400000,-0.05100000,"Mass","Transit"
"HD 22946 d",26.57000000,,,2.60700000,0.06000000,-0.06000000,"Mass","Transit"
"HD 11112 b",2598.56505563,199.27841119,-1017.05090240,12.60000000,,,"Mass","Radial Velocity"
"AF Lep b",1147.36054927,155.73591943,-152.55763536,13.00000000,,,"Mass","Imaging"
"TOI-125 d",13.60000000,1.20000000,-1.20000000,2.93000000,0.17000000,-0.17000000,"Mass","Transit"
"HATS-6 b",101.38777000,22.24810000,-22.24810000,11.18658200,0.21297100,-0.21297100,"Mass","Transit"
"HD 100546 b",2701.54145950,1271.31362800,-1271.31362800,77.34210000,30.26430000,-32.50610000,"Mass","Imaging"
"HD 100777 b",390.92894061,15.89142035,-15.89142035,13.70000000,,,"Mass","Radial Velocity"
"Kepler-553 b",116.00736855,,,4.74139884,0.17934369,-0.12329879,"Mass","Transit"
"HD 217786 b",4402.55909376,402.68859167,-416.67304158,12.30000000,,,"Mass","Radial Velocity"
"OGLE-TR-132 b",375.02000000,44.49000000,-41.32000000,13.45000000,1.68000000,-1.23000000,"Mass","Transit"
"HATS-66 b",1694.03390000,216.12440000,-216.12440000,15.81589900,0.94155600,-0.94155600,"Mass","Transit"
"TOI-7041 b",114.41822652,50.85254512,-50.85254512,11.43316031,0.33626942,-0.33626942,"Mass","Transit"
"OGLE-2014-BLG-0676L b",1169.60853776,219.30160083,-457.67290608,13.00000000,,,"Mass","Microlensing"
"Kepler-414 c",29.90000000,12.40000000,-10.50000000,3.01000000,0.54000000,-0.25000000,"Mass","Transit Timing Variations"
"Qatar-5 b",1373.02560000,57.20940000,-57.20940000,12.40836300,0.71737600,-0.71737600,"Mass","Transit"
"K2-132 b",155.73670000,19.06980000,-19.06980000,14.57170000,0.78463000,-0.78463000,"Mass","Transit"
"WASP-76 b",284.13859586,4.44959770,-4.13176929,20.78145022,0.86309151,-0.85188253,"Mass","Transit"
"KELT-15 b",416.35730000,136.66690000,-136.66690000,19.50366000,2.24180000,-2.24180000,"Mass","Transit"
"K2-290 c",246.00042000,14.93801000,-14.93801000,11.27625400,0.56045000,-0.56045000,"Mass","Transit"
"HATS-41 b",3082.95100000,508.52800000,-508.52800000,14.90797000,3.25061000,-2.24180000,"Mass","Transit"
"HD 284149 AB b",8352.53053596,931.23723251,-931.23723251,12.00000000,,,"Mass","Imaging"
"HATS-77 b",436.69623122,31.78284070,-23.51930212,13.05846252,0.23538859,-0.23538859,"Mass","Transit"
"WASP-142 b",266.97720000,28.60470000,-28.60470000,17.14977000,0.89672000,-0.89672000,"Mass","Transit"
"HD 29021 b",1420.69297929,212.94503269,-206.58846455,12.90000000,,,"Mass","Radial Velocity"
"HD 168443 c",5500.33841154,810.46243785,-287.95253674,12.20000000,,,"Mass","Radial Velocity"
"WASP-53 b",677.61356000,29.24036000,-29.87602000,12.03846600,0.41473300,-0.41473300,"Mass","Transit"
"KOI-94 b",10.50000000,4.60000000,-4.60000000,1.71000000,0.16000000,-0.16000000,"Mass","Transit"
"OGLE-2015-BLG-1649L b",807.00000000,470.00000000,-442.00000000,13.20000000,,,"Mass","Microlensing"
"TOI-220 b",13.80000000,1.00000000,-1.00000000,3.03000000,0.15000000,-0.15000000,"Mass","Transit"
"WASP-8 b",807.28820000,104.88390000,-104.88390000,12.66617000,0.56045000,-0.56045000,"Mass","Transit"
"HD 106252 b",3178.28407000,247.90615746,-232.01473711,12.50000000,,,"Mass","Radial Velocity"
"TOI-4087 b",232.01473711,44.49597698,-44.49597698,13.04725353,0.28022452,-0.26901554,"Mass","Transit"
"OGLE-2015-BLG-1771L b",138.00000000,214.00000000,-80.00000000,14.30000000,,,"Mass","Microlensing"
"HAT-P-66 b",248.86089000,18.11631000,-18.11631000,17.82231000,1.79344000,-1.12090000,"Mass","Transit"
"HD 20329 b",7.42000000,1.09000000,-1.09000000,1.72000000,0.07000000,-0.07000000,"Mass","Transit"
"GJ 876 e",14.60000000,1.70000000,-1.70000000,3.92000000,,,"Mass","Radial Velocity"
"HAT-P-29 b",279.69040000,79.45750000,-79.45750000,13.11453000,1.45717000,-1.45717000,"Mass","Transit"
"Kepler-434 b",908.96000000,111.24000000,-111.24000000,12.67000000,2.91000000,-2.02000000,"Mass","Transit"
"HD 128717 b",6293.00245860,158.91420350,-158.91420350,12.10000000,,,"Mass","Astrometry"
"HAT-P-46 b",156.68400000,26.06100000,-16.52600000,14.39200000,3.03800000,-1.49100000,"Mass","Transit"
"TOI-1244 b",6.60000000,3.80000000,-3.70000000,2.46700000,0.24000000,-0.21100000,"Mass","Transit"
"V1298 Tau e",15.30000000,4.20000000,-4.20000000,10.17000000,0.75000000,-0.75000000,"Mass","Transit"
"OGLE-2012-BLG-0358L b",588.00000000,60.00000000,-60.00000000,13.40000000,,,"Mass","Microlensing"
"TOI-4214 b",165.27077164,16.84490557,-17.16273398,10.68215861,0.35868738,-0.33626942,"Mass","Transit"
"Kepler-391 b",1100.00000000,,,2.50000000,0.29000000,-0.29000000,"Mass","Transit"
"TOI-3877 b",99.79811980,21.93016008,-21.29450327,11.67975789,0.49319515,-0.48198617,"Mass","Transit"
"Kepler-409 b",6.00000000,,,1.19900000,0.04300000,-0.04300000,"Mass","Transit"
"HIP 41378 b",6.90000000,0.50000000,-0.50000000,2.64000000,0.02200000,-0.02400000,"Mass","Transit"
"pi Men c",3.63000000,0.38000000,-0.38000000,2.01890000,0.04650000,-0.04480000,"Mass","Transit"
"HATS-43 b",82.95363000,17.16282000,-17.16282000,13.22662000,0.56045000,-0.56045000,"Mass","Transit"
"TOI-1437 b",9.60000000,3.90000000,-3.30000000,2.24000000,0.23000000,-0.22000000,"Mass","Transit"
"WASP-49 b",117.59710000,25.42640000,-25.42640000,12.44199000,1.23299000,-1.23299000,"Mass","Transit"
"HAT-P-13 b",270.46200000,12.07700000,-12.07700000,14.25800000,0.72900000,-0.72900000,"Mass","Transit"
"HD 155918 c",1878.04805696,207.54194977,-243.45655976,12.80000000,,,"Mass","Radial Velocity"
"TOI-2406 b",15.60000000,,,2.86000000,0.06300000,-0.06900000,"Mass","Transit"
"Kepler-25 c",15.20000000,1.30000000,-1.60000000,5.21700000,0.07000000,-0.06500000,"Mass","Transit"
"WASP-66 b",746.90050000,311.47340000,-311.47340000,15.69260000,3.13852000,-3.13852000,"Mass","Transit"
"HATS-64 b",305.11680000,63.56600000,-63.56600000,18.81991100,0.90792900,-0.90792900,"Mass","Transit"
"TOI-2876 b",54.03082919,16.52707716,-16.52707716,9.63972340,0.33626942,-0.31385146,"Mass","Transit"
"Kepler-80 f",4459.73000000,,,1.21000000,0.06000000,-0.05000000,"Mass","Transit"
"HIP 94235 b",379.00000000,,,3.00000000,0.32000000,-0.28000000,"Mass","Transit"
"HD 126614 b",107.74382997,64.83699503,-6.03873973,12.70000000,,,"Mass","Radial Velocity"
"Kepler-33 e",5.57000000,1.16000000,-1.07000000,4.02000000,0.38000000,-0.38000000,"Mass","Transit"
"Kepler-123 b",55.30000000,31.20000000,-27.80000000,2.94000000,0.57000000,-0.57000000,"Mass","Transit"
"KMT-2023-BLG-0416L b",13.03096469,6.35656814,-6.67439655,3.67000000,,,"Mass","Microlensing"
"HD 260655 b",2.14000000,0.34000000,-0.34000000,1.24000000,0.02300000,-0.02300000,"Mass","Transit"
"CoRoT-13 b",415.70400000,20.97600000,-20.97600000,9.92000000,0.15700000,-0.15700000,"Mass","Transit"
"Kepler-413 b",67.00000000,22.00000000,-21.00000000,4.34700000,0.09900000,-0.09900000,"Mass","Transit"
"HR 2562 b",6992.22495400,,,12.44199000,1.23299000,-1.23299000,"Mass","Imaging"
"HD 190360 d",11.90000000,6.20000000,-1.70000000,3.48000000,,,"Mass","Radial Velocity"
"Kepler-1704 b",1322.16617312,92.17023803,-88.99195396,11.94877343,0.49319515,-0.47077719,"Mass","Transit"
"TOI-4562 c",1833.86990839,117.59651059,-177.98390792,12.80000000,,,"Mass","Transit Timing Variations"
"TOI-201 c",4990.00000000,100.00000000,-100.00000000,10.40000000,0.30000000,-0.30000000,"Mass","Transit Timing Variations"
"XO-5 b",378.20000000,9.53000000,-9.53000000,12.78000000,0.34000000,-0.34000000,"Mass","Transit"
"GJ 9827 b",4.28000000,0.35000000,-0.33000000,1.44000000,0.09000000,-0.07000000,"Mass","Transit"
"GJ 367 b",0.50300000,0.07800000,-0.07800000,0.73600000,0.03500000,-0.03500000,"Mass","Transit"
"NGTS-4 b",20.60000000,3.00000000,-3.00000000,3.18000000,0.26000000,-0.26000000,"Mass","Transit"
"MOA-2022-BLG-249L b",4.83000000,1.44000000,-1.44000000,2.04000000,,,"Mass","Microlensing"
"TOI-6016 b",371.85923619,28.60455663,-28.60455663,13.67495645,0.33626942,-0.33626942,"Mass","Transit"
"HD 106270 b",3623.24383980,731.00533610,-381.39408840,12.40000000,,,"Mass","Radial Velocity"
"TOI-5720 b",4.30000000,,,1.09000000,0.07000000,-0.07000000,"Mass","Transit"
"HAT-P-39 b",190.37200000,31.46400000,-31.46400000,17.60900000,1.21100000,-0.90800000,"Mass","Transit"
"Kepler-203 d",33.90000000,183.40000000,-33.20000000,1.44000000,0.28000000,-0.28000000,"Mass","Transit"
"WASP-43 b",565.71400000,31.78200000,-31.78200000,10.42400000,0.78500000,-1.00900000,"Mass","Transit"
"TOI-181 b",46.16870000,2.71000000,-7.83000000,6.95590000,0.08700000,-0.10100000,"Mass","Transit"
"Kepler-1513 b",48.30991786,33.05415433,-19.38753283,8.59400000,0.03600000,-0.02200000,"Mass","Transit"
"HATS-16 b",1039.30410000,60.38770000,-60.38770000,14.57170000,1.68135000,-1.68135000,"Mass","Transit"
"TOI-251 b",317.83000000,,,2.74000000,0.18000000,-0.18000000,"Mass","Transit"
"K2-3 c",2.68000000,0.85000000,-0.85000000,1.58200000,0.05700000,-0.05100000,"Mass","Transit"
"HATS-3 b",340.38200000,43.22300000,-43.22300000,15.48000000,0.39200000,-0.39200000,"Mass","Transit"
"Kepler-197 c",5.30000000,3.30000000,-2.90000000,1.23000000,0.04000000,-0.04000000,"Mass","Transit"
"CoRoT-36 b",216.12331676,149.37935129,-136.66621501,15.80466279,1.56925730,-1.56925730,"Mass","Transit"
"TOI-1478 b",279.68899816,34.96112477,-38.13940884,11.99360935,1.79343691,-1.12089807,"Mass","Transit"
"GJ 832 b",314.65012293,28.60455663,-25.42627256,13.80000000,,,"Mass","Radial Velocity"
"TOI-1294 b",63.90000000,4.70000000,-4.50000000,10.12369881,0.23643767,-0.22090361,"Mass","Transit"
"HD 222155 b",581.62598481,111.23994245,-82.63538582,13.40000000,,,"Mass","Radial Velocity"
"WASP-151 b",100.43377661,9.85268062,-9.85268062,13.30506009,0.23538859,-0.23538859,"Mass","Transit"
"Kepler-414 b",3.50000000,3.40000000,-2.90000000,1.71000000,0.31000000,-0.14000000,"Mass","Transit Timing Variations"
"K2-38 b",7.30000000,1.10000000,-1.00000000,1.54000000,0.14000000,-0.14000000,"Mass","Transit"
"WASP-96 b",152.55000000,9.53000000,-9.53000000,13.45000000,0.67000000,-0.67000000,"Mass","Transit"
"Kepler-29 b",5.00000000,1.50000000,-1.30000000,2.55000000,0.12000000,-0.12000000,"Mass","Transit"
"TOI-178 e",3.48000000,0.29000000,-0.29000000,2.30100000,0.03800000,-0.03900000,"Mass","Transit"
"TOI-5108 b",32.00000000,5.00000000,-5.00000000,6.60000000,0.10000000,-0.10000000,"Mass","Transit"
"TOI-4914 b",227.00000000,13.00000000,-13.00000000,12.87000000,0.36000000,-0.36000000,"Mass","Transit"
"TOI-4495 b",7.70000000,1.40000000,-1.50000000,2.48300000,0.13800000,-0.09500000,"Mass","Transit"
"USco1556 b",4767.45000000,635.66000000,-635.66000000,12.30000000,,,"Mass","Imaging"
"Kepler-238 b",3305.02000000,,,1.73000000,0.40000000,-0.40000000,"Mass","Transit"
"Kepler-350 c",6.10000000,3.30000000,-3.20000000,3.10000000,1.42000000,-0.60000000,"Mass","Transit"
"HD 187123 c",912.16752809,127.13136280,-133.48793094,13.20000000,,,"Mass","Radial Velocity"
"HD 219134 c",4.36000000,0.22000000,-0.22000000,1.51100000,0.04700000,-0.04700000,"Mass","Radial Velocity"
"HD 142 b",2256.58168970,317.82840700,-317.82840700,12.70000000,,,"Mass","Radial Velocity"
"HD 125390 b",8646.20398403,1311.99566410,-99.48029139,11.90000000,,,"Mass","Radial Velocity"
"Kepler-34 b",69.92000000,3.49600000,-3.17800000,8.56400000,0.13500000,-0.15700000,"Mass","Transit"
"TOI-375 b",236.78216321,16.52707716,-16.84490557,10.77183045,0.49319515,-0.48198617,"Mass","Transit"
"WASP-64 b",403.94500000,21.61200000,-21.61200000,14.24700000,0.43700000,-0.43700000,"Mass","Transit"
"WASP-190 b",317.83000000,31.78300000,-31.78300000,12.89035000,1.00881000,-1.00881000,"Mass","Transit"
"HIP 55507 b",2585.53409095,792.02839024,-546.34703163,12.60000000,,,"Mass","Radial Velocity"
"MOA-2015-BLG-337L b",33.70000000,129.00000000,-23.20000000,6.42000000,,,"Mass","Microlensing"
"WASP-74 b",228.83760000,38.13960000,-38.13960000,15.24424000,1.12090000,-1.12090000,"Mass","Transit"
"TRAPPIST-1 d",0.38800000,0.01200000,-0.01200000,0.78800000,0.01100000,-0.01000000,"Mass","Transit"
"TOI-1648 b",7.40000000,1.10000000,-1.30000000,2.54000000,0.14000000,-0.12000000,"Mass","Transit"
"TOI-5817 b",10.30000000,1.40000000,-1.30000000,3.08000000,0.14000000,-0.14000000,"Mass","Transit"
"Kepler-391 c",450.00000000,,,2.88000000,0.33000000,-0.33000000,"Mass","Transit"
"EPIC 249893012 d",10.18000000,2.46000000,-2.42000000,3.94000000,0.13000000,-0.12000000,"Mass","Transit"
"Kepler-1705 b",4.47000000,0.48000000,-0.43000000,2.03000000,0.12000000,-0.14000000,"Mass","Transit"
"OGLE-2014-BLG-1722L c",83.70000000,86.40000000,-51.20000000,11.00000000,,,"Mass","Microlensing"
"HAT-P-52 b",259.98494000,9.21707000,-9.21707000,11.30988100,0.80704800,-0.80704800,"Mass","Transit"
"HD 154391 b",2892.23850370,889.91953960,-603.87397330,12.50000000,,,"Mass","Radial Velocity"
"TOI-4438 b",5.40000000,1.10000000,-1.10000000,2.52000000,0.13000000,-0.13000000,"Mass","Transit"
"K2-38 c",8.30000000,1.30000000,-1.30000000,2.29000000,0.26000000,-0.26000000,"Mass","Transit"
"KMT-2016-BLG-1337L b",88.99195396,47.67426105,-50.85254512,11.40000000,,,"Mass","Microlensing"
"Kepler-184 c",8.80000000,7.40000000,-5.70000000,1.97000000,1.11000000,-1.11000000,"Mass","Transit"
"XO-6 b",1398.45200000,,,23.20263000,2.46598000,-2.46598000,"Mass","Transit"
"TOI-3912 b",129.03833324,22.56581690,-21.61233168,14.28024141,0.45956821,-0.44835923,"Mass","Transit"
"K2-261 b",68.96876432,7.94571018,-9.21702380,9.26982704,0.36989636,-0.33626942,"Mass","Transit"
"Kepler-128 b",3.79000000,0.76000000,-0.66000000,1.42100000,0.04000000,-0.04000000,"Mass","Transit"
"Lupus-TR-3 b",257.43100000,57.20700000,-57.20700000,9.97600000,0.78500000,-0.78500000,"Mass","Transit"
"HATS-34 b",299.07803000,22.88376000,-22.88376000,16.02887000,2.12971000,-2.12971000,"Mass","Transit"
"TOI-771 b",2.47000000,0.32000000,-0.31000000,1.36000000,0.10000000,-0.10000000,"Mass","Transit"
"MOA-2016-BLG-319L b",200.00000000,369.00000000,-100.00000000,14.10000000,,,"Mass","Microlensing"
"Kepler-104 b",19.60000000,14.50000000,-12.40000000,3.10000000,0.53000000,-0.53000000,"Mass","Transit"
"HAT-P-51 b",97.57332095,6.67439655,-6.35656814,13.50682174,0.19055267,-0.17934369,"Mass","Transit"
"TOI-3894 b",260.61929374,44.49597698,-44.49597698,15.27784069,0.61649394,-0.57165802,"Mass","Transit"
"TIC 183374187 b",177.98390792,60.38739733,-60.38739733,14.03364384,0.78462865,-0.78462865,"Mass","Transit"
"CoRoT-10 b",874.00000000,50.85000000,-50.85000000,10.87000000,0.78000000,-0.78000000,"Mass","Transit"
"TOI-1136 c",6.32000000,1.10000000,-1.30000000,2.87900000,0.06000000,-0.06200000,"Mass","Transit"
"GJ 1061 d",1.67000000,0.17000000,-0.21000000,1.16000000,,,"Mass","Radial Velocity"
"TOI-1249 b",11.90000000,5.20000000,-5.10000000,3.27103010,0.30687428,-0.18737301,"Mass","Transit"
"HD 15337 b",6.51900000,0.40900000,-0.40000000,1.77000000,0.03200000,-0.03000000,"Mass","Transit"
"TOI-969 b",9.10000000,1.00000000,-1.00000000,2.76500000,0.08800000,-0.09700000,"Mass","Transit"
"KMT-2021-BLG-1077L b",69.92224954,98.52680617,-38.13940884,9.86000000,,,"Mass","Microlensing"
"HD 142 c",3464.64746471,406.18470415,-297.80521736,12.40000000,,,"Mass","Radial Velocity"
"HIP 99770 b",5403.08291900,1906.97044200,-1589.14203500,12.20000000,,,"Mass","Imaging"
"KMT-2021-BLG-0852L b",155.73591943,54.03082919,-54.03082919,14.20000000,,,"Mass","Microlensing"
"OGLE-2016-BLG-0613L AB b",1330.00000000,1010.00000000,-772.00000000,13.00000000,,,"Mass","Microlensing"
"Kepler-62 d",14.00000000,,,1.95000000,0.07000000,-0.07000000,"Mass","Transit"
"SR 12 AB c",4131.62000000,2224.72000000,-2224.72000000,12.30000000,,,"Mass","Imaging"
"HD 16175 b",1875.18760130,572.09113260,-317.82840700,12.80000000,,,"Mass","Radial Velocity"
"HR 5183 b",1052.01202717,50.85254512,-38.13940884,13.10000000,,,"Mass","Radial Velocity"
"WASP-36 b",750.39663000,22.24810000,-22.24810000,14.87434300,0.23538900,-0.23538900,"Mass","Transit"
"Kepler-106 d",8.10000000,,,0.95000000,0.13000000,-0.13000000,"Mass","Transit"
"KMT-2017-BLG-0165L b",34.00000000,15.00000000,-12.00000000,6.45000000,,,"Mass","Microlensing"
"HATS-30 b",224.38798000,12.39537000,-12.39537000,13.17057500,0.58286800,-0.58286800,"Mass","Transit"
"K2-136 d",3.00000000,,,1.56500000,0.07700000,-0.07600000,"Mass","Transit"
"TOI-2587 A b",69.28659273,17.16273398,-14.62010672,12.07207221,0.47077719,-0.44835923,"Mass","Transit"
"55 Cnc c",54.47380000,1.74800000,-1.74800000,8.51000000,,,"Mass","Radial Velocity"
"Kepler-60 b",4.19000000,0.56000000,-0.52000000,1.71000000,0.13000000,-0.13000000,"Mass","Transit"
"HD 115954 b",2685.65003915,193.87532827,-146.20106722,12.60000000,,,"Mass","Radial Velocity"
"OGLE-2018-BLG-1119L b",289.22385037,209.76674862,-165.27077164,13.90000000,,,"Mass","Microlensing"
"Kepler-109 c",8.20000000,,,2.65000000,0.12000000,-0.12000000,"Mass","Transit"
"Kepler-48 e",657.00000000,25.00000000,-25.00000000,13.40000000,,,"Mass","Radial Velocity"
"Kepler-101 c",3.78000000,,,1.25000000,0.19000000,-0.17000000,"Mass","Transit"
"TOI-3884 b",32.59000000,7.31000000,-7.38000000,6.43000000,0.20000000,-0.20000000,"Mass","Transit"
"KELT-24 b",1458.83238813,57.20911326,-57.20911326,12.71098411,0.30264248,-0.29143350,"Mass","Transit"
"2MASS J19383260+4603591 b",603.87700000,31.78300000,-31.78300000,13.40000000,,,"Mass","Eclipse Timing Variations"
"Kepler-363 c",66.40000000,71.90000000,-56.60000000,1.69000000,0.27000000,-0.27000000,"Mass","Transit"
"WASP-94 A b",158.91500000,41.31790000,-41.31790000,17.71022000,1.45717000,-1.45717000,"Mass","Transit"
"LHS 1678 c",1.40000000,,,0.94100000,0.05100000,-0.05000000,"Mass","Transit"
"HATS-12 b",759.61370000,27.65121000,-27.65121000,7.76000000,0.47000000,-0.47000000,"Mass","Transit"
"Kepler-450 d",17.60000000,9.50000000,-6.70000000,0.83700000,0.06800000,-0.06800000,"Mass","Transit"
"HD 80606 b",1323.46926959,1.49379351,-1.49379351,11.56766808,0.16813471,-0.16813471,"Mass","Radial Velocity"
"Kepler-432 b",1719.46030000,101.70560000,-57.20940000,12.83430500,0.40352400,-0.43715100,"Mass","Transit"
"Kepler-1656 c",126.40000000,28.90000000,-28.90000000,14.00000000,,,"Mass","Radial Velocity"
"2MASS J01033563-5515561 AB b",4131.79000000,317.83000000,-317.83000000,12.30000000,,,"Mass","Imaging"
"HATS-69 b",183.38791000,,,10.59250500,0.24659800,-0.24659800,"Mass","Transit"
"Kepler-139 b",7.00000000,3.00000000,-3.00000000,2.94000000,0.57000000,-0.57000000,"Mass","Transit"
"HD 73344 b",10.48000000,,,2.88400000,0.08200000,-0.07200000,"Mass","Transit"
"XO-1 b",263.79890000,41.31790000,-41.31790000,12.77826000,0.78463000,-0.78463000,"Mass","Transit"
"HD 206893 c",3527.89531770,127.13136280,-158.91420350,16.36511182,2.01761653,-0.67253884,"Mass","Imaging"
"TOI-2364 b",71.51139158,13.66662150,-15.57359194,8.60849718,0.25780656,-0.20176165,"Mass","Transit"
"Kepler-30 d",23.10000000,2.70000000,-2.70000000,8.80000000,0.50000000,-0.50000000,"Mass","Transit"
"HD 73344 d",810.46243785,177.98390792,-146.20106722,13.20000000,,,"Mass","Radial Velocity"
"TOI-6692 b",197.05361234,25.42627256,-20.65884645,11.67975789,0.56044903,-0.54924005,"Mass","Transit"
"HD 28109 b",6.20000000,1.60000000,-1.60000000,2.69000000,0.23000000,-0.23000000,"Mass","Transit"
"TOI-5624 d",4.90000000,2.20000000,-2.20000000,3.58400000,0.05100000,-0.05000000,"Mass","Transit"
"K2-18 b",8.92000000,1.70000000,-1.60000000,2.37000000,0.22000000,-0.22000000,"Mass","Transit"
"HATS-18 b",629.14448500,24.15508000,-24.15508000,14.89676100,0.84067500,-0.84067500,"Mass","Transit"
"Kepler-113 b",11.70000000,4.20000000,-4.20000000,1.82000000,0.05000000,-0.05000000,"Mass","Transit"
"CoRoT-25 b",85.81000000,12.71000000,-12.71000000,12.11000000,3.40000000,-1.12000000,"Mass","Transit"
"Kepler-37 b",0.79000000,,,0.30980000,0.00590000,-0.00760000,"Mass","Transit"
"TOI-2431 b",6.20000000,1.60000000,-1.60000000,1.53400000,0.03400000,-0.03300000,"Mass","Transit"
"VHS J125601.92-125723.9 b",5085.25451200,317.82840700,-317.82840700,13.67495645,,,"Mass","Imaging"
"WASP-147 b",87.40325000,8.89924000,-8.58141000,12.49803500,1.56926000,-1.04243700,"Mass","Transit"
"Qatar-4 b",1938.76300000,171.62820000,-171.62820000,12.72221500,1.23299000,-1.23299000,"Mass","Transit"
"HD 125612 d",2281.37230545,296.21607532,-141.43364112,12.70000000,,,"Mass","Radial Velocity"
"Kepler-245 b",146.78000000,,,2.57000000,0.18000000,-0.18000000,"Mass","Transit"
"WASP-4 b",381.39408840,10.17050902,-9.53485221,15.12091496,0.12329879,-0.13450777,"Mass","Transit"
"OGLE-2018-BLG-1269L b",210.00000000,130.00000000,-67.00000000,14.10000000,,,"Mass","Microlensing"
"Kepler-131 c",8.25000000,5.90000000,-5.90000000,0.84000000,0.07000000,-0.07000000,"Mass","Transit"
"Kepler-24 d",293.95900000,,,1.67000000,0.39000000,-0.39000000,"Mass","Transit"
"HD 28254 b",1207.74794660,953.48522100,-699.22249540,13.00000000,,,"Mass","Radial Velocity"
"HATS-40 b",505.34970000,76.27920000,-76.27920000,17.71022000,1.79344000,-1.34508000,"Mass","Transit"
"K2-266 e",14.30000000,6.40000000,-5.00000000,2.73000000,0.14000000,-0.11000000,"Mass","Transit"
"WASP-17 b",247.90740000,73.10090000,-73.10090000,20.96083000,2.69016000,-2.69016000,"Mass","Transit"
"HD 224018 d",4.20000000,1.80000000,-1.60000000,2.40000000,0.10000000,-0.10000000,"Mass","Transit"
"HD 109988 b",6935.33366915,719.88134185,-1320.57703109,12.10000000,,,"Mass","Radial Velocity"
"K2-141 c",8.00000000,,,7.00000000,4.60000000,-2.80000000,"Mass","Transit"
"HD 75898 c",2698.36317543,206.58846455,-200.23189641,12.60000000,,,"Mass","Radial Velocity"
"WASP-155 b",276.82854250,57.20911326,-57.20911326,13.45077684,0.67253884,-0.67253884,"Mass","Transit"
"HATS-35 b",388.38826000,24.79074000,-24.79074000,16.40997600,0.77342100,-0.49319600,"Mass","Transit"
"TOI-912 b",5.10000000,0.50000000,-0.50000000,1.93000000,0.13000000,-0.13000000,"Mass","Transit"
"Kepler-31 d",2161.24400000,,,3.90000000,0.80000000,-0.80000000,"Mass","Transit"
"TOI-4427 b",87.72064033,12.39530787,-13.03096469,13.09208946,0.31385146,-0.31385146,"Mass","Transit"
"TOI-2583 A b",79.45710175,18.43404761,-17.79839079,14.45958510,0.44835923,-0.36989636,"Mass","Transit"
"WASP-140 b",775.50520000,22.24810000,-22.24810000,14.23540549,0.67253884,-0.67253884,"Mass","Transit"
"HAT-P-26 b",22.24810000,6.35660000,-6.35660000,7.06167000,0.44836000,-0.44836000,"Mass","Transit"
"KMT-2021-BLG-0322L b",2034.10180480,839.06699448,-883.56297146,12.70000000,,,"Mass","Microlensing"
"L 98-59 b",0.46000000,0.11000000,-0.11000000,0.83700000,0.01900000,-0.01900000,"Mass","Transit"
"GJ 504 b",1271.30000000,1430.20000000,-317.80000000,12.10569916,0.44835923,-0.33626942,"Mass","Imaging"
"WASP-126 c",64.20000000,24.60000000,-24.60000000,9.38000000,,,"Mass","Transit Timing Variations"
"Kepler-85 c",2.15000000,0.73000000,-0.57000000,1.97800000,0.05600000,-0.05700000,"Mass","Transit"
"TOI-1130 c",336.00000000,2.00000000,-5.00000000,13.00000000,0.40000000,-0.40000000,"Mass","Transit"
"WASP-19 b",366.77398168,24.79061575,-25.42627256,15.86070769,0.49319515,-0.53803107,"Mass","Transit"
"Kepler-223 b",7.40000000,1.30000000,-1.10000000,2.99000000,0.18000000,-0.27000000,"Mass","Transit"
"Gaia-2 b",259.66580852,14.93793513,-14.93793513,14.81827249,0.14571675,-0.14571675,"Mass","Transit"
"HATS-67 b",460.85350000,38.13960000,-38.13960000,18.88716500,0.52682300,-0.52682300,"Mass","Transit"
"KMT-2020-BLG-0202L b",3902.93283796,2342.39535959,-1725.80825001,12.40000000,,,"Mass","Microlensing"
"Kepler-549 b",11.00000000,4.20000000,-3.20000000,2.57000000,0.23000000,-0.17000000,"Mass","Transit"
"55 Cnc b",263.97850000,1.04880000,-1.04880000,13.90000000,,,"Mass","Radial Velocity"
"NY Vir b",730.97800000,95.34500000,-95.34500000,13.30000000,,,"Mass","Eclipse Timing Variations"
"TOI-2447 b",124.90656395,9.85268062,-8.58136699,9.60609646,0.13450777,-0.12329879,"Mass","Transit"
"TOI-4137 b",457.67290608,54.03082919,-47.67426105,13.57407563,0.44835923,-0.43715025,"Mass","Transit"
"Kepler-267 b",37.90000000,21.30000000,-17.90000000,1.98000000,0.09000000,-0.09000000,"Mass","Transit"
"WASP-177 b",161.45764000,12.07754000,-12.07754000,17.71022000,7.39794000,-4.03524000,"Mass","Transit"
"TOI-6034 b",254.00000000,24.00000000,-24.00000000,11.92000000,0.48000000,-0.48000000,"Mass","Transit"
"TOI-1260 b",8.56000000,1.54000000,-1.54000000,2.41000000,0.05000000,-0.05000000,"Mass","Transit"
"TOI-1062 b",10.15000000,0.81000000,-0.84000000,2.26500000,0.09600000,-0.09100000,"Mass","Transit"
"WASP-79 b",270.15414595,25.42627256,-25.42627256,17.14974047,0.44835923,-0.44835923,"Mass","Transit"
"KELT-11 b",65.15482343,5.40308292,-5.40308292,15.13212395,1.12089807,-1.12089807,"Mass","Transit"
"TOI-4463 A b",252.35575516,12.39530787,-12.71313628,13.26022417,0.71737476,-0.50440413,"Mass","Transit"
"Kepler-287 b",83.00000000,50.00000000,-26.00000000,2.33000000,1.06000000,-1.06000000,"Mass","Transit"
"HAT-P-21 b",1547.83210000,498.99310000,-498.99310000,12.44199000,1.79344000,-1.79344000,"Mass","Transit"
"TOI-2145 b",1805.26535176,117.59651059,-108.06165838,12.24020692,0.33626942,-0.31385146,"Mass","Transit"
"Kepler-48 c",14.61000000,2.30000000,-2.30000000,2.71000000,0.14000000,-0.14000000,"Mass","Transit"
"HD 110067 g",8.40000000,,,2.60700000,0.05200000,-0.05200000,"Mass","Transit"
"HIP 35965 b",2589.98368864,1374.29003187,-970.96578339,12.60000000,,,"Mass","Radial Velocity"
"OGLE-2013-BLG-0102L b",4100.00000000,600.00000000,-600.00000000,12.30000000,,,"Mass","Microlensing"
"HD 80913 b",7505.20000290,1142.27529476,-1227.13547943,12.00000000,,,"Mass","Radial Velocity"
"TOI-7510 c",131.00000000,11.00000000,-11.00000000,10.81000000,0.32000000,-0.32000000,"Mass","Transit"
"K2-60 b",135.39558000,11.75971000,-11.75971000,7.65574700,0.41473300,-0.41473300,"Mass","Transit"
"TOI-3135 b",327.36325921,95.34852210,-85.81366989,13.65253849,0.33626942,-0.33626942,"Mass","Transit"
"WASP-174 b",104.88337431,28.92238504,-28.92238504,16.10730527,0.56044903,-0.56044903,"Mass","Transit"
"CD-35 2722 b",9375.93800650,1620.92487570,-1366.66215010,17.37392009,0.56044903,-0.67253884,"Mass","Imaging"
"AU Mic c",14.46000000,3.24000000,-3.42000000,2.79000000,0.18000000,-0.17000000,"Mass","Transit"
"HD 181433 d",858.13669890,540.30829190,-635.65681400,13.20000000,,,"Mass","Radial Velocity"
"HD 213885 b",8.83000000,0.66000000,-0.65000000,1.74500000,0.05100000,-0.05200000,"Mass","Transit"
"HIP 39330 b",530.77343969,60.38739733,-25.42627256,13.50000000,,,"Mass","Radial Velocity"
"OGLE-2016-BLG-1195L b",1.43000000,0.45000000,-0.32000000,1.11000000,,,"Mass","Microlensing"
"MOA-2009-BLG-266L b",10.40000000,1.70000000,-1.70000000,3.21000000,,,"Mass","Microlensing"
"Kepler-177 c",14.70000000,2.70000000,-2.50000000,8.73000000,0.36000000,-0.34000000,"Mass","Transit"
"Kepler-52 c",45.40000000,,,1.84000000,,,"Mass","Transit"
"TOI-1232 b",220.57291446,12.07747947,-12.71313628,10.92875618,0.59407598,-0.58286700,"Mass","Transit"
"TOI-4773 b",1687.66884117,111.23994245,-108.06165838,15.22179579,0.54924005,-0.53803107,"Mass","Transit"
"WASP-22 b",212.94610000,60.38770000,-60.38770000,13.78707000,1.56926000,-1.56926000,"Mass","Transit"
"Kepler-272 b",78.00000000,93.80000000,-66.90000000,1.43000000,0.77000000,-0.77000000,"Mass","Transit"
"Kepler-35 b",40.36300000,6.35600000,-6.35600000,8.16000000,0.15700000,-0.15700000,"Mass","Transit"
"WASP-34 b",177.98480000,54.03110000,-54.03110000,11.20900000,0.89672000,-0.89672000,"Mass","Transit"
"HD 260655 c",3.09000000,0.48000000,-0.48000000,1.53300000,0.05100000,-0.04600000,"Mass","Transit"
"TOI-1685 b",3.07000000,0.34000000,-0.33000000,1.42100000,0.06000000,-0.06000000,"Mass","Transit"
"Kepler-427 b",92.17000000,28.60000000,-28.60000000,13.79000000,2.35000000,-2.35000000,"Mass","Transit"
"TOI-1298 b",99.00000000,6.00000000,-6.00000000,9.65807033,0.19896656,-0.17319735,"Mass","Transit"
"OGLE-2016-BLG-1067L b",140.00000000,67.00000000,-54.00000000,14.30000000,,,"Mass","Microlensing"
"OGLE-2005-BLG-390L b",5.50000000,5.50000000,-2.70000000,2.21000000,,,"Mass","Microlensing"
"OGLE-2014-BLG-0319L b",181.16219199,114.41822652,-98.52680617,14.10000000,,,"Mass","Microlensing"
"TOI-5634 A b",588.00000000,,,10.42000000,0.62000000,-0.55000000,"Mass","Transit"
"Kepler-32 b",1303.00000000,,,2.20000000,0.20000000,-0.20000000,"Mass","Transit"
"TIC 279401253 b",1951.46641898,123.95307873,-133.48793094,11.20898070,0.44835923,-0.44835923,"Mass","Transit"
"HD 17156 b",1036.12060682,34.96112477,-34.96112477,12.26262489,0.34747840,-0.33626942,"Mass","Radial Velocity"
"WASP-124 b",190.69800000,22.24810000,-22.24810000,13.89916000,0.33627000,-0.33627000,"Mass","Transit"
"ITG 15 b",6674.39654700,635.65681400,-953.48522100,12.10000000,,,"Mass","Imaging"
"TOI-4311 b",4.50000000,1.50000000,-1.40000000,1.37600000,0.07700000,-0.08000000,"Mass","Transit"
"TOI-2986 b",96.61983573,21.29450327,-27.33324300,9.29224500,0.25780656,-0.23538859,"Mass","Transit"
"2MASS J22362452+4751425 b",3972.87500000,476.74500000,-476.74500000,12.30000000,,,"Mass","Imaging"
"HAT-P-63 b",195.14664190,7.62788177,-7.62788177,12.54284940,0.36989636,-0.36989636,"Mass","Transit"
"Kepler-328 b",28.50000000,12.90000000,-12.30000000,2.30000000,0.96000000,-0.23000000,"Mass","Transit"
"KMT-2019-BLG-0842L b",10.28000000,5.84000000,-5.28000000,3.19000000,,,"Mass","Microlensing"
"Gaia23braL b",518.06030341,133.48793094,-120.13913785,13.50000000,,,"Mass","Microlensing"
"WASP-107 b",30.51152707,1.58914204,-1.58914204,10.53646000,0.22418000,-0.22418000,"Mass","Transit"
"TOI-5678 b",20.00000000,4.00000000,-4.00000000,4.91000000,0.08000000,-0.08000000,"Mass","Transit"
"HD 217107 c",1388.91013859,41.31769291,-31.78284070,12.90000000,,,"Mass","Radial Velocity"
"KMT-2019-BLG-0371L b",2447.27873390,3604.17413538,-1239.53078730,12.60000000,,,"Mass","Microlensing"
"HD 224018 b",4.10000000,0.80000000,-0.80000000,0.91000000,0.64000000,-0.57000000,"Mass","Radial Velocity"
"tau Boo b",1891.00000000,89.00000000,-89.00000000,12.80000000,,,"Mass","Radial Velocity"
"TOI-2641 b",122.68176510,6.99222495,-11.44182265,18.10250383,5.17854908,-7.17374765,"Mass","Transit"
"HATS-65 b",260.93843000,26.37989000,-26.37989000,16.82470900,0.56045000,-0.56045000,"Mass","Transit"
"HD 190360 c",26.20000000,27.00000000,-4.00000000,5.53000000,,,"Mass","Radial Velocity"
"K2-121 b",51.00000000,11.00000000,-11.00000000,7.16000000,0.12000000,-0.06000000,"Mass","Transit"
"GJ 876 c",226.98460000,1.23950000,-1.23950000,14.00000000,,,"Mass","Radial Velocity"
"MASCARA-1 b",1175.97100000,286.04700000,-286.04700000,17.90074218,0.20176165,-0.21297063,"Mass","Transit"
"TOI-1266 d",3.68000000,1.05000000,-1.11000000,1.74000000,,,"Mass","Transit Timing Variations"
"HAT-P-2 b",2866.81223114,31.78284070,-31.78284070,10.65975900,0.43715100,-0.59407700,"Mass","Transit"
"TOI-4127 b",743.71847238,60.38739733,-54.03082919,12.07000000,0.50000000,-0.49000000,"Mass","Transit"
"HD 136352 c",11.24000000,0.65000000,-0.63000000,2.91600000,0.07500000,-0.07300000,"Mass","Radial Velocity"
"OGLE-2017-BLG-1237L b",1207.74794660,791.39273343,-632.47852993,13.00000000,,,"Mass","Microlensing"
"Kepler-79 d",5.30000000,0.90000000,-0.90000000,7.15000000,0.20000000,-0.20000000,"Mass","Transit"
"CHXR 73 b",3994.48600000,2662.99100000,-1664.36900000,12.30000000,,,"Mass","Imaging"
"WASP-10 b",1001.12000000,41.32000000,-34.96000000,12.10600000,0.22400000,-0.22400000,"Mass","Transit"
"Kepler-1661 b",17.00000000,12.00000000,-12.00000000,3.87000000,0.06000000,-0.06000000,"Mass","Transit"
"TOI-1438 b",9.40000000,1.80000000,-1.80000000,3.04000000,0.19000000,-0.19000000,"Mass","Transit"
"NGTS-17 b",242.82090295,61.97653937,-52.12385875,13.89913607,1.23298788,-1.23298788,"Mass","Transit"
"Kepler-54 d",12.09460000,,,1.53000000,0.08000000,-0.08000000,"Mass","Transit"
"HD 111998 b",1525.57635360,63.56568140,-63.56568140,12.90000000,,,"Mass","Radial Velocity"
"HD 103891 b",918.52409623,298.75870258,-266.97586188,13.20000000,,,"Mass","Radial Velocity"
"MOA-2016-BLG-526L b",14.93793513,6.67439655,-6.67439655,3.97000000,,,"Mass","Microlensing"
"NGTS-5 b",72.78307000,11.75971000,-11.75971000,12.73342400,0.25780700,-0.25780700,"Mass","Transit"
"HD 115404 A c",3279.67133183,468.16124351,-384.25454406,12.50000000,,,"Mass","Radial Velocity"
"Qatar-1 b",411.27202000,16.52716000,-15.57367000,12.81188700,0.29143400,-0.28022500,"Mass","Transit"
"OGLE-2013-BLG-1721L b",200.00000000,110.00000000,-99.00000000,14.10000000,,,"Mass","Microlensing"
"K2-136 c",18.10000000,1.90000000,-1.80000000,3.00000000,0.13000000,-0.13000000,"Mass","Transit"
"Kepler-39 b",6388.10000000,413.20000000,-381.40000000,13.90000000,1.01000000,-1.12000000,"Mass","Transit"
"Kepler-76 b",638.83830000,117.59710000,-111.24050000,15.24424000,1.34508000,-1.34508000,"Mass","Orbital Brightness Modulation"
"GJ 1214 b",8.41000000,0.36000000,-0.35000000,2.73300000,0.03300000,-0.03100000,"Mass","Transit"
"TOI-1468 b",3.04000000,0.46000000,-0.46000000,1.40100000,0.05900000,-0.06000000,"Mass","Transit"
"HD 105618 c",8419.59232984,1379.37528638,-898.50090659,11.90000000,,,"Mass","Radial Velocity"
"WD 1856+534 b",4386.05400000,,,10.40000000,1.00000000,-1.00000000,"Mass","Transit"
"Kepler-107 b",3.80000000,1.80000000,-1.70000000,1.53600000,0.02500000,-0.02500000,"Mass","Transit"
"OGLE-2018-BLG-0962L b",425.89006538,260.61929374,-222.47988490,13.60000000,,,"Mass","Microlensing"
"WISPIT 2 b",1541.46777395,298.75870258,-184.34047606,17.93436912,,,"Mass","Imaging"
"HD 88072 b",2511.79790052,485.32397749,-319.73537744,12.60000000,,,"Mass","Radial Velocity"
"KMT-2017-BLG-2197L b",2809.60311788,2634.79749403,-1560.53747837,12.50000000,,,"Mass","Microlensing"
"TOI-6303 b",2493.00000000,99.00000000,-99.00000000,11.59000000,0.61000000,-0.64000000,"Mass","Transit"
"WASP-167 b",2542.64000000,,,17.71022000,0.56045000,-0.56045000,"Mass","Transit"
"HIP 41378 f",25.00000000,5.00000000,-5.00000000,9.47000000,0.07000000,-0.07000000,"Mass","Transit"
"LTT 3780 b",2.46000000,0.19000000,-0.19000000,1.32500000,0.05700000,-0.05800000,"Mass","Transit"
"CoRoT-28 b",153.82972000,27.65121000,-27.65121000,10.70459500,0.73979400,-0.73979400,"Mass","Transit"
"OGLE-TR-211 b",327.35100000,63.56300000,-63.56300000,15.24400000,2.01800000,-1.00900000,"Mass","Transit"
"TOI-3919 b",1233.17421916,73.10053361,-73.10053361,12.31866979,0.58286700,-0.56044903,"Mass","Transit"
"HIP 67851 c",2204.77565936,649.95909232,-164.63511483,12.70000000,,,"Mass","Radial Velocity"
"CoRoT-22 b",12.20000000,14.00000000,-8.80000000,4.88000000,0.17000000,-0.39000000,"Mass","Transit"
"OGLE-2018-BLG-1011L b",570.00000000,1100.00000000,-350.00000000,13.50000000,,,"Mass","Microlensing"
"TOI-2537 b",415.40172795,28.92238504,-27.96889982,11.25381662,0.66132986,-0.68374782,"Mass","Transit"
"Kepler-23 b",2.56000000,0.43000000,-0.40000000,1.63800000,0.04700000,-0.04700000,"Mass","Transit"
"L 98-59 c",2.00000000,0.13000000,-0.13000000,1.32900000,0.02900000,-0.02900000,"Mass","Transit"
"LHS 1815 b",1.58000000,0.64000000,-0.60000000,1.08800000,0.06400000,-0.06400000,"Mass","Transit"
"HD 219077 b",3057.50927534,318.14623541,-232.96822233,12.50000000,,,"Mass","Radial Velocity"
"HIP 41378 e",7.62000000,3.20000000,-4.63000000,5.19000000,0.04000000,-0.04000000,"Mass","Transit"
"HD 96127 b",1207.74794660,413.17692910,-381.39408840,13.00000000,,,"Mass","Radial Velocity"
"WASP-63 b",117.59710000,28.60470000,-28.60470000,15.80469000,1.56926000,-1.56926000,"Mass","Transit"
"GJ 1132 b",1.83704819,0.19069704,-0.18751876,1.19151465,0.03811053,-0.04483592,"Mass","Transit"
"HD 88133 b",324.18660000,193.87630000,-88.99240000,13.80000000,,,"Mass","Radial Velocity"
"HD 80869 b",1609.80088146,809.82678104,-179.57304995,12.80000000,,,"Mass","Radial Velocity"
"TOI-1448 b",19.50000000,,,2.74900000,0.06700000,-0.06300000,"Mass","Transit"
"TOI-5350 b",2094.48920213,79.45710175,-82.63538582,12.41955062,0.42594127,-0.32506044,"Mass","Transit"
"Kepler-138 c",2.30000000,0.60000000,-0.50000000,1.51000000,0.04000000,-0.04000000,"Mass","Transit"
"Kepler-28 b",1.63000000,0.51000000,-0.40000000,1.95900000,0.04300000,-0.04200000,"Mass","Transit"
"HD 63433 c",15.53900000,3.86100000,-3.80200000,2.69200000,0.10800000,-0.08800000,"Mass","Transit"
"AB Aur b",2860.45566300,,,12.50000000,,,"Mass","Imaging"
"Kepler-49 d",235.98200000,,,1.60000000,0.07000000,-0.07000000,"Mass","Transit"
"Kepler-107 c",10.00000000,2.00000000,-2.00000000,1.59700000,0.02600000,-0.02600000,"Mass","Transit"
"TOI-2095 b",4.10000000,,,1.25000000,0.07000000,-0.07000000,"Mass","Transit"
"WASP-67 b",136.66690000,28.60470000,-28.60470000,12.89035000,1.23299000,-1.23299000,"Mass","Transit"
"TOI-2000 b",11.00000000,2.40000000,-2.40000000,2.70000000,0.15000000,-0.15000000,"Mass","Transit"
"WASP-131 b",86.76715511,6.03873973,-6.03873973,13.74221034,0.41473229,-0.41473229,"Mass","Transit"
"mu2 Sco b",4576.72906080,254.26272560,-254.26272560,12.30000000,,,"Mass","Imaging"
"Kepler-9 c",29.90000000,1.10000000,-1.30000000,8.08000000,0.54000000,-0.41000000,"Mass","Transit"
"OGLE-TR-113 b",400.44900000,50.85100000,-50.85100000,12.25100000,0.31400000,-0.21300000,"Mass","Transit"
"HD 156279 c",3098.82696825,419.21566883,-192.28618624,12.50000000,,,"Mass","Radial Velocity"
"HD 135694 b",6.10000000,1.80000000,-1.80000000,2.85700000,0.22700000,-0.20600000,"Mass","Transit"
"TIC 237913194 b",617.22586000,29.24036000,-28.92253000,12.52045300,0.60528600,-0.52682300,"Mass","Transit"
"WASP-84 c",15.20000000,4.50000000,-4.20000000,1.95000000,0.12000000,-0.12000000,"Mass","Transit"
"TOI-776 c",6.90000000,2.60000000,-2.50000000,2.04700000,0.08100000,-0.07800000,"Mass","Transit"
"WASP-61 b",851.78440000,266.97720000,-266.97720000,15.80469000,2.46598000,-2.46598000,"Mass","Transit"
"HATS-11 b",263.79890000,31.78300000,-31.78300000,18.03000000,0.72000000,-0.72000000,"Mass","Transit"
"TOI-1789 b",222.47988490,50.85254512,-50.85254512,16.14093221,2.69015537,-1.56925730,"Mass","Transit"
"V1298 Tau c",4.70000000,0.60000000,-0.60000000,5.08000000,0.37000000,-0.37000000,"Mass","Transit"
"HIP 8152 c",10.70000000,2.10000000,-2.20000000,2.52442508,0.14962921,-0.14078921,"Mass","Transit"
"HATS-29 b",207.54299000,20.02329000,-20.02329000,14.02245900,0.68374900,-0.68374900,"Mass","Transit"
"TOI-942 c",37.00000000,,,4.67000000,0.34000000,-0.30000000,"Mass","Transit"
"HD 110067 b",5.69000000,1.78000000,-1.82000000,2.20000000,0.03000000,-0.03000000,"Mass","Transit"
"TOI-3474 b",193.87532827,44.49597698,-47.67426105,14.67255574,0.36989636,-0.35868738,"Mass","Transit"
"WISPIT 2 c",3178.28407000,635.65681400,-635.65681400,17.93436912,6.72538842,-7.84628649,"Mass","Imaging"
"Kepler-281 c",161.12400000,,,5.31000000,2.06000000,-2.06000000,"Mass","Transit"
"TOI-4329 b",143.02278315,28.60455663,-28.60455663,16.81347105,2.12970633,-2.12970633,"Mass","Transit"
"WASP-129 b",317.83000000,31.78300000,-31.78300000,10.42437000,0.33627000,-0.33627000,"Mass","Transit"
"HD 86264 b",3117.26101586,3741.79383561,-608.95922781,12.50000000,,,"Mass","Radial Velocity"
"WASP-33 b",665.21819000,44.17837000,-44.17837000,17.85593700,0.82946600,-0.82946600,"Mass","Transit"
"eps Eri b",317.82840700,31.78284070,-31.78284070,13.80000000,,,"Mass","Radial Velocity"
"HAT-P-23 b",664.23700000,35.27800000,-35.27800000,15.33400000,1.00900000,-1.00900000,"Mass","Transit"
"Kepler-396 b",75.50000000,11.80000000,-5.80000000,3.50000000,1.28000000,-0.65000000,"Mass","Transit"
"gam Cep b",2097.66748620,731.00533610,-889.91953960,12.70000000,,,"Mass","Radial Velocity"
"Kepler-136 b",19.80000000,11.70000000,-10.40000000,2.05000000,0.38000000,-0.38000000,"Mass","Transit"
"WASP-120 b",1541.47550000,66.74430000,-66.74430000,15.58048317,0.89671846,-0.89671846,"Mass","Transit"
"WASP-72 b",731.00900000,222.48100000,-222.48100000,14.45961000,2.01762000,-2.01762000,"Mass","Transit"
"Kepler-244 d",15.20000000,20.00000000,-13.00000000,2.31000000,0.97000000,-0.97000000,"Mass","Transit"
"HD 118203 b",680.15279098,38.13940884,-38.13940884,12.77823800,0.32506044,-0.32506044,"Mass","Radial Velocity"
"KOI-4777.01",99.20000000,,,0.51000000,0.03000000,-0.03000000,"Mass","Transit"
"HATS-4 b",420.47100000,8.89900000,-8.89900000,11.43300000,0.41500000,-0.41500000,"Mass","Transit"
"TOI-2076 e",4.70000000,1.50000000,-1.50000000,1.30100000,0.05900000,-0.05900000,"Mass","Transit"
"TOI-238 c",6.70000000,1.10000000,-1.10000000,2.18000000,0.18000000,-0.18000000,"Mass","Radial Velocity"
"HD 166724 b",1207.74794660,206.58846455,-92.17023803,13.00000000,,,"Mass","Radial Velocity"
"KOI-13 b",2949.46240000,50.85280000,-50.85280000,16.94800800,0.39231500,-0.39231500,"Mass","Transit"
"AU Mic d",1.05300000,0.51100000,-0.51100000,1.02000000,,,"Mass","Transit Timing Variations"
"Kepler-221 d",3.61000000,0.91000000,-0.81000000,2.73000000,0.25000000,-0.25000000,"Mass","Transit"
"Kepler-595 b",17.40000000,7.10000000,-3.80000000,3.70800000,0.01000000,-0.01000000,"Mass","Transit"
"TOI-1736 c",2800.00000000,500.00000000,-200.00000000,12.50000000,,,"Mass","Radial Velocity"
"USco CTIO 108 b",4449.62000000,635.66000000,-2542.64000000,12.30000000,,,"Mass","Imaging"
"TOI-512 b",3.57000000,0.53000000,-0.55000000,1.54000000,0.10000000,-0.10000000,"Mass","Transit"
"Kepler-419 c",2320.10000000,127.10000000,-127.10000000,12.60000000,,,"Mass","Transit Timing Variations"
"K2-266 d",8.90000000,5.70000000,-3.80000000,2.93000000,0.14000000,-0.12000000,"Mass","Transit"
"KMT-2021-BLG-0119L b",1754.41280664,991.62462984,-762.78817680,12.80000000,,,"Mass","Microlensing"
"Kepler-433 b",896.24000000,165.26000000,-165.26000000,16.25000000,1.79000000,-1.79000000,"Mass","Transit"
"TOI-1338 c",75.40000000,4.00000000,-3.60000000,10.30000000,,,"Mass","Radial Velocity"
"HD 95544 b",1913.64483855,513.61070571,-81.99972901,12.80000000,,,"Mass","Radial Velocity"
"HD 132406 b",1887.90073758,206.58846455,-187.51876013,12.80000000,,,"Mass","Radial Velocity"
"TOI-5688 A b",124.00000000,23.40000000,-24.40000000,10.30000000,0.60000000,-0.70000000,"Mass","Transit"
"Kepler-33 d",3.91000000,1.87000000,-1.80000000,5.35000000,0.49000000,-0.49000000,"Mass","Transit"
"HD 80883 b",1748.05623850,390.92894061,-335.62679779,12.80000000,,,"Mass","Radial Velocity"
"KMT-2021-BLG-0912L b",2.81000000,1.08000000,-0.99000000,1.49000000,,,"Mass","Microlensing"
"WASP-92 b",255.85315000,21.61244000,-21.61244000,16.37634900,0.86309300,-0.86309300,"Mass","Transit"
"TOI-201 b",164.00000000,5.00000000,-5.00000000,11.40000000,0.10000000,-0.10000000,"Mass","Transit"
"WASP-16 b",394.10920000,79.45750000,-79.45750000,13.67498000,1.12090000,-1.12090000,"Mass","Transit"
"Kepler-1654 b",158.91500000,,,9.18017100,0.21297100,-0.19055300,"Mass","Transit"
"Kepler-68 d",267.00000000,16.00000000,-16.00000000,13.90000000,,,"Mass","Radial Velocity"
"Kepler-359 c",2.90000000,2.40000000,-1.90000000,4.30000000,2.00000000,-2.00000000,"Mass","Transit"
"TOI-1181 b",374.71969185,7.31005336,-7.31005336,17.02644168,0.66132986,-0.66132986,"Mass","Transit"
"Kepler-324 e",235.01400000,,,2.03862444,,,"Mass","Transit"
"Kepler-279 b",4180.93000000,,,3.62000000,0.71000000,-0.71000000,"Mass","Transit"
"WASP-108 b",283.50293904,,,15.13212395,0.44835923,-0.44835923,"Mass","Transit"
"TOI-1853 b",73.20000000,2.70000000,-2.70000000,3.46000000,0.08000000,-0.08000000,"Mass","Transit"
"HD 209458 b",232.01590000,12.71320000,-12.71320000,15.58051000,0.22418000,-0.22418000,"Mass","Radial Velocity"
"Kepler-238 c",152.52200000,,,2.39000000,0.45000000,-0.45000000,"Mass","Transit"
"HD 135344 A b",3178.28407000,444.95976980,-603.87397330,16.25302201,0.67253884,-0.33626942,"Mass","Imaging"
"Kepler-55 c",69.80000000,32.60000000,-18.30000000,2.21000000,,,"Mass","Transit"
"WASP-78 b",352.79130000,171.62820000,-171.62820000,21.63337000,5.04405000,-5.04405000,"Mass","Transit"
"TOI-2989 b",953.48522100,63.56568140,-63.56568140,12.55405838,0.56044903,-0.56044903,"Mass","Transit"
"Kepler-424 b",327.35000000,41.32000000,-41.32000000,9.98000000,0.90000000,-0.67000000,"Mass","Transit"
"KMT-2018-BLG-1988L b",5.56000000,3.84000000,-2.84000000,2.22000000,,,"Mass","Microlensing"
"TOI-163 b",387.75260000,38.13960000,-38.13960000,16.69020100,0.38110600,-0.38110600,"Mass","Transit"
"TOI-431 b",3.07000000,0.35000000,-0.35000000,1.28000000,0.04000000,-0.04000000,"Mass","Transit"
"WASP-102 b",197.68926915,42.27117813,-42.27117813,14.90794433,0.56044903,-0.56044903,"Mass","Transit"
"Kepler-65 b",2.40000000,2.40000000,-1.60000000,1.42000000,0.03000000,-0.03000000,"Mass","Transit"
"TOI-1467 b",9.00000000,,,1.92000000,0.17100000,-0.11300000,"Mass","Transit"
"WASP-186 b",1341.24260000,57.20940000,-57.20940000,12.44199000,0.33627000,-0.33627000,"Mass","Transit"
"Kepler-281 d",654.00000000,100.00000000,-104.00000000,5.93747806,,,"Mass","Transit"
"TOI-5340 b",270.15414595,79.45710175,-79.45710175,15.07607904,0.57165802,-0.54924005,"Mass","Transit"
"KMT-2023-BLG-0735L b",38.77506565,21.61233168,-21.61233168,6.97000000,,,"Mass","Microlensing"
"KMT-2022-BLG-1818L b",1271.31362800,394.10722468,-635.65681400,13.00000000,,,"Mass","Microlensing"
"WASP-118 b",163.36462000,6.35660000,-6.35660000,16.14096000,0.40352400,-0.40352400,"Mass","Transit"
"TOI-1278 b",5879.82552950,158.91420350,-158.91420350,12.21778896,2.69015537,-2.24179614,"Mass","Transit"
"KMT-2022-BLG-0303L b",163.04597279,130.30964687,-87.40281192,14.20000000,,,"Mass","Microlensing"
"HD 220689 b",381.39408840,69.92224954,-34.96112477,13.70000000,,,"Mass","Radial Velocity"
"K2-107 b",266.97720000,25.42640000,-25.42640000,15.98000000,0.55000000,-0.55000000,"Mass","Transit"
"TOI-1450 A b",1.25800000,0.12800000,-0.12800000,1.13000000,0.04300000,-0.04300000,"Mass","Transit"
"WASP-132 c",6.26000000,1.84000000,-1.83000000,1.84100000,0.09400000,-0.09300000,"Mass","Transit"
"OGLE-2011-BLG-0173L b",60.00000000,57.00000000,-35.00000000,9.01000000,,,"Mass","Microlensing"
"V1298 Tau d",6.00000000,0.70000000,-0.70000000,6.53000000,0.42000000,-0.42000000,"Mass","Transit"
"LHS 1140 b",5.60000000,0.19000000,-0.19000000,1.73000000,0.02500000,-0.02500000,"Mass","Transit"
"HD 106906 b",3496.00000000,636.00000000,-636.00000000,12.40000000,,,"Mass","Imaging"
"Kepler-177 b",5.84000000,0.86000000,-0.82000000,3.50000000,0.19000000,-0.15000000,"Mass","Transit"
"HAT-P-36 b",587.41340600,27.65121000,-27.65121000,14.31389300,0.22418000,-0.22418000,"Mass","Transit"
"HAT-P-12 b",67.05900000,3.81400000,-3.81400000,10.74900000,0.32500000,-0.23500000,"Mass","Transit"
"GJ 3473 b",1.86000000,0.30000000,-0.30000000,1.26400000,0.05000000,-0.04900000,"Mass","Transit"
"TOI-216.01",177.98390792,6.35656814,-6.35656814,10.10000000,0.20000000,-0.20000000,"Mass","Transit"
"KMT-2021-BLG-0320L b",31.78284070,41.31769291,-22.24798849,6.20000000,,,"Mass","Microlensing"
"TOI-4311 c",13.58000000,,,2.47000000,0.12000000,-0.11000000,"Mass","Transit"
"EPIC 220674823 c",7.90000000,2.10000000,-2.10000000,2.71200000,0.07100000,-0.07100000,"Mass","Transit"
"TOI-1823 b",67.40000000,8.10000000,-8.30000000,7.54062410,0.33185186,-0.25202617,"Mass","Transit"
"MOA-2012-BLG-006L b",2700.00000000,1500.00000000,-1200.00000000,12.60000000,,,"Mass","Microlensing"
"WASP-81 b",231.69807000,11.44188000,-11.12405000,16.01766100,0.57165900,-0.51561400,"Mass","Transit"
"OGLE-2019-BLG-0954L b",4513.16337940,3146.50122930,-2383.71305250,12.30000000,,,"Mass","Microlensing"
"TOI-2134 b",9.37000000,0.54000000,-0.54000000,2.73500000,0.06800000,-0.06800000,"Mass","Transit"
"TOI-2076 c",7.20000000,1.40000000,-1.40000000,3.54000000,0.14000000,-0.14000000,"Mass","Transit"
"HIP 97166 b",19.10000000,1.60000000,-1.50000000,2.48013380,0.07271432,-0.05203142,"Mass","Transit"
"HD 5388 b",1017.05090240,95.34852210,-63.56568140,13.10000000,,,"Mass","Radial Velocity"
"ROXs 12 b",5085.00000000,1271.00000000,-1271.00000000,12.20000000,,,"Mass","Imaging"
"TOI-558 b",1147.36054927,47.67426105,-47.67426105,12.17295304,0.45956821,-0.42594127,"Mass","Transit"
"Kepler-176 c",1.33000000,0.40000000,-0.27000000,2.60000000,1.33000000,-1.33000000,"Mass","Transit"
"KOI-94 d",106.00000000,11.00000000,-11.00000000,11.27000000,1.06000000,-1.06000000,"Mass","Transit"
"HD 23472 b",8.32000000,0.78000000,-0.79000000,2.00000000,0.11000000,-0.10000000,"Mass","Transit"
"K2-108 b",59.40000000,4.40000000,-4.40000000,5.33000000,0.21000000,-0.21000000,"Mass","Transit"
"2MASS J01225093-2439505 b",7786.50000000,794.50000000,-794.50000000,11.20900000,,,"Mass","Imaging"
"CoRoT-27 b",3302.11000000,174.80000000,-174.80000000,11.28700000,0.49300000,-0.49300000,"Mass","Transit"
"Kepler-51 c",4.00000000,0.40000000,-0.40000000,9.00000000,2.80000000,-1.70000000,"Mass","Transit"
"HIP 54515 b",5625.56280390,2415.49589320,-1557.35919430,12.20000000,,,"Mass","Imaging"
"WASP-164 b",676.97790000,38.13960000,-41.31790000,12.64375200,0.45956900,-0.48198700,"Mass","Transit"
"HD 5278 b",7.80000000,1.50000000,-1.40000000,2.45000000,0.05000000,-0.05000000,"Mass","Transit"
"K2-237 b",434.15360396,34.96112477,-29.24021344,16.06246934,0.62770292,-0.54924005,"Mass","Transit"
"WASP-156 b",42.00000000,2.00000000,-2.00000000,6.15000000,0.12000000,-0.12000000,"Mass","Transit"
"TOI-5322 b",184.02264765,25.74410097,-25.74410097,16.61170940,0.34747840,-0.30264248,"Mass","Transit"
"PDS 70 c",2383.71305250,1493.79351290,-1334.87930940,22.19378179,4.37150247,-3.47478402,"Mass","Imaging"
"KMT-2023-BLG-0830L b",17.79839079,20.34101805,-10.48833743,4.41000000,,,"Mass","Microlensing"
"TOI-216.02",18.75187601,0.63565681,-0.63565681,8.00000000,3.00000000,-2.00000000,"Mass","Transit"
"HD 89307 b",642.01338214,85.81366989,-47.67426105,13.40000000,,,"Mass","Radial Velocity"
"OGLE-2011-BLG-0265L b",280.00000000,86.00000000,-57.00000000,13.90000000,,,"Mass","Microlensing"
"TOI-2328 b",50.85254512,6.35656814,-6.35656814,9.97599282,0.33626942,-0.44835923,"Mass","Transit"
"Kepler-453 b",16.00000000,,,6.20400000,0.03900000,-0.03900000,"Mass","Transit"
"TOI-2152 A b",899.45439181,120.77479466,-117.59651059,14.35870428,0.56044903,-0.51561311,"Mass","Transit"
"MOA-2020-BLG-208L b",46.00000000,42.00000000,-24.00000000,7.71000000,,,"Mass","Microlensing"
"HD 196067 b",3623.24383980,508.52545120,-508.52545120,12.40000000,,,"Mass","Radial Velocity"
"HD 114386 b",464.02947422,117.59651059,-69.92224954,13.60000000,,,"Mass","Radial Velocity"
"TOI-2524 b",203.41018048,12.71313628,-12.71313628,11.20898070,0.22417961,-0.33626942,"Mass","Transit"
"HATS-2 b",435.42491759,50.85254512,-50.85254512,12.57647635,0.26901554,-0.26901554,"Mass","Transit"
"HIP 67537 b",4309.11754211,1608.84739623,-757.70292229,12.30000000,,,"Mass","Radial Velocity"
"TOI-1451 b",15.20000000,2.80000000,-2.80000000,2.61143902,0.13407193,-0.10283772,"Mass","Transit"
"WASP-106 b",613.40882551,47.67426105,-47.67426105,12.10569916,0.17934369,-0.19055267,"Mass","Transit"
"TOI-1259 A b",141.00000000,13.00000000,-13.00000000,11.60000000,0.20000000,-0.20000000,"Mass","Transit"
"KOINTREAU-4 b",4862.77462710,222.47988490,-254.26272560,12.20000000,,,"Mass","Imaging"
"HD 214823 b",5914.78665427,1316.76309020,-339.75856708,12.10000000,,,"Mass","Radial Velocity"
"HAT-P-60 b",182.43350562,12.07747947,-12.07747947,18.28184752,0.26901554,-0.26901554,"Mass","Transit"
"HD 88986 b",17.20000000,4.00000000,-3.80000000,2.49000000,0.18000000,-0.18000000,"Mass","Radial Velocity"
"HD 18143 c",3177.64841319,623.26150613,-594.65694950,12.50000000,,,"Mass","Radial Velocity"
"HD 219134 d",16.17000000,0.64000000,-0.64000000,1.61000000,0.02000000,-0.02000000,"Mass","Radial Velocity"
"WASP-123 b",285.72917000,11.44188000,-11.44188000,15.13212395,0.56044903,-0.56044903,"Mass","Transit"
"TOI-824 b",18.46700000,1.84300000,-1.87500000,2.92600000,0.20200000,-0.19100000,"Mass","Transit"
"Kepler-221 e",7.86706000,,,2.63000000,0.25000000,-0.25000000,"Mass","Transit"
"TOI-2202 c",117.27868218,32.73632592,-26.57045483,13.40000000,,,"Mass","Transit Timing Variations"
"Kepler-411 b",25.60000000,2.60000000,-2.60000000,2.40100000,0.05300000,-0.05300000,"Mass","Transit"
"TOI-791 b",9.50000000,1.64000000,-1.81000000,11.13051784,0.36989636,-0.36989636,"Mass","Transit"
"HAT-P-41 b",378.21770000,190.69800000,-190.69800000,22.97845000,5.60450000,-5.60450000,"Mass","Transit"
"HD 185283 b",413.17692910,95.34852210,-31.78284070,13.60000000,,,"Mass","Radial Velocity"
"MOA-2010-BLG-477L b",480.00000000,300.00000000,-100.00000000,13.60000000,,,"Mass","Microlensing"
"CoRoT-14 b",2415.40000000,190.70000000,-190.70000000,12.22000000,0.78000000,-0.78000000,"Mass","Transit"
"HD 175167 b",4703.86042360,572.09113260,-508.52545120,12.30000000,,,"Mass","Radial Velocity"
"HAT-P-31 b",721.47410000,266.97720000,-266.97720000,12.21781000,1.68135000,-1.68135000,"Mass","Transit"
"TOI-238 b",3.37000000,0.49000000,-0.49000000,1.55900000,0.04700000,-0.04700000,"Mass","Transit"
"HD 154345 b",376.94449070,30.19369866,-18.75187601,13.70000000,,,"Mass","Radial Velocity"
"K2-19 b",30.80000000,2.50000000,-0.90000000,7.00000000,0.20000000,-0.20000000,"Mass","Transit"
"TCP J05074264+2447555 b",20.00000000,2.00000000,-2.00000000,4.72000000,,,"Mass","Microlensing"
"HD 30177 b",2622.08435775,333.71982735,-270.15414595,12.60000000,,,"Mass","Radial Velocity"
"HAT-P-67 b",143.02278315,47.67426105,-47.67426105,23.98721870,0.28022452,-0.28022452,"Mass","Transit"
"TOI-2373 b",2955.80418510,63.56568140,-63.56568140,10.42435205,0.22417961,-0.22417961,"Mass","Transit"
"TOI-1288 b",44.10000000,2.70000000,-2.60000000,4.96846551,0.10805813,-0.10007430,"Mass","Transit"
"TRAPPIST-1 c",1.30800000,0.05600000,-0.05600000,1.09700000,0.01400000,-0.01200000,"Mass","Transit"
"TOI-1246 e",14.50000000,2.30000000,-2.30000000,3.51418750,0.26911442,-0.18217943,"Mass","Transit"
"K2-157 b",1.14000000,0.41000000,-0.42000000,0.93500000,0.09000000,-0.09000000,"Mass","Transit"
"KMT-2023-BLG-1642L b",343.25467956,486.27746271,-184.34047606,13.80000000,,,"Mass","Microlensing"
"Kepler-20 f",1.40000000,,,0.95200000,0.04700000,-0.08700000,"Mass","Transit"
"CoRoT-32 b",47.67450000,31.78300000,-31.78300000,6.38913000,0.67254000,-0.56045000,"Mass","Transit"
"Kepler-289 d",5.33000000,0.43000000,-0.42000000,3.03000000,0.08000000,-0.08000000,"Mass","Transit"
"K2-32 b",15.00000000,1.80000000,-1.70000000,5.29900000,0.19100000,-0.19100000,"Mass","Transit"
"GJ 2030 c",4069.15709482,742.12933034,-678.88147735,12.30000000,,,"Mass","Radial Velocity"
"K2-25 b",24.50000000,5.70000000,-5.20000000,3.44000000,0.12000000,-0.12000000,"Mass","Transit"
"Kepler-450 b",19.40000000,11.10000000,-6.80000000,6.14000000,0.33000000,-0.33000000,"Mass","Transit"
"TOI-5386 A b",155.10026262,15.25576354,-14.62010672,14.70618268,0.32506044,-0.31385146,"Mass","Transit"
"OGLE-2012-BLG-0838L b",53.10000000,38.50000000,-260.00000000,8.39000000,,,"Mass","Microlensing"
"TOI-2449 b",222.00000000,13.00000000,-13.00000000,11.24000000,0.10000000,-0.10000000,"Mass","Transit"
"Kepler-338 e",8.50000000,7.20000000,-6.30000000,1.56000000,0.07000000,-0.07000000,"Mass","Transit Timing Variations"
"K2-229 c",7.00000000,4.00000000,-4.00000000,2.03000000,0.12000000,-0.06000000,"Mass","Transit"
"HD 3167 d",7.30000000,9.90000000,-2.50000000,2.61000000,,,"Mass","Radial Velocity"
"TOI-1203 b",3.51000000,0.33000000,-0.32000000,1.52000000,0.04500000,-0.04600000,"Mass","Radial Velocity"
"OGLE-2017-BLG-0173L b",3.26900000,3.84900000,-2.01500000,1.62000000,,,"Mass","Microlensing"
"HD 457 b",8445.33643080,5952.29040630,-3798.68512046,11.90000000,,,"Mass","Radial Velocity"
"Kepler-80 g",0.06500000,0.04400000,-0.03800000,1.13000000,0.14000000,-0.14000000,"Mass","Transit"
"Kepler-1647 b",483.00000000,206.00000000,-206.00000000,11.87390000,0.13770000,-0.13770000,"Mass","Transit"
"HD 181234 b",2980.91262925,321.00669107,-315.60360815,12.50000000,,,"Mass","Radial Velocity"
"Kepler-349 b",94.50000000,70.80000000,-60.30000000,1.90000000,0.72000000,-0.72000000,"Mass","Transit"
"OGLE-2013-BLG-1761L b",860.00000000,790.00000000,-480.00000000,13.20000000,,,"Mass","Microlensing"
"MOA-2010-BLG-117L b",170.00000000,32.00000000,-32.00000000,14.20000000,,,"Mass","Microlensing"
"Kepler-56 b",22.10000000,3.90000000,-3.60000000,6.51000000,0.29000000,-0.28000000,"Mass","Transit"
"Kepler-91 b",257.44230000,57.20940000,-54.03110000,15.32270300,0.77342100,-0.67254000,"Mass","Transit"
"K2-290 b",10.90000000,,,3.06000000,0.16000000,-0.16000000,"Mass","Transit"
"UCAC3 113-933 b",6674.39654700,,,12.10000000,,,"Mass","Imaging"
"Kepler-1972 c",2.11000000,0.59000000,-0.65000000,0.86800000,0.05100000,-0.05000000,"Mass","Transit"
"TRAPPIST-1 f",1.03900000,0.03100000,-0.03100000,1.04500000,0.01300000,-0.01200000,"Mass","Transit"
"TOI-4458 b",552.06794296,30.19369866,-30.19369866,12.40834163,0.25780656,-0.25780656,"Mass","Transit"
"OGLE-2017-BLG-1099L b",959.84178914,772.32302901,-575.26941667,13.10000000,,,"Mass","Microlensing"
"HD 206893 b",6197.65393650,444.95976980,-413.17692910,14.01122587,0.22417961,-0.22417961,"Mass","Imaging"
"OGLE-2006-BLG-109L b",231.00000000,19.00000000,-19.00000000,14.00000000,,,"Mass","Microlensing"
"TOI-1420 b",25.10000000,3.80000000,-3.80000000,11.89000000,0.33000000,-0.33000000,"Mass","Transit"
"Kepler-37 c",1.30000000,,,0.75500000,0.03300000,-0.05500000,"Mass","Transit"
"TOI-4791 b",734.18362017,101.70509024,-104.88337431,12.44196858,0.56044903,-0.56044903,"Mass","Transit"
"kap And b",5498.43144110,572.09113260,-572.09113260,15.91675259,0.67253884,-0.67253884,"Mass","Imaging"
"TIC 147027702 b",346.43296363,22.24798849,-41.31769291,10.92875618,0.72858375,-0.71737476,"Mass","Transit"
"HATS-56 b",191.33366000,11.12405000,-11.12405000,18.92079200,0.43715100,-0.61649500,"Mass","Transit"
"WASP-154 b",198.96058278,40.99986450,-40.99986450,10.76062147,0.67253884,-0.67253884,"Mass","Transit"
"HAT-P-43 b",210.39500000,19.06900000,-19.06900000,13.63000000,0.64000000,-0.63000000,"Mass","Transit"
"Kepler-279 d",37.50000000,5.50000000,-4.50000000,3.10000000,1.24000000,-0.30000000,"Mass","Transit"
"NGTS-38 b",1516.04150139,123.95307873,-117.59651059,12.11690814,0.52682209,-0.52682209,"Mass","Transit"
"Kepler-49 e",1.03815000,,,1.56000000,0.08000000,-0.08000000,"Mass","Transit"
"HAT-P-42 b",331.80100000,26.37900000,-26.37900000,14.34800000,1.71500000,-1.71500000,"Mass","Transit"
"TOI-6324 b",1.17000000,0.22000000,-0.22000000,1.05900000,0.04100000,-0.04100000,"Mass","Transit"
"Kepler-326 c",17.40000000,15.40000000,-10.70000000,1.40000000,0.10000000,-0.10000000,"Mass","Transit"
"TOI-172 b",1722.63860000,69.92260000,-63.56600000,10.81668500,0.35868800,-0.32506100,"Mass","Transit"
"PZ Tel b",8581.36698900,7945.71017500,-2860.45566300,11.90000000,,,"Mass","Imaging"
"HD 164604 c",3019.36986650,381.39408840,-381.39408840,12.50000000,,,"Mass","Radial Velocity"
"HD 82943 c",622.60300000,14.93700000,-14.93700000,13.40000000,,,"Mass","Radial Velocity"
"TOI-1749 d",15.00000000,,,2.52000000,0.15000000,-0.15000000,"Mass","Transit"
"HATS-38 b",23.51942000,3.49613000,-3.49613000,6.88232600,0.19055300,-0.19055300,"Mass","Transit"
"K2-36 c",7.90000000,2.80000000,-2.80000000,3.20000000,0.30000000,-0.30000000,"Mass","Transit"
"Kepler-416 b",58.20000000,53.40000000,-39.50000000,2.48000000,0.99000000,-0.33000000,"Mass","Transit Timing Variations"
"OGLE-2012-BLG-0406L b",868.00000000,140.00000000,-140.00000000,13.20000000,,,"Mass","Microlensing"
"TOI-1836 c",8.00000000,,,2.59987579,0.22132646,-0.14409651,"Mass","Transit"
"Kepler-1656 b",47.80000000,6.20000000,-3.30000000,4.57400000,0.10600000,-0.10600000,"Mass","Transit"
"POTS-1 b",734.16000000,244.72000000,-244.72000000,10.54800000,0.40400000,-0.52700000,"Mass","Transit"
"Kepler-77 b",136.66100000,10.17000000,-10.17000000,10.76100000,0.17900000,-0.17900000,"Mass","Transit"
"K2-265 b",7.34183620,1.43022783,-1.39844499,1.70824866,0.11208981,-0.08070466,"Mass","Transit"
"Kepler-282 d",61.00000000,35.90000000,-36.10000000,2.46000000,1.00000000,-0.20000000,"Mass","Transit"
"HD 219828 c",5102.41724598,1118.75599264,-403.64207689,12.20000000,,,"Mass","Radial Velocity"
"K2-85 b",3.20000000,1.30000000,-1.30000000,1.40000000,0.20000000,-0.20000000,"Mass","Transit"
"TOI-2076 b",6.70000000,1.80000000,-1.80000000,2.59000000,0.10000000,-0.10000000,"Mass","Transit"
"K2-3 d",2.20000000,,,1.45800000,0.05600000,-0.05100000,"Mass","Transit"
"HAT-P-47 b",65.47265184,12.39530787,-12.39530787,14.71739166,0.50440413,-0.50440413,"Mass","Transit"
"TOI-3664 b",114.41822652,38.13940884,-38.13940884,13.69737442,0.33626942,-0.33626942,"Mass","Transit"
"HD 135625 b",731.00533610,254.26272560,-95.34852210,13.30000000,,,"Mass","Radial Velocity"
"K2-419 A b",196.00000000,15.00000000,-15.00000000,10.55000000,0.39000000,-0.39000000,"Mass","Transit"
"TOI-756 b",9.83000000,1.80000000,-1.60000000,2.81000000,0.10000000,-0.10000000,"Mass","Transit"
"TOI-4794 b",308.29355479,76.27881768,-73.10053361,14.35870428,0.49319515,-0.43715025,"Mass","Transit"
"TOI-451 d",10.20000000,4.60000000,-4.50000000,3.93000000,0.20000000,-0.20000000,"Mass","Transit"
"TOI-5205 b",343.00000000,18.00000000,-17.00000000,11.60000000,0.30000000,-0.30000000,"Mass","Transit"
"TOI-1670 b",41.31769291,,,2.06000000,0.19000000,-0.15000000,"Mass","Transit"
"TOI-2338 b",1900.61387386,66.74396547,-63.56568140,11.20898070,0.22417961,-0.22417961,"Mass","Transit"
"Kepler-32 d",39.90890000,,,2.70000000,0.20000000,-0.20000000,"Mass","Transit"
"Qatar-3 b",1369.84730000,149.38010000,-149.38010000,12.28506400,1.56926000,-1.56926000,"Mass","Transit"
"Kepler-231 c",24.10000000,13.50000000,-11.20000000,1.93000000,0.19000000,-0.19000000,"Mass","Transit"
"Kepler-245 e",1806.36000000,,,1.75000000,0.08000000,-0.06000000,"Mass","Transit"
"HD 219134 f",7.30000000,0.40000000,-0.40000000,1.31000000,0.02000000,-0.02000000,"Mass","Radial Velocity"
"Kepler-40 b",699.20000000,127.10000000,-127.10000000,13.11000000,0.45000000,-0.45000000,"Mass","Transit"
"Kepler-323 b",3.90000000,,,1.38100000,0.03500000,-0.03500000,"Mass","Transit"
"OGLE-2018-BLG-0567L b",101.70509024,108.06165838,-54.03082919,12.30000000,,,"Mass","Microlensing"
"TOI-6651 b",61.00000000,7.60000000,-7.90000000,5.09000000,0.27000000,-0.26000000,"Mass","Transit"
"TOI-908 b",16.13700000,4.11200000,-4.03900000,3.18600000,0.15500000,-0.15500000,"Mass","Transit"
"WASP-90 b",200.23290000,22.24810000,-22.24810000,18.27067000,1.00881000,-1.00881000,"Mass","Transit"
"K2-138 b",3.10000000,1.05000000,-1.05000000,1.51000000,0.11000000,-0.08400000,"Mass","Transit"
"GJ 896 A b",718.29219982,181.16219199,-181.16219199,13.30000000,,,"Mass","Astrometry"
"KMT-2021-BLG-0909L b",400.46379282,321.00669107,-209.76674862,13.70000000,,,"Mass","Microlensing"
"HD 12661 c",899.45439181,260.61929374,-212.94503269,13.20000000,,,"Mass","Radial Velocity"
"KMT-2024-BLG-2087L b",1395.26670673,975.73320949,-781.85788122,12.90000000,,,"Mass","Microlensing"
"KOI-351 g",15.00000000,1.30000000,-1.30000000,7.71800000,0.20600000,-0.20600000,"Mass","Transit"
"KMT-2018-BLG-1025L b",6.05900000,8.21000000,-3.32100000,2.34000000,,,"Mass","Microlensing"
"TOI-519 b",147.15455244,26.06192937,-27.96889982,11.54525012,0.33626942,-0.33626942,"Mass","Transit"
"Kepler-287 c",66.00000000,18.00000000,-15.00000000,3.26000000,1.49000000,-1.49000000,"Mass","Transit"
"TOI-2578 b",167.17774208,22.56581690,-21.61233168,19.66055215,0.65012088,-0.63891190,"Mass","Transit"
"HD 80653 b",5.72000000,0.36000000,-0.35000000,1.61300000,0.07100000,-0.07100000,"Mass","Transit"
"TOI-2498 b",34.62000000,4.10000000,-4.09000000,6.06000000,0.29000000,-0.27000000,"Mass","Transit"
"CoRoT-30 b",921.70700000,69.92260000,-69.92260000,11.30988100,0.85188400,-0.85188400,"Mass","Transit"
"WASP-98 b",293.03926000,25.42640000,-25.42640000,12.82309600,0.38110600,-0.38110600,"Mass","Transit"
"Kepler-10 c",11.29000000,1.24000000,-1.24000000,2.35500000,0.02200000,-0.02200000,"Mass","Transit"
"2MASS J21252752-8138278 b",3813.94088400,317.82840700,-317.82840700,12.40000000,,,"Mass","Imaging"
"Luhman 16 b",9344.15516580,63.56568140,-63.56568140,11.90000000,,,"Mass","Imaging"
"OGLE-2018-BLG-0677L b",3.96000000,5.88000000,-2.66000000,1.82000000,,,"Mass","Microlensing"
"GJ 3634 b",8.40000000,4.00000000,-1.50000000,2.83000000,,,"Mass","Radial Velocity"
"MOA-2009-BLG-387L b",830.00000000,1300.00000000,-510.00000000,13.20000000,,,"Mass","Microlensing"
"KMT-2017-BLG-0673L b",1166.43025369,689.68764319,-657.90480249,13.00000000,,,"Mass","Microlensing"
"Kepler-102 d",3.00000000,1.30000000,-1.30000000,1.15400000,0.05800000,-0.05800000,"Mass","Transit"
"WASP-47 d",15.50000000,0.70000000,-0.90000000,3.65000000,0.03000000,-0.03000000,"Mass","Transit"
"TOI-1194 b",120.00000000,5.60000000,-5.70000000,8.71664516,0.15541841,-0.14858263,"Mass","Transit"
"TOI-837 b",120.45696625,18.43404761,-19.38753283,9.16894621,0.38110534,-0.26901554,"Mass","Transit"
"Gliese 12 b",0.95000000,0.29000000,-0.30000000,0.93000000,0.06000000,-0.06000000,"Mass","Transit"
"TOI-6130 b",333.71982735,19.06970442,-19.06970442,14.34749530,0.33626942,-0.33626942,"Mass","Transit"
"K2-12 b",5.20000000,,,2.44000000,0.30000000,-0.14000000,"Mass","Transit"
"GJ 581 b",20.50000000,6.20000000,-3.50000000,4.79000000,,,"Mass","Radial Velocity"
"Kepler-84 c",20.20000000,13.50000000,-10.20000000,2.36000000,0.11000000,-0.11000000,"Mass","Transit"
"TOI-5210 b",81.99972901,13.03096469,-13.03096469,10.72699453,0.35868738,-0.26901554,"Mass","Transit"
"NGTS-30 b",305.11527072,17.79839079,-17.79839079,10.40193409,0.35868738,-0.35868738,"Mass","Transit"
"CoRoT-16 b",170.03200000,27.01400000,-26.37900000,13.11000000,1.79000000,-1.57000000,"Mass","Transit"
"TOI-1533 b",28.10000000,3.30000000,-3.40000000,2.89000000,0.06000000,-0.06000000,"Mass","Transit"
"Kepler-326 b",44.60000000,47.70000000,-33.30000000,1.52000000,0.16000000,-0.16000000,"Mass","Transit"
"HD 153557 d",8725.66108578,1130.19781529,-1111.12811087,11.90000000,,,"Mass","Radial Velocity"
"HD 70642 b",1239.53078730,92.17023803,-85.81366989,13.00000000,,,"Mass","Radial Velocity"
"PSR B1620-26 b",794.57500000,317.83000000,-317.83000000,13.30000000,,,"Mass","Pulsar Timing"
"LP 890-9 c",25.30000000,,,1.36700000,0.05500000,-0.03900000,"Mass","Transit"
"WASP-116 b",203.41018048,44.49597698,-44.49597698,13.67495645,0.67253884,-0.67253884,"Mass","Transit"
"WASP-193 b",35.59678158,9.21702380,-10.80616584,14.78464554,0.62770292,-0.53803107,"Mass","Transit"
"TOI-1898 b",129.00000000,7.00000000,-8.00000000,9.39553231,0.23429150,-0.30913881,"Mass","Transit"
"HIP 8152 b",8.90000000,1.70000000,-1.70000000,2.53625843,0.15691518,-0.13542085,"Mass","Transit"
"TOI-1937 A b",638.83509807,54.03082919,-50.85254512,13.97759893,0.66132986,-0.69495680,"Mass","Transit"
"Kepler-114 b",1.09000000,0.49000000,-0.31000000,1.26000000,0.13000000,-0.13000000,"Mass","Transit"
"MOA-2013-BLG-220L b",871.00000000,54.00000000,-54.00000000,13.20000000,,,"Mass","Microlensing"
"Kepler-25 d",71.90000000,9.80000000,-9.80000000,10.00000000,,,"Mass","Radial Velocity"
"Kepler-103 b",11.67000000,4.31000000,-4.73000000,3.48570000,0.05670000,-0.05360000,"Mass","Transit"
"TOI-1338 b",11.30000000,2.10000000,-2.10000000,7.66100000,0.05300000,-0.05300000,"Mass","Transit"
"TOI-1235 b",6.69000000,0.67000000,-0.69000000,1.69000000,0.08000000,-0.08000000,"Mass","Transit"
"OGLE-2017-BLG-0406L b",130.00000000,20.00000000,-20.00000000,14.20000000,,,"Mass","Microlensing"
"HD 68475 b",1639.99458012,168.44905571,-149.37935129,12.80000000,,,"Mass","Radial Velocity"
"TOI-663 d",5.20000000,,,1.92000000,0.13000000,-0.13000000,"Mass","Transit"
"HD 207897 b",14.80000000,1.50000000,-1.40000000,2.34302132,0.12364600,-0.09173373,"Mass","Transit"
"TOI-905 b",211.99261000,13.34886000,-13.03103000,13.12573900,0.59407700,-0.57165900,"Mass","Transit"
"TOI-2000 c",81.70000000,4.70000000,-4.60000000,8.14000000,0.31000000,-0.30000000,"Mass","Transit"
"TOI-1333 b",753.25710000,76.27920000,-76.27920000,15.64776400,0.62770400,-0.60528600,"Mass","Transit"
"BD-210397 c",1525.57635360,190.69704420,-190.69704420,12.90000000,,,"Mass","Radial Velocity"
"K2-24 b",19.00000000,2.20000000,-2.10000000,5.40000000,0.20000000,-0.20000000,"Mass","Transit"
"HD 1397 b",131.89945000,6.35660000,-6.35660000,11.50043400,0.28022500,-0.30264300,"Mass","Transit"
"KMT-2018-BLG-1976L b",705.57906354,425.89006538,-384.57237247,13.30000000,,,"Mass","Microlensing"
"TOI-4582 b",168.44905571,15.89142035,-15.89142035,10.53644186,1.00880826,-1.34507768,"Mass","Transit"
"NGTS-21 b",750.07504052,66.74396547,-66.74396547,14.90794433,0.33626942,-0.33626942,"Mass","Transit"
"KELT-9 b",915.34581216,111.23994245,-111.23994245,21.70058664,0.52682209,-0.52682209,"Mass","Transit"
"WASP-11 b",251.08570000,54.03110000,-54.03110000,12.44199000,1.12090000,-1.12090000,"Mass","Transit"
"KMT-2022-BLG-1551L b",940.77208472,543.48657597,-486.27746271,13.20000000,,,"Mass","Microlensing"
"PH2 b",87.08498352,20.97667486,-21.29450327,9.33708092,0.29143350,-0.26901554,"Mass","Transit"
"Kepler-406 b",6.35000000,1.40000000,-1.40000000,1.43000000,0.03000000,-0.03000000,"Mass","Transit"
"CoRoT-11 b",740.51000000,108.06000000,-108.06000000,16.03000000,0.34000000,-0.34000000,"Mass","Transit"
"TOI-5349 b",127.40000000,5.80000000,-5.50000000,10.20000000,0.30000000,-0.30000000,"Mass","Transit"
"HD 108202 b",953.48522100,222.47988490,-158.91420350,13.10000000,,,"Mass","Radial Velocity"
"Kepler-14 b",2669.66000000,111.24000000,-108.06000000,12.73300000,0.81800000,-0.60500000,"Mass","Transit"
"Kepler-448 c",6992.26000000,2224.81000000,-1589.15000000,12.00000000,,,"Mass","Transit Timing Variations"
"OGLE-2007-BLG-349L AB c",80.00000000,13.00000000,-13.00000000,10.70000000,,,"Mass","Microlensing"
"TOI-1117 b",8.90000000,0.95000000,-0.96000000,2.46000000,0.13000000,-0.12000000,"Mass","Transit"
"Kepler-106 b",5.30000000,,,0.82000000,0.11000000,-0.11000000,"Mass","Transit"
"TOI-4406 b",95.34852210,9.53485221,-9.53485221,11.20898070,0.22417961,-0.22417961,"Mass","Transit"
"TOI-2322 b",2.31000000,2.67000000,-1.54000000,0.99400000,0.05700000,-0.05900000,"Mass","Transit"
"CoRoT-6 b",940.74000000,108.06000000,-108.06000000,13.06800000,0.39200000,-0.39200000,"Mass","Transit"
"K2-182 b",20.97667486,5.40308292,-5.08525451,2.71257333,0.11096891,-0.09079274,"Mass","Transit"
"TOI-2345 c",7.27000000,2.27000000,-2.45000000,2.45100000,0.04500000,-0.04600000,"Mass","Transit"
"KMT-2021-BLG-0736L b",21.00000000,13.00000000,-10.00000000,4.86000000,,,"Mass","Microlensing"
"HD 25912 c",5252.75008249,437.33188803,-444.64194139,12.20000000,,,"Mass","Radial Velocity"
"TOI-7510 d",190.00000000,20.00000000,-20.00000000,10.52000000,0.32000000,-0.32000000,"Mass","Transit"
"HD 83443 c",476.74261050,158.91420350,-63.56568140,13.60000000,,,"Mass","Radial Velocity"
"UCAC4 328-061594 b",6674.39654700,,,12.10000000,,,"Mass","Imaging"
"Kepler-7 b",140.16303000,13.66669000,-13.34886000,18.18099800,0.14571700,-0.14571700,"Mass","Transit"
"KMT-2023-BLG-1454L b",200.23189641,225.65816897,-108.06165838,14.10000000,,,"Mass","Microlensing"
"K2-146 c",7.49000000,0.24000000,-0.24000000,2.19000000,0.07000000,-0.07000000,"Mass","Transit"
"PSR B1257+12 c",4.30000000,0.20000000,-0.20000000,1.91000000,,,"Mass","Pulsar Timing"
"HD 202772 A b",323.54931833,20.97667486,-20.02318964,18.23701160,0.78462865,-0.72858375,"Mass","Transit"
"KMT-2025-BLG-0481L b",187.51876013,270.15414595,-108.06165838,14.10000000,,,"Mass","Microlensing"
"TOI-480 b",20.80000000,4.40000000,-4.20000000,2.85372018,0.13233983,-0.10240654,"Mass","Transit"
"WASP-130 b",390.93090000,12.71320000,-12.71320000,9.97601000,0.33627000,-0.33627000,"Mass","Transit"
"WASP-157 b",182.43442000,29.55819000,-29.55819000,11.19000000,0.28000000,-0.28000000,"Mass","Transit"
"OGLE-2017-BLG-1522L b",240.00000000,400.00000000,-130.00000000,14.00000000,,,"Mass","Microlensing"
"HD 136352 b",4.72000000,0.42000000,-0.42000000,1.66400000,0.04300000,-0.04300000,"Mass","Radial Velocity"
"K2-263 b",15.40000000,2.40000000,-2.50000000,2.51300000,0.11000000,-0.09500000,"Mass","Transit"
"Kepler-462 b",53.90000000,104.60000000,-23.80000000,3.00000000,0.20000000,-0.10000000,"Mass","Transit"
"TOI-1443 b",30.00000000,,,2.30381001,0.12697832,-0.10061016,"Mass","Transit"
"TOI-5624 b",9.40000000,1.40000000,-1.40000000,2.31400000,0.03500000,-0.03500000,"Mass","Transit"
"TrES-5 b",568.91570000,21.61244000,-21.61244000,13.38354600,0.16813500,-0.16813500,"Mass","Transit"
"HD 204313 b",1466.77809830,409.99864503,-97.25549254,12.90000000,,,"Mass","Radial Velocity"
"Kepler-18 b",6.90000000,3.40000000,-3.40000000,2.00000000,0.10000000,-0.10000000,"Mass","Transit"
"TOI-561 c",5.93000000,0.67000000,-0.67000000,2.86500000,0.04100000,-0.04100000,"Mass","Transit"
"LTT 1445 A c",1.54000000,0.20000000,-0.19000000,1.14700000,0.05500000,-0.05400000,"Mass","Transit"
"WASP-119 b",390.93090000,25.42640000,-25.42640000,15.69260000,2.24180000,-2.24180000,"Mass","Transit"
"WTS-1 b",1274.44000000,111.24000000,-111.24000000,16.70000000,1.79000000,-2.02000000,"Mass","Transit"
"KMT-2022-BLG-0440L b",15.40000000,9.60000000,-7.40000000,4.05000000,,,"Mass","Microlensing"
"OGLE-2017-BLG-1049L b",1760.00000000,1150.00000000,-912.00000000,12.80000000,,,"Mass","Microlensing"
"Kepler-8 b",187.51970000,41.31790000,-38.13960000,15.87194400,0.59407700,-0.69495800,"Mass","Transit"
"HD 221420 b",7278.27052030,699.22249540,-699.22249540,12.00000000,,,"Mass","Radial Velocity"
"HD 117207 b",669.34662514,50.85254512,-28.28672822,13.40000000,,,"Mass","Radial Velocity"
"OGLE-2013-BLG-0341L B b",1.66000000,0.18000000,-0.18000000,1.16000000,,,"Mass","Microlensing"
"HATS-51 b",244.09344000,14.30235000,-14.30235000,15.80469000,2.12971000,-2.12971000,"Mass","Transit"
"OGLE-2017-BLG-0448L b",15.60000000,13.80000000,-9.30000000,4.08000000,,,"Mass","Microlensing"
"HAT-P-15 b",616.59020000,95.34900000,-95.34900000,11.88154000,0.78463000,-0.78463000,"Mass","Transit"
"K2-238 b",273.33380000,41.31790000,-38.13960000,14.57170000,1.68135000,-1.56926000,"Mass","Transit"
"Kepler-42 c",60.33700000,,,0.73000000,0.20000000,-0.20000000,"Mass","Transit"
"CoRoT-5 b",148.42000000,14.93700000,-7.62800000,15.55800000,0.51600000,-0.52700000,"Mass","Transit"
"CoRoT-29 b",270.15550000,63.56600000,-63.56600000,10.08810000,1.79344000,-1.79344000,"Mass","Transit"
"TOI-757 b",10.50000000,2.20000000,-2.10000000,2.50000000,0.10000000,-0.10000000,"Mass","Transit"
"HD 156098 c",1661.60691180,615.95145277,-409.04515981,12.80000000,,,"Mass","Radial Velocity"
"HD 56957 b",1880.90851263,915.02798375,-1279.57716658,12.80000000,,,"Mass","Radial Velocity"
"TOI-1453 b",2.32000000,,,1.17300000,0.05900000,-0.05600000,"Mass","Transit"
"WASP-197 b",403.32424848,80.72841538,-80.72841538,14.44837612,0.54924005,-0.54924005,"Mass","Transit"
"TYC 8998-760-1 b",6928.65927260,953.48522100,-953.48522100,21.18497352,0.67253884,-0.56044903,"Mass","Imaging"
"Kepler-281 b",324.00000000,82.00000000,-65.00000000,2.82000000,1.12000000,-1.12000000,"Mass","Transit"
"TOI-451 c",3.70000000,3.20000000,-2.40000000,2.93000000,0.16000000,-0.16000000,"Mass","Transit"
"WASP-181 b",95.03117000,10.80622000,-10.80622000,13.27145600,0.79583900,-0.66133100,"Mass","Transit"
"55 Cnc e",7.99000000,0.32000000,-0.33000000,1.87500000,0.02900000,-0.02900000,"Mass","Radial Velocity"
"HAT-P-69 b",1137.83140000,184.34140000,-184.34140000,18.78628400,0.57165900,-0.36989700,"Mass","Transit"
"EPIC 220674823 b",7.54000000,0.65000000,-0.64000000,1.60600000,0.03400000,-0.03300000,"Mass","Transit"
"OGLE-TR-111 b",174.79900000,31.78200000,-31.78200000,11.42197100,0.29143400,-0.29143400,"Mass","Transit"
"CWISEP J193518.59-154620.3 b",4926.34030850,2701.54145950,-2701.54145950,12.20000000,,,"Mass","Imaging"
"PSR B1257+12 d",3.90000000,0.20000000,-0.20000000,1.80000000,,,"Mass","Pulsar Timing"
"TOI-1472 c",21.13000000,0.96000000,-0.99000000,3.33400000,0.08000000,-0.08000000,"Mass","Radial Velocity"
"TOI-5153 b",1036.12060682,57.20911326,-54.03082919,11.88151954,0.44835923,-0.44835923,"Mass","Transit"
"OGLE-2016-BLG-1227L b",250.00000000,413.00000000,-120.00000000,13.90000000,,,"Mass","Microlensing"
"Kepler-297 b",48.50000000,11.20000000,-7.00000000,2.87000000,0.52000000,-0.52000000,"Mass","Transit"
"Kepler-53 b",111.00000000,,,2.89000000,,,"Mass","Transit"
"Kepler-105 b",10.80000000,2.30000000,-2.30000000,2.53000000,0.07000000,-0.07000000,"Mass","Transit"
"GJ 876 d",6.83000000,0.40000000,-0.40000000,2.51000000,,,"Mass","Radial Velocity"
"TOI-1710 b",19.10000000,2.30000000,-2.30000000,5.06000000,0.06000000,-0.06000000,"Mass","Transit"
"HD 145675 c",2510.84441530,508.52545120,-381.39408840,12.60000000,,,"Mass","Radial Velocity"
"TOI-1899 b",212.94503269,12.71313628,-12.71313628,11.09689089,0.33626942,-0.33626942,"Mass","Transit"
"OGLE-2017-BLG-1140L b",505.00000000,110.00000000,-83.00000000,13.50000000,,,"Mass","Microlensing"
"Kepler-226 b",24.00000000,11.80000000,-10.10000000,1.55000000,0.62000000,-0.62000000,"Mass","Transit"
"Kepler-11 d",7.30000000,0.80000000,-1.50000000,3.12000000,0.06000000,-0.07000000,"Mass","Transit"
"NGTS-14 A b",29.24036000,3.81396000,-3.81396000,4.97679600,0.33627000,-0.33627000,"Mass","Transit"
"K2-131 b",7.90000000,1.30000000,-1.30000000,1.69000000,0.08500000,-0.05800000,"Mass","Transit"
"TOI-6054.01",12.50000000,1.70000000,-1.60000000,2.64000000,0.15000000,-0.15000000,"Mass","Transit"
"HD 97658 b",8.30000000,1.10000000,-1.10000000,2.12000000,0.06000000,-0.06000000,"Mass","Radial Velocity"
"K2-137 b",158.91500000,,,0.64000000,0.10000000,-0.10000000,"Mass","Transit"
"HAT-P-25 b",180.84527000,7.31009000,-6.99226000,12.72221500,0.53803200,-0.53803200,"Mass","Transit"
"OGLE-2017-BLG-1434L b",4.43000000,0.25000000,-0.25000000,1.94000000,,,"Mass","Microlensing"
"Kepler-100 d",3.00000000,,,1.61000000,0.05000000,-0.05000000,"Mass","Transit"
"TOI-892 b",301.93850000,22.24810000,-22.24810000,11.99363000,0.22418000,-0.22418000,"Mass","Transit"
"G 196-3 b",8263.53858200,317.82840700,-317.82840700,12.00000000,,,"Mass","Imaging"
"WASP-12 b",467.21010000,24.15508000,-21.93027000,22.02564708,0.98639030,-0.97518132,"Mass","Transit"
"HD 145934 b",658.54045930,519.33161704,-15.25576354,13.40000000,,,"Mass","Radial Velocity"
"TOI-5800 b",9.50000000,1.70000000,-1.90000000,2.46000000,0.18000000,-0.16000000,"Mass","Transit"
"TOI-4507 b",20.00000000,,,8.20000000,0.10000000,-0.10000000,"Mass","Transit"
"TOI-3540 A b",375.03752026,44.49597698,-44.49597698,23.53885947,,,"Mass","Transit"
"TOI-2803 A b",309.88269682,26.37975778,-22.24798849,18.11371281,0.38110534,-0.35868738,"Mass","Transit"
"TOI-2420 b",294.62693329,27.01541459,-25.10844415,15.02003414,0.82946457,-0.80704661,"Mass","Transit"
"HATS-25 b",194.82979000,13.34886000,-13.34886000,14.12334000,1.12090000,-1.12090000,"Mass","Transit"
"HAT-P-50 b",429.07050000,23.20159000,-23.20159000,14.43719200,0.71737600,-0.71737600,"Mass","Transit"
"K2-233 c",4.60000000,1.80000000,-1.70000000,1.27200000,0.03800000,-0.03800000,"Mass","Transit"
"KMT-2022-BLG-1790L b",549.84314411,301.93698665,-282.86728223,13.50000000,,,"Mass","Microlensing"
"KMT-2018-BLG-1996L b",346.43296363,203.41018048,-190.69704420,13.70000000,,,"Mass","Microlensing"
"1RXS J160929.1-210524 b",3000.00000000,300.00000000,-300.00000000,18.64700000,,,"Mass","Imaging"
"TOI-4465 b",1872.00931723,82.63538582,-82.63538582,14.01122587,0.89671846,-0.78462865,"Mass","Transit"
"TOI-6255 b",1.44000000,0.14000000,-0.14000000,1.07900000,0.06500000,-0.06500000,"Mass","Transit"
"Kepler-328 c",39.40000000,13.60000000,-12.60000000,5.40000000,2.24000000,-0.54000000,"Mass","Transit"
"KMT-2019-BLG-1216L b",29.87587026,15.89142035,-15.89142035,5.98000000,,,"Mass","Microlensing"
"WASP-80 b",170.99254000,11.12405000,-11.44188000,11.19779100,0.33627000,-0.34747900,"Mass","Transit"
"WASP-149 b",314.96795134,62.29436777,-62.29436777,15.24421375,0.67253884,-0.67253884,"Mass","Transit"
"TOI-942 b",826.35800000,,,3.89000000,0.25000000,-0.23000000,"Mass","Transit"
"TOI-4940 b",89.00000000,,,6.61000000,0.37000000,-0.37000000,"Mass","Transit"
"TOI-2049 b",486.27746271,57.20911326,-57.20911326,16.64533634,0.79583763,-0.75100171,"Mass","Transit"
"K2-73 b",9.20000000,3.80000000,-3.70000000,2.58000000,0.13000000,-0.06000000,"Mass","Transit"
"Kepler-428 b",403.63000000,60.39000000,-60.39000000,12.11000000,0.34000000,-0.34000000,"Mass","Transit"
"HIP 10090 b",1229.99593509,206.58846455,-190.69704420,13.00000000,,,"Mass","Radial Velocity"
"K2-31 b",563.83042000,25.10857000,-25.10857000,11.88154000,3.92315000,-3.92315000,"Mass","Transit"
"KMT-2023-BLG-1592L b",184.34047606,123.95307873,-92.17023803,14.10000000,,,"Mass","Microlensing"
"HATS-47 b",117.27927000,9.85273000,-6.67443000,12.52045300,0.15692600,-0.15692600,"Mass","Transit"
"G 9-40 b",4.00000000,0.63000000,-0.63000000,1.90000000,0.06500000,-0.06500000,"Mass","Transit"
"HD 191939 b",10.00000000,0.70000000,-0.70000000,3.41000000,0.07500000,-0.07500000,"Mass","Transit"
"Kepler-54 b",0.98000000,0.34000000,-0.22000000,2.10000000,,,"Mass","Transit"
"OGLE-2019-BLG-1180L b",555.24622703,167.49557049,-161.13900235,13.50000000,,,"Mass","Microlensing"
"TOI-1107 b",1064.72516345,57.20911326,-57.20911326,14.57167491,0.56044903,-0.56044903,"Mass","Transit"
"TOI-6330 b",3179.00000000,100.00000000,-100.00000000,10.89000000,0.37000000,-0.35000000,"Mass","Transit"
"Kepler-111 c",222.47988490,44.49597698,-41.31769291,7.08407580,0.25780656,-0.23538859,"Mass","Transit"
"Kepler-65 e",260.00000000,200.00000000,-50.00000000,13.90000000,,,"Mass","Radial Velocity"
"Kepler-32 c",158.90000000,,,2.00000000,0.20000000,-0.20000000,"Mass","Transit"
"nu Oph c",7838.32346000,,,12.00000000,,,"Mass","Radial Velocity"
"KELT-2 A b",540.31100000,69.92260000,-69.92260000,15.13215000,0.89672000,-0.89672000,"Mass","Transit"
"TOI-1751 b",19.50000000,3.50000000,-3.40000000,2.95078450,0.11061818,-0.08190008,"Mass","Transit"
"TOI-1273 b",70.55790635,4.76742611,-4.76742611,11.09689089,2.46597575,-2.46597575,"Mass","Transit"
"PH1 b",169.00000000,,,6.18000000,0.17000000,-0.17000000,"Mass","Transit"
"KOI-1599.02",9.00000000,0.30000000,-0.30000000,1.90000000,0.20000000,-0.20000000,"Mass","Transit"
"TOI-260 b",4.23000000,1.60000000,-1.60000000,1.71000000,0.08000000,-0.08000000,"Mass","Transit"
"TOI-4487 A b",397.28550875,50.85254512,-50.85254512,14.60530185,0.77341967,-0.71737476,"Mass","Transit"
"TOI-2981 b",638.00000000,33.00000000,-33.00000000,13.40000000,0.42000000,-0.42000000,"Mass","Transit"
"Kepler-145 b",37.10000000,11.60000000,-11.60000000,2.65000000,0.08000000,-0.08000000,"Mass","Transit"
"HAT-P-56 b",734.18730000,139.84520000,-139.84520000,16.92559000,1.23299000,-1.23299000,"Mass","Transit"
"KMT-2017-BLG-2509L b",664.26137063,533.95172376,-400.46379282,13.40000000,,,"Mass","Microlensing"
"K2-138 e",12.97000000,1.98000000,-1.99000000,3.39000000,0.15600000,-0.11000000,"Mass","Transit"
"HD 50554 b",1859.29618095,286.04556630,-165.27077164,12.80000000,,,"Mass","Radial Velocity"
"WASP-168 b",133.48860000,12.71320000,-12.71320000,16.81350000,5.60450000,-3.36270000,"Mass","Transit"
"HATS-71 b",117.59710000,76.27920000,-76.27920000,11.47801600,0.20176200,-0.20176200,"Mass","Transit"
"KELT-6 b",165.27160000,38.13960000,-38.13960000,14.57170000,1.00881000,-1.00881000,"Mass","Transit"
"DH Tau b",3496.00000000,3178.00000000,-953.00000000,30.26430000,8.96720000,-8.96720000,"Mass","Imaging"
"Kepler-15 b",209.76000000,25.43000000,-28.60000000,10.76000000,0.67000000,-0.78000000,"Mass","Transit"
"WASP-114 b",562.24127000,20.34112000,-20.34112000,15.00885100,0.71737600,-0.71737600,"Mass","Transit"
"Kepler-62 e",36.00000000,,,1.61000000,0.05000000,-0.05000000,"Mass","Transit"
"K2-199 c",12.40000000,2.30000000,-2.30000000,2.85000000,0.10000000,-0.09000000,"Mass","Transit"
"TOI-1723 b",10.40000000,5.20000000,-4.80000000,3.43500000,0.24400000,-0.19300000,"Mass","Transit"
"TOI-2005 b",2034.10180480,,,11.99360935,0.67253884,-1.23298788,"Mass","Transit"
"Kepler-95 b",13.00000000,2.90000000,-2.90000000,3.42000000,0.09000000,-0.09000000,"Mass","Transit"
"TOI-674 b",23.60000000,3.30000000,-3.30000000,5.25000000,0.17000000,-0.17000000,"Mass","Transit"
"WASP-148 c",124.58873554,7.31005336,-8.58136699,13.90000000,,,"Mass","Radial Velocity"
"Kepler-23 c",7.81000000,1.32000000,-1.20000000,3.00500000,0.07400000,-0.07400000,"Mass","Transit"
"HD 68402 b",2510.84441530,540.30829190,-476.74261050,12.60000000,,,"Mass","Radial Velocity"
"TrES-1 b",266.97720000,34.96130000,-34.96130000,12.66617000,0.67254000,-0.67254000,"Mass","Transit"
"TOI-2202 b",287.31687993,27.65107141,-31.78284070,10.95117414,0.17934369,-0.17934369,"Mass","Transit"
"OGLE-2018-BLG-0740L b",1500.00000000,200.00000000,-200.00000000,12.90000000,,,"Mass","Microlensing"
"Wendelstein-2 b",232.33373000,171.94603000,-98.84513000,12.99347280,0.22866360,-0.23538900,"Mass","Transit"
"HD 194490 b",3561.90295725,560.64930995,-422.39395290,12.40000000,,,"Mass","Radial Velocity"
"LTT 1445 A b",2.73000000,0.25000000,-0.23000000,1.34000000,0.11000000,-0.06000000,"Mass","Transit"
"Kepler-307 c",3.64000000,0.65000000,-0.58000000,2.20000000,0.07000000,-0.07000000,"Mass","Transit"
"HD 23472 f",0.77000000,0.44000000,-0.40000000,1.13700000,0.08400000,-0.07700000,"Mass","Transit"
"HR 810 b",1970.53612340,158.91420350,-158.91420350,12.70000000,,,"Mass","Radial Velocity"
"HIP 41378 d",6.53000000,2.65000000,-3.15000000,3.65000000,0.02900000,-0.02900000,"Mass","Transit"
"OGLE-2019-BLG-0299L b",1976.89269154,1207.74794660,-1166.43025369,12.70000000,,,"Mass","Microlensing"
"K2-138 g",4.32000000,5.26000000,-3.03000000,3.01300000,0.30300000,-0.25100000,"Mass","Transit"
"HD 62364 b",5965.63919939,209.76674862,-200.23189641,12.10000000,,,"Mass","Radial Velocity"
"TOI-1749 b",57.00000000,,,1.39000000,0.21000000,-0.19000000,"Mass","Transit"
"Kepler-20 b",9.70000000,1.30000000,-1.30000000,1.77300000,0.05300000,-0.03000000,"Mass","Transit"
"CoRoT-4 b",228.83000000,25.43000000,-25.43000000,13.34000000,0.67000000,-0.56000000,"Mass","Transit"
"Kepler-53 d",166.50300000,,,2.12000000,1.05000000,-1.05000000,"Mass","Transit"
"NGTS-20 b",947.12865286,50.85254512,-47.67426105,11.99360935,0.44835923,-0.44835923,"Mass","Transit"
"HD 63935 c",11.10000000,2.00000000,-1.90000000,3.06451296,0.08805710,-0.07912569,"Mass","Radial Velocity"
"Kepler-58 e",597.79600000,,,1.61000000,0.52000000,-0.22000000,"Mass","Transit"
"GJ 581 e",2.48000000,0.70000000,-0.42000000,1.38000000,,,"Mass","Radial Velocity"
"USco1621 b",5085.28000000,635.66000000,-635.66000000,12.20000000,,,"Mass","Imaging"
"WASP-162 b",1652.71600000,63.56600000,-63.56600000,11.20900000,0.56045000,-0.56045000,"Mass","Transit"
"TIC 172900988 b",942.00000000,5.60000000,-5.60000000,11.25000000,0.44000000,-0.44000000,"Mass","Transit"
"CoRoT-3 b",6883.91000000,317.80000000,-317.80000000,11.32000000,0.78000000,-0.78000000,"Mass","Transit"
"Kepler-333 b",28.20000000,29.00000000,-24.10000000,1.32000000,0.16000000,-0.16000000,"Mass","Transit"
"TOI-1221 b",1112.39942450,,,2.91000000,0.13000000,-0.12000000,"Mass","Transit"
"Kepler-422 b",136.66000000,41.32000000,-41.32000000,12.89000000,1.23000000,-1.23000000,"Mass","Transit"
"Kepler-324 c",6.20000000,1.70000000,-1.20000000,3.15000000,0.33000000,-0.33000000,"Mass","Transit"
"KMT-2019-BLG-1552L b",1287.20504835,549.84314411,-587.98255295,13.00000000,,,"Mass","Microlensing"
"HATS-5 b",75.32300000,3.81400000,-3.91400000,10.22300000,0.28000000,-0.28000000,"Mass","Transit"
"Kepler-46 c",119.49900000,6.67400000,-6.03900000,13.50000000,,,"Mass","Transit Timing Variations"
"OGLE-2018-BLG-0932L b",282.86728223,114.41822652,-98.52680617,13.90000000,,,"Mass","Microlensing"
"Kepler-276 c",16.60000000,4.40000000,-3.60000000,2.90000000,1.27000000,-0.28000000,"Mass","Transit"
"AB Pic b",4290.50000000,158.90000000,-158.90000000,12.30000000,,,"Mass","Imaging"
"HIP 65426 b",2860.47000000,953.49000000,-953.49000000,16.81350000,1.12090000,-1.12090000,"Mass","Imaging"
"WASP-50 b",466.82870400,29.24036000,-29.24036000,13.06969400,0.48198700,-0.48198700,"Mass","Transit"
"XO-7 b",225.34147000,10.80622000,-10.80622000,15.38995700,0.29143400,-0.29143400,"Mass","Transit"
"WASP-47 b",374.00000000,17.00000000,-16.00000000,12.86000000,0.10000000,-0.10000000,"Mass","Transit"
"ups And d",3257.74117175,222.47988490,-1048.83374310,12.50000000,,,"Mass","Radial Velocity"
"Kepler-305 c",6.00000000,2.40000000,-2.20000000,3.30000000,0.82000000,-0.33000000,"Mass","Transit"
"HD 77338 b",15.90000000,4.70000000,-5.30000000,4.12000000,,,"Mass","Radial Velocity"
"TOI-4603 b",4096.80816623,184.34047606,-181.16219199,11.67975789,0.42594127,-0.39231432,"Mass","Transit"
"HD 66428 c",560.64930995,1081.88789743,-13.03096469,13.50000000,,,"Mass","Radial Velocity"
"TOI-1670 c",200.23189641,28.60455663,-25.42627256,11.06326395,0.28022452,-0.28022452,"Mass","Transit"
"Kepler-17 b",778.65000000,34.96000000,-34.96000000,14.68000000,0.22000000,-0.22000000,"Mass","Transit"
"TOI-132 b",22.40000000,1.90000000,-1.92000000,3.42000000,0.13000000,-0.14000000,"Mass","Transit"
"TOI-4633 c",123.00000000,,,3.20000000,0.20000000,-0.19000000,"Mass","Transit"
"CT Cha b",5403.00000000,1907.00000000,-1907.00000000,24.66000000,9.08000000,-6.73000000,"Mass","Imaging"
"OGLE-2014-BLG-0124L b",206.58846455,13.98444991,-13.98444991,14.10000000,,,"Mass","Microlensing"
"NGTS-10 b",687.14846000,29.24036000,-34.00781000,13.50684500,1.31145300,-0.93034700,"Mass","Transit"
"OGLE-2019-BLG-0362L b",1036.12060682,263.79757781,-184.34047606,13.10000000,,,"Mass","Microlensing"
"HD 73256 c",5085.25451200,317.82840700,-317.82840700,12.20000000,,,"Mass","Radial Velocity"
"Kepler-48 d",7.93000000,4.60000000,-4.60000000,2.04000000,0.11000000,-0.11000000,"Mass","Transit"
"WASP-48 b",254.26400000,73.10090000,-73.10090000,16.81350000,2.24180000,-2.24180000,"Mass","Transit"
"Kepler-18 d",16.40000000,1.40000000,-1.40000000,6.98000000,0.33000000,-0.33000000,"Mass","Transit"
"TOI-3856 b",171.62733978,31.78284070,-31.78284070,13.59649359,0.28022452,-0.26901554,"Mass","Transit"
"Kepler-106 c",10.44000000,3.20000000,-3.20000000,2.50000000,0.32000000,-0.32000000,"Mass","Transit"
"TOI-5734 b",9.10000000,2.60000000,-2.60000000,2.10000000,0.12000000,-0.12000000,"Mass","Transit"
"Kepler-176 d",1.72000000,0.46000000,-0.31000000,2.51000000,1.32000000,-1.32000000,"Mass","Transit"
"TOI-1695 b",6.36000000,1.00000000,-1.00000000,1.90000000,0.16000000,-0.14000000,"Mass","Transit"
"HATS-24 b",718.29580000,54.03110000,-54.03110000,15.63655500,0.63891300,-0.63891300,"Mass","Transit"
"Kepler-277 c",64.20000000,18.10000000,-15.70000000,3.36000000,0.83000000,-0.72000000,"Mass","Transit"
"CFHTWIR-Oph 98 b",2479.06157460,222.47988490,-254.26272560,20.84870410,0.56044903,-0.56044903,"Mass","Imaging"
"KOI-3503 c",10.36000000,,,1.21000000,0.28000000,-0.09000000,"Mass","Transit"
"TOI-6054.02",9.30000000,1.90000000,-1.90000000,2.82000000,0.17000000,-0.16000000,"Mass","Transit"
"TOI-5788 c",6.40000000,1.20000000,-1.20000000,2.27200000,0.03900000,-0.03900000,"Mass","Transit"
"TOI-1431 b",991.62462984,57.20911326,-57.20911326,16.70138124,0.56044903,-0.56044903,"Mass","Transit"
"NGTS-2 b",235.19420000,41.31790000,-38.13960000,17.87835500,0.52682300,-0.50440500,"Mass","Transit"
"TOI-421 c",14.10000000,1.40000000,-1.40000000,5.09000000,0.07000000,-0.07000000,"Mass","Transit"
"Kepler-32 e",4.08181000,,,1.50000000,0.10000000,-0.10000000,"Mass","Transit"
"HD 38529 c",3299.05886466,325.77411718,-280.96031179,12.50000000,,,"Mass","Radial Velocity"
"Kepler-52 b",135.00000000,,,2.10000000,,,"Mass","Transit"
"WASP-194 b",373.13054982,84.22452786,-84.22452786,15.47960235,0.98639030,-0.98639030,"Mass","Transit"
"OGLE-2006-BLG-109L c",86.00000000,7.00000000,-7.00000000,11.10000000,,,"Mass","Microlensing"
"MOA-2022-BLG-033L b",12.15000000,9.41000000,-6.25000000,3.52000000,,,"Mass","Microlensing"
"MOA-2011-BLG-293L b",1500.00000000,100.00000000,-100.00000000,12.90000000,,,"Mass","Microlensing"
"TOI-1272 b",24.10000000,1.40000000,-1.40000000,4.26000000,0.10000000,-0.10000000,"Mass","Transit"
"Kepler-238 e",169.70000000,71.70000000,-69.10000000,5.60000000,2.37000000,-0.46000000,"Mass","Transit"
"KMT-2018-BLG-1292L b",1400.00000000,290.00000000,-210.00000000,12.90000000,,,"Mass","Microlensing"
"HD 62549 b",2707.58019923,665.21485585,-330.54154328,12.60000000,,,"Mass","Radial Velocity"
"Kepler-45 b",160.49700000,28.60400000,-28.60400000,10.76000000,1.23000000,-1.23000000,"Mass","Transit"
"Kepler-406 c",2.71000000,1.80000000,-1.80000000,0.85000000,0.03000000,-0.03000000,"Mass","Transit"
"KMT-2017-BLG-1057L b",23.50000000,15.00000000,-12.00000000,5.19000000,,,"Mass","Microlensing"
"ups And c",4443.24112986,731.00533610,-1684.49055710,12.30000000,,,"Mass","Radial Velocity"
"Kepler-93 b",4.66000000,0.53000000,-0.53000000,1.47800000,0.01900000,-0.01900000,"Mass","Transit"
"TOI-3464 b",397.28550875,85.81366989,-82.63538582,13.76462830,0.63891190,-0.59407598,"Mass","Transit"
"OGLE-2017-BLG-0604L b",160.00000000,67.00000000,-67.00000000,14.20000000,,,"Mass","Microlensing"
"Kepler-415 b",119.90000000,102.10000000,-87.40000000,1.21000000,0.13000000,-0.10000000,"Mass","Transit Timing Variations"
"Kepler-85 b",1.84000000,0.60000000,-0.47000000,1.77800000,0.05000000,-0.05000000,"Mass","Transit"
"TOI-3593 b",565.73456446,28.60455663,-41.31769291,11.02963701,0.31385146,-0.29143350,"Mass","Transit"
"OGLE-2016-BLG-0007L b",1.32000000,0.91000000,-0.67000000,1.09000000,,,"Mass","Microlensing"
"HAT-P-30 b",263.79890000,57.20940000,-57.20940000,16.14096000,1.68135000,-1.68135000,"Mass","Transit"
"TOI-178 g",4.40000000,0.39000000,-0.37000000,2.93900000,0.05700000,-0.05500000,"Mass","Transit"
"TOI-954 b",55.30242000,5.72094000,-5.40311000,9.55006800,0.59407700,-0.69495800,"Mass","Transit"
"Kepler-725 c",9.70000000,3.30000000,-2.30000000,3.08000000,,,"Mass","Transit Timing Variations"
"Kepler-82 d",885.09800000,,,1.77000000,0.27000000,-0.27000000,"Mass","Transit"
"WASP-29 b",73.10090000,15.89150000,-15.89150000,8.63093000,0.78463000,-0.78463000,"Mass","Transit"
"TOI-1820 b",731.00533610,63.56568140,-63.56568140,12.77823800,0.22417961,-0.22417961,"Mass","Transit"
"OGLE-2008-BLG-092L b",57.00000000,,,8.74000000,,,"Mass","Microlensing"
"TOI-2497 b",1531.93292174,130.30964687,-130.30964687,11.14172682,0.61649394,-0.54924005,"Mass","Transit"
"TOI-3362 b",1598.35905880,212.30937588,-205.31715092,12.80065596,0.48198617,-0.45956821,"Mass","Transit"
"TOI-1080 b",10.70000000,,,1.20000000,0.05800000,-0.05800000,"Mass","Transit"
"WASP-32 b",835.89290000,260.62060000,-260.62060000,10.76064000,1.68135000,-1.68135000,"Mass","Transit"
"TOI-2977 b",533.95172376,82.63538582,-79.45710175,13.15934334,0.34747840,-0.30264248,"Mass","Transit"
"Kepler-52 d",88.87750000,,,1.95000000,0.21000000,-0.21000000,"Mass","Transit"
"K2-370 b",11.10000000,1.50000000,-1.40000000,2.67000000,0.05000000,-0.05000000,"Mass","Transit"
"HIP 29442 d",5.14000000,0.41000000,-0.41000000,1.53800000,0.04900000,-0.04900000,"Mass","Radial Velocity"
"nu Oct A b",696.04421133,34.96112477,-34.96112477,13.30000000,,,"Mass","Radial Velocity"
"TOI-4010 d",38.15000000,3.27000000,-3.22000000,6.18000000,0.14000000,-0.15000000,"Mass","Transit"
"Kepler-131 b",16.13000000,3.50000000,-3.50000000,2.41000000,0.20000000,-0.20000000,"Mass","Transit"
"WASP-158 b",886.74570000,73.10090000,-73.10090000,11.99363000,1.68135000,-1.68135000,"Mass","Transit"
"HAT-P-17 b",184.34140000,19.06980000,-19.06980000,11.76945000,0.44836000,-0.44836000,"Mass","Transit"
"OGLE-2017-BLG-1375L b",3585.00000000,2770.00000000,-1070.00000000,12.40000000,,,"Mass","Microlensing"
"KMT-2025-BLG-1616L b",42.32000000,40.62000000,-22.07000000,7.34000000,,,"Mass","Microlensing"
"HIP 81208 C b",4703.86042360,127.13136280,-127.13136280,12.30000000,,,"Mass","Imaging"
"HD 219134 b",4.74000000,0.19000000,-0.19000000,1.60200000,0.05500000,-0.05500000,"Mass","Radial Velocity"
"Kepler-307 b",7.44000000,0.91000000,-0.87000000,2.43000000,0.09000000,-0.09000000,"Mass","Transit"
"KMT-2024-BLG-2005L b",50.85254512,76.27881768,-28.60455663,8.18000000,,,"Mass","Microlensing"
"HAT-P-22 b",785.04010000,101.70560000,-101.70560000,12.89035000,2.12971000,-2.12971000,"Mass","Transit"
"HAT-P-20 b",2302.89900000,59.43200000,-59.43200000,9.71800000,0.37000000,-0.37000000,"Mass","Transit"
"HD 75302 b",1716.27339780,158.91420350,-127.13136280,12.80000000,,,"Mass","Radial Velocity"
"TOI-1136 f",9.70000000,3.90000000,-3.70000000,3.73591482,0.08619766,-0.07925738,"Mass","Transit"
"TOI-1468 c",4.10000000,1.10000000,-1.10000000,2.12600000,0.09200000,-0.09300000,"Mass","Transit"
"Kepler-1513 c",84.54235626,31.14718389,-20.02318964,11.00000000,,,"Mass","Transit Timing Variations"
"TOI-1438 c",10.60000000,2.10000000,-2.10000000,2.75000000,0.14000000,-0.14000000,"Mass","Transit"
"KMT-2019-BLG-0578L b",381.39408840,381.39408840,-190.69704420,13.70000000,,,"Mass","Microlensing"
"HIP 97233 b",6098.17364511,1157.84888670,-102.97640387,12.10000000,,,"Mass","Radial Velocity"
"GJ 9827 d",3.02000000,0.58000000,-0.57000000,1.98000000,0.11000000,-0.10000000,"Mass","Transit"
"OGLE-2013-BLG-0911L b",3020.00000000,864.00000000,-537.00000000,12.50000000,,,"Mass","Microlensing"
"TOI-1669 c",13.00000000,,,2.29639770,0.10169388,-0.09022874,"Mass","Transit"
"WASP-39 b",89.31023000,10.17056000,-10.17056000,14.33631100,0.44836000,-0.44836000,"Mass","Transit"
"Kepler-120 b",8.50000000,9.70000000,-7.50000000,2.15000000,0.17000000,-0.17000000,"Mass","Transit"
"HIP 77900 b",6674.39654700,317.82840700,-317.82840700,12.10000000,,,"Mass","Imaging"
"WASP-153 b",123.95370000,6.35660000,-6.35660000,17.37395000,1.12090000,-0.89672000,"Mass","Transit"
"KMT-2021-BLG-0712L b",38.19000000,20.52000000,-12.24000000,6.91000000,,,"Mass","Microlensing"
"OGLE-2018-BLG-0506L b",16.30000000,12.00000000,-8.50000000,4.18000000,,,"Mass","Microlensing"
"TOI-778 b",878.00000000,77.00000000,-72.00000000,15.40000000,0.50000000,-0.50000000,"Mass","Transit"
"55 Cnc d",1232.49300000,21.61200000,-21.61200000,13.00000000,,,"Mass","Radial Velocity"
"NGTS-13 b",1538.29720000,139.84520000,-139.84520000,12.80067800,0.51561400,-0.51561400,"Mass","Transit"
"K2-77 b",603.87700000,,,2.49960270,0.16813471,-0.12329879,"Mass","Transit"
"TOI-2416 b",953.48522100,31.78284070,-28.60455663,9.86390302,0.22417961,-0.22417961,"Mass","Transit"
"TOI-3523 A b",435.42491759,38.13940884,-34.96112477,15.97279750,0.41473229,-0.39231432,"Mass","Transit"
"Kepler-1655 b",5.40000000,1.70000000,-1.70000000,2.21300000,0.08200000,-0.08200000,"Mass","Transit"
"HAT-P-11 b",25.00000000,1.50000000,-1.50000000,4.36000000,0.06000000,-0.06000000,"Mass","Transit"
"TOI-1453 c",2.95000000,0.83000000,-0.84000000,2.22400000,0.09500000,-0.09500000,"Mass","Transit"
"HAT-P-38 b",84.85700000,6.35600000,-6.35600000,9.24700000,1.03100000,-0.70600000,"Mass","Transit"
"K2-55 b",44.00000000,5.30000000,-5.30000000,4.43000000,0.29000000,-0.32000000,"Mass","Transit"
"TOI-7149 b",224.00000000,24.00000000,-24.00000000,13.20000000,0.51000000,-0.51000000,"Mass","Transit"
"KMT-2021-BLG-1391L b",4.55000000,2.31000000,-2.31000000,1.97000000,,,"Mass","Microlensing"
"TOI-3976 A b",55.61997123,11.75965106,-11.44182265,12.27383387,0.40352331,-0.39231432,"Mass","Transit"
"K2-232 b",126.49634000,11.75971000,-11.75971000,11.20900000,0.24659800,-0.22418000,"Mass","Transit"
"OGLE-2015-BLG-1609L b",76.27881768,286.04556630,-54.03082919,10.40000000,,,"Mass","Microlensing"
"LTT 9779 b",29.32000000,0.78000000,-0.81000000,4.72000000,0.23000000,-0.23000000,"Mass","Transit"
"TOI-763 b",9.79000000,0.78000000,-0.78000000,2.28000000,0.11000000,-0.11000000,"Mass","Transit"
"HATS-14 b",340.39593000,22.24810000,-22.24810000,11.64615100,0.35868800,-0.24659800,"Mass","Transit"
"K2-277 b",7.40000000,3.30000000,-3.30000000,2.18575124,0.20176165,-0.12329879,"Mass","Transit"
"Wolf 327 b",2.53000000,0.46000000,-0.46000000,1.24000000,0.06000000,-0.06000000,"Mass","Transit"
"Kepler-62 f",35.00000000,,,1.41000000,0.07000000,-0.07000000,"Mass","Transit"
"OGLE-2018-BLG-1185L b",8.40000000,7.90000000,-4.70000000,2.83000000,,,"Mass","Microlensing"
"Kepler-21 b",7.50000000,1.30000000,-1.30000000,1.63900000,0.01900000,-0.01500000,"Mass","Transit"
"Kepler-36 b",3.83000000,0.11000000,-0.10000000,1.49800000,0.06100000,-0.04900000,"Mass","Transit"
"Kepler-42 d",0.35778500,,,0.57000000,0.18000000,-0.18000000,"Mass","Transit"
"KMT-2016-BLG-1105L b",2.32000000,7.43000000,-1.56000000,1.33000000,,,"Mass","Microlensing"
"TOI-1246 b",8.10000000,1.10000000,-1.10000000,3.01000000,0.06000000,-0.06000000,"Mass","Transit"
"HD 16760 b",6833.31075050,1589.14203500,-1430.22783150,12.10000000,,,"Mass","Radial Velocity"
"Kepler-167 e",321.00669107,50.85254512,-47.67426105,10.16000000,0.42000000,-0.42000000,"Mass","Transit"
"TOI-3837 b",187.51876013,15.89142035,-15.89142035,10.87271128,0.56044903,-0.67253884,"Mass","Transit"
"HD 143361 b",1382.55357045,381.39408840,-209.76674862,12.90000000,,,"Mass","Radial Velocity"
"WASP-59 b",274.27600000,14.30200000,-14.30200000,8.68700000,0.76200000,-0.76200000,"Mass","Transit"
"Kepler-59 c",3.81000000,2.64000000,-0.98000000,1.98000000,,,"Mass","Transit"
"TOI-849 b",41.80000000,2.50000000,-2.40000000,3.64000000,0.38000000,-0.38000000,"Mass","Transit"
"KELT-14 b",408.09372000,10.17056000,-10.17056000,19.53728700,0.52682300,-0.52682300,"Mass","Transit"
"Kepler-339 d",14.70000000,14.10000000,-10.00000000,1.17000000,0.53000000,-0.53000000,"Mass","Transit"
"Kepler-245 c",26.70000000,7.00000000,-5.10000000,2.18000000,0.17000000,-0.17000000,"Mass","Transit"
"TOI-1266 c",3.17000000,0.76000000,-0.76000000,1.98000000,0.10000000,-0.10000000,"Mass","Transit"
"CoRoT-18 b",1102.82000000,120.77000000,-120.77000000,14.68000000,2.02000000,-2.02000000,"Mass","Transit"
"HD 69123 b",982.08977763,197.05361234,-92.17023803,13.10000000,,,"Mass","Radial Velocity"
"WASP-54 b",187.51970000,44.49620000,-44.49620000,17.71022000,1.90553000,-1.90553000,"Mass","Transit"
"ROXs 42 B b",2860.00000000,953.00000000,-953.00000000,12.50000000,,,"Mass","Imaging"
"TOI-4734 b",61.65871096,10.48833743,-10.17050902,10.91754720,0.28022452,-0.25780656,"Mass","Transit"
"KMT-2021-BLG-1077L c",79.45710175,111.23994245,-41.31769291,10.60000000,,,"Mass","Microlensing"
"TOI-2842 b",117.59651059,16.52707716,-14.93793513,12.84549188,0.57165802,-0.53803107,"Mass","Transit"
"TOI-836 b",4.53000000,0.92000000,-0.86000000,1.70400000,0.06700000,-0.06700000,"Mass","Transit"
"Kepler-31 b",36.74180000,,,5.50000000,1.10000000,-1.10000000,"Mass","Transit"
"GJ 463 b",1080.61658380,95.34852210,-95.34852210,13.10000000,,,"Mass","Radial Velocity"
"GQ Lup b",6356.00000000,,,33.60000000,5.60000000,-5.60000000,"Mass","Imaging"
"Kepler-30 c",640.00000000,50.00000000,-50.00000000,12.30000000,0.40000000,-0.40000000,"Mass","Transit"
"TOI-2886 b",444.95976980,73.10053361,-73.10053361,18.64053490,0.45956821,-0.39231432,"Mass","Transit"
"Kepler-62 c",4.00000000,,,0.54000000,0.03000000,-0.03000000,"Mass","Transit"
"Kepler-11 e",8.00000000,1.50000000,-2.10000000,4.19000000,0.07000000,-0.09000000,"Mass","Transit"
"WASP-170 b",508.52800000,63.56600000,-63.56600000,12.28506400,0.95276500,-0.95276500,"Mass","Transit"
"WD 0806-661 b",2224.79884900,317.82840700,-317.82840700,12.10569916,0.22417961,-0.22417961,"Mass","Imaging"
"TOI-1246 d",5.40000000,1.90000000,-1.90000000,3.43139739,0.14960553,-0.11612674,"Mass","Transit"
"KOINTREAU-3 b",1080.61658380,222.47988490,-222.47988490,13.10000000,,,"Mass","Imaging"
"HATS-9 b",266.02371000,9.21707000,-9.21707000,13.85000000,0.35000000,-0.35000000,"Mass","Transit"
"TOI-1184 b",6.80000000,2.30000000,-2.30000000,2.39000000,0.25000000,-0.23400000,"Mass","Transit"
"TOI-2031 A b",254.26272560,73.10053361,-73.10053361,14.20177855,0.26901554,-0.26901554,"Mass","Transit"
"HATS-61 b",1080.62200000,44.49620000,-44.49620000,13.39475500,0.75100300,-0.75100300,"Mass","Transit"
"HD 15337 c",6.79200000,1.30200000,-1.14300000,2.52600000,0.08600000,-0.07500000,"Mass","Transit"
"WASP-132 b",136.03055820,4.76742611,-4.76742611,10.09929161,0.42594127,-0.42594127,"Mass","Transit"
"HD 23472 d",0.55000000,0.21000000,-0.20000000,0.75000000,0.06700000,-0.05700000,"Mass","Transit"
"HD 129445 b",797.74930157,349.61124770,-171.62733978,13.30000000,,,"Mass","Radial Velocity"
"WASP-141 b",854.96270000,47.67450000,-47.67450000,13.56289000,0.89672000,-0.89672000,"Mass","Transit"
"TrES-2 b",473.56670000,69.92260000,-69.92260000,15.24424000,0.89672000,-0.89672000,"Mass","Transit"
"TOI-2015 c",8.91000000,0.38000000,-0.40000000,2.93000000,,,"Mass","Transit Timing Variations"
"Kepler-411 d",15.20000000,5.10000000,-5.10000000,3.31900000,0.10400000,-0.10400000,"Mass","Transit"
"Kepler-30 b",11.30000000,1.40000000,-1.40000000,3.90000000,0.20000000,-0.20000000,"Mass","Transit"
"MOA-2022-BLG-563L b",127.13136280,98.52680617,-79.45710175,14.00000000,,,"Mass","Microlensing"
"Kepler-245 d",21.60000000,16.60000000,-12.10000000,3.03000000,0.21000000,-0.21000000,"Mass","Transit"
"Kepler-81 c",4.30000000,2.70000000,-1.80000000,2.37000000,0.37000000,-0.37000000,"Mass","Transit"
"EPIC 211945201 b",11.00000000,7.00000000,-7.00000000,5.76000000,0.30000000,-0.30000000,"Mass","Transit"
"TOI-2796 b",139.84449908,31.78284070,-34.96112477,17.26183028,,,"Mass","Transit"
"OGLE-2018-BLG-0383L b",6.40000000,5.50000000,-2.80000000,2.41000000,,,"Mass","Microlensing"
"K2-37 d",12.50000000,6.20000000,-6.10000000,2.31000000,0.21000000,-0.07000000,"Mass","Transit"
"NGTS-31 b",355.96781584,38.13940884,-38.13940884,18.04645893,1.79343691,-1.79343691,"Mass","Transit"
"TOI-3984 A b",44.00000000,8.70000000,-8.00000000,7.90000000,0.24000000,-0.24000000,"Mass","Transit"
"TOI-2525 c",208.81326340,9.85268062,-10.17050902,10.13291855,0.11208981,-0.11208981,"Mass","Transit"
"TOI-1248 b",27.40000000,3.60000000,-3.50000000,6.80848590,0.11671600,-0.12027714,"Mass","Transit"
"WASP-110 b",154.78243421,16.52707716,-17.16273398,13.19297028,0.31385146,-0.26901554,"Mass","Transit"
"Kepler-219 d",19.10000000,29.90000000,-17.70000000,2.81000000,0.48000000,-0.48000000,"Mass","Transit"
"OGLE-2018-BLG-1126L b",17.79839079,10.48833743,-9.85268062,4.41000000,,,"Mass","Microlensing"
"TIC 52059926 b",5380.00000000,390.00000000,-370.00000000,10.71000000,0.52000000,-0.57000000,"Mass","Transit"
"KMT-2021-BLG-0171L b",11.20000000,5.50000000,-4.50000000,3.35000000,,,"Mass","Microlensing"
"HD 224538 b",2075.73732612,583.53295525,-110.92211404,12.70000000,,,"Mass","Radial Velocity"
"TOI-3364 b",530.77343969,38.13940884,-41.31769291,12.22899794,0.42594127,-0.35868738,"Mass","Transit"
"KMT-2021-BLG-0240L b",66.74396547,38.13940884,-34.96112477,9.60000000,,,"Mass","Microlensing"
"HATS-53 b",189.10885000,28.28687000,-28.28687000,15.02006000,0.62770400,-0.62770400,"Mass","Transit"
"TOI-5422 b",8899.19539600,508.52545120,-381.39408840,9.10169233,0.34747840,-0.28022452,"Mass","Transit"
"Kepler-117 b",29.87500000,10.48800000,-10.48800000,8.05900000,0.26900000,-0.26900000,"Mass","Transit"
"Kepler-289 c",157.18000000,7.04000000,-7.31000000,11.23000000,0.21000000,-0.21000000,"Mass","Transit"
"WASP-161 b",791.39670000,66.74430000,-66.74430000,12.81188700,0.72858500,-0.65012200,"Mass","Transit"
"KMT-2018-BLG-0030L b",460.85119015,390.92894061,-279.68899816,13.60000000,,,"Mass","Microlensing"
"TOI-1347 c",6.40000000,,,1.60000000,0.10000000,-0.10000000,"Mass","Transit"
"Kepler-54 c",0.70000000,0.25000000,-0.16000000,1.23000000,,,"Mass","Transit"
"Kepler-138 b",0.07000000,0.02000000,-0.02000000,0.64000000,0.02000000,-0.02000000,"Mass","Transit"
"K2-285 d",6.50000000,,,2.48000000,0.06000000,-0.06000000,"Mass","Transit"
"HD 140901 c",572.09113260,158.91420350,-158.91420350,13.40000000,,,"Mass","Radial Velocity"
"TOI-1824 b",16.00000000,2.60000000,-2.60000000,2.74382690,0.08672208,-0.07211466,"Mass","Transit"
"TOI-1799 b",4.00000000,1.70000000,-1.80000000,1.64200000,0.22700000,-0.16800000,"Mass","Transit"
"Kepler-11 g",25.00000000,,,3.33000000,0.06000000,-0.08000000,"Mass","Transit"
"2MASS J11550485-7919108 b",6356.56814000,317.82840700,-317.82840700,12.10000000,,,"Mass","Imaging"
"OGLE-TR-10 b",197.04600000,44.49400000,-44.49400000,14.01100000,1.56900000,-1.34500000,"Mass","Transit"
"Kepler-84 b",40.00000000,13.70000000,-10.30000000,2.23000000,0.10000000,-0.10000000,"Mass","Transit"
"MOA-2010-BLG-328L b",9.20000000,2.20000000,-2.20000000,2.99000000,,,"Mass","Microlensing"
"TOI-1883 b",13.70000000,6.80000000,-6.50000000,5.65000000,0.24000000,-0.24000000,"Mass","Transit"
"SWEEPS-11 b",3082.82000000,1779.77000000,-1430.17000000,12.66600000,2.35400000,-2.35400000,"Mass","Transit"
"OGLE-2018-BLG-0799L b",82.63538582,69.92224954,-34.96112477,10.90000000,,,"Mass","Microlensing"
"TOI-2322 c",18.10000000,4.34000000,-5.36000000,1.87400000,0.06600000,-0.05700000,"Mass","Transit"
"WASP-68 b",343.25640000,79.45750000,-79.45750000,14.79588000,1.56926000,-1.56926000,"Mass","Transit"
"HD 235088 b",4.15000000,0.83000000,-0.83000000,1.98200000,0.07200000,-0.06900000,"Mass","Transit"
"NGTS-34 b",19.10000000,4.90000000,-4.50000000,3.65000000,0.22000000,-0.22000000,"Mass","Transit"
"K2-138 f",1.63000000,2.12000000,-1.18000000,2.90400000,0.16400000,-0.11100000,"Mass","Transit"
"Kepler-18 c",17.30000000,1.90000000,-1.90000000,5.49000000,0.26000000,-0.26000000,"Mass","Transit"
"Kepler-221 c",9.30000000,2.40000000,-1.70000000,2.93000000,0.27000000,-0.27000000,"Mass","Transit"
"KMT-2021-BLG-1253L b",19.05000000,20.42000000,-10.14000000,4.59000000,,,"Mass","Microlensing"
"TOI-270 c",6.20000000,0.31000000,-0.31000000,2.33000000,0.01000000,-0.01000000,"Mass","Transit"
"Kepler-412 b",299.07803000,39.72875000,-6.03877000,15.03126900,0.49319600,-0.51561400,"Mass","Transit"
"TOI-2158 b",260.61929374,25.42627256,-25.42627256,10.76062147,0.13450777,-0.13450777,"Mass","Transit"
"CoRoT-8 b",69.92000000,9.53000000,-9.53000000,6.39000000,0.22000000,-0.22000000,"Mass","Transit"
"HD 3167 e",14.90000000,15.90000000,-4.80000000,3.97000000,,,"Mass","Radial Velocity"
"COCONUTS-2 b",2383.71305250,127.13136280,-127.13136280,12.57647635,0.05604490,-0.04483592,"Mass","Imaging"
"TOI-1533 c",36.60000000,4.00000000,-3.90000000,7.50000000,,,"Mass","Transit"
"TOI-1408 b",593.00000000,4.00000000,-4.00000000,25.00000000,4.00000000,-4.00000000,"Mass","Transit"
"HAT-P-32 b",216.12440000,34.96130000,-31.78300000,22.19382000,0.50440500,-0.50440500,"Mass","Transit"
"OGLE-2006-BLG-284L A b",144.00000000,137.00000000,-82.00000000,14.30000000,,,"Mass","Microlensing"
"K2-22 b",444.96200000,,,2.30000000,0.10000000,-0.10000000,"Mass","Transit"
"HAT-P-16 b",1341.56043000,29.24036000,-29.24036000,14.68376472,0.67253884,-0.67253884,"Mass","Transit"
"TOI-3688 A b",311.47183886,31.78284070,-34.96112477,13.08088048,0.53803107,-0.49319515,"Mass","Transit"
"Kepler-305 b",10.50000000,2.60000000,-2.00000000,3.60000000,0.90000000,-0.36000000,"Mass","Transit"
"TOI-5398 b",58.70000000,5.70000000,-5.60000000,10.30000000,0.40000000,-0.40000000,"Mass","Transit"
"OGLE-2015-BLG-1670L b",17.90000000,9.60000000,-8.80000000,4.42000000,,,"Mass","Microlensing"
"TOI-640 b",181.16219199,6.35656814,-6.35656814,19.27944680,0.56044903,-0.56044903,"Mass","Transit"
"KMT-2019-BLG-0414L b",1452.47581999,1188.67824218,-654.72651842,12.90000000,,,"Mass","Microlensing"
"HIP 66074 b",1589.14203500,635.65681400,-635.65681400,12.90000000,,,"Mass","Astrometry"
"Kepler-351 b",4.80000000,5.70000000,-4.70000000,3.06000000,1.55000000,-1.55000000,"Mass","Transit"
"KMT-2023-BLG-0466L b",1032.94232275,823.17557413,-645.19166621,13.10000000,,,"Mass","Microlensing"
"HATS-54 b",239.32479047,18.11621920,-18.11621920,11.37711541,0.26901554,-0.26901554,"Mass","Transit"
"WASP-159 b",174.80650000,25.42640000,-25.42640000,15.46842000,1.00881000,-1.00881000,"Mass","Transit"
"TIC 9344899 b",6170.00000000,610.00000000,-580.00000000,9.16000000,0.40000000,-0.40000000,"Mass","Transit"
"GJ 357 b",1.83000000,0.30000000,-0.30000000,1.20000000,0.06000000,-0.06000000,"Mass","Transit"
"LHS 1903 d",5.96000000,1.15000000,-1.13000000,2.50000000,0.07800000,-0.07700000,"Mass","Transit"
"CoRoT-24 b",5.70000000,,,3.70000000,0.40000000,-0.40000000,"Mass","Transit"
"HIP 948 b",6547.26518420,3132.51677939,-2705.67322879,12.10000000,,,"Mass","Radial Velocity"
"KMT-2023-BLG-1743L b",6356.56814000,9534.85221000,-3178.28407000,12.10000000,,,"Mass","Microlensing"
"K2-167 b",6.50000000,1.60000000,-1.50000000,2.36509493,0.21297063,-0.14571675,"Mass","Transit"
"TOI-3819 b",352.78953177,57.20911326,-63.56568140,13.13692538,0.40352331,-0.39231432,"Mass","Transit"
"HD 28185 c",1906.97044200,190.69704420,-190.69704420,12.80000000,,,"Mass","Radial Velocity"
"HAT-P-19 b",88.03846874,5.40308292,-5.08525451,11.29865255,0.15692573,-0.14571675,"Mass","Transit"
"TOI-1634 b",4.90000000,1.00000000,-1.00000000,1.75900000,0.05800000,-0.05700000,"Mass","Transit"
"Kepler-82 b",12.15000000,0.96000000,-0.87000000,4.07000000,0.24000000,-0.10000000,"Mass","Transit"
"KOI-1257 b",460.83000000,111.24000000,-111.24000000,10.54000000,1.35000000,-1.35000000,"Mass","Transit"
"Kepler-138 e",0.43000000,0.21000000,-0.10000000,0.79700000,,,"Mass","Transit Timing Variations"
"TOI-5789 c",5.00000000,0.50000000,-0.50000000,2.86000000,0.18000000,-0.15000000,"Mass","Transit"
"TOI-1269 b",6.40000000,3.00000000,-2.90000000,2.40144286,0.15036543,-0.07395390,"Mass","Transit"
"TOI-2236 b",502.16888306,127.13136280,-123.95307873,14.36991326,0.35868738,-0.34747840,"Mass","Transit"
"MOA-2011-BLG-322L b",3690.00000000,4260.00000000,-1800.00000000,12.40000000,,,"Mass","Microlensing"
"GJ 9827 c",1.86000000,0.37000000,-0.39000000,1.13000000,0.07000000,-0.05000000,"Mass","Transit"
"Kepler-139 d",2.00000000,2.00000000,-1.00000000,1.69500000,0.06100000,-0.06100000,"Mass","Transit"
"HD 14067 b",4862.77462710,1970.53612340,-1430.22783150,12.20000000,,,"Mass","Radial Velocity"
"Kepler-128 c",3.38000000,0.67000000,-0.59000000,1.52100000,0.04700000,-0.04700000,"Mass","Transit"
"TOI-2580 b",200.23189641,25.42627256,-25.42627256,17.37392009,0.56044903,-0.56044903,"Mass","Transit"
"HAT-P-7 b",584.80720000,168.44990000,-168.44990000,16.92559000,2.35389000,-2.35389000,"Mass","Transit"
"2MASS J02192210-3925225 b",4417.83700000,349.61300000,-349.61300000,16.14096000,0.33627000,-0.33627000,"Mass","Imaging"
"LHS 1140 c",1.91000000,0.06000000,-0.06000000,1.27200000,0.02600000,-0.02600000,"Mass","Transit"
"K2-222 b",7.50000000,1.50000000,-1.50000000,2.27500000,0.10000000,-0.10000000,"Mass","Transit"
"KMT-2021-BLG-1372L b",61.27000000,35.88000000,-35.88000000,9.12000000,,,"Mass","Microlensing"
"TOI-2458 b",13.31000000,0.99000000,-0.96000000,2.83000000,0.20000000,-0.18000000,"Mass","Transit"
"K2-146 b",5.77000000,0.18000000,-0.18000000,2.05000000,0.06000000,-0.06000000,"Mass","Transit"
"TIC 365102760 b",19.20000000,4.20000000,-4.20000000,6.21000000,0.76000000,-0.76000000,"Mass","Transit"
"TOI-5292 A b",412.85910069,25.74410097,-23.51930212,12.64373023,0.43715025,-0.41473229,"Mass","Transit"
"WASP-7 b",305.11680000,41.31790000,-41.31790000,14.90797000,1.04243700,-1.04243700,"Mass","Transit"
"TOI-1347 b",11.10000000,1.20000000,-1.20000000,1.80000000,0.10000000,-0.10000000,"Mass","Transit"
"OGLE-2023-BLG-0836L b",1385.73185452,746.89675645,-692.86592726,12.90000000,,,"Mass","Microlensing"
"TOI-1173 b",27.40000000,1.70000000,-1.70000000,9.19000000,0.18000000,-0.18000000,"Mass","Transit"
"HIP 41378 c",5.97000000,0.56000000,-0.86000000,2.74000000,0.04300000,-0.04900000,"Mass","Transit"
"Kepler-109 b",4.90000000,,,2.49000000,0.11000000,-0.11000000,"Mass","Transit"
"KMT-2021-BLG-2010L b",340.07639549,365.50266805,-216.12331676,13.80000000,,,"Mass","Microlensing"
"MOA-2019-BLG-008L b",5720.91132600,953.48522100,-635.65681400,12.20000000,,,"Mass","Microlensing"
"KMT-2019-BLG-0297L b",6038.73973300,2542.62725600,-2224.79884900,12.10000000,,,"Mass","Microlensing"
"WASP-26 b",270.15550000,73.10090000,-73.10090000,13.56289000,1.68135000,-1.68135000,"Mass","Transit"
"Kepler-272 c",97.80000000,55.50000000,-33.90000000,1.79000000,0.96000000,-0.96000000,"Mass","Transit"
"WASP-87 b",692.86940000,47.67450000,-47.67450000,15.52446500,0.67254000,-0.67254000,"Mass","Transit"
"WASP-77 A b",529.31142902,0.14302278,-0.14302278,13.56000000,0.22000000,-0.22000000,"Mass","Transit"
"GJ 1061 b",1.11000000,0.11000000,-0.09000000,1.04000000,,,"Mass","Radial Velocity"
"Kepler-102 b",1.10000000,,,0.46000000,0.02600000,-0.02600000,"Mass","Transit"
"HIP 9618 b",8.30000000,1.70000000,-1.70000000,3.82838127,0.10440228,-0.08816578,"Mass","Transit"
"Kepler-68 b",8.03000000,0.67000000,-0.67000000,2.35700000,0.02300000,-0.02300000,"Mass","Transit"
"Kepler-53 c",36.00000000,,,3.17000000,,,"Mass","Transit"
"TOI-2088 b",37.00000000,,,3.68311790,0.19277867,-0.14072298,"Mass","Transit"
"TOI-178 f",5.63000000,0.45000000,-0.41000000,2.41700000,0.04100000,-0.04800000,"Mass","Transit"
"HIP 98599 b",2177.12458795,31.78284070,-69.92224954,12.70000000,,,"Mass","Radial Velocity"
"WASP-82 b",371.86110000,63.56600000,-63.56600000,18.15858000,1.45717000,-1.45717000,"Mass","Transit"
"WASP-15 b",171.62820000,92.17070000,-92.17070000,15.80469000,4.03524000,-4.03524000,"Mass","Transit"
"HD 136118 b",4164.18778851,428.75052104,-402.05293485,12.30000000,,,"Mass","Radial Velocity"
"KMT-2024-BLG-0176L b",241.54958932,327.36325921,-123.95307873,14.00000000,,,"Mass","Microlensing"
"NGTS-32 b",181.16219199,15.89142035,-15.89142035,15.91675259,0.33626942,-0.33626942,"Mass","Transit"
"TOI-406 c",2.08000000,0.23000000,-0.22000000,1.32000000,0.12000000,-0.12000000,"Mass","Transit"
"KPS-1 b",346.43470000,27.33338000,-27.65121000,11.54527000,1.45717000,-1.34508000,"Mass","Transit"
"NGTS-25 b",203.09235207,18.43404761,-16.52707716,11.46678726,0.39231432,-0.58286700,"Mass","Transit"
"Kepler-20 e",0.76000000,,,0.82100000,0.02200000,-0.02200000,"Mass","Transit"
"TOI-2025 b",1144.18226520,104.88337431,-104.88337431,11.89272852,0.36989636,-0.34747840,"Mass","Transit"
"HIP 56640 b",2151.69831539,590.84300861,-385.52585769,12.70000000,,,"Mass","Radial Velocity"
"TOI-2443 b",4.80000000,1.10000000,-1.10000000,2.36300000,0.06600000,-0.06600000,"Mass","Transit"
"TOI-2384 b",624.85064816,18.75187601,-18.75187601,11.48920522,0.23538859,-0.23538859,"Mass","Transit"
"TOI-1470 c",7.24000000,2.87000000,-2.77000000,2.47000000,0.02000000,-0.02000000,"Mass","Transit"
"KMT-2016-BLG-1397L b",2200.00000000,1700.00000000,-1400.00000000,12.70000000,,,"Mass","Microlensing"
"TOI-4379 b",353.74301699,22.56581690,-22.56581690,16.69017226,0.88550948,-0.88550948,"Mass","Transit"
"OGLE-2003-BLG-235L b",830.00000000,300.00000000,-200.00000000,13.20000000,,,"Mass","Microlensing"
"HATS-58 A b",327.36490000,73.10090000,-73.10090000,12.27385500,0.69495800,-0.69495800,"Mass","Transit"
"TIC 241249530 b",1582.78546686,50.85254512,-57.20911326,13.29385111,0.41473229,-0.44835923,"Mass","Transit"
"TOI-3261 b",30.30000000,2.20000000,-2.40000000,3.82000000,0.42000000,-0.35000000,"Mass","Transit"
"HAT-P-59 b",489.45574678,21.29450327,-21.29450327,12.58768533,0.14571675,-0.14571675,"Mass","Transit"
"KMT-2021-BLG-1554L b",38.13940884,63.56568140,-22.24798849,6.90000000,,,"Mass","Microlensing"
"Kepler-849 b",298.75870258,63.56568140,-63.56568140,8.08167508,0.30264248,-0.32506044,"Mass","Transit"
"Kepler-92 b",64.30000000,13.90000000,-13.90000000,3.51000000,0.10000000,-0.10000000,"Mass","Transit"
"OGLE-2018-BLG-1367L b",301.93698665,238.37130525,-139.84449908,13.80000000,,,"Mass","Microlensing"
"KMT-2024-BLG-1209L b",839.06699448,498.99059899,-368.68095212,13.20000000,,,"Mass","Microlensing"
"Kepler-46 b",1907.00000000,,,9.05700000,0.47100000,-0.48200000,"Mass","Transit"
"TOI-3071 b",68.20000000,3.50000000,-3.50000000,7.16000000,0.57000000,-0.51000000,"Mass","Transit"
"Kepler-145 c",79.40000000,16.40000000,-16.40000000,4.32000000,0.12000000,-0.12000000,"Mass","Transit"
"TOI-406.01",6.57000000,1.00000000,-0.90000000,2.08000000,0.16000000,-0.15000000,"Mass","Transit"
"HD 216437 b",1334.87930940,222.47988490,-222.47988490,13.00000000,,,"Mass","Radial Velocity"
"HIP 65 A b",1021.18779000,24.79074000,-24.79074000,22.75427000,6.83749000,-5.49241000,"Mass","Transit"
"Kepler-1660 AB b",1586.59940774,73.10053361,-73.10053361,12.90000000,,,"Mass","Eclipse Timing Variations"
"WISEP J121756.91+162640.2 A b",6992.00000000,636.00000000,-636.00000000,10.46800000,0.32700000,-0.32700000,"Mass","Imaging"
"TIC 139270665 b",147.15455244,14.62010672,-14.62010672,7.22979255,0.26901554,-0.24659758,"Mass","Transit"
"K2-417 b",699.22249540,,,3.31000000,0.14000000,-0.12000000,"Mass","Transit"
"TOI-1794 b",8.70000000,4.10000000,-4.00000000,3.29701268,0.16656615,-0.13651409,"Mass","Transit"
"TOI-1201 b",6.28000000,0.84000000,-0.88000000,2.41500000,0.09100000,-0.09000000,"Mass","Transit"
"TOI-421 b",6.70000000,0.60000000,-0.60000000,2.64000000,0.08000000,-0.08000000,"Mass","Transit"
"TOI-125 b",9.50000000,0.88000000,-0.88000000,2.72600000,0.07500000,-0.07500000,"Mass","Transit"
"TOI-559 b",1910.14872607,76.27881768,-73.10053361,12.22899794,0.31385146,-0.28022452,"Mass","Transit"
"GJ 806 b",1.90000000,0.17000000,-0.17000000,1.33100000,0.02300000,-0.02300000,"Mass","Transit"
"HATS-63 b",305.11680000,38.13960000,-38.13960000,13.52926300,0.43715100,-0.43715100,"Mass","Transit"
"TOI-5795 b",23.66000000,4.09000000,-4.61000000,5.62000000,0.11000000,-0.11000000,"Mass","Transit"
"TOI-1052 b",16.90000000,1.70000000,-1.70000000,2.87000000,0.29000000,-0.24000000,"Mass","Transit"
"TOI-1174 b",32.00000000,,,2.56200000,0.25200000,-0.20000000,"Mass","Transit"
"Kepler-425 b",79.45000000,25.43000000,-25.43000000,10.96200000,0.24700000,-0.24700000,"Mass","Transit"
"KMT-2021-BLG-1150L b",279.68899816,120.77479466,-114.41822652,13.90000000,,,"Mass","Microlensing"
"KMT-2022-BLG-2286L b",6038.73973300,8581.36698900,-3178.28407000,12.10000000,,,"Mass","Microlensing"
"TOI-1011 b",4.04000000,0.59000000,-0.59000000,1.45000000,0.05000000,-0.05000000,"Mass","Transit"
"GU Psc b",3591.30000000,540.30000000,-540.30000000,14.17900000,1.28900000,-1.28900000,"Mass","Imaging"
"K2-98 b",34.00763955,13.98444991,-14.62010672,5.06645928,0.31385146,-0.28022452,"Mass","Transit"
"Kepler-113 c",8.70000000,,,2.18000000,0.06000000,-0.06000000,"Mass","Transit"
"Kepler-297 c",42.10000000,14.10000000,-9.30000000,6.54000000,1.18000000,-1.18000000,"Mass","Transit"
"OGLE-2015-BLG-0051L b",230.00000000,210.00000000,-20.00000000,14.00000000,,,"Mass","Microlensing"
"MOA-2008-BLG-310L b",23.40000000,17.00000000,-17.00000000,5.18000000,,,"Mass","Microlensing"
"HD 93351 c",4154.01727949,633.43201515,-432.56446193,12.30000000,,,"Mass","Radial Velocity"
"WASP-165 b",209.13214000,30.82951000,-29.24036000,14.12334000,2.12971000,-1.90553000,"Mass","Transit"
"Kepler-408 b",5.00000000,,,0.82000000,0.03000000,-0.03000000,"Mass","Transit"
"HD 217107 b",459.57987652,57.20911326,-21.29450327,13.60000000,,,"Mass","Radial Velocity"
"HD 106515 A b",6006.95689230,476.74261050,-444.95976980,12.10000000,,,"Mass","Radial Velocity"
"TOI-815 c",23.50000000,2.40000000,-2.40000000,2.62000000,0.10000000,-0.09000000,"Mass","Transit"
"WASP-171 b",344.52772000,29.87602000,-29.87602000,10.98482000,0.78463000,-0.44836000,"Mass","Transit"
"Kepler-80 c",6.74000000,1.23000000,-0.86000000,2.74000000,0.12000000,-0.10000000,"Mass","Transit"
"HATS-49 b",112.19399000,12.07754000,-8.58141000,8.57488500,0.14571700,-0.14571700,"Mass","Transit"
"HD 73267 b",1321.53051631,216.44114517,-164.95294323,13.00000000,,,"Mass","Radial Velocity"
"KELT-12 b",301.93850000,44.49620000,-44.49620000,19.95202000,1.90553000,-1.79344000,"Mass","Transit"
"HD 63433 b",21.75500000,,,2.14000000,0.08700000,-0.06900000,"Mass","Transit"
"HD 149806 b",4003.68444298,856.22972846,-884.19862827,12.30000000,,,"Mass","Radial Velocity"
"Kepler-231 b",35.40000000,19.70000000,-16.60000000,1.73000000,0.12000000,-0.12000000,"Mass","Transit"
"Kepler-82 e",254.02000000,,,2.47000000,0.37000000,-0.37000000,"Mass","Transit"
"TRAPPIST-1 h",0.32600000,0.02000000,-0.02000000,0.75500000,0.01400000,-0.01400000,"Mass","Transit"
"TOI-431 d",9.90000000,1.53000000,-1.49000000,3.29000000,0.09000000,-0.09000000,"Mass","Transit"
"HATS-1 b",589.55000000,83.26800000,-62.29200000,14.59400000,1.81600000,-1.09800000,"Mass","Transit"
"KMT-2019-BLG-1042L b",60.38739733,66.74396547,-34.96112477,9.05000000,,,"Mass","Microlensing"
"GJ 341 b",4.00000000,,,0.88000000,0.05000000,-0.05000000,"Mass","Transit"
"GJ 676 A c",4288.14086724,332.44851372,-358.19261469,12.30000000,,,"Mass","Radial Velocity"
"HD 25463 b",8.70000000,2.70000000,-2.60000000,2.54535814,0.11171510,-0.08338345,"Mass","Transit"
"TOI-1260 c",13.20000000,4.23000000,-4.23000000,2.76000000,0.07000000,-0.07000000,"Mass","Transit"
"TOI-3235 b",211.35589065,7.94571018,-7.94571018,11.39953337,0.49319515,-0.49319515,"Mass","Transit"
"HD 217958 b",166.54208527,110.28645723,-20.02318964,14.20000000,,,"Mass","Radial Velocity"
"KMT-2019-BLG-0298L b",575.26941667,305.11527072,-305.11527072,13.40000000,,,"Mass","Microlensing"
"OGLE2-TR-L9 b",1430.17500000,476.72500000,-476.72500000,18.04600000,0.44800000,-0.44800000,"Mass","Transit"
"HATS-32 b",292.40360000,31.78300000,-31.78300000,14.00004100,1.61409600,-1.07606400,"Mass","Transit"
"V2376 Ori b",6356.56814000,3178.28407000,-3178.28407000,87.20586985,10.87271128,-10.87271128,"Mass","Imaging"
"WASP-38 b",1093.33520000,114.41880000,-114.41880000,13.78707000,0.67254000,-0.67254000,"Mass","Transit"
"LHS 1903 c",4.55000000,0.73000000,-0.69000000,2.04600000,0.07800000,-0.07400000,"Mass","Transit"
"HAT-P-57 b",448.14030000,483.10160000,-483.10160000,19.50366000,4.03524000,-4.03524000,"Mass","Transit"
"K2-216 b",8.00000000,1.60000000,-1.60000000,1.75000000,0.17000000,-0.10000000,"Mass","Transit"
"HD 143811 AB b",1938.75328270,222.47988490,-286.04556630,15.69257298,1.12089807,-1.12089807,"Mass","Imaging"
"WASP-104 b",404.26300000,14.93700000,-14.93700000,12.74500000,0.41500000,-0.41500000,"Mass","Transit"
"51 Peg b",193.87532827,19.06970442,-15.89142035,14.10000000,,,"Mass","Radial Velocity"
"TOI-1801 b",5.73800000,1.45500000,-1.42800000,2.07900000,0.12400000,-0.11000000,"Mass","Transit"
"TOI-762 A b",79.77493016,13.34879309,-13.34879309,8.33948164,0.19055267,-0.19055267,"Mass","Transit"
"K2-32 e",2.10000000,1.30000000,-1.10000000,1.21200000,0.05200000,-0.04600000,"Mass","Transit"
"Kepler-78 b",1.68000000,0.27000000,-0.27000000,1.20100000,0.02800000,-0.02800000,"Mass","Transit"
"TOI-1742 b",9.70000000,1.90000000,-1.90000000,2.36507598,0.05691119,-0.05107400,"Mass","Transit"
"K2-105 b",15.40000000,4.40000000,-4.40000000,3.40000000,0.12000000,-0.05000000,"Mass","Transit"
"WASP-60 b",174.80650000,60.38770000,-60.38770000,9.86392000,1.34508000,-1.34508000,"Mass","Transit"
"HD 7449 b",2597.92939882,970.96578339,-857.81887049,12.60000000,,,"Mass","Radial Velocity"
"Kepler-98 b",3.55000000,1.60000000,-1.60000000,1.99000000,0.22000000,-0.22000000,"Mass","Transit"
"WASP-6 b",148.42586607,7.62788177,-7.31005336,12.54284940,0.19055267,-0.20176165,"Mass","Transit"
"WASP-189 b",632.47852993,50.85254512,-44.49597698,18.14733975,0.23538859,-0.23538859,"Mass","Transit"
"TOI-2295 b",278.09985612,13.34879309,-13.03096469,16.47720163,9.52763359,-5.94075977,"Mass","Transit"
"KMT-2018-BLG-1990L b",111.00000000,42.00000000,-28.00000000,12.90000000,,,"Mass","Microlensing"
"TOI-1295 b",451.31633794,25.42627256,-25.42627256,15.69257298,0.89671846,-0.89671846,"Mass","Transit"
"NGTS-15 b",238.68913366,32.41849751,-27.96889982,12.32987877,1.12089807,-1.12089807,"Mass","Transit"
"HD 81817 b",7668.56380410,3097.87348303,-219.61942924,12.00000000,,,"Mass","Radial Velocity"
"TOI-2184 b",206.58846455,50.85254512,-50.85254512,11.39953337,0.57165802,-0.57165802,"Mass","Transit"
"OGLE-2016-BLG-1598L b",120.77479466,95.34852210,-95.34852210,13.60000000,,,"Mass","Microlensing"
"OGLE-2018-BLG-1212L b",63.56568140,50.85254512,-41.31769291,9.32000000,,,"Mass","Microlensing"
"TOI-2018 b",9.20000000,2.10000000,-2.10000000,2.26800000,0.06900000,-0.06900000,"Mass","Transit"
"TOI-669 b",10.00000000,1.40000000,-1.40000000,2.58606487,0.13042739,-0.11014467,"Mass","Transit"
"WASP-184 b",181.16310000,31.78300000,-31.78300000,14.90797000,1.00881000,-1.00881000,"Mass","Transit"
"OGLE-2019-BLG-0304L b",162.09248757,162.09248757,-73.10053361,14.20000000,,,"Mass","Microlensing"
"WASP-25 b",179.25522155,8.26353858,-7.94571018,13.80946422,0.15692573,-0.19055267,"Mass","Transit"
"Kepler-105 c",5.60000000,1.20000000,-1.20000000,1.44000000,0.04000000,-0.04000000,"Mass","Transit"
"TOI-199 b",54.03082919,6.35656814,-6.35656814,9.07927437,0.05604490,-0.05604490,"Mass","Transit"
"LHS 1903 e",5.79000000,1.60000000,-1.61000000,1.73200000,0.05900000,-0.05800000,"Mass","Transit"
"OGLE-2017-BLG-1275L b",1875.18760130,699.22249540,-699.22249540,12.80000000,,,"Mass","Microlensing"
"TOI-2421 b",105.83685953,25.10844415,-25.10844415,10.36830715,0.39231432,-0.38110534,"Mass","Transit"
"Kepler-323 c",6.80000000,3.40000000,-3.20000000,1.57000000,0.04000000,-0.04000000,"Mass","Transit"
"TOI-7510 b",18.10000000,1.70000000,-1.70000000,7.31000000,0.23000000,-0.23000000,"Mass","Transit"
"HATS-17 b",425.25654000,20.65895000,-20.65895000,8.70939300,0.62770400,-0.62770400,"Mass","Transit"
"HD 77946 b",10.90000000,1.80000000,-1.70000000,2.89646124,0.18675590,-0.14235529,"Mass","Transit"
"LHS 1478 b",2.33000000,0.20000000,-0.20000000,1.24200000,0.05100000,-0.04900000,"Mass","Transit"
"TOI-2147 b",116.00000000,22.00000000,-22.00000000,10.50000000,0.30000000,-0.30000000,"Mass","Transit"
"Kepler-94 b",10.84000000,1.40000000,-1.40000000,3.51000000,0.15000000,-0.15000000,"Mass","Transit"
"MOA-2007-BLG-192L b",12.49000000,65.47000000,-8.03000000,3.58000000,,,"Mass","Microlensing"
"Kepler-47 d",19.02000000,23.84000000,-11.67000000,7.04000000,0.66000000,-0.49000000,"Mass","Transit"
"TOI-2136 b",6.37000000,2.45000000,-2.29000000,2.19000000,0.17000000,-0.17000000,"Mass","Transit"
"HD 11506 d",4068.20360960,190.69704420,-158.91420350,12.30000000,,,"Mass","Radial Velocity"
"HAT-P-6 b",419.53560000,95.34900000,-95.34900000,16.58932000,1.68135000,-1.68135000,"Mass","Transit"
"TRAPPIST-1 g",1.32100000,0.03800000,-0.03800000,1.12900000,0.01500000,-0.01300000,"Mass","Transit"
"WASP-185 b",311.47340000,19.06980000,-19.06980000,14.01125000,0.89672000,-0.89672000,"Mass","Transit"
"TOI-4336 A c",1.55000000,0.13000000,-0.13000000,1.25100000,0.06600000,-0.06600000,"Mass","Transit"
"TOI-5261 b",3651.84839643,136.66621501,-146.20106722,11.60129502,0.47077719,-0.45956821,"Mass","Transit"
"HATS-44 b",177.98480000,34.96130000,-34.96130000,11.96000300,1.40112500,-0.79583900,"Mass","Transit"
"TOI-5616 b",624.00000000,,,10.78000000,0.54000000,-0.47000000,"Mass","Transit"
"KMT-2021-BLG-1105L b",413.17692910,216.12331676,-216.12331676,13.60000000,,,"Mass","Microlensing"
"TOI-4504 c",1197.32317485,57.52694167,-57.90833576,11.09689089,0.56044903,-0.56044903,"Mass","Transit"
"KMT-2017-BLG-1146L b",230.00000000,250.00000000,-130.00000000,14.00000000,,,"Mass","Microlensing"
"HD 149026 b",120.77540000,19.06980000,-19.06980000,8.29466000,0.22418000,-0.22418000,"Mass","Radial Velocity"
"GJ 179 b",301.93698665,50.85254512,-34.96112477,13.80000000,,,"Mass","Radial Velocity"
"HATS-42 b",597.52040000,47.67450000,-47.67450000,15.69260000,2.80225000,-1.56926000,"Mass","Transit"
"TOI-329 b",40.40000000,3.80000000,-3.70000000,4.94057819,0.29202617,-0.25614214,"Mass","Transit"
"TOI-5788 b",3.72000000,0.94000000,-0.94000000,1.52800000,0.07500000,-0.07500000,"Mass","Transit"
"TrES-4 b",247.90740000,60.38770000,-60.38770000,18.04649000,2.01762000,-2.01762000,"Mass","Transit"
"TOI-1753 b",16.60000000,5.20000000,-5.20000000,2.47852533,0.09834485,-0.07935468,"Mass","Transit"
"BD-14 3065 b",3932.00000000,290.00000000,-280.00000000,21.59000000,1.05000000,-1.05000000,"Mass","Transit"
"Kepler-139 f",36.00000000,10.00000000,-10.00000000,6.67000000,,,"Mass","Transit Timing Variations"
"Qatar-10 b",233.92288000,28.60470000,-28.60470000,17.29548700,0.44836000,-0.44836000,"Mass","Transit"
"KMT-2021-BLG-2609L b",10.17050902,13.98444991,-5.72091133,3.17000000,,,"Mass","Microlensing"
"Kepler-29 c",4.50000000,1.10000000,-1.10000000,2.34000000,0.12000000,-0.11000000,"Mass","Transit"
"HD 86226 b",143.02350000,12.71320000,-15.89150000,14.30000000,,,"Mass","Radial Velocity"
"HAT-P-5 b",311.47340000,63.56600000,-63.56600000,13.56289000,1.12090000,-1.12090000,"Mass","Transit"
"Kepler-254 c",3.20000000,3.70000000,-2.70000000,2.15000000,1.03000000,-1.03000000,"Mass","Transit"
"WASP-183 b",159.55066000,14.93801000,-14.93801000,16.47723000,10.53646000,-3.69897000,"Mass","Transit"
"TOI-3457 b",797.74930157,,,10.64000000,0.25000000,-0.25000000,"Mass","Transit"
"Kepler-350 d",14.90000000,5.30000000,-4.70000000,2.80000000,1.28000000,-0.54000000,"Mass","Transit"
"K2-19 c",11.00000000,0.50000000,-0.40000000,4.10000000,0.20000000,-0.20000000,"Mass","Transit"
"TOI-3160 A b",378.21580433,50.85254512,-47.67426105,13.76462830,0.51561311,-0.50440413,"Mass","Transit"
"HAT-P-45 b",283.49200000,43.54100000,-31.46400000,15.98400000,1.96200000,-0.97500000,"Mass","Transit"
"TOI-622 b",96.30200732,21.93016008,-22.88364530,9.23620010,0.31385146,-0.32506044,"Mass","Transit"
"KELT-19 A b",1293.56810000,,,21.40919000,1.23299000,-1.23299000,"Mass","Transit"
"Kepler-16 b",105.83300000,5.08500000,-5.08500000,8.44930000,0.02910000,-0.02910000,"Mass","Transit"
"55 Cnc f",44.81200000,3.81400000,-3.81400000,7.59000000,,,"Mass","Radial Velocity"
"LP 791-18 c",7.16000000,0.65000000,-0.65000000,2.48800000,0.09600000,-0.09600000,"Mass","Transit"
"KMT-2019-BLG-1715L b",813.64072192,359.14609991,-368.68095212,13.20000000,,,"Mass","Microlensing"
"KELT-23 A b",298.12454000,15.25584000,-13.98452000,14.82950700,0.28022500,-0.28022500,"Mass","Transit"
"WASP-89 b",1875.19700000,127.13200000,-127.13200000,11.65736000,0.44836000,-0.44836000,"Mass","Transit"
"Kepler-385 c",13.20000000,16.80000000,-9.00000000,3.04000000,1.56000000,-1.56000000,"Mass","Transit"
"WASP-55 b",186.24744650,10.48833743,-10.17050902,14.72860064,0.23538859,-0.28022452,"Mass","Transit"
"K2-285 e",10.70000000,,,1.95000000,0.05000000,-0.05000000,"Mass","Transit"
"K2-329 b",82.63580000,6.35660000,-6.99226000,8.67576600,0.29143400,-0.26901600,"Mass","Transit"
"TOI-2345 b",3.49000000,0.85000000,-0.85000000,1.50400000,0.04700000,-0.04400000,"Mass","Transit"
"KMT-2020-BLG-0414L b",1.87000000,0.27000000,-0.16000000,1.20000000,,,"Mass","Microlensing"
"HD 11505 b",2510.52658689,1031.35318072,-541.26177712,12.60000000,,,"Mass","Radial Velocity"
"WASP-45 b",306.38812000,18.43414000,-17.79848000,10.60371400,0.65012200,-0.57165900,"Mass","Transit"
"TOI-1136 g",5.60000000,4.10000000,-3.20000000,2.53000000,0.11000000,-0.12000000,"Mass","Transit"
"KELT-21 b",1242.71530000,,,17.77747400,0.43715100,-0.44836000,"Mass","Transit"
"TOI-270 d",4.20000000,0.16000000,-0.16000000,2.00000000,0.05000000,-0.05000000,"Mass","Transit"
"Kepler-1876 b",2.40000000,,,0.85300000,0.03900000,-0.02600000,"Mass","Transit"
"EPIC 246851721 b",953.49000000,349.61300000,-381.39600000,11.78065900,0.49319600,-0.49319600,"Mass","Transit"
"TOI-4860 b",86.70000000,1.90000000,-1.90000000,8.70000000,0.40000000,-0.40000000,"Mass","Transit"
"WASP-42 b",167.49641000,8.89924000,-8.89924000,12.57649800,0.43715100,-0.43715100,"Mass","Transit"
"HD 6061 b",10.00000000,2.50000000,-2.50000000,2.42763557,0.09903199,-0.07283589,"Mass","Transit"
"TOI-5232 b",743.71847238,50.85254512,-50.85254512,12.77823800,0.57165802,-0.50440413,"Mass","Transit"
"TOI-333 b",20.10000000,2.40000000,-2.40000000,4.26000000,0.11000000,-0.11000000,"Mass","Transit"
"TOI-4529 b",4.90000000,,,1.77000000,0.09000000,-0.08000000,"Mass","Transit"
"KOI-1833 d",11.02000000,,,2.58000000,0.23000000,-0.22000000,"Mass","Transit"
"HD 16905 b",3591.46099910,190.69704420,-222.47988490,12.40000000,,,"Mass","Radial Velocity"
"TOI-1516 b",1004.33776612,38.13940884,-38.13940884,15.24421375,0.33626942,-0.33626942,"Mass","Transit"
"WASP-163 b",594.34210000,66.74430000,-66.74430000,13.47321800,1.08727300,-1.08727300,"Mass","Transit"
"TYC 8998-760-1 c",1906.98000000,317.83000000,-317.83000000,12.32990000,6.72540000,-3.36270000,"Mass","Imaging"
"TOI-150.01",797.75330000,38.13960000,-38.13960000,14.06729500,0.23538900,-0.21297100,"Mass","Transit"
"TOI-332 b",57.20000000,1.60000000,-1.60000000,3.20000000,0.16000000,-0.11000000,"Mass","Transit"
"OGLE-2018-BLG-0298L b",44.49597698,22.24798849,-19.06970442,7.56000000,,,"Mass","Microlensing"
"Kepler-223 e",4.80000000,1.40000000,-1.20000000,4.60000000,0.27000000,-0.41000000,"Mass","Transit"
"WASP-91 b",425.89220000,25.42640000,-25.42640000,11.54527000,0.44836000,-0.44836000,"Mass","Transit"
"Kepler-68 c",1.30000000,,,0.97900000,0.01900000,-0.01900000,"Mass","Transit"
"TOI-5301 b",1182.32167404,117.59651059,-117.59651059,13.09208946,0.85188253,-0.78462865,"Mass","Transit"
"NGTS-11 b",109.33352000,29.24036000,-23.20159000,9.15775300,0.31385200,-0.35868800,"Mass","Transit"
"HD 183579 b",20.40000000,2.60000000,-2.50000000,3.49000000,0.07000000,-0.06400000,"Mass","Transit"
"Kepler-240 c",102.30000000,43.30000000,-39.40000000,2.20000000,0.89000000,-0.89000000,"Mass","Transit"
"HD 219666 b",17.60000000,1.20000000,-1.20000000,4.89800000,0.06000000,-0.06000000,"Mass","Transit"
"HAT-P-34 b",1058.37390000,66.74430000,-63.56600000,13.41717300,1.45717000,-1.03122800,"Mass","Transit"
"TOI-2046 b",731.00533610,88.99195396,-88.99195396,16.14093221,1.23298788,-1.23298788,"Mass","Transit"
"OGLE-2015-BLG-0966L b",21.00000000,2.00000000,-2.00000000,4.86000000,,,"Mass","Microlensing"
"OGLE-2014-BLG-0221L b",1382.55357045,524.41687155,-607.05225737,12.90000000,,,"Mass","Microlensing"
"KELT-17 b",416.35730000,88.99240000,-92.17070000,17.09372500,0.72858500,-0.67254000,"Mass","Transit"
"2MASS J12073346-3932539 b",1652.70771640,190.69704420,-222.47988490,15.69257298,0.33626942,-0.44835923,"Mass","Imaging"
"Kepler-289 e",17.40000000,1.30000000,-1.20000000,2.94000000,0.46000000,-0.38000000,"Mass","Transit"
"HATS-33 b",378.85336000,16.84499000,-16.84499000,13.78707000,1.25540800,-0.90792900,"Mass","Transit"
"Kepler-539 b",308.29510000,92.17070000,-92.17070000,8.37312300,0.19055300,-0.19055300,"Mass","Transit"
"Kepler-80 d",6.75000000,0.69000000,-0.51000000,1.53000000,0.09000000,-0.07000000,"Mass","Transit"
"K2-199 b",6.90000000,1.80000000,-1.80000000,1.73000000,0.05000000,-0.04000000,"Mass","Transit"
"Kepler-25 b",8.70000000,2.50000000,-2.30000000,2.74800000,0.03800000,-0.03500000,"Mass","Transit"
"HD 55696 b",1357.12729789,317.82840700,-219.30160083,12.90000000,,,"Mass","Radial Velocity"
"HD 8673 b",4210.59073594,536.49435102,-450.04502431,12.30000000,,,"Mass","Radial Velocity"
"WASP-150 b",2688.84180000,88.99240000,-63.56600000,11.99363000,0.26901600,-0.28022500,"Mass","Transit"
"TOI-2134 c",58.30000000,1.90000000,-1.90000000,7.35000000,0.18000000,-0.18000000,"Mass","Transit"
"HD 11506 b",1551.00262616,631.20721630,-105.83685953,12.90000000,,,"Mass","Radial Velocity"
"TOI-1994 b",7024.00779470,826.35385820,-794.57101750,13.67495645,0.91913642,-0.79583763,"Mass","Transit"
"TOI-3682 b",69.28659273,23.83713052,-25.42627256,12.80065596,0.40352331,-0.39231432,"Mass","Transit"
"TOI-1842 b",89.40000000,7.80000000,-7.80000000,12.34850230,0.27917829,-0.29433660,"Mass","Transit"
"Kepler-385 b",12.80000000,11.40000000,-6.80000000,2.73000000,1.38000000,-1.38000000,"Mass","Transit"
"HD 151450 c",1636.18063924,375.03752026,-336.26245461,12.80000000,,,"Mass","Radial Velocity"
"HD 27631 b",495.81231492,63.56568140,-47.67426105,13.50000000,,,"Mass","Radial Velocity"
"TOI-1803 c",8.00000000,1.00000000,-2.00000000,4.29000000,0.08000000,-0.08000000,"Mass","Transit"
"Kepler-83 d",4.10000000,2.80000000,-1.30000000,1.94000000,0.13000000,-0.13000000,"Mass","Transit"
"Kepler-31 c",1493.70000000,,,5.30000000,1.10000000,-1.10000000,"Mass","Transit"
"HD 108341 b",715.11391575,225.65816897,-79.45710175,13.30000000,,,"Mass","Radial Velocity"
"Kepler-58 c",53.00000000,,,2.86000000,,,"Mass","Transit"
"TOI-500 b",1.42000000,0.18000000,-0.18000000,1.16600000,0.06100000,-0.05800000,"Mass","Transit"
"OGLE-2018-BLG-0977L b",6.40000000,5.20000000,-3.70000000,2.41000000,,,"Mass","Microlensing"
"KMT-2024-BLG-1044L b",7.75000000,12.03000000,-4.04000000,2.70000000,,,"Mass","Microlensing"
"TOI-3693 b",324.18497514,76.27881768,-69.92224954,12.59889431,0.32506044,-0.25780656,"Mass","Transit"
"OGLE-2019-BLG-0249L b",2262.93825784,467.20775829,-467.20775829,12.70000000,,,"Mass","Microlensing"
"TOI-1408 c",7.60000000,0.20000000,-0.20000000,2.22000000,0.06000000,-0.06000000,"Mass","Transit Timing Variations"
"HD 165131 b",5943.39121090,444.95976980,-317.82840700,12.10000000,,,"Mass","Radial Velocity"
"Kepler-44 b",317.82000000,31.78000000,-31.78000000,12.22000000,0.78000000,-0.78000000,"Mass","Transit"
"TOI-2346 b",394.10722468,69.92224954,-69.92224954,16.11851425,0.48198617,-0.45956821,"Mass","Transit"
"Kepler-41 b",177.98000000,25.43000000,-25.43000000,14.46000000,0.22000000,-0.22000000,"Mass","Transit"
"Kepler-94 c",3126.00000000,200.00000000,-200.00000000,12.50000000,,,"Mass","Radial Velocity"
"HAT-P-37 b",371.52800000,32.73500000,-32.73500000,13.20400000,0.86300000,-0.86300000,"Mass","Transit"
"WASP-103 b",473.54700000,27.96800000,-27.96800000,17.12700000,0.81800000,-0.52700000,"Mass","Transit"
"KMT-2019-BLG-1806L b",4.67000000,1.56000000,-1.60000000,2.00000000,,,"Mass","Microlensing"
"OGLE-2007-BLG-368L b",20.00000000,7.00000000,-8.00000000,4.72000000,,,"Mass","Microlensing"
"TOI-6564 b",222.16205649,20.97667486,-20.97667486,16.39873876,0.21297063,-0.21297063,"Mass","Transit"
"Kepler-19 c",13.10000000,2.70000000,-2.70000000,3.68000000,,,"Mass","Transit Timing Variations"
"OGLE-2018-BLG-0532L b",6.22800000,0.90500000,-0.88100000,2.37000000,,,"Mass","Microlensing"
"TOI-1238 c",8.32000000,1.90000000,-1.88000000,2.11000000,0.14000000,-0.14000000,"Mass","Transit"
"HD 27894 d",2063.65984665,313.69663771,-112.19342767,12.70000000,,,"Mass","Radial Velocity"
"KELT-3 b",616.59020000,104.88390000,-104.88390000,17.48604000,1.23299000,-1.23299000,"Mass","Transit"
"TOI-201 d",5.80000000,2.00000000,-2.00000000,1.39000000,0.07000000,-0.07000000,"Mass","Transit"
"MOA-2022-BLG-091L b",1141.00398113,635.65681400,-530.77343969,13.00000000,,,"Mass","Microlensing"
"KMT-2021-BLG-2294L b",22.24798849,31.78284070,-12.71313628,5.02000000,,,"Mass","Microlensing"
"HD 81040 b",2301.07766668,317.82840700,-117.59651059,12.60000000,,,"Mass","Radial Velocity"
"GJ 1252 b",1.32000000,0.28000000,-0.28000000,1.19300000,0.07400000,-0.07400000,"Mass","Transit"
"OGLE-2016-BLG-1266L b",3813.94088400,190.69704420,-190.69704420,12.40000000,,,"Mass","Microlensing"
"Kepler-23 d",4.44000000,1.30000000,-1.21000000,2.20600000,0.05700000,-0.05700000,"Mass","Transit"
"TOI-2196 b",26.00000000,1.30000000,-1.30000000,3.51000000,0.15000000,-0.15000000,"Mass","Transit"
"HD 66428 b",3478.94974302,776.13696989,-1222.05022491,12.40000000,,,"Mass","Radial Velocity"
"HIP 8923 b",3171.92750186,247.90615746,-50.85254512,12.50000000,,,"Mass","Radial Velocity"
"TOI-1411 b",2.00000000,1.20000000,-1.10000000,1.19880592,0.04935874,-0.04474058,"Mass","Transit"
"TOI-3023 b",197.05361234,31.78284070,-28.60455663,16.43236571,0.48198617,-0.35868738,"Mass","Transit"
"TOI-1811 b",308.92921160,24.15495893,-24.79061575,11.14172682,0.28022452,-0.25780656,"Mass","Transit"
"TIC 393818343 b",1379.37528638,47.67426105,-47.67426105,12.18416202,0.25780656,-0.23538859,"Mass","Transit"
"TOI-733 b",5.72000000,0.70000000,-0.68000000,1.99200000,0.08500000,-0.09000000,"Mass","Transit"
"Kepler-114 d",3.90000000,1.70000000,-1.70000000,2.53000000,0.28000000,-0.28000000,"Mass","Transit"
"Kepler-85 d",8.69679000,,,1.20000000,0.19000000,-0.19000000,"Mass","Transit"
"NN Ser c",2329.60000000,98.52000000,-98.52000000,12.60000000,,,"Mass","Eclipse Timing Variations"
"TOI-6008 b",4.00000000,,,1.03000000,0.05000000,-0.05000000,"Mass","Transit"
"TOI-469.01",9.10000000,0.82000000,-0.79000000,3.41000000,0.04600000,-0.04600000,"Mass","Transit"
"TOI-3757 b",85.30000000,8.80000000,-8.70000000,12.00000000,0.40000000,-0.50000000,"Mass","Transit"
"Kepler-87 b",324.20000000,8.80000000,-8.80000000,13.49000000,0.55000000,-0.55000000,"Mass","Transit"
"TOI-3980 b",187.51876013,60.38739733,-54.03082919,14.45958510,2.24179614,-1.12089807,"Mass","Transit"
"Kepler-226 c",45.20000000,22.50000000,-19.10000000,2.27000000,0.90000000,-0.90000000,"Mass","Transit"
"KMT-2016-BLG-2605L b",245.04570180,375.99100548,-127.44919121,14.00000000,,,"Mass","Microlensing"
"Kepler-279 e",56.00000000,6.00000000,-4.90000000,4.13000000,0.69000000,-0.92000000,"Mass","Transit"
"MOA-2016-BLG-227L b",890.00000000,700.00000000,-480.00000000,13.20000000,,,"Mass","Microlensing"
"HD 190228 b",1598.67688721,378.21580433,-0.95348522,12.90000000,,,"Mass","Radial Velocity"
"KMT-2023-BLG-0119L b",83.70000000,53.46000000,-45.75000000,11.00000000,,,"Mass","Microlensing"
"TOI-815 b",7.60000000,1.50000000,-1.40000000,2.94000000,0.05000000,-0.05000000,"Mass","Transit"
"Ross 458 c",1906.98000000,,,14.01125000,,,"Mass","Imaging"
"KOI-3680 b",613.41190000,60.38770000,-66.74430000,11.09691000,0.67254000,-0.78463000,"Mass","Transit"
"TOI-1231 b",15.40000000,3.30000000,-3.30000000,3.65000000,0.16000000,-0.15000000,"Mass","Transit"
"HATS-36 b",1022.14128000,19.70546000,-19.70546000,12.92000000,0.38000000,-0.38000000,"Mass","Transit"
"PSR B1257+12 b",0.02000000,0.00200000,-0.00200000,0.33800000,,,"Mass","Pulsar Timing"
"HD 203387 c",2378.94562640,1079.02744177,-702.40077947,12.60000000,,,"Mass","Radial Velocity"
"Kepler-55 b",43.00000000,37.20000000,-18.00000000,2.43000000,,,"Mass","Transit"
"TOI-2154 b",292.40213444,60.38739733,-57.20911326,16.28664896,0.59407598,-0.53803107,"Mass","Transit"
"TOI-4666 b",155.41809102,21.29450327,-20.97667486,12.53164042,0.39231432,-0.39231432,"Mass","Transit"
"K2-32 c",8.10000000,2.40000000,-2.40000000,3.13400000,0.12300000,-0.10200000,"Mass","Transit"
"WASP-160 B b",88.35674000,13.98452000,-14.30235000,12.21781000,0.52682300,-0.45956900,"Mass","Transit"
"TrES-3 b",607.03000000,23.83600000,-25.42500000,14.97500000,0.34700000,-0.41500000,"Mass","Transit"
"HIP 39017 b",7500.75040520,2892.23850370,-2351.93021180,12.00000000,,,"Mass","Imaging"
"K2-287 b",100.11645000,8.58141000,-8.58141000,9.49402300,0.14571700,-0.14571700,"Mass","Transit"
"TOI-5027 b",642.01338214,41.31769291,-41.31769291,10.76062147,0.56044903,-0.67253884,"Mass","Transit"
"WASP-138 b",387.75260000,25.42640000,-25.42640000,12.21781000,0.56045000,-0.56045000,"Mass","Transit"
"WASP-148 b",91.21675281,6.99222495,-5.08525451,8.47398941,0.14571675,-0.19055267,"Mass","Transit"
"TOI-5181 A b",330.54154328,54.03082919,-54.03082919,13.34989601,0.44835923,-0.42594127,"Mass","Transit"
"TOI-2285 b",19.50000000,,,1.77000000,0.12000000,-0.09000000,"Mass","Transit"
"KMT-2021-BLG-2478L b",286.04556630,133.48793094,-76.27881768,13.90000000,,,"Mass","Microlensing"
"TOI-1180 b",10.00000000,5.30000000,-5.40000000,3.07200000,0.27000000,-0.24300000,"Mass","Transit"
"WASP-178 b",527.59780000,38.13960000,-38.13960000,20.28829000,1.00881000,-1.00881000,"Mass","Transit"
"TOI-4994 b",88.99195396,11.75965106,-10.80616584,8.54124329,0.33626942,-0.30264248,"Mass","Transit"
"Kepler-63 b",120.00000000,,,6.11000000,0.20000000,-0.20000000,"Mass","Transit"
"Kepler-60 c",3.85000000,0.81000000,-0.81000000,1.90000000,0.15000000,-0.15000000,"Mass","Transit"
"TOI-1452 b",4.82000000,1.30000000,-1.30000000,1.67200000,0.07100000,-0.07100000,"Mass","Transit"
"KMT-2024-BLG-1281L b",19.06970442,20.97667486,-11.44182265,4.59000000,,,"Mass","Microlensing"
"TOI-1136 b",3.50000000,0.80000000,-0.70000000,1.90000000,0.21000000,-0.15000000,"Mass","Transit"
"CoRoT-20 b",1366.66900000,63.56600000,-63.56600000,9.41556000,0.44836000,-0.44836000,"Mass","Transit"
"WASP-95 b",457.67520000,88.99240000,-88.99240000,13.78707000,1.00881000,-1.00881000,"Mass","Transit"
"TOI-1243 b",7.70000000,1.50000000,-1.50000000,2.33000000,0.12000000,-0.12000000,"Mass","Transit"
"MOA-2011-BLG-262L b",17.00000000,28.00000000,-10.00000000,4.29000000,,,"Mass","Microlensing"
"HAT-P-68 b",230.10892000,13.66669000,-13.66669000,12.01604800,0.13450800,-0.13450800,"Mass","Transit"
"L 98-59 d",1.64000000,0.07000000,-0.07000000,1.62700000,0.04100000,-0.04100000,"Mass","Transit"
"HAT-P-58 b",118.23216740,9.53485221,-9.53485221,14.93036229,0.48198617,-0.48198617,"Mass","Transit"
"KMT-2017-BLG-1194L b",3.54000000,1.95000000,-1.63000000,1.70000000,,,"Mass","Microlensing"
"L 168-9 b",4.07000000,0.45000000,-0.45000000,1.63000000,0.14000000,-0.14000000,"Mass","Transit"
"NGTS-12 b",66.10864000,6.99226000,-6.99226000,11.74703200,0.35868800,-0.35868800,"Mass","Transit"
"MOA-bin-29 b",190.00000000,381.00000000,-120.00000000,14.10000000,,,"Mass","Microlensing"
"TOI-5005 b",32.70000000,5.90000000,-5.90000000,6.25000000,0.24000000,-0.24000000,"Mass","Transit"
"WASP-21 b",95.34500000,3.49600000,-3.49600000,11.99000000,0.56000000,-0.56000000,"Mass","Transit"
"Kepler-79 c",4.60000000,1.30000000,-1.10000000,3.76000000,0.11000000,-0.11000000,"Mass","Transit"
"Kepler-411 e",10.80000000,1.10000000,-1.10000000,3.28000000,,,"Mass","Transit Timing Variations"
"HD 221416 b",60.50000000,5.70000000,-5.70000000,9.17000000,0.34000000,-0.31000000,"Mass","Transit"
"HATS-57 b",1000.21101000,23.20159000,-23.20159000,12.76705100,0.31385200,-0.31385200,"Mass","Transit"
"OGLE-2005-BLG-071L b",1200.00000000,100.00000000,-100.00000000,13.00000000,,,"Mass","Microlensing"
"HATS-75 b",156.05374784,12.39530787,-12.39530787,9.90873894,0.14571675,-0.14571675,"Mass","Transit"
"KMT-2022-BLG-1013L b",98.52680617,146.20106722,-50.85254512,12.10000000,,,"Mass","Microlensing"
"HN Peg b",6991.57000000,2996.39000000,-2996.39000000,11.77680000,1.52663000,-0.65427000,"Mass","Imaging"
"WASP-31 b",151.91600000,9.21700000,-9.21700000,17.36300000,0.56000000,-0.56000000,"Mass","Transit"
"TOI-2368 b",206.58846455,57.20911326,-57.20911326,10.83908434,0.40352331,-0.34747840,"Mass","Transit"
"TOI-4336 A b",3.33000000,0.34000000,-0.37000000,2.13700000,0.08000000,-0.08000000,"Mass","Transit"
"Kepler-43 b",1026.59090000,82.63580000,-82.63580000,13.66377100,0.72858500,-0.71737600,"Mass","Transit"
"KOI-55 c",0.65500000,,,0.86700000,,,"Mass","Orbital Brightness Modulation"
"KOI-351 h",203.00000000,16.00000000,-16.00000000,11.25200000,0.30600000,-0.30600000,"Mass","Transit"
"TOI-3331 A b",721.47048389,50.85254512,-50.85254512,12.97999965,0.48198617,-0.48198617,"Mass","Transit"
"WASP-85 A b",402.05495000,20.65895000,-20.65895000,13.89916000,0.33627000,-0.33627000,"Mass","Transit"
"KMT-2018-BLG-0087L b",73.10053361,101.70509024,-38.13940884,10.10000000,,,"Mass","Microlensing"
"HD 222237 b",1649.52943233,184.34047606,-184.34047606,12.80000000,,,"Mass","Radial Velocity"
"WASP-195 b",33.05415433,9.53485221,-9.85268062,10.31226224,0.56044903,-0.56044903,"Mass","Transit"
"OGLE-2018-BLG-0596L b",13.93000000,1.56000000,-1.56000000,3.81000000,,,"Mass","Microlensing"
"Kepler-359 d",2.70000000,2.50000000,-1.50000000,4.01000000,1.91000000,-1.91000000,"Mass","Transit"
"Kepler-444 d",0.20000000,0.50000000,-0.10000000,0.53000000,0.02200000,-0.01900000,"Mass","Transit"
"KMT-2018-BLG-0247L b",670.61793877,664.26137063,-330.54154328,13.40000000,,,"Mass","Microlensing"
"LHS 1903 b",3.28000000,0.42000000,-0.42000000,1.38200000,0.04600000,-0.04600000,"Mass","Transit"
"KMT-2023-BLG-0469L b",39.41072247,29.24021344,-21.29450327,7.04000000,,,"Mass","Microlensing"
"TOI-286 c",3.72000000,2.22000000,-2.22000000,1.88000000,0.12000000,-0.12000000,"Mass","Transit"
"KELT-18 b",375.03940000,34.96130000,-34.96130000,17.59813000,0.47077800,-0.40352400,"Mass","Transit"
"HD 152843 b",9.82000000,1.71000000,-1.61000000,3.05000000,0.11000000,-0.11000000,"Mass","Transit"
"HD 26161 b",9045.39646322,6372.14173194,-70.55790635,11.90000000,,,"Mass","Radial Velocity"
"KMT-2018-BLG-1743L b",77.86795971,107.74382997,-42.90683494,10.50000000,,,"Mass","Microlensing"
"Kepler-80 b",6.93000000,1.05000000,-0.70000000,2.67000000,0.10000000,-0.10000000,"Mass","Transit"
"HD 89345 b",34.96130000,5.40311000,-5.72094000,7.39794000,0.31385200,-0.33627000,"Mass","Transit"
"HD 25463 c",4.30000000,1.90000000,-1.90000000,1.36354953,0.13045621,-0.09615242,"Mass","Transit"
"TOI-2379 b",1830.69162432,63.56568140,-63.56568140,11.72459381,0.25780656,-0.25780656,"Mass","Transit"
"K2-24 c",15.40000000,1.90000000,-1.80000000,7.50000000,0.30000000,-0.30000000,"Mass","Transit"
"HR 858 b",3.55000000,0.94000000,-0.96000000,2.00400000,0.04500000,-0.04700000,"Mass","Transit"
"TOI-4145 A b",136.66621501,41.31769291,-41.31769291,13.30506009,0.35868738,-0.34747840,"Mass","Transit"
"OGLE-2018-BLG-1700L b",1400.00000000,966.00000000,-636.00000000,12.90000000,,,"Mass","Microlensing"
"HAT-P-54 b",241.55080000,10.17056000,-10.17056000,10.58129600,0.31385200,-0.31385200,"Mass","Transit"
"HD 3167 b",4.84400000,0.27000000,-0.25400000,1.60100000,0.04800000,-0.03600000,"Mass","Transit"
"KOI-1843.03",8.00000000,,,0.61000000,0.12000000,-0.08000000,"Mass","Transit"
"K2-416 b",1652.70771640,,,2.66000000,0.19000000,-0.14000000,"Mass","Transit"
"K2-141 b",4.97000000,0.35000000,-0.34000000,1.51000000,0.05000000,-0.05000000,"Mass","Transit"
"TOI-3568 b",26.40000000,1.00000000,-1.00000000,5.30000000,0.27000000,-0.27000000,"Mass","Transit"
"K2-280 b",37.10000000,5.60000000,-5.60000000,7.50000000,0.44000000,-0.44000000,"Mass","Transit"
"TOI-5786 b",73.00000000,9.00000000,-9.00000000,8.54000000,0.13000000,-0.13000000,"Mass","Transit"
"KMT-2021-BLG-0192L b",34.96112477,15.89142035,-12.71313628,6.56000000,,,"Mass","Microlensing"
"TRAPPIST-1 b",1.37400000,0.06900000,-0.06900000,1.11600000,0.01400000,-0.01200000,"Mass","Transit"
"ZTF J1828+2308 b",6356.56814000,317.82840700,-317.82840700,11.13051784,0.21297063,-0.21297063,"Mass","Transit"
"KOI-1783.02",15.00000000,4.30000000,-3.60000000,5.44000000,0.52000000,-0.30000000,"Mass","Transit"
"HD 44219 b",184.34047606,28.60455663,-25.42627256,14.10000000,,,"Mass","Radial Velocity"
"HD 72659 b",949.67128012,821.90426050,-31.14718389,13.20000000,,,"Mass","Radial Velocity"
"TOI-6029 b",519.64944544,10.17050902,-10.17050902,14.39233122,1.09848011,-1.09848011,"Mass","Transit"
"KMT-2022-BLG-0371L b",82.63538582,41.31769291,-34.96112477,10.90000000,,,"Mass","Microlensing"
"K2-138 c",6.31000000,1.13000000,-1.23000000,2.29900000,0.12000000,-0.08700000,"Mass","Transit"
"TOI-2570 b",260.61929374,20.02318964,-20.65884645,13.64132951,0.39231432,-0.38110534,"Mass","Transit"
"Kepler-11 b",1.90000000,1.40000000,-1.00000000,1.80000000,0.03000000,-0.05000000,"Mass","Transit"
"kap CrB b",689.69110000,,,13.30000000,,,"Mass","Radial Velocity"
"NGTS-26 b",92.80589484,20.65884645,-19.06970442,14.88552637,0.66132986,-0.53803107,"Mass","Transit"
"HD 106315 c",15.20000000,3.70000000,-3.70000000,4.35000000,0.23000000,-0.23000000,"Mass","Transit"
"WASP-166 b",32.10083000,1.58915000,-1.58915000,7.06167000,0.33627000,-0.33627000,"Mass","Transit"
"OGLE-2015-BLG-0954L b",1100.00000000,1200.00000000,-510.00000000,13.10000000,,,"Mass","Microlensing"
"KMT-2021-BLG-1303L b",120.77479466,69.92224954,-63.56568140,13.60000000,,,"Mass","Microlensing"
"WASP-84 b",220.00000000,18.00000000,-18.00000000,10.72000000,0.27000000,-0.27000000,"Mass","Transit"
"TOI-663 c",3.65000000,0.97000000,-0.97000000,2.26000000,0.10000000,-0.10000000,"Mass","Transit"
"TOI-1064 c",2.50000000,1.80000000,-2.00000000,2.65100000,0.04300000,-0.04200000,"Mass","Transit"
"WASP-101 b",162.09330000,25.42640000,-25.42640000,16.02887000,1.00881000,-1.00881000,"Mass","Transit"
"KELT-20 b",1074.90106000,,,19.51486900,0.77342100,-0.82946600,"Mass","Transit"
"Kepler-62 b",9.00000000,,,1.31000000,0.04000000,-0.04000000,"Mass","Transit"
"HD 21520 b",17.70000000,,,2.69700000,0.09000000,-0.09000000,"Mass","Transit"
"TOI-4641 b",1229.99593509,,,8.18255591,0.29143350,-0.31385146,"Mass","Transit"
"Kepler-49 b",9.77000000,0.94000000,-0.95000000,2.57900000,0.08700000,-0.08600000,"Mass","Transit"
"Kepler-79 b",7.60000000,3.80000000,-2.60000000,3.51000000,0.10000000,-0.10000000,"Mass","Transit"
"KMT-2016-BLG-2364L b",1250.00000000,1000.00000000,-690.00000000,13.00000000,,,"Mass","Microlensing"
"CoRoT-2 b",1102.82000000,69.92000000,-69.92000000,16.43200000,0.47100000,-0.49300000,"Mass","Transit"
"TOI-2120 b",6.80000000,,,2.12200000,0.06500000,-0.06500000,"Mass","Transit"
"KMT-2019-BLG-0253L b",9.20000000,5.00000000,-4.10000000,2.99000000,,,"Mass","Microlensing"
"TOI-4010 c",20.31000000,2.13000000,-2.11000000,5.93000000,0.11000000,-0.12000000,"Mass","Transit"
"Kepler-100 c",7.05000000,,,2.20000000,0.05000000,-0.05000000,"Mass","Transit"
"Kepler-11 f",2.00000000,0.80000000,-0.90000000,2.49000000,0.04000000,-0.07000000,"Mass","Transit"
"Kepler-305 d",6.20000000,1.76000000,-1.34000000,2.76000000,0.12000000,-0.12000000,"Mass","Transit"
"TOI-4495 c",23.20000000,4.40000000,-4.70000000,4.03000000,0.23000000,-0.15000000,"Mass","Transit"
"GJ 3470 b",13.90000000,1.50000000,-1.50000000,4.57000000,0.18000000,-0.18000000,"Mass","Radial Velocity"
"KMT-2018-BLG-0748L b",60.00000000,89.00000000,-32.00000000,9.01000000,,,"Mass","Microlensing"
"KMT-2023-BLG-0949L b",1900.61387386,1385.73185452,-988.44634577,12.80000000,,,"Mass","Microlensing"
"K2-136 b",4.30000000,,,1.01400000,0.05000000,-0.04900000,"Mass","Transit"
"Kepler-1514 b",1678.14240000,69.92260000,-69.92260000,12.41957200,0.25780700,-0.25780700,"Mass","Transit"
"Kepler-114 c",2.80000000,0.60000000,-0.60000000,1.60000000,0.18000000,-0.18000000,"Mass","Transit"
"Kepler-20 c",11.10000000,2.10000000,-2.10000000,2.89400000,0.03600000,-0.03300000,"Mass","Transit"
"TOI-4551 b",473.56432643,41.31769291,-41.31769291,11.85910158,1.23298788,-0.69495680,"Mass","Transit"
"Kepler-189 c",22.70000000,17.10000000,-10.60000000,2.38000000,1.19000000,-1.19000000,"Mass","Transit"
"KMT-2024-BLG-1870L b",336.89811142,168.44905571,-174.80562385,13.80000000,,,"Mass","Microlensing"
"TIC 4672985 b",4049.13390518,321.00669107,-321.00669107,11.50041420,0.75100171,-0.72858375,"Mass","Transit"
"K2-100 b",21.80000000,6.20000000,-6.20000000,3.88000000,0.16000000,-0.16000000,"Mass","Transit"
"AU Mic b",8.99000000,2.61000000,-2.67000000,4.79000000,0.29000000,-0.29000000,"Mass","Transit"
"2MASS J0249-0557 c",3616.88727166,244.72787339,-244.72787339,17.37392009,0.33626942,-0.33626942,"Mass","Imaging"
"TOI-2337 b",508.52545120,47.67426105,-47.67426105,10.08808263,1.12089807,-1.12089807,"Mass","Transit"
"KMT-2019-BLG-0335L b",6674.39654700,7310.05336100,-4131.76929100,12.10000000,,,"Mass","Microlensing"
"TOI-2015 b",9.20000000,0.32000000,-0.35000000,3.30900000,0.01300000,-0.01100000,"Mass","Transit"
"HAT-P-53 b",471.65972000,17.79848000,-17.79848000,14.77346200,1.02001900,-1.02001900,"Mass","Transit"
"TOI-411 c",9.72000000,,,2.32800000,0.03800000,-0.03900000,"Mass","Transit"
"WISPIT 1 b",3305.41543280,222.47988490,-254.26272560,12.40000000,,,"Mass","Imaging"
"OGLE-2012-BLG-0724L b",150.00000000,170.00000000,-83.00000000,14.30000000,,,"Mass","Microlensing"
"TOI-2529 b",743.71847238,62.61219618,-61.97653937,11.54525012,0.56044903,-0.56044903,"Mass","Transit"
"HD 139357 b",6315.56827550,1403.53024531,-1093.01189167,12.10000000,,,"Mass","Radial Velocity"
"TOI-3862 b",53.70000000,2.80000000,-2.90000000,5.53000000,0.18000000,-0.18000000,"Mass","Transit"
"K2-34 b",539.67534000,19.38763000,-15.89150000,13.75000000,0.58000000,-0.59000000,"Mass","Transit"
"KOI-1599.01",4.60000000,0.30000000,-0.30000000,1.90000000,0.30000000,-0.30000000,"Mass","Transit"
"KMT-2021-BLG-1770L b",6674.39654700,9217.02380300,-3813.94088400,12.10000000,,,"Mass","Microlensing"
"Kepler-47 c",3.17000000,2.18000000,-1.25000000,4.65000000,0.09000000,-0.07000000,"Mass","Transit"
"HD 190984 b",1137.82569706,381.39408840,-143.02278315,13.00000000,,,"Mass","Radial Velocity"
"TOI-1260 d",11.84000000,7.79000000,-7.79000000,3.12000000,0.08000000,-0.08000000,"Mass","Transit"
"TOI-564 b",464.98529000,31.78300000,-30.51168000,11.43318000,7.95839000,-3.25061000,"Mass","Transit"
"TOI-481 b",486.27990000,9.53490000,-9.53490000,11.09691000,0.11209000,-0.11209000,"Mass","Transit"
"HD 23472 e",0.72000000,0.28000000,-0.27000000,0.81800000,0.08000000,-0.06500000,"Mass","Transit"
"KMT-2019-BLG-0953L b",15.50000000,19.00000000,-9.70000000,4.06000000,,,"Mass","Microlensing"
"TOI-257 b",43.86032017,7.31005336,-7.31005336,7.16253867,0.14571675,-0.14571675,"Mass","Transit"
"2MASS J22501512+2325342 b",9534.85221000,3496.11247700,-1271.31362800,11.90000000,,,"Mass","Imaging"
"K2-111 b",5.35000000,0.68000000,-0.69000000,1.83700000,0.07600000,-0.07100000,"Mass","Transit"
"Kepler-176 b",290.53700000,,,1.43000000,0.73000000,-0.73000000,"Mass","Transit"
"TOI-544 b",2.89000000,0.48000000,-0.48000000,2.01800000,0.07600000,-0.07600000,"Mass","Transit"
"WASP-126 b",90.30000000,,,10.51358773,0.51853716,-0.51853716,"Mass","Transit"
"AT2021ueyL b",425.89006538,143.02278315,-158.91420350,13.60000000,,,"Mass","Microlensing"
"KMT-2017-BLG-1003L b",5.19000000,5.39000000,-2.80000000,2.13000000,,,"Mass","Microlensing"
"Kepler-83 c",2.03000000,0.52000000,-0.39000000,2.36000000,0.35000000,-0.35000000,"Mass","Transit"
"OGLE-2017-BLG-1806L b",5.27000000,4.71000000,-2.72000000,2.15000000,,,"Mass","Microlensing"
"KMT-2016-BLG-1836L b",700.00000000,600.00000000,-350.00000000,13.30000000,,,"Mass","Microlensing"
"Kepler-176 e",0.52075000,,,1.45000000,0.12000000,-0.15000000,"Mass","Transit"
"Kepler-462 c",6.00000000,10.80000000,-4.90000000,4.00000000,0.20000000,-0.20000000,"Mass","Transit"
"TOI-763 c",9.32000000,1.02000000,-1.02000000,2.63000000,0.12000000,-0.12000000,"Mass","Transit"
"OGLE-2012-BLG-0026L c",270.00000000,20.00000000,-20.00000000,13.90000000,,,"Mass","Microlensing"
"HD 21749 c",3.70000000,,,0.89200000,0.06400000,-0.05800000,"Mass","Transit"
"Qatar-6 b",212.31044000,20.97678000,-20.97678000,11.90395800,0.79583900,-0.79583900,"Mass","Transit"
"HD 68988 c",4776.96095721,286.04556630,-238.37130525,12.20000000,,,"Mass","Radial Velocity"
"KOI-984 c",209.80000000,40.00000000,-40.00000000,14.10000000,,,"Mass","Transit Timing Variations"
"KMT-2017-BLG-0849L b",6.39000000,7.80000000,-3.09000000,2.41000000,,,"Mass","Microlensing"
"K2-33 b",1175.97100000,,,5.04000000,0.34000000,-0.37000000,"Mass","Transit"
"HD 112570 b",1086.97315194,444.95976980,-266.97586188,13.10000000,,,"Mass","Radial Velocity"
"Oph 11 b",4449.62000000,1906.98000000,-1589.15000000,12.30000000,,,"Mass","Imaging"
"TWA 7 b",108.06165838,19.06970442,-19.06970442,12.70000000,,,"Mass","Imaging"
"Kepler-96 b",8.46000000,3.40000000,-3.40000000,2.67000000,0.22000000,-0.22000000,"Mass","Transit"
"HATS-22 b",870.85420000,34.96130000,-34.96130000,10.68217700,0.53803200,-0.32506100,"Mass","Transit"
"NGTS-6 b",425.57437000,8.89924000,-8.89924000,14.86313400,1.08727300,-1.25540800,"Mass","Transit"
"TOI-5624 c",4.80000000,1.90000000,-1.90000000,2.47400000,0.04200000,-0.04200000,"Mass","Transit"
"TOI-663 b",4.45000000,0.63000000,-0.66000000,2.27000000,0.10000000,-0.09000000,"Mass","Transit"
"CoRoT-9 b",266.97720000,15.89150000,-15.89150000,11.94879400,0.84067500,-0.70616700,"Mass","Transit"
"LP 890-9 b",13.20000000,,,1.32000000,0.05300000,-0.02700000,"Mass","Transit"
"HAT-P-35 b",335.62848000,10.48839000,-10.48839000,14.93038800,1.09848200,-1.09848200,"Mass","Transit"
"HD 190360 b",537.00000000,79.00000000,-46.00000000,13.50000000,,,"Mass","Radial Velocity"
"OGLE-2017-BLG-1691L b",14.62010672,11.75965106,-7.94571018,3.92000000,,,"Mass","Microlensing"
"HAT-P-64 b",184.34047606,57.20911326,-41.31769291,19.08889413,0.78462865,-0.78462865,"Mass","Transit"
"KOI-3503 b",9.20000000,,,1.19000000,0.24000000,-0.19000000,"Mass","Transit"
"CoRoT-23 b",889.90000000,95.30000000,-95.30000000,11.77000000,1.46000000,-1.46000000,"Mass","Transit"
"HD 28109 c",9.20000000,2.00000000,-2.00000000,4.13000000,0.16000000,-0.14000000,"Mass","Transit"
"Kepler-22 b",9.10000000,,,2.10000000,0.12000000,-0.12000000,"Mass","Transit"
"KMT-2023-BLG-1866L b",2.63000000,0.42000000,-0.68000000,1.43000000,,,"Mass","Microlensing"
"WASP-20 b",98.84100000,5.40300000,-5.40300000,15.46839337,0.44835923,-0.44835923,"Mass","Transit"
"WASP-182 b",47.03884000,3.49613000,-3.49613000,9.52765000,0.33627000,-0.33627000,"Mass","Transit"
"EPIC 249893012 c",14.67000000,1.84000000,-1.89000000,3.67000000,0.17000000,-0.14000000,"Mass","Transit"
"WASP-35 b",225.65930000,31.78300000,-31.78300000,14.57170000,0.78463000,-0.78463000,"Mass","Transit"
"TOI-3629 b",82.63538582,6.35656814,-6.35656814,8.29464572,0.22417961,-0.22417961,"Mass","Transit"
"HAT-P-61 b",335.94462620,22.24798849,-22.24798849,10.07687365,0.30264248,-0.30264248,"Mass","Transit"
"TOI-2589 b",1112.39942450,31.78284070,-31.78284070,12.10569916,0.33626942,-0.33626942,"Mass","Transit"
"NGTS-27 b",188.47224535,30.19369866,-22.88364530,15.64773706,0.42594127,-0.39231432,"Mass","Transit"
"HD 137496 b",4.04000000,0.55000000,-0.55000000,1.31000000,0.06000000,-0.05000000,"Mass","Transit"
"Kepler-49 c",8.38000000,0.92000000,-0.89000000,2.44400000,0.08300000,-0.08200000,"Mass","Transit"
"KMT-2023-BLG-0548L b",1086.97315194,384.57237247,-282.86728223,13.10000000,,,"Mass","Microlensing"
"OGLE-2016-BLG-1190L b",4253.00000000,280.00000000,-260.00000000,12.30000000,,,"Mass","Microlensing"
"K2-113 b",410.00070000,41.31790000,-44.49620000,12.14000000,0.35000000,-0.35000000,"Mass","Transit"
"TOI-2107 b",263.79757781,34.96112477,-34.96112477,13.57407563,0.39231432,-0.35868738,"Mass","Transit"
"WASP-58 b",308.29510000,88.99240000,-88.99240000,16.02887000,1.56926000,-1.56926000,"Mass","Transit"
"Kepler-139 c",13.00000000,8.00000000,-7.00000000,3.38000000,0.69000000,-0.69000000,"Mass","Transit"
"DP Leo b",1995.88832000,184.33363000,-184.33363000,12.70000000,,,"Mass","Eclipse Timing Variations"
"HD 97037 b",6707.76852973,622.94367772,-657.90480249,12.10000000,,,"Mass","Radial Velocity"
"HD 30177 c",1484.25866069,139.84449908,-136.66621501,12.90000000,,,"Mass","Radial Velocity"
"V1298 Tau b",13.10000000,5.30000000,-5.30000000,9.41000000,0.57000000,-0.57000000,"Mass","Transit"
"TOI-3288 b",536.17652261,36.23243840,-34.64329636,12.24020692,0.36989636,-0.36989636,"Mass","Transit"
"HATS-60 b",210.40346000,17.48065000,-17.48065000,12.92397700,0.59407700,-0.59407700,"Mass","Transit"
"Wolf 503 b",6.26000000,0.69000000,-0.70000000,2.04300000,0.06900000,-0.06900000,"Mass","Transit"
"TOI-1075 b",9.95000000,1.36000000,-1.30000000,1.79100000,0.11600000,-0.08100000,"Mass","Transit"
"HD 215497 c",111.23994245,6.35656814,-6.35656814,13.00000000,,,"Mass","Radial Velocity"
"HD 169142 b",953.48522100,635.65681400,-635.65681400,13.10000000,,,"Mass","Imaging"
"TOI-672 b",50.90000000,4.50000000,-4.40000000,5.31000000,0.24000000,-0.26000000,"Mass","Transit"
"TOI-1696 b",48.80000000,,,3.09000000,0.11000000,-0.11000000,"Mass","Transit"
"KMT-2018-BLG-2602L b",365.50266805,232.01473711,-200.23189641,13.70000000,,,"Mass","Microlensing"
"Kepler-79 e",3.80000000,0.70000000,-0.60000000,3.53000000,0.16000000,-0.16000000,"Mass","Transit"
"OGLE-2017-BLG-0640L b",514.88201934,521.23858748,-298.75870258,13.50000000,,,"Mass","Microlensing"
"HATS-31 b",279.69040000,38.13960000,-38.13960000,18.38276000,2.46598000,-2.46598000,"Mass","Transit"
"Kepler-20 d",13.40000000,3.70000000,-3.60000000,2.60600000,0.05300000,-0.03900000,"Mass","Transit"
"TOI-1130 b",19.80000000,0.20000000,-0.30000000,3.66000000,0.03000000,-0.04000000,"Mass","Transit"
"TOI-1268 b",96.40000000,8.20000000,-8.30000000,9.10000000,0.60000000,-0.60000000,"Mass","Transit"
"TOI-1246 c",9.10000000,1.30000000,-1.20000000,2.45109846,0.13824169,-0.08751012,"Mass","Transit"
"HD 204313 e",4868.17771002,1554.18091023,-1647.30463348,12.20000000,,,"Mass","Radial Velocity"
"HD 95086 b",1589.00000000,636.00000000,-636.00000000,12.90000000,,,"Mass","Imaging"
"K2-27 b",30.20000000,3.50000000,-3.60000000,4.74000000,0.13000000,-0.06000000,"Mass","Transit"
"TOI-677 b",392.20025424,26.69758619,-26.37975778,13.11450742,0.32506044,-0.33626942,"Mass","Transit"
"CoRoT-24 c",28.00000000,11.00000000,-11.00000000,5.00000000,0.50000000,-0.50000000,"Mass","Transit"
"WASP-75 b",340.06000000,15.89000000,-15.89000000,14.23500000,0.53800000,-0.53800000,"Mass","Transit"
"TOI-6884 b",8365.24367224,311.47183886,-295.58041851,10.39072511,0.57165802,-0.58286700,"Mass","Transit"
"Kepler-423 b",189.10100000,25.74300000,-25.74300000,13.36100000,0.58300000,-0.58300000,"Mass","Transit"
"Kepler-65 d",4.14000000,0.79000000,-0.80000000,1.52000000,0.04000000,-0.04000000,"Mass","Transit"
"2M0437 b",1271.31362800,317.82840700,-317.82840700,13.00000000,,,"Mass","Imaging"
"K2-79 b",5.90000000,2.60000000,-2.60000000,4.15000000,0.19000000,-0.18000000,"Mass","Transit"
"14 Her b",2828.67282230,413.17692910,-540.30829190,12.50000000,,,"Mass","Radial Velocity"
"WASP-47 e",9.00000000,0.60000000,-0.40000000,1.83000000,0.02000000,-0.02000000,"Mass","Transit"
"MXB 1658-298 b",7532.57100000,1017.05600000,-1017.05600000,12.00000000,,,"Mass","Eclipse Timing Variations"
"TOI-782 b",19.10000000,,,2.73400000,0.08500000,-0.08500000,"Mass","Transit"
"2MASS J11011926-7732383 b",8899.19539600,3178.28407000,-2224.79884900,11.90000000,,,"Mass","Imaging"
"HAT-P-65 b",176.07693748,29.24021344,-28.92238504,18.05766791,0.26901554,-0.26901554,"Mass","Transit"
"HD 74156 c",2753.98314665,440.19234369,-149.37935129,12.50000000,,,"Mass","Radial Velocity"
"HD 110067 d",8.52000000,3.31000000,-3.25000000,2.85200000,0.03900000,-0.03900000,"Mass","Transit"
"MOA-2013-BLG-605L b",3.24000000,0.38000000,-0.30000000,1.62000000,,,"Mass","Microlensing"
"Kepler-203 c",749.90000000,419.10000000,-344.70000000,2.47000000,0.47000000,-0.47000000,"Mass","Transit"
"TOI-1203.01",7.39000000,0.62000000,-0.62000000,2.91800000,0.04600000,-0.04500000,"Mass","Transit"
"Kepler-238 d",23.10000000,7.90000000,-6.10000000,3.07000000,0.57000000,-0.57000000,"Mass","Transit"
"Kepler-221 b",5.95575000,,,1.71000000,0.17000000,-0.17000000,"Mass","Transit"
"KMT-2017-BLG-2331L b",171.00000000,137.00000000,-88.00000000,14.20000000,,,"Mass","Microlensing"
"HD 28109 d",5.80000000,0.90000000,-1.10000000,3.11000000,0.15000000,-0.15000000,"Mass","Transit"
"CoRoT-21 b",718.29580000,98.52730000,-98.52730000,14.57170000,1.56926000,-1.56926000,"Mass","Transit"
"TOI-4034 b",276.51071409,50.85254512,-50.85254512,17.71018951,0.22417961,-0.22417961,"Mass","Transit"
"Kepler-101 b",51.10000000,5.10000000,-4.70000000,5.77000000,0.85000000,-0.79000000,"Mass","Transit"
"HAT-P-4 b",213.25500000,10.48800000,-13.98400000,14.28000000,0.54900000,-0.67300000,"Mass","Transit"
"Kepler-411 c",26.40000000,5.90000000,-5.90000000,4.42100000,0.06200000,-0.06200000,"Mass","Transit"
"K2-66 b",21.30000000,3.60000000,-3.60000000,2.49000000,0.34000000,-0.24000000,"Mass","Transit"
"TOI-1691 b",14.60000000,5.40000000,-5.30000000,3.66000000,0.23600000,-0.20700000,"Mass","Transit"
"Kepler-138 d",2.10000000,0.60000000,-0.70000000,1.51000000,0.04000000,-0.04000000,"Mass","Transit"
"Kepler-33 c",0.39000000,1.24000000,-0.32000000,3.20000000,0.30000000,-0.30000000,"Mass","Transit"
"KELT-10 b",215.80657000,12.39537000,-12.07754000,15.68139100,0.77342100,-0.54924100,"Mass","Transit"
"HD 62364 c",7923.46218651,852.09795917,-928.69460525,12.00000000,,,"Mass","Radial Velocity"
"KMT-2017-BLG-1038L b",640.00000000,640.00000000,-350.00000000,13.40000000,,,"Mass","Microlensing"
"HD 100508 b",381.39408840,95.34852210,-57.20911326,13.70000000,,,"Mass","Radial Velocity"
"WASP-57 b",204.68252000,19.70546000,-19.70546000,11.76945000,0.59407700,-0.59407700,"Mass","Transit"
"KMT-2018-BLG-0029L b",7.59000000,0.75000000,-0.69000000,2.67000000,,,"Mass","Microlensing"
"Kepler-278 b",56.00000000,37.00000000,-13.00000000,3.95500000,0.08000000,-0.08000000,"Mass","Transit"
"TOI-6383 A b",331.00000000,30.00000000,-30.00000000,11.29000000,0.41000000,-0.37000000,"Mass","Transit"
"KMT-2022-BLG-1818L c",114.41822652,95.34852210,-66.74396547,13.20000000,,,"Mass","Microlensing"
"KMT-2023-BLG-0332L b",6992.22495400,4989.90598990,-3877.50656540,12.00000000,,,"Mass","Microlensing"
"KMT-2019-BLG-1953L b",200.00000000,240.00000000,-110.00000000,14.10000000,,,"Mass","Microlensing"
"Kepler-6 b",212.31044000,12.07754000,-11.12405000,14.61653600,0.20176200,-0.36989700,"Mass","Transit"
"TOI-4504 d",450.23572136,20.69062930,-20.56349793,13.60000000,,,"Mass","Transit Timing Variations"
"HD 97048 b",794.57500000,158.91500000,-158.91500000,13.30000000,,,"Mass","Disk Kinematics"
"GJ 876 b",723.22350000,1.43020000,-1.43020000,13.30000000,,,"Mass","Radial Velocity"
"HD 164604 b",4195.33497240,572.09113260,-476.74261050,12.30000000,,,"Mass","Radial Velocity"
"NN Ser d",724.62200000,120.77000000,-120.77000000,13.30000000,,,"Mass","Eclipse Timing Variations"
"HATS-13 b",172.58169000,22.88376000,-22.88376000,13.58530800,0.39231500,-0.39231500,"Mass","Transit"
"TOI-5300 b",190.69704420,31.78284070,-31.78284070,9.86390302,0.89671846,-0.89671846,"Mass","Transit"
"WASP-100 b",400.46580000,143.02350000,-143.02350000,14.90797000,1.56926000,-1.56926000,"Mass","Transit"
"XO-4 b",451.31860000,60.38770000,-60.38770000,14.01125000,0.89672000,-0.89672000,"Mass","Transit"
"WASP-13 b",114.41880000,28.60470000,-28.60470000,13.67498000,1.56926000,-1.56926000,"Mass","Transit"
"HIP 78530 b",7300.00000000,300.00000000,-300.00000000,12.00000000,,,"Mass","Imaging"
"Kepler-426 b",108.06000000,25.43000000,-25.43000000,12.22000000,0.34000000,-0.34000000,"Mass","Transit"
"Kepler-82 f",20.90000000,1.00000000,-1.00000000,4.84000000,,,"Mass","Transit Timing Variations"
"NGTS-33 b",1153.71711741,85.81366989,-85.81366989,18.38272835,0.78462865,-0.78462865,"Mass","Transit"
"MOA-2011-BLG-028L b",30.00000000,16.00000000,-12.00000000,5.99000000,,,"Mass","Microlensing"
"Kepler-122 e",27.70000000,11.40000000,-9.80000000,2.60000000,0.54000000,-0.54000000,"Mass","Transit"
"WASP-24 b",394.10920000,92.17070000,-92.17070000,15.46842000,1.79344000,-1.79344000,"Mass","Transit"
"KELT-8 b",209.76780000,38.13960000,-38.13960000,18.15858000,1.12090000,-1.12090000,"Mass","Transit"
"K2-110 b",15.90000000,2.70000000,-2.70000000,2.59200000,0.09800000,-0.09700000,"Mass","Transit"
"K2-32 d",6.70000000,2.50000000,-2.50000000,3.48400000,0.11200000,-0.12900000,"Mass","Transit"
"Kepler-58 d",245.34300000,,,2.94000000,1.40000000,-1.40000000,"Mass","Transit"
"TOI-1470 b",7.32000000,1.21000000,-1.24000000,2.18000000,0.04000000,-0.04000000,"Mass","Transit"
"TOI-4342 c",4.80000000,1.40000000,-1.40000000,2.34900000,0.09400000,-0.09200000,"Mass","Transit"
"AU Mic e",21.10000000,5.40000000,-4.30000000,4.87000000,,,"Mass","Radial Velocity"
"TOI-2207 b",203.41018048,31.78284070,-38.13940884,11.15293580,0.31385146,-0.30264248,"Mass","Transit"
"HD 48265 c",1414.33641115,238.37130525,-117.59651059,12.90000000,,,"Mass","Radial Velocity"
"K2-3 b",5.11000000,0.65000000,-0.64000000,2.07800000,0.07600000,-0.06700000,"Mass","Transit"
"OGLE-TR-182 b",320.99500000,47.67200000,-47.67200000,12.66600000,2.69000000,-0.89700000,"Mass","Transit"
"WASP-139 b",37.18611000,5.40311000,-5.40311000,8.96720000,0.56045000,-0.56045000,"Mass","Transit"
"FU Tau b",5085.28000000,,,12.20000000,,,"Mass","Imaging"
"HAT-P-14 b",1093.33520000,200.23290000,-200.23290000,15.91678000,1.34508000,-1.34508000,"Mass","Transit"
"OGLE-2018-BLG-1428L b",240.00000000,240.00000000,-170.00000000,14.00000000,,,"Mass","Microlensing"
"NGTS-23 b",194.82881349,30.82935548,-30.82935548,14.20177855,0.33626942,-0.33626942,"Mass","Transit"
"HD 125271 b",3465.60094993,596.24609153,-398.23899397,12.40000000,,,"Mass","Radial Velocity"
"TOI-2669 b",193.87532827,60.38739733,-60.38739733,19.72780603,1.79343691,-1.79343691,"Mass","Transit"
"WASP-93 b",467.21010000,92.17070000,-92.17070000,17.90077300,0.86309300,-0.86309300,"Mass","Transit"
"OGLE-2014-BLG-1722L b",55.30000000,51.30000000,-33.10000000,8.59000000,,,"Mass","Microlensing"
"Kepler-276 b",731.20900000,,,2.87000000,1.35000000,-1.35000000,"Mass","Transit"
"MOA-2008-BLG-379L b",1300.00000000,540.00000000,-600.00000000,13.00000000,,,"Mass","Microlensing"
"WISPIT 1 c",1684.49055710,254.26272560,-190.69704420,12.80000000,,,"Mass","Imaging"
"TOI-198 b",3.17000000,0.64000000,-0.65000000,1.36000000,0.13000000,-0.13000000,"Mass","Transit"
"TOI-561 b",2.02000000,0.23000000,-0.23000000,1.39700000,0.02700000,-0.02700000,"Mass","Transit"
"HD 135872 b",1744.56012602,458.62639130,-31.14718389,12.80000000,,,"Mass","Radial Velocity"
"WASP-188 b",458.62639130,94.07720847,-94.71286529,14.81827249,0.57165802,-0.57165802,"Mass","Transit"
"K2-36 b",4.30000000,1.40000000,-1.40000000,1.43000000,0.08000000,-0.08000000,"Mass","Transit"
"WASP-97 b",432.24880000,60.38770000,-60.38770000,12.77826000,0.67254000,-0.67254000,"Mass","Transit"
"TOI-2992 b",1058.36859531,123.95307873,-123.95307873,13.75341932,0.50440413,-0.50440413,"Mass","Transit"
"TOI-4201 b",788.21444936,28.60455663,-28.60455663,13.67495645,0.44835923,-0.44835923,"Mass","Transit"
"HD 168863 b",2154.87659946,354.06084540,-348.33993407,12.70000000,,,"Mass","Radial Velocity"
"TOI-615 b",138.25535705,27.33324300,-26.06192937,18.97680433,0.58286700,-0.63891190,"Mass","Transit"
"WASP-99 b",772.32690000,117.59710000,-117.59710000,11.43318000,0.67254000,-0.67254000,"Mass","Transit"
"TOI-628 b",2011.86390000,92.17070000,-98.52730000,11.88154000,0.45956900,-0.38110600,"Mass","Transit"
"Kepler-92 c",6.10000000,1.80000000,-1.80000000,2.60000000,0.08000000,-0.08000000,"Mass","Transit"
"KMT-2016-BLG-1820L b",1450.00000000,1600.00000000,-680.00000000,12.90000000,,,"Mass","Microlensing"
"MASCARA-4 b",532.36258173,76.59664609,-76.59664609,16.98160576,0.49319515,-0.49319515,"Mass","Transit"
"BD+60 1417 b",4767.42610500,1589.14203500,-1589.14203500,14.68376472,0.67253884,-0.67253884,"Mass","Imaging"
"HD 82943 b",534.25000000,8.89900000,-8.89900000,13.50000000,,,"Mass","Radial Velocity"
"EPIC 248847494 b",4131.79000000,,,12.44199000,0.78463000,-0.78463000,"Mass","Transit"
"HAT-P-24 b",238.37250000,79.45750000,-79.45750000,14.57170000,2.35389000,-2.35389000,"Mass","Transit"
"KOI-94 e",35.00000000,18.00000000,-28.00000000,6.56000000,0.62000000,-0.62000000,"Mass","Transit"
"NGTS-24 b",165.27077164,38.13940884,-34.96112477,13.60770257,0.65012088,-0.69495680,"Mass","Transit"
"Qatar-8 b",117.91493000,19.70546000,-19.70546000,14.40356500,0.24659800,-0.24659800,"Mass","Transit"
"b Cen AB b",3464.32963630,508.52545120,-508.52545120,12.40000000,,,"Mass","Imaging"
"TOI-159 b",1110.00000000,79.00000000,-84.00000000,18.18000000,0.16000000,-0.16000000,"Mass","Transit"
"TOI-6628 b",235.19302118,19.06970442,-19.06970442,10.98480109,0.67253884,-0.67253884,"Mass","Transit"
"TOI-2093 c",15.80000000,3.60000000,-3.80000000,2.30000000,0.12000000,-0.12000000,"Mass","Transit"
"Kepler-33 f",9.60000000,1.70000000,-1.80000000,4.46000000,0.41000000,-0.41000000,"Mass","Transit"
"TOI-1266 b",4.46000000,0.69000000,-0.69000000,2.52000000,0.08000000,-0.08000000,"Mass","Transit"
"TOI-1836 b",38.45723725,9.21702380,-9.21702380,8.00321222,0.34747840,-0.34747840,"Mass","Transit"
"WASP-127 b",52.34660100,6.80156200,-5.46667600,14.69499900,0.28022500,-0.32506100,"Mass","Transit"
"Kepler-32 f",1862.11000000,,,0.82000000,0.07000000,-0.07000000,"Mass","Transit"
"HD 167677 b",905.81095995,301.93698665,-317.82840700,13.20000000,,,"Mass","Radial Velocity"
"WASP-121 b",371.85923619,13.66662150,-13.66662150,19.52604438,0.06725388,-0.06725388,"Mass","Transit"
"HD 93963 A b",2.80000000,2.30000000,-2.30000000,1.46954368,0.07347231,-0.06596084,"Mass","Transit"
"KMT-2021-BLG-1689L b",46.00000000,30.00000000,-23.00000000,7.71000000,,,"Mass","Microlensing"
"KELT-4 A b",286.68266000,19.06980000,-18.75197000,19.04409100,0.51561400,-0.50440500,"Mass","Transit"
"Kepler-215 d",23.60000000,17.30000000,-11.90000000,2.39000000,0.55000000,-0.55000000,"Mass","Transit"
"Kepler-48 b",3.94000000,2.10000000,-2.10000000,1.88000000,0.10000000,-0.10000000,"Mass","Transit"
"HD 106315 b",12.60000000,3.20000000,-3.20000000,2.44000000,0.17000000,-0.17000000,"Mass","Transit"
"HD 111232 b",2531.50326176,358.51044310,-152.23980695,12.60000000,,,"Mass","Radial Velocity"
"TOI-2169 A b",329.58805806,24.47278734,-24.15495893,12.50922246,0.41473229,-0.40352331,"Mass","Transit"
"HATS-50 b",123.95370000,31.78300000,-31.78300000,12.66617000,0.84067500,-0.84067500,"Mass","Transit"
"Kepler-407 c",4000.00000000,2000.00000000,-2000.00000000,12.30000000,,,"Mass","Radial Velocity"
"HD 18015 b",1048.83374310,216.12331676,-130.30964687,13.10000000,,,"Mass","Radial Velocity"
"Kepler-211 c",18.30000000,22.40000000,-17.00000000,1.29000000,0.09000000,-0.09000000,"Mass","Transit"
"TOI-1798.02",5.60000000,0.80000000,-0.70000000,1.46400000,0.18500000,-0.11300000,"Mass","Transit"
"TOI-4600 b",959.84178914,,,6.80000000,0.31000000,-0.30000000,"Mass","Transit"
"TOI-2019 b",34.40000000,4.40000000,-4.40000000,5.33275337,0.26371361,-0.20823795,"Mass","Transit"
"Kepler-24 b",11.14000000,2.25000000,-1.93000000,2.34800000,0.09200000,-0.09100000,"Mass","Transit"
"Kepler-161 b",2.63000000,0.83000000,-0.61000000,2.12000000,0.14000000,-0.14000000,"Mass","Transit"
"OGLE-2019-BLG-1053L b",2.48000000,1.19000000,-0.98000000,1.38000000,,,"Mass","Microlensing"
"HD 142022 A b",1433.40611557,289.22385037,-193.87532827,12.90000000,,,"Mass","Radial Velocity"
"Kepler-24 c",9.99000000,2.01000000,-1.66000000,2.51400000,0.09800000,-0.09800000,"Mass","Transit"
"WASP-135 b",603.87700000,25.42640000,-25.42640000,14.57170000,1.00881000,-1.00881000,"Mass","Transit"
"HATS-15 b",689.69110000,47.67450000,-47.67450000,12.38594500,0.44836000,-0.44836000,"Mass","Transit"
"WASP-3 b",772.32690000,168.44990000,-168.44990000,15.91678000,1.90553000,-1.90553000,"Mass","Transit"
"KMT-2016-BLG-1107L b",1043.00000000,1102.00000000,-583.00000000,13.10000000,,,"Mass","Microlensing"
"KELT-1 b",8654.15000000,158.90800000,-152.55200000,12.44200000,0.35868700,-0.24659800,"Mass","Transit"
"KMT-2025-BLG-0121L b",2469.52672239,1296.73990056,-1284.02676428,12.60000000,,,"Mass","Microlensing"
"Kepler-50 b",8.90000000,,,1.71000000,0.05000000,-0.10000000,"Mass","Transit"
"K2-260 b",546.66486004,108.06165838,-111.23994245,18.41635529,0.65012088,-0.81825559,"Mass","Transit"
"WASP-144 b",139.84520000,19.06980000,-19.06980000,9.52765000,0.56045000,-0.56045000,"Mass","Transit"
"KMT-2016-BLG-2397L b",836.00000000,375.00000000,-391.00000000,13.20000000,,,"Mass","Microlensing"
"HATS-70 b",4100.00700000,572.09400000,-508.52800000,15.51325600,0.88551100,-0.82946600,"Mass","Transit"
"NGTS-35 b",152.00000000,22.00000000,-19.00000000,10.90000000,0.65000000,-0.65000000,"Mass","Transit"
"OGLE-2019-BLG-0468L b",1090.15143601,581.62598481,-371.85923619,13.10000000,,,"Mass","Microlensing"
"TOI-1728 b",26.78000000,5.43000000,-5.13000000,5.05000000,0.16000000,-0.17000000,"Mass","Transit"
"Kepler-28 c",2.06000000,0.70000000,-0.52000000,1.85700000,0.04200000,-0.04200000,"Mass","Transit"
"TOI-6038 A b",78.50000000,9.50000000,-9.90000000,6.41000000,0.20000000,-0.16000000,"Mass","Transit"
"WASP-52 b",146.20000000,6.36000000,-6.36000000,14.24000000,0.34000000,-0.34000000,"Mass","Transit"
"KMT-2017-BLG-0428L b",5.59000000,3.57000000,-2.83000000,2.23000000,,,"Mass","Microlensing"
"LP 791-18 d",0.91000000,0.19000000,-0.19000000,1.03200000,0.04400000,-0.04300000,"Mass","Transit"
"TIC 257060897 b",201.50321004,13.03096469,-10.48833743,17.26183028,0.48198617,-0.50440413,"Mass","Transit"
"K2-29 b",232.01590000,12.71320000,-12.71320000,13.33871000,0.22418000,-0.22418000,"Mass","Transit"
"OGLE-TR-56 b",441.77000000,57.21000000,-54.03000000,15.27800000,1.03100000,-1.00900000,"Mass","Transit"
"MOA-2010-BLG-073L b",3500.00000000,640.00000000,-640.00000000,12.40000000,,,"Mass","Microlensing"
"Kepler-37 d",2.00000000,,,2.03000000,0.03000000,-0.03900000,"Mass","Transit"
"TOI-776 b",5.00000000,1.60000000,-1.60000000,1.79800000,0.07800000,-0.07700000,"Mass","Transit"
"HAT-P-28 b",198.95300000,11.75900000,-11.75900000,13.58500000,1.26700000,-0.91900000,"Mass","Transit"
"TOI-1232 c",58.48042689,6.99222495,-8.26353858,8.88000000,,,"Mass","Transit Timing Variations"
"Kepler-4 b",24.47200000,3.81400000,-3.81400000,4.00200000,0.21300000,-0.21300000,"Mass","Transit"
"WASP-56 b",143.02350000,28.60470000,-28.60470000,10.53646000,1.00881000,-1.00881000,"Mass","Transit"
"KMT-2018-BLG-0885L b",9217.02380300,12395.30787300,-6038.73973300,11.90000000,,,"Mass","Microlensing"
"Kepler-351 c",11.10000000,9.90000000,-7.60000000,3.19000000,1.55000000,-1.55000000,"Mass","Transit"
"TOI-5007 b",211.03806225,13.66662150,-13.34879309,11.07447293,0.34747840,-0.34747840,"Mass","Transit"
"GPX-1 b",6261.21961790,508.52545120,-508.52545120,16.47720163,1.12089807,-1.12089807,"Mass","Transit"
"EPIC 249893012 b",8.75000000,1.09000000,-1.08000000,1.95000000,0.09000000,-0.08000000,"Mass","Transit"
"Kepler-310 d",7.00000000,3.40000000,-4.10000000,2.47000000,1.15000000,-1.15000000,"Mass","Transit"
"HD 23596 b",3786.60764100,314.65012293,-561.92062358,12.40000000,,,"Mass","Radial Velocity"
"TOI-6041 b",28.90000000,,,4.55000000,0.18000000,-0.17000000,"Mass","Transit"
"Kepler-161 c",3.61000000,0.78000000,-1.19000000,2.05000000,0.15000000,-0.15000000,"Mass","Transit"
"Kepler-553 c",2129.45032690,139.84449908,-136.66621501,11.57887706,0.35868738,-0.28022452,"Mass","Transit"
"HIP 9618 c",7.00000000,,,3.42855926,0.09718640,-0.08596176,"Mass","Transit"
"HD 25015 b",2884.92845034,367.72746690,-579.40118596,12.50000000,,,"Mass","Radial Velocity"
"TOI-269 b",8.80000000,1.40000000,-1.40000000,2.77000000,0.12000000,-0.12000000,"Mass","Transit"
"KMT-2019-BLG-2974L b",88.99195396,92.17023803,-57.20911326,11.40000000,,,"Mass","Microlensing"
"KMT-2024-BLG-0349L b",3769.44490702,2084.95434992,-2078.59778178,12.40000000,,,"Mass","Microlensing"
"K2-115 b",321.00669107,69.92224954,-73.10053361,11.80305668,0.33626942,-0.31385146,"Mass","Transit"
"TOI-5542 b",419.53349724,31.78284070,-31.78284070,11.30986153,0.40352331,-0.39231432,"Mass","Transit"
"TOI-5573 b",112.00000000,18.00000000,-19.00000000,9.75000000,0.47000000,-0.47000000,"Mass","Transit"
"HATS-26 b",206.58950000,24.15508000,-24.15508000,19.61575000,2.35389000,-2.35389000,"Mass","Transit"
"Kepler-102 c",1.70000000,,,0.56700000,0.02800000,-0.02800000,"Mass","Transit"
"HD 202206 c",5689.15700000,921.70700000,-572.09400000,12.20000000,,,"Mass","Radial Velocity"
"KMT-2023-BLG-1431L b",13.60000000,8.30000000,-6.90000000,3.76000000,,,"Mass","Microlensing"
"Kepler-417 b",11.00000000,9.30000000,-7.90000000,2.31000000,0.86000000,-0.17000000,"Mass","Transit Timing Variations"
"HD 13931 b",889.91953960,257.44100967,-203.41018048,13.20000000,,,"Mass","Radial Velocity"
"Kepler-59 b",4.10000000,2.80000000,-1.00000000,1.10000000,,,"Mass","Transit"
"NGTS-3 A b",756.43540000,82.63580000,-82.63580000,16.58932000,4.14733000,-4.14733000,"Mass","Transit"
"Kepler-1972 b",2.02000000,0.56000000,-0.62000000,0.80200000,0.04200000,-0.04100000,"Mass","Transit"
"HD 86065 b",2877.30056857,854.95841483,-815.86552077,12.50000000,,,"Mass","Radial Velocity"
"Kepler-326 d",6.90000000,8.50000000,-5.90000000,1.21000000,0.09000000,-0.09000000,"Mass","Transit"
"bet Pic b",2765.10714090,826.35385820,-794.57101750,18.49485000,0.67254000,-0.67254000,"Mass","Imaging"
"WASP-1 b",271.41500000,18.11600000,-16.52600000,16.62300000,0.26900000,-0.38100000,"Mass","Transit"
"Wendelstein-1 b",188.15536000,52.44195000,-41.00007000,11.56096260,0.06837490,-0.06837490,"Mass","Transit"
"K2-138 d",7.92000000,1.39000000,-1.35000000,2.39000000,0.10400000,-0.08400000,"Mass","Transit"
"WASP-41 b",270.15550000,34.96130000,-34.96130000,12.32990000,0.56045000,-0.56045000,"Mass","Transit"
"TOI-1136 d",8.35000000,1.80000000,-1.60000000,4.62700000,0.07700000,-0.07200000,"Mass","Transit"
"K2-415 b",7.50000000,,,1.01500000,0.05100000,-0.00510000,"Mass","Transit"
"OGLE-2019-BLG-0468L c",3248.20631954,1735.34310222,-1112.39942450,12.50000000,,,"Mass","Microlensing"
"TOI-1803 b",10.32000000,1.66000000,-0.48000000,2.99000000,0.08000000,-0.08000000,"Mass","Transit"
"HD 203030 b",3496.11247700,1271.31362800,-953.48522100,14.45958510,0.67253884,-0.44835923,"Mass","Imaging"
"TOI-2485 b",766.60211768,27.96889982,-27.65107141,12.13932610,0.50440413,-0.50440413,"Mass","Transit"
"HATS-28 b",213.58176000,27.65121000,-27.65121000,13.38354600,0.78463000,-0.78463000,"Mass","Transit"
"WASP-192 b",731.00900000,50.85280000,-50.85280000,13.78707000,0.89672000,-0.89672000,"Mass","Transit"
"TOI-1758 b",6.90000000,6.20000000,-6.30000000,3.62000000,0.33700000,-0.26900000,"Mass","Transit"
"HD 98649 b",3082.93554790,731.00533610,-603.87397330,12.50000000,,,"Mass","Radial Velocity"
"HR 858 d",7.10000000,1.60000000,-1.60000000,2.00100000,0.06300000,-0.06400000,"Mass","Transit"
"KMT-2024-BLG-2242L b",13.98444991,24.15495893,-7.62788177,3.82000000,,,"Mass","Microlensing"
"TOI-1135 b",58.79825529,,,9.91994792,0.31385146,-0.31385146,"Mass","Transit"
"TOI-270 b",1.48000000,0.18000000,-0.18000000,1.28000000,0.05000000,-0.04000000,"Mass","Transit"
"TOI-2193 A b",298.75870258,57.20911326,-57.20911326,19.83989584,,,"Mass","Transit"
"DS Tuc A b",413.17900000,,,5.70000000,0.17000000,-0.17000000,"Mass","Transit"
"HATS-74 A b",464.02947422,44.49597698,-44.49597698,11.56766808,0.23538859,-0.23538859,"Mass","Transit"
"HATS-23 b",467.21010000,22.88376000,-22.88376000,20.84874000,3.36270000,-4.48360000,"Mass","Transit"
"HD 189733 b",359.14790000,25.42640000,-25.42640000,12.66617000,0.11209000,-0.11209000,"Mass","Radial Velocity"
"HD 114082 b",2542.62725600,317.82840700,-317.82840700,11.20898070,0.33626942,-0.33626942,"Mass","Radial Velocity"
"TOI-1238 b",3.76000000,1.15000000,-1.07000000,1.21000000,0.11000000,-0.10000000,"Mass","Transit"
"Kepler-38 b",122.00000000,,,4.30000000,0.11000000,-0.11000000,"Mass","Transit"
"WASP-133 b",368.68280000,28.60470000,-28.60470000,13.56289000,0.56045000,-0.56045000,"Mass","Transit"
"HAT-P-1 b",166.86075000,6.03877000,-6.03877000,14.78467100,0.21297100,-0.21297100,"Mass","Transit"
"TIC 46432937 b",1017.05090240,34.96112477,-34.96112477,13.31626907,0.33626942,-0.33626942,"Mass","Transit"
"HD 6718 b",762.78817680,95.34852210,-63.56568140,13.30000000,,,"Mass","Radial Velocity"
"BD+20 594 b",22.24810000,9.53490000,-9.53490000,2.57807000,0.11209000,-0.11209000,"Mass","Transit"
"OGLE-2019-BLG-1470L AB c",699.22249540,572.09113260,-413.17692910,13.30000000,,,"Mass","Microlensing"
"TIC 87422071 b",409.99864503,31.78284070,-34.96112477,10.86150230,0.97518132,-0.94155438,"Mass","Transit"
"KMT-2016-BLG-2321L b",301.93698665,130.30964687,-130.30964687,13.80000000,,,"Mass","Microlensing"
"LP 714-47 b",30.80000000,1.50000000,-1.50000000,4.70000000,0.30000000,-0.30000000,"Mass","Transit"
"Kepler-74 b",200.22000000,38.14000000,-38.14000000,10.76000000,0.22000000,-0.22000000,"Mass","Transit"
"OGLE-2018-BLG-1011L c",890.00000000,1600.00000000,-540.00000000,13.20000000,,,"Mass","Microlensing"
"Kepler-87 c",6.40000000,0.80000000,-0.80000000,6.14000000,0.29000000,-0.29000000,"Mass","Transit"
"Kepler-80 e",4.13000000,0.81000000,-0.95000000,1.60000000,0.08000000,-0.07000000,"Mass","Transit"
"WASP-23 b",280.95000000,27.96800000,-31.46400000,10.78300000,0.52700000,-0.62800000,"Mass","Transit"
"NGTS-1 b",258.07796000,20.97678000,-23.83725000,14.90797000,6.83749000,-3.69897000,"Mass","Transit"
"OGLE-2023-BLG-0766L b",349.61124770,276.51071409,-181.16219199,13.70000000,,,"Mass","Microlensing"
"HD 332231 b",74.10000000,5.60000000,-5.40000000,9.07303305,0.18720815,-0.17534239,"Mass","Transit"
"TOI-1199 b",75.96098927,6.35656814,-6.35656814,10.51402390,0.28022452,-0.28022452,"Mass","Transit"
"TOI-4961 b",572.09113260,66.74396547,-73.10053361,12.34108775,0.45956821,-0.43715025,"Mass","Transit"
"Kepler-75 b",3209.90000000,127.10000000,-127.10000000,11.77000000,0.34000000,-0.34000000,"Mass","Transit"
"HD 39091 b",4481.38053870,158.91420350,-127.13136280,12.30000000,,,"Mass","Radial Velocity"
"HAT-P-3 b",206.58950000,34.96130000,-34.96130000,10.53646000,0.78463000,-0.78463000,"Mass","Transit"
"HD 30562 b",467.20775829,143.02278315,-57.20911326,13.60000000,,,"Mass","Radial Velocity"
"HAT-P-11 c",851.78013076,130.30964687,-130.30964687,13.20000000,,,"Mass","Radial Velocity"
"HATS-55 b",292.72143000,24.15508000,-24.15508000,14.02245900,0.29143400,-0.29143400,"Mass","Transit"
"Kepler-444 e",0.10000000,0.20000000,-0.10000000,0.54600000,0.01700000,-0.01500000,"Mass","Transit"
"bet Pic d",762.78817680,190.69704420,-190.69704420,14.12331568,0.33626942,-0.33626942,"Mass","Imaging"
"HD 183263 c",2958.98246917,483.73483545,-579.08335755,12.50000000,,,"Mass","Radial Velocity"
"OGLE-2018-BLG-0516L b",20.10000000,16.40000000,-10.70000000,4.73000000,,,"Mass","Microlensing"
"TOI-4515 b",637.00000000,17.00000000,-17.00000000,12.17000000,0.43000000,-0.43000000,"Mass","Transit"
"Ross 176 b",4.57000000,0.89000000,-0.93000000,1.84000000,0.08000000,-0.08000000,"Mass","Transit"
"CoRoT-31 b",266.97720000,108.06220000,-108.06220000,16.36514000,3.36270000,-3.36270000,"Mass","Transit"
"TOI-1775 b",96.00000000,15.00000000,-15.00000000,8.04728896,0.14337937,-0.12772169,"Mass","Transit"
"HAT-P-18 b",62.61000000,4.13200000,-4.13200000,11.15300000,0.58300000,-0.58300000,"Mass","Transit"
"Kepler-129 c",43.00000000,13.00000000,-12.00000000,2.52000000,0.07000000,-0.07000000,"Mass","Transit"
"2MASS J03590986+2009361 b",5720.91132600,317.82840700,-317.82840700,12.20000000,,,"Mass","Imaging"
"K2-285 b",9.68000000,1.21000000,-1.37000000,2.59000000,0.06000000,-0.06000000,"Mass","Transit"
"HD 35843 c",11.32000000,1.58000000,-1.48000000,2.54000000,0.08000000,-0.07000000,"Mass","Transit"
"HATS-68 b",410.00070000,18.75197000,-18.75197000,13.80948800,0.43715100,-0.32506100,"Mass","Transit"
"Kepler-324 b",2414.40000000,,,1.14000000,0.11000000,-0.11000000,"Mass","Transit"
"nu Oph b",7057.73298000,,,12.00000000,,,"Mass","Radial Velocity"
"KMT-2022-BLG-2076L b",279.68899816,146.20106722,-143.02278315,13.90000000,,,"Mass","Microlensing"
"Kepler-170 b",82.60000000,67.50000000,-62.40000000,3.20000000,0.22000000,-0.22000000,"Mass","Transit"
"Kepler-396 c",17.90000000,2.80000000,-1.30000000,5.30000000,1.95000000,-0.99000000,"Mass","Transit"
"WASP-88 b",133.48860000,44.49620000,-44.49620000,16.36514000,2.35389000,-2.35389000,"Mass","Transit"
"TOI-157 b",375.03940000,41.31790000,-38.13960000,14.41477400,0.25780700,-0.22418000,"Mass","Transit"
"K2-114 b",638.83509807,38.13940884,-38.13940884,10.59248676,0.32506044,-0.31385146,"Mass","Transit"
"Kepler-100 b",4.01000000,0.47000000,-0.47000000,1.34000000,0.12000000,-0.12000000,"Mass","Transit"
"CoRoT-19 b",352.78000000,19.07000000,-19.07000000,14.46000000,0.34000000,-0.34000000,"Mass","Transit"
"HD 110537 b",8612.83200129,4053.90133129,-2857.27737893,11.90000000,,,"Mass","Radial Velocity"
"WASP-69 b",82.58000000,5.37000000,-5.37000000,11.21000000,0.22000000,-0.22000000,"Mass","Transit"
"Kepler-1708 b",1462.01067220,,,9.96000000,0.60000000,-0.59000000,"Mass","Transit"
"WASP-173 A b",1172.79270000,57.20940000,-57.20940000,13.45080000,0.67254000,-0.67254000,"Mass","Transit"
"TOI-4010 b",11.00000000,1.29000000,-1.27000000,3.02000000,0.08000000,-0.08000000,"Mass","Transit"
"WASP-71 b",441.78370000,104.88390000,-104.88390000,13.22662000,1.34508000,-1.34508000,"Mass","Transit"
"TOI-1416 b",3.48000000,0.47000000,-0.47000000,1.62000000,0.08000000,-0.08000000,"Mass","Transit"
"K2-2016-BLG-0005L b",349.61124770,28.60455663,-28.60455663,13.70000000,,,"Mass","Microlensing"
"Kepler-327 c",20.30000000,27.10000000,-17.70000000,1.03000000,0.05000000,-0.05000000,"Mass","Transit"
"Kepler-538 b",12.90000000,2.90000000,-2.90000000,2.21500000,0.04000000,-0.03400000,"Mass","Transit"
"HAT-P-62 b",241.86741773,27.96889982,-27.96889982,12.02723629,0.32506044,-0.32506044,"Mass","Transit"
"TOI-530 b",127.13136280,28.60455663,-31.78284070,9.30345398,0.67253884,-0.67253884,"Mass","Transit"
"GJ 676 A b",1840.86213334,149.06152288,-151.60415014,12.80000000,,,"Mass","Radial Velocity"
"WASP-175 b",314.65170000,41.31790000,-41.31790000,13.54047200,0.90792900,-0.90792900,"Mass","Transit"
"LHS 1678 b",0.35000000,,,0.68500000,0.03700000,-0.03500000,"Mass","Transit"
"Kepler-42 b",0.70594400,,,0.78000000,0.22000000,-0.22000000,"Mass","Transit"
"HD 141937 b",3591.46099910,158.91420350,-158.91420350,12.40000000,,,"Mass","Radial Velocity"
"TOI-1518 b",581.62598481,149.37935129,-149.37935129,21.05046575,0.47077719,-0.47077719,"Mass","Transit"
"HD 18599 b",24.10000000,7.10000000,-7.70000000,2.60000000,0.15000000,-0.13000000,"Mass","Transit"
"HD 73583 b",10.20000000,3.40000000,-3.10000000,2.79000000,0.10000000,-0.10000000,"Mass","Transit"
"TOI-5218 b",657.00000000,,,9.86000000,0.39000000,-0.39000000,"Mass","Transit"
"HD 95338 b",42.90000000,2.20000000,-2.10000000,4.27174254,0.03923143,-0.03923143,"Mass","Radial Velocity"
"MOA-2020-BLG-135L b",11.30000000,19.20000000,-6.90000000,3.37000000,,,"Mass","Microlensing"
"Kepler-345 c",2.20000000,0.90000000,-0.90000000,1.20000000,0.07000000,-0.07000000,"Mass","Transit"
"KOI-142 c",214.10000000,5.20000000,-5.20000000,14.00000000,,,"Mass","Transit Timing Variations"
"HD 148427 b",381.39408840,63.56568140,-95.34852210,13.70000000,,,"Mass","Radial Velocity"
"HD 87883 b",2005.49724817,98.52680617,-101.70509024,12.70000000,,,"Mass","Radial Velocity"
"HD 63935 b",10.50000000,1.60000000,-1.50000000,2.91575244,0.09298372,-0.07706553,"Mass","Transit"
"OGLE-2005-BLG-169L b",14.10000000,0.90000000,-0.90000000,3.84000000,,,"Mass","Microlensing"
"HATS-76 b",835.57088200,28.28672822,-28.28672822,12.09449018,0.34747840,-0.34747840,"Mass","Transit"
"HAT-P-33 b",292.40360000,158.91500000,-158.91500000,20.73665000,5.49241000,-5.49241000,"Mass","Transit"
"HD 12235 c",3135.69506346,1013.87261833,-566.05239287,12.50000000,,,"Mass","Radial Velocity"
"CoRoT-26 b",165.26000000,15.89000000,-15.89000000,14.12000000,1.46000000,-0.78000000,"Mass","Transit"
"WASP-176 b",271.74465000,22.88376000,-21.93027000,16.86954500,0.56045000,-0.50440500,"Mass","Transit"
"WASP-65 b",492.62000000,50.85000000,-50.85000000,12.46400000,0.66100000,-0.66100000,"Mass","Transit"
"HD 2685 b",371.86110000,38.13960000,-38.13960000,16.14096000,0.56045000,-0.56045000,"Mass","Transit"
"WASP-117 b",95.34900000,15.89150000,-15.89150000,11.88154000,0.78463000,-0.78463000,"Mass","Transit"
"Kepler-12 b",137.30256000,16.84499000,-16.20933000,19.66058600,0.34747900,-0.40352400,"Mass","Transit"
"DENIS-P J082303.1-491201 b",9057.77000000,603.85000000,-603.85000000,11.90000000,,,"Mass","Astrometry"
"Gaia-1 b",533.95172376,34.96112477,-34.96112477,13.77583728,0.23538859,-0.23538859,"Mass","Transit"
"TOI-2109 b",1595.49860314,238.37130525,-238.37130525,15.09849700,0.52682209,-0.52682209,"Mass","Transit"
"LTT 3780 c",8.04000000,0.50000000,-0.48000000,2.39000000,0.10000000,-0.11000000,"Mass","Transit"
"TOI-561 e",12.40000000,1.40000000,-1.40000000,2.51700000,0.04500000,-0.04500000,"Mass","Transit"
"OGLE-2014-BLG-1760L b",295.89824692,37.18592362,-37.18592362,13.80000000,,,"Mass","Microlensing"
"OGLE-2018-BLG-1647L b",308.29355479,565.73456446,-177.98390792,13.80000000,,,"Mass","Microlensing"
"Kepler-643 b",321.00830000,63.56600000,-63.56600000,10.16000000,0.35000000,-0.27000000,"Mass","Transit"
"OGLE-2012-BLG-0026L b",46.10000000,2.60000000,-2.60000000,7.72000000,,,"Mass","Microlensing"
"CoRoT-7 c",8.40000000,0.90000000,-0.90000000,2.83000000,,,"Mass","Radial Velocity"
"Kepler-51 b",2.10000000,1.50000000,-0.80000000,7.10000000,0.30000000,-0.30000000,"Mass","Transit"
"Kepler-47 b",2.07000000,23.70000000,-2.07000000,3.05000000,0.04000000,-0.04000000,"Mass","Transit"
"TOI-2095 c",7.40000000,,,1.33000000,0.08000000,-0.08000000,"Mass","Transit"
"HATS-27 b",168.44990000,41.31790000,-41.31790000,16.81350000,2.24180000,-1.23299000,"Mass","Transit"
"HD 32963 b",657.90480249,263.79757781,-203.41018048,13.40000000,,,"Mass","Radial Velocity"
"OGLE-2012-BLG-0563L b",120.00000000,44.00000000,-73.00000000,13.60000000,,,"Mass","Microlensing"
"XO-3 b",4217.58296089,111.23994245,-114.41822652,14.79585452,0.28022452,-0.28022452,"Mass","Transit"
"TOI-5882 b",6995.40323807,193.87532827,-228.83645304,11.46678726,0.50440413,-0.42594127,"Mass","Transit"
"KOI-134 c",69.92224954,5.40308292,-6.67439655,9.86000000,,,"Mass","Transit Timing Variations"
"HD 110067 e",3.90000000,,,1.94000000,0.04000000,-0.04000000,"Mass","Transit"
"KMT-2023-BLG-1896L b",16.35000000,9.81000000,-8.44000000,4.19000000,,,"Mass","Microlensing"
"HD 23472 c",3.41000000,0.88000000,-0.81000000,1.87000000,0.12000000,-0.11000000,"Mass","Transit"
"Kepler-339 c",7.30000000,7.80000000,-6.20000000,1.15000000,0.52000000,-0.52000000,"Mass","Transit"
"NGTS-8 b",295.58190000,12.71320000,-9.53490000,12.21781000,0.33627000,-0.33627000,"Mass","Transit"
"TOI-6420 b",2606.19293740,114.41822652,-127.13136280,11.93756445,0.72858375,-0.66132986,"Mass","Transit"
"KMT-2019-BLG-2783L b",368.68095212,244.72787339,-244.72787339,13.70000000,,,"Mass","Microlensing"
"TOI-5388.01",2.20000000,,,0.99000000,0.07000000,-0.06000000,"Mass","Transit"
"HAT-P-70 b",2154.88740000,,,20.96083000,1.68135000,-1.12090000,"Mass","Transit"
"Kepler-454 b",5.40000000,1.40000000,-1.40000000,2.37000000,0.13000000,-0.13000000,"Mass","Transit"
"BD+63 1405 b",3305.41543280,413.17692910,-349.61124770,12.40000000,,,"Mass","Radial Velocity"
"MOA-2011-BLG-291L b",18.00000000,34.00000000,-12.00000000,4.43000000,,,"Mass","Microlensing"
"GJ 900 b",3496.11247700,,,12.40000000,,,"Mass","Imaging"
"Kepler-223 c",5.10000000,1.70000000,-1.10000000,3.44000000,0.20000000,-0.30000000,"Mass","Transit"
"TOI-5076 b",16.14568308,2.47906157,-2.47906157,3.48935569,0.09975993,-0.09415544,"Mass","Transit"
"KOI-94 c",15.60000000,5.70000000,-15.60000000,4.32000000,0.41000000,-0.41000000,"Mass","Transit"
"OGLE-2016-BLG-1093L b",225.65816897,38.13940884,-38.13940884,14.00000000,,,"Mass","Microlensing"
"HATS-52 b",711.93920000,47.67450000,-47.67450000,15.49083800,0.96397400,-0.96397400,"Mass","Transit"
"LHS 3844 b",2.37000000,0.25000000,-0.25000000,1.28600000,0.04300000,-0.04400000,"Mass","Transit"
"TOI-1601 b",387.00000000,16.00000000,-17.00000000,14.19902343,0.64857111,-0.51121860,"Mass","Transit"
"HATS-48 A b",77.23269000,6.99226000,-9.53490000,8.96720000,0.16813500,-0.16813500,"Mass","Transit"
"TOI-1694 b",28.24000000,1.05000000,-1.06000000,5.27000000,0.11000000,-0.11000000,"Mass","Transit"
"Kepler-289 b",3.70000000,3.79000000,-1.96000000,2.49000000,0.07000000,-0.07000000,"Mass","Transit"
"OGLE-2017-BLG-0482L b",9.00000000,9.00000000,-4.50000000,2.95000000,,,"Mass","Microlensing"
"HAT-P-44 b",111.87100000,9.21700000,-9.21700000,13.92200000,1.18800000,-0.57200000,"Mass","Transit"
"eps Ind A b",2065.88464550,228.83645304,-187.51876013,12.70000000,,,"Mass","Radial Velocity"
"Kepler-407 b",1.93000000,0.50000000,-0.50000000,1.19000000,0.05000000,-0.05000000,"Mass","Transit"
"HD 48265 b",2351.93021180,1175.96510590,-1239.53078730,12.60000000,,,"Mass","Radial Velocity"
"Kepler-9 b",43.40000000,1.60000000,-2.00000000,8.29000000,0.54000000,-0.43000000,"Mass","Transit"
"TOI-836.01",9.60000000,2.70000000,-2.50000000,2.58700000,0.08800000,-0.08800000,"Mass","Transit"
"TOI-2180 b",875.61726129,27.65107141,-25.74410097,11.32107051,0.24659758,-0.21297063,"Mass","Transit"
"K2-285 c",15.68000000,2.28000000,-2.13000000,3.53000000,0.08000000,-0.08000000,"Mass","Transit"
"K2-291 b",6.49000000,1.16000000,-1.16000000,1.58900000,0.09500000,-0.07200000,"Mass","Transit"
"TOI-169 b",251.40353000,20.34112000,-19.06980000,12.17297400,0.90792900,-0.53803200,"Mass","Transit"
"Kepler-26 c",6.20000000,0.65000000,-0.65000000,2.72000000,0.12000000,-0.12000000,"Mass","Transit"
"Kepler-102 f",4.30000000,,,0.86100000,0.02200000,-0.02200000,"Mass","Transit"
"Kepler-10 b",3.24000000,0.32000000,-0.32000000,1.47000000,0.03000000,-0.02000000,"Mass","Transit"
"K2-292 b",24.50000000,4.40000000,-4.40000000,2.63000000,0.11000000,-0.10000000,"Mass","Transit"
"OGLE-2013-BLG-0132L b",92.00000000,51.00000000,-41.00000000,11.60000000,,,"Mass","Microlensing"
"XO-2 N b",199.91507000,5.40311000,-5.40311000,11.13053700,0.13450800,-0.13450800,"Mass","Transit"
"HD 43197 c",2500.67390628,559.37799632,-508.20762279,12.60000000,,,"Mass","Radial Velocity"
"NGTS-18 b",129.99181846,25.74410097,-20.02318964,13.56286665,2.01761653,-2.01761653,"Mass","Transit"
"KMT-2021-BLG-1898L b",232.01473711,158.91420350,-127.13136280,14.00000000,,,"Mass","Microlensing"
"K2-229 b",2.55000000,0.38000000,-0.38000000,1.00000000,0.02000000,-0.02000000,"Mass","Transit"
"KMT-2024-BLG-1005L b",6674.39654700,6992.22495400,-3813.94088400,12.10000000,,,"Mass","Microlensing"
"TOI-5293 A b",170.40000000,21.80000000,-21.90000000,11.90000000,0.40000000,-0.40000000,"Mass","Transit"
"K2-99 b",276.51071409,6.35656814,-6.35656814,11.88151954,0.11208981,-0.11208981,"Mass","Transit"
"Kepler-419 b",794.50000000,95.30000000,-95.30000000,10.80000000,1.40000000,-1.30000000,"Mass","Transit"
"Kepler-81 b",17.20000000,6.30000000,-5.50000000,2.42000000,0.38000000,-0.38000000,"Mass","Transit"
"Kepler-107 d",7.70000000,,,0.86000000,0.06000000,-0.06000000,"Mass","Transit"
"Kepler-238 f",13.50000000,2.90000000,-2.50000000,2.00000000,0.85000000,-0.17000000,"Mass","Transit"
"TOI-2040 b",248.22398587,11.44182265,-11.44182265,10.32347122,0.25780656,-0.25780656,"Mass","Transit"
"Kepler-317 b",109.80000000,113.60000000,-95.90000000,2.09000000,0.96000000,-0.96000000,"Mass","Transit"
"Kepler-435 b",266.97000000,47.67000000,-47.67000000,22.31000000,2.02000000,-2.02000000,"Mass","Transit"
"Kepler-65 c",5.40000000,1.70000000,-1.70000000,2.58000000,0.06000000,-0.06000000,"Mass","Transit"
"MOA-2012-BLG-505L b",6.70000000,10.61000000,-3.51000000,2.48000000,,,"Mass","Microlensing"
"CFBDSIR J145829+101343 b",3337.10000000,1430.20000000,-1430.20000000,12.40000000,,,"Mass","Imaging"
"HAT-P-9 b",238.05467000,20.34112000,-20.02329000,15.61413700,0.75100300,-0.72858500,"Mass","Transit"
"Kepler-345 b",0.48000000,0.22000000,-0.14000000,0.74000000,0.06000000,-0.06000000,"Mass","Transit"
"Kepler-539 c",762.79200000,381.39600000,-381.39600000,13.30000000,,,"Mass","Transit Timing Variations"
"TOI-5916 b",226.61165419,76.59664609,-36.23243840,11.35469745,0.35868738,-0.36989636,"Mass","Transit"
"HD 136352 d",8.82000000,0.93000000,-0.92000000,2.56200000,0.08800000,-0.07900000,"Mass","Radial Velocity"
"HD 213240 b",1655.88600047,476.74261050,-155.73591943,12.80000000,,,"Mass","Radial Velocity"
"TOI-178 b",0.96000000,0.70000000,-0.65000000,1.20000000,0.04100000,-0.03700000,"Mass","Transit"
"Gaia-5 b",6633.07885409,168.44905571,-165.27077164,12.10000000,,,"Mass","Astrometry"
"TOI-4153 b",365.50266805,57.20911326,-57.20911326,16.11851425,0.50440413,-0.47077719,"Mass","Transit"
"OGLE-2019-BLG-0679L b",1061.54687938,603.87397330,-603.87397330,13.10000000,,,"Mass","Microlensing"
"MOA-2010-BLG-353L b",86.00000000,150.00000000,-51.00000000,11.10000000,,,"Mass","Microlensing"
"WASP-73 b",908.99380000,292.40360000,-292.40360000,15.91678000,2.46598000,-2.46598000,"Mass","Transit"
"HIP 79098 AB b",6515.51500000,1430.23500000,-1430.23500000,12.10000000,,,"Mass","Imaging"
"HATS-39 b",200.23290000,41.31790000,-41.31790000,17.59813000,1.34508000,-1.34508000,"Mass","Transit"
"TOI-2076 d",7.30000000,2.70000000,-2.70000000,3.27000000,0.13000000,-0.13000000,"Mass","Transit"
"OGLE-2012-BLG-0950L b",35.00000000,10.00000000,-6.00000000,6.56000000,,,"Mass","Microlensing"
"KMT-2024-BLG-0404L b",8657.64580668,12652.74888267,-4328.82290334,11.90000000,,,"Mass","Microlensing"
"TOI-532 b",61.50000000,9.70000000,-9.30000000,5.82000000,0.19000000,-0.19000000,"Mass","Transit"
"Kepler-107 e",14.10000000,3.30000000,-3.30000000,2.90300000,0.03500000,-0.03500000,"Mass","Transit"
"TOI-411 b",13.71000000,,,1.36200000,0.04000000,-0.04000000,"Mass","Transit"
"Kepler-11 c",2.90000000,2.90000000,-1.60000000,2.87000000,0.05000000,-0.06000000,"Mass","Transit"
"Kepler-57 b",25.06000000,5.16000000,-4.91000000,3.13500000,0.09000000,-0.08800000,"Mass","Transit"
"Kepler-277 b",87.30000000,41.70000000,-39.90000000,2.92000000,0.73000000,-0.63000000,"Mass","Transit"
"TOI-4600 c",2946.26933289,,,9.42000000,0.42000000,-0.41000000,"Mass","Transit"
"Kepler-450 c",12.50000000,3.20000000,-2.60000000,2.62000000,0.14000000,-0.14000000,"Mass","Transit"
"2MASS J04414489+2301513 b",2383.60000000,794.50000000,-794.50000000,12.60000000,,,"Mass","Imaging"
"WASP-70 A b",187.51200000,6.99200000,-6.99200000,13.04700000,0.81800000,-1.14300000,"Mass","Transit"
"HD 86226 c",7.25000000,1.19000000,-1.12000000,2.16000000,0.08000000,-0.08000000,"Mass","Transit"
"TOI-1798.01",6.50000000,2.00000000,-2.00000000,2.44800000,0.31900000,-0.19400000,"Mass","Transit"
"NGTS-39 b",466.25427307,25.74410097,-25.74410097,12.19537100,0.13450777,-0.13450777,"Mass","Transit"
"HD 118203 c",3747.19691853,219.30160083,-200.23189641,12.40000000,,,"Mass","Radial Velocity"
"HD 110113 b",4.55000000,0.62000000,-0.62000000,2.05000000,0.12000000,-0.12000000,"Mass","Transit"
"TOI-3486 b",99.16246298,18.11621920,-17.79839079,10.57006880,0.33626942,-0.32506044,"Mass","Transit"
"Kepler-60 d",4.16000000,0.84000000,-0.75000000,1.99000000,0.16000000,-0.16000000,"Mass","Transit"
"WASP-14 b",2809.61720000,444.96200000,-444.96200000,15.46842000,0.89672000,-0.89672000,"Mass","Transit"
"WASP-180 A b",286.04700000,31.78300000,-31.78300000,13.89916000,0.44836000,-0.44836000,"Mass","Transit"
"TOI-2374 b",61.65871096,4.44959770,-4.76742611,7.48759911,0.20176165,-0.20176165,"Mass","Transit"
"TOI-1855 b",360.09958513,30.51152707,-28.92238504,18.49481816,5.82866996,-4.14732286,"Mass","Transit"
"WTS-2 b",355.96960000,50.85280000,-50.85280000,15.27786700,0.68374900,-0.68374900,"Mass","Transit"
"TRAPPIST-1 e",0.69200000,0.02200000,-0.02200000,0.92000000,0.01300000,-0.01200000,"Mass","Transit"
"HIP 29442 c",4.50000000,0.32000000,-0.32000000,1.55100000,0.04500000,-0.04500000,"Mass","Radial Velocity"
"MOA-bin-1L b",1200.00000000,670.00000000,-670.00000000,13.00000000,,,"Mass","Microlensing"
"TOI-5398 c",11.80000000,4.80000000,-4.70000000,3.52000000,0.19000000,-0.19000000,"Mass","Transit"
"TOI-2818 b",225.65816897,82.63538582,-82.63538582,15.27784069,0.51561311,-0.50440413,"Mass","Transit"
"TOI-2128 b",4.50000000,2.00000000,-2.00000000,2.08874836,0.08866263,-0.07642236,"Mass","Transit"
"TOI-3321 b",176.07693748,24.15495893,-23.83713052,15.55806521,0.78462865,-0.71737476,"Mass","Transit"
"HAT-P-55 b",189.42573057,23.20147371,-22.88364530,14.84069045,0.25780656,-0.24659758,"Mass","Transit"
"TOI-451 b",4.70000000,2.10000000,-2.20000000,1.84000000,0.11000000,-0.11000000,"Mass","Transit"
"HIP 65891 b",1938.75328270,413.17692910,-413.17692910,12.70000000,,,"Mass","Radial Velocity"
"WASP-62 b",165.27160000,25.42640000,-25.42640000,14.79588000,0.89672000,-0.89672000,"Mass","Transit"
"HATS-45 b",222.48100000,47.67450000,-47.67450000,14.41477400,1.04243700,-1.04243700,"Mass","Transit"
"Kepler-36 c",7.13000000,0.18000000,-0.18000000,3.67900000,0.09600000,-0.09100000,"Mass","Transit"
"TOI-784 b",9.67000000,0.83000000,-0.82000000,1.93000000,0.11000000,-0.09000000,"Mass","Transit"
"HATS-7 b",38.13960000,3.81396000,-3.81396000,6.31066700,0.51561400,-0.38110600,"Mass","Transit"
"HATS-37 A b",31.46517000,13.34886000,-13.34886000,6.79265400,0.17934400,-0.17934400,"Mass","Transit"
"Kepler-183 c",35.70000000,30.90000000,-24.20000000,2.27000000,0.98000000,-0.98000000,"Mass","Transit"
"K2-139 b",123.00021000,26.37989000,-23.83725000,9.11000000,0.17000000,-0.17000000,"Mass","Transit"
"K2-233 b",2.40000000,1.50000000,-1.30000000,1.31500000,0.03600000,-0.03600000,"Mass","Transit"
"OGLE-2008-BLG-355L b",1500.00000000,1200.00000000,-700.00000000,12.90000000,,,"Mass","Microlensing"
"TOI-561 d",13.33000000,0.98000000,-0.98000000,2.61500000,0.05900000,-0.05900000,"Mass","Transit"
"TOI-1064 b",13.50000000,1.70000000,-1.80000000,2.58700000,0.04300000,-0.04200000,"Mass","Transit"
"K2-140 b",295.58041851,12.71313628,-12.71313628,13.56286665,1.00880826,-1.00880826,"Mass","Transit"
"HD 224018 c",10.40000000,1.30000000,-1.10000000,2.42000000,0.07000000,-0.08000000,"Mass","Transit"
"Gaia-4 b",3750.37520260,232.01473711,-209.76674862,12.40000000,,,"Mass","Astrometry"
"MOA-2009-BLG-319L b",67.30000000,6.20000000,-6.20000000,9.64000000,,,"Mass","Microlensing"
"TOI-178 c",4.64000000,0.52000000,-0.53000000,1.75400000,0.03200000,-0.04000000,"Mass","Transit"
"TOI-1136 e",6.07000000,1.09000000,-1.01000000,2.63900000,0.07200000,-0.08800000,"Mass","Transit"
"Kepler-97 b",3.51000000,1.90000000,-1.90000000,1.48000000,0.13000000,-0.13000000,"Mass","Transit"
"KELT-7 b",441.78370000,69.92260000,-69.92260000,17.93440000,0.67254000,-0.67254000,"Mass","Transit"
"WASP-28 b",282.54945382,18.43404761,-18.43404761,13.66374747,0.31385146,-0.31385146,"Mass","Transit"
"WISE J033605.05-014350.4 b",2622.08435775,1350.77072975,-1350.77072975,12.60000000,,,"Mass","Imaging"
"KOI-55 b",0.44000000,,,0.75900000,,,"Mass","Orbital Brightness Modulation"
"WASP-113 b",150.96925000,17.16282000,-16.52716000,15.79348100,1.07606400,-1.56926000,"Mass","Transit"
"TOI-1736 b",12.30000000,1.50000000,-1.40000000,3.18175535,0.12195694,-0.09508409,"Mass","Transit"
"Kepler-5 b",670.93913000,21.29461000,-27.33338000,15.98403400,0.40352400,-0.57165900,"Mass","Transit"
"BD-17 63 b",1639.99458012,63.56568140,-63.56568140,12.80000000,,,"Mass","Radial Velocity"
"WASP-172 b",149.38010000,31.78300000,-31.78300000,17.59813000,1.12090000,-1.12090000,"Mass","Transit"
"WASP-18 b",3241.84975140,111.23994245,-111.23994245,13.89913607,0.88550948,-0.88550948,"Mass","Transit"
"TOI-4552 b",1.83000000,0.47000000,-0.47000000,1.11000000,0.04000000,-0.04000000,"Mass","Transit"
"Kepler-223 d",8.00000000,1.50000000,-1.30000000,5.24000000,0.26000000,-0.45000000,"Mass","Transit"
"TOI-2714 b",228.00000000,33.00000000,-32.00000000,13.72000000,0.70000000,-0.67000000,"Mass","Transit"
"TOI-1472 b",18.05000000,0.84000000,-0.85000000,4.05800000,0.09800000,-0.09800000,"Mass","Transit"
"TIC 245076932 b",162.09248757,12.71313628,-15.89142035,10.87271128,0.53803107,-0.53803107,"Mass","Transit"
"CoRoT-1 b",327.35000000,38.14000000,-38.14000000,16.70000000,0.90000000,-0.90000000,"Mass","Transit"
"TOI-125 c",6.63000000,0.99000000,-0.99000000,2.75900000,0.10000000,-0.10000000,"Mass","Transit"
"TOI-3714 b",222.47988490,9.53485221,-9.53485221,11.32107051,0.33626942,-0.33626942,"Mass","Transit"
"HATS-10 b",167.17858000,25.74423000,-25.74423000,10.86152100,0.68374900,-0.50440500,"Mass","Transit"
"WASP-2 b",295.89973000,19.06980000,-18.43414000,12.11692900,0.45956900,-0.44836000,"Mass","Transit"
"Kepler-56 c",181.00000000,21.00000000,-19.00000000,9.80000000,0.46000000,-0.46000000,"Mass","Transit"
"bet Pic c",2765.10714090,254.26272560,-222.47988490,12.50000000,,,"Mass","Radial Velocity"
"HD 171238 b",2796.88998160,1144.18226520,-413.17692910,12.50000000,,,"Mass","Radial Velocity"
"Kepler-595 c",3.30000000,1.70000000,-1.00000000,1.00900000,0.02400000,-0.02400000,"Mass","Transit"
"WASP-145 A b",282.86870000,12.71320000,-12.71320000,10.08810000,4.48360000,-4.48360000,"Mass","Transit"
"TOI-3785 b",14.95000000,4.10000000,-3.92000000,5.14000000,0.16000000,-0.16000000,"Mass","Transit"
"TOI-244 b",2.68000000,0.30000000,-0.30000000,1.52000000,0.12000000,-0.12000000,"Mass","Transit"
"HIP 21152 b",7627.88176800,1906.97044200,-1271.31362800,12.00000000,,,"Mass","Imaging"
"PDS 70 b",1017.05090240,1048.83374310,-508.52545120,21.96960217,2.24179614,-1.90552672,"Mass","Imaging"
"TOI-5344 b",130.94530368,12.71313628,-12.71313628,10.60369574,0.23538859,-0.23538859,"Mass","Transit"
"TOI-2382 b",235.19302118,79.45710175,-79.45710175,12.25141591,0.85188253,-0.57165802,"Mass","Transit"
"KMT-2024-BLG-2059L b",6.99222495,3.81394088,-4.13176929,2.54000000,,,"Mass","Microlensing"
"TOI-2010 b",408.72733140,17.48056238,-18.11621920,11.81426566,0.30264248,-0.30264248,"Mass","Transit"
"WASP-136 b",479.92089457,25.42627256,-25.42627256,16.81347105,1.68134710,-1.68134710,"Mass","Transit"
"HD 128311 c",1204.25787000,293.67492000,-137.30256000,13.00000000,,,"Mass","Radial Velocity"
"KOI-2513.01",7310.05336100,635.65681400,-635.65681400,2.80224517,22.41796140,-0.56044903,"Mass","Transit"
"K2-233 d",10.30000000,2.40000000,-2.60000000,2.36300000,0.06200000,-0.06200000,"Mass","Transit"
"WASP-187 b",254.26400000,28.60470000,-28.60470000,18.38276000,0.56045000,-0.56045000,"Mass","Transit"
"OGLE-2011-BLG-0251L b",170.00000000,67.00000000,-67.00000000,14.20000000,,,"Mass","Microlensing"
"EPIC 201595106 b",7.67000000,0.75000000,-0.75000000,1.56500000,0.07900000,-0.07900000,"Mass","Transit"
"WASP-169 b",178.30263000,19.38763000,-19.38763000,14.61653600,1.68135000,-0.81825700,"Mass","Transit"
"HD 110067 f",5.04000000,1.89000000,-1.94000000,2.60100000,0.04200000,-0.04200000,"Mass","Transit"
"WASP-83 b",95.34900000,9.53490000,-9.53490000,11.65736000,0.89672000,-0.56045000,"Mass","Transit"
"TOI-521 b",5.30000000,1.00000000,-1.00000000,1.98000000,0.14000000,-0.14000000,"Mass","Transit"
"HR 8799 d",3000.00000000,1000.00000000,-1000.00000000,13.00000000,1.00000000,0.00000000,"Mass","Imaging"
"Kepler-282 e",56.20000000,16.20000000,-16.70000000,3.10000000,1.26000000,-0.25000000,"Mass","Transit"
"TOI-4602.01",5.53000000,0.93000000,-0.94000000,2.45000000,0.23000000,-0.23000000,"Mass","Transit"
"EPIC 229004835 b",10.40000000,1.60000000,-1.50000000,2.33200000,0.08000000,-0.09400000,"Mass","Transit"
"TOI-178 d",5.20000000,0.39000000,-0.43000000,2.69500000,0.04100000,-0.04600000,"Mass","Transit"
"TOI-1439 b",38.50000000,5.70000000,-5.60000000,4.24278610,0.23014642,-0.16769357,"Mass","Transit"
"HAT-P-8 b",406.82240000,85.81410000,-85.81410000,15.69260000,1.45717000,-1.45717000,"Mass","Transit"
"Kepler-1705 c",5.42000000,0.61000000,-0.57000000,2.05000000,0.14000000,-0.15000000,"Mass","Transit"
"TOI-3493 b",8.97000000,1.17000000,-1.20000000,3.22000000,0.08000000,-0.08000000,"Mass","Transit"
"K2-295 b",106.47305000,19.70546000,-19.70546000,10.05447300,0.12329900,-0.05604500,"Mass","Transit"
"TOI-2567 b",63.88350981,10.80616584,-9.85268062,10.92875618,0.34747840,-0.32506044,"Mass","Transit"
"GJ 1061 c",1.81000000,0.13000000,-0.11000000,1.19000000,,,"Mass","Radial Velocity"
"Qatar-9 b",378.21770000,50.85280000,-50.85280000,11.30988100,0.15692600,-0.15692600,"Mass","Transit"
"HD 10697 b",1825.28854140,321.32451948,-91.85240962,12.80000000,,,"Mass","Radial Velocity"
"HD 191939 d",2.80000000,0.60000000,-0.60000000,2.99500000,0.07000000,-0.07000000,"Mass","Transit"
"WASP-44 b",276.51210000,20.02329000,-19.70546000,12.32990000,0.90792900,-0.85188400,"Mass","Transit"
"Kepler-99 b",6.15000000,1.30000000,-1.30000000,1.48000000,0.08000000,-0.08000000,"Mass","Transit"
"KMT-2020-BLG-0414L c",8581.36698900,1271.31362800,-985.26806170,11.90000000,,,"Mass","Microlensing"
"TOI-1422 c",14.00000000,3.00000000,-3.00000000,2.61000000,0.14000000,-0.14000000,"Mass","Radial Velocity"
"TOI-1386 b",45.80000000,5.80000000,-5.70000000,6.21638650,0.20643815,-0.16956970,"Mass","Transit"
"HD 111232 c",5740.93451564,1337.73976506,-512.33939208,12.20000000,,,"Mass","Radial Velocity"
"70 Vir b",2380.45000000,193.87000000,-193.87000000,12.60000000,,,"Mass","Radial Velocity"
"HIP 116454 b",9.70000000,1.20000000,-1.20000000,2.46900000,0.10000000,-0.09100000,"Mass","Transit"
"Kepler-50 c",8.20000000,,,2.17000000,0.07000000,-0.08000000,"Mass","Transit"
"TOI-1749 c",14.00000000,,,2.12000000,0.12000000,-0.12000000,"Mass","Transit"
"HD 191806 b",2966.61035094,292.08430603,-270.78980276,12.50000000,,,"Mass","Radial Velocity"
"LP 261-75 b",6674.39654700,3178.28407000,-1589.14203500,12.10000000,,,"Mass","Imaging"
"GJ 9714 b",2988.54051102,970.96578339,-538.71914986,12.50000000,,,"Mass","Radial Velocity"
"HATS-46 b",54.98459000,19.70546000,-19.70546000,10.12172700,0.65012200,-0.50440500,"Mass","Transit"
"HD 93963 A c",18.40000000,3.20000000,-3.10000000,3.11976057,0.13502367,-0.10446158,"Mass","Transit"
"Kepler-103 c",58.47000000,11.17000000,-11.43000000,5.45390000,0.17700000,-0.17460000,"Mass","Transit"
"Kepler-85 e",0.60000000,0.50000000,-0.40000000,1.27000000,0.20000000,-0.20000000,"Mass","Transit"
"GJ 436 b",22.10000000,2.30000000,-2.30000000,4.17000000,0.16800000,-0.16800000,"Mass","Radial Velocity"
"GJ 486 b",2.77000000,0.07600000,-0.07300000,1.28900000,0.01900000,-0.01400000,"Mass","Radial Velocity"
"Kepler-27 b",2895.31000000,,,4.00000000,,,"Mass","Transit"
"HAT-P-2 c",3400.76395490,1652.70771640,-699.22249540,12.40000000,,,"Mass","Radial Velocity"
"HD 114783 c",603.87397330,158.91420350,-127.13136280,13.40000000,,,"Mass","Radial Velocity"
"TOI-6894 b",53.39517238,6.99222495,-6.99222495,9.58367850,0.24659758,-0.24659758,"Mass","Transit"
"NGTS-9 b",921.70700000,54.03110000,-54.03110000,11.99363000,0.67254000,-0.67254000,"Mass","Transit"
"HIP 54597 b",762.78817680,127.13136280,-63.56568140,13.30000000,,,"Mass","Radial Velocity"
"WASP-5 b",502.15000000,41.32000000,-31.78000000,12.18400000,0.76200000,-0.79600000,"Mass","Transit"
"KMT-2019-BLG-1339L b",397.00000000,331.00000000,-230.00000000,13.70000000,,,"Mass","Microlensing"
"Kepler-102 e",4.70000000,1.80000000,-1.80000000,2.17000000,0.11000000,-0.11000000,"Mass","Transit"
"K2-180 b",11.41003981,2.38371305,-2.16123317,2.46597575,0.10984801,-0.09639723,"Mass","Transit"
"TOI-654.01",8.71000000,1.25000000,-1.25000000,2.37800000,0.08900000,-0.08900000,"Mass","Transit"
"HD 73583 c",9.70000000,1.80000000,-1.70000000,2.39000000,0.10000000,-0.09000000,"Mass","Transit"
