wavelength (nm),irradiance_mar25_mar29 (W/m^2/nm),irradiance_mar30_apr04 (W/m^2/nm),irradiance_apr10_apr16 (W/m^2/nm),source (1: TIMED XPS, 2: Rocket EVE, 3: TIMED EGS, 4: SORCE SOLSTICE, 5: SORCE SIM, -1: fill)
0.05,4.6174E-13,4.6174E-13,4.2338E-21,1
0.15,1.2522E-9,1.2522E-9,3.3482E-13,1
0.25,1.2243E-8,1.2243E-8,1.4679E-10,1
0.35,6.2422E-8,6.2422E-8,3.3496E-9,1
0.45,1.6844E-7,1.6844E-7,2.2021E-8,1
0.55,5.3942E-7,5.3942E-7,1.1398E-7,1
0.65,2.3024E-6,2.3024E-6,5.9495E-7,1
0.75,1.2921E-6,1.2921E-6,4.2381E-7,1
0.85,1.4841E-6,1.4841E-6,4.6782E-7,1
0.95,6.9433E-6,6.9433E-6,2.7886E-6,1
1.05,4.7671E-6,4.7671E-6,1.7399E-6,1
1.15,6.9785E-6,6.9785E-6,2.667E-6,1
1.25,1.2445E-5,1.2445E-5,4.6288E-6,1
1.35,1.962E-5,1.962E-5,9.7289E-6,1
1.45,2.2889E-5,2.2889E-5,8.0915E-6,1
1.55,4.3836E-5,4.3836E-5,1.8875E-5,1
1.65,4.1049E-5,4.1049E-5,1.8566E-5,1
1.75,3.9101E-5,3.9101E-5,1.8229E-5,1
1.85,4.8086E-5,4.8086E-5,2.9394E-5,1
1.95,1.6071E-5,1.6071E-5,9.732E-6,1
2.05,4.0159E-6,4.0159E-6,2.454E-6,1
2.15,1.5229E-4,1.5229E-4,1.0473E-4,1
2.25,5.5924E-6,5.5924E-6,3.411E-6,1
2.35,3.3558E-6,3.3558E-6,2.0448E-6,1
2.45,1.6596E-5,1.6596E-5,1.0701E-5,1
2.55,4.2792E-6,4.2792E-6,2.6991E-6,1
2.65,6.199E-6,6.199E-6,3.9847E-6,1
2.75,4.3652E-6,4.3652E-6,2.697E-6,1
2.85,2.2244E-5,2.2244E-5,1.5493E-5,1
2.95,1.1949E-5,1.1949E-5,8.1859E-6,1
3.05,6.3926E-6,6.3926E-6,4.233E-6,1
3.15,5.6914E-6,5.6914E-6,3.6753E-6,1
3.25,7.1014E-6,7.1014E-6,4.4859E-6,1
3.35,5.0471E-5,5.0471E-5,3.4997E-5,1
3.45,9.9283E-6,9.9283E-6,6.8808E-6,1
3.55,9.6062E-6,9.6062E-6,6.5823E-6,1
3.65,8.1259E-6,8.1259E-6,5.2203E-6,1
3.75,3.9162E-6,3.9162E-6,2.5237E-6,1
3.85,3.7193E-6,3.7193E-6,2.4208E-6,1
3.95,1.1709E-5,1.1709E-5,7.941E-6,1
4.05,1.2321E-4,1.2321E-4,8.8879E-5,1
4.15,5.2452E-6,5.2452E-6,3.4306E-6,1
4.25,1.7541E-5,1.7541E-5,1.2109E-5,1
4.35,2.1619E-5,2.1619E-5,1.4897E-5,1
4.45,2.5986E-5,2.5986E-5,1.7532E-5,1
4.55,1.2612E-5,1.2612E-5,8.4519E-6,1
4.65,3.4666E-5,3.4666E-5,2.383E-5,1
4.75,2.514E-5,2.514E-5,1.7756E-5,1
4.85,1.4457E-5,1.4457E-5,1.0188E-5,1
4.95,2.1922E-5,2.1922E-5,1.5278E-5,1
5.05,6.4127E-5,6.4127E-5,4.5072E-5,1
5.15,5.1296E-6,5.1296E-6,3.4254E-6,1
5.25,2.6656E-5,2.6656E-5,1.8452E-5,1
5.35,7.8969E-6,7.8969E-6,5.487E-6,1
5.45,2.1755E-5,2.1755E-5,1.4652E-5,1
5.55,6.7688E-5,6.7688E-5,4.873E-5,1
5.65,2.6836E-5,2.6836E-5,1.9138E-5,1
5.75,3.452E-5,3.452E-5,2.4513E-5,1
5.85,2.8342E-6,2.8342E-6,1.9093E-6,1
5.95,1.0189E-5,1.0189E-5,6.8718E-6,1
6.05,2.7754E-5,2.7754E-5,2.0131E-5,2
6.15,3.796E-5,3.796E-5,2.7687E-5,2
6.25,3.1086E-5,3.1086E-5,2.1975E-5,2
6.35,3.1504E-5,3.1504E-5,2.1917E-5,2
6.45,1.8977E-5,1.8977E-5,1.3705E-5,2
6.55,1.8839E-5,1.8839E-5,1.3411E-5,2
6.65,2.6225E-5,2.6225E-5,1.701E-5,2
6.75,2.9758E-5,2.9758E-5,2.1583E-5,2
6.85,1.4837E-5,1.4837E-5,1.0778E-5,2
6.95,4.8913E-5,4.8913E-5,3.4802E-5,2
7.05,3.9206E-5,3.9206E-5,2.8487E-5,2
7.15,2.8274E-5,2.8274E-5,2.0616E-5,2
7.25,4.8682E-5,4.8682E-5,3.5491E-5,2
7.35,2.8788E-5,2.8788E-5,2.0492E-5,2
7.45,3.6528E-5,3.6528E-5,2.6752E-5,2
7.55,3.5795E-5,3.5795E-5,2.6092E-5,2
7.65,2.2345E-5,2.2345E-5,1.5948E-5,2
7.75,2.7924E-5,2.7924E-5,2.0284E-5,2
7.85,2.5156E-5,2.5156E-5,1.8289E-5,2
7.95,2.0803E-5,2.0803E-5,1.5181E-5,2
8.05,1.8887E-5,1.8887E-5,1.3708E-5,2
8.15,3.5089E-5,3.5089E-5,2.5673E-5,2
8.25,4.2359E-5,4.2359E-5,3.0525E-5,2
8.35,4.4787E-5,4.4787E-5,3.2774E-5,2
8.45,3.0196E-5,3.0196E-5,2.2209E-5,2
8.55,2.3129E-5,2.3129E-5,1.6992E-5,2
8.65,2.9863E-5,2.9863E-5,2.1841E-5,2
8.75,3.0233E-5,3.0233E-5,2.1812E-5,2
8.85,2.6821E-5,2.6821E-5,1.9393E-5,2
8.95,2.4871E-5,2.4871E-5,1.7597E-5,2
9.05,2.4658E-5,2.4658E-5,1.7486E-5,2
9.15,3.1587E-5,3.1587E-5,2.0641E-5,2
9.25,2.6889E-5,2.6889E-5,1.9012E-5,2
9.35,3.324E-5,3.324E-5,1.9605E-5,2
9.45,2.5332E-5,2.5332E-5,1.8129E-5,2
9.55,4.1044E-5,4.1044E-5,3.0191E-5,2
9.65,3.6379E-5,3.6379E-5,2.6678E-5,2
9.75,3.0343E-5,3.0343E-5,2.2357E-5,2
9.85,3.1558E-5,3.1558E-5,2.3066E-5,2
9.95,1.8548E-5,1.8548E-5,1.3557E-5,2
10.05,2.8222E-5,2.8222E-5,2.061E-5,2
10.15,2.4556E-5,2.4556E-5,1.7395E-5,2
10.25,3.0913E-5,3.0913E-5,2.2386E-5,2
10.35,4.4727E-5,4.4727E-5,3.2309E-5,2
10.45,2.4433E-5,2.4433E-5,1.7688E-5,2
10.55,2.491E-5,2.491E-5,1.8303E-5,2
10.65,1.6602E-5,1.6602E-5,1.2208E-5,2
10.75,1.2398E-5,1.2398E-5,9.0554E-6,2
10.85,1.4149E-5,1.4149E-5,9.8117E-6,2
10.95,8.8112E-6,8.8112E-6,6.2021E-6,2
11.05,1.1732E-5,1.1732E-5,8.3758E-6,2
11.15,2.5567E-5,2.5567E-5,1.8886E-5,2
11.25,1.6411E-5,1.6411E-5,1.2033E-5,2
11.35,2.1721E-5,2.1721E-5,1.5902E-5,2
11.45,1.9067E-5,1.9067E-5,1.3957E-5,2
11.55,1.7898E-5,1.7898E-5,1.3113E-5,2
11.65,2.3718E-5,2.3718E-5,1.7456E-5,2
11.75,1.7782E-5,1.7782E-5,1.3065E-5,2
11.85,1.1119E-5,1.1119E-5,8.1276E-6,2
11.95,1.078E-5,1.078E-5,7.7174E-6,2
12.05,8.8354E-6,8.8354E-6,6.4205E-6,2
12.15,9.2986E-6,9.2986E-6,6.8375E-6,2
12.25,1.2529E-5,1.2529E-5,9.2806E-6,2
12.35,1.1364E-5,1.1364E-5,7.9802E-6,2
12.45,6.718E-6,6.718E-6,4.8096E-6,2
12.55,5.1017E-6,5.1017E-6,3.6364E-6,2
12.65,4.2897E-6,4.2897E-6,3.0047E-6,2
12.75,9.0934E-6,9.0934E-6,6.6427E-6,2
12.85,7.514E-6,7.514E-6,5.2276E-6,2
12.95,1.0904E-5,1.0904E-5,7.9133E-6,2
13.05,1.6538E-5,1.6538E-5,1.2218E-5,2
13.15,1.8623E-5,1.8623E-5,1.3697E-5,2
13.25,8.0461E-6,8.0461E-6,5.7496E-6,2
13.35,8.66E-6,8.66E-6,6.2117E-6,2
13.45,9.1045E-6,9.1045E-6,6.237E-6,2
13.55,6.3187E-6,6.3187E-6,4.6184E-6,2
13.65,8.6488E-6,8.6488E-6,6.3897E-6,2
13.75,7.8333E-6,7.8333E-6,5.7392E-6,2
13.85,8.3614E-6,8.3614E-6,6.1325E-6,2
13.95,8.1205E-6,8.1205E-6,5.9454E-6,2
14.05,1.1418E-5,1.1418E-5,8.1979E-6,2
14.15,9.1581E-6,9.1581E-6,6.4121E-6,2
14.25,7.1337E-6,7.1337E-6,5.2372E-6,2
14.35,1.1464E-5,1.1464E-5,8.471E-6,2
14.45,2.5189E-5,2.5189E-5,1.7642E-5,2
14.55,2.2275E-5,2.2275E-5,1.6185E-5,2
14.65,1.2741E-5,1.2741E-5,9.368E-6,2
14.75,1.926E-5,1.926E-5,1.4107E-5,2
14.85,5.4187E-5,5.4187E-5,3.9451E-5,2
14.95,2.3636E-5,2.3636E-5,1.723E-5,2
15.05,2.5727E-5,2.5727E-5,1.8928E-5,2
15.15,1.7972E-5,1.7972E-5,1.3195E-5,2
15.25,1.8246E-5,1.8246E-5,1.3138E-5,2
15.35,9.004E-6,9.004E-6,6.4899E-6,2
15.45,1.1834E-5,1.1834E-5,8.5101E-6,2
15.55,7.1359E-6,7.1359E-6,5.2172E-6,2
15.65,5.8491E-6,5.8491E-6,4.2952E-6,2
15.75,9.8487E-6,9.8487E-6,7.2354E-6,2
15.85,1.6646E-5,1.6646E-5,1.2235E-5,2
15.95,1.2441E-5,1.2441E-5,9.158E-6,2
16.05,1.1911E-5,1.1911E-5,8.7608E-6,2
16.15,5.2295E-6,5.2295E-6,3.8455E-6,2
16.25,7.7148E-6,7.7148E-6,5.6796E-6,2
16.35,4.9454E-6,4.9454E-6,3.6433E-6,2
16.45,6.9623E-6,6.9623E-6,5.1125E-6,2
16.55,1.1392E-5,1.1392E-5,8.3787E-6,2
16.65,1.0575E-5,1.0575E-5,7.7636E-6,2
16.75,6.6961E-5,6.6961E-5,4.9536E-5,2
16.85,9.6661E-5,9.6661E-5,7.1661E-5,2
16.95,6.1351E-5,6.1351E-5,4.5119E-5,2
17.05,5.5208E-4,5.5208E-4,4.0681E-4,2
17.15,5.3412E-4,5.3412E-4,3.9458E-4,2
17.25,4.7673E-5,4.7673E-5,3.5198E-5,2
17.35,5.7922E-5,5.7922E-5,4.2572E-5,2
17.45,6.764E-4,6.764E-4,4.9647E-4,2
17.55,1.3049E-4,1.3049E-4,9.5706E-5,2
17.65,1.5327E-4,1.5327E-4,1.1251E-4,2
17.75,3.6227E-4,3.6227E-4,2.6518E-4,2
17.85,4.3907E-5,4.3907E-5,3.2004E-5,2
17.95,6.8292E-5,6.8292E-5,4.9588E-5,2
18.05,4.4647E-4,4.4647E-4,3.2503E-4,2
18.15,6.3162E-5,6.3162E-5,4.6303E-5,2
18.25,7.2908E-5,7.2908E-5,5.3084E-5,2
18.35,3.4635E-5,3.4635E-5,2.5413E-5,2
18.45,2.0136E-4,2.0136E-4,1.4698E-4,2
18.55,7.4693E-5,7.4693E-5,5.5156E-5,2
18.65,8.1841E-5,8.1841E-5,5.9258E-5,2
18.75,1.027E-4,1.027E-4,7.4261E-5,2
18.85,3.3315E-4,3.3315E-4,2.4144E-4,2
18.95,7.4129E-5,7.4129E-5,5.3855E-5,2
19.05,7.131E-5,7.131E-5,5.1609E-5,2
19.15,4.6444E-5,4.6444E-5,3.3364E-5,2
19.25,1.4355E-4,1.4355E-4,1.0437E-4,2
19.35,1.7793E-4,1.7793E-4,1.2819E-4,2
19.45,1.0681E-4,1.0681E-4,7.7945E-5,2
19.55,1.75E-4,1.75E-4,1.2616E-4,2
19.65,3.4901E-5,3.4901E-5,2.4985E-5,2
19.75,3.7087E-5,3.7087E-5,2.6985E-5,2
19.85,4.3289E-5,4.3289E-5,3.1458E-5,2
19.95,1.9291E-5,1.9291E-5,1.3948E-5,2
20.05,3.0517E-5,3.0517E-5,2.1856E-5,2
20.15,7.8833E-5,7.8833E-5,5.6659E-5,2
20.25,9.6195E-5,9.6195E-5,6.9281E-5,2
20.35,4.2951E-5,4.2951E-5,3.0716E-5,2
20.45,2.8367E-5,2.8367E-5,2.0285E-5,2
20.55,1.8807E-5,1.8807E-5,1.3678E-5,2
20.65,3.0415E-5,3.0415E-5,2.2086E-5,2
20.75,4.679E-5,4.679E-5,3.4215E-5,2
20.85,2.9399E-5,2.9399E-5,2.1058E-5,2
20.95,3.8737E-5,3.8737E-5,2.7768E-5,2
21.05,2.9964E-5,2.9964E-5,2.1845E-5,2
21.15,4.2516E-5,4.2516E-5,2.9986E-5,2
21.25,2.0264E-5,2.0264E-5,1.4545E-5,2
21.35,1.7621E-5,1.7621E-5,1.2629E-5,2
21.45,2.895E-5,2.895E-5,2.1259E-5,2
21.55,2.4165E-5,2.4165E-5,1.761E-5,2
21.65,5.7767E-5,5.7767E-5,4.2211E-5,2
21.75,6.0994E-5,6.0994E-5,4.4978E-5,2
21.85,3.8481E-5,3.8481E-5,2.7038E-5,2
21.95,4.2965E-5,4.2965E-5,3.0302E-5,2
22.05,5.9071E-5,5.9071E-5,4.2479E-5,2
22.15,4.193E-5,4.193E-5,2.9918E-5,2
22.25,3.5123E-5,3.5123E-5,2.5684E-5,2
22.35,5.2942E-5,5.2942E-5,3.8346E-5,2
22.45,1.0257E-4,1.0257E-4,7.3916E-5,2
22.55,1.0042E-4,1.0042E-4,7.3106E-5,2
22.65,1.2214E-4,1.2214E-4,8.8825E-5,2
22.75,9.1087E-5,9.1087E-5,6.5979E-5,2
22.85,5.5793E-5,5.5793E-5,3.9933E-5,2
22.95,3.7329E-5,3.7329E-5,2.7489E-5,2
23.05,5.2122E-5,5.2122E-5,3.8108E-5,2
23.15,3.2118E-5,3.2118E-5,2.3801E-5,2
23.25,3.3323E-5,3.3323E-5,2.4132E-5,2
23.35,6.3612E-5,6.3612E-5,4.5264E-5,2
23.45,7.0919E-5,7.0919E-5,5.1285E-5,2
23.55,2.8122E-5,2.8122E-5,2.0695E-5,2
23.65,3.3044E-5,3.3044E-5,2.4193E-5,2
23.75,4.9243E-5,4.9243E-5,3.5738E-5,2
23.85,4.6033E-5,4.6033E-5,3.4196E-5,2
23.95,1.7248E-5,1.7248E-5,1.2508E-5,2
24.05,3.8233E-5,3.8233E-5,2.7647E-5,2
24.15,1.3427E-4,1.3427E-4,9.8476E-5,2
24.25,8.9688E-5,8.9688E-5,6.5284E-5,2
24.35,4.9589E-5,4.9589E-5,3.5182E-5,2
24.45,5.45E-5,5.45E-5,4.0225E-5,2
24.55,3.7272E-5,3.7272E-5,2.7639E-5,2
24.65,2.1827E-5,2.1827E-5,1.5844E-5,2
24.75,2.6756E-5,2.6756E-5,1.9492E-5,2
24.85,2.1692E-5,2.1692E-5,1.5898E-5,2
24.95,1.4946E-5,1.4946E-5,1.0622E-5,2
25.05,7.8219E-6,7.8219E-6,5.7287E-6,2
25.15,1.8011E-5,1.8011E-5,1.267E-5,2
25.25,1.4498E-5,1.4498E-5,1.0201E-5,2
25.35,2.1061E-5,2.1061E-5,1.516E-5,2
25.45,2.9564E-5,2.9564E-5,1.9008E-5,2
25.55,5.1551E-5,5.1551E-5,3.7439E-5,2
25.65,3.1095E-4,3.1095E-4,2.2611E-4,2
25.75,2.0363E-4,2.0363E-4,1.4477E-4,2
25.85,7.5902E-5,7.5902E-5,5.4927E-5,2
25.95,3.1156E-5,3.1156E-5,2.2585E-5,2
26.05,2.3132E-5,2.3132E-5,1.6884E-5,2
26.15,2.433E-5,2.433E-5,1.7568E-5,2
26.25,4.0351E-6,4.0351E-6,2.5586E-6,2
26.35,1.3175E-5,1.3175E-5,8.5569E-6,2
26.45,4.0897E-5,4.0897E-5,2.8648E-5,2
26.55,9.1016E-6,9.1016E-6,6.3073E-6,2
26.65,1.1609E-5,1.1609E-5,8.4879E-6,2
26.75,4.0061E-6,4.0061E-6,2.891E-6,2
26.85,3.4543E-6,3.4543E-6,2.2274E-6,2
26.95,4.4038E-6,4.4038E-6,2.7997E-6,2
27.05,1.2418E-5,1.2418E-5,7.7169E-6,2
27.15,2.3413E-5,2.3413E-5,1.5746E-5,2
27.25,3.1714E-5,3.1714E-5,2.0477E-5,2
27.35,8.2719E-6,8.2719E-6,5.2921E-6,2
27.45,2.0076E-5,2.0076E-5,1.1903E-5,2
27.55,3.7562E-5,3.7562E-5,2.2949E-5,2
27.65,4.522E-5,4.522E-5,3.1827E-5,2
27.75,4.8207E-5,4.8207E-5,3.3457E-5,2
27.85,3.1502E-5,3.1502E-5,2.1172E-5,2
27.95,1.2839E-5,1.2839E-5,8.183E-6,2
28.05,1.0333E-5,1.0333E-5,6.6717E-6,2
28.15,5.7933E-6,5.7933E-6,3.7322E-6,2
28.25,8.0463E-6,8.0463E-6,4.5268E-6,2
28.35,3.1913E-5,3.1913E-5,1.5435E-5,2
28.45,5.0204E-5,5.0204E-5,2.1712E-5,2
28.55,9.2295E-6,9.2295E-6,4.7372E-6,2
28.65,6.2632E-6,6.2632E-6,3.9934E-6,2
28.75,2.3606E-6,2.3606E-6,1.7876E-6,2
28.85,4.157E-6,4.157E-6,2.9583E-6,2
28.95,6.1801E-6,6.1801E-6,3.9312E-6,2
29.05,2.2215E-5,2.2215E-5,1.586E-5,2
29.15,9.4529E-6,9.4529E-6,6.6649E-6,2
29.25,4.0511E-5,4.0511E-5,2.7676E-5,2
29.35,1.4583E-5,1.4583E-5,1.016E-5,2
29.45,4.8522E-6,4.8522E-6,3.1873E-6,2
29.55,2.3699E-5,2.3699E-5,1.5009E-5,2
29.65,5.5036E-5,5.5036E-5,3.3762E-5,2
29.75,3.0894E-6,3.0894E-6,1.9142E-6,2
29.85,2.1874E-6,2.1874E-6,1.3738E-6,2
29.95,2.938E-6,2.938E-6,1.7621E-6,2
30.05,5.5564E-6,5.5564E-6,3.3059E-6,2
30.15,4.2233E-6,4.2233E-6,2.1341E-6,2
30.25,2.0545E-5,2.0545E-5,1.1384E-5,2
30.35,0.0053495,0.0053495,0.0033645,2
30.45,0.0011361,0.0011361,7.0962E-4,2
30.55,2.9724E-5,2.9724E-5,2.4401E-5,2
30.65,1.5764E-5,1.5764E-5,1.1483E-5,2
30.75,1.0081E-5,1.0081E-5,7.2318E-6,2
30.85,1.6695E-5,1.6695E-5,1.0854E-5,2
30.95,6.2729E-6,6.2729E-6,4.1828E-6,2
31.05,4.0876E-6,4.0876E-6,2.6275E-6,2
31.15,2.8931E-5,2.8931E-5,1.6535E-5,2
31.25,2.6232E-5,2.6232E-5,1.5151E-5,2
31.35,4.9554E-5,4.9554E-5,3.0695E-5,2
31.45,9.1603E-5,9.1603E-5,6.0927E-5,2
31.55,7.739E-5,7.739E-5,5.4512E-5,2
31.65,7.0767E-5,7.0767E-5,4.8163E-5,2
31.75,2.1408E-5,2.1408E-5,1.5253E-5,2
31.85,1.0068E-5,1.0068E-5,6.6341E-6,2
31.95,7.6361E-5,7.6361E-5,5.5013E-5,2
32.05,5.2335E-5,5.2335E-5,3.2921E-5,2
32.15,8.3281E-6,8.3281E-6,5.054E-6,2
32.25,6.5217E-6,6.5217E-6,3.8922E-6,2
32.35,5.9805E-6,5.9805E-6,3.591E-6,2
32.45,4.1693E-6,4.1693E-6,2.7042E-6,2
32.55,4.6919E-6,4.6919E-6,2.9979E-6,2
32.65,8.0543E-6,8.0543E-6,4.3405E-6,2
32.75,4.6224E-6,4.6224E-6,2.442E-6,2
32.85,1.0727E-5,1.0727E-5,6.1631E-6,2
32.95,4.0808E-6,4.0808E-6,2.6195E-6,2
33.05,3.5272E-6,3.5272E-6,2.5741E-6,2
33.15,3.0543E-6,3.0543E-6,1.6696E-6,2
33.25,2.746E-5,2.746E-5,1.2846E-5,2
33.35,1.5006E-5,1.5006E-5,5.9005E-6,2
33.45,2.3241E-5,2.3241E-5,6.9667E-6,2
33.55,7.7476E-5,7.7476E-5,2.0786E-5,2
33.65,6.5794E-6,6.5794E-6,2.2703E-6,2
33.75,8.1653E-6,8.1653E-6,3.6868E-6,2
33.85,2.127E-5,2.127E-5,1.2132E-5,2
33.95,1.7707E-5,1.7707E-5,1.072E-5,2
34.05,8.2076E-6,8.2076E-6,5.0424E-6,2
34.15,4.3071E-5,4.3071E-5,2.5937E-5,2
34.25,5.4189E-5,5.4189E-5,3.2184E-5,2
34.35,3.9983E-6,3.9983E-6,2.4518E-6,2
34.45,2.493E-5,2.493E-5,1.4994E-5,2
34.55,9.9956E-5,9.9956E-5,5.7296E-5,2
34.65,2.3635E-5,2.3635E-5,1.274E-5,2
34.75,9.3788E-5,9.3788E-5,4.8479E-5,2
34.85,3.6363E-5,3.6363E-5,1.8222E-5,2
34.95,7.8303E-5,7.8303E-5,4.439E-5,2
35.05,4.9549E-5,4.9549E-5,2.1853E-5,2
35.15,1.3059E-5,1.3059E-5,6.969E-6,2
35.25,8.2025E-5,8.2025E-5,4.1205E-5,2
35.35,2.0016E-5,2.0016E-5,1.0169E-5,2
35.45,2.7964E-5,2.7964E-5,1.3387E-5,2
35.55,2.1029E-5,2.1029E-5,9.8953E-6,2
35.65,3.8423E-5,3.8423E-5,1.9593E-5,2
35.75,6.9278E-6,6.9278E-6,3.6422E-6,2
35.85,2.6664E-5,2.6664E-5,1.2419E-5,2
35.95,3.0505E-5,3.0505E-5,1.1987E-5,2
36.05,4.199E-5,4.199E-5,1.1949E-5,2
36.15,1.7423E-5,1.7423E-5,5.9451E-6,2
36.25,4.9322E-6,4.9322E-6,2.1104E-6,2
36.35,7.6586E-6,7.6586E-6,3.4961E-6,2
36.45,5.7898E-5,5.7898E-5,2.6434E-5,2
36.55,4.423E-5,4.423E-5,2.2513E-5,2
36.65,6.155E-6,6.155E-6,2.7035E-6,2
36.75,1.4836E-4,1.4836E-4,9.2301E-5,2
36.85,2.6948E-4,2.6948E-4,1.7867E-4,2
36.95,2.0141E-5,2.0141E-5,1.2923E-5,2
37.05,3.8581E-6,3.8581E-6,2.9139E-6,2
37.15,4.0119E-6,4.0119E-6,2.4263E-6,2
37.25,3.4514E-6,3.4514E-6,2.1467E-6,2
37.35,1.0737E-5,1.0737E-5,6.608E-6,2
37.45,1.6142E-5,1.6142E-5,9.734E-6,2
37.55,3.6426E-6,3.6426E-6,2.2021E-6,2
37.65,1.9538E-5,1.9538E-5,1.1474E-5,2
37.75,5.7513E-6,5.7513E-6,3.4745E-6,2
37.85,3.9486E-6,3.9486E-6,2.3278E-6,2
37.95,8.1533E-6,8.1533E-6,5.219E-6,2
38.05,3.8839E-6,3.8839E-6,2.3859E-6,2
38.15,4.364E-6,4.364E-6,2.5878E-6,2
38.25,4.1888E-6,4.1888E-6,2.3628E-6,2
38.35,6.2476E-6,6.2476E-6,3.5536E-6,2
38.45,7.1114E-6,7.1114E-6,4.2209E-6,2
38.55,4.7176E-6,4.7176E-6,3.2498E-6,2
38.65,3.8727E-6,3.8727E-6,2.5892E-6,2
38.75,4.5283E-6,4.5283E-6,2.9932E-6,2
38.85,4.3368E-6,4.3368E-6,2.6605E-6,2
38.95,5.1215E-6,5.1215E-6,2.4734E-6,2
39.05,5.4821E-6,5.4821E-6,2.8889E-6,2
39.15,4.1354E-6,4.1354E-6,2.3318E-6,2
39.25,5.9569E-6,5.9569E-6,3.5968E-6,2
39.35,3.9126E-6,3.9126E-6,2.5044E-6,2
39.45,3.5275E-6,3.5275E-6,2.2532E-6,2
39.55,4.8993E-6,4.8993E-6,2.999E-6,2
39.65,3.2752E-6,3.2752E-6,1.9288E-6,2
39.75,3.3258E-6,3.3258E-6,1.8917E-6,2
39.85,3.5374E-6,3.5374E-6,2.1916E-6,2
39.95,7.6886E-6,7.6886E-6,5.1422E-6,2
40.05,1.0849E-5,1.0849E-5,9.0359E-6,2
40.15,1.922E-5,1.922E-5,1.5874E-5,2
40.25,1.2832E-5,1.2832E-5,1.0736E-5,2
40.35,8.6822E-6,8.6822E-6,8.5042E-6,2
40.45,2.4135E-6,2.4135E-6,2.0264E-6,2
40.55,2.83E-6,2.83E-6,2.3406E-6,2
40.65,3.6316E-6,3.6316E-6,2.771E-6,2
40.75,3.1104E-6,3.1104E-6,2.3051E-6,2
40.85,2.8233E-6,2.8233E-6,2.1761E-6,2
40.95,2.6846E-6,2.6846E-6,1.8855E-6,2
41.05,4.7069E-6,4.7069E-6,3.5636E-6,2
41.15,5.4099E-6,5.4099E-6,4.9082E-6,2
41.25,2.8846E-6,2.8846E-6,2.2546E-6,2
41.35,2.5472E-6,2.5472E-6,1.9822E-6,2
41.45,3.0797E-6,3.0797E-6,2.148E-6,2
41.55,4.9288E-6,4.9288E-6,3.5601E-6,2
41.65,8.9919E-6,8.9919E-6,6.0027E-6,2
41.75,4.8279E-6,4.8279E-6,2.7168E-6,2
41.85,3.9921E-6,3.9921E-6,2.1887E-6,2
41.95,8.3448E-6,8.3448E-6,5.4367E-6,2
42.05,3.6078E-6,3.6078E-6,2.792E-6,2
42.15,3.8138E-6,3.8138E-6,3.1475E-6,2
42.25,2.5615E-6,2.5615E-6,2.2626E-6,2
42.35,2.5835E-6,2.5835E-6,1.8875E-6,2
42.45,2.4453E-6,2.4453E-6,1.8628E-6,2
42.55,2.3953E-6,2.3953E-6,1.8479E-6,2
42.65,2.51E-6,2.51E-6,1.9136E-6,2
42.75,2.8732E-6,2.8732E-6,2.3036E-6,2
42.85,4.0595E-6,4.0595E-6,3.3926E-6,2
42.95,8.1149E-6,8.1149E-6,7.1029E-6,2
43.05,3.0644E-5,3.0644E-5,2.5422E-5,2
43.15,9.7453E-6,9.7453E-6,9.2168E-6,2
43.25,3.0516E-6,3.0516E-6,3.1134E-6,2
43.35,4.6114E-6,4.6114E-6,3.8761E-6,2
43.45,1.5056E-5,1.5056E-5,1.3292E-5,2
43.55,1.5764E-5,1.5764E-5,1.4444E-5,2
43.65,4.1416E-5,4.1416E-5,4.1278E-5,2
43.75,1.2567E-5,1.2567E-5,1.1904E-5,2
43.85,3.4103E-6,3.4103E-6,3.4015E-6,2
43.95,3.5733E-6,3.5733E-6,3.2138E-6,2
44.05,3.3826E-6,3.3826E-6,3.0306E-6,2
44.15,2.7248E-6,2.7248E-6,2.4673E-6,2
44.25,2.8564E-6,2.8564E-6,2.2634E-6,2
44.35,8.9066E-6,8.9066E-6,6.754E-6,2
44.45,6.3185E-6,6.3185E-6,4.9678E-6,2
44.55,2.9775E-6,2.9775E-6,2.4066E-6,2
44.65,3.1065E-6,3.1065E-6,2.4169E-6,2
44.75,3.8233E-6,3.8233E-6,3.1873E-6,2
44.85,4.2369E-6,4.2369E-6,3.5162E-6,2
44.95,2.2175E-6,2.2175E-6,1.8373E-6,2
45.05,2.5425E-6,2.5425E-6,2.0947E-6,2
45.15,3.1868E-6,3.1868E-6,2.7459E-6,2
45.25,3.5837E-6,3.5837E-6,3.0881E-6,2
45.35,2.4967E-6,2.4967E-6,2.1634E-6,2
45.45,2.4942E-6,2.4942E-6,2.2911E-6,2
45.55,2.7068E-6,2.7068E-6,2.3606E-6,2
45.65,3.2114E-6,3.2114E-6,2.6924E-6,2
45.75,3.0801E-6,3.0801E-6,2.6902E-6,2
45.85,4.0814E-6,4.0814E-6,3.5427E-6,2
45.95,1.3049E-5,1.3049E-5,1.0883E-5,2
46.05,6.3881E-6,6.3881E-6,5.3137E-6,2
46.15,4.6804E-6,4.6804E-6,4.0428E-6,2
46.25,4.5626E-6,4.5626E-6,3.6546E-6,2
46.35,3.6963E-6,3.6963E-6,3.1745E-6,2
46.45,4.5448E-5,4.5448E-5,4.3177E-5,2
46.55,1.0696E-4,1.0696E-4,9.9788E-5,2
46.65,1.2522E-5,1.2522E-5,1.3036E-5,2
46.75,3.6493E-6,3.6493E-6,3.6947E-6,2
46.85,3.9979E-6,3.9979E-6,3.3827E-6,2
46.95,9.359E-6,9.359E-6,8.6726E-6,2
47.05,7.3949E-6,7.3949E-6,6.5317E-6,2
47.15,4.3733E-6,4.3733E-6,3.6825E-6,2
47.25,4.3451E-6,4.3451E-6,3.6122E-6,2
47.35,4.8403E-6,4.8403E-6,3.98E-6,2
47.45,4.4594E-6,4.4594E-6,3.7845E-6,2
47.55,5.6614E-6,5.6614E-6,4.5927E-6,2
47.65,5.3345E-6,5.3345E-6,4.3389E-6,2
47.75,5.5914E-6,5.5914E-6,4.5573E-6,2
47.85,5.7276E-6,5.7276E-6,4.8198E-6,2
47.95,6.6508E-6,6.6508E-6,5.8074E-6,2
48.05,9.6504E-6,9.6504E-6,8.0842E-6,2
48.15,1.2436E-5,1.2436E-5,1.0142E-5,2
48.25,1.3505E-5,1.3505E-5,1.0929E-5,2
48.35,1.2856E-5,1.2856E-5,1.104E-5,2
48.45,8.4786E-6,8.4786E-6,7.1517E-6,2
48.55,9.7992E-6,9.7992E-6,7.8161E-6,2
48.65,1.1316E-5,1.1316E-5,8.8497E-6,2
48.75,1.1392E-5,1.1392E-5,9.1703E-6,2
48.85,1.2979E-5,1.2979E-5,1.0816E-5,2
48.95,1.6897E-5,1.6897E-5,1.4356E-5,2
49.05,1.385E-5,1.385E-5,1.2E-5,2
49.15,1.4161E-5,1.4161E-5,1.1743E-5,2
49.25,1.4082E-5,1.4082E-5,1.12E-5,2
49.35,1.5106E-5,1.5106E-5,1.1298E-5,2
49.45,1.5153E-5,1.5153E-5,1.1649E-5,2
49.55,1.5691E-5,1.5691E-5,1.2551E-5,2
49.65,1.5846E-5,1.5846E-5,1.2884E-5,2
49.75,1.8979E-5,1.8979E-5,1.3389E-5,2
49.85,2.7302E-5,2.7302E-5,1.6222E-5,2
49.95,4.3107E-5,4.3107E-5,2.5081E-5,2
50.05,2.674E-5,2.674E-5,1.7386E-5,2
50.15,2.1574E-5,2.1574E-5,1.6647E-5,2
50.25,2.1535E-5,2.1535E-5,1.7503E-5,2
50.35,2.2295E-5,2.2295E-5,1.8346E-5,2
50.45,2.2164E-5,2.2164E-5,1.8304E-5,2
50.55,1.6656E-5,1.6656E-5,1.4156E-5,2
50.65,1.4513E-5,1.4513E-5,1.2128E-5,2
50.75,3.4849E-5,3.4849E-5,2.9979E-5,2
50.85,3.0055E-5,3.0055E-5,2.643E-5,2
50.95,7.8428E-6,7.8428E-6,6.7598E-6,2
51.05,5.7284E-6,5.7284E-6,4.9488E-6,2
51.15,5.9676E-6,5.9676E-6,4.8357E-6,2
51.25,6.8279E-6,6.8279E-6,5.384E-6,2
51.35,9.1595E-7,9.1595E-7,7.5149E-7,2
51.45,1.8457E-6,1.8457E-6,1.4311E-6,2
51.55,1.1698E-5,1.1698E-5,8.8426E-6,2
51.65,1.9058E-6,1.9058E-6,1.6239E-6,2
51.75,9.7619E-7,9.7619E-7,7.7819E-7,2
51.85,1.9231E-6,1.9231E-6,1.1312E-6,2
51.95,3.9996E-6,3.9996E-6,1.9591E-6,2
52.05,1.1074E-5,1.1074E-5,5.3021E-6,2
52.15,1.6056E-5,1.6056E-5,8.7622E-6,2
52.25,1.8682E-5,1.8682E-5,1.2461E-5,2
52.35,1.3423E-6,1.3423E-6,1.076E-6,2
52.45,1.8938E-6,1.8938E-6,1.4077E-6,2
52.55,2.1411E-5,2.1411E-5,1.6815E-5,2
52.65,7.1445E-6,7.1445E-6,6.5823E-6,2
52.75,1.1308E-6,1.1308E-6,1.0307E-6,2
52.85,8.6002E-7,8.6002E-7,7.4765E-7,2
52.95,1.0782E-6,1.0782E-6,8.5272E-7,2
53.05,1.1102E-6,1.1102E-6,8.6058E-7,2
53.15,7.7257E-7,7.7257E-7,6.6877E-7,2
53.25,8.2011E-7,8.2011E-7,7.2361E-7,2
53.35,1.3504E-6,1.3504E-6,1.1483E-6,2
53.45,1.926E-6,1.926E-6,1.3546E-6,2
53.55,2.3701E-6,2.3701E-6,1.7203E-6,2
53.65,3.9422E-5,3.9422E-5,2.8964E-5,2
53.75,4.1169E-5,4.1169E-5,3.315E-5,2
53.85,1.7638E-5,1.7638E-5,1.6209E-5,2
53.95,8.6068E-6,8.6068E-6,7.6455E-6,2
54.05,3.0139E-6,3.0139E-6,2.8419E-6,2
54.15,5.7955E-6,5.7955E-6,5.1782E-6,2
54.25,5.226E-6,5.226E-6,4.4507E-6,2
54.35,7.4994E-6,7.4994E-6,6.5314E-6,2
54.45,4.0794E-6,4.0794E-6,3.6762E-6,2
54.55,9.2477E-7,9.2477E-7,7.4118E-7,2
54.65,7.2642E-7,7.2642E-7,5.4801E-7,2
54.75,1.01E-6,1.01E-6,7.2357E-7,2
54.85,1.6151E-6,1.6151E-6,1.1554E-6,2
54.95,4.3662E-6,4.3662E-6,3.0154E-6,2
55.05,4.6597E-6,4.6597E-6,3.3121E-6,2
55.15,2.907E-6,2.907E-6,2.0375E-6,2
55.25,9.254E-6,9.254E-6,7.5249E-6,2
55.35,7.3073E-5,7.3073E-5,6.0635E-5,2
55.45,1.7152E-4,1.7152E-4,1.5706E-4,2
55.55,4.5999E-5,4.5999E-5,4.3811E-5,2
55.65,1.9473E-6,1.9473E-6,1.9449E-6,2
55.75,1.2333E-5,1.2333E-5,1.2264E-5,2
55.85,1.7535E-5,1.7535E-5,1.5751E-5,2
55.95,3.1289E-6,3.1289E-6,2.9392E-6,2
56.05,2.2579E-6,2.2579E-6,2.1433E-6,2
56.15,8.0924E-6,8.0924E-6,7.1887E-6,2
56.25,1.8862E-5,1.8862E-5,1.6853E-5,2
56.35,9.0862E-6,9.0862E-6,8.3745E-6,2
56.45,2.6899E-6,2.6899E-6,2.3162E-6,2
56.55,1.5009E-6,1.5009E-6,1.0901E-6,2
56.65,1.1912E-6,1.1912E-6,8.6512E-7,2
56.75,2.2235E-6,2.2235E-6,1.6148E-6,2
56.85,5.5011E-6,5.5011E-6,3.9953E-6,2
56.95,8.5544E-6,8.5544E-6,6.2129E-6,2
57.05,4.0984E-6,4.0984E-6,2.9766E-6,2
57.15,4.9258E-6,4.9258E-6,3.5775E-6,2
57.25,1.1186E-5,1.1186E-5,9.2888E-6,2
57.35,6.7941E-6,6.7941E-6,5.4196E-6,2
57.45,7.0865E-6,7.0865E-6,5.7339E-6,2
57.55,1.2232E-6,1.2232E-6,1.0493E-6,2
57.65,9.2898E-7,9.2898E-7,6.8718E-7,2
57.75,8.3771E-7,8.3771E-7,6.9059E-7,2
57.85,8.1512E-7,8.1512E-7,6.8989E-7,2
57.95,9.9746E-7,9.9746E-7,7.6693E-7,2
58.05,5.1899E-6,5.1899E-6,3.7619E-6,2
58.15,4.1995E-6,4.1995E-6,2.9569E-6,2
58.25,3.6921E-6,3.6921E-6,2.2766E-6,2
58.35,1.2036E-4,1.2036E-4,9.0563E-5,2
58.45,4.1776E-4,4.1776E-4,3.6429E-4,2
58.55,3.8549E-5,3.8549E-5,3.5428E-5,2
58.65,1.9052E-6,1.9052E-6,1.801E-6,2
58.75,6.8357E-7,6.8357E-7,8.1228E-7,2
58.85,7.7878E-7,7.7878E-7,7.0414E-7,2
58.95,8.41E-7,8.41E-7,7.1987E-7,2
59.05,8.2027E-7,8.2027E-7,6.8339E-7,2
59.15,1.4633E-6,1.4633E-6,1.2257E-6,2
59.25,2.272E-6,2.272E-6,1.8885E-6,2
59.35,1.5507E-6,1.5507E-6,1.1756E-6,2
59.45,1.2969E-6,1.2969E-6,1.0841E-6,2
59.55,1.2663E-6,1.2663E-6,1.088E-6,2
59.65,1.7987E-6,1.7987E-6,1.4867E-6,2
59.75,4.1835E-6,4.1835E-6,3.1879E-6,2
59.85,6.2237E-6,6.2237E-6,4.7812E-6,2
59.95,4.8544E-5,4.8544E-5,4.2738E-5,2
60.05,1.2378E-5,1.2378E-5,1.0946E-5,2
60.15,1.2282E-6,1.2282E-6,1.098E-6,2
60.25,9.68E-7,9.68E-7,8.89E-7,2
60.35,9.7923E-7,9.7923E-7,8.9319E-7,2
60.45,1.0805E-6,1.0805E-6,9.7892E-7,2
60.55,8.4491E-7,8.4491E-7,7.6032E-7,2
60.65,8.3792E-7,8.3792E-7,7.4898E-7,2
60.75,4.5127E-6,4.5127E-6,4.007E-6,2
60.85,2.5112E-5,2.5112E-5,2.2151E-5,2
60.95,1.3729E-4,1.3729E-4,1.2031E-4,2
61.05,6.7649E-5,6.7649E-5,5.8897E-5,2
61.15,1.6805E-6,1.6805E-6,1.4536E-6,2
61.25,9.148E-7,9.148E-7,7.8622E-7,2
61.35,8.1288E-7,8.1288E-7,6.9417E-7,2
61.45,8.017E-7,8.017E-7,6.8028E-7,2
61.55,1.6467E-6,1.6467E-6,1.3885E-6,2
61.65,5.5961E-6,5.5961E-6,4.956E-6,2
61.75,3.0496E-6,3.0496E-6,2.6933E-6,2
61.85,8.4749E-7,8.4749E-7,7.7428E-7,2
61.95,9.04E-7,9.04E-7,7.204E-7,2
62.05,1.2949E-6,1.2949E-6,1.0612E-6,2
62.15,1.8174E-6,1.8174E-6,1.3837E-6,2
62.25,1.2567E-6,1.2567E-6,8.7878E-7,2
62.35,2.4294E-6,2.4294E-6,1.6694E-6,2
62.45,4.9577E-5,4.9577E-5,3.8723E-5,2
62.55,4.3286E-5,4.3286E-5,3.3039E-5,2
62.65,1.8958E-6,1.8958E-6,1.5647E-6,2
62.75,1.9141E-6,1.9141E-6,1.3233E-6,2
62.85,2.2021E-5,2.2021E-5,1.8131E-5,2
62.95,4.501E-4,4.501E-4,4.2788E-4,2
63.05,1.7785E-4,1.7785E-4,1.7042E-4,2
63.15,2.1001E-6,2.1001E-6,2.297E-6,2
63.25,9.6336E-7,9.6336E-7,1.191E-6,2
63.35,1.0404E-6,1.0404E-6,1.0599E-6,2
63.45,9.742E-7,9.742E-7,9.5315E-7,2
63.55,1.223E-6,1.223E-6,1.0559E-6,2
63.65,1.5074E-6,1.5074E-6,1.2145E-6,2
63.75,2.0555E-6,2.0555E-6,1.624E-6,2
63.85,2.9779E-6,2.9779E-6,2.3688E-6,2
63.95,2.0446E-6,2.0446E-6,1.7882E-6,2
64.05,1.1251E-6,1.1251E-6,1.0243E-6,2
64.15,1.3563E-6,1.3563E-6,1.19E-6,2
64.25,1.3335E-6,1.3335E-6,1.1317E-6,2
64.35,1.8995E-6,1.8995E-6,1.6121E-6,2
64.45,3.584E-6,3.584E-6,3.3582E-6,2
64.55,1.7706E-6,1.7706E-6,1.6062E-6,2
64.65,1.0618E-6,1.0618E-6,9.4626E-7,2
64.75,1.0604E-6,1.0604E-6,8.9704E-7,2
64.85,1.4112E-6,1.4112E-6,1.1692E-6,2
64.95,1.637E-6,1.637E-6,1.2835E-6,2
65.05,1.4951E-6,1.4951E-6,1.2132E-6,2
65.15,1.5381E-6,1.5381E-6,1.364E-6,2
65.25,1.2657E-6,1.2657E-6,1.0479E-6,2
65.35,1.1852E-6,1.1852E-6,9.7057E-7,2
65.45,1.4464E-6,1.4464E-6,1.1462E-6,2
65.55,1.5258E-6,1.5258E-6,1.2736E-6,2
65.65,2.7522E-6,2.7522E-6,2.3906E-6,2
65.75,4.9925E-6,4.9925E-6,4.5368E-6,2
65.85,1.9535E-6,1.9535E-6,1.9215E-6,2
65.95,2.2229E-6,2.2229E-6,1.9013E-6,2
66.05,4.4618E-6,4.4618E-6,3.6443E-6,2
66.15,9.3428E-6,9.3428E-6,8.2429E-6,2
66.25,3.3075E-6,3.3075E-6,2.8441E-6,2
66.35,2.7558E-6,2.7558E-6,2.4167E-6,2
66.45,1.3673E-6,1.3673E-6,1.225E-6,2
66.55,1.3497E-6,1.3497E-6,1.0968E-6,2
66.65,1.4918E-6,1.4918E-6,1.2122E-6,2
66.75,1.5678E-6,1.5678E-6,1.274E-6,2
66.85,1.4942E-6,1.4942E-6,1.2142E-6,2
66.95,1.5924E-6,1.5924E-6,1.2939E-6,2
67.05,2.2239E-6,2.2239E-6,1.8071E-6,2
67.15,2.9059E-6,2.9059E-6,2.3613E-6,2
67.25,2.2402E-6,2.2402E-6,1.8203E-6,2
67.35,2.051E-6,2.051E-6,1.6666E-6,2
67.45,1.8244E-6,1.8244E-6,1.4824E-6,2
67.55,1.8433E-6,1.8433E-6,1.5935E-6,2
67.65,3.0459E-6,3.0459E-6,2.5186E-6,2
67.75,2.6542E-6,2.6542E-6,2.214E-6,2
67.85,2.8258E-6,2.8258E-6,2.2682E-6,2
67.95,2.6906E-6,2.6906E-6,2.0631E-6,2
68.05,6.129E-6,6.129E-6,4.8493E-6,2
68.15,7.9462E-6,7.9462E-6,6.6237E-6,2
68.25,3.8811E-6,3.8811E-6,3.0702E-6,2
68.35,3.3334E-6,3.3334E-6,2.7827E-6,2
68.45,7.4385E-6,7.4385E-6,5.6053E-6,2
68.55,2.6619E-5,2.6619E-5,2.2085E-5,2
68.65,1.4365E-5,1.4365E-5,1.3316E-5,2
68.75,4.9524E-6,4.9524E-6,4.4729E-6,2
68.85,2.253E-6,2.253E-6,2.0995E-6,2
68.95,2.9433E-6,2.9433E-6,2.4786E-6,2
69.05,4.3356E-6,4.3356E-6,3.7411E-6,2
69.15,3.0842E-6,3.0842E-6,2.8505E-6,2
69.25,2.3162E-6,2.3162E-6,1.9608E-6,2
69.35,3.7484E-6,3.7484E-6,2.9741E-6,2
69.45,6.8194E-6,6.8194E-6,5.5383E-6,2
69.55,3.4173E-6,3.4173E-6,2.7372E-6,2
69.65,3.3821E-6,3.3821E-6,2.7822E-6,2
69.75,2.9365E-6,2.9365E-6,2.319E-6,2
69.85,2.4454E-6,2.4454E-6,1.9779E-6,2
69.95,3.8573E-6,3.8573E-6,3.3421E-6,2
70.05,5.4224E-6,5.4224E-6,4.6251E-6,2
70.15,7.2784E-6,7.2784E-6,5.7962E-6,2
70.25,4.1266E-5,4.1266E-5,3.6522E-5,2
70.35,5.4581E-5,5.4581E-5,5.0726E-5,2
70.45,2.3788E-5,2.3788E-5,2.2492E-5,2
70.55,8.2045E-6,8.2045E-6,8.3733E-6,2
70.65,9.3573E-6,9.3573E-6,8.8028E-6,2
70.75,2.4079E-6,2.4079E-6,2.2418E-6,2
70.85,2.7745E-6,2.7745E-6,2.3935E-6,2
70.95,3.0235E-6,3.0235E-6,2.3561E-6,2
71.05,3.499E-6,3.499E-6,2.8204E-6,2
71.15,3.3576E-6,3.3576E-6,2.7424E-6,2
71.25,4.0056E-6,4.0056E-6,3.2073E-6,2
71.35,4.3873E-6,4.3873E-6,3.7023E-6,2
71.45,3.7263E-6,3.7263E-6,3.1855E-6,2
71.55,3.0928E-6,3.0928E-6,2.4925E-6,2
71.65,3.1139E-6,3.1139E-6,2.4268E-6,2
71.75,5.3579E-6,5.3579E-6,4.6113E-6,2
71.85,1.7717E-5,1.7717E-5,1.4524E-5,2
71.95,5.1679E-6,5.1679E-6,4.5987E-6,2
72.05,2.7742E-6,2.7742E-6,2.4227E-6,2
72.15,4.3127E-6,4.3127E-6,3.259E-6,2
72.25,3.4328E-6,3.4328E-6,2.778E-6,2
72.35,3.5046E-6,3.5046E-6,2.9376E-6,2
72.45,3.3457E-6,3.3457E-6,2.8955E-6,2
72.55,3.6273E-6,3.6273E-6,3.05E-6,2
72.65,3.7773E-6,3.7773E-6,3.1404E-6,2
72.75,3.4957E-6,3.4957E-6,2.9542E-6,2
72.85,4.0231E-6,4.0231E-6,3.3414E-6,2
72.95,3.7908E-6,3.7908E-6,3.317E-6,2
73.05,3.251E-6,3.251E-6,2.8295E-6,2
73.15,3.5116E-6,3.5116E-6,3.0127E-6,2
73.25,4.174E-6,4.174E-6,3.4471E-6,2
73.35,4.0966E-6,4.0966E-6,3.3832E-6,2
73.45,3.8532E-6,3.8532E-6,3.1822E-6,2
73.55,4.1947E-6,4.1947E-6,3.4643E-6,2
73.65,4.2413E-6,4.2413E-6,3.5027E-6,2
73.75,3.8816E-6,3.8816E-6,3.2056E-6,2
73.85,4.3846E-6,4.3846E-6,3.6211E-6,2
73.95,4.1138E-6,4.1138E-6,3.3975E-6,2
74.05,4.2491E-6,4.2491E-6,3.5091E-6,2
74.15,3.7267E-6,3.7267E-6,3.0777E-6,2
74.25,4.3302E-6,4.3302E-6,3.4574E-6,2
74.35,4.5875E-6,4.5875E-6,3.6419E-6,2
74.45,5.5065E-6,5.5065E-6,4.5549E-6,2
74.55,5.1819E-6,5.1819E-6,4.4742E-6,2
74.65,4.6107E-6,4.6107E-6,3.8909E-6,2
74.75,4.8113E-6,4.8113E-6,4.1782E-6,2
74.85,6.6916E-6,6.6916E-6,5.7925E-6,2
74.95,8.5407E-6,8.5407E-6,7.4145E-6,2
75.05,1.0313E-5,1.0313E-5,9.0793E-6,2
75.15,4.5344E-6,4.5344E-6,4.165E-6,2
75.25,4.1981E-6,4.1981E-6,3.6437E-6,2
75.35,6.0544E-6,6.0544E-6,4.9981E-6,2
75.45,5.6013E-6,5.6013E-6,4.6623E-6,2
75.55,4.9485E-6,4.9485E-6,4.0349E-6,2
75.65,5.0055E-6,5.0055E-6,3.9785E-6,2
75.75,5.8445E-6,5.8445E-6,4.6442E-6,2
75.85,1.3194E-5,1.3194E-5,1.0734E-5,2
75.95,1.7079E-5,1.7079E-5,1.4486E-5,2
76.05,2.6674E-5,2.6674E-5,2.3578E-5,2
76.15,1.1061E-5,1.1061E-5,1.0153E-5,2
76.25,9.1991E-6,9.1991E-6,7.9972E-6,2
76.35,9.9547E-6,9.9547E-6,8.717E-6,2
76.45,4.7607E-5,4.7607E-5,4.1495E-5,2
76.55,6.5308E-5,6.5308E-5,5.8414E-5,2
76.65,7.2104E-6,7.2104E-6,7.4029E-6,2
76.75,5.3496E-6,5.3496E-6,5.1952E-6,2
76.85,5.8292E-6,5.8292E-6,5.3013E-6,2
76.95,2.9328E-5,2.9328E-5,2.5485E-5,2
77.05,9.298E-5,9.298E-5,8.7408E-5,2
77.15,1.6107E-5,1.6107E-5,1.7896E-5,2
77.25,7.7073E-6,7.7073E-6,8.1147E-6,2
77.35,5.9075E-6,5.9075E-6,5.7398E-6,2
77.45,7.5575E-6,7.5575E-6,6.7044E-6,2
77.55,8.4085E-6,8.4085E-6,6.975E-6,2
77.65,8.5106E-6,8.5106E-6,7.0464E-6,2
77.75,7.3343E-6,7.3343E-6,6.1779E-6,2
77.85,7.0246E-6,7.0246E-6,6.133E-6,2
77.95,2.2118E-5,2.2118E-5,2.0433E-5,2
78.05,4.9903E-5,4.9903E-5,4.8461E-5,2
78.15,1.0171E-5,1.0171E-5,1.08E-5,2
78.25,7.9771E-6,7.9771E-6,7.7161E-6,2
78.35,7.5515E-6,7.5515E-6,6.3979E-6,2
78.45,8.1584E-6,8.1584E-6,6.186E-6,2
78.55,1.3347E-5,1.3347E-5,1.1026E-5,2
78.65,4.1496E-5,4.1496E-5,3.6354E-5,2
78.75,6.6395E-5,6.6395E-5,5.9106E-5,2
78.85,1.9946E-5,1.9946E-5,1.921E-5,2
78.95,5.4137E-5,5.4137E-5,4.8919E-5,2
79.05,9.9449E-5,9.9449E-5,9.213E-5,2
79.15,1.122E-5,1.122E-5,1.1811E-5,2
79.25,6.9936E-6,6.9936E-6,6.9407E-6,2
79.35,8.2164E-6,8.2164E-6,7.2712E-6,2
79.45,8.4359E-6,8.4359E-6,7.4603E-6,2
79.55,8.6252E-6,8.6252E-6,7.7466E-6,2
79.65,1.0219E-5,1.0219E-5,8.9617E-6,2
79.75,8.8571E-6,8.8571E-6,7.9007E-6,2
79.85,8.8658E-6,8.8658E-6,7.8584E-6,2
79.95,9.7173E-6,9.7173E-6,8.478E-6,2
80.05,1.0176E-5,1.0176E-5,8.6504E-6,2
80.15,1.0225E-5,1.0225E-5,8.6631E-6,2
80.25,1.0152E-5,1.0152E-5,8.8336E-6,2
80.35,1.0109E-5,1.0109E-5,8.8664E-6,2
80.45,9.966E-6,9.966E-6,8.7111E-6,2
80.55,9.9021E-6,9.9021E-6,8.744E-6,2
80.65,1.1508E-5,1.1508E-5,1.0439E-5,2
80.75,1.1056E-5,1.1056E-5,9.6905E-6,2
80.85,1.1064E-5,1.1064E-5,9.5703E-6,2
80.95,1.1916E-5,1.1916E-5,1.0349E-5,2
81.05,1.1553E-5,1.1553E-5,1.0128E-5,2
81.15,1.1673E-5,1.1673E-5,9.9871E-6,2
81.25,1.2296E-5,1.2296E-5,1.0496E-5,2
81.35,1.2531E-5,1.2531E-5,1.0714E-5,2
81.45,1.1812E-5,1.1812E-5,1.0429E-5,2
81.55,1.3215E-5,1.3215E-5,1.1783E-5,2
81.65,1.2813E-5,1.2813E-5,1.1448E-5,2
81.75,1.31E-5,1.31E-5,1.1789E-5,2
81.85,1.3775E-5,1.3775E-5,1.2241E-5,2
81.95,1.3766E-5,1.3766E-5,1.1737E-5,2
82.05,1.3725E-5,1.3725E-5,1.194E-5,2
82.15,1.3877E-5,1.3877E-5,1.1723E-5,2
82.25,1.5093E-5,1.5093E-5,1.2852E-5,2
82.35,1.4967E-5,1.4967E-5,1.264E-5,2
82.45,1.4469E-5,1.4469E-5,1.2216E-5,2
82.55,1.4378E-5,1.4378E-5,1.2319E-5,2
82.65,1.443E-5,1.443E-5,1.2546E-5,2
82.75,1.5193E-5,1.5193E-5,1.3086E-5,2
82.85,1.5073E-5,1.5073E-5,1.2969E-5,2
82.95,1.6024E-5,1.6024E-5,1.3927E-5,2
83.05,1.587E-5,1.587E-5,1.3448E-5,2
83.15,1.8411E-5,1.8411E-5,1.4603E-5,2
83.25,4.8499E-5,4.8499E-5,4.1607E-5,2
83.35,9.6346E-5,9.6346E-5,8.3778E-5,2
83.45,8.2803E-5,8.2803E-5,7.7956E-5,2
83.55,8.0225E-5,8.0225E-5,7.7716E-5,2
83.65,1.958E-5,1.958E-5,1.9858E-5,2
83.75,1.684E-5,1.684E-5,1.6138E-5,2
83.85,1.9277E-5,1.9277E-5,1.6745E-5,2
83.95,1.9361E-5,1.9361E-5,1.6886E-5,2
84.05,1.919E-5,1.919E-5,1.6718E-5,2
84.15,1.8622E-5,1.8622E-5,1.6345E-5,2
84.25,1.9194E-5,1.9194E-5,1.6956E-5,2
84.35,2.0014E-5,2.0014E-5,1.7567E-5,2
84.45,2.0413E-5,2.0413E-5,1.7816E-5,2
84.55,2.0659E-5,2.0659E-5,1.7996E-5,2
84.65,2.1226E-5,2.1226E-5,1.8158E-5,2
84.75,2.0925E-5,2.0925E-5,1.8397E-5,2
84.85,2.1023E-5,2.1023E-5,1.8735E-5,2
84.95,2.2773E-5,2.2773E-5,1.9411E-5,2
85.05,2.1951E-5,2.1951E-5,1.8999E-5,2
85.15,2.2372E-5,2.2372E-5,1.9299E-5,2
85.25,2.2483E-5,2.2483E-5,1.9335E-5,2
85.35,2.2515E-5,2.2515E-5,1.9307E-5,2
85.45,2.4408E-5,2.4408E-5,2.0872E-5,2
85.55,2.4364E-5,2.4364E-5,2.0852E-5,2
85.65,2.3672E-5,2.3672E-5,2.0585E-5,2
85.75,2.4981E-5,2.4981E-5,2.1862E-5,2
85.85,2.8851E-5,2.8851E-5,2.472E-5,2
85.95,2.622E-5,2.622E-5,2.3477E-5,2
86.05,2.5784E-5,2.5784E-5,2.2861E-5,2
86.15,2.6729E-5,2.6729E-5,2.317E-5,2
86.25,2.6539E-5,2.6539E-5,2.3144E-5,2
86.35,2.7122E-5,2.7122E-5,2.3495E-5,2
86.45,2.7441E-5,2.7441E-5,2.3262E-5,2
86.55,2.6696E-5,2.6696E-5,2.3056E-5,2
86.65,2.6754E-5,2.6754E-5,2.284E-5,2
86.75,2.9107E-5,2.9107E-5,2.4545E-5,2
86.85,2.9136E-5,2.9136E-5,2.4816E-5,2
86.95,2.8868E-5,2.8868E-5,2.5013E-5,2
87.05,2.9454E-5,2.9454E-5,2.5324E-5,2
87.15,2.966E-5,2.966E-5,2.5288E-5,2
87.25,2.9792E-5,2.9792E-5,2.5574E-5,2
87.35,2.9278E-5,2.9278E-5,2.5826E-5,2
87.45,2.9764E-5,2.9764E-5,2.6012E-5,2
87.55,3.1694E-5,3.1694E-5,2.703E-5,2
87.65,3.2639E-5,3.2639E-5,2.7271E-5,2
87.75,3.1449E-5,3.1449E-5,2.6959E-5,2
87.85,3.2454E-5,3.2454E-5,2.7327E-5,2
87.95,3.3829E-5,3.3829E-5,2.7901E-5,2
88.05,3.5272E-5,3.5272E-5,2.9388E-5,2
88.15,3.4473E-5,3.4473E-5,2.945E-5,2
88.25,3.6088E-5,3.6088E-5,3.0479E-5,2
88.35,3.611E-5,3.611E-5,3.0811E-5,2
88.45,3.5524E-5,3.5524E-5,3.0562E-5,2
88.55,3.6536E-5,3.6536E-5,3.1267E-5,2
88.65,3.5887E-5,3.5887E-5,3.1025E-5,2
88.75,3.7128E-5,3.7128E-5,3.1863E-5,2
88.85,3.7784E-5,3.7784E-5,3.2535E-5,2
88.95,3.8178E-5,3.8178E-5,3.2847E-5,2
89.05,3.9371E-5,3.9371E-5,3.3761E-5,2
89.15,4.0616E-5,4.0616E-5,3.4416E-5,2
89.25,4.0606E-5,4.0606E-5,3.4432E-5,2
89.35,4.1517E-5,4.1517E-5,3.5052E-5,2
89.45,4.384E-5,4.384E-5,3.8155E-5,2
89.55,4.6629E-5,4.6629E-5,4.076E-5,2
89.65,4.1722E-5,4.1722E-5,3.6427E-5,2
89.75,4.2057E-5,4.2057E-5,3.6515E-5,2
89.85,4.4091E-5,4.4091E-5,3.7485E-5,2
89.95,4.3945E-5,4.3945E-5,3.8141E-5,2
90.05,4.5502E-5,4.5502E-5,3.9175E-5,2
90.15,4.8061E-5,4.8061E-5,3.9927E-5,2
90.25,5.0996E-5,5.0996E-5,4.1451E-5,2
90.35,7.3104E-5,7.3104E-5,6.1773E-5,2
90.45,7.2724E-5,7.2724E-5,6.4926E-5,2
90.55,4.8342E-5,4.8342E-5,4.2884E-5,2
90.65,4.8955E-5,4.8955E-5,4.311E-5,2
90.75,4.9808E-5,4.9808E-5,4.3167E-5,2
90.85,5.1382E-5,5.1382E-5,4.3976E-5,2
90.95,5.2514E-5,5.2514E-5,4.4053E-5,2
91.05,5.3291E-5,5.3291E-5,4.5281E-5,2
91.15,5.2607E-5,5.2607E-5,4.5709E-5,2
91.25,5.2459E-5,5.2459E-5,4.6446E-5,2
91.35,4.9356E-5,4.9356E-5,4.439E-5,2
91.45,4.4158E-5,4.4158E-5,3.9583E-5,2
91.55,4.0482E-5,4.0482E-5,3.7154E-5,2
91.65,3.981E-5,3.981E-5,3.7461E-5,2
91.75,2.1809E-5,2.1809E-5,2.0259E-5,2
91.85,1.5638E-5,1.5638E-5,1.4308E-5,2
91.95,1.7332E-5,1.7332E-5,1.5391E-5,2
92.05,1.3558E-5,1.3558E-5,1.1728E-5,2
92.15,1.6489E-5,1.6489E-5,1.4262E-5,2
92.25,1.9221E-5,1.9221E-5,1.7149E-5,2
92.35,2.1719E-5,2.1719E-5,1.9779E-5,2
92.45,7.3192E-6,7.3192E-6,6.472E-6,2
92.55,1.0467E-5,1.0467E-5,9.0067E-6,2
92.65,1.9504E-5,1.9504E-5,1.7744E-5,2
92.75,3.5089E-6,3.5089E-6,3.1397E-6,2
92.85,3.2007E-6,3.2007E-6,2.757E-6,2
92.95,5.5369E-6,5.5369E-6,4.0624E-6,2
93.05,2.4827E-5,2.4827E-5,2.0546E-5,2
93.15,1.2479E-5,1.2479E-5,1.1391E-5,2
93.25,6.0233E-6,6.0233E-6,5.2804E-6,2
93.35,2.4048E-5,2.4048E-5,2.0806E-5,2
93.45,4.0267E-6,4.0267E-6,3.912E-6,2
93.55,2.7272E-6,2.7272E-6,2.425E-6,2
93.65,5.1914E-6,5.1914E-6,4.0943E-6,2
93.75,3.7835E-5,3.7835E-5,3.3768E-5,2
93.85,1.5513E-5,1.5513E-5,1.451E-5,2
93.95,3.0579E-6,3.0579E-6,2.9628E-6,2
94.05,2.3904E-6,2.3904E-6,2.3525E-6,2
94.15,2.6326E-6,2.6326E-6,2.4014E-6,2
94.25,3.5767E-6,3.5767E-6,3.0659E-6,2
94.35,4.4822E-6,4.4822E-6,3.8685E-6,2
94.45,1.4472E-5,1.4472E-5,1.3355E-5,2
94.55,5.0573E-6,5.0573E-6,4.5458E-6,2
94.65,2.8196E-6,2.8196E-6,2.4625E-6,2
94.75,3.6875E-6,3.6875E-6,2.5287E-6,2
94.85,9.5555E-6,9.5555E-6,7.4681E-6,2
94.95,5.8984E-5,5.8984E-5,5.0656E-5,2
95.05,3.2628E-5,3.2628E-5,2.9631E-5,2
95.15,3.2945E-6,3.2945E-6,3.5654E-6,2
95.25,2.6368E-6,2.6368E-6,2.7261E-6,2
95.35,3.0314E-6,3.0314E-6,2.8637E-6,2
95.45,2.6773E-6,2.6773E-6,2.5052E-6,2
95.55,2.5621E-6,2.5621E-6,2.3092E-6,2
95.65,2.7079E-6,2.7079E-6,2.324E-6,2
95.75,2.8268E-6,2.8268E-6,2.4718E-6,2
95.85,4.4918E-6,4.4918E-6,3.6853E-6,2
95.95,3.3494E-6,3.3494E-6,2.7655E-6,2
96.05,2.6831E-6,2.6831E-6,2.2092E-6,2
96.15,3.1052E-6,3.1052E-6,2.6187E-6,2
96.25,3.0236E-6,3.0236E-6,2.5546E-6,2
96.35,2.9746E-6,2.9746E-6,2.565E-6,2
96.45,3.5367E-6,3.5367E-6,3.0382E-6,2
96.55,3.0984E-6,3.0984E-6,2.598E-6,2
96.65,2.5322E-6,2.5322E-6,2.1577E-6,2
96.75,2.9493E-6,2.9493E-6,2.5108E-6,2
96.85,2.9838E-6,2.9838E-6,2.5192E-6,2
96.95,3.301E-6,3.301E-6,2.4988E-6,2
97.05,4.231E-6,4.231E-6,3.2585E-6,2
97.15,2.5553E-5,2.5553E-5,1.9378E-5,2
97.25,1.2796E-4,1.2796E-4,1.1617E-4,2
97.35,2.0208E-5,2.0208E-5,1.9567E-5,2
97.45,4.8858E-6,4.8858E-6,3.7337E-6,2
97.55,5.6374E-6,5.6374E-6,4.5003E-6,2
97.65,5.9299E-4,5.9299E-4,4.818E-4,2
97.75,5.1384E-4,5.1384E-4,5.2624E-4,2
97.85,4.4556E-6,4.4556E-6,5.112E-6,2
97.95,2.8795E-6,2.8795E-6,3.2111E-6,2
98.05,2.7855E-6,2.7855E-6,3.3057E-6,2
98.15,4.565E-6,4.565E-6,3.9663E-6,2
98.25,3.2236E-6,3.2236E-6,2.636E-6,2
98.35,4.1677E-6,4.1677E-6,3.5111E-6,2
98.45,4.1923E-6,4.1923E-6,3.4597E-6,2
98.55,3.9397E-6,3.9397E-6,3.2321E-6,2
98.65,3.855E-6,3.855E-6,3.1675E-6,2
98.75,4.026E-6,4.026E-6,3.2361E-6,2
98.85,1.5343E-5,1.5343E-5,1.2862E-5,2
98.95,3.0556E-5,3.0556E-5,2.6157E-5,2
99.05,2.5409E-5,2.5409E-5,2.2924E-5,2
99.15,5.6299E-5,5.6299E-5,5.3063E-5,2
99.25,1.4088E-5,1.4088E-5,1.4403E-5,2
99.35,4.4252E-6,4.4252E-6,4.6319E-6,2
99.45,5.6403E-6,5.6403E-6,5.4319E-6,2
99.55,5.1838E-6,5.1838E-6,4.3533E-6,2
99.65,4.2302E-6,4.2302E-6,3.5525E-6,2
99.75,5.597E-6,5.597E-6,4.7004E-6,2
99.85,4.7042E-6,4.7042E-6,3.9505E-6,2
99.95,9.8018E-6,9.8018E-6,8.2315E-6,2
100.05,5.8421E-6,5.8421E-6,4.9062E-6,2
100.15,3.7158E-6,3.7158E-6,3.1205E-6,2
100.25,3.4975E-6,3.4975E-6,2.9372E-6,2
100.35,3.4938E-6,3.4938E-6,2.898E-6,2
100.45,3.6834E-6,3.6834E-6,3.0552E-6,2
100.55,5.1872E-6,5.1872E-6,4.3026E-6,2
100.65,5.6284E-6,5.6284E-6,4.6686E-6,2
100.75,3.1724E-6,3.1724E-6,2.6314E-6,2
100.85,5.1328E-6,5.1328E-6,4.2575E-6,2
100.95,8.7926E-6,8.7926E-6,7.1918E-6,2
101.05,1.0876E-5,1.0876E-5,9.2973E-6,2
101.15,3.8299E-6,3.8299E-6,3.4745E-6,2
101.25,4.677E-6,4.677E-6,4.264E-6,2
101.35,3.9187E-6,3.9187E-6,3.4938E-6,2
101.45,4.3757E-6,4.3757E-6,3.6769E-6,2
101.55,5.6417E-6,5.6417E-6,4.9438E-6,2
101.65,4.8224E-6,4.8224E-6,4.3148E-6,2
101.75,6.5922E-6,6.5922E-6,5.9674E-6,2
101.85,4.9237E-6,4.9237E-6,4.4951E-6,2
101.95,4.517E-6,4.517E-6,4.0654E-6,2
102.05,5.8196E-6,5.8196E-6,5.2349E-6,2
102.15,8.7274E-6,8.7274E-6,7.3387E-6,2
102.25,6.5393E-6,6.5393E-6,4.5086E-6,2
102.35,8.7448E-6,8.7448E-6,6.7209E-6,2
102.45,5.1693E-5,5.1693E-5,3.6307E-5,2
102.55,4.3707E-4,4.3707E-4,3.8586E-4,2
102.65,1.9756E-4,1.9756E-4,1.9325E-4,2
102.75,2.7605E-5,2.7605E-5,2.8151E-5,2
102.85,1.032E-5,1.032E-5,1.1543E-5,2
102.95,6.2086E-6,6.2086E-6,5.2987E-6,2
103.05,8.6971E-6,8.6971E-6,6.7586E-6,2
103.15,2.8707E-4,2.8707E-4,2.293E-4,2
103.25,1.6436E-4,1.6436E-4,1.6739E-4,2
103.35,5.0854E-6,5.0854E-6,5.6039E-6,2
103.45,5.5536E-6,5.5536E-6,4.8051E-6,2
103.55,1.6296E-5,1.6296E-5,1.2225E-5,2
103.65,8.8322E-5,8.8322E-5,6.8283E-5,2
103.75,2.2674E-4,2.2674E-4,2.1139E-4,2
103.85,3.2487E-5,3.2487E-5,3.1479E-5,2
103.95,6.3328E-6,6.3328E-6,6.8578E-6,2
104.05,6.0193E-6,6.0193E-6,6.5516E-6,2
104.15,9.437E-6,9.437E-6,8.2263E-6,2
104.25,5.9303E-6,5.9303E-6,5.1211E-6,2
104.35,5.5632E-6,5.5632E-6,4.8857E-6,2
104.45,6.1221E-6,6.1221E-6,5.3011E-6,2
104.55,5.9638E-6,5.9638E-6,5.2604E-6,2
104.65,5.4999E-6,5.4999E-6,4.8589E-6,2
104.75,5.6647E-6,5.6647E-6,4.9846E-6,2
104.85,5.9016E-6,5.9016E-6,5.0573E-6,2
104.95,6.5367E-6,6.5367E-6,5.63E-6,2
105.05,6.4719E-6,6.4719E-6,5.5569E-6,2
105.15,6.3373E-6,6.3373E-6,5.5041E-6,2
105.25,6.4388E-6,6.4388E-6,5.66E-6,2
105.35,6.6939E-6,6.6939E-6,5.9654E-6,2
105.45,7.3317E-6,7.3317E-6,6.2119E-6,2
105.55,7.0032E-6,7.0032E-6,5.9976E-6,2
105.65,5.1094E-6,5.1094E-6,5.4846E-6,3
105.75,5.4992E-6,5.4992E-6,5.58E-6,3
105.85,6.0396E-6,6.0396E-6,5.6762E-6,3
105.95,6.5347E-6,6.5347E-6,5.7732E-6,3
106.05,7.0069E-6,7.0069E-6,5.8709E-6,3
106.15,7.2879E-6,7.2879E-6,5.9693E-6,3
106.25,7.0576E-6,7.0576E-6,6.0686E-6,3
106.35,7.4047E-6,7.4047E-6,6.1686E-6,3
106.45,7.3844E-6,7.3844E-6,6.2693E-6,3
106.55,7.8814E-6,7.8814E-6,6.5577E-6,3
106.65,8.3739E-6,8.3739E-6,7.1428E-6,3
106.75,8.7967E-6,8.7967E-6,7.5784E-6,3
106.85,8.0563E-6,8.0563E-6,6.6804E-6,3
106.95,7.0798E-6,7.0798E-6,6.7851E-6,3
107.05,7.3938E-6,7.3938E-6,6.8907E-6,3
107.15,8.6497E-6,8.6497E-6,6.9971E-6,3
107.25,1.152E-5,1.152E-5,8.8179E-6,3
107.35,1.3634E-5,1.3634E-5,1.0796E-5,3
107.45,1.3243E-5,1.3243E-5,1.1531E-5,3
107.55,1.1009E-5,1.1009E-5,9.3177E-6,3
107.65,9.6002E-6,9.6002E-6,8.0915E-6,3
107.75,9.4465E-6,9.4465E-6,7.8322E-6,3
107.85,9.0875E-6,9.0875E-6,7.7654E-6,3
107.95,7.7331E-6,7.7331E-6,7.8786E-6,3
108.05,6.5996E-6,6.5996E-6,7.9927E-6,3
108.15,8.4985E-6,8.4985E-6,8.1077E-6,3
108.25,1.3051E-5,1.3051E-5,8.2235E-6,3
108.35,2.0967E-5,2.0967E-5,1.5567E-5,3
108.45,3.0848E-5,3.0848E-5,2.4242E-5,3
108.55,3.4336E-5,3.4336E-5,3.03E-5,3
108.65,2.6882E-5,2.6882E-5,2.703E-5,3
108.75,1.6866E-5,1.6866E-5,1.597E-5,3
108.85,1.1503E-5,1.1503E-5,1.1022E-5,3
108.95,9.2459E-6,9.2459E-6,9.0602E-6,3
109.05,9.5136E-6,9.5136E-6,9.1835E-6,3
109.15,1.0381E-5,1.0381E-5,9.3077E-6,3
109.25,1.2447E-5,1.2447E-5,1.0275E-5,3
109.35,1.225E-5,1.225E-5,9.5591E-6,3
109.45,1.2376E-5,1.2376E-5,9.6863E-6,3
109.55,1.4814E-5,1.4814E-5,1.2143E-5,3
109.65,1.5081E-5,1.5081E-5,1.2625E-5,3
109.75,1.3311E-5,1.3311E-5,1.1625E-5,3
109.85,1.1687E-5,1.1687E-5,1.0205E-5,3
109.95,1.1255E-5,1.1255E-5,1.0337E-5,3
110.05,1.2129E-5,1.2129E-5,1.047E-5,3
110.15,1.4509E-5,1.4509E-5,1.2921E-5,3
110.25,1.4509E-5,1.4509E-5,1.2921E-5,3
110.35,1.4509E-5,1.4509E-5,1.2921E-5,3
110.45,1.4509E-5,1.4509E-5,1.2921E-5,3
110.55,1.4509E-5,1.4509E-5,1.2921E-5,3
110.65,1.7433E-5,1.7433E-5,1.5388E-5,3
110.75,1.7433E-5,1.7433E-5,1.5388E-5,3
110.85,1.7433E-5,1.7433E-5,1.5388E-5,3
110.95,1.7433E-5,1.7433E-5,1.5388E-5,3
111.05,1.7433E-5,1.7433E-5,1.5388E-5,3
111.15,1.7433E-5,1.7433E-5,1.5388E-5,3
111.25,1.7433E-5,1.7433E-5,1.5388E-5,3
111.35,1.6499E-5,1.6499E-5,1.5106E-5,3
111.45,1.5266E-5,1.5266E-5,1.4773E-5,3
111.55,1.223E-5,1.223E-5,1.1505E-5,3
111.65,1.1296E-5,1.1296E-5,1.0546E-5,3
111.75,1.1493E-5,1.1493E-5,1.1162E-5,3
111.85,1.1219E-5,1.1219E-5,1.0705E-5,3
111.95,9.5373E-6,9.5373E-6,9.2927E-6,3
112.05,9.2529E-6,9.2529E-6,8.0031E-6,3
112.15,1.3303E-5,1.3303E-5,1.1134E-5,3
112.25,1.8127E-5,1.8127E-5,1.6914E-5,3
112.35,1.6701E-5,1.6701E-5,1.5673E-5,3
112.45,1.4838E-5,1.4838E-5,1.3487E-5,3
112.55,1.4194E-5,1.4194E-5,1.274E-5,3
112.65,1.502E-5,1.502E-5,1.3407E-5,3
112.75,1.73E-5,1.73E-5,1.5487E-5,3
112.85,1.966E-5,1.966E-5,1.7572E-5,3
112.95,1.7262E-5,1.7262E-5,1.7481E-5,3
113.05,7.9486E-6,7.9483E-6,7.8876E-6,-1
113.15,8.1659E-6,8.1656E-6,7.0867E-6,-1
113.25,8.389E-6,8.3887E-6,7.2819E-6,-1
113.35,8.6184E-6,8.6181E-6,7.4825E-6,-1
113.45,8.854E-6,8.8536E-6,7.6886E-6,-1
113.55,9.096E-6,9.0957E-6,7.9005E-6,-1
113.65,9.3446E-6,9.3443E-6,8.1181E-6,-1
113.75,9.6001E-6,9.5997E-6,8.3418E-6,-1
113.85,9.8626E-6,9.8622E-6,8.5716E-6,-1
113.95,1.0132E-5,1.0131E-5,8.8077E-6,-1
114.05,1.0409E-5,1.0409E-5,9.0504E-6,-1
114.15,1.0694E-5,1.0693E-5,9.2998E-6,-1
114.25,1.0986E-5,1.0985E-5,9.556E-6,-1
114.35,1.1286E-5,1.1286E-5,9.8192E-6,-1
114.45,1.1595E-5,1.1595E-5,1.009E-5,-1
114.55,1.1911E-5,1.1911E-5,1.0368E-5,-1
114.65,1.2237E-5,1.2237E-5,1.0653E-5,-1
114.75,1.2572E-5,1.2572E-5,1.0946E-5,-1
114.85,1.2915E-5,1.2915E-5,1.1249E-5,-1
114.95,1.3269E-5,1.3268E-5,1.1559E-5,-1
115.05,1.3631E-5,1.3631E-5,1.1877E-5,-1
115.15,1.4004E-5,1.4003E-5,1.2204E-5,-1
115.25,1.4387E-5,1.4386E-5,1.254E-5,-1
115.35,1.478E-5,1.4779E-5,1.2886E-5,-1
115.45,1.5184E-5,1.5184E-5,1.3241E-5,-1
115.55,1.5599E-5,1.5599E-5,1.3605E-5,-1
115.65,1.6025E-5,1.6025E-5,1.3981E-5,-1
115.75,1.6463E-5,1.6463E-5,1.4365E-5,-1
115.85,1.6913E-5,1.6913E-5,1.4762E-5,-1
115.95,1.7376E-5,1.7375E-5,1.5168E-5,-1
116.05,1.7506E-5,1.8769E-5,1.8399E-5,4
116.15,2.6355E-5,2.5686E-5,2.5492E-5,4
116.25,1.9588E-5,2.0248E-5,1.9951E-5,4
116.35,2.043E-5,2.0514E-5,2.0686E-5,4
116.45,2.1207E-5,2.244E-5,2.145E-5,4
116.55,2.1662E-5,2.2355E-5,2.2204E-5,4
116.65,3.037E-5,3.0368E-5,3.0356E-5,4
116.75,2.8973E-5,3.0315E-5,2.9312E-5,4
116.85,2.2082E-5,2.3267E-5,2.2312E-5,4
116.95,2.4995E-5,2.5066E-5,2.5822E-5,4
117.05,3.6927E-5,3.7789E-5,3.734E-5,4
117.15,3.2238E-5,3.275E-5,3.2225E-5,4
117.25,3.062E-5,3.2088E-5,3.1816E-5,4
117.35,2.411E-5,2.4101E-5,2.4699E-5,4
117.45,8.3286E-5,8.241E-5,8.3662E-5,4
117.55,2.9874E-4,3.0179E-4,2.9046E-4,4
117.65,1.7838E-4,1.7292E-4,1.6774E-4,4
117.75,3.4828E-5,3.4702E-5,3.4463E-5,4
117.85,3.028E-5,2.9663E-5,2.9097E-5,4
117.95,2.5769E-5,2.6105E-5,2.5436E-5,4
118.05,2.4411E-5,2.4387E-5,2.3945E-5,4
118.15,2.6116E-5,2.6936E-5,2.6911E-5,4
118.25,2.7463E-5,2.6703E-5,2.6061E-5,4
118.35,2.9998E-5,2.9676E-5,2.9129E-5,4
118.45,3.0417E-5,3.0815E-5,3.0876E-5,4
118.55,3.2974E-5,3.219E-5,3.1316E-5,4
118.65,3.3213E-5,3.2908E-5,3.2662E-5,4
118.75,3.418E-5,3.4521E-5,3.394E-5,4
118.85,3.5951E-5,3.5717E-5,3.5409E-5,4
118.95,4.3209E-5,4.3103E-5,4.1891E-5,4
119.05,5.5293E-5,5.4253E-5,5.269E-5,4
119.15,3.9087E-5,3.9725E-5,3.8214E-5,4
119.25,3.9936E-5,4.0814E-5,3.9192E-5,4
119.35,5.5839E-5,5.5446E-5,5.2728E-5,4
119.45,6.7238E-5,6.6326E-5,6.3721E-5,4
119.55,4.4765E-5,4.4858E-5,4.3676E-5,4
119.65,4.4009E-5,4.4511E-5,4.3289E-5,4
119.75,5.0575E-5,5.1517E-5,4.9823E-5,4
119.85,4.9216E-5,5.0399E-5,4.9163E-5,4
119.95,6.9566E-5,7.0299E-5,6.757E-5,4
120.05,7.2916E-5,7.2505E-5,6.99E-5,4
120.15,5.6541E-5,5.744E-5,5.6607E-5,4
120.25,4.9017E-5,4.9987E-5,4.8324E-5,4
120.35,5.2591E-5,5.2692E-5,5.1198E-5,4
120.45,6.0636E-5,6.0555E-5,5.8911E-5,4
120.55,1.4284E-4,1.3342E-4,1.2539E-4,4
120.65,7.0201E-4,6.831E-4,6.2331E-4,4
120.75,1.7972E-4,1.7045E-4,1.5889E-4,4
120.85,7.9361E-5,7.9386E-5,7.676E-5,4
120.95,9.1448E-5,9.1139E-5,8.8683E-5,4
121.05,1.111E-4,1.1033E-4,1.0684E-4,4
121.15,1.5429E-4,1.5275E-4,1.4937E-4,4
121.25,2.3441E-4,2.3459E-4,2.2846E-4,4
121.35,4.7831E-4,4.8511E-4,4.7747E-4,4
121.45,0.0056417,0.0056212,0.0052301,4
121.55,0.038765,0.0385,0.036052,4
121.65,0.015392,0.015583,0.014648,4
121.75,0.0010625,0.0010677,9.6559E-4,4
121.85,4.2495E-4,4.1892E-4,4.0015E-4,4
121.95,1.9698E-4,1.9354E-4,1.8719E-4,4
122.05,1.2525E-4,1.251E-4,1.2157E-4,4
122.15,9.2963E-5,9.3599E-5,9.0911E-5,4
122.25,7.5763E-5,7.5906E-5,7.3332E-5,4
122.35,6.3523E-5,6.358E-5,6.1473E-5,4
122.45,5.8317E-5,5.8276E-5,5.6537E-5,4
122.55,5.0504E-5,5.0719E-5,4.9291E-5,4
122.65,4.4446E-5,4.4626E-5,4.3373E-5,4
122.75,4.3358E-5,4.3614E-5,4.1943E-5,4
122.85,4.0737E-5,4.1172E-5,4.0307E-5,4
122.95,3.7517E-5,3.7749E-5,3.6695E-5,4
123.05,3.3992E-5,3.4419E-5,3.3405E-5,4
123.15,3.2012E-5,3.2554E-5,3.163E-5,4
123.25,3.1527E-5,3.1727E-5,3.03E-5,4
123.35,3.0973E-5,3.0903E-5,2.9869E-5,4
123.45,2.9179E-5,2.9597E-5,2.8685E-5,4
123.55,2.8249E-5,2.9103E-5,2.7904E-5,4
123.65,2.7411E-5,2.7562E-5,2.7188E-5,4
123.75,2.8089E-5,2.7985E-5,2.7024E-5,4
123.85,9.6471E-5,9.4303E-5,9.232E-5,4
123.95,6.4175E-5,6.5806E-5,6.1329E-5,4
124.05,2.6261E-5,2.6271E-5,2.5695E-5,4
124.15,2.773E-5,2.8789E-5,2.7175E-5,4
124.25,6.1523E-5,6.2074E-5,5.9517E-5,4
124.35,4.6234E-5,4.5833E-5,4.3861E-5,4
124.45,2.2595E-5,2.2548E-5,2.1791E-5,4
124.55,2.2346E-5,2.2188E-5,2.1758E-5,4
124.65,2.1953E-5,2.2762E-5,2.1593E-5,4
124.75,2.4661E-5,2.4952E-5,2.4524E-5,4
124.85,1.9419E-5,1.9422E-5,1.8844E-5,4
124.95,1.8396E-5,1.8709E-5,1.7982E-5,4
125.05,2.504E-5,2.5038E-5,2.407E-5,4
125.15,1.882E-5,1.9613E-5,1.89E-5,4
125.25,1.5899E-5,1.6005E-5,1.5585E-5,4
125.35,3.165E-5,3.3029E-5,3.1474E-5,4
125.45,2.3642E-5,2.3817E-5,2.3309E-5,4
125.55,2.0498E-5,2.0692E-5,1.992E-5,4
125.65,3.0571E-5,3.0443E-5,2.9995E-5,4
125.75,1.9435E-5,1.9584E-5,1.9232E-5,4
125.85,3.1852E-5,3.2151E-5,3.1625E-5,4
125.95,4.7154E-5,4.6913E-5,4.5629E-5,4
126.05,6.0314E-5,6.0657E-5,5.7388E-5,4
126.15,2.8112E-5,2.807E-5,2.775E-5,4
126.25,1.3407E-5,1.3691E-5,1.3495E-5,4
126.35,1.23E-5,1.1682E-5,1.2202E-5,4
126.45,1.0711E-4,1.0789E-4,1.0297E-4,4
126.55,6.3618E-5,6.0421E-5,5.8266E-5,4
126.65,2.8707E-5,2.8359E-5,2.758E-5,4
126.75,1.9188E-5,1.89E-5,1.8411E-5,4
126.85,1.1682E-5,1.2374E-5,1.1994E-5,4
126.95,1.1381E-5,1.1163E-5,1.1578E-5,4
127.05,1.608E-5,1.6358E-5,1.6343E-5,4
127.15,1.3645E-5,1.3759E-5,1.3497E-5,4
127.25,1.1916E-5,1.2047E-5,1.2281E-5,4
127.35,1.0964E-5,1.0914E-5,1.1028E-5,4
127.45,2.3526E-5,2.3146E-5,2.3917E-5,4
127.55,2.4678E-5,2.519E-5,2.4316E-5,4
127.65,2.3891E-5,2.4048E-5,2.3519E-5,4
127.75,2.7779E-5,2.7045E-5,2.6698E-5,4
127.85,1.715E-5,1.7343E-5,1.7152E-5,4
127.95,2.2889E-5,2.3158E-5,2.2339E-5,4
128.05,2.3413E-5,2.3795E-5,2.3157E-5,4
128.15,1.1514E-5,1.1911E-5,1.1498E-5,4
128.25,1.0277E-5,1.0425E-5,9.8021E-6,4
128.35,1.0431E-5,1.0436E-5,1.0192E-5,4
128.45,9.6978E-6,9.841E-6,9.7895E-6,4
128.55,1.0399E-5,1.0108E-5,9.7525E-6,4
128.65,1.0826E-5,1.0772E-5,1.0688E-5,4
128.75,1.5666E-5,1.5978E-5,1.583E-5,4
128.85,2.9869E-5,3.0174E-5,2.8869E-5,4
128.95,1.9553E-5,1.9609E-5,1.9342E-5,4
129.05,1.5774E-5,1.5678E-5,1.5393E-5,4
129.15,1.351E-5,1.3753E-5,1.3266E-5,4
129.25,1.0837E-5,1.0992E-5,1.0708E-5,4
129.35,1.1598E-5,1.1287E-5,1.1149E-5,4
129.45,1.5895E-5,1.6327E-5,1.5336E-5,4
129.55,2.2038E-5,2.1714E-5,2.1057E-5,4
129.65,2.1227E-5,2.138E-5,2.1067E-5,4
129.75,1.2831E-5,1.311E-5,1.2189E-5,4
129.85,2.4556E-5,2.406E-5,2.3268E-5,4
129.95,2.5019E-5,2.43E-5,2.2735E-5,4
130.05,3.1789E-5,3.2268E-5,3.1331E-5,4
130.15,1.4957E-4,1.4856E-4,1.3993E-4,4
130.25,2.6296E-4,2.6501E-4,2.5713E-4,4
130.35,3.6804E-5,3.6932E-5,3.4937E-5,4
130.45,2.9222E-4,2.8873E-4,2.875E-4,4
130.55,3.4735E-4,3.5429E-4,3.3753E-4,4
130.65,2.3691E-4,2.3011E-4,2.2963E-4,4
130.75,1.6662E-5,1.727E-5,1.6508E-5,4
130.85,3.1312E-5,3.054E-5,2.9844E-5,4
130.95,6.8677E-5,7.0582E-5,6.7671E-5,4
131.05,2.7677E-5,2.7267E-5,2.6692E-5,4
131.15,2.931E-5,2.9212E-5,2.8386E-5,4
131.25,2.2176E-5,2.2103E-5,2.1494E-5,4
131.35,2.2035E-5,2.2437E-5,2.1652E-5,4
131.45,1.3471E-5,1.3544E-5,1.3204E-5,4
131.55,1.7233E-5,1.6769E-5,1.6998E-5,4
131.65,3.2233E-5,3.2534E-5,3.1941E-5,4
131.75,2.2313E-5,2.1963E-5,2.1746E-5,4
131.85,2.9389E-5,2.9824E-5,2.856E-5,4
131.95,2.7714E-5,2.721E-5,2.741E-5,4
132.05,1.3533E-5,1.3619E-5,1.315E-5,4
132.15,1.3412E-5,1.3245E-5,1.3053E-5,4
132.25,1.4236E-5,1.4029E-5,1.4125E-5,4
132.35,2.339E-5,2.3423E-5,2.3298E-5,4
132.45,1.7305E-5,1.7451E-5,1.6906E-5,4
132.55,1.4333E-5,1.4867E-5,1.4015E-5,4
132.65,1.9366E-5,1.9379E-5,1.8858E-5,4
132.75,1.6113E-5,1.5965E-5,1.5589E-5,4
132.85,2.7156E-5,2.6956E-5,2.6811E-5,4
132.95,3.5261E-5,3.4912E-5,3.4226E-5,4
133.05,1.7778E-5,1.7401E-5,1.7327E-5,4
133.15,1.5976E-5,1.5972E-5,1.5711E-5,4
133.25,1.6339E-5,1.6708E-5,1.6012E-5,4
133.35,6.2627E-5,5.4711E-5,5.8138E-5,4
133.45,5.6939E-4,5.5841E-4,5.3812E-4,4
133.55,7.7366E-4,7.6779E-4,7.3369E-4,4
133.65,2.3576E-4,2.1414E-4,2.1829E-4,4
133.75,1.9745E-5,1.9499E-5,1.9071E-5,4
133.85,1.8932E-5,1.8791E-5,1.8613E-5,4
133.95,1.7522E-5,1.746E-5,1.6858E-5,4
134.05,1.7309E-5,1.7432E-5,1.7309E-5,4
134.15,1.8968E-5,1.9021E-5,1.8203E-5,4
134.25,1.9256E-5,1.9272E-5,1.8584E-5,4
134.35,1.7119E-5,1.7844E-5,1.7261E-5,4
134.45,1.757E-5,1.7119E-5,1.7227E-5,4
134.55,1.7865E-5,1.7918E-5,1.7476E-5,4
134.65,1.8663E-5,1.8052E-5,1.7966E-5,4
134.75,1.8315E-5,1.8498E-5,1.7402E-5,4
134.85,1.7989E-5,1.774E-5,1.7557E-5,4
134.95,1.9461E-5,1.9405E-5,1.8339E-5,4
135.05,1.9434E-5,1.9421E-5,1.929E-5,4
135.15,5.9261E-5,5.8701E-5,5.7072E-5,4
135.25,2.8311E-5,2.8855E-5,2.7592E-5,4
135.35,2.0665E-5,2.0808E-5,2.0097E-5,4
135.45,2.5681E-5,2.6864E-5,2.6403E-5,4
135.55,9.4927E-5,9.4643E-5,9.3193E-5,4
135.65,4.2017E-5,4.2972E-5,4.2721E-5,4
135.75,3.3174E-5,3.2237E-5,3.2036E-5,4
135.85,5.0107E-5,4.9317E-5,4.9632E-5,4
135.95,3.8417E-5,3.8094E-5,3.6678E-5,4
136.05,2.4858E-5,2.5324E-5,2.4841E-5,4
136.15,2.9868E-5,3.0474E-5,2.9543E-5,4
136.25,2.2414E-5,2.2262E-5,2.1839E-5,4
136.35,2.7459E-5,2.7798E-5,2.6382E-5,4
136.45,3.2533E-5,3.3009E-5,3.1611E-5,4
136.55,2.146E-5,2.1692E-5,2.1218E-5,4
136.65,2.2205E-5,2.1883E-5,2.1856E-5,4
136.75,2.3973E-5,2.3943E-5,2.3281E-5,4
136.85,2.649E-5,2.6062E-5,2.5301E-5,4
136.95,2.7379E-5,2.7702E-5,2.6567E-5,4
137.05,3.1902E-5,3.1371E-5,3.0302E-5,4
137.15,3.3555E-5,3.2836E-5,3.1794E-5,4
137.25,2.888E-5,2.8446E-5,2.8247E-5,4
137.35,2.6887E-5,2.6953E-5,2.5826E-5,4
137.45,2.6777E-5,2.7085E-5,2.6177E-5,4
137.55,2.5267E-5,2.5691E-5,2.5007E-5,4
137.65,2.7014E-5,2.6963E-5,2.6583E-5,4
137.75,2.5068E-5,2.4999E-5,2.5057E-5,4
137.85,2.497E-5,2.4753E-5,2.4458E-5,4
137.95,3.028E-5,3.0824E-5,2.97E-5,4
138.05,2.8262E-5,2.8327E-5,2.7162E-5,4
138.15,3.2522E-5,3.2199E-5,3.1237E-5,4
138.25,2.5886E-5,2.625E-5,2.5646E-5,4
138.35,2.6302E-5,2.5723E-5,2.4933E-5,4
138.45,2.5885E-5,2.5816E-5,2.4957E-5,4
138.55,2.6311E-5,2.618E-5,2.5797E-5,4
138.65,2.7023E-5,2.6787E-5,2.6739E-5,4
138.75,2.9341E-5,2.8945E-5,2.8261E-5,4
138.85,2.9045E-5,2.8999E-5,2.8559E-5,4
138.95,2.8275E-5,2.818E-5,2.7208E-5,4
139.05,2.698E-5,2.7068E-5,2.6742E-5,4
139.15,2.7756E-5,2.7743E-5,2.7654E-5,4
139.25,3.8582E-5,3.8608E-5,3.686E-5,4
139.35,3.0881E-4,3.0013E-4,2.7641E-4,4
139.45,1.4342E-4,1.4305E-4,1.3628E-4,4
139.55,3.059E-5,2.9867E-5,2.996E-5,4
139.65,3.1312E-5,3.1818E-5,3.1104E-5,4
139.75,3.2109E-5,3.1114E-5,3.0506E-5,4
139.85,3.2724E-5,3.2171E-5,3.1389E-5,4
139.95,3.8722E-5,3.8985E-5,3.7162E-5,4
140.05,4.8856E-5,4.8062E-5,4.6473E-5,4
140.15,6.819E-5,6.8739E-5,6.6326E-5,4
140.25,1.7278E-4,1.6741E-4,1.5949E-4,4
140.35,9.4711E-5,9.2898E-5,8.4793E-5,4
140.45,4.6126E-5,4.5994E-5,4.4781E-5,4
140.55,4.5191E-5,4.5113E-5,4.4435E-5,4
140.65,3.7528E-5,3.7175E-5,3.7237E-5,4
140.75,3.8651E-5,3.8689E-5,3.7337E-5,4
140.85,3.4374E-5,3.4527E-5,3.4395E-5,4
140.95,3.5857E-5,3.5362E-5,3.5023E-5,4
141.05,3.731E-5,3.7536E-5,3.611E-5,4
141.15,4.2716E-5,4.2881E-5,4.2381E-5,4
141.25,4.2856E-5,4.2542E-5,4.1489E-5,4
141.35,3.8467E-5,3.8551E-5,3.7614E-5,4
141.45,3.5508E-5,3.562E-5,3.5636E-5,4
141.55,3.7544E-5,3.8633E-5,3.7822E-5,4
141.65,3.8414E-5,3.8832E-5,3.8161E-5,4
141.75,3.8184E-5,3.8393E-5,3.7567E-5,4
141.85,3.7733E-5,3.7433E-5,3.6304E-5,4
141.95,3.6244E-5,3.6028E-5,3.5937E-5,4
142.05,3.6229E-5,3.6044E-5,3.4862E-5,4
142.15,3.5026E-5,3.5509E-5,3.4845E-5,4
142.25,3.6006E-5,3.6531E-5,3.5866E-5,4
142.35,3.8447E-5,3.88E-5,3.7234E-5,4
142.45,6.0401E-5,5.9218E-5,5.8098E-5,4
142.55,6.0799E-5,6.0629E-5,6.0229E-5,4
142.65,3.7264E-5,3.6761E-5,3.6112E-5,4
142.75,3.8357E-5,3.7852E-5,3.6899E-5,4
142.85,3.6374E-5,3.737E-5,3.6148E-5,4
142.95,3.8147E-5,3.846E-5,3.8024E-5,4
143.05,3.989E-5,3.9884E-5,3.8856E-5,4
143.15,4.9702E-5,4.9719E-5,4.8025E-5,4
143.25,5.9108E-5,5.9105E-5,5.7931E-5,4
143.35,5.6096E-5,5.5877E-5,5.5391E-5,4
143.45,4.5287E-5,4.5261E-5,4.4275E-5,4
143.55,4.5315E-5,4.5173E-5,4.287E-5,4
143.65,4.9992E-5,4.8991E-5,4.8567E-5,4
143.75,4.6664E-5,4.6935E-5,4.5467E-5,4
143.85,4.2893E-5,4.3714E-5,4.2824E-5,4
143.95,4.2664E-5,4.2302E-5,4.1052E-5,4
144.05,4.4544E-5,4.5214E-5,4.4414E-5,4
144.15,4.4502E-5,4.4507E-5,4.3122E-5,4
144.25,4.7672E-5,4.7114E-5,4.5938E-5,4
144.35,4.549E-5,4.5742E-5,4.4996E-5,4
144.45,4.8609E-5,4.8791E-5,4.7771E-5,4
144.55,5.0083E-5,5.0055E-5,4.8605E-5,4
144.65,4.8536E-5,4.8506E-5,4.7211E-5,4
144.75,4.6077E-5,4.6166E-5,4.5591E-5,4
144.85,4.5372E-5,4.5764E-5,4.4738E-5,4
144.95,4.4145E-5,4.439E-5,4.3038E-5,4
145.05,4.5252E-5,4.5094E-5,4.412E-5,4
145.15,4.4525E-5,4.4764E-5,4.3412E-5,4
145.25,4.7439E-5,4.8066E-5,4.6633E-5,4
145.35,4.6897E-5,4.6733E-5,4.6156E-5,4
145.45,5.3228E-5,5.3705E-5,5.2098E-5,4
145.55,5.3049E-5,5.3082E-5,5.1498E-5,4
145.65,4.8938E-5,4.8351E-5,4.758E-5,4
145.75,5.0008E-5,4.8307E-5,4.8439E-5,4
145.85,5.2889E-5,5.2939E-5,5.1972E-5,4
145.95,5.4187E-5,5.4097E-5,5.2925E-5,4
146.05,5.0925E-5,5.0634E-5,5.0297E-5,4
146.15,5.1359E-5,5.1047E-5,5.0782E-5,4
146.25,5.4402E-5,5.3148E-5,5.3004E-5,4
146.35,6.7108E-5,6.6197E-5,6.525E-5,4
146.45,5.3718E-5,5.4571E-5,5.3076E-5,4
146.55,5.399E-5,5.4108E-5,5.3488E-5,4
146.65,5.8017E-5,5.7942E-5,5.6452E-5,4
146.75,8.4493E-5,8.4047E-5,8.2117E-5,4
146.85,7.4024E-5,7.4049E-5,7.2549E-5,4
146.95,6.1696E-5,6.2076E-5,6.0803E-5,4
147.05,6.4943E-5,6.3494E-5,6.3516E-5,4
147.15,6.0331E-5,6.0148E-5,5.7789E-5,4
147.25,1.1194E-4,1.0968E-4,1.0788E-4,4
147.35,1.3047E-4,1.3082E-4,1.3024E-4,4
147.45,1.0688E-4,1.0742E-4,1.0594E-4,4
147.55,6.1154E-5,6.0438E-5,5.9842E-5,4
147.65,5.8821E-5,5.8505E-5,5.7592E-5,4
147.75,5.9055E-5,5.8199E-5,5.7583E-5,4
147.85,5.4862E-5,5.5461E-5,5.4638E-5,4
147.95,5.4952E-5,5.5164E-5,5.3972E-5,4
148.05,6.0525E-5,6.0712E-5,5.9036E-5,4
148.15,1.1327E-4,1.1418E-4,1.1115E-4,4
148.25,8.9988E-5,8.987E-5,8.9176E-5,4
148.35,8.3406E-5,8.251E-5,8.1202E-5,4
148.45,6.0768E-5,6.013E-5,5.9814E-5,4
148.55,7.7101E-5,7.8292E-5,7.5305E-5,4
148.65,8.8765E-5,8.9151E-5,8.8492E-5,4
148.75,7.3357E-5,7.48E-5,7.3621E-5,4
148.85,6.3749E-5,6.3723E-5,6.2419E-5,4
148.95,6.6488E-5,6.4916E-5,6.4639E-5,4
149.05,6.445E-5,6.4438E-5,6.3597E-5,4
149.15,6.47E-5,6.5167E-5,6.4226E-5,4
149.25,7.7379E-5,7.8409E-5,7.6067E-5,4
149.35,7.2334E-5,7.1618E-5,7.0515E-5,4
149.45,7.1394E-5,7.0941E-5,6.8784E-5,4
149.55,6.8712E-5,6.8781E-5,6.7116E-5,4
149.65,6.8167E-5,6.8369E-5,6.7903E-5,4
149.75,6.9658E-5,6.9701E-5,6.7772E-5,4
149.85,7.0746E-5,7.0839E-5,7.0032E-5,4
149.95,7.3746E-5,7.3518E-5,7.1888E-5,4
150.05,8.2506E-5,8.2389E-5,8.0036E-5,4
150.15,7.8161E-5,7.667E-5,7.5838E-5,4
150.25,7.9663E-5,7.9504E-5,7.796E-5,4
150.35,7.691E-5,7.6927E-5,7.5287E-5,4
150.45,7.6797E-5,7.7265E-5,7.6018E-5,4
150.55,7.7425E-5,7.6715E-5,7.6029E-5,4
150.65,7.7078E-5,7.7824E-5,7.5854E-5,4
150.75,7.8115E-5,7.7583E-5,7.7161E-5,4
150.85,7.9276E-5,7.8824E-5,7.7687E-5,4
150.95,8.0667E-5,8.1062E-5,7.9992E-5,4
151.05,9.9147E-5,9.7675E-5,9.5865E-5,4
151.15,9.1692E-5,9.2505E-5,8.953E-5,4
151.25,8.3739E-5,8.2267E-5,8.0082E-5,4
151.35,8.2058E-5,8.303E-5,8.0657E-5,4
151.45,8.02E-5,8.0488E-5,7.9569E-5,4
151.55,8.3154E-5,8.1563E-5,8.0397E-5,4
151.65,8.3223E-5,8.2613E-5,8.1918E-5,4
151.75,8.4086E-5,8.2366E-5,8.0702E-5,4
151.85,8.2649E-5,8.2458E-5,8.1153E-5,4
151.95,8.3393E-5,8.512E-5,8.2269E-5,4
152.05,8.533E-5,8.545E-5,8.3683E-5,4
152.15,8.6963E-5,8.6821E-5,8.4989E-5,4
152.25,9.0352E-5,8.9201E-5,8.7916E-5,4
152.35,9.4131E-5,9.5156E-5,9.3019E-5,4
152.45,9.17E-5,9.2435E-5,8.999E-5,4
152.55,9.4646E-5,9.4182E-5,9.4199E-5,4
152.65,1.9869E-4,1.9706E-4,1.9274E-4,4
152.75,1.2371E-4,1.1996E-4,1.1855E-4,4
152.85,9.3648E-5,9.3255E-5,9.2572E-5,4
152.95,9.8688E-5,1.0019E-4,9.8491E-5,4
153.05,9.5029E-5,9.4644E-5,9.4311E-5,4
153.15,9.8204E-5,9.6258E-5,9.514E-5,4
153.25,1.2403E-4,1.1909E-4,1.2174E-4,4
153.35,2.1398E-4,2.0777E-4,2.0144E-4,4
153.45,1.2141E-4,1.2019E-4,1.1806E-4,4
153.55,9.4065E-5,9.3459E-5,9.2622E-5,4
153.65,1.0912E-4,1.0735E-4,1.0514E-4,4
153.75,1.2871E-4,1.2852E-4,1.2676E-4,4
153.85,9.6932E-5,9.5946E-5,9.5847E-5,4
153.95,9.3863E-5,9.4034E-5,9.3513E-5,4
154.05,1.2477E-4,1.2555E-4,1.2399E-4,4
154.15,1.3166E-4,1.3185E-4,1.3055E-4,4
154.25,1.0803E-4,1.0547E-4,1.0517E-4,4
154.35,9.4619E-5,9.5654E-5,9.1722E-5,4
154.45,1.0541E-4,1.0644E-4,1.0324E-4,4
154.55,1.217E-4,1.2214E-4,1.1981E-4,4
154.65,9.6165E-5,9.6992E-5,9.4901E-5,4
154.75,3.3575E-4,3.2591E-4,3.3507E-4,4
154.85,7.1803E-4,6.9943E-4,6.687E-4,4
154.95,1.2687E-4,1.2157E-4,1.1944E-4,4
155.05,4.0316E-4,4.0629E-4,3.8219E-4,4
155.15,2.6807E-4,2.6542E-4,2.6417E-4,4
155.25,1.2356E-4,1.2543E-4,1.2153E-4,4
155.35,9.9424E-5,9.9074E-5,9.6577E-5,4
155.45,1.0159E-4,1.0062E-4,1.0055E-4,4
155.55,1.1254E-4,1.1378E-4,1.1184E-4,4
155.65,1.1788E-4,1.1626E-4,1.1477E-4,4
155.75,1.0823E-4,1.0778E-4,1.0599E-4,4
155.85,1.9448E-4,1.9744E-4,1.8622E-4,4
155.95,2.1369E-4,2.1454E-4,2.1098E-4,4
156.05,3.41E-4,3.39E-4,3.3605E-4,4
156.15,3.0795E-4,3.1182E-4,3.0096E-4,4
156.25,1.2015E-4,1.221E-4,1.1726E-4,4
156.35,1.5647E-4,1.5807E-4,1.5522E-4,4
156.45,1.3531E-4,1.3206E-4,1.3221E-4,4
156.55,1.1425E-4,1.1396E-4,1.1122E-4,4
156.65,1.3962E-4,1.4102E-4,1.3615E-4,4
156.75,1.489E-4,1.4916E-4,1.4813E-4,4
156.85,1.401E-4,1.3995E-4,1.3514E-4,4
156.95,1.7218E-4,1.6921E-4,1.6825E-4,4
157.05,1.8251E-4,1.8268E-4,1.7738E-4,4
157.15,1.5126E-4,1.4859E-4,1.4691E-4,4
157.25,1.3079E-4,1.3015E-4,1.2891E-4,4
157.35,1.8563E-4,1.8657E-4,1.8131E-4,4
157.45,2.3513E-4,2.3438E-4,2.2632E-4,4
157.55,1.691E-4,1.748E-4,1.7E-4,4
157.65,1.4167E-4,1.3849E-4,1.3816E-4,4
157.75,1.4039E-4,1.4085E-4,1.3835E-4,4
157.85,1.3131E-4,1.2933E-4,1.2735E-4,4
157.95,1.1951E-4,1.2036E-4,1.1843E-4,4
158.05,1.8291E-4,1.8366E-4,1.7768E-4,4
158.15,1.4465E-4,1.4263E-4,1.4199E-4,4
158.25,1.2443E-4,1.2345E-4,1.2153E-4,4
158.35,1.4027E-4,1.3911E-4,1.3745E-4,4
158.45,1.7556E-4,1.748E-4,1.7199E-4,4
158.55,1.6496E-4,1.634E-4,1.5956E-4,4
158.65,1.4931E-4,1.5102E-4,1.4887E-4,4
158.75,1.5475E-4,1.5833E-4,1.5192E-4,4
158.85,2.0223E-4,1.9917E-4,1.9565E-4,4
158.95,1.4965E-4,1.5088E-4,1.4846E-4,4
159.05,1.6183E-4,1.6319E-4,1.6065E-4,4
159.15,1.5303E-4,1.516E-4,1.5046E-4,4
159.25,1.6676E-4,1.7016E-4,1.6542E-4,4
159.35,1.53E-4,1.5317E-4,1.5143E-4,4
159.45,1.9372E-4,1.9194E-4,1.9246E-4,4
159.55,1.7662E-4,1.7456E-4,1.7284E-4,4
159.65,1.4574E-4,1.4369E-4,1.4108E-4,4
159.75,1.4174E-4,1.4252E-4,1.3921E-4,4
159.85,1.4709E-4,1.4535E-4,1.4517E-4,4
159.95,1.4171E-4,1.4262E-4,1.4022E-4,4
160.05,1.6766E-4,1.6684E-4,1.6395E-4,4
160.15,1.7104E-4,1.7153E-4,1.6852E-4,4
160.25,2.1224E-4,2.1064E-4,2.0663E-4,4
160.35,1.7132E-4,1.6924E-4,1.684E-4,4
160.45,1.5683E-4,1.5463E-4,1.5491E-4,4
160.55,1.658E-4,1.663E-4,1.6445E-4,4
160.65,1.658E-4,1.6522E-4,1.6331E-4,4
160.75,1.6717E-4,1.6733E-4,1.6504E-4,4
160.85,2.188E-4,2.2127E-4,2.1533E-4,4
160.95,1.6609E-4,1.6881E-4,1.6284E-4,4
161.05,2.0994E-4,2.127E-4,2.0758E-4,4
161.15,2.1705E-4,2.143E-4,2.1069E-4,4
161.25,2.302E-4,2.3324E-4,2.2591E-4,4
161.35,2.5081E-4,2.5146E-4,2.4872E-4,4
161.45,2.1009E-4,2.0802E-4,2.0561E-4,4
161.55,1.7049E-4,1.704E-4,1.6846E-4,4
161.65,1.8845E-4,1.8724E-4,1.8415E-4,4
161.75,1.8255E-4,1.8292E-4,1.7912E-4,4
161.85,2.2E-4,2.1837E-4,2.1587E-4,4
161.95,1.8898E-4,1.8816E-4,1.8592E-4,4
162.05,1.964E-4,1.9529E-4,1.9382E-4,4
162.15,2.3921E-4,2.3562E-4,2.3292E-4,4
162.25,2.3295E-4,2.333E-4,2.3068E-4,4
162.35,2.4236E-4,2.4348E-4,2.3996E-4,4
162.45,2.0437E-4,2.0645E-4,2.0192E-4,4
162.55,3.0012E-4,2.9905E-4,2.9384E-4,4
162.65,2.3299E-4,2.2912E-4,2.2592E-4,4
162.75,2.37E-4,2.3749E-4,2.3399E-4,4
162.85,2.2542E-4,2.2201E-4,2.1977E-4,4
162.95,2.6614E-4,2.6702E-4,2.6039E-4,4
163.05,2.1716E-4,2.1795E-4,2.1893E-4,4
163.15,2.1488E-4,2.1241E-4,2.0851E-4,4
163.25,2.7965E-4,2.7765E-4,2.7433E-4,4
163.35,2.7591E-4,2.7176E-4,2.6901E-4,4
163.45,2.7053E-4,2.672E-4,2.6357E-4,4
163.55,2.1736E-4,2.1803E-4,2.1616E-4,4
163.65,2.3397E-4,2.3642E-4,2.2766E-4,4
163.75,3.005E-4,2.9852E-4,2.9729E-4,4
163.85,2.325E-4,2.3227E-4,2.2848E-4,4
163.95,2.9477E-4,2.8836E-4,2.8299E-4,4
164.05,4.6402E-4,4.6618E-4,4.3808E-4,4
164.15,2.6489E-4,2.6412E-4,2.6011E-4,4
164.25,2.5757E-4,2.5516E-4,2.5245E-4,4
164.35,3.3815E-4,3.3846E-4,3.3234E-4,4
164.45,2.7567E-4,2.7421E-4,2.6729E-4,4
164.55,2.6615E-4,2.63E-4,2.6533E-4,4
164.65,2.5187E-4,2.5025E-4,2.4704E-4,4
164.75,2.6478E-4,2.6414E-4,2.6175E-4,4
164.85,2.5747E-4,2.5437E-4,2.5332E-4,4
164.95,2.8848E-4,2.9107E-4,2.849E-4,4
165.05,2.505E-4,2.4808E-4,2.4419E-4,4
165.15,2.5248E-4,2.52E-4,2.4946E-4,4
165.25,2.4986E-4,2.5043E-4,2.4656E-4,4
165.35,2.7229E-4,2.7545E-4,2.6467E-4,4
165.45,3.5387E-4,3.4794E-4,3.4506E-4,4
165.55,3.5412E-4,3.5426E-4,3.374E-4,4
165.65,8.0975E-4,8.0561E-4,7.914E-4,4
165.75,0.0010051,9.9856E-4,9.8253E-4,4
165.85,6.7988E-4,6.924E-4,6.6758E-4,4
165.95,4.3879E-4,4.3612E-4,4.2472E-4,4
166.05,3.0839E-4,3.0731E-4,3.024E-4,4
166.15,3.1411E-4,3.1408E-4,3.1008E-4,4
166.25,3.2622E-4,3.2388E-4,3.1817E-4,4
166.35,3.5329E-4,3.5399E-4,3.4864E-4,4
166.45,2.9486E-4,2.9462E-4,2.9353E-4,4
166.55,3.1853E-4,3.1527E-4,3.1514E-4,4
166.65,3.6258E-4,3.6235E-4,3.5788E-4,4
166.75,3.0498E-4,3.0277E-4,3.0229E-4,4
166.85,2.9532E-4,2.9289E-4,2.8892E-4,4
166.95,3.2233E-4,3.2346E-4,3.136E-4,4
167.05,5.4152E-4,5.5066E-4,5.1809E-4,4
167.15,3.8316E-4,3.7088E-4,3.8266E-4,4
167.25,2.8204E-4,2.8285E-4,2.7848E-4,4
167.35,3.6123E-4,3.6152E-4,3.5573E-4,4
167.45,4.0842E-4,4.1041E-4,3.975E-4,4
167.55,3.2056E-4,3.1907E-4,3.1759E-4,4
167.65,3.7056E-4,3.7099E-4,3.6633E-4,4
167.75,3.5381E-4,3.5057E-4,3.4526E-4,4
167.85,3.3974E-4,3.4397E-4,3.3769E-4,4
167.95,3.7749E-4,3.7711E-4,3.7417E-4,4
168.05,3.7101E-4,3.7273E-4,3.6614E-4,4
168.15,3.8912E-4,3.8971E-4,3.8798E-4,4
168.25,3.5056E-4,3.5081E-4,3.519E-4,4
168.35,3.7438E-4,3.7223E-4,3.7017E-4,4
168.45,3.7016E-4,3.6961E-4,3.6754E-4,4
168.55,4.2517E-4,4.271E-4,4.2079E-4,4
168.65,5.5698E-4,5.5464E-4,5.4008E-4,4
168.75,4.1241E-4,4.0832E-4,4.061E-4,4
168.85,4.7704E-4,4.7688E-4,4.6666E-4,4
168.95,4.3973E-4,4.3551E-4,4.2998E-4,4
169.05,5.0635E-4,5.0806E-4,4.9875E-4,4
169.15,5.3047E-4,5.2982E-4,5.2586E-4,4
169.25,4.8997E-4,4.8722E-4,4.8526E-4,4
169.35,5.2099E-4,5.1897E-4,5.1279E-4,4
169.45,5.7629E-4,5.6473E-4,5.6425E-4,4
169.55,5.2225E-4,5.2053E-4,5.1474E-4,4
169.65,6.1444E-4,6.1733E-4,6.0745E-4,4
169.75,5.9242E-4,5.866E-4,5.8508E-4,4
169.85,5.6767E-4,5.6694E-4,5.5528E-4,4
169.95,6.0604E-4,6.0138E-4,5.9674E-4,4
170.05,5.6186E-4,5.5657E-4,5.543E-4,4
170.15,7.3252E-4,7.2092E-4,7.269E-4,4
170.25,6.963E-4,7.0051E-4,6.8318E-4,4
170.35,6.0072E-4,6.059E-4,5.9478E-4,4
170.45,6.1249E-4,6.0481E-4,6.0377E-4,4
170.55,5.8087E-4,5.805E-4,5.7893E-4,4
170.65,5.9711E-4,5.9617E-4,5.8801E-4,4
170.75,5.8452E-4,5.8965E-4,5.7921E-4,4
170.85,7.0744E-4,7.0462E-4,6.8768E-4,4
170.95,6.981E-4,6.9479E-4,6.8555E-4,4
171.05,6.5325E-4,6.5338E-4,6.4421E-4,4
171.15,6.256E-4,6.2817E-4,6.1671E-4,4
171.25,5.7642E-4,5.6794E-4,5.6554E-4,4
171.35,6.307E-4,6.3152E-4,6.1898E-4,4
171.45,5.4099E-4,5.4122E-4,5.3602E-4,4
171.55,6.0039E-4,6.0234E-4,5.9149E-4,4
171.65,7.1139E-4,7.1471E-4,6.9746E-4,4
171.75,7.393E-4,7.3645E-4,7.342E-4,4
171.85,6.8493E-4,6.8674E-4,6.7111E-4,4
171.95,6.5749E-4,6.5141E-4,6.4019E-4,4
172.05,7.9014E-4,7.7772E-4,7.7494E-4,4
172.15,6.8567E-4,6.8333E-4,6.7083E-4,4
172.25,6.4819E-4,6.4496E-4,6.3825E-4,4
172.35,6.1371E-4,6.1352E-4,6.1086E-4,4
172.45,7.4434E-4,7.4124E-4,7.3354E-4,4
172.55,7.4626E-4,7.4735E-4,7.3381E-4,4
172.65,7.504E-4,7.4735E-4,7.3638E-4,4
172.75,7.298E-4,7.2913E-4,7.2633E-4,4
172.85,7.2558E-4,7.272E-4,7.159E-4,4
172.95,5.9891E-4,5.9882E-4,5.919E-4,4
173.05,6.0577E-4,5.9861E-4,5.9553E-4,4
173.15,6.792E-4,6.7954E-4,6.7317E-4,4
173.25,6.6053E-4,6.5836E-4,6.5357E-4,4
173.35,7.1661E-4,7.1736E-4,7.0801E-4,4
173.45,7.0245E-4,6.9879E-4,6.8891E-4,4
173.55,7.327E-4,7.2637E-4,7.1976E-4,4
173.65,7.3052E-4,7.3038E-4,7.2453E-4,4
173.75,7.3305E-4,7.3473E-4,7.2347E-4,4
173.85,7.739E-4,7.7156E-4,7.6461E-4,4
173.95,7.7626E-4,7.6846E-4,7.6219E-4,4
174.05,7.9271E-4,7.8838E-4,7.8826E-4,4
174.15,8.8366E-4,8.7479E-4,8.7184E-4,4
174.25,8.7165E-4,8.6788E-4,8.5788E-4,4
174.35,8.9582E-4,8.9412E-4,8.8936E-4,4
174.45,9.4118E-4,9.4176E-4,9.2914E-4,4
174.55,9.0032E-4,8.979E-4,8.8212E-4,4
174.65,9.0359E-4,9.0281E-4,8.929E-4,4
174.75,7.7454E-4,7.7608E-4,7.6516E-4,4
174.85,8.573E-4,8.5186E-4,8.4352E-4,4
174.95,8.7587E-4,8.6939E-4,8.5634E-4,4
175.05,9.4552E-4,9.421E-4,9.2962E-4,4
175.15,0.0010246,0.0010111,9.9872E-4,4
175.25,9.9434E-4,9.9965E-4,9.7695E-4,4
175.35,9.984E-4,9.9609E-4,9.8756E-4,4
175.45,0.0010868,0.0010904,0.0010752,4
175.55,0.0011267,0.0011143,0.0011071,4
175.65,0.0010669,0.0010621,0.0010463,4
175.75,0.0011204,0.0011157,0.0010987,4
175.85,0.0011238,0.0011162,0.0011033,4
175.95,0.0011431,0.001137,0.001125,4
176.05,0.0011393,0.0011296,0.0011247,4
176.15,0.0012108,0.0012116,0.0011907,4
176.25,0.0011434,0.0011332,0.0011211,4
176.35,0.0010187,0.0010246,0.0010197,4
176.45,0.0011393,0.0011286,0.001116,4
176.55,9.4951E-4,9.3705E-4,9.3777E-4,4
176.65,0.0010657,0.0010792,0.0010443,4
176.75,0.0014202,0.00141,0.0013963,4
176.85,0.0012353,0.0012298,0.0012198,4
176.95,0.0011638,0.0011613,0.0011576,4
177.05,0.0013429,0.0013332,0.0013237,4
177.15,0.0014918,0.0014911,0.001467,4
177.25,0.0015709,0.0015717,0.0015655,4
177.35,0.0016311,0.0016136,0.0015973,4
177.45,0.0013744,0.0013431,0.001349,4
177.55,0.001075,0.0010751,0.0010542,4
177.65,0.0012252,0.0012158,0.0012014,4
177.75,0.001273,0.001265,0.0012481,4
177.85,0.0013752,0.0013736,0.0013469,4
177.95,0.0015364,0.00153,0.0015127,4
178.05,0.0016279,0.0016142,0.0015996,4
178.15,0.0014706,0.0014633,0.001448,4
178.25,0.0013816,0.0013786,0.0013661,4
178.35,0.0015242,0.0015254,0.0015131,4
178.45,0.0015124,0.0015075,0.0014952,4
178.55,0.001533,0.001527,0.001506,4
178.65,0.0015607,0.0015476,0.0015275,4
178.75,0.0015276,0.0015303,0.0015073,4
178.85,0.0015453,0.0015399,0.0015198,4
178.95,0.0017577,0.0017468,0.0017285,4
179.05,0.0016772,0.0016718,0.0016544,4
179.15,0.0017444,0.0017419,0.0017153,4
179.25,0.0014767,0.0014833,0.0014519,4
179.35,0.0013344,0.0013254,0.001317,4
179.45,0.0013627,0.0013646,0.0013548,4
179.55,0.0014856,0.001482,0.0014635,4
179.65,0.001508,0.0014858,0.0014868,4
179.75,0.001527,0.0015138,0.0014948,4
179.85,0.0015653,0.0015593,0.0015432,4
179.95,0.0016332,0.0016264,0.0016073,4
180.05,0.0016872,0.0016919,0.0016639,4
180.15,0.0017302,0.0017216,0.0016971,4
180.25,0.0017268,0.0017174,0.0017098,4
180.35,0.0016828,0.0016842,0.0016689,4
180.45,0.0017933,0.0017886,0.0017687,4
180.55,0.0019051,0.0018945,0.0018702,4
180.65,0.0018406,0.0018314,0.0018118,4
180.75,0.0023886,0.0026099,0.002442,4
180.85,0.0026143,0.0023744,0.0024823,4
180.95,0.0018402,0.0018309,0.001823,4
181.05,0.0020005,0.0020065,0.001975,4
181.15,0.0018208,0.0018122,0.0017854,4
181.25,0.0019152,0.0019015,0.0018719,4
181.35,0.0017701,0.0017758,0.0017548,4
181.45,0.0017605,0.0017623,0.0017601,4
181.55,0.0019195,0.0019153,0.0018975,4
181.65,0.0035527,0.0037012,0.0036446,4
181.75,0.0039968,0.0037716,0.0037115,4
181.85,0.0020892,0.0020673,0.0020547,4
181.95,0.0021744,0.0021173,0.0021197,4
182.05,0.0018984,0.0019108,0.0018758,4
182.15,0.0022343,0.00223,0.0022028,4
182.25,0.0022274,0.0022239,0.0021597,4
182.35,0.0025044,0.0024875,0.0024548,4
182.45,0.0025205,0.0024997,0.0024684,4
182.55,0.0022946,0.0022946,0.0022538,4
182.65,0.0021167,0.0021139,0.0020867,4
182.75,0.0021618,0.0021566,0.0021386,4
182.85,0.0021245,0.0021396,0.0021318,4
182.95,0.0022782,0.0022772,0.0022321,4
183.05,0.0021656,0.0021355,0.0021351,4
183.15,0.0023225,0.0023454,0.0022957,4
183.25,0.0023253,0.0023261,0.0023026,4
183.35,0.0023341,0.0023237,0.0022873,4
183.45,0.0025228,0.0025144,0.0024834,4
183.55,0.0024393,0.0024725,0.0024505,4
183.65,0.0022483,0.0022594,0.0022394,4
183.75,0.0025179,0.0025125,0.0024698,4
183.85,0.0024793,0.0024538,0.0024512,4
183.95,0.0024992,0.0024662,0.0024485,4
184.05,0.0021546,0.0021469,0.0021396,4
184.15,0.0019068,0.001882,0.0018756,4
184.25,0.0021899,0.002233,0.0021907,4
184.35,0.0022377,0.0021854,0.0021751,4
184.45,0.0023235,0.0023461,0.0022892,4
184.55,0.0019544,0.0019501,0.0019498,4
184.65,0.0021495,0.0021222,0.0021004,4
184.75,0.001669,0.0016923,0.0016698,4
184.85,0.0019394,0.0018822,0.0018941,4
184.95,0.0024305,0.0024373,0.0024104,4
185.05,0.0018883,0.0018843,0.0018633,4
185.15,0.0019904,0.0020053,0.0019923,4
185.25,0.001981,0.0019552,0.0019603,4
185.35,0.0023378,0.0023651,0.0023609,4
185.45,0.002838,0.0028502,0.0028304,4
185.55,0.0026926,0.0026698,0.0026435,4
185.65,0.0028174,0.0028076,0.0027783,4
185.75,0.0023653,0.0023262,0.0023314,4
185.85,0.0025228,0.0025125,0.0024853,4
185.95,0.0023061,0.0023276,0.0022807,4
186.05,0.0024843,0.0024798,0.0024513,4
186.15,0.0024613,0.0024612,0.0024478,4
186.25,0.0026766,0.0026445,0.0026449,4
186.35,0.0026662,0.0026803,0.0026348,4
186.45,0.0024488,0.0024357,0.0024096,4
186.55,0.002438,0.0024427,0.0024096,4
186.65,0.0027227,0.002774,0.002734,4
186.75,0.0030678,0.0030782,0.003024,4
186.85,0.0030784,0.0030564,0.0030553,4
186.95,0.003162,0.0031518,0.0031418,4
187.05,0.0030943,0.0031003,0.0030586,4
187.15,0.0032723,0.0032555,0.0032416,4
187.25,0.0029845,0.0029881,0.0029711,4
187.35,0.0030784,0.0030433,0.0030158,4
187.45,0.0031099,0.00317,0.0030952,4
187.55,0.0030389,0.0030026,0.00299,4
187.65,0.0030432,0.0030223,0.0029994,4
187.75,0.0030011,0.0029834,0.0029471,4
187.85,0.0029508,0.002942,0.0029017,4
187.95,0.0029039,0.0028821,0.002853,4
188.05,0.0029144,0.0028974,0.0028827,4
188.15,0.0028351,0.0028158,0.0028029,4
188.25,0.0031886,0.0032402,0.003171,4
188.35,0.0033693,0.0033652,0.0033337,4
188.45,0.003381,0.003369,0.0033354,4
188.55,0.003316,0.0033032,0.0032874,4
188.65,0.0033202,0.0033027,0.0032839,4
188.75,0.003314,0.0033387,0.0032818,4
188.85,0.0032609,0.0032178,0.0031865,4
188.95,0.0035845,0.0035475,0.0035332,4
189.05,0.0035826,0.0035594,0.0035263,4
189.15,0.0037253,0.0037035,0.0037137,4
189.25,0.0040025,0.0039701,0.0038883,4
189.35,0.0033183,0.003329,0.0033035,4
189.45,0.0038994,0.0039093,0.0038882,4
189.55,0.0035861,0.0035206,0.0035062,4
189.65,0.0036295,0.0036602,0.0036159,4
189.75,0.0034668,0.0034242,0.0034071,4
189.85,0.0030661,0.0030612,0.0030333,4
189.95,0.0033235,0.0033006,0.0032517,4
190.05,0.0036148,0.0036456,0.0035769,4
190.15,0.0031833,0.0031303,0.003113,4
190.25,0.003715,0.0036279,0.0036358,4
190.35,0.0037704,0.0037686,0.0037288,4
190.45,0.0038768,0.0038718,0.0037915,4
190.55,0.0037102,0.0037032,0.0036652,4
190.65,0.0036277,0.003622,0.0036134,4
190.75,0.0038976,0.0038701,0.0038335,4
190.85,0.0041025,0.0041615,0.0041055,4
190.95,0.0041969,0.0040844,0.0040997,4
191.05,0.0035899,0.0035885,0.0035541,4
191.15,0.0037868,0.0038374,0.0037399,4
191.25,0.0039568,0.0039508,0.0039024,4
191.35,0.0038266,0.0038169,0.0037715,4
191.45,0.0041009,0.0040767,0.0040445,4
191.55,0.0044656,0.0044548,0.0044176,4
191.65,0.0041882,0.0042164,0.004151,4
191.75,0.0040693,0.0040877,0.0040556,4
191.85,0.0039234,0.0038755,0.0038639,4
191.95,0.0042043,0.0042004,0.0041737,4
192.05,0.0044544,0.004455,0.0044002,4
192.15,0.004632,0.0046373,0.0045683,4
192.25,0.0044143,0.0043651,0.0043249,4
192.35,0.0043328,0.0043019,0.0042418,4
192.45,0.0041502,0.0041412,0.0041127,4
192.55,0.0042734,0.0043141,0.0042422,4
192.65,0.0041788,0.0041394,0.0041315,4
192.75,0.0042032,0.004207,0.004163,4
192.85,0.0044498,0.0044232,0.0043944,4
192.95,0.0040461,0.0040683,0.0040165,4
193.05,0.0032765,0.003352,0.0032912,4
193.15,0.0029293,0.0029545,0.0029179,4
193.25,0.0029965,0.0029529,0.0029599,4
193.35,0.0033584,0.0033523,0.003317,4
193.45,0.0032781,0.0032926,0.0032552,4
193.55,0.0030513,0.003051,0.0029934,4
193.65,0.0027123,0.0027021,0.0026828,4
193.75,0.0032092,0.0032652,0.0032568,4
193.85,0.0041426,0.004269,0.0041817,4
193.95,0.0046753,0.004672,0.004622,4
194.05,0.0047195,0.0047079,0.004663,4
194.15,0.0051411,0.0052334,0.0051209,4
194.25,0.0056952,0.0056775,0.0056436,4
194.35,0.0057732,0.0057882,0.0057218,4
194.45,0.0051856,0.0051822,0.0051563,4
194.55,0.0053448,0.0053204,0.0052767,4
194.65,0.004855,0.0048813,0.0048295,4
194.75,0.0057629,0.005556,0.0056099,4
194.85,0.0058653,0.0058914,0.0058103,4
194.95,0.0057372,0.0057919,0.0056862,4
195.05,0.0051294,0.0051034,0.0050635,4
195.15,0.0049522,0.0049379,0.0048475,4
195.25,0.0044728,0.0044737,0.004428,4
195.35,0.0053467,0.005377,0.005316,4
195.45,0.0056919,0.0056303,0.0055749,4
195.55,0.0050071,0.0049298,0.0049208,4
195.65,0.0055605,0.005666,0.0055458,4
195.75,0.0052897,0.0051964,0.0052143,4
195.85,0.005126,0.0051388,0.0050441,4
195.95,0.0059439,0.0059009,0.005836,4
196.05,0.0053841,0.0053758,0.0053395,4
196.15,0.0049742,0.0049947,0.0049352,4
196.25,0.0051949,0.0051644,0.0051252,4
196.35,0.0052135,0.005188,0.0051469,4
196.45,0.005815,0.0057459,0.0057185,4
196.55,0.0061132,0.0060568,0.0060297,4
196.65,0.0064255,0.0063996,0.0063642,4
196.75,0.0064949,0.0064545,0.0064036,4
196.85,0.0064994,0.0064959,0.0064577,4
196.95,0.0066306,0.0065978,0.0065395,4
197.05,0.0059562,0.0059085,0.0058354,4
197.15,0.0060916,0.0060409,0.0059953,4
197.25,0.0058839,0.0058986,0.0058235,4
197.35,0.0062867,0.0061853,0.0061459,4
197.45,0.005773,0.0057787,0.005723,4
197.55,0.0058834,0.0058594,0.0057944,4
197.65,0.0060803,0.0060647,0.0060054,4
197.75,0.005527,0.0055064,0.0054664,4
197.85,0.0061428,0.0061234,0.0061215,4
197.95,0.0057557,0.0057285,0.0056623,4
198.05,0.0057166,0.0057344,0.0056601,4
198.15,0.0066223,0.0065455,0.0065273,4
198.25,0.0065251,0.0066334,0.0065477,4
198.35,0.0058063,0.0057207,0.0057004,4
198.45,0.0062154,0.0061558,0.0061291,4
198.55,0.0063646,0.0064002,0.0063298,4
198.65,0.0052433,0.0052717,0.0051819,4
198.75,0.0057221,0.0056948,0.0056721,4
198.85,0.0056323,0.0056489,0.005581,4
198.95,0.0056354,0.0056557,0.0056488,4
199.05,0.0060425,0.0060055,0.0059732,4
199.15,0.0059008,0.0058813,0.0058155,4
199.25,0.0064297,0.0064939,0.0064103,4
199.35,0.0074614,0.0074581,0.0073715,4
199.45,0.0063689,0.0063355,0.0062715,4
199.55,0.0065125,0.0065233,0.0064543,4
199.65,0.0065499,0.0064864,0.0064411,4
199.75,0.0060066,0.0060039,0.005956,4
199.85,0.0070684,0.0070044,0.0069474,4
199.95,0.006251,0.0062474,0.0062042,4
200.05,0.0066993,0.0067407,0.0066456,4
200.15,0.0067573,0.0066723,0.0066547,4
200.25,0.0070401,0.0070373,0.0069349,4
200.35,0.0071283,0.0070413,0.0070469,4
200.45,0.0065965,0.0067006,0.0065932,4
200.55,0.0072331,0.0070287,0.0071265,4
200.65,0.007449,0.0075108,0.0073936,4
200.75,0.006875,0.0069236,0.0068338,4
200.85,0.0070863,0.0070419,0.0069974,4
200.95,0.0070854,0.0071111,0.007078,4
201.05,0.0077274,0.0076637,0.0076046,4
201.15,0.0065411,0.0064514,0.006425,4
201.25,0.0075303,0.0076485,0.0075709,4
201.35,0.0081952,0.0081688,0.0080743,4
201.45,0.0075584,0.0075526,0.0074805,4
201.55,0.0074404,0.0074192,0.0073787,4
201.65,0.0073975,0.0073613,0.0072956,4
201.75,0.0080081,0.0080248,0.0079342,4
201.85,0.008833,0.0088417,0.0087267,4
201.95,0.0079569,0.007906,0.0078443,4
202.05,0.0081186,0.0080904,0.0079864,4
202.15,0.0077732,0.0078088,0.0077522,4
202.25,0.0070457,0.0070037,0.0069672,4
202.35,0.0082039,0.0080973,0.0080693,4
202.45,0.008218,0.0082963,0.0082091,4
202.55,0.007049,0.0071569,0.0070293,4
202.65,0.0052656,0.0051524,0.0051535,4
202.75,0.0076855,0.0074851,0.0074944,4
202.85,0.0087805,0.0087448,0.008711,4
202.95,0.0082692,0.0082579,0.008176,4
203.05,0.0085349,0.0085213,0.0084469,4
203.15,0.0096942,0.009675,0.0096167,4
203.25,0.0093589,0.0093251,0.0092406,4
203.35,0.0081101,0.0080533,0.0079393,4
203.45,0.0074521,0.0074227,0.0073504,4
203.55,0.0081224,0.008205,0.0081405,4
203.65,0.0096517,0.0095804,0.0095265,4
203.75,0.0094003,0.0093812,0.0093014,4
203.85,0.0094411,0.0093766,0.0092861,4
203.95,0.0081992,0.0082106,0.0080897,4
204.05,0.0081675,0.0081483,0.0080521,4
204.15,0.0096007,0.0095237,0.0094784,4
204.25,0.010496,0.010433,0.01035,4
204.35,0.010361,0.010338,0.010219,4
204.45,0.0091219,0.0091295,0.008997,4
204.55,0.009754,0.0096898,0.0096201,4
204.65,0.010929,0.010893,0.010779,4
204.75,0.0095729,0.0096656,0.0095883,4
204.85,0.0095087,0.0093725,0.0092997,4
204.95,0.0098754,0.009943,0.0098211,4
205.05,0.010191,0.010054,0.010027,4
205.15,0.010063,0.010062,0.0099803,4
205.25,0.010362,0.010312,0.010241,4
205.35,0.010788,0.010687,0.010603,4
205.45,0.010514,0.01051,0.010374,4
205.55,0.0095124,0.0096449,0.0094722,4
205.65,0.0090446,0.008996,0.0090855,4
205.75,0.010931,0.010856,0.010753,4
205.85,0.0090029,0.0090392,0.0088694,4
205.95,0.0099305,0.0098374,0.0098893,4
206.05,0.010775,0.010757,0.010646,4
206.15,0.010509,0.01046,0.010316,4
206.25,0.0083954,0.0084139,0.0083556,4
206.35,0.010497,0.010516,0.010454,4
206.45,0.010339,0.010317,0.010235,4
206.55,0.011118,0.011064,0.010854,4
206.65,0.0098227,0.0098627,0.0097496,4
206.75,0.011294,0.011268,0.011153,4
206.85,0.010991,0.010975,0.010864,4
206.95,0.010553,0.010546,0.010425,4
207.05,0.010989,0.01098,0.010876,4
207.15,0.01173,0.011681,0.01157,4
207.25,0.011027,0.010988,0.010891,4
207.35,0.011693,0.011632,0.011506,4
207.45,0.012296,0.012281,0.012166,4
207.55,0.01231,0.012206,0.012116,4
207.65,0.012695,0.012698,0.012574,4
207.75,0.013162,0.013193,0.013027,4
207.85,0.012246,0.012245,0.012092,4
207.95,0.012465,0.012273,0.012217,4
208.05,0.013201,0.013251,0.013073,4
208.15,0.01213,0.01213,0.011957,4
208.25,0.011919,0.011931,0.011821,4
208.35,0.012759,0.012498,0.012563,4
208.45,0.011921,0.012196,0.011731,4
208.55,0.012653,0.012475,0.012576,4
208.65,0.01575,0.015604,0.015789,4
208.75,0.015056,0.015004,0.014571,4
208.85,0.01843,0.01855,0.018918,4
208.95,0.015123,0.014957,0.014551,4
209.05,0.014593,0.014545,0.014404,4
209.15,0.017278,0.017356,0.017391,4
209.25,0.016433,0.016414,0.016367,4
209.35,0.02572,0.025727,0.025577,4
209.45,0.01535,0.01524,0.015182,4
209.55,0.018448,0.018865,0.018768,4
209.65,0.025218,0.02478,0.024753,4
209.75,0.019734,0.019954,0.019862,4
209.85,0.027177,0.027185,0.027005,4
209.95,0.020645,0.019917,0.020359,4
210.05,0.016831,0.017107,0.016812,4
210.15,0.024352,0.025939,0.024704,4
210.25,0.036955,0.03638,0.03654,4
210.35,0.018308,0.017088,0.018324,4
210.45,0.017917,0.019098,0.017889,4
210.55,0.036053,0.036517,0.035635,4
210.65,0.035238,0.035132,0.035258,4
210.75,0.030791,0.030591,0.0304,4
210.85,0.027537,0.028151,0.027775,4
210.95,0.01647,0.016439,0.016287,4
211.05,0.01881,0.018818,0.018726,4
211.15,0.02912,0.028105,0.028159,4
211.25,0.040545,0.040002,0.039929,4
211.35,0.027101,0.028209,0.027791,4
211.45,0.029466,0.029269,0.029208,4
211.55,0.018391,0.018507,0.018402,4
211.65,0.038976,0.038577,0.038548,4
211.75,0.044619,0.044495,0.044277,4
211.85,0.035534,0.036145,0.035745,4
211.95,0.034172,0.03333,0.033417,4
212.05,0.051795,0.050806,0.050901,4
212.15,0.039262,0.041019,0.039895,4
212.25,0.028229,0.028164,0.027986,4
212.35,0.02122,0.02217,0.021216,4
212.45,0.010721,0.01081,0.010625,4
212.55,0.015897,0.015284,0.015998,4
212.65,0.029766,0.0294,0.02999,4
212.75,0.035236,0.035355,0.035047,4
212.85,0.03436,0.034443,0.034192,4
212.95,0.036205,0.036493,0.036083,4
213.05,0.022774,0.022476,0.02206,4
213.15,0.024346,0.024527,0.024616,4
213.25,0.029816,0.029565,0.029311,4
213.35,0.026665,0.027061,0.026987,4
213.45,0.031171,0.03083,0.030622,4
213.55,0.020596,0.020436,0.020504,4
213.65,0.028606,0.028596,0.028527,4
213.75,0.040096,0.040997,0.040437,4
213.85,0.032981,0.031534,0.032054,4
213.95,0.018788,0.019047,0.018789,4
214.05,0.027718,0.028578,0.027929,4
214.15,0.053267,0.053819,0.053288,4
214.25,0.044623,0.04371,0.044058,4
214.35,0.044937,0.045368,0.04493,4
214.45,0.047137,0.046375,0.046473,4
214.55,0.038959,0.037828,0.038179,4
214.65,0.029542,0.029818,0.029528,4
214.75,0.031117,0.03111,0.031027,4
214.85,0.034556,0.035198,0.034598,4
214.95,0.04072,0.040926,0.04057,4
215.05,0.047213,0.045497,0.046333,4
215.15,0.022379,0.023094,0.02244,4
215.25,0.033241,0.033409,0.033056,4
215.35,0.040331,0.042193,0.040516,4
215.45,0.048092,0.04557,0.047391,4
215.55,0.036926,0.037239,0.036771,4
215.65,0.032716,0.032047,0.032375,4
215.75,0.024078,0.022628,0.023705,4
215.85,0.019555,0.019503,0.019372,4
215.95,0.020336,0.020965,0.020254,4
216.05,0.03218,0.034185,0.032033,4
216.15,0.045184,0.04394,0.044807,4
216.25,0.035214,0.035061,0.035062,4
216.35,0.040604,0.040629,0.040209,4
216.45,0.031865,0.032046,0.031775,4
216.55,0.037111,0.036519,0.036782,4
216.65,0.018599,0.018851,0.018698,4
216.75,0.015725,0.01589,0.015539,4
216.85,0.031201,0.030842,0.030642,4
216.95,0.025135,0.025882,0.025386,4
217.05,0.028404,0.027439,0.027741,4
217.15,0.035047,0.03554,0.035129,4
217.25,0.036889,0.036064,0.036296,4
217.35,0.034461,0.034886,0.034511,4
217.45,0.026372,0.026908,0.026638,4
217.55,0.021795,0.021653,0.021606,4
217.65,0.03258,0.032018,0.03201,4
217.75,0.029161,0.029904,0.029654,4
217.85,0.020066,0.020049,0.019789,4
217.95,0.040036,0.038525,0.038607,4
218.05,0.052438,0.052365,0.052249,4
218.15,0.052895,0.052309,0.052385,4
218.25,0.055775,0.055059,0.054863,4
218.35,0.05486,0.055925,0.055524,4
218.45,0.031563,0.032474,0.031952,4
218.55,0.04578,0.044136,0.04435,4
218.65,0.047917,0.049793,0.049377,4
218.75,0.017671,0.018211,0.017777,4
218.85,0.041868,0.039771,0.040181,4
218.95,0.032718,0.034195,0.033469,4
219.05,0.044259,0.042473,0.042952,4
219.15,0.040504,0.041006,0.040672,4
219.25,0.031142,0.031361,0.030871,4
219.35,0.064546,0.062804,0.063438,4
219.45,0.056686,0.05723,0.056811,4
219.55,0.037667,0.038835,0.038123,4
219.65,0.02696,0.027421,0.026931,4
219.75,0.041951,0.040686,0.040822,4
219.85,0.057194,0.056382,0.05643,4
219.95,0.055639,0.055855,0.055523,4
220.05,0.040673,0.042139,0.04155,4
220.15,0.023865,0.023663,0.023494,4
220.25,0.050164,0.04847,0.0488,4
220.35,0.062189,0.061539,0.061371,4
220.45,0.063147,0.063935,0.063635,4
220.55,0.051679,0.050867,0.050771,4
220.65,0.052432,0.053853,0.053347,4
220.75,0.039077,0.038765,0.038532,4
220.85,0.030616,0.032113,0.031327,4
220.95,0.037148,0.035731,0.035922,4
221.05,0.029235,0.030762,0.030045,4
221.15,0.015792,0.015888,0.015711,4
221.25,0.022286,0.02151,0.021549,4
221.35,0.050453,0.048782,0.049315,4
221.45,0.037531,0.038832,0.038166,4
221.55,0.046899,0.046282,0.046544,4
221.65,0.031312,0.032872,0.032494,4
221.75,0.018391,0.017949,0.01778,4
221.85,0.024384,0.024229,0.023994,4
221.95,0.043764,0.041952,0.042138,4
222.05,0.048753,0.049589,0.049283,4
222.15,0.053048,0.051915,0.051909,4
222.25,0.052868,0.053582,0.053192,4
222.35,0.037684,0.038402,0.037948,4
222.45,0.054265,0.05321,0.05356,4
222.55,0.04155,0.041895,0.041344,4
222.65,0.0465,0.047097,0.046807,4
222.75,0.037321,0.037587,0.03741,4
222.85,0.044416,0.043127,0.043281,4
222.95,0.052824,0.053395,0.053096,4
223.05,0.045215,0.045526,0.045213,4
223.15,0.035781,0.036688,0.036117,4
223.25,0.053752,0.051722,0.052229,4
223.35,0.078969,0.077569,0.077853,4
223.45,0.071735,0.073599,0.072466,4
223.55,0.072136,0.071017,0.071356,4
223.65,0.074325,0.074608,0.074312,4
223.75,0.063293,0.063146,0.062901,4
223.85,0.04881,0.050322,0.049479,4
223.95,0.053128,0.052777,0.052016,4
224.05,0.070449,0.069991,0.070394,4
224.15,0.049587,0.049472,0.049334,4
224.25,0.047613,0.047578,0.047342,4
224.35,0.047923,0.047888,0.04771,4
224.45,0.041288,0.04085,0.041067,4
224.55,0.049787,0.050846,0.049391,4
224.65,0.06158,0.06085,0.061318,4
224.75,0.063082,0.064216,0.062781,4
224.85,0.074561,0.07323,0.073878,4
224.95,0.043663,0.042235,0.043451,4
225.05,0.051932,0.052074,0.05165,4
225.15,0.045564,0.04384,0.044931,4
225.25,0.052234,0.056468,0.052871,4
225.35,0.053724,0.048152,0.051821,4
225.45,0.036863,0.040252,0.037661,4
225.55,0.05466,0.053228,0.054009,4
225.65,0.039474,0.038242,0.039023,4
225.75,0.04782,0.050457,0.048339,4
225.85,0.04464,0.043042,0.04394,4
225.95,0.057707,0.057715,0.057299,4
226.05,0.03313,0.031421,0.032105,4
226.15,0.037286,0.038286,0.037402,4
226.25,0.049251,0.049898,0.049145,4
226.35,0.040424,0.039123,0.039879,4
226.45,0.036698,0.036656,0.036389,4
226.55,0.028062,0.027811,0.027828,4
226.65,0.029221,0.029357,0.029135,4
226.75,0.031741,0.031364,0.031405,4
226.85,0.029154,0.029423,0.02897,4
226.95,0.026432,0.025927,0.026082,4
227.05,0.028226,0.028065,0.028066,4
227.15,0.028129,0.028474,0.028123,4
227.25,0.029857,0.029773,0.029704,4
227.35,0.035315,0.035549,0.035253,4
227.45,0.028513,0.028178,0.02812,4
227.55,0.038192,0.03851,0.038344,4
227.65,0.028896,0.028533,0.028378,4
227.75,0.041543,0.041627,0.041653,4
227.85,0.041073,0.040799,0.040939,4
227.95,0.043818,0.043789,0.043763,4
228.05,0.037947,0.037506,0.037129,4
228.15,0.055135,0.054814,0.055369,4
228.25,0.061108,0.05946,0.060127,4
228.35,0.0503,0.053287,0.051725,4
228.45,0.044895,0.043996,0.044109,4
228.55,0.061193,0.059992,0.059993,4
228.65,0.056554,0.058221,0.058188,4
228.75,0.03295,0.033231,0.033128,4
228.85,0.040938,0.040036,0.039398,4
228.95,0.050986,0.051014,0.051142,4
229.05,0.03671,0.036801,0.036761,4
229.15,0.039044,0.038803,0.038652,4
229.25,0.044212,0.044264,0.044038,4
229.35,0.047893,0.047189,0.046971,4
229.45,0.046862,0.047349,0.047075,4
229.55,0.047618,0.047215,0.047114,4
229.65,0.064691,0.064489,0.064087,4
229.75,0.031823,0.033228,0.032595,4
229.85,0.025517,0.025695,0.02553,4
229.95,0.033897,0.033892,0.033382,4
230.05,0.036758,0.036349,0.036507,4
230.15,0.035629,0.036499,0.035583,4
230.25,0.048534,0.050059,0.048366,4
230.35,0.039444,0.035741,0.038664,4
230.45,0.040697,0.044168,0.041341,4
230.55,0.053089,0.054217,0.053483,4
230.65,0.078336,0.078911,0.077999,4
230.75,0.069292,0.068783,0.068829,4
230.85,0.05595,0.055242,0.055454,4
230.95,0.050355,0.048694,0.049662,4
231.05,0.039721,0.039954,0.039592,4
231.15,0.029806,0.028918,0.029335,4
231.25,0.03105,0.031302,0.030807,4
231.35,0.030748,0.031051,0.030731,4
231.45,0.030563,0.031042,0.031361,4
231.55,0.061628,0.062239,0.062233,4
231.65,0.055473,0.055033,0.054485,4
231.75,0.049353,0.049553,0.04877,4
231.85,0.053522,0.053494,0.053614,4
231.95,0.054178,0.055137,0.053562,4
232.05,0.026093,0.026386,0.025238,4
232.15,0.038062,0.037691,0.037807,4
232.25,0.041095,0.038193,0.0392,4
232.35,0.071687,0.070672,0.070738,4
232.45,0.081557,0.081833,0.081671,4
232.55,0.050402,0.051152,0.050886,4
232.65,0.028423,0.028716,0.028444,4
232.75,0.036837,0.037224,0.036999,4
232.85,0.042724,0.040538,0.04089,4
232.95,0.055493,0.05505,0.054964,4
233.05,0.050829,0.051815,0.051108,4
233.15,0.042715,0.043517,0.042807,4
233.25,0.032905,0.032594,0.032587,4
233.35,0.025972,0.026289,0.026005,4
233.45,0.043983,0.04375,0.043494,4
233.55,0.044585,0.046689,0.04504,4
233.65,0.060698,0.059453,0.05998,4
233.75,0.04066,0.037708,0.039375,4
233.85,0.022587,0.021918,0.02222,4
233.95,0.027767,0.028525,0.027958,4
234.05,0.035991,0.036545,0.03602,4
234.15,0.041632,0.041826,0.041571,4
234.25,0.049535,0.049463,0.049175,4
234.35,0.031999,0.03101,0.031333,4
234.45,0.017244,0.017074,0.017088,4
234.55,0.026826,0.02705,0.026855,4
234.65,0.026653,0.026648,0.026772,4
234.75,0.033987,0.034025,0.033892,4
234.85,0.023283,0.023594,0.022821,4
234.95,0.031636,0.028925,0.030432,4
235.05,0.04966,0.049025,0.049208,4
235.15,0.046682,0.046643,0.046406,4
235.25,0.053567,0.053262,0.053117,4
235.35,0.061835,0.06191,0.061822,4
235.45,0.050915,0.051329,0.051105,4
235.55,0.033878,0.034847,0.034237,4
235.65,0.059919,0.057892,0.05831,4
235.75,0.058917,0.059111,0.058869,4
235.85,0.058404,0.058233,0.058118,4
235.95,0.036035,0.035891,0.036541,4
236.05,0.025022,0.024545,0.024878,4
236.15,0.035353,0.038196,0.035535,4
236.25,0.039115,0.038874,0.038926,4
236.35,0.061037,0.062324,0.061235,4
236.45,0.042563,0.04082,0.041859,4
236.55,0.030886,0.030355,0.030493,4
236.65,0.042694,0.042743,0.042387,4
236.75,0.032307,0.03211,0.032034,4
236.85,0.041073,0.041244,0.04083,4
236.95,0.042051,0.042036,0.04225,4
237.05,0.052752,0.052746,0.05222,4
237.15,0.054233,0.053907,0.054403,4
237.25,0.064571,0.06475,0.064391,4
237.35,0.041087,0.043956,0.042459,4
237.45,0.027936,0.027252,0.02696,4
237.55,0.037613,0.037774,0.037676,4
237.65,0.045,0.044228,0.043908,4
237.75,0.063844,0.062922,0.062793,4
237.85,0.051679,0.053388,0.053184,4
237.95,0.034569,0.034973,0.034801,4
238.05,0.036484,0.035974,0.035918,4
238.15,0.026219,0.026503,0.026482,4
238.25,0.018498,0.018305,0.018418,4
238.35,0.020075,0.020347,0.019898,4
238.45,0.028544,0.030066,0.028836,4
238.55,0.038077,0.039357,0.038407,4
238.65,0.050653,0.050928,0.050477,4
238.75,0.049094,0.049134,0.048868,4
238.85,0.033393,0.032207,0.032804,4
238.95,0.023051,0.023086,0.023312,4
239.05,0.043768,0.044015,0.044453,4
239.15,0.060321,0.06074,0.059689,4
239.25,0.048492,0.047753,0.048273,4
239.35,0.051367,0.051678,0.051143,4
239.45,0.044463,0.045508,0.044996,4
239.55,0.025038,0.025656,0.025443,4
239.65,0.019634,0.019085,0.019035,4
239.75,0.035524,0.034441,0.034447,4
239.85,0.043885,0.043928,0.043711,4
239.95,0.027759,0.02891,0.028405,4
240.05,0.034079,0.033396,0.033552,4
240.15,0.048709,0.048205,0.048317,4
240.25,0.044527,0.043862,0.044154,4
240.35,0.043335,0.044155,0.0434,4
240.45,0.037319,0.034661,0.036016,4
240.55,0.019327,0.019124,0.019039,4
240.65,0.032309,0.032418,0.032041,4
240.75,0.025008,0.025084,0.024985,4
240.85,0.039672,0.040232,0.040001,4
240.95,0.046071,0.046037,0.045764,4
241.05,0.037369,0.038057,0.03695,4
241.15,0.020325,0.019936,0.019926,4
241.25,0.034784,0.032928,0.033846,4
241.35,0.034449,0.035244,0.034918,4
241.45,0.03518,0.034315,0.034262,4
241.55,0.048273,0.048067,0.047981,4
241.65,0.050908,0.05022,0.050176,4
241.75,0.056827,0.056949,0.056705,4
241.85,0.055164,0.055357,0.054728,4
241.95,0.061477,0.061312,0.061533,4
242.05,0.063037,0.063803,0.062869,4
242.15,0.067587,0.068051,0.067571,4
242.25,0.076973,0.078097,0.076888,4
242.35,0.062959,0.06118,0.062558,4
242.45,0.055734,0.055793,0.055609,4
242.55,0.054939,0.055384,0.05521,4
242.65,0.063864,0.063782,0.063877,4
242.75,0.083838,0.084197,0.083901,4
242.85,0.067147,0.068277,0.067264,4
242.95,0.05511,0.055312,0.055055,4
243.05,0.066183,0.065713,0.065627,4
243.15,0.073556,0.073495,0.073323,4
243.25,0.060059,0.060662,0.060526,4
243.35,0.052392,0.052537,0.052359,4
243.45,0.067702,0.066941,0.066942,4
243.55,0.043739,0.04421,0.044198,4
243.65,0.053391,0.053681,0.053049,4
243.75,0.055027,0.057111,0.05583,4
243.85,0.071409,0.071041,0.071035,4
243.95,0.054017,0.053235,0.053708,4
244.05,0.048772,0.048812,0.048888,4
244.15,0.06742,0.068021,0.067629,4
244.25,0.071959,0.071911,0.072118,4
244.35,0.067854,0.068457,0.067005,4
244.45,0.054157,0.054168,0.053771,4
244.55,0.06001,0.059737,0.059807,4
244.65,0.056679,0.057241,0.056943,4
244.75,0.053088,0.053292,0.053097,4
244.85,0.040725,0.041104,0.040866,4
244.95,0.050888,0.050338,0.050318,4
245.05,0.047266,0.047194,0.04706,4
245.15,0.045005,0.044676,0.044612,4
245.25,0.040386,0.040242,0.040087,4
245.35,0.043718,0.043952,0.043636,4
245.45,0.040604,0.040402,0.040411,4
245.55,0.049317,0.04974,0.049348,4
245.65,0.044919,0.04462,0.044264,4
245.75,0.044511,0.044187,0.044326,4
245.85,0.054372,0.053689,0.053982,4
245.95,0.044198,0.045356,0.044201,4
246.05,0.048589,0.048346,0.048306,4
246.15,0.041033,0.041067,0.040845,4
246.25,0.038888,0.039214,0.039116,4
246.35,0.033846,0.033582,0.033418,4
246.45,0.044571,0.045065,0.044418,4
246.55,0.049453,0.048486,0.048986,4
246.65,0.048273,0.0484,0.048122,4
246.75,0.04632,0.046839,0.046045,4
246.85,0.053275,0.053027,0.053016,4
246.95,0.05324,0.053183,0.053006,4
247.05,0.05093,0.050737,0.050613,4
247.15,0.053851,0.053234,0.053702,4
247.25,0.057467,0.058891,0.058079,4
247.35,0.031993,0.032422,0.031988,4
247.45,0.061228,0.060444,0.060322,4
247.55,0.058029,0.058412,0.058118,4
247.65,0.061174,0.061504,0.061227,4
247.75,0.054648,0.054655,0.054184,4
247.85,0.054186,0.052675,0.053598,4
247.95,0.045364,0.045263,0.045019,4
248.05,0.035366,0.034743,0.034894,4
248.15,0.05896,0.059507,0.058552,4
248.25,0.051037,0.050193,0.050086,4
248.35,0.030254,0.029786,0.028999,4
248.45,0.026127,0.025556,0.026325,4
248.55,0.043426,0.042425,0.043077,4
248.65,0.053846,0.053594,0.053425,4
248.75,0.044983,0.045041,0.044798,4
248.85,0.030478,0.031486,0.030861,4
248.95,0.03511,0.034208,0.034319,4
249.05,0.030281,0.030398,0.030216,4
249.15,0.023618,0.023627,0.023636,4
249.25,0.038735,0.040488,0.039321,4
249.35,0.048047,0.048627,0.048048,4
249.45,0.0559,0.055895,0.055721,4
249.55,0.070013,0.070404,0.070358,4
249.65,0.064744,0.065582,0.064268,4
249.75,0.06254,0.060136,0.061377,4
249.85,0.063632,0.065022,0.063929,4
249.95,0.06501,0.064594,0.064343,4
250.05,0.077941,0.077664,0.077712,4
250.15,0.045212,0.047304,0.046746,4
250.25,0.047336,0.047437,0.04659,4
250.35,0.061303,0.061036,0.06097,4
250.45,0.065812,0.067119,0.065972,4
250.55,0.064106,0.062724,0.063325,4
250.65,0.046503,0.046014,0.04595,4
250.75,0.029945,0.029339,0.029643,4
250.85,0.04863,0.047642,0.048564,4
250.95,0.062462,0.062565,0.062188,4
251.05,0.068356,0.068134,0.068104,4
251.15,0.043644,0.043871,0.043659,4
251.25,0.051756,0.051768,0.051651,4
251.35,0.051014,0.050769,0.050659,4
251.45,0.038723,0.037984,0.038352,4
251.55,0.034678,0.036022,0.034984,4
251.65,0.031567,0.029777,0.030775,4
251.75,0.034005,0.034649,0.033935,4
251.85,0.0354,0.035012,0.035057,4
251.95,0.035425,0.035975,0.035215,4
252.05,0.040907,0.039192,0.040417,4
252.15,0.048907,0.049401,0.048873,4
252.25,0.042547,0.04264,0.042513,4
252.35,0.029494,0.029759,0.029498,4
252.45,0.031278,0.031409,0.03118,4
252.55,0.036763,0.036605,0.036393,4
252.65,0.043579,0.044431,0.043832,4
252.75,0.043497,0.042587,0.043015,4
252.85,0.032509,0.032376,0.032316,4
252.95,0.026572,0.026393,0.026388,4
253.05,0.03545,0.034718,0.035377,4
253.15,0.055026,0.054159,0.054635,4
253.25,0.054955,0.055356,0.054971,4
253.35,0.051298,0.051013,0.050953,4
253.45,0.049164,0.049171,0.049058,4
253.55,0.05287,0.052277,0.052391,4
253.65,0.041706,0.042682,0.041845,4
253.75,0.045773,0.045529,0.045494,4
253.85,0.05509,0.054912,0.054825,4
253.95,0.043092,0.042978,0.043128,4
254.05,0.060814,0.061463,0.061124,4
254.15,0.043799,0.043565,0.043056,4
254.25,0.052064,0.051742,0.052188,4
254.35,0.060852,0.060222,0.059864,4
254.45,0.060555,0.060974,0.060778,4
254.55,0.057589,0.057408,0.057325,4
254.65,0.048223,0.048154,0.048532,4
254.75,0.050804,0.051825,0.050983,4
254.85,0.055763,0.055504,0.05556,4
254.95,0.045125,0.044861,0.044777,4
255.05,0.042883,0.042642,0.043549,4
255.15,0.064097,0.063501,0.064006,4
255.25,0.093285,0.092126,0.093386,4
255.35,0.064424,0.065611,0.065284,4
255.45,0.089948,0.08751,0.087905,4
255.55,0.079174,0.080617,0.080286,4
255.65,0.075666,0.076072,0.075488,4
255.75,0.072067,0.070024,0.070894,4
255.85,0.076001,0.077327,0.076437,4
255.95,0.099375,0.10033,0.099496,4
256.05,0.088482,0.08746,0.087437,4
256.15,0.087729,0.087667,0.087724,4
256.25,0.071923,0.07379,0.072697,4
256.35,0.056681,0.056319,0.056368,4
256.45,0.064863,0.063306,0.063208,4
256.55,0.086986,0.087124,0.087006,4
256.65,0.12219,0.12401,0.12164,4
256.75,0.10206,0.097838,0.10051,4
256.85,0.11424,0.11324,0.11367,4
256.95,0.1146,0.11644,0.11565,4
257.05,0.13579,0.13544,0.13583,4
257.15,0.11338,0.1155,0.11318,4
257.25,0.13188,0.13195,0.13193,4
257.35,0.12969,0.12765,0.12698,4
257.45,0.15101,0.15216,0.15199,4
257.55,0.092374,0.091231,0.092509,4
257.65,0.057008,0.056194,0.056611,4
257.75,0.078782,0.081897,0.079601,4
257.85,0.10338,0.10325,0.10385,4
257.95,0.13265,0.13478,0.1333,4
258.05,0.157,0.1559,0.15682,4
258.15,0.16558,0.16073,0.16214,4
258.25,0.18309,0.19016,0.18937,4
258.35,0.085077,0.085511,0.085595,4
258.45,0.1404,0.13661,0.13781,4
258.55,0.079467,0.078548,0.078807,4
258.65,0.045093,0.043596,0.043941,4
258.75,0.084556,0.086908,0.085863,4
258.85,0.10892,0.11006,0.10877,4
258.95,0.15129,0.14429,0.14903,4
259.05,0.18911,0.19188,0.19088,4
259.15,0.12075,0.12389,0.1234,4
259.25,0.10141,0.099797,0.099248,4
259.35,0.11426,0.1113,0.11336,4
259.45,0.059164,0.05936,0.058714,4
259.55,0.11021,0.11257,0.11046,4
259.65,0.11038,0.10956,0.10927,4
259.75,0.096963,0.09744,0.096692,4
259.85,0.05846,0.060103,0.05887,4
259.95,0.033183,0.033384,0.033108,4
260.05,0.038168,0.037004,0.036978,4
260.15,0.080377,0.078905,0.078814,4
260.25,0.1146,0.11501,0.1141,4
260.35,0.11892,0.1191,0.11858,4
260.45,0.09865,0.097713,0.099268,4
260.55,0.099722,0.1005,0.098672,4
260.65,0.05977,0.059446,0.059461,4
260.75,0.045337,0.046756,0.045209,4
260.85,0.071469,0.069121,0.069324,4
260.95,0.089421,0.089028,0.089076,4
261.05,0.10126,0.10054,0.10071,4
261.15,0.076392,0.073915,0.074979,4
261.25,0.042127,0.041584,0.041686,4
261.35,0.064859,0.065554,0.065289,4
261.45,0.051291,0.050649,0.05001,4
261.55,0.089954,0.0877,0.08951,4
261.65,0.11462,0.11495,0.11462,4
261.75,0.1053,0.10586,0.10586,4
261.85,0.056502,0.0586,0.057293,4
261.95,0.093768,0.096996,0.094863,4
262.05,0.13018,0.12909,0.12998,4
262.15,0.10224,0.10285,0.10208,4
262.25,0.088253,0.084471,0.086526,4
262.35,0.13458,0.13517,0.13557,4
262.45,0.11898,0.1175,0.11681,4
262.55,0.1209,0.12406,0.1233,4
262.65,0.062247,0.064217,0.063333,4
262.75,0.096114,0.097634,0.096479,4
262.85,0.081743,0.078188,0.080292,4
262.95,0.073223,0.075109,0.074848,4
263.05,0.087219,0.087376,0.086081,4
263.15,0.05298,0.054172,0.052523,4
263.25,0.057361,0.056048,0.05608,4
263.35,0.089602,0.088283,0.088453,4
263.45,0.13998,0.1405,0.13981,4
263.55,0.16632,0.16561,0.16572,4
263.65,0.15641,0.15808,0.15725,4
263.75,0.19933,0.19818,0.19836,4
263.85,0.25617,0.25375,0.25802,4
263.95,0.28513,0.28732,0.28575,4
264.05,0.22024,0.22112,0.22025,4
264.15,0.21847,0.21735,0.21772,4
264.25,0.21254,0.22012,0.21535,4
264.35,0.3468,0.35011,0.34756,4
264.45,0.29852,0.29167,0.29576,4
264.55,0.24369,0.24553,0.24453,4
264.65,0.22298,0.2249,0.22351,4
264.75,0.21845,0.2163,0.21682,4
264.85,0.18012,0.18302,0.18226,4
264.95,0.14881,0.14971,0.149,4
265.05,0.20013,0.20129,0.19999,4
265.15,0.1915,0.19055,0.19046,4
265.25,0.20259,0.20333,0.20239,4
265.35,0.24192,0.24472,0.24374,4
265.45,0.22506,0.22383,0.22423,4
265.55,0.32703,0.32509,0.32603,4
265.65,0.24733,0.25393,0.251,4
265.75,0.27969,0.27751,0.27851,4
265.85,0.26853,0.26562,0.26729,4
265.95,0.22654,0.22904,0.22863,4
266.05,0.28308,0.28619,0.28378,4
266.15,0.26159,0.26082,0.26203,4
266.25,0.1855,0.18542,0.18384,4
266.35,0.26117,0.25941,0.26076,4
266.45,0.14863,0.15559,0.15189,4
266.55,0.26301,0.26674,0.26406,4
266.65,0.24734,0.24132,0.24401,4
266.75,0.17565,0.16855,0.17214,4
266.85,0.28994,0.29255,0.29146,4
266.95,0.22929,0.23109,0.2311,4
267.05,0.1806,0.18,0.17967,4
267.15,0.29294,0.29391,0.29227,4
267.25,0.22828,0.21471,0.22288,4
267.35,0.14326,0.14667,0.145,4
267.45,0.25779,0.25712,0.25859,4
267.55,0.31294,0.31404,0.31239,4
267.65,0.28646,0.28682,0.28585,4
267.75,0.25101,0.25721,0.25321,4
267.85,0.22868,0.22606,0.22666,4
267.95,0.17272,0.16973,0.17032,4
268.05,0.21736,0.21945,0.21802,4
268.15,0.24007,0.23987,0.24074,4
268.25,0.2476,0.24703,0.24683,4
268.35,0.24085,0.24315,0.24181,4
268.45,0.22679,0.22665,0.22622,4
268.55,0.20787,0.21016,0.20896,4
268.65,0.26599,0.2675,0.2664,4
268.75,0.25876,0.25784,0.25823,4
268.85,0.22836,0.22654,0.22646,4
268.95,0.22313,0.22326,0.2243,4
269.05,0.16657,0.16735,0.1665,4
269.15,0.20175,0.20104,0.20124,4
269.25,0.25499,0.25481,0.25339,4
269.35,0.21965,0.21897,0.21884,4
269.45,0.27652,0.27764,0.27635,4
269.55,0.2084,0.2097,0.20418,4
269.65,0.14501,0.14406,0.14447,4
269.75,0.23324,0.23298,0.23392,4
269.85,0.22397,0.22405,0.22332,4
269.95,0.18533,0.18855,0.18761,4
270.05,0.32218,0.3352,0.32965,4
270.15,0.30914,0.30973,0.30823,4
270.25,0.20776,0.20625,0.20686,4
270.35,0.30136,0.29606,0.302,4
270.45,0.2381,0.24129,0.23815,4
270.55,0.35977,0.3546,0.35618,4
270.65,0.2502,0.24519,0.24736,4
270.75,0.21243,0.21485,0.21431,4
270.85,0.26445,0.26753,0.26547,4
270.95,0.20308,0.20494,0.20187,4
271.05,0.26614,0.26802,0.26817,4
271.15,0.25247,0.2504,0.24929,4
271.25,0.20558,0.21395,0.21175,4
271.35,0.33278,0.33485,0.33372,4
271.45,0.22688,0.22888,0.2264,4
271.55,0.15265,0.147,0.15163,4
271.65,0.22051,0.21884,0.21947,4
271.75,0.2557,0.25558,0.25548,4
271.85,0.21235,0.2096,0.21071,4
271.95,0.09047,0.086447,0.087761,4
272.05,0.11633,0.11877,0.11707,4
272.15,0.10028,0.096752,0.097144,4
272.25,0.1896,0.18644,0.19009,4
272.35,0.20836,0.20868,0.20841,4
272.45,0.14213,0.14567,0.14434,4
272.55,0.17471,0.17489,0.17351,4
272.65,0.20991,0.209,0.20921,4
272.75,0.19805,0.20203,0.19918,4
272.85,0.15299,0.15277,0.15073,4
272.95,0.27569,0.27459,0.27405,4
273.05,0.35663,0.35397,0.35356,4
273.15,0.19995,0.20213,0.2013,4
273.25,0.26585,0.26612,0.26436,4
273.35,0.22828,0.2326,0.22846,4
273.45,0.1406,0.14023,0.13969,4
273.55,0.20606,0.20686,0.2064,4
273.65,0.20239,0.19986,0.20108,4
273.75,0.11444,0.11313,0.11169,4
273.85,0.13936,0.14636,0.14465,4
273.95,0.16061,0.164,0.16107,4
274.05,0.090169,0.088582,0.088352,4
274.15,0.15446,0.15431,0.15448,4
274.25,0.14036,0.14,0.13957,4
274.35,0.080197,0.080784,0.080366,4
274.45,0.090068,0.091648,0.090625,4
274.55,0.15562,0.1557,0.15535,4
274.65,0.15627,0.15877,0.15822,4
274.75,0.067525,0.067181,0.066816,4
274.85,0.14381,0.14214,0.14132,4
274.95,0.10029,0.10985,0.098843,4
275.05,0.070331,0.070431,0.067902,4
275.15,0.12968,0.12731,0.12474,4
275.25,0.21373,0.21478,0.21177,4
275.35,0.25254,0.24822,0.25121,4
275.45,0.16318,0.16194,0.16317,4
275.55,0.15717,0.15787,0.15596,4
275.65,0.074805,0.074067,0.073085,4
275.75,0.12958,0.12602,0.127,4
275.85,0.21472,0.21778,0.20812,4
275.95,0.34422,0.33891,0.34253,4
276.05,0.23715,0.23728,0.23799,4
276.15,0.27229,0.27362,0.27365,4
276.25,0.1771,0.18002,0.1769,4
276.35,0.18247,0.1806,0.1779,4
276.45,0.24802,0.24821,0.24938,4
276.55,0.31309,0.31488,0.30956,4
276.65,0.29972,0.29444,0.29237,4
276.75,0.22367,0.22074,0.22213,4
276.85,0.2387,0.23999,0.23947,4
276.95,0.18745,0.19316,0.18968,4
277.05,0.23621,0.23763,0.23163,4
277.15,0.28586,0.28903,0.28688,4
277.25,0.25211,0.2395,0.23919,4
277.35,0.24187,0.24715,0.2512,4
277.45,0.29477,0.2969,0.29493,4
277.55,0.26048,0.26409,0.26245,4
277.65,0.24202,0.24022,0.24158,4
277.75,0.18711,0.19284,0.19372,4
277.85,0.20664,0.19871,0.1976,4
277.95,0.16192,0.16251,0.16321,4
278.05,0.14448,0.14637,0.14441,4
278.15,0.1637,0.16221,0.16415,4
278.25,0.16435,0.16628,0.16324,4
278.35,0.16678,0.16188,0.16238,4
278.45,0.15104,0.15172,0.15238,4
278.55,0.17423,0.17485,0.17409,4
278.65,0.17415,0.17348,0.17334,4
278.75,0.16677,0.16627,0.1667,4
278.85,0.13198,0.12894,0.13076,4
278.95,0.12823,0.12995,0.12862,4
279.05,0.11028,0.10899,0.10844,4
279.15,0.096531,0.097879,0.096747,4
279.25,0.086847,0.087063,0.087007,4
279.35,0.074219,0.073584,0.073981,4
279.45,0.057821,0.056375,0.056527,4
279.55,0.05027,0.048805,0.049715,4
279.65,0.097937,0.10449,0.097207,4
279.75,0.045127,0.044971,0.043969,4
279.85,0.053399,0.053234,0.053348,4
279.95,0.066021,0.067365,0.066152,4
280.05,0.077476,0.077484,0.077165,4
280.15,0.066091,0.066352,0.06534,4
280.25,0.051298,0.051512,0.050734,4
280.35,0.088412,0.084184,0.084459,4
280.45,0.051429,0.052193,0.05185,4
280.55,0.068851,0.070378,0.069928,4
280.65,0.091244,0.091452,0.091757,4
280.75,0.10228,0.10254,0.10197,4
280.85,0.12593,0.12341,0.12407,4
280.95,0.14029,0.14168,0.13972,4
281.05,0.16447,0.16395,0.16323,4
281.15,0.15766,0.15808,0.1572,4
281.25,0.15553,0.15501,0.15503,4
281.35,0.16322,0.16229,0.16383,4
281.45,0.18387,0.18727,0.18023,4
281.55,0.25879,0.25943,0.25775,4
281.65,0.2385,0.23673,0.23723,4
281.75,0.22264,0.22152,0.22121,4
281.85,0.22271,0.22117,0.22067,4
281.95,0.26194,0.26052,0.26138,4
282.05,0.27452,0.27774,0.27489,4
282.15,0.28204,0.27902,0.27764,4
282.25,0.27202,0.27333,0.27441,4
282.35,0.25477,0.25612,0.254,4
282.45,0.32784,0.32081,0.32279,4
282.55,0.32516,0.32332,0.32467,4
282.65,0.20976,0.20581,0.21193,4
282.75,0.30067,0.30324,0.30514,4
282.85,0.28203,0.28301,0.28066,4
282.95,0.30173,0.30334,0.30211,4
283.05,0.36769,0.36789,0.36454,4
283.15,0.30975,0.31243,0.31521,4
283.25,0.34265,0.34486,0.33846,4
283.35,0.3087,0.29738,0.30515,4
283.45,0.33923,0.33982,0.34005,4
283.55,0.29467,0.29375,0.29345,4
283.65,0.18876,0.18487,0.18968,4
283.75,0.30852,0.31255,0.31571,4
283.85,0.35742,0.3658,0.36177,4
283.95,0.33937,0.33284,0.33594,4
284.05,0.32046,0.31812,0.31908,4
284.15,0.24375,0.24486,0.24603,4
284.25,0.33029,0.33412,0.33428,4
284.35,0.28645,0.2973,0.29147,4
284.45,0.173,0.1793,0.17401,4
284.55,0.31663,0.31924,0.31404,4
284.65,0.23384,0.22746,0.23207,4
284.75,0.20606,0.20514,0.20322,4
284.85,0.17734,0.18116,0.17908,4
284.95,0.13116,0.13186,0.13088,4
285.05,0.10697,0.10437,0.10615,4
285.15,0.081577,0.083021,0.081755,4
285.25,0.038531,0.039926,0.038407,4
285.35,0.047303,0.046538,0.046506,4
285.45,0.082431,0.083035,0.082881,4
285.55,0.11989,0.12131,0.1202,4
285.65,0.13885,0.13767,0.13798,4
285.75,0.18054,0.17938,0.17941,4
285.85,0.21766,0.21665,0.21667,4
285.95,0.22256,0.22238,0.22285,4
286.05,0.3275,0.32849,0.32854,4
286.15,0.30752,0.30835,0.30463,4
286.25,0.34908,0.34688,0.34985,4
286.35,0.30607,0.30733,0.30688,4
286.45,0.3379,0.33859,0.33738,4
286.55,0.37613,0.38464,0.37855,4
286.65,0.36508,0.35579,0.36108,4
286.75,0.31993,0.3236,0.32087,4
286.85,0.2907,0.2935,0.29289,4
286.95,0.28569,0.28048,0.28216,4
287.05,0.30097,0.30182,0.30091,4
287.15,0.42716,0.42392,0.42589,4
287.25,0.46503,0.46424,0.46367,4
287.35,0.39881,0.40156,0.40009,4
287.45,0.31237,0.31143,0.31197,4
287.55,0.38669,0.39096,0.38873,4
287.65,0.32243,0.32451,0.32334,4
287.75,0.31593,0.31598,0.31677,4
287.85,0.37018,0.37105,0.3705,4
287.95,0.27278,0.27229,0.27226,4
288.05,0.23586,0.23449,0.23554,4
288.15,0.14725,0.15057,0.14793,4
288.25,0.09361,0.093575,0.093022,4
288.35,0.19677,0.19691,0.19831,4
288.45,0.27646,0.2746,0.27625,4
288.55,0.41969,0.41648,0.41882,4
288.65,0.43602,0.4343,0.43404,4
288.75,0.39119,0.39324,0.39179,4
288.85,0.37226,0.3706,0.37138,4
288.95,0.41606,0.41482,0.41612,4
289.05,0.36409,0.36452,0.36484,4
289.15,0.40133,0.40292,0.40011,4
289.25,0.41325,0.4116,0.41395,4
289.35,0.37917,0.3806,0.37707,4
289.45,0.41772,0.41559,0.41743,4
289.55,0.3936,0.395,0.39634,4
289.65,0.5595,0.55812,0.56445,4
289.75,0.51263,0.51034,0.51177,4
289.85,0.50089,0.50533,0.50226,4
289.95,0.52093,0.52137,0.52007,4
290.05,0.60845,0.61248,0.60851,4
290.15,0.70289,0.71261,0.70499,4
290.25,0.48639,0.49107,0.48832,4
290.35,0.57875,0.57664,0.57723,4
290.45,0.68013,0.68138,0.6781,4
290.55,0.67822,0.67941,0.68034,4
290.65,0.585,0.58261,0.58188,4
290.75,0.57432,0.57387,0.57176,4
290.85,0.55069,0.55271,0.55074,4
290.95,0.53354,0.53524,0.53403,4
291.05,0.5597,0.56411,0.5613,4
291.15,0.5315,0.53166,0.53159,4
291.25,0.55434,0.55139,0.55309,4
291.35,0.71036,0.72048,0.71211,4
291.45,0.61846,0.61835,0.61853,4
291.55,0.53967,0.54046,0.53966,4
291.65,0.4637,0.46438,0.46576,4
291.75,0.58903,0.59024,0.58861,4
291.85,0.47494,0.47669,0.47412,4
291.95,0.52154,0.51976,0.52064,4
292.05,0.58077,0.57875,0.58067,4
292.15,0.53909,0.53867,0.53899,4
292.25,0.57958,0.57965,0.57923,4
292.35,0.58485,0.58688,0.58455,4
292.45,0.39583,0.39881,0.39332,4
292.55,0.51477,0.51497,0.51498,4
292.65,0.40992,0.40755,0.40575,4
292.75,0.41773,0.40801,0.41875,4
292.85,0.53778,0.54266,0.53801,4
292.95,0.29252,0.29462,0.29326,4
293.05,0.57203,0.58373,0.5876,4
293.15,0.62755,0.62462,0.62422,4
293.25,0.66703,0.66351,0.66501,4
293.35,0.61188,0.61112,0.6092,4
293.45,0.56501,0.56626,0.56734,4
293.55,0.67992,0.67798,0.67685,4
293.65,0.66395,0.67158,0.67055,4
293.75,0.22851,0.23132,0.23185,4
293.85,0.41738,0.42164,0.41776,4
293.95,0.46512,0.47331,0.46502,4
294.05,0.5296,0.51626,0.52683,4
294.15,0.49951,0.5003,0.49709,4
294.25,0.416,0.41973,0.417,4
294.35,0.65906,0.66278,0.6597,4
294.45,0.54059,0.5521,0.54429,4
294.55,0.47325,0.47375,0.47367,4
294.65,0.64944,0.6543,0.65028,4
294.75,0.641,0.64875,0.64489,4
294.85,0.23543,0.24532,0.23787,4
294.95,0.33045,0.32723,0.32671,4
295.05,0.43065,0.43427,0.43173,4
295.15,0.58965,0.59294,0.58848,4
295.25,0.64501,0.64102,0.64371,4
295.35,0.73151,0.72895,0.72678,4
295.45,0.33353,0.32897,0.32501,4
295.55,0.53771,0.53211,0.5349,4
295.65,0.65502,0.66095,0.65589,4
295.75,0.48568,0.48428,0.48336,4
295.85,0.49654,0.50687,0.49886,4
295.95,0.71085,0.71372,0.71152,4
296.05,0.53727,0.54494,0.53951,4
296.15,0.5414,0.54228,0.54018,4
296.25,0.60112,0.60803,0.60315,4
296.35,0.72532,0.72144,0.72412,4
296.45,0.64453,0.65308,0.64637,4
296.55,0.4174,0.41594,0.41328,4
296.65,0.32719,0.32796,0.32893,4
296.75,0.21248,0.21096,0.20936,4
296.85,0.43896,0.42421,0.43405,4
296.95,0.50274,0.50362,0.5001,4
297.05,0.29803,0.29488,0.29076,4
297.15,0.36146,0.35606,0.36277,4
297.25,0.5579,0.55812,0.55911,4
297.35,0.36196,0.36365,0.35747,4
297.45,0.35818,0.35114,0.36572,4
297.55,0.66869,0.66881,0.66984,4
297.65,0.58283,0.58455,0.58265,4
297.75,0.65973,0.65595,0.66051,4
297.85,0.84629,0.85249,0.84641,4
297.95,0.62395,0.62915,0.62431,4
298.05,0.51506,0.51494,0.5145,4
298.15,0.5034,0.50628,0.5019,4
298.25,0.2879,0.28346,0.28367,4
298.35,0.45163,0.44814,0.45062,4
298.45,0.21878,0.22311,0.22184,4
298.55,0.29546,0.29467,0.29456,4
298.65,0.31223,0.30782,0.31097,4
298.75,0.45602,0.45245,0.45565,4
298.85,0.34346,0.34562,0.35341,4
298.95,0.53153,0.53091,0.52892,4
299.05,0.65866,0.65557,0.66076,4
299.15,0.69396,0.69472,0.69253,4
299.25,0.56148,0.56052,0.56029,4
299.35,0.54018,0.53836,0.53891,4
299.45,0.44345,0.45236,0.44789,4
299.55,0.22936,0.23066,0.23153,4
299.65,0.52799,0.52981,0.53059,4
299.75,0.61158,0.60793,0.61022,4
299.85,0.68357,0.68375,0.68313,4
299.95,0.50202,0.50283,0.49393,4
300.05,0.2667,0.26707,0.26839,4
300.15,0.22416,0.22427,0.22043,4
300.25,0.34432,0.33711,0.34381,4
300.35,0.23887,0.23775,0.23789,4
300.45,0.33127,0.32403,0.33017,4
300.55,0.57824,0.57559,0.57895,4
300.65,0.557,0.55683,0.55592,4
300.75,0.41577,0.41479,0.41345,4
300.85,0.31932,0.3244,0.31958,4
300.95,0.35922,0.35243,0.35646,4
301.05,0.39133,0.39199,0.39979,4
301.15,0.68069,0.68409,0.68516,4
301.25,0.41109,0.4157,0.41003,4
301.35,0.56148,0.55604,0.56427,4
301.45,0.54545,0.54367,0.54329,4
301.55,0.52994,0.53299,0.52999,4
301.65,0.56018,0.55691,0.55961,4
301.75,0.53947,0.53937,0.53559,4
301.85,0.34357,0.34131,0.34207,4
301.95,0.35272,0.35668,0.35064,4
302.05,0.29831,0.29296,0.29621,4
302.15,0.11649,0.11416,0.11496,4
302.25,0.30316,0.29274,0.30435,4
302.35,0.60395,0.60011,0.60373,4
302.45,0.59126,0.59,0.58819,4
302.55,0.5307,0.53465,0.53481,4
302.65,0.33442,0.33111,0.33257,4
302.75,0.49889,0.50029,0.49571,4
302.85,0.84642,0.84764,0.84551,4
302.95,0.72421,0.7323,0.72036,4
303.05,0.59224,0.59241,0.59162,4
303.15,0.62138,0.61781,0.61518,4
303.25,0.48949,0.49185,0.49175,4
303.35,0.88246,0.89056,0.88322,4
303.45,0.74635,0.7466,0.74483,4
303.55,0.71942,0.7207,0.71955,4
303.65,0.81534,0.81564,0.81315,4
303.75,0.60537,0.60928,0.60984,4
303.85,0.24083,0.24356,0.24588,4
303.95,0.62304,0.62874,0.62789,4
304.05,0.69775,0.69776,0.69723,4
304.15,0.52642,0.5343,0.52673,4
304.25,0.46227,0.4593,0.45658,4
304.35,0.52913,0.51325,0.52334,4
304.45,0.75537,0.75689,0.75557,4
304.55,0.72203,0.72086,0.72203,4
304.65,0.78286,0.78109,0.78445,4
304.75,0.62063,0.62997,0.62943,4
304.85,0.28043,0.28244,0.28588,4
304.95,0.58621,0.58267,0.58981,4
305.05,0.80717,0.80953,0.80562,4
305.15,0.53522,0.54934,0.53722,4
305.25,0.93451,0.93231,0.93272,4
305.35,0.91583,0.92543,0.91225,4
305.45,0.57668,0.58425,0.57572,4
305.55,0.56529,0.56376,0.5649,4
305.65,0.70558,0.70812,0.70993,4
305.75,0.57595,0.58221,0.57314,4
305.85,0.25508,0.26238,0.25821,4
305.95,0.33547,0.33714,0.33207,4
306.05,0.43341,0.4155,0.43326,4
306.15,0.62555,0.62711,0.62462,4
306.25,0.77564,0.77962,0.77136,4
306.35,0.73241,0.73347,0.73373,4
306.45,0.533,0.53719,0.53032,4
306.55,0.49138,0.49097,0.49536,4
306.65,0.67202,0.67502,0.67547,4
306.75,0.39773,0.39731,0.39522,4
306.85,0.4111,0.41464,0.41539,4
306.95,0.63188,0.63096,0.63591,4
307.05,0.7621,0.76044,0.76092,4
307.15,0.72081,0.72128,0.72126,4
307.25,0.67424,0.68171,0.67394,4
307.35,0.58889,0.57797,0.58743,4
307.45,0.74217,0.73479,0.7396,4
307.55,0.66936,0.67556,0.66412,4
307.65,0.40785,0.4025,0.40099,4
307.75,0.78598,0.78381,0.78575,4
307.85,0.6564,0.65541,0.65411,4
307.95,0.56617,0.56137,0.56677,4
308.05,0.79738,0.80166,0.79506,4
308.15,0.68944,0.68828,0.68335,4
308.25,0.48573,0.48077,0.47323,4
308.35,0.56616,0.55761,0.56891,4
308.45,0.52523,0.53596,0.52881,4
308.55,0.89798,0.90618,0.89579,4
308.65,0.81969,0.8161,0.8177,4
308.75,0.63981,0.6491,0.64261,4
308.85,0.53757,0.53827,0.53516,4
308.95,0.65266,0.64098,0.65756,4
309.05,0.58364,0.58793,0.57931,4
309.15,0.5425,0.54398,0.5291,4
309.25,0.42827,0.41956,0.43224,4
309.35,0.31469,0.32342,0.31345,4
309.45,0.39048,0.38668,0.39345,4
309.55,0.6304,0.63074,0.6387,4
309.65,0.66848,0.66525,0.66489,4
309.75,0.33557,0.33215,0.33374,4
309.85,0.49124,0.4937,0.49765,4
309.95,0.60955,0.61243,0.60686,4
310.05,0.51424,0.51651,0.51376,5
310.15,0.52553,0.52753,0.52517,5
310.25,0.54948,0.55117,0.5492,5
310.35,0.56864,0.57069,0.56824,5
310.45,0.58905,0.59151,0.58856,5
310.55,0.60978,0.61232,0.6094,5
310.65,0.62958,0.63194,0.62947,5
310.75,0.64669,0.64876,0.64688,5
310.85,0.66012,0.66185,0.66061,5
310.95,0.67094,0.67224,0.67152,5
311.05,0.67949,0.68017,0.67957,5
311.15,0.68568,0.68588,0.68529,5
311.25,0.68956,0.68984,0.68934,5
311.35,0.69116,0.69189,0.69147,5
311.45,0.69052,0.69158,0.69094,5
311.55,0.68767,0.6888,0.68756,5
311.65,0.68287,0.68409,0.68229,5
311.75,0.67585,0.67748,0.6756,5
311.85,0.66785,0.66994,0.66816,5
311.95,0.65977,0.66228,0.66068,5
312.05,0.65231,0.65506,0.65364,5
312.15,0.6463,0.64892,0.6475,5
312.25,0.64248,0.64448,0.64278,5
312.35,0.64004,0.64138,0.63934,5
312.45,0.63849,0.63966,0.63751,5
312.55,0.63791,0.63915,0.63695,5
312.65,0.63816,0.63958,0.63737,5
312.75,0.63935,0.641,0.63875,5
312.85,0.64208,0.6438,0.64155,5
312.95,0.64727,0.6487,0.64648,5
313.05,0.65268,0.65383,0.65166,5
313.15,0.65611,0.65739,0.65533,5
313.25,0.65804,0.65971,0.65776,5
313.35,0.65921,0.66123,0.65925,5
313.45,0.6599,0.66216,0.65992,5
313.55,0.66032,0.66271,0.66033,5
313.65,0.66089,0.66322,0.6613,5
313.75,0.66147,0.66363,0.66225,5
313.85,0.66232,0.66433,0.66301,5
313.95,0.66312,0.66502,0.66327,5
314.05,0.66286,0.66467,0.66254,5
314.15,0.6602,0.662,0.65997,5
314.25,0.6566,0.65839,0.65655,5
314.35,0.65293,0.65466,0.6528,5
314.45,0.64924,0.65094,0.64889,5
314.55,0.64544,0.64724,0.64498,5
314.65,0.64157,0.64375,0.64131,5
314.75,0.63772,0.64015,0.63762,5
314.85,0.63431,0.63627,0.63391,5
314.95,0.63079,0.63212,0.63001,5
315.05,0.62642,0.62774,0.62584,5
315.15,0.6209,0.62313,0.62128,5
315.25,0.615,0.61805,0.61621,5
315.35,0.60924,0.612,0.60997,5
315.45,0.60362,0.6057,0.60351,5
315.55,0.59802,0.59954,0.59754,5
315.65,0.59272,0.59405,0.59258,5
315.75,0.58873,0.58998,0.58902,5
315.85,0.58736,0.58861,0.58758,5
315.95,0.58802,0.58934,0.58806,5
316.05,0.59053,0.59207,0.59051,5
316.15,0.59493,0.59678,0.59495,5
316.25,0.60144,0.60354,0.60145,5
316.35,0.6109,0.61295,0.61057,5
316.45,0.62182,0.62373,0.62114,5
316.55,0.63325,0.63496,0.63249,5
316.65,0.64461,0.64615,0.64409,5
316.75,0.65576,0.65718,0.65553,5
316.85,0.66607,0.66758,0.6661,5
316.95,0.67572,0.67737,0.67595,5
317.05,0.68488,0.68663,0.68516,5
317.15,0.69324,0.69497,0.69339,5
317.25,0.69998,0.70164,0.69994,5
317.35,0.7041,0.7055,0.70368,5
317.45,0.70616,0.70732,0.70546,5
317.55,0.70626,0.70733,0.7056,5
317.65,0.70441,0.70557,0.70414,5
317.75,0.70056,0.70184,0.70076,5
317.85,0.69393,0.69529,0.69466,5
317.95,0.68601,0.68739,0.6871,5
318.05,0.67773,0.67897,0.6787,5
318.15,0.66981,0.67076,0.67016,5
318.25,0.6627,0.66338,0.66239,5
318.35,0.65758,0.65824,0.65705,5
318.45,0.65386,0.65465,0.65334,5
318.55,0.65128,0.65244,0.65099,5
318.65,0.64977,0.65151,0.64989,5
318.75,0.6496,0.65181,0.6501,5
318.85,0.65132,0.65333,0.65182,5
318.95,0.65435,0.65589,0.65464,5
319.05,0.65791,0.65914,0.65795,5
319.15,0.6614,0.66279,0.66125,5
319.25,0.66613,0.66775,0.66585,5
319.35,0.67356,0.67522,0.67325,5
319.45,0.68289,0.68449,0.68265,5
319.55,0.69309,0.69455,0.69288,5
319.65,0.70351,0.70479,0.70317,5
319.75,0.71332,0.71442,0.71284,5
319.85,0.72123,0.72212,0.72072,5
319.95,0.72702,0.72775,0.7266,5
320.05,0.73127,0.73196,0.73097,5
320.15,0.73403,0.73512,0.73383,5
320.25,0.73548,0.73707,0.73541,5
320.35,0.73562,0.73765,0.73577,5
320.45,0.73463,0.73684,0.7351,5
320.55,0.73316,0.73541,0.73393,5
320.65,0.73267,0.73456,0.73362,5
320.75,0.73202,0.73342,0.73303,5
320.85,0.7298,0.73085,0.73071,5
320.95,0.72432,0.72554,0.72486,5
321.05,0.71764,0.71913,0.71783,5
321.15,0.71067,0.71241,0.71089,5
321.25,0.70395,0.70581,0.70451,5
321.35,0.69762,0.69941,0.69846,5
321.45,0.69256,0.69366,0.69307,5
321.55,0.68821,0.68856,0.68823,5
321.65,0.68431,0.68433,0.68398,5
321.75,0.68067,0.68121,0.6804,5
321.85,0.67725,0.67841,0.67714,5
321.95,0.67407,0.67535,0.67408,5
322.05,0.67092,0.67193,0.67103,5
322.15,0.66755,0.66826,0.66779,5
322.25,0.66315,0.66386,0.66372,5
322.35,0.65869,0.6595,0.65952,5
322.45,0.65475,0.65576,0.65559,5
322.55,0.65176,0.65308,0.65221,5
322.65,0.64943,0.65097,0.64945,5
322.75,0.64793,0.64927,0.64768,5
322.85,0.64711,0.64802,0.6468,5
322.95,0.64674,0.64731,0.64654,5
323.05,0.64623,0.64712,0.64645,5
323.15,0.64631,0.64767,0.64698,5
323.25,0.64738,0.64913,0.64834,5
323.35,0.6498,0.65165,0.65068,5
323.45,0.65321,0.65513,0.65392,5
323.55,0.65762,0.65962,0.65815,5
323.65,0.66292,0.66501,0.66331,5
323.75,0.66903,0.67115,0.66931,5
323.85,0.67568,0.67769,0.67603,5
323.95,0.6831,0.68494,0.6835,5
324.05,0.69146,0.69317,0.69164,5
324.15,0.70101,0.70269,0.70043,5
324.25,0.71113,0.71279,0.70989,5
324.35,0.72129,0.72294,0.72016,5
324.45,0.73137,0.733,0.73109,5
324.55,0.74163,0.74321,0.74221,5
324.65,0.75216,0.75355,0.75277,5
324.75,0.76289,0.76405,0.76309,5
324.85,0.77376,0.77468,0.77341,5
324.95,0.78453,0.78529,0.78374,5
325.05,0.79551,0.79617,0.79437,5
325.15,0.80686,0.80755,0.80566,5
325.25,0.81871,0.8196,0.81784,5
325.35,0.83096,0.83205,0.83047,5
325.45,0.84393,0.845,0.84354,5
325.55,0.85723,0.85812,0.85673,5
325.65,0.87016,0.87081,0.86958,5
325.75,0.8817,0.88214,0.88141,5
325.85,0.89217,0.89245,0.89229,5
325.95,0.90173,0.90196,0.90216,5
326.05,0.91042,0.91083,0.91081,5
326.15,0.91811,0.91879,0.91837,5
326.25,0.92468,0.92561,0.92479,5
326.35,0.93002,0.93112,0.93009,5
326.45,0.93431,0.93556,0.93436,5
326.55,0.93763,0.939,0.93768,5
326.65,0.94001,0.94149,0.94006,5
326.75,0.94145,0.94299,0.9415,5
326.85,0.94199,0.94355,0.94199,5
326.95,0.94163,0.94313,0.94153,5
327.05,0.94029,0.94164,0.94016,5
327.15,0.93769,0.93868,0.93774,5
327.25,0.9343,0.93485,0.93453,5
327.35,0.9303,0.93047,0.93064,5
327.45,0.92578,0.92568,0.926,5
327.55,0.92135,0.92118,0.92141,5
327.65,0.91763,0.91778,0.91761,5
327.75,0.91505,0.91606,0.91511,5
327.85,0.91327,0.9151,0.91339,5
327.95,0.91223,0.9143,0.91224,5
328.05,0.91196,0.91369,0.9117,5
328.15,0.91256,0.9138,0.91201,5
328.25,0.91406,0.91511,0.91335,5
328.35,0.91652,0.91757,0.91577,5
328.45,0.91995,0.92108,0.91925,5
328.55,0.92434,0.9256,0.92396,5
328.65,0.92975,0.93112,0.92974,5
328.75,0.93624,0.93767,0.93651,5
328.85,0.94453,0.9457,0.94454,5
328.95,0.95345,0.95434,0.95313,5
329.05,0.96243,0.96311,0.96185,5
329.15,0.97066,0.97141,0.97019,5
329.25,0.97848,0.97932,0.97817,5
329.35,0.98578,0.98657,0.98553,5
329.45,0.99246,0.99292,0.99208,5
329.55,0.99831,0.99846,0.99773,5
329.65,1.0032,1.0033,1.0026,5
329.75,1.0068,1.0074,1.0064,5
329.85,1.0092,1.0102,1.0089,5
329.95,1.01,1.0113,1.01,5
330.05,1.0092,1.0108,1.0095,5
330.15,1.0073,1.009,1.0076,5
330.25,1.0044,1.0059,1.0045,5
330.35,1.0008,1.0019,1.0002,5
330.45,0.99632,0.99718,0.99525,5
330.55,0.99087,0.99163,0.98986,5
330.65,0.98498,0.98557,0.98425,5
330.75,0.97878,0.97933,0.97849,5
330.85,0.97259,0.97315,0.97273,5
330.95,0.96662,0.96722,0.96711,5
331.05,0.96109,0.96176,0.96177,5
331.15,0.95669,0.95749,0.95705,5
331.25,0.95284,0.9538,0.95277,5
331.35,0.94937,0.95043,0.94891,5
331.45,0.94567,0.94677,0.94541,5
331.55,0.94235,0.94344,0.94237,5
331.65,0.93963,0.94066,0.93992,5
331.75,0.93815,0.93904,0.93837,5
331.85,0.93703,0.93778,0.93713,5
331.95,0.93587,0.93657,0.93591,5
332.05,0.93406,0.93493,0.93426,5
332.15,0.93208,0.93315,0.93247,5
332.25,0.92999,0.93119,0.93057,5
332.35,0.92792,0.92899,0.9286,5
332.45,0.92575,0.92667,0.92652,5
332.55,0.92336,0.92423,0.92427,5
332.65,0.92054,0.92163,0.92174,5
332.75,0.91795,0.91928,0.91934,5
332.85,0.91607,0.91755,0.91735,5
332.95,0.91543,0.91683,0.91607,5
333.05,0.91515,0.91644,0.91512,5
333.15,0.91487,0.91608,0.91441,5
333.25,0.91424,0.91544,0.91384,5
333.35,0.91351,0.91473,0.91332,5
333.45,0.91249,0.91368,0.91249,5
333.55,0.91105,0.91215,0.91111,5
333.65,0.91005,0.91104,0.91015,5
333.75,0.91015,0.91107,0.91026,5
333.85,0.91191,0.91282,0.912,5
333.95,0.91463,0.91554,0.9147,5
334.05,0.91841,0.91935,0.91842,5
334.15,0.92331,0.92425,0.92322,5
334.25,0.92804,0.92901,0.9279,5
334.35,0.93158,0.93259,0.93149,5
334.45,0.93295,0.93406,0.9331,5
334.55,0.93316,0.93435,0.93354,5
334.65,0.93225,0.93348,0.93284,5
334.75,0.93029,0.93144,0.93091,5
334.85,0.92781,0.92889,0.9284,5
334.95,0.92537,0.92639,0.92584,5
335.05,0.92367,0.92472,0.92394,5
335.15,0.92168,0.92277,0.92175,5
335.25,0.91907,0.92021,0.91903,5
335.35,0.91548,0.9167,0.91555,5
335.45,0.91074,0.91198,0.91096,5
335.55,0.90443,0.90562,0.90485,5
335.65,0.89555,0.89647,0.89613,5
335.75,0.88568,0.88632,0.88643,5
335.85,0.87541,0.87582,0.87629,5
335.95,0.86544,0.8659,0.86647,5
336.05,0.85606,0.85667,0.85719,5
336.15,0.84769,0.84853,0.84885,5
336.25,0.84174,0.84286,0.84277,5
336.35,0.83704,0.83847,0.83788,5
336.45,0.83338,0.83508,0.83403,5
336.55,0.83046,0.83225,0.831,5
336.65,0.82819,0.82998,0.82864,5
336.75,0.82644,0.82816,0.82681,5
336.85,0.82444,0.82603,0.8248,5
336.95,0.8229,0.82431,0.82325,5
337.05,0.82235,0.82355,0.82262,5
337.15,0.82367,0.82461,0.82357,5
337.25,0.82662,0.82729,0.82604,5
337.35,0.83081,0.83129,0.82988,5
337.45,0.83628,0.83683,0.83558,5
337.55,0.84274,0.84355,0.84271,5
337.65,0.8497,0.85078,0.85033,5
337.75,0.85676,0.85791,0.85757,5
337.85,0.86361,0.86463,0.86404,5
337.95,0.87014,0.87097,0.87007,5
338.05,0.87572,0.87638,0.87527,5
338.15,0.88,0.88054,0.87946,5
338.25,0.88433,0.8848,0.88377,5
338.35,0.88953,0.89001,0.88903,5
338.45,0.89684,0.89746,0.89642,5
338.55,0.90474,0.9055,0.9044,5
338.65,0.91285,0.91368,0.91257,5
338.75,0.92061,0.92116,0.92021,5
338.85,0.92797,0.92822,0.92746,5
338.95,0.93472,0.93469,0.93414,5
339.05,0.93999,0.93997,0.93962,5
339.15,0.94445,0.94455,0.94437,5
339.25,0.9484,0.94869,0.94861,5
339.35,0.9521,0.9526,0.95246,5
339.45,0.95569,0.95636,0.95607,5
339.55,0.95925,0.96006,0.95961,5
339.65,0.96334,0.96411,0.96365,5
339.75,0.96781,0.9684,0.96806,5
339.85,0.97187,0.97229,0.97205,5
339.95,0.97487,0.97526,0.975,5
340.05,0.97633,0.9769,0.97638,5
340.15,0.97688,0.97773,0.97691,5
340.25,0.97664,0.97777,0.97668,5
340.35,0.97566,0.97706,0.97588,5
340.45,0.97415,0.97577,0.97453,5
340.55,0.97222,0.97398,0.97277,5
340.65,0.97001,0.9717,0.97058,5
340.75,0.96765,0.96918,0.96821,5
340.85,0.96531,0.96663,0.96581,5
340.95,0.96325,0.96435,0.9637,5
341.05,0.96147,0.96237,0.96187,5
341.15,0.95996,0.96067,0.96029,5
341.25,0.95874,0.95934,0.95902,5
341.35,0.95785,0.95842,0.9581,5
341.45,0.95732,0.95792,0.95756,5
341.55,0.95722,0.95786,0.95745,5
341.65,0.95761,0.9583,0.95781,5
341.75,0.95843,0.95919,0.95864,5
341.85,0.95969,0.96056,0.95989,5
341.95,0.96182,0.96294,0.96208,5
342.05,0.96415,0.96552,0.96446,5
342.15,0.96635,0.96789,0.96669,5
342.25,0.96802,0.96943,0.96826,5
342.35,0.96902,0.9701,0.96906,5
342.45,0.96921,0.96992,0.96907,5
342.55,0.96822,0.96864,0.96798,5
342.65,0.9659,0.96615,0.96567,5
342.75,0.96268,0.96286,0.96252,5
342.85,0.9587,0.9589,0.95865,5
342.95,0.95406,0.95449,0.95418,5
343.05,0.94892,0.9496,0.94919,5
343.15,0.94341,0.94429,0.94381,5
343.25,0.93806,0.93879,0.9384,5
343.35,0.93251,0.93296,0.93273,5
343.45,0.92655,0.92673,0.92665,5
343.55,0.91968,0.9198,0.91982,5
343.65,0.91198,0.91227,0.9123,5
343.75,0.9041,0.90461,0.90461,5
343.85,0.89638,0.89703,0.89699,5
343.95,0.88924,0.88982,0.88971,5
344.05,0.88265,0.88312,0.88295,5
344.15,0.8768,0.87716,0.87691,5
344.25,0.87197,0.87231,0.87191,5
344.35,0.86821,0.86857,0.86803,5
344.45,0.86568,0.86602,0.86539,5
344.55,0.86482,0.86503,0.86448,5
344.65,0.86563,0.86557,0.8653,5
344.75,0.86751,0.86726,0.86722,5
344.85,0.87021,0.8699,0.86994,5
344.95,0.87329,0.87335,0.87303,5
345.05,0.87691,0.87744,0.87669,5
345.15,0.88103,0.88202,0.88085,5
345.25,0.88573,0.88696,0.88571,5
345.35,0.89071,0.89202,0.89085,5
345.45,0.89565,0.897,0.89594,5
345.55,0.90018,0.90152,0.90045,5
345.65,0.90405,0.90538,0.90413,5
345.75,0.90754,0.90882,0.90742,5
345.85,0.91066,0.91187,0.91039,5
345.95,0.91332,0.91438,0.91323,5
346.05,0.91566,0.91658,0.91583,5
346.15,0.91776,0.91853,0.91817,5
346.25,0.91986,0.9205,0.92038,5
346.35,0.92185,0.92239,0.92237,5
346.45,0.92352,0.924,0.92399,5
346.55,0.92471,0.92521,0.92513,5
346.65,0.92518,0.92586,0.9256,5
346.75,0.92522,0.92608,0.92563,5
346.85,0.92486,0.92591,0.92526,5
346.95,0.92434,0.92539,0.92469,5
347.05,0.92348,0.92448,0.92381,5
347.15,0.92221,0.92308,0.9225,5
347.25,0.92023,0.92098,0.92054,5
347.35,0.91741,0.91803,0.9178,5
347.45,0.91442,0.91492,0.91487,5
347.55,0.9115,0.91189,0.91199,5
347.65,0.90935,0.90973,0.90971,5
347.75,0.90763,0.90803,0.90781,5
347.85,0.90626,0.90669,0.90629,5
347.95,0.90526,0.90573,0.90527,5
348.05,0.90464,0.90512,0.90479,5
348.15,0.9043,0.90481,0.90463,5
348.25,0.90424,0.90476,0.90473,5
348.35,0.90423,0.90472,0.90471,5
348.45,0.90452,0.905,0.90495,5
348.55,0.90517,0.90569,0.90556,5
348.65,0.90631,0.90703,0.90673,5
348.75,0.90798,0.90905,0.9085,5
348.85,0.91015,0.91157,0.91077,5
348.95,0.91285,0.91452,0.91355,5
349.05,0.9162,0.91774,0.91683,5
349.15,0.92007,0.92138,0.92057,5
349.25,0.92442,0.92546,0.92477,5
349.35,0.92927,0.93008,0.92941,5
349.45,0.93457,0.93522,0.93448,5
349.55,0.94018,0.94073,0.93987,5
349.65,0.94601,0.94653,0.94555,5
349.75,0.95173,0.95247,0.95145,5
349.85,0.95759,0.95859,0.95756,5
349.95,0.96362,0.96485,0.96382,5
350.05,0.97019,0.97148,0.97049,5
350.15,0.97727,0.9784,0.97745,5
350.25,0.984,0.98491,0.98404,5
350.35,0.98999,0.99067,0.98988,5
350.45,0.99414,0.9947,0.99406,5
350.55,0.99702,0.99757,0.99704,5
350.65,0.9988,0.99926,0.99892,5
350.75,0.9993,0.99975,0.99942,5
350.85,0.99831,0.99896,0.99842,5
350.95,0.99662,0.99737,0.99664,5
351.05,0.99444,0.99539,0.99446,5
351.15,0.99246,0.99351,0.99258,5
351.25,0.99054,0.99163,0.99074,5
351.35,0.9886,0.98974,0.98895,5
351.45,0.98677,0.9879,0.98721,5
351.55,0.9852,0.9863,0.98564,5
351.65,0.98366,0.98468,0.98408,5
351.75,0.9821,0.98303,0.98248,5
351.85,0.98033,0.98105,0.98065,5
351.95,0.97841,0.97888,0.97864,5
352.05,0.97649,0.97675,0.97668,5
352.15,0.97466,0.97481,0.97485,5
352.25,0.97243,0.97284,0.97279,5
352.35,0.97069,0.97143,0.97123,5
352.45,0.96981,0.97088,0.97049,5
352.55,0.97049,0.9717,0.97115,5
352.65,0.97316,0.97423,0.97357,5
352.75,0.97711,0.97798,0.97724,5
352.85,0.98224,0.98293,0.98208,5
352.95,0.98872,0.98943,0.98848,5
353.05,0.99613,0.99698,0.99595,5
353.15,1.0042,1.0051,1.0039,5
353.25,1.0124,1.0133,1.0121,5
353.35,1.0203,1.0211,1.0199,5
353.45,1.028,1.0287,1.0277,5
353.55,1.0356,1.036,1.035,5
353.65,1.0425,1.0429,1.0418,5
353.75,1.0486,1.0491,1.0481,5
353.85,1.0544,1.0549,1.0539,5
353.95,1.0597,1.0605,1.0595,5
354.05,1.0652,1.0659,1.0649,5
354.15,1.0702,1.0711,1.0702,5
354.25,1.075,1.0757,1.0749,5
354.35,1.0793,1.0801,1.0793,5
354.45,1.0833,1.0842,1.0835,5
354.55,1.0864,1.0873,1.0867,5
354.65,1.0885,1.0894,1.0888,5
354.75,1.0888,1.0897,1.0893,5
354.85,1.0872,1.0879,1.0877,5
354.95,1.0842,1.0849,1.0846,5
355.05,1.0799,1.0803,1.0802,5
355.15,1.0739,1.0742,1.0742,5
355.25,1.0668,1.0668,1.067,5
355.35,1.0587,1.0587,1.059,5
355.45,1.0501,1.05,1.0504,5
355.55,1.0418,1.0417,1.0419,5
355.65,1.0331,1.0331,1.0332,5
355.75,1.0242,1.0242,1.0243,5
355.85,1.0151,1.0152,1.0153,5
355.95,1.0059,1.0062,1.0063,5
356.05,0.99642,0.99668,0.99684,5
356.15,0.98633,0.98658,0.98679,5
356.25,0.97517,0.97541,0.97565,5
356.35,0.96294,0.96314,0.96338,5
356.45,0.95007,0.95026,0.95047,5
356.55,0.93668,0.9369,0.93707,5
356.65,0.92242,0.92288,0.92296,5
356.75,0.90793,0.9087,0.90867,5
356.85,0.89377,0.89484,0.89471,5
356.95,0.88037,0.88166,0.88144,5
357.05,0.86906,0.87021,0.86998,5
357.15,0.85897,0.85987,0.85967,5
357.25,0.85006,0.85065,0.85048,5
357.35,0.84235,0.84263,0.84251,5
357.45,0.83595,0.83594,0.83589,5
357.55,0.83064,0.83041,0.8304,5
357.65,0.82637,0.82601,0.82599,5
357.75,0.82301,0.82271,0.82255,5
357.85,0.82045,0.82048,0.82002,5
357.95,0.81891,0.81929,0.8185,5
358.05,0.81839,0.81913,0.81803,5
358.15,0.81891,0.81976,0.81855,5
358.25,0.82053,0.82126,0.82013,5
358.35,0.8234,0.82397,0.82294,5
358.45,0.82758,0.82799,0.82707,5
358.55,0.83367,0.83407,0.83316,5
358.65,0.84122,0.84171,0.84072,5
358.75,0.84981,0.8504,0.84932,5
358.85,0.85923,0.85993,0.85873,5
358.95,0.86918,0.86998,0.86866,5
359.05,0.87953,0.8804,0.87898,5
359.15,0.89006,0.89098,0.88949,5
359.25,0.90061,0.90152,0.90002,5
359.35,0.91091,0.91173,0.91037,5
359.45,0.9208,0.9215,0.92032,5
359.55,0.93005,0.9306,0.92964,5
359.65,0.93837,0.93878,0.938,5
359.75,0.9452,0.94548,0.94481,5
359.85,0.95101,0.95118,0.9506,5
359.95,0.95578,0.95588,0.95537,5
360.05,0.95936,0.95951,0.95904,5
360.15,0.96163,0.96197,0.96151,5
360.25,0.96309,0.96365,0.96318,5
360.35,0.96392,0.96467,0.96421,5
360.45,0.96443,0.96521,0.96476,5
360.55,0.9648,0.96543,0.96503,5
360.65,0.96494,0.96537,0.96501,5
360.75,0.9649,0.96513,0.96481,5
360.85,0.96493,0.96508,0.96473,5
360.95,0.96503,0.96525,0.96482,5
361.05,0.96495,0.96526,0.96474,5
361.15,0.9646,0.965,0.96439,5
361.25,0.96352,0.96393,0.96332,5
361.35,0.96183,0.96219,0.96163,5
361.45,0.96008,0.96036,0.95986,5
361.55,0.95844,0.95866,0.95821,5
361.65,0.95723,0.95745,0.95698,5
361.75,0.95658,0.95684,0.95631,5
361.85,0.95655,0.95687,0.95623,5
361.95,0.95727,0.95764,0.9569,5
362.05,0.95935,0.95974,0.95884,5
362.15,0.96254,0.96292,0.96188,5
362.25,0.96645,0.9668,0.96562,5
362.35,0.97089,0.97123,0.96997,5
362.45,0.97587,0.97624,0.97508,5
362.55,0.9811,0.98153,0.98057,5
362.65,0.98629,0.98675,0.98601,5
362.75,0.99117,0.99163,0.99109,5
362.85,0.99484,0.99519,0.99476,5
362.95,0.99751,0.99777,0.99733,5
363.05,0.99999,1.0,0.99961,5
363.15,1.0023,1.0022,1.0018,5
363.25,1.0046,1.0046,1.0042,5
363.35,1.0071,1.0072,1.0068,5
363.45,1.01,1.0101,1.0099,5
363.55,1.0134,1.0135,1.0134,5
363.65,1.0178,1.0182,1.0179,5
363.75,1.0232,1.0235,1.0231,5
363.85,1.029,1.0295,1.0287,5
363.95,1.0351,1.0356,1.0347,5
364.05,1.0414,1.042,1.0408,5
364.15,1.0478,1.0482,1.0471,5
364.25,1.0541,1.0544,1.0533,5
364.35,1.0602,1.0606,1.0594,5
364.45,1.0656,1.0659,1.0648,5
364.55,1.0703,1.0709,1.0699,5
364.65,1.0751,1.0758,1.0749,5
364.75,1.0802,1.081,1.0802,5
364.85,1.0858,1.0866,1.0859,5
364.95,1.0922,1.093,1.0924,5
365.05,1.0993,1.0999,1.0994,5
365.15,1.1071,1.1076,1.107,5
365.25,1.1162,1.1167,1.1162,5
365.35,1.1268,1.1272,1.1267,5
365.45,1.1375,1.138,1.1373,5
365.55,1.1481,1.1485,1.1478,5
365.65,1.1576,1.158,1.1572,5
365.75,1.1655,1.1659,1.165,5
365.85,1.1725,1.173,1.172,5
365.95,1.1785,1.179,1.1781,5
366.05,1.1837,1.1842,1.1832,5
366.15,1.1878,1.1883,1.1875,5
366.25,1.191,1.1917,1.1909,5
366.35,1.1936,1.1943,1.1936,5
366.45,1.1955,1.1961,1.1955,5
366.55,1.1968,1.1973,1.1969,5
366.65,1.1977,1.1981,1.1977,5
366.75,1.1983,1.1984,1.1982,5
366.85,1.1986,1.1986,1.1985,5
366.95,1.1994,1.1991,1.1991,5
367.05,1.1998,1.1994,1.1995,5
367.15,1.2,1.1994,1.1996,5
367.25,1.1998,1.1991,1.1994,5
367.35,1.1987,1.198,1.1982,5
367.45,1.197,1.1965,1.1966,5
367.55,1.1951,1.1948,1.1948,5
367.65,1.1931,1.1931,1.193,5
367.75,1.1914,1.1915,1.1914,5
367.85,1.19,1.19,1.19,5
367.95,1.1887,1.1887,1.1887,5
368.05,1.1875,1.1875,1.1875,5
368.15,1.1864,1.1864,1.1865,5
368.25,1.1855,1.1854,1.1855,5
368.35,1.1846,1.1846,1.1846,5
368.45,1.1839,1.1839,1.1839,5
368.55,1.1832,1.1834,1.1832,5
368.65,1.1824,1.1827,1.1825,5
368.75,1.1819,1.1824,1.1819,5
368.85,1.1818,1.1824,1.1819,5
368.95,1.1824,1.183,1.1824,5
369.05,1.1845,1.1848,1.1842,5
369.15,1.1871,1.1872,1.1867,5
369.25,1.1899,1.1898,1.1895,5
369.35,1.1929,1.1927,1.1924,5
369.45,1.196,1.1957,1.1954,5
369.55,1.1989,1.1988,1.1982,5
369.65,1.2012,1.2014,1.2007,5
369.75,1.203,1.2034,1.2026,5
369.85,1.2033,1.2038,1.203,5
369.95,1.2024,1.2028,1.2021,5
370.05,1.2008,1.2012,1.2005,5
370.15,1.1988,1.199,1.1985,5
370.25,1.1964,1.1965,1.1961,5
370.35,1.1939,1.1941,1.1936,5
370.45,1.1912,1.1914,1.1911,5
370.55,1.1885,1.1886,1.1883,5
370.65,1.1857,1.1858,1.1855,5
370.75,1.1836,1.1837,1.1834,5
370.85,1.1813,1.1814,1.1812,5
370.95,1.1787,1.1788,1.1786,5
371.05,1.1758,1.1758,1.1756,5
371.15,1.172,1.172,1.1718,5
371.25,1.1674,1.1674,1.1673,5
371.35,1.1622,1.1622,1.162,5
371.45,1.1563,1.1563,1.1561,5
371.55,1.1493,1.1494,1.1492,5
371.65,1.1413,1.1414,1.1413,5
371.75,1.1328,1.133,1.1328,5
371.85,1.1238,1.1242,1.124,5
371.95,1.1148,1.1152,1.115,5
372.05,1.1059,1.1062,1.1061,5
372.15,1.0971,1.0973,1.0972,5
372.25,1.0883,1.0882,1.0883,5
372.35,1.0795,1.0793,1.0795,5
372.45,1.0707,1.0707,1.0708,5
372.55,1.0622,1.0623,1.0622,5
372.65,1.0538,1.054,1.0538,5
372.75,1.0456,1.0458,1.0456,5
372.85,1.0375,1.0378,1.0376,5
372.95,1.0297,1.03,1.0296,5
373.05,1.0221,1.0223,1.022,5
373.15,1.0148,1.0149,1.0146,5
373.25,1.0078,1.0079,1.0075,5
373.35,1.0009,1.0009,1.0008,5
373.45,0.99454,0.9946,0.99446,5
373.55,0.98866,0.98874,0.98871,5
373.65,0.98348,0.98358,0.9836,5
373.75,0.97929,0.97942,0.97942,5
373.85,0.97607,0.9762,0.97613,5
373.95,0.97365,0.97378,0.97362,5
374.05,0.97204,0.97215,0.97191,5
374.15,0.97128,0.97135,0.97103,5
374.25,0.9715,0.97142,0.97112,5
374.35,0.97242,0.97222,0.97193,5
374.45,0.974,0.97367,0.97338,5
374.55,0.97613,0.97573,0.97543,5
374.65,0.97829,0.97798,0.97761,5
374.75,0.98085,0.98071,0.98025,5
374.85,0.98409,0.98414,0.98356,5
374.95,0.98811,0.98835,0.98766,5
375.05,0.99325,0.99361,0.99278,5
375.15,0.99979,1.0001,0.99922,5
375.25,1.0071,1.0076,1.0066,5
375.35,1.0153,1.0157,1.0146,5
375.45,1.0243,1.0246,1.0234,5
375.55,1.0339,1.0342,1.033,5
375.65,1.044,1.0444,1.0431,5
375.75,1.0546,1.055,1.0537,5
375.85,1.0655,1.066,1.0646,5
375.95,1.0767,1.0771,1.0757,5
376.05,1.088,1.0883,1.0869,5
376.15,1.0993,1.0996,1.0981,5
376.25,1.1105,1.1107,1.1092,5
376.35,1.1214,1.1217,1.1201,5
376.45,1.1315,1.1318,1.1303,5
376.55,1.1412,1.1416,1.1402,5
376.65,1.1507,1.1512,1.1499,5
376.75,1.16,1.1606,1.1595,5
376.85,1.1695,1.1702,1.1692,5
376.95,1.1795,1.18,1.1791,5
377.05,1.1892,1.1896,1.1887,5
377.15,1.1986,1.1988,1.1979,5
377.25,1.2072,1.2073,1.2065,5
377.35,1.2145,1.2147,1.214,5
377.45,1.2209,1.221,1.2205,5
377.55,1.2264,1.2266,1.2262,5
377.65,1.2311,1.2313,1.231,5
377.75,1.2349,1.2352,1.235,5
377.85,1.2378,1.238,1.2378,5
377.95,1.24,1.2402,1.2399,5
378.05,1.2416,1.2417,1.2414,5
378.15,1.2425,1.2425,1.2422,5
378.25,1.2431,1.2431,1.2428,5
378.35,1.2432,1.2432,1.243,5
378.45,1.2429,1.2428,1.2426,5
378.55,1.242,1.2418,1.2417,5
378.65,1.2405,1.2403,1.2403,5
378.75,1.2383,1.2381,1.2381,5
378.85,1.2356,1.2356,1.2355,5
378.95,1.2324,1.2324,1.2323,5
379.05,1.2287,1.2287,1.2286,5
379.15,1.2245,1.2246,1.2245,5
379.25,1.22,1.22,1.2199,5
379.35,1.215,1.2151,1.215,5
379.45,1.2098,1.2098,1.2097,5
379.55,1.2042,1.2044,1.2042,5
379.65,1.1986,1.1987,1.1985,5
379.75,1.1927,1.193,1.1928,5
379.85,1.1866,1.187,1.1867,5
379.95,1.1803,1.1808,1.1806,5
380.05,1.1739,1.1744,1.1741,5
380.15,1.1675,1.168,1.1678,5
380.25,1.1609,1.1612,1.161,5
380.35,1.154,1.154,1.154,5
380.45,1.1464,1.1463,1.1465,5
380.55,1.1383,1.1381,1.1383,5
380.65,1.1293,1.1292,1.1294,5
380.75,1.1198,1.1195,1.1199,5
380.85,1.1096,1.1094,1.1098,5
380.95,1.0988,1.0987,1.0991,5
381.05,1.0872,1.0872,1.0876,5
381.15,1.075,1.0753,1.0753,5
381.25,1.0622,1.0627,1.0626,5
381.35,1.049,1.0497,1.0495,5
381.45,1.0356,1.0362,1.0359,5
381.55,1.0214,1.0219,1.0216,5
381.65,1.0071,1.0076,1.0073,5
381.75,0.99295,0.99321,0.99307,5
381.85,0.97902,0.9791,0.97905,5
381.95,0.96578,0.96574,0.96576,5
382.05,0.95353,0.95344,0.95351,5
382.15,0.94185,0.94173,0.94184,5
382.25,0.93075,0.93061,0.93075,5
382.35,0.92025,0.92011,0.92025,5
382.45,0.91037,0.91017,0.91028,5
382.55,0.9011,0.90084,0.90088,5
382.65,0.89249,0.89218,0.89214,5
382.75,0.88456,0.88422,0.88408,5
382.85,0.87734,0.87701,0.87674,5
382.95,0.87074,0.87057,0.87013,5
383.05,0.86489,0.86495,0.8643,5
383.15,0.85989,0.86016,0.85933,5
383.25,0.85578,0.85626,0.85524,5
383.35,0.85263,0.85329,0.8521,5
383.45,0.85051,0.85116,0.84992,5
383.55,0.84945,0.85006,0.84879,5
383.65,0.84953,0.85008,0.84879,5
383.75,0.8508,0.85127,0.84997,5
383.85,0.85358,0.85396,0.85266,5
383.95,0.85833,0.85868,0.85732,5
384.05,0.86412,0.86445,0.86303,5
384.15,0.87076,0.87106,0.86959,5
384.25,0.87802,0.87832,0.87679,5
384.35,0.88556,0.88587,0.8843,5
384.45,0.89315,0.89347,0.89191,5
384.55,0.9009,0.90123,0.89969,5
384.65,0.90871,0.90905,0.90754,5
384.75,0.91646,0.91681,0.91533,5
384.85,0.92393,0.92426,0.92281,5
384.95,0.93107,0.93134,0.92994,5
385.05,0.93792,0.93812,0.93677,5
385.15,0.94443,0.94456,0.94327,5
385.25,0.95054,0.95062,0.94935,5
385.35,0.95592,0.95597,0.95475,5
385.45,0.96074,0.96078,0.9596,5
385.55,0.96517,0.9652,0.96405,5
385.65,0.96924,0.96926,0.96814,5
385.75,0.97299,0.97301,0.9719,5
385.85,0.97656,0.97653,0.97544,5
385.95,0.97989,0.97981,0.97872,5
386.05,0.98294,0.98283,0.98174,5
386.15,0.98574,0.9856,0.98449,5
386.25,0.98828,0.98814,0.987,5
386.35,0.9905,0.99045,0.98921,5
386.45,0.99246,0.99252,0.99119,5
386.55,0.99424,0.9944,0.99297,5
386.65,0.99583,0.99619,0.99466,5
386.75,0.99731,0.99767,0.99615,5
386.85,0.99831,0.99876,0.99733,5
386.95,0.9993,0.99975,0.99842,5
387.05,1.0004,1.0008,0.99961,5
387.15,1.0015,1.0019,1.0008,5
387.25,1.0028,1.0032,1.0022,5
387.35,1.0045,1.005,1.0041,5
387.45,1.0066,1.007,1.0062,5
387.55,1.009,1.0093,1.0084,5
387.65,1.0116,1.0119,1.0111,5
387.75,1.0146,1.0148,1.014,5
387.85,1.0177,1.018,1.0171,5
387.95,1.0212,1.0216,1.0205,5
388.05,1.0252,1.0255,1.0244,5
388.15,1.0296,1.03,1.0286,5
388.25,1.0346,1.0349,1.0335,5
388.35,1.0403,1.0407,1.0393,5
388.45,1.0467,1.047,1.0455,5
388.55,1.0535,1.0539,1.0523,5
388.65,1.0608,1.0612,1.0597,5
388.75,1.0686,1.069,1.0674,5
388.85,1.077,1.0775,1.0758,5
388.95,1.0858,1.0865,1.0845,5
389.05,1.0947,1.0956,1.0936,5
389.15,1.1039,1.1049,1.1028,5
389.25,1.113,1.1141,1.112,5
389.35,1.1222,1.123,1.1211,5
389.45,1.1311,1.1317,1.1301,5
389.55,1.1398,1.1403,1.1389,5
389.65,1.1481,1.1484,1.1474,5
389.75,1.1561,1.1562,1.1554,5
389.85,1.1637,1.1637,1.163,5
389.95,1.1706,1.1707,1.1701,5
390.05,1.1768,1.1768,1.1762,5
390.15,1.1819,1.1821,1.1815,5
390.25,1.1861,1.1863,1.1856,5
390.35,1.1885,1.1886,1.1881,5
390.45,1.1895,1.1897,1.1893,5
390.55,1.1894,1.1897,1.1893,5
390.65,1.1883,1.1885,1.1882,5
390.75,1.186,1.1861,1.1859,5
390.85,1.1825,1.1827,1.1826,5
390.95,1.1781,1.1782,1.1782,5
391.05,1.1727,1.1728,1.1727,5
391.15,1.1663,1.1662,1.1664,5
391.25,1.159,1.1589,1.1591,5
391.35,1.1507,1.1506,1.1508,5
391.45,1.1416,1.1414,1.1418,5
391.55,1.1318,1.1316,1.132,5
391.65,1.1213,1.121,1.1215,5
391.75,1.1102,1.1099,1.1104,5
391.85,1.0983,1.098,1.0985,5
391.95,1.0859,1.0857,1.0861,5
392.05,1.0733,1.073,1.0734,5
392.15,1.0605,1.0602,1.0606,5
392.25,1.0478,1.0474,1.0478,5
392.35,1.0353,1.0348,1.0353,5
392.45,1.0232,1.0227,1.0232,5
392.55,1.0116,1.0111,1.0115,5
392.65,1.0005,1.0,1.0005,5
392.75,0.99018,0.98971,0.99009,5
392.85,0.98074,0.98029,0.98062,5
392.95,0.97256,0.97219,0.9724,5
393.05,0.96536,0.96507,0.96514,5
393.15,0.95917,0.95896,0.95887,5
393.25,0.95401,0.95389,0.95365,5
393.35,0.94995,0.94989,0.94949,5
393.45,0.94773,0.94765,0.9471,5
393.55,0.9465,0.9464,0.9457,5
393.65,0.94615,0.94601,0.94519,5
393.75,0.94654,0.94637,0.94546,5
393.85,0.94756,0.94736,0.94638,5
393.95,0.94879,0.94859,0.94766,5
394.05,0.95036,0.95019,0.94936,5
394.15,0.95235,0.95223,0.95151,5
394.25,0.95473,0.95466,0.95406,5
394.35,0.95746,0.95744,0.95695,5
394.45,0.96042,0.96047,0.96001,5
394.55,0.96363,0.96371,0.96321,5
394.65,0.96712,0.96725,0.9667,5
394.75,0.97093,0.97111,0.97049,5
394.85,0.97505,0.97528,0.97456,5
394.95,0.97955,0.97982,0.97901,5
395.05,0.98456,0.98487,0.98397,5
395.15,0.98981,0.99014,0.98915,5
395.25,0.99523,0.99559,0.99446,5
395.35,1.0007,1.001,0.99991,5
395.45,1.0062,1.0066,1.0055,5
395.55,1.0113,1.0117,1.0105,5
395.65,1.0163,1.0168,1.0156,5
395.75,1.0214,1.0218,1.0206,5
395.85,1.0264,1.0269,1.0257,5
395.95,1.0315,1.0321,1.0307,5
396.05,1.0366,1.0369,1.0357,5
396.15,1.0415,1.0419,1.0406,5
396.25,1.0467,1.047,1.0457,5
396.35,1.0521,1.0524,1.051,5
396.45,1.0579,1.058,1.0568,5
396.55,1.0639,1.0641,1.0627,5
396.65,1.07,1.0703,1.069,5
396.75,1.0769,1.0772,1.0759,5
396.85,1.0845,1.085,1.0836,5
396.95,1.093,1.0937,1.0922,5
397.05,1.1027,1.1035,1.1019,5
397.15,1.1147,1.1155,1.1138,5
397.25,1.128,1.1288,1.127,5
397.35,1.1423,1.1431,1.1411,5
397.45,1.1575,1.1584,1.1563,5
397.55,1.1736,1.1745,1.1722,5
397.65,1.1903,1.1913,1.1889,5
397.75,1.2075,1.2085,1.2061,5
397.85,1.2251,1.2264,1.2239,5
397.95,1.2432,1.2446,1.2421,5
398.05,1.2618,1.2632,1.2606,5
398.15,1.2806,1.282,1.2796,5
398.25,1.2994,1.3009,1.2985,5
398.35,1.3185,1.3198,1.3175,5
398.45,1.3377,1.3388,1.3367,5
398.55,1.3569,1.3579,1.356,5
398.65,1.3762,1.3771,1.3753,5
398.75,1.3954,1.3962,1.3945,5
398.85,1.4147,1.4153,1.4136,5
398.95,1.4338,1.4342,1.4326,5
399.05,1.4527,1.4531,1.4515,5
399.15,1.4714,1.4718,1.4701,5
399.25,1.4899,1.4902,1.4887,5
399.35,1.5082,1.5086,1.507,5
399.45,1.526,1.5266,1.525,5
399.55,1.5435,1.5441,1.5425,5
399.65,1.5603,1.561,1.5594,5
399.75,1.5764,1.5772,1.5757,5
399.85,1.5915,1.5924,1.5908,5
399.95,1.6058,1.6064,1.6051,5
400.05,1.6192,1.6197,1.6184,5
400.15,1.6316,1.632,1.6308,5
400.25,1.6431,1.6434,1.6423,5
400.35,1.6534,1.6536,1.6526,5
400.45,1.662,1.6621,1.6613,5
400.55,1.6696,1.6698,1.669,5
400.65,1.6766,1.6766,1.676,5
400.75,1.6827,1.6827,1.6823,5
400.85,1.6884,1.6883,1.688,5
400.95,1.6939,1.6938,1.6935,5
401.05,1.6992,1.6992,1.6989,5
401.15,1.704,1.7041,1.7037,5
401.25,1.7084,1.7085,1.7081,5
401.35,1.7122,1.7125,1.712,5
401.45,1.7157,1.7159,1.7155,5
401.55,1.7183,1.7186,1.7181,5
401.65,1.7204,1.7208,1.7204,5
401.75,1.7221,1.7225,1.7221,5
401.85,1.7235,1.724,1.7236,5
401.95,1.7246,1.725,1.7247,5
402.05,1.7256,1.7259,1.7257,5
402.15,1.7265,1.7268,1.7266,5
402.25,1.7272,1.7274,1.7272,5
402.35,1.7276,1.7278,1.7275,5
402.45,1.7277,1.7279,1.7276,5
402.55,1.7276,1.7278,1.7275,5
402.65,1.7272,1.7273,1.727,5
402.75,1.7265,1.7265,1.7263,5
402.85,1.7255,1.7255,1.7253,5
402.95,1.7243,1.7243,1.7242,5
403.05,1.7229,1.723,1.7228,5
403.15,1.7212,1.7213,1.7212,5
403.25,1.7193,1.7195,1.7193,5
403.35,1.7172,1.7174,1.7173,5
403.45,1.7149,1.7153,1.715,5
403.55,1.7125,1.7131,1.7127,5
403.65,1.7101,1.7107,1.7104,5
403.75,1.7077,1.7084,1.708,5
403.85,1.7054,1.706,1.7058,5
403.95,1.7031,1.7036,1.7034,5
404.05,1.7006,1.7012,1.701,5
404.15,1.6982,1.6986,1.6985,5
404.25,1.6955,1.6958,1.6959,5
404.35,1.6923,1.6926,1.6927,5
404.45,1.689,1.6894,1.6894,5
404.55,1.6858,1.6861,1.6861,5
404.65,1.6824,1.6828,1.6827,5
404.75,1.6791,1.6796,1.6795,5
404.85,1.6761,1.6765,1.6765,5
404.95,1.6735,1.6738,1.6738,5
405.05,1.671,1.6713,1.6713,5
405.15,1.6687,1.6691,1.669,5
405.25,1.6667,1.667,1.6668,5
405.35,1.6649,1.665,1.665,5
405.45,1.6631,1.6633,1.6632,5
405.55,1.6615,1.6617,1.6616,5
405.65,1.6601,1.6603,1.6603,5
405.75,1.659,1.6594,1.6592,5
405.85,1.6582,1.6586,1.6584,5
405.95,1.6576,1.6581,1.6578,5
406.05,1.6577,1.6582,1.6579,5
406.15,1.6583,1.6588,1.6585,5
406.25,1.6591,1.6595,1.6593,5
406.35,1.6601,1.6604,1.6603,5
406.45,1.6612,1.6615,1.6613,5
406.55,1.6623,1.6626,1.6624,5
406.65,1.663,1.6633,1.6631,5
406.75,1.6637,1.6639,1.6638,5
406.85,1.6643,1.6645,1.6644,5
406.95,1.6649,1.6651,1.6651,5
407.05,1.6656,1.6657,1.6657,5
407.15,1.6662,1.6663,1.6663,5
407.25,1.6667,1.6668,1.6667,5
407.35,1.6672,1.6674,1.6672,5
407.45,1.6679,1.668,1.6678,5
407.55,1.6686,1.6687,1.6685,5
407.65,1.6695,1.6695,1.6693,5
407.75,1.6706,1.6705,1.6704,5
407.85,1.672,1.6719,1.6718,5
407.95,1.6736,1.6734,1.6734,5
408.05,1.6753,1.6752,1.6751,5
408.15,1.6771,1.677,1.677,5
408.25,1.6789,1.679,1.6788,5
408.35,1.6809,1.681,1.6809,5
408.45,1.6831,1.6831,1.683,5
408.55,1.6853,1.6854,1.6852,5
408.65,1.6875,1.6877,1.6874,5
408.75,1.6896,1.6899,1.6895,5
408.85,1.6917,1.692,1.6916,5
408.95,1.6937,1.6941,1.6936,5
409.05,1.6956,1.6959,1.6954,5
409.15,1.6974,1.6977,1.6971,5
409.25,1.699,1.6993,1.6988,5
409.35,1.7004,1.7008,1.7002,5
409.45,1.7018,1.7022,1.7016,5
409.55,1.7029,1.7032,1.7027,5
409.65,1.7037,1.704,1.7035,5
409.75,1.7044,1.7047,1.7042,5
409.85,1.705,1.7054,1.705,5
409.95,1.7058,1.7062,1.7058,5
410.05,1.7066,1.707,1.7066,5
410.15,1.7076,1.7081,1.7077,5
410.25,1.709,1.7094,1.7091,5
410.35,1.7104,1.7109,1.7106,5
410.45,1.7122,1.7126,1.7123,5
410.55,1.7142,1.7145,1.7143,5
410.65,1.7165,1.7167,1.7165,5
410.75,1.7194,1.7196,1.7194,5
410.85,1.7228,1.723,1.7227,5
410.95,1.7265,1.7265,1.7262,5
411.05,1.7302,1.7302,1.7299,5
411.15,1.7339,1.7339,1.7335,5
411.25,1.7375,1.7374,1.7371,5
411.35,1.7408,1.7406,1.7403,5
411.45,1.7434,1.7434,1.7431,5
411.55,1.746,1.7459,1.7456,5
411.65,1.7483,1.7483,1.748,5
411.75,1.7505,1.7506,1.7502,5
411.85,1.7525,1.7526,1.7523,5
411.95,1.7542,1.7544,1.7541,5
412.05,1.7557,1.756,1.7555,5
412.15,1.7571,1.7573,1.757,5
412.25,1.7584,1.7586,1.7583,5
412.35,1.7597,1.7599,1.7596,5
412.45,1.7609,1.7611,1.7608,5
412.55,1.7621,1.7624,1.762,5
412.65,1.7634,1.7637,1.7634,5
412.75,1.7646,1.7651,1.7648,5
412.85,1.766,1.7665,1.7661,5
412.95,1.7674,1.7679,1.7676,5
413.05,1.7689,1.7694,1.7691,5
413.15,1.7706,1.7712,1.7708,5
413.25,1.7728,1.7733,1.7729,5
413.35,1.7749,1.7754,1.7749,5
413.45,1.7769,1.7775,1.7768,5
413.55,1.7789,1.7793,1.7787,5
413.65,1.7806,1.7811,1.7804,5
413.75,1.7821,1.7825,1.7819,5
413.85,1.7829,1.7833,1.7827,5
413.95,1.7834,1.7837,1.7832,5
414.05,1.7836,1.7839,1.7835,5
414.15,1.7836,1.7839,1.7836,5
414.25,1.7833,1.7837,1.7834,5
414.35,1.7829,1.7832,1.783,5
414.45,1.7821,1.7824,1.7823,5
414.55,1.7812,1.7815,1.7814,5
414.65,1.7802,1.7805,1.7804,5
414.75,1.7791,1.7793,1.7793,5
414.85,1.7779,1.7782,1.7781,5
414.95,1.7767,1.777,1.7769,5
415.05,1.7756,1.7759,1.7759,5
415.15,1.7747,1.7749,1.7749,5
415.25,1.7737,1.7738,1.7739,5
415.35,1.7728,1.7729,1.7729,5
415.45,1.7718,1.7719,1.7719,5
415.55,1.771,1.771,1.7711,5
415.65,1.7703,1.7703,1.7704,5
415.75,1.7697,1.7698,1.7698,5
415.85,1.7691,1.7693,1.7692,5
415.95,1.7686,1.7687,1.7687,5
416.05,1.7679,1.7682,1.768,5
416.15,1.7673,1.7676,1.7674,5
416.25,1.7665,1.7669,1.7666,5
416.35,1.7655,1.7659,1.7657,5
416.45,1.7644,1.7648,1.7646,5
416.55,1.7633,1.7636,1.7634,5
416.65,1.762,1.7622,1.762,5
416.75,1.7605,1.7607,1.7605,5
416.85,1.7588,1.759,1.7589,5
416.95,1.7566,1.7568,1.7566,5
417.05,1.7543,1.7546,1.7545,5
417.15,1.752,1.7522,1.7521,5
417.25,1.7497,1.7499,1.7498,5
417.35,1.7474,1.7476,1.7476,5
417.45,1.7453,1.7456,1.7455,5
417.55,1.7437,1.7441,1.744,5
417.65,1.7426,1.743,1.7429,5
417.75,1.7416,1.742,1.7418,5
417.85,1.7407,1.7412,1.741,5
417.95,1.74,1.7405,1.7403,5
418.05,1.7395,1.74,1.7397,5
418.15,1.7391,1.7396,1.7393,5
418.25,1.7388,1.7393,1.739,5
418.35,1.7387,1.7391,1.7388,5
418.45,1.7386,1.7389,1.7387,5
418.55,1.7386,1.7388,1.7387,5
418.65,1.7386,1.7388,1.7387,5
418.75,1.7386,1.7387,1.7387,5
418.85,1.7385,1.7386,1.7386,5
418.95,1.7384,1.7386,1.7385,5
419.05,1.7383,1.7384,1.7384,5
419.15,1.7381,1.7383,1.7382,5
419.25,1.7379,1.7382,1.7381,5
419.35,1.7377,1.738,1.7378,5
419.45,1.7373,1.7376,1.7374,5
419.55,1.7368,1.7371,1.7369,5
419.65,1.7363,1.7365,1.7364,5
419.75,1.7358,1.736,1.7358,5
419.85,1.7353,1.7355,1.7354,5
419.95,1.7349,1.7351,1.7349,5
420.05,1.7347,1.735,1.7347,5
420.15,1.7347,1.735,1.7347,5
420.25,1.7348,1.7351,1.7349,5
420.35,1.735,1.7352,1.7351,5
420.45,1.7353,1.7355,1.7354,5
420.55,1.7356,1.7358,1.7358,5
420.65,1.7361,1.7363,1.7363,5
420.75,1.7368,1.737,1.7371,5
420.85,1.7376,1.7379,1.7379,5
420.95,1.7384,1.7387,1.7387,5
421.05,1.7392,1.7395,1.7395,5
421.15,1.7398,1.7401,1.7401,5
421.25,1.7403,1.7406,1.7406,5
421.35,1.7404,1.7407,1.7407,5
421.45,1.7399,1.7402,1.7402,5
421.55,1.7392,1.7395,1.7395,5
421.65,1.7383,1.7385,1.7386,5
421.75,1.7372,1.7374,1.7376,5
421.85,1.736,1.7362,1.7363,5
421.95,1.7347,1.7349,1.735,5
422.05,1.7332,1.7334,1.7335,5
422.15,1.7317,1.7319,1.7321,5
422.25,1.7301,1.7303,1.7305,5
422.35,1.7285,1.7287,1.7289,5
422.45,1.7269,1.727,1.7273,5
422.55,1.7253,1.7254,1.7257,5
422.65,1.7238,1.724,1.7241,5
422.75,1.7225,1.7228,1.7229,5
422.85,1.7213,1.7216,1.7217,5
422.95,1.7202,1.7204,1.7206,5
423.05,1.7191,1.7194,1.7195,5
423.15,1.7181,1.7183,1.7184,5
423.25,1.7171,1.7173,1.7174,5
423.35,1.7162,1.7164,1.7166,5
423.45,1.7154,1.7156,1.7158,5
423.55,1.7145,1.7148,1.7151,5
423.65,1.7137,1.714,1.7144,5
423.75,1.7128,1.7132,1.7135,5
423.85,1.7119,1.7122,1.7127,5
423.95,1.7108,1.7112,1.7117,5
424.05,1.7095,1.7098,1.7103,5
424.15,1.708,1.7082,1.7087,5
424.25,1.7064,1.7066,1.7069,5
424.35,1.7047,1.7049,1.7052,5
424.45,1.7029,1.7032,1.7033,5
424.55,1.7011,1.7015,1.7014,5
424.65,1.6993,1.6997,1.6997,5
424.75,1.6977,1.698,1.698,5
424.85,1.696,1.6963,1.6963,5
424.95,1.6942,1.6946,1.6946,5
425.05,1.6925,1.6928,1.6928,5
425.15,1.6907,1.6912,1.6911,5
425.25,1.6889,1.6894,1.6894,5
425.35,1.6873,1.6877,1.6878,5
425.45,1.6857,1.6861,1.6862,5
425.55,1.684,1.6844,1.6846,5
425.65,1.6823,1.6827,1.6829,5
425.75,1.6805,1.681,1.6811,5
425.85,1.6785,1.679,1.6792,5
425.95,1.6766,1.677,1.6772,5
426.05,1.6745,1.6749,1.6751,5
426.15,1.6723,1.6726,1.6729,5
426.25,1.6698,1.6702,1.6704,5
426.35,1.667,1.6674,1.6677,5
426.45,1.6641,1.6644,1.6647,5
426.55,1.6607,1.6609,1.6613,5
426.65,1.6569,1.6572,1.6574,5
426.75,1.6522,1.6524,1.6527,5
426.85,1.6471,1.6473,1.6476,5
426.95,1.6417,1.6418,1.6422,5
427.05,1.6359,1.6362,1.6364,5
427.15,1.6301,1.6302,1.6305,5
427.25,1.6239,1.6241,1.6243,5
427.35,1.6176,1.6177,1.618,5
427.45,1.6112,1.6112,1.6115,5
427.55,1.6046,1.6047,1.6049,5
427.65,1.5981,1.5982,1.5984,5
427.75,1.5916,1.5917,1.5919,5
427.85,1.5853,1.5853,1.5855,5
427.95,1.5792,1.5792,1.5793,5
428.05,1.5735,1.5736,1.5737,5
428.15,1.5686,1.5687,1.5687,5
428.25,1.5638,1.5639,1.564,5
428.35,1.5591,1.5594,1.5594,5
428.45,1.5547,1.5549,1.555,5
428.55,1.5503,1.5507,1.5506,5
428.65,1.5461,1.5464,1.5464,5
428.75,1.5415,1.5419,1.5419,5
428.85,1.5368,1.5373,1.5372,5
428.95,1.5323,1.5327,1.5327,5
429.05,1.5279,1.5284,1.5283,5
429.15,1.5237,1.5241,1.5241,5
429.25,1.5198,1.5202,1.5202,5
429.35,1.5161,1.5166,1.5165,5
429.45,1.5131,1.5135,1.5134,5
429.55,1.5106,1.511,1.5108,5
429.65,1.5083,1.5087,1.5085,5
429.75,1.5064,1.5069,1.5065,5
429.85,1.5048,1.5052,1.5048,5
429.95,1.5036,1.5039,1.5034,5
430.05,1.5025,1.5029,1.5024,5
430.15,1.5014,1.5018,1.5014,5
430.25,1.5005,1.5009,1.5005,5
430.35,1.4999,1.5004,1.5001,5
430.45,1.4998,1.5003,1.5001,5
430.55,1.5003,1.5008,1.5006,5
430.65,1.5013,1.5018,1.5016,5
430.75,1.5029,1.5034,1.5032,5
430.85,1.5059,1.5066,1.5063,5
430.95,1.5099,1.5104,1.5101,5
431.05,1.5144,1.5149,1.5145,5
431.15,1.5193,1.5197,1.5194,5
431.25,1.5247,1.5251,1.5246,5
431.35,1.5304,1.5307,1.5302,5
431.45,1.5364,1.5367,1.5361,5
431.55,1.5422,1.5425,1.5419,5
431.65,1.5481,1.5485,1.5477,5
431.75,1.5543,1.5546,1.5538,5
431.85,1.5605,1.5609,1.56,5
431.95,1.5669,1.5672,1.5663,5
432.05,1.5733,1.5736,1.5727,5
432.15,1.5798,1.5802,1.5792,5
432.25,1.5863,1.5866,1.5857,5
432.35,1.5926,1.5931,1.5921,5
432.45,1.5991,1.5995,1.5986,5
432.55,1.6056,1.606,1.6051,5
432.65,1.6122,1.6126,1.6117,5
432.75,1.6187,1.6191,1.6182,5
432.85,1.6252,1.6258,1.6248,5
432.95,1.6318,1.6324,1.6315,5
433.05,1.6384,1.6389,1.6382,5
433.15,1.645,1.6456,1.6448,5
433.25,1.6516,1.6522,1.6515,5
433.35,1.6581,1.6588,1.658,5
433.45,1.6647,1.6652,1.6646,5
433.55,1.671,1.6715,1.671,5
433.65,1.6774,1.6779,1.6774,5
433.75,1.6836,1.684,1.6835,5
433.85,1.6896,1.6901,1.6895,5
433.95,1.6956,1.6959,1.6955,5
434.05,1.7013,1.7017,1.7012,5
434.15,1.707,1.7072,1.7069,5
434.25,1.7123,1.7126,1.7122,5
434.35,1.7175,1.7177,1.7173,5
434.45,1.7223,1.7226,1.7221,5
434.55,1.7269,1.7271,1.7268,5
434.65,1.7313,1.7315,1.7312,5
434.75,1.7353,1.7356,1.7352,5
434.85,1.7391,1.7394,1.7391,5
434.95,1.7427,1.743,1.7427,5
435.05,1.7458,1.7462,1.7459,5
435.15,1.7485,1.7489,1.7486,5
435.25,1.7509,1.7513,1.7511,5
435.35,1.7531,1.7535,1.7533,5
435.45,1.755,1.7555,1.7552,5
435.55,1.7568,1.7572,1.7571,5
435.65,1.7584,1.7589,1.7588,5
435.75,1.7599,1.7604,1.7603,5
435.85,1.7616,1.7621,1.762,5
435.95,1.7632,1.7636,1.7636,5
436.05,1.7646,1.765,1.765,5
436.15,1.7659,1.7663,1.7662,5
436.25,1.7671,1.7675,1.7673,5
436.35,1.7681,1.7684,1.7683,5
436.45,1.7689,1.7692,1.7691,5
436.55,1.7694,1.7696,1.7695,5
436.65,1.7696,1.7699,1.7698,5
436.75,1.7697,1.77,1.7699,5
436.85,1.7696,1.77,1.7699,5
436.95,1.7695,1.7699,1.7698,5
437.05,1.7693,1.7697,1.7696,5
437.15,1.769,1.7694,1.7693,5
437.25,1.7687,1.7692,1.769,5
437.35,1.7684,1.7689,1.7687,5
437.45,1.7681,1.7685,1.7684,5
437.55,1.7678,1.7683,1.7681,5
437.65,1.7676,1.768,1.7679,5
437.75,1.7675,1.7679,1.7677,5
437.85,1.7674,1.7678,1.7676,5
437.95,1.7675,1.7679,1.7677,5
438.05,1.7678,1.7682,1.768,5
438.15,1.7683,1.7686,1.7685,5
438.25,1.7689,1.7692,1.7691,5
438.35,1.7697,1.7699,1.7698,5
438.45,1.7706,1.7707,1.7707,5
438.55,1.7716,1.7717,1.7717,5
438.65,1.7727,1.7729,1.7728,5
438.75,1.774,1.7742,1.7741,5
438.85,1.7754,1.7756,1.7756,5
438.95,1.7769,1.7773,1.777,5
439.05,1.7786,1.7789,1.7787,5
439.15,1.7804,1.7807,1.7805,5
439.25,1.7823,1.7827,1.7824,5
439.35,1.7843,1.7848,1.7844,5
439.45,1.7864,1.787,1.7866,5
439.55,1.7886,1.7892,1.7886,5
439.65,1.7909,1.7915,1.7909,5
439.75,1.7934,1.794,1.7933,5
439.85,1.7959,1.7966,1.7958,5
439.95,1.7985,1.7992,1.7984,5
440.05,1.8013,1.8019,1.801,5
440.15,1.8042,1.8048,1.8039,5
440.25,1.8071,1.8078,1.8068,5
440.35,1.8101,1.8108,1.8098,5
440.45,1.8133,1.8139,1.813,5
440.55,1.8166,1.8172,1.8163,5
440.65,1.8199,1.8206,1.8198,5
440.75,1.8234,1.8241,1.8233,5
440.85,1.8271,1.8277,1.8269,5
440.95,1.8309,1.8316,1.8309,5
441.05,1.8351,1.8357,1.8349,5
441.15,1.8394,1.8399,1.8392,5
441.25,1.8436,1.8441,1.8434,5
441.35,1.8479,1.8484,1.8477,5
441.45,1.8521,1.8527,1.852,5
441.55,1.8564,1.8569,1.8562,5
441.65,1.8606,1.861,1.8604,5
441.75,1.8643,1.8648,1.8642,5
441.85,1.8679,1.8683,1.8678,5
441.95,1.8714,1.8718,1.8713,5
442.05,1.8747,1.8752,1.8747,5
442.15,1.878,1.8784,1.878,5
442.25,1.8812,1.8815,1.8812,5
442.35,1.8841,1.8845,1.8842,5
442.45,1.887,1.8873,1.8871,5
442.55,1.8897,1.89,1.8898,5
442.65,1.8923,1.8927,1.8924,5
442.75,1.8947,1.8952,1.895,5
442.85,1.8971,1.8975,1.8974,5
442.95,1.8993,1.8998,1.8996,5
443.05,1.9015,1.902,1.9018,5
443.15,1.9036,1.9041,1.9039,5
443.25,1.9055,1.9061,1.9059,5
443.35,1.9074,1.908,1.9078,5
443.45,1.9092,1.9097,1.9095,5
443.55,1.911,1.9114,1.9112,5
443.65,1.9127,1.9131,1.9129,5
443.75,1.9144,1.9147,1.9146,5
443.85,1.916,1.9163,1.9161,5
443.95,1.9174,1.9178,1.9177,5
444.05,1.9191,1.9193,1.9193,5
444.15,1.9206,1.9209,1.9208,5
444.25,1.9222,1.9225,1.9224,5
444.35,1.9237,1.924,1.9239,5
444.45,1.9251,1.9254,1.9254,5
444.55,1.9265,1.9268,1.9268,5
444.65,1.9277,1.9281,1.9281,5
444.75,1.9289,1.9293,1.9293,5
444.85,1.9299,1.9302,1.9302,5
444.95,1.9308,1.9312,1.9311,5
445.05,1.9317,1.9321,1.9319,5
445.15,1.9325,1.933,1.9328,5
445.25,1.9334,1.9339,1.9336,5
445.35,1.9343,1.9348,1.9345,5
445.45,1.9352,1.9357,1.9354,5
445.55,1.9362,1.9367,1.9364,5
445.65,1.9372,1.9378,1.9374,5
445.75,1.9382,1.9389,1.9385,5
445.85,1.9394,1.9401,1.9396,5
445.95,1.9407,1.9413,1.941,5
446.05,1.9421,1.9427,1.9423,5
446.15,1.9438,1.9444,1.9439,5
446.25,1.9456,1.9461,1.9457,5
446.35,1.9478,1.9484,1.9479,5
446.45,1.9503,1.9509,1.9504,5
446.55,1.9529,1.9534,1.9529,5
446.65,1.9558,1.9562,1.9557,5
446.75,1.9587,1.9591,1.9586,5
446.85,1.9617,1.9622,1.9617,5
446.95,1.9648,1.9652,1.9647,5
447.05,1.968,1.9684,1.9679,5
447.15,1.9711,1.9716,1.9711,5
447.25,1.9743,1.9747,1.9744,5
447.35,1.9776,1.978,1.9775,5
447.45,1.9808,1.9812,1.9809,5
447.55,1.984,1.9844,1.9841,5
447.65,1.9872,1.9876,1.9873,5
447.75,1.9904,1.9908,1.9906,5
447.85,1.9934,1.994,1.9937,5
447.95,1.9964,1.9969,1.9967,5
448.05,1.9994,1.9998,1.9995,5
448.15,2.0022,2.0026,2.0023,5
448.25,2.0049,2.0054,2.0051,5
448.35,2.0076,2.008,2.0077,5
448.45,2.0102,2.0106,2.0102,5
448.55,2.0127,2.0131,2.0127,5
448.65,2.0149,2.0154,2.0151,5
448.75,2.0171,2.0174,2.0172,5
448.85,2.0191,2.0194,2.0191,5
448.95,2.021,2.0213,2.0211,5
449.05,2.0229,2.0232,2.023,5
449.15,2.0248,2.025,2.0249,5
449.25,2.0264,2.0268,2.0267,5
449.35,2.0282,2.0284,2.0285,5
449.45,2.03,2.0302,2.0302,5
449.55,2.032,2.0322,2.0322,5
449.65,2.034,2.0342,2.0341,5
449.75,2.0358,2.0361,2.036,5
449.85,2.0376,2.0379,2.0379,5
449.95,2.0394,2.0397,2.0396,5
450.05,2.041,2.0414,2.0411,5
450.15,2.0425,2.0429,2.0426,5
450.25,2.0438,2.0442,2.0439,5
450.35,2.0449,2.0452,2.0449,5
450.45,2.0457,2.0461,2.0458,5
450.55,2.0464,2.0468,2.0465,5
450.65,2.0469,2.0473,2.0471,5
450.75,2.0473,2.0476,2.0474,5
450.85,2.0475,2.0478,2.0476,5
450.95,2.0475,2.0478,2.0477,5
451.05,2.0473,2.0476,2.0475,5
451.15,2.0467,2.047,2.0469,5
451.25,2.0461,2.0463,2.0462,5
451.35,2.0453,2.0454,2.0454,5
451.45,2.0443,2.0445,2.0445,5
451.55,2.0432,2.0434,2.0434,5
451.65,2.0421,2.0422,2.0422,5
451.75,2.0408,2.041,2.041,5
451.85,2.0395,2.0397,2.0398,5
451.95,2.0382,2.0384,2.0385,5
452.05,2.0369,2.0371,2.0372,5
452.15,2.0356,2.0358,2.0359,5
452.25,2.0342,2.0345,2.0346,5
452.35,2.0329,2.0332,2.0332,5
452.45,2.0316,2.0319,2.032,5
452.55,2.0303,2.0307,2.0307,5
452.65,2.0291,2.0295,2.0296,5
452.75,2.0282,2.0286,2.0287,5
452.85,2.0273,2.0277,2.0278,5
452.95,2.0266,2.027,2.027,5
453.05,2.0259,2.0263,2.0263,5
453.15,2.0252,2.0257,2.0257,5
453.25,2.0248,2.0252,2.0251,5
453.35,2.0243,2.0247,2.0246,5
453.45,2.0239,2.0243,2.0242,5
453.55,2.0237,2.024,2.0239,5
453.65,2.0235,2.0238,2.0238,5
453.75,2.0234,2.0237,2.0236,5
453.85,2.0233,2.0236,2.0236,5
453.95,2.0233,2.0236,2.0236,5
454.05,2.0234,2.0236,2.0236,5
454.15,2.0234,2.0236,2.0236,5
454.25,2.0235,2.0237,2.0237,5
454.35,2.0235,2.0237,2.0237,5
454.45,2.0234,2.0236,2.0236,5
454.55,2.0233,2.0235,2.0236,5
454.65,2.0233,2.0235,2.0236,5
454.75,2.0233,2.0235,2.0236,5
454.85,2.0233,2.0236,2.0237,5
454.95,2.0234,2.0237,2.0238,5
455.05,2.0235,2.0238,2.0239,5
455.15,2.0237,2.024,2.0241,5
455.25,2.0239,2.0243,2.0244,5
455.35,2.0243,2.0246,2.0247,5
455.45,2.0247,2.025,2.025,5
455.55,2.0251,2.0255,2.0255,5
455.65,2.0256,2.026,2.026,5
455.75,2.0262,2.0266,2.0265,5
455.85,2.0268,2.0271,2.0271,5
455.95,2.0276,2.0278,2.0277,5
456.05,2.0284,2.0286,2.0286,5
456.15,2.0293,2.0295,2.0294,5
456.25,2.0302,2.0305,2.0303,5
456.35,2.0312,2.0314,2.0312,5
456.45,2.0322,2.0324,2.0322,5
456.55,2.0333,2.0334,2.0332,5
456.65,2.0343,2.0345,2.0343,5
456.75,2.0354,2.0355,2.0353,5
456.85,2.0363,2.0366,2.0363,5
456.95,2.0373,2.0376,2.0373,5
457.05,2.0383,2.0385,2.0383,5
457.15,2.0392,2.0395,2.0393,5
457.25,2.0402,2.0405,2.0403,5
457.35,2.0411,2.0414,2.0412,5
457.45,2.042,2.0423,2.0421,5
457.55,2.0429,2.0432,2.043,5
457.65,2.0437,2.0441,2.0438,5
457.75,2.0444,2.0448,2.0445,5
457.85,2.0451,2.0455,2.0452,5
457.95,2.0457,2.0461,2.0458,5
458.05,2.0463,2.0467,2.0464,5
458.15,2.0468,2.0473,2.047,5
458.25,2.0474,2.0479,2.0476,5
458.35,2.048,2.0484,2.0481,5
458.45,2.0485,2.0488,2.0487,5
458.55,2.0491,2.0494,2.0492,5
458.65,2.0496,2.0499,2.0498,5
458.75,2.0501,2.0504,2.0503,5
458.85,2.0507,2.0509,2.0508,5
458.95,2.0512,2.0515,2.0514,5
459.05,2.0517,2.052,2.0518,5
459.15,2.0522,2.0525,2.0523,5
459.25,2.0528,2.053,2.0529,5
459.35,2.0533,2.0536,2.0535,5
459.45,2.054,2.0542,2.0541,5
459.55,2.0546,2.0548,2.0547,5
459.65,2.0552,2.0554,2.0553,5
459.75,2.0558,2.056,2.056,5
459.85,2.0564,2.0566,2.0566,5
459.95,2.057,2.0572,2.0571,5
460.05,2.0575,2.0577,2.0577,5
460.15,2.058,2.0583,2.0582,5
460.25,2.0584,2.0587,2.0586,5
460.35,2.0587,2.059,2.059,5
460.45,2.059,2.0593,2.0593,5
460.55,2.0593,2.0595,2.0596,5
460.65,2.0595,2.0598,2.0598,5
460.75,2.0597,2.0601,2.0601,5
460.85,2.06,2.0603,2.0603,5
460.95,2.0602,2.0605,2.0605,5
461.05,2.0604,2.0607,2.0607,5
461.15,2.0607,2.0611,2.0611,5
461.25,2.061,2.0614,2.0614,5
461.35,2.0613,2.0617,2.0617,5
461.45,2.0616,2.0619,2.0619,5
461.55,2.0618,2.0622,2.0622,5
461.65,2.062,2.0623,2.0623,5
461.75,2.0621,2.0624,2.0624,5
461.85,2.0621,2.0625,2.0625,5
461.95,2.062,2.0624,2.0624,5
462.05,2.0618,2.0621,2.0621,5
462.15,2.0614,2.0618,2.0617,5
462.25,2.061,2.0614,2.0613,5
462.35,2.0605,2.0609,2.0608,5
462.45,2.06,2.0603,2.0603,5
462.55,2.0594,2.0598,2.0596,5
462.65,2.0588,2.0592,2.059,5
462.75,2.0581,2.0585,2.0583,5
462.85,2.0574,2.0578,2.0576,5
462.95,2.0567,2.0571,2.0568,5
463.05,2.0559,2.0563,2.0561,5
463.15,2.0551,2.0555,2.0553,5
463.25,2.0542,2.0546,2.0544,5
463.35,2.0533,2.0538,2.0535,5
463.45,2.0524,2.0528,2.0526,5
463.55,2.0514,2.0519,2.0517,5
463.65,2.0504,2.0509,2.0507,5
463.75,2.0493,2.0498,2.0497,5
463.85,2.0483,2.0487,2.0486,5
463.95,2.0471,2.0477,2.0475,5
464.05,2.0461,2.0465,2.0463,5
464.15,2.0449,2.0454,2.0452,5
464.25,2.0438,2.0442,2.044,5
464.35,2.0426,2.043,2.0428,5
464.45,2.0414,2.0418,2.0416,5
464.55,2.0402,2.0405,2.0404,5
464.65,2.039,2.0393,2.0393,5
464.75,2.0378,2.0381,2.0381,5
464.85,2.0367,2.037,2.0369,5
464.95,2.0356,2.0358,2.0357,5
465.05,2.0343,2.0346,2.0344,5
465.15,2.0331,2.0333,2.0332,5
465.25,2.0319,2.0321,2.0319,5
465.35,2.0306,2.0308,2.0307,5
465.45,2.0293,2.0294,2.0294,5
465.55,2.0278,2.028,2.028,5
465.65,2.0264,2.0267,2.0265,5
465.75,2.025,2.0252,2.0251,5
465.85,2.0236,2.0238,2.0237,5
465.95,2.0222,2.0224,2.0222,5
466.05,2.0207,2.0209,2.0208,5
466.15,2.0193,2.0195,2.0194,5
466.25,2.0179,2.0182,2.0181,5
466.35,2.0166,2.0169,2.0168,5
466.45,2.0153,2.0157,2.0155,5
466.55,2.0141,2.0145,2.0143,5
466.65,2.013,2.0133,2.0131,5
466.75,2.0119,2.0122,2.012,5
466.85,2.0108,2.0112,2.0109,5
466.95,2.0098,2.0102,2.01,5
467.05,2.0089,2.0093,2.0091,5
467.15,2.0081,2.0085,2.0082,5
467.25,2.0074,2.0078,2.0077,5
467.35,2.0069,2.0073,2.0072,5
467.45,2.0065,2.0069,2.0068,5
467.55,2.0062,2.0066,2.0065,5
467.65,2.006,2.0063,2.0063,5
467.75,2.0058,2.0061,2.0061,5
467.85,2.0056,2.006,2.0059,5
467.95,2.0055,2.0058,2.0058,5
468.05,2.0055,2.0058,2.0057,5
468.15,2.0054,2.0057,2.0056,5
468.25,2.0052,2.0056,2.0055,5
468.35,2.0051,2.0055,2.0054,5
468.45,2.0051,2.0054,2.0053,5
468.55,2.005,2.0054,2.0053,5
468.65,2.005,2.0054,2.0053,5
468.75,2.0051,2.0055,2.0053,5
468.85,2.0051,2.0056,2.0053,5
468.95,2.0052,2.0057,2.0054,5
469.05,2.0054,2.0059,2.0056,5
469.15,2.0056,2.006,2.0058,5
469.25,2.0058,2.0063,2.006,5
469.35,2.0061,2.0065,2.0063,5
469.45,2.0064,2.0068,2.0066,5
469.55,2.0068,2.0072,2.007,5
469.65,2.0072,2.0076,2.0074,5
469.75,2.0076,2.008,2.0077,5
469.85,2.0081,2.0085,2.0082,5
469.95,2.0087,2.009,2.0087,5
470.05,2.0092,2.0096,2.0093,5
470.15,2.0099,2.0102,2.0099,5
470.25,2.0105,2.0109,2.0106,5
470.35,2.0112,2.0116,2.0113,5
470.45,2.012,2.0123,2.012,5
470.55,2.0128,2.0131,2.0128,5
470.65,2.0136,2.014,2.0136,5
470.75,2.0144,2.0149,2.0145,5
470.85,2.0153,2.0158,2.0154,5
470.95,2.0163,2.0167,2.0165,5
471.05,2.0174,2.0178,2.0175,5
471.15,2.0185,2.0189,2.0186,5
471.25,2.0196,2.02,2.0196,5
471.35,2.0208,2.0212,2.0208,5
471.45,2.0219,2.0223,2.0219,5
471.55,2.0231,2.0235,2.0231,5
471.65,2.0242,2.0246,2.0242,5
471.75,2.0253,2.0258,2.0254,5
471.85,2.0263,2.0268,2.0264,5
471.95,2.0273,2.0277,2.0274,5
472.05,2.0284,2.0287,2.0284,5
472.15,2.0293,2.0297,2.0294,5
472.25,2.0303,2.0307,2.0303,5
472.35,2.0313,2.0317,2.0313,5
472.45,2.0323,2.0326,2.0323,5
472.55,2.0332,2.0336,2.0332,5
472.65,2.0342,2.0346,2.0342,5
472.75,2.0351,2.0355,2.0351,5
472.85,2.0359,2.0364,2.036,5
472.95,2.0369,2.0373,2.037,5
473.05,2.0378,2.0381,2.0379,5
473.15,2.0387,2.0391,2.0388,5
473.25,2.0396,2.04,2.0398,5
473.35,2.0405,2.0409,2.0407,5
473.45,2.0414,2.0418,2.0416,5
473.55,2.0424,2.0427,2.0425,5
473.65,2.0433,2.0437,2.0434,5
473.75,2.0443,2.0447,2.0444,5
473.85,2.0452,2.0456,2.0454,5
473.95,2.0462,2.0466,2.0464,5
474.05,2.0471,2.0476,2.0474,5
474.15,2.0481,2.0486,2.0483,5
474.25,2.0491,2.0495,2.0493,5
474.35,2.0501,2.0504,2.0503,5
474.45,2.0511,2.0514,2.0513,5
474.55,2.0521,2.0524,2.0522,5
474.65,2.0531,2.0534,2.0531,5
474.75,2.054,2.0543,2.0541,5
474.85,2.055,2.0553,2.0551,5
474.95,2.056,2.0562,2.0561,5
475.05,2.0569,2.0572,2.057,5
475.15,2.0577,2.0581,2.058,5
475.25,2.0587,2.059,2.0589,5
475.35,2.0595,2.0598,2.0598,5
475.45,2.0604,2.0606,2.0607,5
475.55,2.0612,2.0614,2.0615,5
475.65,2.062,2.0622,2.0622,5
475.75,2.0627,2.0629,2.0629,5
475.85,2.0635,2.0636,2.0636,5
475.95,2.0642,2.0643,2.0643,5
476.05,2.0649,2.065,2.065,5
476.15,2.0656,2.0657,2.0656,5
476.25,2.0662,2.0664,2.0663,5
476.35,2.0669,2.0671,2.067,5
476.45,2.0676,2.0677,2.0676,5
476.55,2.0683,2.0685,2.0684,5
476.65,2.069,2.0692,2.0691,5
476.75,2.0697,2.07,2.0698,5
476.85,2.0705,2.0706,2.0706,5
476.95,2.0712,2.0714,2.0713,5
477.05,2.0719,2.0721,2.0721,5
477.15,2.0727,2.0729,2.0728,5
477.25,2.0734,2.0736,2.0736,5
477.35,2.0741,2.0743,2.0742,5
477.45,2.0748,2.0751,2.0749,5
477.55,2.0755,2.0758,2.0756,5
477.65,2.0762,2.0765,2.0763,5
477.75,2.0769,2.0772,2.077,5
477.85,2.0776,2.0779,2.0777,5
477.95,2.0782,2.0786,2.0784,5
478.05,2.0788,2.0792,2.079,5
478.15,2.0793,2.0798,2.0796,5
478.25,2.0798,2.0803,2.0801,5
478.35,2.0803,2.0808,2.0806,5
478.45,2.0807,2.0812,2.081,5
478.55,2.0811,2.0815,2.0814,5
478.65,2.0814,2.0818,2.0817,5
478.75,2.0817,2.0821,2.082,5
478.85,2.0819,2.0823,2.0822,5
478.95,2.082,2.0824,2.0824,5
479.05,2.0822,2.0826,2.0825,5
479.15,2.0823,2.0826,2.0826,5
479.25,2.0823,2.0826,2.0826,5
479.35,2.0823,2.0826,2.0826,5
479.45,2.0824,2.0827,2.0827,5
479.55,2.0825,2.0828,2.0827,5
479.65,2.0825,2.0828,2.0827,5
479.75,2.0824,2.0827,2.0826,5
479.85,2.0822,2.0825,2.0824,5
479.95,2.082,2.0822,2.0822,5
480.05,2.0816,2.0818,2.0818,5
480.15,2.0811,2.0813,2.0812,5
480.25,2.0804,2.0808,2.0806,5
480.35,2.0796,2.0799,2.0797,5
480.45,2.0785,2.0787,2.0785,5
480.55,2.0772,2.0774,2.0772,5
480.65,2.0757,2.0759,2.0757,5
480.75,2.0741,2.0742,2.0741,5
480.85,2.0723,2.0725,2.0725,5
480.95,2.0704,2.0706,2.0706,5
481.05,2.0684,2.0687,2.0686,5
481.15,2.0664,2.0666,2.0665,5
481.25,2.0642,2.0643,2.0643,5
481.35,2.0619,2.062,2.0621,5
481.45,2.0595,2.0596,2.0597,5
481.55,2.0571,2.0572,2.0573,5
481.65,2.0545,2.0546,2.0547,5
481.75,2.0518,2.052,2.052,5
481.85,2.049,2.0492,2.0494,5
481.95,2.0463,2.0465,2.0466,5
482.05,2.0434,2.0436,2.0437,5
482.15,2.0404,2.0407,2.0407,5
482.25,2.0374,2.0377,2.0378,5
482.35,2.0344,2.0346,2.0347,5
482.45,2.0313,2.0315,2.0316,5
482.55,2.0281,2.0283,2.0285,5
482.65,2.025,2.0252,2.0252,5
482.75,2.0217,2.0219,2.022,5
482.85,2.0184,2.0186,2.0187,5
482.95,2.0151,2.0153,2.0154,5
483.05,2.0118,2.012,2.012,5
483.15,2.0084,2.0085,2.0086,5
483.25,2.005,2.0052,2.0053,5
483.35,2.0016,2.0018,2.0019,5
483.45,1.9982,1.9983,1.9984,5
483.55,1.9947,1.9949,1.995,5
483.65,1.9913,1.9915,1.9916,5
483.75,1.9878,1.988,1.9881,5
483.85,1.9844,1.9846,1.9848,5
483.95,1.981,1.9812,1.9813,5
484.05,1.9776,1.9778,1.9779,5
484.15,1.9741,1.9744,1.9746,5
484.25,1.9707,1.9711,1.9712,5
484.35,1.9675,1.9678,1.9679,5
484.45,1.9642,1.9644,1.9646,5
484.55,1.9609,1.9613,1.9614,5
484.65,1.9578,1.9581,1.9582,5
484.75,1.9547,1.9549,1.9551,5
484.85,1.9516,1.9518,1.9521,5
484.95,1.9487,1.9489,1.9491,5
485.05,1.9457,1.9459,1.9461,5
485.15,1.9428,1.943,1.9432,5
485.25,1.9401,1.9403,1.9406,5
485.35,1.9375,1.9376,1.9378,5
485.45,1.9349,1.9351,1.9352,5
485.55,1.9324,1.9326,1.9327,5
485.65,1.93,1.9302,1.9304,5
485.75,1.9277,1.9281,1.9281,5
485.85,1.9256,1.9259,1.926,5
485.95,1.9236,1.9239,1.9239,5
486.05,1.9216,1.922,1.922,5
486.15,1.9198,1.9203,1.9201,5
486.25,1.9182,1.9187,1.9186,5
486.35,1.9167,1.9173,1.9171,5
486.45,1.9156,1.916,1.9158,5
486.55,1.9145,1.9149,1.9147,5
486.65,1.9135,1.9139,1.9137,5
486.75,1.9126,1.913,1.9128,5
486.85,1.912,1.9123,1.9121,5
486.95,1.9114,1.9118,1.9115,5
487.05,1.911,1.9113,1.911,5
487.15,1.9107,1.911,1.9107,5
487.25,1.9105,1.9108,1.9105,5
487.35,1.9105,1.9108,1.9105,5
487.45,1.9107,1.911,1.9106,5
487.55,1.911,1.9113,1.9109,5
487.65,1.9114,1.9117,1.9113,5
487.75,1.9119,1.9122,1.9119,5
487.85,1.9125,1.9128,1.9125,5
487.95,1.9132,1.9135,1.9132,5
488.05,1.914,1.9143,1.914,5
488.15,1.9149,1.9152,1.9149,5
488.25,1.9159,1.9161,1.9158,5
488.35,1.9168,1.9171,1.9168,5
488.45,1.9178,1.9181,1.9178,5
488.55,1.9188,1.9191,1.9189,5
488.65,1.92,1.9202,1.9199,5
488.75,1.9211,1.9214,1.9211,5
488.85,1.9224,1.9226,1.9223,5
488.95,1.9236,1.9239,1.9235,5
489.05,1.9249,1.9252,1.9248,5
489.15,1.9262,1.9265,1.9261,5
489.25,1.9275,1.9279,1.9275,5
489.35,1.9289,1.9293,1.9289,5
489.45,1.9303,1.9307,1.9303,5
489.55,1.9318,1.9321,1.9317,5
489.65,1.9333,1.9336,1.9332,5
489.75,1.9348,1.9351,1.9347,5
489.85,1.9363,1.9366,1.9362,5
489.95,1.9378,1.9381,1.9377,5
490.05,1.9392,1.9396,1.9393,5
490.15,1.9407,1.9411,1.9408,5
490.25,1.9423,1.9426,1.9422,5
490.35,1.9438,1.9441,1.9438,5
490.45,1.9453,1.9456,1.9453,5
490.55,1.9468,1.9471,1.9468,5
490.65,1.9482,1.9485,1.9482,5
490.75,1.9495,1.95,1.9497,5
490.85,1.951,1.9513,1.9511,5
490.95,1.9524,1.9527,1.9525,5
491.05,1.9538,1.9541,1.9538,5
491.15,1.9552,1.9555,1.9552,5
491.25,1.9566,1.9568,1.9566,5
491.35,1.9579,1.9582,1.9579,5
491.45,1.9593,1.9595,1.9593,5
491.55,1.9605,1.9609,1.9607,5
491.65,1.9619,1.9622,1.962,5
491.75,1.9632,1.9634,1.9634,5
491.85,1.9645,1.9647,1.9646,5
491.95,1.9658,1.966,1.9658,5
492.05,1.9671,1.9672,1.9671,5
492.15,1.9683,1.9684,1.9683,5
492.25,1.9694,1.9695,1.9694,5
492.35,1.9705,1.9706,1.9705,5
492.45,1.9715,1.9717,1.9716,5
492.55,1.9724,1.9726,1.9725,5
492.65,1.9732,1.9733,1.9733,5
492.75,1.974,1.9741,1.9741,5
492.85,1.9747,1.9748,1.9747,5
492.95,1.9753,1.9754,1.9753,5
493.05,1.9759,1.976,1.9759,5
493.15,1.9765,1.9766,1.9765,5
493.25,1.977,1.9771,1.977,5
493.35,1.9774,1.9776,1.9774,5
493.45,1.9779,1.978,1.9779,5
493.55,1.9783,1.9784,1.9783,5
493.65,1.9787,1.9789,1.9787,5
493.75,1.9791,1.9793,1.9792,5
493.85,1.9795,1.9797,1.9796,5
493.95,1.9799,1.9801,1.9799,5
494.05,1.9802,1.9804,1.9803,5
494.15,1.9804,1.9807,1.9806,5
494.25,1.9807,1.9809,1.9808,5
494.35,1.9808,1.9811,1.981,5
494.45,1.981,1.9812,1.9811,5
494.55,1.981,1.9813,1.9812,5
494.65,1.9811,1.9813,1.9813,5
494.75,1.981,1.9812,1.9812,5
494.85,1.9808,1.9811,1.981,5
494.95,1.9806,1.9809,1.9809,5
495.05,1.9804,1.9806,1.9806,5
495.15,1.9801,1.9803,1.9803,5
495.25,1.9797,1.98,1.98,5
495.35,1.9793,1.9796,1.9796,5
495.45,1.9789,1.9791,1.9791,5
495.55,1.9784,1.9786,1.9786,5
495.65,1.9779,1.9781,1.9781,5
495.75,1.9773,1.9775,1.9775,5
495.85,1.9766,1.9768,1.9768,5
495.95,1.9759,1.9761,1.9761,5
496.05,1.9751,1.9753,1.9753,5
496.15,1.9743,1.9745,1.9747,5
496.25,1.9735,1.9737,1.9739,5
496.35,1.9727,1.9729,1.973,5
496.45,1.9718,1.9721,1.9722,5
496.55,1.971,1.9712,1.9713,5
496.65,1.9702,1.9703,1.9704,5
496.75,1.9693,1.9694,1.9695,5
496.85,1.9685,1.9686,1.9687,5
496.95,1.9677,1.9679,1.9679,5
497.05,1.9669,1.9671,1.9672,5
497.15,1.9662,1.9663,1.9664,5
497.25,1.9654,1.9655,1.9656,5
497.35,1.9646,1.9647,1.9647,5
497.45,1.9637,1.9639,1.9639,5
497.55,1.9629,1.963,1.9631,5
497.65,1.962,1.9622,1.9623,5
497.75,1.9611,1.9614,1.9613,5
497.85,1.9602,1.9604,1.9604,5
497.95,1.9592,1.9594,1.9593,5
498.05,1.9581,1.9582,1.9582,5
498.15,1.957,1.9571,1.9571,5
498.25,1.9558,1.9559,1.9559,5
498.35,1.9546,1.9547,1.9548,5
498.45,1.9535,1.9535,1.9536,5
498.55,1.9523,1.9523,1.9525,5
498.65,1.9511,1.9512,1.9513,5
498.75,1.9499,1.95,1.9502,5
498.85,1.9489,1.9488,1.949,5
498.95,1.9477,1.9477,1.9479,5
499.05,1.9466,1.9466,1.9468,5
499.15,1.9456,1.9456,1.9458,5
499.25,1.9446,1.9447,1.9447,5
499.35,1.9436,1.9437,1.9437,5
499.45,1.9426,1.9428,1.9428,5
499.55,1.9417,1.9418,1.9418,5
499.65,1.9408,1.9409,1.941,5
499.75,1.9399,1.9402,1.9401,5
499.85,1.939,1.9393,1.9392,5
499.95,1.9382,1.9385,1.9384,5
500.05,1.9374,1.9377,1.9375,5
500.15,1.9366,1.9369,1.9367,5
500.25,1.9358,1.9361,1.9359,5
500.35,1.9351,1.9353,1.9352,5
500.45,1.9343,1.9346,1.9345,5
500.55,1.9336,1.9339,1.9338,5
500.65,1.933,1.9332,1.9331,5
500.75,1.9324,1.9326,1.9325,5
500.85,1.9318,1.932,1.9319,5
500.95,1.9312,1.9314,1.9314,5
501.05,1.9307,1.9309,1.9309,5
501.15,1.9302,1.9304,1.9305,5
501.25,1.9298,1.93,1.9301,5
501.35,1.9295,1.9297,1.9298,5
501.45,1.9292,1.9295,1.9295,5
501.55,1.9289,1.9292,1.9292,5
501.65,1.9287,1.929,1.929,5
501.75,1.9286,1.9289,1.9289,5
501.85,1.9284,1.9288,1.9287,5
501.95,1.9283,1.9287,1.9287,5
502.05,1.9283,1.9286,1.9286,5
502.15,1.9283,1.9286,1.9286,5
502.25,1.9283,1.9286,1.9286,5
502.35,1.9284,1.9287,1.9287,5
502.45,1.9285,1.9288,1.9288,5
502.55,1.9287,1.929,1.929,5
502.65,1.9289,1.9292,1.9292,5
502.75,1.9291,1.9294,1.9294,5
502.85,1.9293,1.9296,1.9296,5
502.95,1.9296,1.9298,1.9299,5
503.05,1.9299,1.9301,1.9302,5
503.15,1.9303,1.9304,1.9306,5
503.25,1.9306,1.9308,1.9308,5
503.35,1.931,1.9311,1.9312,5
503.45,1.9314,1.9315,1.9316,5
503.55,1.9318,1.9319,1.932,5
503.65,1.9322,1.9324,1.9324,5
503.75,1.9327,1.9328,1.9329,5
503.85,1.9331,1.9333,1.9333,5
503.95,1.9336,1.9338,1.9338,5
504.05,1.934,1.9343,1.9343,5
504.15,1.9345,1.9348,1.9347,5
504.25,1.935,1.9353,1.9353,5
504.35,1.9355,1.9359,1.9358,5
504.45,1.9361,1.9364,1.9363,5
504.55,1.9366,1.937,1.9368,5
504.65,1.9372,1.9376,1.9374,5
504.75,1.9377,1.9381,1.938,5
504.85,1.9382,1.9387,1.9386,5
504.95,1.9388,1.9393,1.9392,5
505.05,1.9394,1.9399,1.9398,5
505.15,1.9399,1.9405,1.9403,5
505.25,1.9405,1.941,1.9409,5
505.35,1.9411,1.9415,1.9415,5
505.45,1.9416,1.9421,1.9419,5
505.55,1.9422,1.9426,1.9425,5
505.65,1.9427,1.9431,1.943,5
505.75,1.9432,1.9436,1.9435,5
505.85,1.9437,1.9441,1.944,5
505.95,1.9441,1.9445,1.9444,5
506.05,1.9446,1.945,1.9448,5
506.15,1.945,1.9454,1.9452,5
506.25,1.9454,1.9457,1.9456,5
506.35,1.9457,1.9461,1.9459,5
506.45,1.9461,1.9464,1.9462,5
506.55,1.9464,1.9466,1.9465,5
506.65,1.9466,1.9469,1.9468,5
506.75,1.9468,1.9471,1.947,5
506.85,1.947,1.9472,1.9471,5
506.95,1.9471,1.9473,1.9472,5
507.05,1.9471,1.9473,1.9472,5
507.15,1.9471,1.9473,1.9472,5
507.25,1.947,1.9473,1.9472,5
507.35,1.9469,1.9472,1.9471,5
507.45,1.9468,1.9471,1.947,5
507.55,1.9467,1.947,1.9469,5
507.65,1.9465,1.9468,1.9467,5
507.75,1.9463,1.9466,1.9465,5
507.85,1.946,1.9463,1.9463,5
507.95,1.9457,1.946,1.946,5
508.05,1.9454,1.9458,1.9457,5
508.15,1.9451,1.9454,1.9454,5
508.25,1.9448,1.9451,1.9451,5
508.35,1.9444,1.9447,1.9447,5
508.45,1.944,1.9443,1.9443,5
508.55,1.9436,1.9439,1.9439,5
508.65,1.9431,1.9434,1.9434,5
508.75,1.9426,1.9429,1.943,5
508.85,1.9421,1.9424,1.9425,5
508.95,1.9416,1.9419,1.9419,5
509.05,1.941,1.9413,1.9415,5
509.15,1.9405,1.9407,1.9409,5
509.25,1.94,1.9403,1.9404,5
509.35,1.9394,1.9398,1.9398,5
509.45,1.9388,1.9392,1.9392,5
509.55,1.9382,1.9386,1.9386,5
509.65,1.9377,1.9379,1.9379,5
509.75,1.9369,1.9372,1.9372,5
509.85,1.9362,1.9364,1.9364,5
509.95,1.9353,1.9356,1.9356,5
510.05,1.9344,1.9347,1.9347,5
510.15,1.9335,1.9337,1.9337,5
510.25,1.9324,1.9326,1.9326,5
510.35,1.9312,1.9314,1.9314,5
510.45,1.9298,1.93,1.9302,5
510.55,1.9284,1.9287,1.9287,5
510.65,1.927,1.9272,1.9272,5
510.75,1.9254,1.9256,1.9257,5
510.85,1.9238,1.9239,1.924,5
510.95,1.922,1.9222,1.9223,5
511.05,1.9203,1.9204,1.9206,5
511.15,1.9184,1.9187,1.9189,5
511.25,1.9165,1.9168,1.917,5
511.35,1.9147,1.9148,1.9151,5
511.45,1.9127,1.9129,1.9131,5
511.55,1.9107,1.9108,1.911,5
511.65,1.9086,1.9087,1.9089,5
511.75,1.9064,1.9067,1.9069,5
511.85,1.9044,1.9045,1.9047,5
511.95,1.9022,1.9024,1.9026,5
512.05,1.9,1.9001,1.9003,5
512.15,1.8977,1.8979,1.8981,5
512.25,1.8955,1.8958,1.8959,5
512.35,1.8933,1.8935,1.8936,5
512.45,1.891,1.8912,1.8913,5
512.55,1.8887,1.8889,1.889,5
512.65,1.8864,1.8866,1.8868,5
512.75,1.8842,1.8845,1.8846,5
512.85,1.8821,1.8823,1.8824,5
512.95,1.8799,1.8801,1.8802,5
513.05,1.8777,1.8779,1.878,5
513.15,1.8755,1.8757,1.8758,5
513.25,1.8733,1.8736,1.8737,5
513.35,1.8712,1.8714,1.8715,5
513.45,1.869,1.8693,1.8693,5
513.55,1.8669,1.8671,1.8672,5
513.65,1.8647,1.865,1.865,5
513.75,1.8626,1.863,1.863,5
513.85,1.8606,1.8609,1.8609,5
513.95,1.8586,1.8588,1.8589,5
514.05,1.8566,1.8568,1.8569,5
514.15,1.8546,1.8549,1.8549,5
514.25,1.8526,1.853,1.853,5
514.35,1.8508,1.8511,1.8511,5
514.45,1.8489,1.8492,1.8492,5
514.55,1.847,1.8473,1.8473,5
514.65,1.8451,1.8454,1.8454,5
514.75,1.8432,1.8435,1.8435,5
514.85,1.8414,1.8418,1.8418,5
514.95,1.8397,1.84,1.8399,5
515.05,1.8378,1.8382,1.8381,5
515.15,1.836,1.8363,1.8363,5
515.25,1.8342,1.8345,1.8345,5
515.35,1.8324,1.8327,1.8327,5
515.45,1.8306,1.8311,1.831,5
515.55,1.829,1.8293,1.8293,5
515.65,1.8273,1.8276,1.8276,5
515.75,1.8256,1.826,1.8259,5
515.85,1.824,1.8244,1.8243,5
515.95,1.8224,1.8228,1.8227,5
516.05,1.8209,1.8213,1.8211,5
516.15,1.8194,1.8198,1.8197,5
516.25,1.818,1.8184,1.8183,5
516.35,1.8166,1.817,1.8168,5
516.45,1.8152,1.8156,1.8155,5
516.55,1.8139,1.8143,1.8141,5
516.65,1.8126,1.813,1.8129,5
516.75,1.8114,1.8118,1.8117,5
516.85,1.8103,1.8108,1.8106,5
516.95,1.8093,1.8098,1.8097,5
517.05,1.8084,1.8088,1.8088,5
517.15,1.8076,1.808,1.8079,5
517.25,1.8069,1.8072,1.8072,5
517.35,1.8062,1.8066,1.8065,5
517.45,1.8057,1.806,1.806,5
517.55,1.8054,1.8058,1.8057,5
517.65,1.8053,1.8057,1.8056,5
517.75,1.8053,1.8057,1.8056,5
517.85,1.8055,1.8058,1.8057,5
517.95,1.8057,1.806,1.8059,5
518.05,1.806,1.8063,1.8062,5
518.15,1.8064,1.8067,1.8065,5
518.25,1.8068,1.8072,1.807,5
518.35,1.8074,1.8077,1.8075,5
518.45,1.8079,1.8083,1.8081,5
518.55,1.8086,1.809,1.8088,5
518.65,1.8093,1.8098,1.8095,5
518.75,1.8101,1.8106,1.8102,5
518.85,1.811,1.8114,1.8111,5
518.95,1.8119,1.8123,1.812,5
519.05,1.8129,1.8132,1.8129,5
519.15,1.8139,1.8142,1.8139,5
519.25,1.8149,1.8153,1.815,5
519.35,1.816,1.8163,1.816,5
519.45,1.8171,1.8174,1.8171,5
519.55,1.8182,1.8185,1.8182,5
519.65,1.8192,1.8196,1.8193,5
519.75,1.8203,1.8207,1.8204,5
519.85,1.8214,1.8217,1.8215,5
519.95,1.8225,1.8228,1.8225,5
520.05,1.8234,1.8237,1.8235,5
520.15,1.8243,1.8247,1.8244,5
520.25,1.8252,1.8256,1.8253,5
520.35,1.8262,1.8265,1.8262,5
520.45,1.8271,1.8274,1.8272,5
520.55,1.828,1.8283,1.8281,5
520.65,1.8289,1.8293,1.829,5
520.75,1.8297,1.8302,1.8299,5
520.85,1.8306,1.8311,1.8308,5
520.95,1.8315,1.832,1.8317,5
521.05,1.8325,1.8329,1.8326,5
521.15,1.8334,1.8338,1.8335,5
521.25,1.8344,1.8348,1.8345,5
521.35,1.8353,1.8357,1.8355,5
521.45,1.8363,1.8367,1.8365,5
521.55,1.8373,1.8377,1.8374,5
521.65,1.8383,1.8387,1.8384,5
521.75,1.8393,1.8397,1.8394,5
521.85,1.8404,1.8408,1.8405,5
521.95,1.8413,1.8418,1.8415,5
522.05,1.8423,1.8428,1.8425,5
522.15,1.8434,1.8438,1.8435,5
522.25,1.8445,1.8449,1.8446,5
522.35,1.8456,1.8459,1.8456,5
522.45,1.8467,1.8471,1.8468,5
522.55,1.8479,1.8482,1.8479,5
522.65,1.849,1.8494,1.8491,5
522.75,1.8502,1.8506,1.8503,5
522.85,1.8513,1.8518,1.8515,5
522.95,1.8525,1.853,1.8527,5
523.05,1.8537,1.8541,1.8538,5
523.15,1.8549,1.8553,1.855,5
523.25,1.8562,1.8565,1.8562,5
523.35,1.8574,1.8577,1.8574,5
523.45,1.8585,1.8588,1.8586,5
523.55,1.8597,1.86,1.8598,5
523.65,1.8609,1.8612,1.861,5
523.75,1.8621,1.8624,1.8622,5
523.85,1.8632,1.8636,1.8633,5
523.95,1.8643,1.8647,1.8645,5
524.05,1.8655,1.8658,1.8655,5
524.15,1.8666,1.8669,1.8666,5
524.25,1.8677,1.868,1.8677,5
524.35,1.8687,1.869,1.8688,5
524.45,1.8697,1.87,1.8698,5
524.55,1.8707,1.871,1.8708,5
524.65,1.8716,1.872,1.8717,5
524.75,1.8725,1.8729,1.8726,5
524.85,1.8733,1.8737,1.8735,5
524.95,1.8741,1.8745,1.8743,5
525.05,1.8746,1.8751,1.8748,5
525.15,1.8751,1.8756,1.8753,5
525.25,1.8756,1.8759,1.8757,5
525.35,1.876,1.8764,1.8761,5
525.45,1.8764,1.8768,1.8765,5
525.55,1.8768,1.8771,1.8769,5
525.65,1.8771,1.8774,1.8772,5
525.75,1.8774,1.8777,1.8775,5
525.85,1.8777,1.878,1.8778,5
525.95,1.8779,1.8783,1.8781,5
526.05,1.8782,1.8786,1.8783,5
526.15,1.8784,1.8788,1.8786,5
526.25,1.8787,1.8791,1.8789,5
526.35,1.879,1.8793,1.8792,5
526.45,1.8793,1.8796,1.8794,5
526.55,1.8796,1.8799,1.8797,5
526.65,1.8799,1.8802,1.88,5
526.75,1.8802,1.8805,1.8804,5
526.85,1.8805,1.8809,1.8807,5
526.95,1.8808,1.8812,1.881,5
527.05,1.8812,1.8816,1.8814,5
527.15,1.8816,1.882,1.8818,5
527.25,1.882,1.8824,1.8822,5
527.35,1.8824,1.8828,1.8826,5
527.45,1.8829,1.8833,1.8831,5
527.55,1.8834,1.8838,1.8837,5
527.65,1.884,1.8845,1.8843,5
527.75,1.8847,1.8852,1.8851,5
527.85,1.8855,1.886,1.8858,5
527.95,1.8862,1.8866,1.8865,5
528.05,1.887,1.8874,1.8872,5
528.15,1.8878,1.8882,1.888,5
528.25,1.8886,1.889,1.8888,5
528.35,1.8894,1.8898,1.8896,5
528.45,1.8903,1.8907,1.8904,5
528.55,1.8911,1.8915,1.8913,5
528.65,1.8919,1.8923,1.8921,5
528.75,1.8927,1.8931,1.8929,5
528.85,1.8935,1.8939,1.8937,5
528.95,1.8942,1.8946,1.8944,5
529.05,1.8949,1.8953,1.8951,5
529.15,1.8956,1.896,1.8958,5
529.25,1.8963,1.8967,1.8965,5
529.35,1.897,1.8973,1.8972,5
529.45,1.8976,1.898,1.8978,5
529.55,1.8983,1.8986,1.8984,5
529.65,1.8989,1.8992,1.899,5
529.75,1.8995,1.8998,1.8997,5
529.85,1.9001,1.9004,1.9002,5
529.95,1.9006,1.9009,1.9008,5
530.05,1.9011,1.9015,1.9013,5
530.15,1.9016,1.9019,1.9018,5
530.25,1.902,1.9024,1.9022,5
530.35,1.9024,1.9027,1.9026,5
530.45,1.9027,1.9031,1.9029,5
530.55,1.9031,1.9034,1.9032,5
530.65,1.9034,1.9037,1.9036,5
530.75,1.9036,1.904,1.9038,5
530.85,1.9039,1.9043,1.9041,5
530.95,1.9041,1.9046,1.9043,5
531.05,1.9043,1.9048,1.9046,5
531.15,1.9045,1.905,1.9048,5
531.25,1.9047,1.9052,1.9049,5
531.35,1.9049,1.9053,1.9051,5
531.45,1.905,1.9055,1.9052,5
531.55,1.9052,1.9056,1.9054,5
531.65,1.9053,1.9057,1.9055,5
531.75,1.9054,1.9059,1.9056,5
531.85,1.9055,1.9059,1.9057,5
531.95,1.9055,1.906,1.9058,5
532.05,1.9055,1.9061,1.9059,5
532.15,1.9056,1.9061,1.9059,5
532.25,1.9056,1.9062,1.906,5
532.35,1.9057,1.9062,1.906,5
532.45,1.9057,1.9062,1.9061,5
532.55,1.9057,1.9062,1.9061,5
532.65,1.9057,1.9062,1.9061,5
532.75,1.9057,1.9062,1.9061,5
532.85,1.9057,1.9062,1.9061,5
532.95,1.9057,1.9062,1.9061,5
533.05,1.9057,1.9062,1.9061,5
533.15,1.9057,1.9062,1.9061,5
533.25,1.9057,1.9062,1.9061,5
533.35,1.9057,1.9061,1.906,5
533.45,1.9056,1.9061,1.906,5
533.55,1.9056,1.906,1.9059,5
533.65,1.9055,1.9059,1.9058,5
533.75,1.9055,1.9058,1.9057,5
533.85,1.9054,1.9057,1.9056,5
533.95,1.9052,1.9055,1.9055,5
534.05,1.9051,1.9054,1.9053,5
534.15,1.9049,1.9052,1.9051,5
534.25,1.9046,1.9049,1.9049,5
534.35,1.9044,1.9047,1.9047,5
534.45,1.9041,1.9044,1.9044,5
534.55,1.9039,1.9041,1.9041,5
534.65,1.9036,1.9038,1.9038,5
534.75,1.9032,1.9035,1.9035,5
534.85,1.9029,1.9032,1.9031,5
534.95,1.9025,1.9028,1.9028,5
535.05,1.9021,1.9024,1.9024,5
535.15,1.9017,1.902,1.902,5
535.25,1.9013,1.9016,1.9016,5
535.35,1.9008,1.9011,1.9011,5
535.45,1.9003,1.9006,1.9006,5
535.55,1.8998,1.9001,1.9001,5
535.65,1.8992,1.8995,1.8995,5
535.75,1.8986,1.899,1.8989,5
535.85,1.898,1.8984,1.8983,5
535.95,1.8974,1.8978,1.8977,5
536.05,1.8968,1.8973,1.8972,5
536.15,1.8962,1.8966,1.8966,5
536.25,1.8955,1.896,1.8959,5
536.35,1.8949,1.8954,1.8953,5
536.45,1.8943,1.8947,1.8946,5
536.55,1.8936,1.894,1.894,5
536.65,1.893,1.8934,1.8933,5
536.75,1.8923,1.8927,1.8926,5
536.85,1.8917,1.8921,1.892,5
536.95,1.891,1.8914,1.8914,5
537.05,1.8904,1.8908,1.8907,5
537.15,1.8898,1.8902,1.8901,5
537.25,1.8891,1.8895,1.8895,5
537.35,1.8885,1.8889,1.8888,5
537.45,1.8879,1.8883,1.8882,5
537.55,1.8873,1.8876,1.8876,5
537.65,1.8867,1.887,1.887,5
537.75,1.8861,1.8865,1.8865,5
537.85,1.8855,1.8859,1.8859,5
537.95,1.8849,1.8853,1.8853,5
538.05,1.8844,1.8848,1.8848,5
538.15,1.8838,1.8842,1.8842,5
538.25,1.8834,1.8837,1.8837,5
538.35,1.8829,1.8832,1.8832,5
538.45,1.8824,1.8827,1.8827,5
538.55,1.8819,1.8822,1.8822,5
538.65,1.8815,1.8817,1.8817,5
538.75,1.881,1.8813,1.8813,5
538.85,1.8805,1.8808,1.8808,5
538.95,1.8801,1.8804,1.8804,5
539.05,1.8797,1.88,1.8799,5
539.15,1.8793,1.8795,1.8795,5
539.25,1.8789,1.8791,1.8791,5
539.35,1.8785,1.8787,1.8787,5
539.45,1.8781,1.8784,1.8783,5
539.55,1.8777,1.878,1.8779,5
539.65,1.8773,1.8776,1.8775,5
539.75,1.877,1.8772,1.8771,5
539.85,1.8766,1.8769,1.8768,5
539.95,1.8762,1.8765,1.8764,5
540.05,1.8759,1.8762,1.8761,5
540.15,1.8756,1.8759,1.8758,5
540.25,1.8753,1.8757,1.8756,5
540.35,1.875,1.8754,1.8753,5
540.45,1.8747,1.8751,1.875,5
540.55,1.8744,1.8748,1.8747,5
540.65,1.8741,1.8746,1.8744,5
540.75,1.8739,1.8743,1.8742,5
540.85,1.8737,1.8741,1.8739,5
540.95,1.8735,1.8739,1.8737,5
541.05,1.8733,1.8737,1.8735,5
541.15,1.8731,1.8735,1.8734,5
541.25,1.873,1.8734,1.8732,5
541.35,1.8729,1.8732,1.8731,5
541.45,1.8728,1.8731,1.8729,5
541.55,1.8727,1.873,1.8728,5
541.65,1.8726,1.8729,1.8727,5
541.75,1.8725,1.8728,1.8726,5
541.85,1.8724,1.8727,1.8725,5
541.95,1.8723,1.8726,1.8725,5
542.05,1.8722,1.8725,1.8724,5
542.15,1.8722,1.8725,1.8723,5
542.25,1.8721,1.8724,1.8723,5
542.35,1.8721,1.8723,1.8722,5
542.45,1.872,1.8723,1.8722,5
542.55,1.872,1.8723,1.8721,5
542.65,1.872,1.8722,1.8721,5
542.75,1.8719,1.8722,1.8721,5
542.85,1.8719,1.8722,1.8721,5
542.95,1.8719,1.8722,1.872,5
543.05,1.8719,1.8722,1.872,5
543.15,1.8719,1.8722,1.872,5
543.25,1.8719,1.8722,1.8721,5
543.35,1.8719,1.8722,1.8721,5
543.45,1.872,1.8722,1.8721,5
543.55,1.872,1.8723,1.8721,5
543.65,1.872,1.8723,1.8722,5
543.75,1.8721,1.8724,1.8722,5
543.85,1.8722,1.8724,1.8723,5
543.95,1.8722,1.8725,1.8724,5
544.05,1.8723,1.8726,1.8725,5
544.15,1.8724,1.8727,1.8726,5
544.25,1.8725,1.8728,1.8727,5
544.35,1.8726,1.8729,1.8728,5
544.45,1.8727,1.873,1.8729,5
544.55,1.8728,1.8732,1.873,5
544.65,1.8729,1.8733,1.8731,5
544.75,1.873,1.8734,1.8732,5
544.85,1.873,1.8735,1.8733,5
544.95,1.8731,1.8736,1.8734,5
545.05,1.8731,1.8737,1.8735,5
545.15,1.8732,1.8737,1.8735,5
545.25,1.8732,1.8737,1.8736,5
545.35,1.8733,1.8738,1.8736,5
545.45,1.8733,1.8738,1.8736,5
545.55,1.8733,1.8738,1.8736,5
545.65,1.8733,1.8738,1.8736,5
545.75,1.8734,1.8738,1.8737,5
545.85,1.8734,1.8739,1.8737,5
545.95,1.8734,1.8739,1.8737,5
546.05,1.8734,1.8739,1.8737,5
546.15,1.8735,1.8739,1.8737,5
546.25,1.8735,1.8739,1.8737,5
546.35,1.8735,1.874,1.8738,5
546.45,1.8736,1.874,1.8738,5
546.55,1.8736,1.8741,1.8738,5
546.65,1.8737,1.8742,1.8739,5
546.75,1.8738,1.8743,1.874,5
546.85,1.8739,1.8744,1.8741,5
546.95,1.874,1.8745,1.8743,5
547.05,1.8742,1.8746,1.8744,5
547.15,1.8743,1.8747,1.8745,5
547.25,1.8744,1.8748,1.8746,5
547.35,1.8745,1.8749,1.8747,5
547.45,1.8746,1.875,1.8748,5
547.55,1.8747,1.8751,1.8749,5
547.65,1.8747,1.8752,1.875,5
547.75,1.8748,1.8753,1.875,5
547.85,1.8749,1.8754,1.8751,5
547.95,1.875,1.8754,1.8752,5
548.05,1.875,1.8755,1.8752,5
548.15,1.875,1.8755,1.8753,5
548.25,1.875,1.8755,1.8753,5
548.35,1.875,1.8755,1.8753,5
548.45,1.875,1.8755,1.8753,5
548.55,1.875,1.8755,1.8753,5
548.65,1.875,1.8755,1.8752,5
548.75,1.875,1.8754,1.8752,5
548.85,1.8749,1.8754,1.8751,5
548.95,1.8748,1.8753,1.8751,5
549.05,1.8748,1.8752,1.875,5
549.15,1.8747,1.8751,1.8749,5
549.25,1.8746,1.875,1.8748,5
549.35,1.8745,1.8749,1.8747,5
549.45,1.8743,1.8748,1.8746,5
549.55,1.8742,1.8746,1.8744,5
549.65,1.874,1.8745,1.8743,5
549.75,1.8738,1.8743,1.8741,5
549.85,1.8736,1.8741,1.8739,5
549.95,1.8734,1.8739,1.8737,5
550.05,1.8732,1.8737,1.8735,5
550.15,1.873,1.8734,1.8733,5
550.25,1.8728,1.8732,1.873,5
550.35,1.8726,1.8729,1.8728,5
550.45,1.8723,1.8727,1.8725,5
550.55,1.872,1.8724,1.8722,5
550.65,1.8717,1.8721,1.8719,5
550.75,1.8714,1.8718,1.8716,5
550.85,1.8711,1.8714,1.8712,5
550.95,1.8707,1.871,1.8709,5
551.05,1.8703,1.8706,1.8705,5
551.15,1.8699,1.8702,1.8701,5
551.25,1.8695,1.8698,1.8697,5
551.35,1.8691,1.8694,1.8692,5
551.45,1.8686,1.869,1.8688,5
551.55,1.8682,1.8685,1.8684,5
551.65,1.8677,1.8681,1.8679,5
551.75,1.8673,1.8676,1.8675,5
551.85,1.8668,1.8671,1.867,5
551.95,1.8664,1.8667,1.8665,5
552.05,1.8659,1.8662,1.8661,5
552.15,1.8654,1.8657,1.8656,5
552.25,1.865,1.8653,1.8651,5
552.35,1.8645,1.8649,1.8647,5
552.45,1.8641,1.8645,1.8643,5
552.55,1.8636,1.864,1.8639,5
552.65,1.8632,1.8636,1.8635,5
552.75,1.8628,1.8632,1.863,5
552.85,1.8623,1.8627,1.8626,5
552.95,1.862,1.8623,1.8622,5
553.05,1.8616,1.8619,1.8617,5
553.15,1.8611,1.8614,1.8613,5
553.25,1.8607,1.861,1.8608,5
553.35,1.8602,1.8606,1.8604,5
553.45,1.8598,1.8601,1.86,5
553.55,1.8593,1.8597,1.8595,5
553.65,1.8589,1.8592,1.8591,5
553.75,1.8584,1.8588,1.8586,5
553.85,1.858,1.8583,1.8582,5
553.95,1.8575,1.8579,1.8577,5
554.05,1.8571,1.8574,1.8572,5
554.15,1.8566,1.857,1.8568,5
554.25,1.8561,1.8565,1.8563,5
554.35,1.8557,1.856,1.8559,5
554.45,1.8552,1.8556,1.8554,5
554.55,1.8547,1.8551,1.8549,5
554.65,1.8542,1.8546,1.8544,5
554.75,1.8538,1.8541,1.8539,5
554.85,1.8533,1.8537,1.8536,5
554.95,1.8528,1.8533,1.8531,5
555.05,1.8523,1.8528,1.8526,5
555.15,1.8518,1.8523,1.8521,5
555.25,1.8513,1.8518,1.8516,5
555.35,1.8509,1.8513,1.8511,5
555.45,1.8504,1.8507,1.8506,5
555.55,1.8499,1.8502,1.85,5
555.65,1.8494,1.8497,1.8495,5
555.75,1.8488,1.8492,1.849,5
555.85,1.8483,1.8486,1.8485,5
555.95,1.8478,1.8481,1.8479,5
556.05,1.8472,1.8476,1.8474,5
556.15,1.8467,1.847,1.8469,5
556.25,1.8462,1.8465,1.8463,5
556.35,1.8456,1.846,1.8458,5
556.45,1.8451,1.8454,1.8452,5
556.55,1.8446,1.8449,1.8447,5
556.65,1.844,1.8443,1.8442,5
556.75,1.8435,1.8438,1.8436,5
556.85,1.8429,1.8432,1.8431,5
556.95,1.8424,1.8428,1.8426,5
557.05,1.8418,1.8422,1.8421,5
557.15,1.8412,1.8417,1.8415,5
557.25,1.8407,1.8411,1.8409,5
557.35,1.8402,1.8405,1.8404,5
557.45,1.8397,1.84,1.8399,5
557.55,1.8392,1.8395,1.8393,5
557.65,1.8386,1.8389,1.8388,5
557.75,1.8381,1.8384,1.8383,5
557.85,1.8376,1.8379,1.8378,5
557.95,1.8371,1.8374,1.8373,5
558.05,1.8366,1.8369,1.8368,5
558.15,1.8361,1.8364,1.8363,5
558.25,1.8357,1.836,1.8358,5
558.35,1.8352,1.8356,1.8354,5
558.45,1.8349,1.8352,1.835,5
558.55,1.8345,1.8348,1.8346,5
558.65,1.8341,1.8345,1.8343,5
558.75,1.8338,1.8341,1.8339,5
558.85,1.8334,1.8338,1.8336,5
558.95,1.8331,1.8335,1.8333,5
559.05,1.8328,1.8332,1.833,5
559.15,1.8325,1.8329,1.8327,5
559.25,1.8322,1.8326,1.8324,5
559.35,1.832,1.8324,1.8321,5
559.45,1.8317,1.8322,1.8318,5
559.55,1.8315,1.8319,1.8317,5
559.65,1.8312,1.8317,1.8315,5
559.75,1.831,1.8315,1.8312,5
559.85,1.8308,1.8313,1.831,5
559.95,1.8307,1.8311,1.8308,5
560.05,1.8305,1.8309,1.8307,5
560.15,1.8303,1.8308,1.8305,5
560.25,1.8302,1.8306,1.8304,5
560.35,1.83,1.8305,1.8302,5
560.45,1.8299,1.8303,1.8301,5
560.55,1.8298,1.8302,1.83,5
560.65,1.8297,1.8301,1.8298,5
560.75,1.8295,1.83,1.8297,5
560.85,1.8295,1.8298,1.8296,5
560.95,1.8294,1.8297,1.8295,5
561.05,1.8293,1.8296,1.8294,5
561.15,1.8292,1.8295,1.8292,5
561.25,1.8291,1.8294,1.8291,5
561.35,1.8289,1.8293,1.829,5
561.45,1.8288,1.8291,1.8288,5
561.55,1.8286,1.8289,1.8287,5
561.65,1.8284,1.8287,1.8285,5
561.75,1.8283,1.8286,1.8283,5
561.85,1.8281,1.8284,1.8281,5
561.95,1.8279,1.8282,1.828,5
562.05,1.8277,1.828,1.8278,5
562.15,1.8276,1.8279,1.8276,5
562.25,1.8274,1.8277,1.8275,5
562.35,1.8272,1.8275,1.8273,5
562.45,1.8271,1.8274,1.8272,5
562.55,1.8269,1.8272,1.827,5
562.65,1.8268,1.827,1.8268,5
562.75,1.8266,1.8269,1.8267,5
562.85,1.8265,1.8268,1.8266,5
562.95,1.8264,1.8266,1.8264,5
563.05,1.8263,1.8265,1.8263,5
563.15,1.8262,1.8264,1.8262,5
563.25,1.8261,1.8263,1.8261,5
563.35,1.826,1.8262,1.8261,5
563.45,1.8259,1.8262,1.826,5
563.55,1.8258,1.8261,1.8259,5
563.65,1.8258,1.826,1.8258,5
563.75,1.8257,1.826,1.8258,5
563.85,1.8257,1.8259,1.8257,5
563.95,1.8256,1.8259,1.8257,5
564.05,1.8256,1.8258,1.8257,5
564.15,1.8256,1.8258,1.8256,5
564.25,1.8256,1.8258,1.8256,5
564.35,1.8256,1.8258,1.8256,5
564.45,1.8256,1.8258,1.8256,5
564.55,1.8256,1.8259,1.8256,5
564.65,1.8257,1.8259,1.8257,5
564.75,1.8257,1.826,1.8257,5
564.85,1.8258,1.826,1.8258,5
564.95,1.8258,1.8261,1.8258,5
565.05,1.8259,1.8262,1.8259,5
565.15,1.826,1.8263,1.826,5
565.25,1.826,1.8263,1.8261,5
565.35,1.8261,1.8264,1.8261,5
565.45,1.8262,1.8265,1.8262,5
565.55,1.8263,1.8266,1.8263,5
565.65,1.8264,1.8267,1.8264,5
565.75,1.8265,1.8268,1.8265,5
565.85,1.8266,1.827,1.8266,5
565.95,1.8267,1.8271,1.8267,5
566.05,1.8268,1.8272,1.8268,5
566.15,1.8269,1.8273,1.8269,5
566.25,1.827,1.8274,1.827,5
566.35,1.8271,1.8275,1.8271,5
566.45,1.8272,1.8276,1.8272,5
566.55,1.8273,1.8277,1.8273,5
566.65,1.8274,1.8278,1.8274,5
566.75,1.8275,1.8279,1.8275,5
566.85,1.8276,1.828,1.8276,5
566.95,1.8277,1.8281,1.8277,5
567.05,1.8278,1.8282,1.8278,5
567.15,1.8279,1.8283,1.8279,5
567.25,1.828,1.8283,1.828,5
567.35,1.8281,1.8284,1.8281,5
567.45,1.8282,1.8285,1.8282,5
567.55,1.8283,1.8286,1.8283,5
567.65,1.8284,1.8287,1.8284,5
567.75,1.8285,1.8287,1.8284,5
567.85,1.8285,1.8288,1.8285,5
567.95,1.8286,1.8288,1.8286,5
568.05,1.8286,1.8289,1.8286,5
568.15,1.8287,1.8289,1.8287,5
568.25,1.8288,1.829,1.8287,5
568.35,1.8288,1.829,1.8288,5
568.45,1.8289,1.8291,1.8288,5
568.55,1.8289,1.8291,1.8289,5
568.65,1.8289,1.8292,1.8289,5
568.75,1.829,1.8292,1.829,5
568.85,1.829,1.8292,1.829,5
568.95,1.8291,1.8293,1.829,5
569.05,1.8291,1.8293,1.8291,5
569.15,1.8291,1.8293,1.8291,5
569.25,1.8292,1.8294,1.8291,5
569.35,1.8292,1.8294,1.8292,5
569.45,1.8292,1.8294,1.8292,5
569.55,1.8292,1.8294,1.8292,5
569.65,1.8292,1.8295,1.8292,5
569.75,1.8292,1.8295,1.8292,5
569.85,1.8293,1.8295,1.8292,5
569.95,1.8293,1.8295,1.8293,5
570.05,1.8293,1.8296,1.8293,5
570.15,1.8293,1.8296,1.8293,5
570.25,1.8293,1.8296,1.8293,5
570.35,1.8294,1.8296,1.8293,5
570.45,1.8294,1.8297,1.8293,5
570.55,1.8294,1.8297,1.8294,5
570.65,1.8294,1.8297,1.8294,5
570.75,1.8295,1.8298,1.8294,5
570.85,1.8295,1.8298,1.8295,5
570.95,1.8295,1.8299,1.8295,5
571.05,1.8295,1.8299,1.8296,5
571.15,1.8296,1.83,1.8297,5
571.25,1.8297,1.8301,1.8298,5
571.35,1.8297,1.8301,1.8298,5
571.45,1.8298,1.8302,1.8299,5
571.55,1.8299,1.8303,1.83,5
571.65,1.8299,1.8304,1.8301,5
571.75,1.83,1.8304,1.8301,5
571.85,1.8301,1.8305,1.8302,5
571.95,1.8302,1.8306,1.8303,5
572.05,1.8302,1.8306,1.8304,5
572.15,1.8303,1.8307,1.8305,5
572.25,1.8304,1.8308,1.8306,5
572.35,1.8305,1.8309,1.8306,5
572.45,1.8305,1.8309,1.8307,5
572.55,1.8306,1.831,1.8308,5
572.65,1.8307,1.8311,1.8309,5
572.75,1.8308,1.8312,1.8309,5
572.85,1.8308,1.8312,1.831,5
572.95,1.8309,1.8313,1.8311,5
573.05,1.831,1.8314,1.8312,5
573.15,1.831,1.8315,1.8312,5
573.25,1.8311,1.8315,1.8313,5
573.35,1.8312,1.8316,1.8314,5
573.45,1.8312,1.8316,1.8314,5
573.55,1.8313,1.8317,1.8315,5
573.65,1.8313,1.8317,1.8315,5
573.75,1.8314,1.8318,1.8315,5
573.85,1.8314,1.8318,1.8316,5
573.95,1.8314,1.8319,1.8316,5
574.05,1.8315,1.8319,1.8316,5
574.15,1.8315,1.8319,1.8316,5
574.25,1.8315,1.8319,1.8317,5
574.35,1.8315,1.8319,1.8316,5
574.45,1.8315,1.8319,1.8316,5
574.55,1.8314,1.8318,1.8316,5
574.65,1.8314,1.8318,1.8316,5
574.75,1.8314,1.8318,1.8316,5
574.85,1.8314,1.8318,1.8315,5
574.95,1.8313,1.8317,1.8315,5
575.05,1.8313,1.8317,1.8314,5
575.15,1.8312,1.8316,1.8314,5
575.25,1.8312,1.8316,1.8313,5
575.35,1.8311,1.8315,1.8313,5
575.45,1.8311,1.8314,1.8312,5
575.55,1.831,1.8313,1.8311,5
575.65,1.8309,1.8312,1.831,5
575.75,1.8308,1.8311,1.8309,5
575.85,1.8307,1.831,1.8308,5
575.95,1.8306,1.8309,1.8307,5
576.05,1.8304,1.8308,1.8306,5
576.15,1.8303,1.8307,1.8305,5
576.25,1.8302,1.8305,1.8303,5
576.35,1.83,1.8304,1.8302,5
576.45,1.8299,1.8303,1.8301,5
576.55,1.8297,1.8301,1.8299,5
576.65,1.8296,1.83,1.8298,5
576.75,1.8295,1.8298,1.8296,5
576.85,1.8294,1.8297,1.8295,5
576.95,1.8292,1.8295,1.8293,5
577.05,1.8291,1.8294,1.8292,5
577.15,1.8289,1.8292,1.829,5
577.25,1.8287,1.8291,1.8288,5
577.35,1.8286,1.8289,1.8287,5
577.45,1.8285,1.8288,1.8286,5
577.55,1.8283,1.8287,1.8284,5
577.65,1.8282,1.8286,1.8283,5
577.75,1.8281,1.8284,1.8282,5
577.85,1.828,1.8283,1.8281,5
577.95,1.8279,1.8282,1.8279,5
578.05,1.8277,1.828,1.8278,5
578.15,1.8276,1.8279,1.8276,5
578.25,1.8274,1.8278,1.8275,5
578.35,1.8273,1.8276,1.8273,5
578.45,1.8271,1.8274,1.8272,5
578.55,1.827,1.8273,1.827,5
578.65,1.8268,1.8271,1.8268,5
578.75,1.8266,1.8269,1.8266,5
578.85,1.8264,1.8267,1.8264,5
578.95,1.8262,1.8264,1.8261,5
579.05,1.8259,1.8262,1.8259,5
579.15,1.8256,1.8259,1.8256,5
579.25,1.8253,1.8256,1.8253,5
579.35,1.825,1.8252,1.825,5
579.45,1.8246,1.8249,1.8246,5
579.55,1.8243,1.8246,1.8243,5
579.65,1.8239,1.8242,1.8239,5
579.75,1.8235,1.8238,1.8236,5
579.85,1.8232,1.8234,1.8232,5
579.95,1.8228,1.823,1.8228,5
580.05,1.8223,1.8226,1.8224,5
580.15,1.8219,1.8222,1.822,5
580.25,1.8215,1.8218,1.8216,5
580.35,1.8211,1.8215,1.8211,5
580.45,1.8206,1.821,1.8207,5
580.55,1.8202,1.8206,1.8204,5
580.65,1.8197,1.8201,1.8199,5
580.75,1.8192,1.8196,1.8194,5
580.85,1.8187,1.8191,1.8189,5
580.95,1.8183,1.8187,1.8185,5
581.05,1.8179,1.8182,1.818,5
581.15,1.8174,1.8177,1.8175,5
581.25,1.8168,1.8172,1.817,5
581.35,1.8163,1.8166,1.8165,5
581.45,1.8158,1.8161,1.8159,5
581.55,1.8153,1.8156,1.8154,5
581.65,1.8148,1.8151,1.8149,5
581.75,1.8142,1.8145,1.8143,5
581.85,1.8137,1.814,1.8138,5
581.95,1.8131,1.8135,1.8133,5
582.05,1.8126,1.8129,1.8127,5
582.15,1.8121,1.8124,1.8122,5
582.25,1.8115,1.8118,1.8116,5
582.35,1.811,1.8113,1.8111,5
582.45,1.8104,1.8108,1.8105,5
582.55,1.8099,1.8103,1.81,5
582.65,1.8094,1.8098,1.8096,5
582.75,1.8088,1.8093,1.8091,5
582.85,1.8083,1.8087,1.8085,5
582.95,1.8078,1.8082,1.808,5
583.05,1.8073,1.8077,1.8075,5
583.15,1.8068,1.8071,1.8069,5
583.25,1.8062,1.8066,1.8064,5
583.35,1.8057,1.8061,1.8059,5
583.45,1.8052,1.8055,1.8053,5
583.55,1.8046,1.805,1.8048,5
583.65,1.8041,1.8044,1.8042,5
583.75,1.8035,1.8039,1.8037,5
583.85,1.803,1.8033,1.8031,5
583.95,1.8024,1.8028,1.8026,5
584.05,1.8018,1.8022,1.802,5
584.15,1.8013,1.8017,1.8015,5
584.25,1.8007,1.8011,1.8009,5
584.35,1.8002,1.8005,1.8003,5
584.45,1.7996,1.8,1.7998,5
584.55,1.799,1.7995,1.7992,5
584.65,1.7984,1.7989,1.7987,5
584.75,1.7979,1.7984,1.7981,5
584.85,1.7973,1.7978,1.7976,5
584.95,1.7968,1.7972,1.797,5
585.05,1.7962,1.7966,1.7964,5
585.15,1.7957,1.7961,1.7958,5
585.25,1.7951,1.7955,1.7953,5
585.35,1.7945,1.7949,1.7947,5
585.45,1.794,1.7943,1.7941,5
585.55,1.7934,1.7938,1.7935,5
585.65,1.7928,1.7932,1.793,5
585.75,1.7922,1.7926,1.7924,5
585.85,1.7917,1.7921,1.7918,5
585.95,1.7911,1.7915,1.7913,5
586.05,1.7906,1.7909,1.7907,5
586.15,1.79,1.7904,1.7901,5
586.25,1.7895,1.7898,1.7896,5
586.35,1.7889,1.7893,1.7891,5
586.45,1.7884,1.7888,1.7885,5
586.55,1.7878,1.7883,1.788,5
586.65,1.7873,1.7877,1.7875,5
586.75,1.7867,1.7872,1.787,5
586.85,1.7862,1.7867,1.7865,5
586.95,1.7858,1.7861,1.7859,5
587.05,1.7852,1.7856,1.7854,5
587.15,1.7847,1.7851,1.7849,5
587.25,1.7842,1.7846,1.7844,5
587.35,1.7837,1.784,1.7839,5
587.45,1.7832,1.7835,1.7834,5
587.55,1.7827,1.783,1.7829,5
587.65,1.7822,1.7825,1.7824,5
587.75,1.7817,1.782,1.7819,5
587.85,1.7812,1.7815,1.7814,5
587.95,1.7807,1.7811,1.7809,5
588.05,1.7803,1.7806,1.7804,5
588.15,1.7798,1.7801,1.78,5
588.25,1.7793,1.7797,1.7795,5
588.35,1.7789,1.7792,1.7791,5
588.45,1.7784,1.7788,1.7786,5
588.55,1.778,1.7784,1.7782,5
588.65,1.7776,1.778,1.7778,5
588.75,1.7772,1.7776,1.7773,5
588.85,1.7767,1.7772,1.7769,5
588.95,1.7763,1.7768,1.7766,5
589.05,1.776,1.7764,1.7762,5
589.15,1.7756,1.776,1.7759,5
589.25,1.7752,1.7756,1.7755,5
589.35,1.775,1.7753,1.7752,5
589.45,1.7747,1.775,1.7748,5
589.55,1.7744,1.7747,1.7745,5
589.65,1.7741,1.7744,1.7743,5
589.75,1.7738,1.7741,1.774,5
589.85,1.7735,1.7738,1.7737,5
589.95,1.7733,1.7736,1.7734,5
590.05,1.773,1.7733,1.7732,5
590.15,1.7728,1.7731,1.7729,5
590.25,1.7726,1.7729,1.7727,5
590.35,1.7723,1.7726,1.7725,5
590.45,1.7721,1.7724,1.7722,5
590.55,1.7719,1.7722,1.772,5
590.65,1.7717,1.772,1.7718,5
590.75,1.7715,1.7718,1.7716,5
590.85,1.7713,1.7715,1.7714,5
590.95,1.7711,1.7713,1.7712,5
591.05,1.7709,1.7711,1.771,5
591.15,1.7707,1.7709,1.7708,5
591.25,1.7705,1.7707,1.7705,5
591.35,1.7702,1.7705,1.7703,5
591.45,1.77,1.7703,1.7701,5
591.55,1.7698,1.7701,1.7699,5
591.65,1.7696,1.7699,1.7697,5
591.75,1.7694,1.7697,1.7695,5
591.85,1.7692,1.7695,1.7693,5
591.95,1.769,1.7692,1.7691,5
592.05,1.7688,1.769,1.7689,5
592.15,1.7686,1.7688,1.7687,5
592.25,1.7684,1.7687,1.7685,5
592.35,1.7682,1.7685,1.7683,5
592.45,1.768,1.7683,1.7681,5
592.55,1.7678,1.7681,1.7679,5
592.65,1.7676,1.7679,1.7677,5
592.75,1.7674,1.7677,1.7675,5
592.85,1.7673,1.7676,1.7673,5
592.95,1.7671,1.7674,1.7672,5
593.05,1.7669,1.7673,1.767,5
593.15,1.7667,1.7671,1.7668,5
593.25,1.7666,1.7669,1.7666,5
593.35,1.7664,1.7667,1.7665,5
593.45,1.7662,1.7666,1.7663,5
593.55,1.766,1.7664,1.7661,5
593.65,1.7659,1.7662,1.766,5
593.75,1.7657,1.7661,1.7658,5
593.85,1.7655,1.7659,1.7657,5
593.95,1.7654,1.7657,1.7656,5
594.05,1.7652,1.7656,1.7654,5
594.15,1.765,1.7654,1.7652,5
594.25,1.7649,1.7652,1.7651,5
594.35,1.7647,1.7651,1.7649,5
594.45,1.7645,1.7649,1.7647,5
594.55,1.7644,1.7648,1.7646,5
594.65,1.7643,1.7646,1.7644,5
594.75,1.7642,1.7644,1.7643,5
594.85,1.764,1.7643,1.7641,5
594.95,1.7638,1.7641,1.7639,5
595.05,1.7637,1.764,1.7638,5
595.15,1.7635,1.7638,1.7636,5
595.25,1.7633,1.7636,1.7635,5
595.35,1.7632,1.7635,1.7633,5
595.45,1.763,1.7633,1.7631,5
595.55,1.7628,1.7631,1.763,5
595.65,1.7627,1.763,1.7628,5
595.75,1.7625,1.7628,1.7627,5
595.85,1.7623,1.7626,1.7625,5
595.95,1.7622,1.7625,1.7623,5
596.05,1.762,1.7623,1.7622,5
596.15,1.7618,1.7621,1.762,5
596.25,1.7616,1.762,1.7618,5
596.35,1.7615,1.7618,1.7616,5
596.45,1.7613,1.7616,1.7615,5
596.55,1.7611,1.7614,1.7613,5
596.65,1.7609,1.7612,1.7611,5
596.75,1.7608,1.7611,1.7609,5
596.85,1.7606,1.7609,1.7608,5
596.95,1.7604,1.7607,1.7606,5
597.05,1.7602,1.7605,1.7604,5
597.15,1.76,1.7603,1.7602,5
597.25,1.7598,1.7601,1.76,5
597.35,1.7596,1.7599,1.7598,5
597.45,1.7595,1.7597,1.7596,5
597.55,1.7592,1.7595,1.7594,5
597.65,1.759,1.7593,1.7592,5
597.75,1.7588,1.7591,1.759,5
597.85,1.7586,1.7589,1.7588,5
597.95,1.7584,1.7587,1.7586,5
598.05,1.7582,1.7584,1.7583,5
598.15,1.7579,1.7582,1.7581,5
598.25,1.7577,1.758,1.7579,5
598.35,1.7575,1.7577,1.7576,5
598.45,1.7572,1.7574,1.7573,5
598.55,1.7569,1.7572,1.7571,5
598.65,1.7567,1.7569,1.7568,5
598.75,1.7564,1.7567,1.7565,5
598.85,1.7561,1.7564,1.7562,5
598.95,1.7558,1.7561,1.7559,5
599.05,1.7555,1.7558,1.7556,5
599.15,1.7552,1.7555,1.7553,5
599.25,1.7549,1.7552,1.755,5
599.35,1.7546,1.7549,1.7547,5
599.45,1.7543,1.7546,1.7545,5
599.55,1.754,1.7543,1.7542,5
599.65,1.7536,1.7539,1.7539,5
599.75,1.7534,1.7536,1.7535,5
599.85,1.7531,1.7533,1.7532,5
599.95,1.7527,1.7529,1.7528,5
600.05,1.7524,1.7526,1.7525,5
600.15,1.752,1.7522,1.7521,5
600.25,1.7516,1.7518,1.7517,5
600.35,1.7512,1.7514,1.7514,5
600.45,1.7509,1.7511,1.751,5
600.55,1.7505,1.7507,1.7506,5
600.65,1.7501,1.7503,1.7502,5
600.75,1.7497,1.7499,1.7498,5
600.85,1.7493,1.7495,1.7494,5
600.95,1.7488,1.7491,1.749,5
601.05,1.7484,1.7487,1.7486,5
601.15,1.748,1.7482,1.7482,5
601.25,1.7476,1.7478,1.7478,5
601.35,1.7472,1.7474,1.7473,5
601.45,1.7468,1.747,1.7469,5
601.55,1.7463,1.7466,1.7465,5
601.65,1.7459,1.7461,1.7461,5
601.75,1.7455,1.7458,1.7456,5
601.85,1.745,1.7454,1.7452,5
601.95,1.7446,1.7449,1.7448,5
602.05,1.7442,1.7445,1.7444,5
602.15,1.7438,1.7441,1.744,5
602.25,1.7434,1.7437,1.7437,5
602.35,1.7429,1.7433,1.7432,5
602.45,1.7426,1.7429,1.7428,5
602.55,1.7422,1.7425,1.7424,5
602.65,1.7418,1.7421,1.742,5
602.75,1.7414,1.7417,1.7416,5
602.85,1.741,1.7412,1.7412,5
602.95,1.7405,1.7408,1.7407,5
603.05,1.7401,1.7404,1.7403,5
603.15,1.7397,1.74,1.7399,5
603.25,1.7393,1.7395,1.7395,5
603.35,1.7388,1.7391,1.739,5
603.45,1.7384,1.7386,1.7386,5
603.55,1.7379,1.7382,1.7381,5
603.65,1.7375,1.7378,1.7377,5
603.75,1.737,1.7373,1.7372,5
603.85,1.7366,1.7368,1.7368,5
603.95,1.7361,1.7364,1.7363,5
604.05,1.7356,1.7359,1.7358,5
604.15,1.7351,1.7354,1.7353,5
604.25,1.7347,1.735,1.7348,5
604.35,1.7342,1.7345,1.7344,5
604.45,1.7337,1.734,1.7339,5
604.55,1.7332,1.7335,1.7334,5
604.65,1.7327,1.733,1.7328,5
604.75,1.7322,1.7325,1.7324,5
604.85,1.7317,1.732,1.7319,5
604.95,1.7312,1.7315,1.7314,5
605.05,1.7307,1.7309,1.7308,5
605.15,1.7301,1.7304,1.7303,5
605.25,1.7296,1.7299,1.7298,5
605.35,1.7291,1.7293,1.7292,5
605.45,1.7285,1.7288,1.7287,5
605.55,1.7279,1.7282,1.7281,5
605.65,1.7274,1.7276,1.7275,5
605.75,1.7268,1.7271,1.727,5
605.85,1.7262,1.7265,1.7264,5
605.95,1.7256,1.7259,1.7258,5
606.05,1.725,1.7252,1.7251,5
606.15,1.7244,1.7246,1.7245,5
606.25,1.7238,1.7241,1.7239,5
606.35,1.7231,1.7235,1.7233,5
606.45,1.7225,1.7228,1.7226,5
606.55,1.7219,1.7222,1.722,5
606.65,1.7212,1.7216,1.7215,5
606.75,1.7207,1.7209,1.7208,5
606.85,1.7201,1.7203,1.7202,5
606.95,1.7194,1.7196,1.7196,5
607.05,1.7188,1.719,1.7189,5
607.15,1.7181,1.7183,1.7183,5
607.25,1.7175,1.7177,1.7176,5
607.35,1.7168,1.717,1.717,5
607.45,1.7162,1.7164,1.7163,5
607.55,1.7155,1.7157,1.7157,5
607.65,1.7149,1.7151,1.715,5
607.75,1.7142,1.7145,1.7144,5
607.85,1.7136,1.7138,1.7138,5
607.95,1.713,1.7133,1.7131,5
608.05,1.7124,1.7127,1.7125,5
608.15,1.7117,1.7121,1.7119,5
608.25,1.7111,1.7114,1.7113,5
608.35,1.7105,1.7108,1.7107,5
608.45,1.71,1.7102,1.7101,5
608.55,1.7094,1.7096,1.7095,5
608.65,1.7087,1.709,1.7089,5
608.75,1.7081,1.7084,1.7083,5
608.85,1.7075,1.7077,1.7077,5
608.95,1.7069,1.7071,1.7071,5
609.05,1.7063,1.7065,1.7064,5
609.15,1.7057,1.7059,1.7058,5
609.25,1.7051,1.7053,1.7052,5
609.35,1.7045,1.7047,1.7046,5
609.45,1.7039,1.7041,1.704,5
609.55,1.7033,1.7035,1.7034,5
609.65,1.7027,1.7029,1.7028,5
609.75,1.7021,1.7025,1.7023,5
609.85,1.7015,1.7019,1.7017,5
609.95,1.7009,1.7013,1.7011,5
610.05,1.7004,1.7007,1.7005,5
610.15,1.6998,1.7002,1.7,5
610.25,1.6992,1.6996,1.6995,5
610.35,1.6988,1.699,1.6989,5
610.45,1.6982,1.6985,1.6984,5
610.55,1.6976,1.6979,1.6978,5
610.65,1.6971,1.6973,1.6972,5
610.75,1.6965,1.6968,1.6967,5
610.85,1.6959,1.6962,1.6961,5
610.95,1.6954,1.6956,1.6955,5
611.05,1.6948,1.6951,1.695,5
611.15,1.6942,1.6945,1.6944,5
611.25,1.6937,1.694,1.6938,5
611.35,1.6931,1.6934,1.6933,5
611.45,1.6926,1.6928,1.6927,5
611.55,1.692,1.6923,1.6922,5
611.65,1.6914,1.6918,1.6916,5
611.75,1.6909,1.6912,1.691,5
611.85,1.6903,1.6907,1.6905,5
611.95,1.6897,1.6901,1.6899,5
612.05,1.6891,1.6895,1.6893,5
612.15,1.6886,1.689,1.6888,5
612.25,1.6881,1.6884,1.6883,5
612.35,1.6875,1.6878,1.6877,5
612.45,1.687,1.6873,1.6872,5
612.55,1.6864,1.6867,1.6866,5
612.65,1.6858,1.6861,1.686,5
612.75,1.6853,1.6856,1.6855,5
612.85,1.6847,1.685,1.6849,5
612.95,1.6842,1.6844,1.6844,5
613.05,1.6836,1.6839,1.6838,5
613.15,1.683,1.6833,1.6832,5
613.25,1.6825,1.6828,1.6827,5
613.35,1.6819,1.6822,1.6821,5
613.45,1.6814,1.6816,1.6816,5
613.55,1.6808,1.6811,1.681,5
613.65,1.6802,1.6806,1.6804,5
613.75,1.6797,1.68,1.6799,5
613.85,1.6791,1.6795,1.6793,5
613.95,1.6785,1.6789,1.6787,5
614.05,1.678,1.6784,1.6782,5
614.15,1.6775,1.6778,1.6777,5
614.25,1.677,1.6772,1.6772,5
614.35,1.6764,1.6767,1.6766,5
614.45,1.6759,1.6762,1.6761,5
614.55,1.6753,1.6756,1.6756,5
614.65,1.6748,1.6751,1.675,5
614.75,1.6743,1.6746,1.6745,5
614.85,1.6738,1.674,1.674,5
614.95,1.6733,1.6735,1.6735,5
615.05,1.6728,1.673,1.673,5
615.15,1.6723,1.6725,1.6725,5
615.25,1.6718,1.672,1.672,5
615.35,1.6713,1.6716,1.6715,5
615.45,1.6708,1.6711,1.671,5
615.55,1.6704,1.6707,1.6706,5
615.65,1.67,1.6703,1.6702,5
615.75,1.6696,1.6699,1.6698,5
615.85,1.6692,1.6695,1.6694,5
615.95,1.6688,1.6691,1.669,5
616.05,1.6684,1.6688,1.6686,5
616.15,1.668,1.6684,1.6682,5
616.25,1.6676,1.668,1.6678,5
616.35,1.6673,1.6677,1.6675,5
616.45,1.6669,1.6673,1.6671,5
616.55,1.6667,1.667,1.6668,5
616.65,1.6663,1.6666,1.6665,5
616.75,1.666,1.6663,1.6662,5
616.85,1.6657,1.6659,1.6659,5
616.95,1.6653,1.6656,1.6655,5
617.05,1.665,1.6653,1.6652,5
617.15,1.6647,1.665,1.6649,5
617.25,1.6644,1.6647,1.6646,5
617.35,1.6641,1.6644,1.6643,5
617.45,1.6638,1.6641,1.664,5
617.55,1.6636,1.6639,1.6638,5
617.65,1.6633,1.6636,1.6635,5
617.75,1.6631,1.6633,1.6632,5
617.85,1.6628,1.6631,1.663,5
617.95,1.6626,1.6628,1.6627,5
618.05,1.6623,1.6626,1.6625,5
618.15,1.6621,1.6624,1.6623,5
618.25,1.6619,1.6621,1.662,5
618.35,1.6616,1.6619,1.6618,5
618.45,1.6614,1.6616,1.6616,5
618.55,1.6612,1.6614,1.6613,5
618.65,1.6609,1.6612,1.6611,5
618.75,1.6607,1.661,1.6609,5
618.85,1.6605,1.6607,1.6606,5
618.95,1.6603,1.6605,1.6604,5
619.05,1.66,1.6603,1.6602,5
619.15,1.6598,1.66,1.66,5
619.25,1.6596,1.6598,1.6597,5
619.35,1.6593,1.6596,1.6595,5
619.45,1.6591,1.6594,1.6593,5
619.55,1.6588,1.6592,1.659,5
619.65,1.6586,1.6589,1.6587,5
619.75,1.6583,1.6587,1.6585,5
619.85,1.658,1.6584,1.6582,5
619.95,1.6578,1.6581,1.6579,5
620.05,1.6575,1.6579,1.6577,5
620.15,1.6572,1.6576,1.6574,5
620.25,1.657,1.6573,1.6571,5
620.35,1.6567,1.657,1.6569,5
620.45,1.6564,1.6568,1.6566,5
620.55,1.6561,1.6565,1.6563,5
620.65,1.6558,1.6562,1.656,5
620.75,1.6556,1.6559,1.6557,5
620.85,1.6554,1.6557,1.6556,5
620.95,1.6551,1.6554,1.6553,5
621.05,1.6548,1.6551,1.655,5
621.15,1.6545,1.6548,1.6547,5
621.25,1.6542,1.6545,1.6544,5
621.35,1.6539,1.6542,1.6541,5
621.45,1.6536,1.6539,1.6538,5
621.55,1.6533,1.6537,1.6535,5
621.65,1.653,1.6534,1.6532,5
621.75,1.6527,1.6531,1.6529,5
621.85,1.6524,1.6528,1.6526,5
621.95,1.6521,1.6525,1.6523,5
622.05,1.6518,1.6522,1.652,5
622.15,1.6515,1.6519,1.6517,5
622.25,1.6512,1.6516,1.6514,5
622.35,1.6509,1.6513,1.6511,5
622.45,1.6506,1.651,1.6508,5
622.55,1.6503,1.6507,1.6505,5
622.65,1.65,1.6503,1.6502,5
622.75,1.6497,1.65,1.6499,5
622.85,1.6494,1.6497,1.6496,5
622.95,1.6491,1.6494,1.6493,5
623.05,1.6488,1.6491,1.649,5
623.15,1.6485,1.6488,1.6487,5
623.25,1.6483,1.6486,1.6484,5
623.35,1.648,1.6484,1.6481,5
623.45,1.6477,1.6481,1.6478,5
623.55,1.6474,1.6478,1.6476,5
623.65,1.6471,1.6475,1.6473,5
623.75,1.6468,1.6472,1.647,5
623.85,1.6465,1.6469,1.6467,5
623.95,1.6463,1.6466,1.6464,5
624.05,1.646,1.6464,1.6461,5
624.15,1.6457,1.6461,1.6459,5
624.25,1.6454,1.6458,1.6456,5
624.35,1.6452,1.6455,1.6453,5
624.45,1.645,1.6453,1.645,5
624.55,1.6447,1.645,1.6448,5
624.65,1.6445,1.6447,1.6446,5
624.75,1.6442,1.6445,1.6443,5
624.85,1.6439,1.6442,1.6441,5
624.95,1.6437,1.6439,1.6438,5
625.05,1.6434,1.6437,1.6435,5
625.15,1.6431,1.6434,1.6433,5
625.25,1.6429,1.6431,1.643,5
625.35,1.6426,1.6429,1.6428,5
625.45,1.6424,1.6426,1.6425,5
625.55,1.6421,1.6424,1.6422,5
625.65,1.6419,1.6422,1.642,5
625.75,1.6417,1.6419,1.6418,5
625.85,1.6414,1.6417,1.6416,5
625.95,1.6412,1.6415,1.6413,5
626.05,1.641,1.6412,1.6411,5
626.15,1.6408,1.641,1.6409,5
626.25,1.6405,1.6408,1.6407,5
626.35,1.6403,1.6406,1.6404,5
626.45,1.6401,1.6403,1.6402,5
626.55,1.6398,1.6401,1.64,5
626.65,1.6396,1.6399,1.6397,5
626.75,1.6394,1.6396,1.6395,5
626.85,1.6391,1.6394,1.6393,5
626.95,1.6389,1.6392,1.639,5
627.05,1.6387,1.6389,1.6388,5
627.15,1.6384,1.6387,1.6386,5
627.25,1.6382,1.6384,1.6383,5
627.35,1.6379,1.6382,1.6381,5
627.45,1.6377,1.6379,1.6378,5
627.55,1.6374,1.6378,1.6375,5
627.65,1.6371,1.6375,1.6373,5
627.75,1.6368,1.6372,1.637,5
627.85,1.6365,1.6369,1.6367,5
627.95,1.6362,1.6366,1.6364,5
628.05,1.6359,1.6362,1.636,5
628.15,1.6356,1.6359,1.6357,5
628.25,1.6353,1.6356,1.6354,5
628.35,1.6349,1.6353,1.6351,5
628.45,1.6346,1.635,1.6348,5
628.55,1.6343,1.6346,1.6344,5
628.65,1.634,1.6343,1.6341,5
628.75,1.6337,1.6339,1.6338,5
628.85,1.6334,1.6336,1.6335,5
628.95,1.633,1.6333,1.6332,5
629.05,1.6327,1.6329,1.6328,5
629.15,1.6323,1.6326,1.6325,5
629.25,1.632,1.6322,1.6321,5
629.35,1.6316,1.6319,1.6318,5
629.45,1.6313,1.6315,1.6314,5
629.55,1.6309,1.6311,1.6311,5
629.65,1.6305,1.6308,1.6307,5
629.75,1.6302,1.6304,1.6304,5
629.85,1.6298,1.6301,1.63,5
629.95,1.6295,1.6297,1.6296,5
630.05,1.6291,1.6293,1.6293,5
630.15,1.6287,1.629,1.6289,5
630.25,1.6283,1.6286,1.6285,5
630.35,1.628,1.6282,1.6281,5
630.45,1.6276,1.6278,1.6278,5
630.55,1.6272,1.6275,1.6274,5
630.65,1.6269,1.6271,1.627,5
630.75,1.6265,1.6268,1.6267,5
630.85,1.6261,1.6265,1.6263,5
630.95,1.6257,1.6261,1.6259,5
631.05,1.6254,1.6257,1.6255,5
631.15,1.625,1.6253,1.6252,5
631.25,1.6246,1.625,1.6248,5
631.35,1.6243,1.6246,1.6244,5
631.45,1.6239,1.6242,1.6241,5
631.55,1.6235,1.6239,1.6237,5
631.65,1.6232,1.6235,1.6233,5
631.75,1.6229,1.6231,1.623,5
631.85,1.6226,1.6228,1.6227,5
631.95,1.6222,1.6225,1.6224,5
632.05,1.6219,1.6221,1.622,5
632.15,1.6216,1.6218,1.6217,5
632.25,1.6212,1.6214,1.6214,5
632.35,1.6209,1.6211,1.621,5
632.45,1.6206,1.6208,1.6207,5
632.55,1.6202,1.6204,1.6204,5
632.65,1.6199,1.6201,1.62,5
632.75,1.6196,1.6198,1.6197,5
632.85,1.6192,1.6194,1.6194,5
632.95,1.6189,1.6191,1.6191,5
633.05,1.6186,1.6188,1.6187,5
633.15,1.6183,1.6185,1.6184,5
633.25,1.6179,1.6181,1.6181,5
633.35,1.6176,1.6178,1.6178,5
633.45,1.6173,1.6175,1.6174,5
633.55,1.617,1.6172,1.6171,5
633.65,1.6167,1.6169,1.6168,5
633.75,1.6163,1.6165,1.6165,5
633.85,1.616,1.6162,1.6162,5
633.95,1.6157,1.616,1.6158,5
634.05,1.6154,1.6157,1.6155,5
634.15,1.6151,1.6154,1.6152,5
634.25,1.6148,1.6151,1.6149,5
634.35,1.6145,1.6147,1.6146,5
634.45,1.6142,1.6144,1.6143,5
634.55,1.6138,1.6141,1.614,5
634.65,1.6135,1.6138,1.6137,5
634.75,1.6132,1.6135,1.6134,5
634.85,1.6129,1.6132,1.613,5
634.95,1.6126,1.6129,1.6127,5
635.05,1.6124,1.6125,1.6124,5
635.15,1.612,1.6122,1.6121,5
635.25,1.6117,1.6119,1.6118,5
635.35,1.6114,1.6116,1.6116,5
635.45,1.6111,1.6113,1.6112,5
635.55,1.6108,1.6109,1.6109,5
635.65,1.6104,1.6106,1.6106,5
635.75,1.6101,1.6103,1.6103,5
635.85,1.6098,1.6099,1.6099,5
635.95,1.6094,1.6096,1.6096,5
636.05,1.6091,1.6093,1.6093,5
636.15,1.6087,1.6089,1.6089,5
636.25,1.6084,1.6086,1.6085,5
636.35,1.608,1.6082,1.6082,5
636.45,1.6076,1.6078,1.6078,5
636.55,1.6073,1.6075,1.6075,5
636.65,1.6069,1.6071,1.6071,5
636.75,1.6065,1.6067,1.6067,5
636.85,1.6061,1.6064,1.6063,5
636.95,1.6058,1.606,1.606,5
637.05,1.6054,1.6056,1.6056,5
637.15,1.605,1.6053,1.6052,5
637.25,1.6046,1.605,1.6048,5
637.35,1.6042,1.6046,1.6044,5
637.45,1.6039,1.6042,1.6041,5
637.55,1.6035,1.6038,1.6037,5
637.65,1.6031,1.6034,1.6033,5
637.75,1.6027,1.603,1.6029,5
637.85,1.6023,1.6027,1.6025,5
637.95,1.6019,1.6023,1.6021,5
638.05,1.6015,1.6019,1.6017,5
638.15,1.6012,1.6015,1.6013,5
638.25,1.6008,1.6011,1.6009,5
638.35,1.6004,1.6007,1.6006,5
638.45,1.6,1.6003,1.6002,5
638.55,1.5997,1.5999,1.5998,5
638.65,1.5993,1.5995,1.5995,5
638.75,1.5989,1.5991,1.5991,5
638.85,1.5985,1.5987,1.5987,5
638.95,1.5981,1.5983,1.5983,5
639.05,1.5977,1.5979,1.5979,5
639.15,1.5973,1.5976,1.5975,5
639.25,1.5969,1.5972,1.5971,5
639.35,1.5965,1.5968,1.5967,5
639.45,1.5961,1.5964,1.5963,5
639.55,1.5957,1.596,1.5959,5
639.65,1.5954,1.5956,1.5955,5
639.75,1.595,1.5952,1.5951,5
639.85,1.5946,1.5948,1.5947,5
639.95,1.5942,1.5945,1.5943,5
640.05,1.5938,1.5941,1.5939,5
640.15,1.5934,1.5937,1.5935,5
640.25,1.593,1.5933,1.5932,5
640.35,1.5926,1.5929,1.5928,5
640.45,1.5923,1.5926,1.5924,5
640.55,1.592,1.5923,1.5921,5
640.65,1.5916,1.5919,1.5917,5
640.75,1.5913,1.5916,1.5914,5
640.85,1.591,1.5912,1.5911,5
640.95,1.5907,1.5909,1.5907,5
641.05,1.5904,1.5906,1.5904,5
641.15,1.59,1.5902,1.5901,5
641.25,1.5897,1.5899,1.5897,5
641.35,1.5893,1.5895,1.5895,5
641.45,1.589,1.5892,1.5891,5
641.55,1.5886,1.5888,1.5888,5
641.65,1.5883,1.5885,1.5884,5
641.75,1.5879,1.5881,1.588,5
641.85,1.5875,1.5877,1.5877,5
641.95,1.5872,1.5873,1.5873,5
642.05,1.5868,1.587,1.5869,5
642.15,1.5864,1.5866,1.5865,5
642.25,1.586,1.5862,1.5861,5
642.35,1.5856,1.5858,1.5857,5
642.45,1.5852,1.5853,1.5853,5
642.55,1.5848,1.5849,1.5849,5
642.65,1.5843,1.5844,1.5844,5
642.75,1.5838,1.5839,1.5839,5
642.85,1.5833,1.5835,1.5834,5
642.95,1.5827,1.583,1.5829,5
643.05,1.5822,1.5825,1.5824,5
643.15,1.5817,1.5819,1.5818,5
643.25,1.5811,1.5814,1.5813,5
643.35,1.5806,1.5809,1.5807,5
643.45,1.58,1.5803,1.5802,5
643.55,1.5796,1.5797,1.5796,5
643.65,1.579,1.5792,1.5791,5
643.75,1.5784,1.5786,1.5786,5
643.85,1.5778,1.578,1.578,5
643.95,1.5772,1.5774,1.5774,5
644.05,1.5767,1.5768,1.5769,5
644.15,1.5761,1.5762,1.5763,5
644.25,1.5755,1.5756,1.5757,5
644.35,1.5749,1.575,1.5751,5
644.45,1.5742,1.5744,1.5745,5
644.55,1.5736,1.5738,1.5739,5
644.65,1.573,1.5732,1.5732,5
644.75,1.5724,1.5727,1.5726,5
644.85,1.5718,1.5721,1.572,5
644.95,1.5712,1.5715,1.5714,5
645.05,1.5706,1.5709,1.5708,5
645.15,1.57,1.5702,1.5702,5
645.25,1.5694,1.5696,1.5696,5
645.35,1.5688,1.569,1.569,5
645.45,1.5682,1.5684,1.5684,5
645.55,1.5676,1.5678,1.5677,5
645.65,1.567,1.5672,1.5672,5
645.75,1.5664,1.5666,1.5666,5
645.85,1.5658,1.5659,1.566,5
645.95,1.5651,1.5653,1.5654,5
646.05,1.5645,1.5647,1.5647,5
646.15,1.5639,1.5641,1.5641,5
646.25,1.5633,1.5635,1.5635,5
646.35,1.5627,1.5629,1.5629,5
646.45,1.562,1.5622,1.5623,5
646.55,1.5614,1.5617,1.5616,5
646.65,1.5608,1.5611,1.561,5
646.75,1.5602,1.5605,1.5604,5
646.85,1.5596,1.5599,1.5598,5
646.95,1.559,1.5593,1.5592,5
647.05,1.5584,1.5586,1.5586,5
647.15,1.5579,1.5581,1.558,5
647.25,1.5573,1.5575,1.5574,5
647.35,1.5567,1.5569,1.5568,5
647.45,1.5561,1.5563,1.5563,5
647.55,1.5555,1.5557,1.5557,5
647.65,1.5549,1.5551,1.5551,5
647.75,1.5543,1.5545,1.5545,5
647.85,1.5537,1.5539,1.554,5
647.95,1.5532,1.5534,1.5534,5
648.05,1.5526,1.5528,1.5528,5
648.15,1.552,1.5522,1.5522,5
648.25,1.5514,1.5516,1.5516,5
648.35,1.5509,1.5512,1.5511,5
648.45,1.5503,1.5506,1.5505,5
648.55,1.5497,1.55,1.5499,5
648.65,1.5491,1.5495,1.5494,5
648.75,1.5486,1.5489,1.5488,5
648.85,1.548,1.5483,1.5482,5
648.95,1.5474,1.5478,1.5477,5
649.05,1.547,1.5472,1.5471,5
649.15,1.5464,1.5466,1.5465,5
649.25,1.5459,1.5461,1.546,5
649.35,1.5453,1.5455,1.5455,5
649.45,1.5448,1.545,1.545,5
649.55,1.5442,1.5444,1.5444,5
649.65,1.5437,1.5439,1.5439,5
649.75,1.5431,1.5434,1.5434,5
649.85,1.5426,1.5428,1.5428,5
649.95,1.5421,1.5423,1.5423,5
650.05,1.5415,1.5417,1.5417,5
650.15,1.541,1.5412,1.5412,5
650.25,1.5405,1.5407,1.5407,5
650.35,1.5399,1.5402,1.5401,5
650.45,1.5394,1.5397,1.5396,5
650.55,1.5389,1.5392,1.5391,5
650.65,1.5384,1.5387,1.5386,5
650.75,1.5378,1.5381,1.538,5
650.85,1.5373,1.5376,1.5375,5
650.95,1.5368,1.5371,1.537,5
651.05,1.5364,1.5366,1.5365,5
651.15,1.5359,1.536,1.5359,5
651.25,1.5353,1.5355,1.5354,5
651.35,1.5348,1.535,1.5349,5
651.45,1.5343,1.5345,1.5345,5
651.55,1.5338,1.534,1.534,5
651.65,1.5333,1.5334,1.5334,5
651.75,1.5327,1.5329,1.5329,5
651.85,1.5322,1.5324,1.5324,5
651.95,1.5317,1.5319,1.5319,5
652.05,1.5312,1.5313,1.5313,5
652.15,1.5307,1.5308,1.5308,5
652.25,1.5301,1.5303,1.5303,5
652.35,1.5296,1.5298,1.5298,5
652.45,1.5291,1.5294,1.5293,5
652.55,1.5286,1.5289,1.5288,5
652.65,1.5281,1.5284,1.5283,5
652.75,1.5276,1.5279,1.5278,5
652.85,1.5271,1.5274,1.5273,5
652.95,1.5266,1.5269,1.5268,5
653.05,1.5261,1.5264,1.5263,5
653.15,1.5256,1.5259,1.5258,5
653.25,1.5252,1.5254,1.5253,5
653.35,1.5248,1.5249,1.5248,5
653.45,1.5243,1.5245,1.5244,5
653.55,1.5238,1.524,1.5239,5
653.65,1.5234,1.5235,1.5235,5
653.75,1.5229,1.5231,1.5231,5
653.85,1.5224,1.5226,1.5226,5
653.95,1.522,1.5222,1.5222,5
654.05,1.5216,1.5217,1.5217,5
654.15,1.5211,1.5213,1.5213,5
654.25,1.5207,1.5209,1.5208,5
654.35,1.5203,1.5204,1.5204,5
654.45,1.5198,1.52,1.52,5
654.55,1.5194,1.5196,1.5196,5
654.65,1.519,1.5192,1.5192,5
654.75,1.5186,1.5189,1.5188,5
654.85,1.5182,1.5185,1.5184,5
654.95,1.5179,1.5181,1.518,5
655.05,1.5175,1.5178,1.5176,5
655.15,1.5171,1.5174,1.5173,5
655.25,1.5168,1.517,1.5169,5
655.35,1.5164,1.5167,1.5166,5
655.45,1.5161,1.5163,1.5162,5
655.55,1.5157,1.516,1.5159,5
655.65,1.5154,1.5157,1.5156,5
655.75,1.5151,1.5154,1.5153,5
655.85,1.5148,1.5151,1.515,5
655.95,1.5146,1.5148,1.5147,5
656.05,1.5143,1.5145,1.5144,5
656.15,1.5141,1.5143,1.5141,5
656.25,1.5139,1.514,1.5139,5
656.35,1.5137,1.5139,1.5137,5
656.45,1.5135,1.5137,1.5135,5
656.55,1.5133,1.5135,1.5134,5
656.65,1.5131,1.5133,1.5132,5
656.75,1.513,1.5132,1.513,5
656.85,1.5128,1.513,1.5129,5
656.95,1.5127,1.5129,1.5127,5
657.05,1.5126,1.5128,1.5127,5
657.15,1.5125,1.5126,1.5126,5
657.25,1.5123,1.5125,1.5125,5
657.35,1.5122,1.5124,1.5124,5
657.45,1.5121,1.5123,1.5123,5
657.55,1.512,1.5122,1.5122,5
657.65,1.512,1.5122,1.5121,5
657.75,1.5119,1.5121,1.512,5
657.85,1.5118,1.512,1.5119,5
657.95,1.5118,1.5119,1.5119,5
658.05,1.5117,1.5119,1.5118,5
658.15,1.5116,1.5118,1.5118,5
658.25,1.5116,1.5118,1.5117,5
658.35,1.5116,1.5118,1.5117,5
658.45,1.5115,1.5117,1.5116,5
658.55,1.5115,1.5117,1.5116,5
658.65,1.5115,1.5116,1.5115,5
658.75,1.5114,1.5116,1.5115,5
658.85,1.5114,1.5116,1.5115,5
658.95,1.5114,1.5116,1.5115,5
659.05,1.5114,1.5116,1.5114,5
659.15,1.5113,1.5115,1.5114,5
659.25,1.5113,1.5115,1.5114,5
659.35,1.5113,1.5115,1.5114,5
659.45,1.5113,1.5115,1.5114,5
659.55,1.5113,1.5115,1.5114,5
659.65,1.5113,1.5115,1.5114,5
659.75,1.5113,1.5115,1.5114,5
659.85,1.5113,1.5115,1.5114,5
659.95,1.5113,1.5115,1.5114,5
660.05,1.5113,1.5115,1.5114,5
660.15,1.5113,1.5115,1.5114,5
660.25,1.5113,1.5115,1.5114,5
660.35,1.5113,1.5115,1.5114,5
660.45,1.5113,1.5115,1.5114,5
660.55,1.5113,1.5115,1.5114,5
660.65,1.5113,1.5115,1.5114,5
660.75,1.5113,1.5115,1.5114,5
660.85,1.5113,1.5115,1.5114,5
660.95,1.5113,1.5115,1.5114,5
661.05,1.5113,1.5115,1.5113,5
661.15,1.5113,1.5114,1.5113,5
661.25,1.5112,1.5114,1.5113,5
661.35,1.5112,1.5114,1.5113,5
661.45,1.5112,1.5114,1.5112,5
661.55,1.5112,1.5113,1.5112,5
661.65,1.5111,1.5113,1.5112,5
661.75,1.5111,1.5113,1.5112,5
661.85,1.5111,1.5112,1.5111,5
661.95,1.511,1.5112,1.5111,5
662.05,1.511,1.5112,1.5111,5
662.15,1.5109,1.5111,1.511,5
662.25,1.5109,1.5111,1.511,5
662.35,1.5109,1.5111,1.511,5
662.45,1.5108,1.511,1.5109,5
662.55,1.5108,1.511,1.5109,5
662.65,1.5107,1.5109,1.5108,5
662.75,1.5107,1.5109,1.5108,5
662.85,1.5106,1.5109,1.5108,5
662.95,1.5106,1.5108,1.5107,5
663.05,1.5105,1.5108,1.5107,5
663.15,1.5105,1.5107,1.5106,5
663.25,1.5104,1.5107,1.5106,5
663.35,1.5104,1.5106,1.5105,5
663.45,1.5103,1.5105,1.5104,5
663.55,1.5102,1.5105,1.5104,5
663.65,1.5102,1.5104,1.5103,5
663.75,1.5101,1.5103,1.5103,5
663.85,1.51,1.5103,1.5102,5
663.95,1.51,1.5102,1.5101,5
664.05,1.5099,1.5101,1.5101,5
664.15,1.5098,1.5101,1.51,5
664.25,1.5098,1.51,1.5099,5
664.35,1.5097,1.5099,1.5098,5
664.45,1.5096,1.5099,1.5098,5
664.55,1.5095,1.5098,1.5097,5
664.65,1.5095,1.5097,1.5096,5
664.75,1.5094,1.5096,1.5095,5
664.85,1.5093,1.5095,1.5095,5
664.95,1.5092,1.5095,1.5094,5
665.05,1.5092,1.5094,1.5093,5
665.15,1.5091,1.5093,1.5092,5
665.25,1.509,1.5092,1.5092,5
665.35,1.5089,1.5091,1.5091,5
665.45,1.5088,1.5091,1.509,5
665.55,1.5088,1.509,1.5089,5
665.65,1.5087,1.5089,1.5088,5
665.75,1.5086,1.5088,1.5088,5
665.85,1.5086,1.5088,1.5087,5
665.95,1.5085,1.5087,1.5086,5
666.05,1.5084,1.5086,1.5086,5
666.15,1.5084,1.5086,1.5085,5
666.25,1.5083,1.5085,1.5084,5
666.35,1.5082,1.5084,1.5083,5
666.45,1.5081,1.5083,1.5083,5
666.55,1.5081,1.5083,1.5082,5
666.65,1.508,1.5082,1.5081,5
666.75,1.5079,1.5081,1.508,5
666.85,1.5078,1.5081,1.5079,5
666.95,1.5077,1.508,1.5079,5
667.05,1.5077,1.5079,1.5078,5
667.15,1.5076,1.5078,1.5077,5
667.25,1.5075,1.5078,1.5076,5
667.35,1.5074,1.5077,1.5075,5
667.45,1.5073,1.5076,1.5074,5
667.55,1.5072,1.5074,1.5073,5
667.65,1.5071,1.5073,1.5072,5
667.75,1.507,1.5072,1.507,5
667.85,1.5068,1.5071,1.5069,5
667.95,1.5067,1.507,1.5068,5
668.05,1.5066,1.5069,1.5067,5
668.15,1.5065,1.5067,1.5065,5
668.25,1.5063,1.5066,1.5064,5
668.35,1.5062,1.5064,1.5063,5
668.45,1.506,1.5063,1.5061,5
668.55,1.5059,1.5061,1.5059,5
668.65,1.5057,1.506,1.5058,5
668.75,1.5055,1.5058,1.5056,5
668.85,1.5054,1.5056,1.5055,5
668.95,1.5052,1.5055,1.5053,5
669.05,1.505,1.5053,1.5051,5
669.15,1.5048,1.5051,1.5049,5
669.25,1.5046,1.5049,1.5047,5
669.35,1.5044,1.5047,1.5045,5
669.45,1.5042,1.5045,1.5043,5
669.55,1.504,1.5043,1.5041,5
669.65,1.5038,1.5041,1.5039,5
669.75,1.5037,1.5039,1.5037,5
669.85,1.5035,1.5036,1.5035,5
669.95,1.5032,1.5034,1.5033,5
670.05,1.503,1.5032,1.503,5
670.15,1.5028,1.5029,1.5028,5
670.25,1.5025,1.5027,1.5025,5
670.35,1.5023,1.5025,1.5023,5
670.45,1.502,1.5022,1.502,5
670.55,1.5018,1.5019,1.5018,5
670.65,1.5015,1.5016,1.5016,5
670.75,1.5012,1.5013,1.5013,5
670.85,1.5009,1.501,1.501,5
670.95,1.5006,1.5007,1.5007,5
671.05,1.5003,1.5004,1.5004,5
671.15,1.5,1.5001,1.5001,5
671.25,1.4996,1.4998,1.4998,5
671.35,1.4993,1.4995,1.4994,5
671.45,1.499,1.4991,1.4991,5
671.55,1.4987,1.4988,1.4988,5
671.65,1.4983,1.4985,1.4985,5
671.75,1.498,1.4981,1.4981,5
671.85,1.4977,1.4978,1.4978,5
671.95,1.4973,1.4975,1.4975,5
672.05,1.497,1.4972,1.4971,5
672.15,1.4966,1.4969,1.4968,5
672.25,1.4963,1.4965,1.4964,5
672.35,1.4959,1.4962,1.4961,5
672.45,1.4956,1.4958,1.4957,5
672.55,1.4952,1.4955,1.4954,5
672.65,1.4949,1.4951,1.495,5
672.75,1.4945,1.4948,1.4947,5
672.85,1.4942,1.4944,1.4943,5
672.95,1.4938,1.494,1.494,5
673.05,1.4935,1.4937,1.4936,5
673.15,1.4931,1.4934,1.4933,5
673.25,1.4929,1.493,1.493,5
673.35,1.4926,1.4927,1.4926,5
673.45,1.4922,1.4924,1.4923,5
673.55,1.4919,1.492,1.4919,5
673.65,1.4915,1.4917,1.4916,5
673.75,1.4912,1.4914,1.4913,5
673.85,1.4909,1.491,1.4909,5
673.95,1.4905,1.4907,1.4907,5
674.05,1.4902,1.4903,1.4903,5
674.15,1.4898,1.49,1.49,5
674.25,1.4895,1.4897,1.4896,5
674.35,1.4891,1.4893,1.4893,5
674.45,1.4888,1.489,1.489,5
674.55,1.4885,1.4886,1.4886,5
674.65,1.4881,1.4883,1.4883,5
674.75,1.4878,1.4879,1.4879,5
674.85,1.4874,1.4876,1.4876,5
674.95,1.4871,1.4873,1.4872,5
675.05,1.4867,1.4869,1.4869,5
675.15,1.4864,1.4866,1.4865,5
675.25,1.486,1.4863,1.4862,5
675.35,1.4857,1.486,1.4858,5
675.45,1.4853,1.4856,1.4855,5
675.55,1.485,1.4853,1.4851,5
675.65,1.4846,1.485,1.4848,5
675.75,1.4843,1.4846,1.4845,5
675.85,1.484,1.4843,1.4841,5
675.95,1.4836,1.4839,1.4838,5
676.05,1.4833,1.4836,1.4834,5
676.15,1.4829,1.4832,1.4831,5
676.25,1.4826,1.4829,1.4827,5
676.35,1.4822,1.4825,1.4824,5
676.45,1.482,1.4822,1.4821,5
676.55,1.4816,1.4819,1.4817,5
676.65,1.4813,1.4815,1.4814,5
676.75,1.481,1.4812,1.481,5
676.85,1.4806,1.4808,1.4807,5
676.95,1.4803,1.4805,1.4803,5
677.05,1.4799,1.4801,1.48,5
677.15,1.4796,1.4798,1.4797,5
677.25,1.4792,1.4794,1.4794,5
677.35,1.4789,1.4791,1.479,5
677.45,1.4785,1.4787,1.4787,5
677.55,1.4782,1.4784,1.4783,5
677.65,1.4778,1.478,1.478,5
677.75,1.4775,1.4777,1.4776,5
677.85,1.4771,1.4773,1.4773,5
677.95,1.4768,1.4769,1.4769,5
678.05,1.4764,1.4766,1.4766,5
678.15,1.476,1.4762,1.4762,5
678.25,1.4757,1.4759,1.4759,5
678.35,1.4753,1.4756,1.4755,5
678.45,1.475,1.4753,1.4751,5
678.55,1.4746,1.4749,1.4748,5
678.65,1.4743,1.4746,1.4744,5
678.75,1.4739,1.4742,1.4741,5
678.85,1.4736,1.4738,1.4737,5
678.95,1.4732,1.4735,1.4734,5
679.05,1.4728,1.4731,1.473,5
679.15,1.4725,1.4728,1.4726,5
679.25,1.4721,1.4724,1.4723,5
679.35,1.4718,1.472,1.4719,5
679.45,1.4714,1.4717,1.4716,5
679.55,1.4711,1.4713,1.4712,5
679.65,1.4708,1.471,1.4708,5
679.75,1.4704,1.4706,1.4705,5
679.85,1.47,1.4702,1.4701,5
679.95,1.4697,1.4699,1.4697,5
680.05,1.4693,1.4695,1.4694,5
680.15,1.469,1.4692,1.469,5
680.25,1.4686,1.4688,1.4687,5
680.35,1.4682,1.4684,1.4684,5
680.45,1.4679,1.4681,1.468,5
680.55,1.4675,1.4677,1.4677,5
680.65,1.4671,1.4673,1.4673,5
680.75,1.4668,1.467,1.4669,5
680.85,1.4664,1.4666,1.4666,5
680.95,1.4661,1.4663,1.4662,5
681.05,1.4657,1.4659,1.4659,5
681.15,1.4653,1.4655,1.4655,5
681.25,1.465,1.4652,1.4651,5
681.35,1.4646,1.4649,1.4648,5
681.45,1.4642,1.4645,1.4644,5
681.55,1.4639,1.4642,1.464,5
681.65,1.4635,1.4638,1.4637,5
681.75,1.4632,1.4635,1.4633,5
681.85,1.4628,1.4631,1.463,5
681.95,1.4624,1.4627,1.4626,5
682.05,1.4621,1.4624,1.4622,5
682.15,1.4617,1.462,1.4619,5
682.25,1.4613,1.4616,1.4615,5
682.35,1.461,1.4613,1.4611,5
682.45,1.4606,1.4609,1.4608,5
682.55,1.4603,1.4605,1.4604,5
682.65,1.46,1.4602,1.46,5
682.75,1.4596,1.4598,1.4597,5
682.85,1.4592,1.4594,1.4593,5
682.95,1.4589,1.4591,1.459,5
683.05,1.4585,1.4587,1.4586,5
683.15,1.4582,1.4583,1.4582,5
683.25,1.4578,1.458,1.4579,5
683.35,1.4574,1.4576,1.4576,5
683.45,1.4571,1.4573,1.4572,5
683.55,1.4567,1.4569,1.4569,5
683.65,1.4563,1.4565,1.4565,5
683.75,1.456,1.4562,1.4562,5
683.85,1.4556,1.4558,1.4558,5
683.95,1.4553,1.4554,1.4554,5
684.05,1.4549,1.4551,1.4551,5
684.15,1.4545,1.4547,1.4547,5
684.25,1.4542,1.4543,1.4543,5
684.35,1.4538,1.454,1.454,5
684.45,1.4534,1.4537,1.4536,5
684.55,1.4531,1.4533,1.4532,5
684.65,1.4527,1.453,1.4529,5
684.75,1.4523,1.4526,1.4525,5
684.85,1.452,1.4522,1.4521,5
684.95,1.4516,1.4519,1.4518,5
685.05,1.4512,1.4515,1.4514,5
685.15,1.4509,1.4511,1.451,5
685.25,1.4505,1.4508,1.4507,5
685.35,1.4501,1.4504,1.4503,5
685.45,1.4498,1.45,1.4499,5
685.55,1.4495,1.4496,1.4495,5
685.65,1.4491,1.4493,1.4492,5
685.75,1.4487,1.4489,1.4488,5
685.85,1.4484,1.4485,1.4484,5
685.95,1.448,1.4481,1.4481,5
686.05,1.4476,1.4478,1.4477,5
686.15,1.4472,1.4474,1.4473,5
686.25,1.4469,1.447,1.4469,5
686.35,1.4465,1.4467,1.4466,5
686.45,1.4461,1.4463,1.4463,5
686.55,1.4457,1.4459,1.4459,5
686.65,1.4454,1.4455,1.4455,5
686.75,1.445,1.4451,1.4451,5
686.85,1.4446,1.4448,1.4448,5
686.95,1.4442,1.4444,1.4444,5
687.05,1.4438,1.444,1.444,5
687.15,1.4435,1.4436,1.4436,5
687.25,1.4431,1.4432,1.4432,5
687.35,1.4427,1.443,1.4428,5
687.45,1.4423,1.4426,1.4425,5
687.55,1.4419,1.4422,1.4421,5
687.65,1.4415,1.4418,1.4417,5
687.75,1.4412,1.4414,1.4413,5
687.85,1.4408,1.441,1.4409,5
687.95,1.4404,1.4407,1.4405,5
688.05,1.44,1.4403,1.4401,5
688.15,1.4396,1.4399,1.4398,5
688.25,1.4392,1.4395,1.4394,5
688.35,1.4388,1.4391,1.439,5
688.45,1.4386,1.4387,1.4386,5
688.55,1.4382,1.4383,1.4382,5
688.65,1.4378,1.438,1.4378,5
688.75,1.4374,1.4376,1.4374,5
688.85,1.437,1.4372,1.4371,5
688.95,1.4366,1.4368,1.4367,5
689.05,1.4362,1.4364,1.4363,5
689.15,1.4358,1.436,1.4359,5
689.25,1.4355,1.4356,1.4356,5
689.35,1.4351,1.4352,1.4352,5
689.45,1.4347,1.4348,1.4348,5
689.55,1.4343,1.4345,1.4344,5
689.65,1.4339,1.4341,1.434,5
689.75,1.4335,1.4337,1.4337,5
689.85,1.4331,1.4333,1.4333,5
689.95,1.4327,1.4329,1.4329,5
690.05,1.4324,1.4325,1.4325,5
690.15,1.432,1.4322,1.4321,5
690.25,1.4316,1.4318,1.4317,5
690.35,1.4312,1.4314,1.4313,5
690.45,1.4308,1.431,1.4309,5
690.55,1.4304,1.4306,1.4305,5
690.65,1.43,1.4302,1.4301,5
690.75,1.4296,1.4299,1.4297,5
690.85,1.4292,1.4295,1.4294,5
690.95,1.4289,1.4291,1.429,5
691.05,1.4285,1.4287,1.4286,5
691.15,1.4281,1.4283,1.4282,5
691.25,1.4278,1.4279,1.4278,5
691.35,1.4274,1.4276,1.4274,5
691.45,1.4271,1.4272,1.4271,5
691.55,1.4267,1.4268,1.4267,5
691.65,1.4263,1.4264,1.4263,5
691.75,1.4259,1.426,1.4259,5
691.85,1.4255,1.4256,1.4255,5
691.95,1.4251,1.4253,1.4251,5
692.05,1.4248,1.4249,1.4247,5
692.15,1.4244,1.4245,1.4245,5
692.25,1.424,1.4241,1.4241,5
692.35,1.4236,1.4237,1.4237,5
692.45,1.4232,1.4234,1.4233,5
692.55,1.4228,1.423,1.4229,5
692.65,1.4225,1.4226,1.4225,5
692.75,1.4221,1.4222,1.4222,5
692.85,1.4217,1.4218,1.4218,5
692.95,1.4213,1.4216,1.4214,5
693.05,1.4209,1.4212,1.421,5
693.15,1.4206,1.4208,1.4206,5
693.25,1.4202,1.4204,1.4203,5
693.35,1.4198,1.42,1.4199,5
693.45,1.4194,1.4197,1.4195,5
693.55,1.419,1.4193,1.4191,5
693.65,1.4187,1.4189,1.4187,5
693.75,1.4183,1.4185,1.4184,5
693.85,1.4179,1.4182,1.418,5
693.95,1.4175,1.4178,1.4176,5
694.05,1.4172,1.4174,1.4172,5
694.15,1.4169,1.417,1.4169,5
694.25,1.4165,1.4167,1.4165,5
694.35,1.4161,1.4163,1.4161,5
694.45,1.4157,1.4159,1.4157,5
694.55,1.4154,1.4155,1.4154,5
694.65,1.415,1.4151,1.415,5
694.75,1.4146,1.4148,1.4146,5
694.85,1.4142,1.4144,1.4143,5
694.95,1.4139,1.414,1.4139,5
695.05,1.4135,1.4136,1.4136,5
695.15,1.4131,1.4133,1.4132,5
695.25,1.4127,1.4129,1.4129,5
695.35,1.4124,1.4125,1.4125,5
695.45,1.412,1.4121,1.4121,5
695.55,1.4116,1.4118,1.4117,5
695.65,1.4112,1.4114,1.4114,5
695.75,1.4109,1.411,1.411,5
695.85,1.4105,1.4107,1.4106,5
695.95,1.4101,1.4104,1.4103,5
696.05,1.4097,1.41,1.4099,5
696.15,1.4094,1.4096,1.4095,5
696.25,1.409,1.4093,1.4091,5
696.35,1.4086,1.4089,1.4088,5
696.45,1.4082,1.4085,1.4084,5
696.55,1.4079,1.4081,1.408,5
696.65,1.4075,1.4078,1.4077,5
696.75,1.4071,1.4074,1.4073,5
696.85,1.4068,1.407,1.4069,5
696.95,1.4064,1.4067,1.4065,5
697.05,1.4061,1.4063,1.4062,5
697.15,1.4057,1.4059,1.4058,5
697.25,1.4054,1.4055,1.4054,5
697.35,1.405,1.4052,1.4051,5
697.45,1.4046,1.4048,1.4047,5
697.55,1.4042,1.4044,1.4043,5
697.65,1.4039,1.4041,1.404,5
697.75,1.4035,1.4037,1.4036,5
697.85,1.4031,1.4033,1.4032,5
697.95,1.4028,1.403,1.4029,5
698.05,1.4024,1.4026,1.4026,5
698.15,1.402,1.4022,1.4022,5
698.25,1.4017,1.4019,1.4018,5
698.35,1.4013,1.4015,1.4015,5
698.45,1.4009,1.4011,1.4011,5
698.55,1.4006,1.4008,1.4007,5
698.65,1.4002,1.4004,1.4004,5
698.75,1.3998,1.4,1.4,5
698.85,1.3995,1.3998,1.3997,5
698.95,1.3991,1.3994,1.3993,5
699.05,1.3987,1.399,1.3989,5
699.15,1.3984,1.3987,1.3986,5
699.25,1.398,1.3983,1.3982,5
699.35,1.3977,1.398,1.3979,5
699.45,1.3973,1.3976,1.3975,5
699.55,1.397,1.3973,1.3971,5
699.65,1.3966,1.3969,1.3968,5
699.75,1.3962,1.3965,1.3964,5
699.85,1.3959,1.3962,1.3961,5
699.95,1.3955,1.3958,1.3957,5
700.05,1.3952,1.3955,1.3954,5
700.15,1.3949,1.3951,1.395,5
700.25,1.3946,1.3948,1.3946,5
700.35,1.3942,1.3944,1.3943,5
700.45,1.3939,1.394,1.3939,5
700.55,1.3935,1.3937,1.3936,5
700.65,1.3932,1.3933,1.3932,5
700.75,1.3928,1.393,1.3929,5
700.85,1.3924,1.3926,1.3925,5
700.95,1.3921,1.3923,1.3922,5
701.05,1.3917,1.3919,1.3918,5
701.15,1.3914,1.3915,1.3915,5
701.25,1.391,1.3912,1.3912,5
701.35,1.3907,1.3908,1.3908,5
701.45,1.3903,1.3905,1.3905,5
701.55,1.39,1.3901,1.3901,5
701.65,1.3896,1.3898,1.3898,5
701.75,1.3893,1.3894,1.3894,5
701.85,1.3889,1.3892,1.3891,5
701.95,1.3886,1.3888,1.3887,5
702.05,1.3882,1.3885,1.3884,5
702.15,1.3879,1.3881,1.388,5
702.25,1.3875,1.3878,1.3877,5
702.35,1.3872,1.3874,1.3873,5
702.45,1.3868,1.3871,1.387,5
702.55,1.3865,1.3867,1.3866,5
702.65,1.3861,1.3863,1.3863,5
702.75,1.3857,1.386,1.3859,5
702.85,1.3854,1.3856,1.3856,5
702.95,1.385,1.3853,1.3852,5
703.05,1.3847,1.3849,1.3849,5
703.15,1.3844,1.3846,1.3845,5
703.25,1.3841,1.3842,1.3841,5
703.35,1.3837,1.3839,1.3838,5
703.45,1.3834,1.3835,1.3834,5
703.55,1.383,1.3832,1.3831,5
703.65,1.3827,1.3828,1.3827,5
703.75,1.3823,1.3825,1.3824,5
703.85,1.3819,1.3821,1.382,5
703.95,1.3816,1.3817,1.3817,5
704.05,1.3812,1.3814,1.3813,5
704.15,1.3809,1.381,1.3809,5
704.25,1.3805,1.3807,1.3806,5
704.35,1.3801,1.3803,1.3803,5
704.45,1.3798,1.38,1.38,5
704.55,1.3794,1.3796,1.3796,5
704.65,1.3791,1.3792,1.3793,5
704.75,1.3787,1.3789,1.3789,5
704.85,1.3783,1.3785,1.3785,5
704.95,1.378,1.3783,1.3782,5
705.05,1.3776,1.3779,1.3778,5
705.15,1.3773,1.3775,1.3774,5
705.25,1.3769,1.3772,1.3771,5
705.35,1.3765,1.3768,1.3767,5
705.45,1.3762,1.3765,1.3764,5
705.55,1.3758,1.3761,1.376,5
705.65,1.3755,1.3757,1.3756,5
705.75,1.3751,1.3754,1.3753,5
705.85,1.3747,1.375,1.3749,5
705.95,1.3744,1.3747,1.3745,5
706.05,1.374,1.3743,1.3742,5
706.15,1.3736,1.3739,1.3738,5
706.25,1.3734,1.3736,1.3734,5
706.35,1.373,1.3732,1.3731,5
706.45,1.3726,1.3728,1.3727,5
706.55,1.3723,1.3725,1.3723,5
706.65,1.3719,1.3721,1.372,5
706.75,1.3715,1.3717,1.3716,5
706.85,1.3712,1.3714,1.3712,5
706.95,1.3708,1.371,1.3709,5
707.05,1.3704,1.3706,1.3705,5
707.15,1.3701,1.3703,1.3702,5
707.25,1.3697,1.3699,1.3698,5
707.35,1.3693,1.3696,1.3695,5
707.45,1.369,1.3692,1.3692,5
707.55,1.3686,1.3688,1.3688,5
707.65,1.3683,1.3685,1.3684,5
707.75,1.3679,1.3681,1.3681,5
707.85,1.3675,1.3677,1.3677,5
707.95,1.3672,1.3675,1.3673,5
708.05,1.3668,1.3671,1.367,5
708.15,1.3664,1.3667,1.3666,5
708.25,1.3661,1.3664,1.3662,5
708.35,1.3657,1.366,1.3659,5
708.45,1.3653,1.3656,1.3655,5
708.55,1.365,1.3653,1.3652,5
708.65,1.3646,1.3649,1.3648,5
708.75,1.3643,1.3645,1.3644,5
708.85,1.3639,1.3642,1.3641,5
708.95,1.3635,1.3638,1.3637,5
709.05,1.3632,1.3634,1.3633,5
709.15,1.3628,1.3631,1.363,5
709.25,1.3625,1.3627,1.3626,5
709.35,1.3622,1.3623,1.3622,5
709.45,1.3618,1.362,1.3619,5
709.55,1.3614,1.3616,1.3615,5
709.65,1.3611,1.3612,1.3611,5
709.75,1.3607,1.3609,1.3608,5
709.85,1.3603,1.3605,1.3604,5
709.95,1.36,1.3601,1.36,5
710.05,1.3596,1.3598,1.3597,5
710.15,1.3592,1.3594,1.3593,5
710.25,1.3589,1.359,1.359,5
710.35,1.3585,1.3587,1.3586,5
710.45,1.3582,1.3583,1.3583,5
710.55,1.3578,1.3579,1.358,5
710.65,1.3574,1.3576,1.3576,5
710.75,1.3571,1.3572,1.3572,5
710.85,1.3567,1.3569,1.3569,5
710.95,1.3563,1.3566,1.3565,5
711.05,1.356,1.3562,1.3561,5
711.15,1.3556,1.3559,1.3558,5
711.25,1.3553,1.3555,1.3554,5
711.35,1.3549,1.3551,1.355,5
711.45,1.3545,1.3548,1.3547,5
711.55,1.3542,1.3544,1.3543,5
711.65,1.3538,1.354,1.354,5
711.75,1.3534,1.3537,1.3536,5
711.85,1.3531,1.3533,1.3532,5
711.95,1.3527,1.3529,1.3529,5
712.05,1.3523,1.3526,1.3525,5
712.15,1.352,1.3522,1.3521,5
712.25,1.3517,1.3518,1.3518,5
712.35,1.3513,1.3515,1.3514,5
712.45,1.351,1.3511,1.351,5
712.55,1.3506,1.3507,1.3507,5
712.65,1.3502,1.3504,1.3503,5
712.75,1.3499,1.35,1.3499,5
712.85,1.3495,1.3496,1.3495,5
712.95,1.3491,1.3492,1.3492,5
713.05,1.3488,1.3489,1.3488,5
713.15,1.3484,1.3485,1.3484,5
713.25,1.348,1.3481,1.3481,5
713.35,1.3476,1.3478,1.3477,5
713.45,1.3473,1.3474,1.3474,5
713.55,1.3469,1.347,1.347,5
713.65,1.3465,1.3467,1.3467,5
713.75,1.3462,1.3463,1.3463,5
713.85,1.3458,1.3459,1.3459,5
713.95,1.3454,1.3456,1.3456,5
714.05,1.345,1.3453,1.3452,5
714.15,1.3447,1.3449,1.3448,5
714.25,1.3443,1.3445,1.3444,5
714.35,1.3439,1.3442,1.3441,5
714.45,1.3436,1.3438,1.3437,5
714.55,1.3432,1.3434,1.3433,5
714.65,1.3428,1.343,1.343,5
714.75,1.3424,1.3427,1.3426,5
714.85,1.3421,1.3423,1.3422,5
714.95,1.3417,1.3419,1.3418,5
715.05,1.3413,1.3416,1.3415,5
715.15,1.341,1.3412,1.3411,5
715.25,1.3407,1.3408,1.3407,5
715.35,1.3403,1.3405,1.3404,5
715.45,1.3399,1.3401,1.34,5
715.55,1.3396,1.3397,1.3396,5
715.65,1.3392,1.3394,1.3393,5
715.75,1.3389,1.339,1.3389,5
715.85,1.3385,1.3386,1.3385,5
715.95,1.3381,1.3383,1.3382,5
716.05,1.3378,1.3379,1.3378,5
716.15,1.3374,1.3375,1.3375,5
716.25,1.337,1.3372,1.3371,5
716.35,1.3367,1.3368,1.3367,5
716.45,1.3363,1.3365,1.3365,5
716.55,1.336,1.3361,1.3361,5
716.65,1.3356,1.3357,1.3358,5
716.75,1.3353,1.3354,1.3354,5
716.85,1.3349,1.3351,1.3351,5
716.95,1.3345,1.3348,1.3347,5
717.05,1.3342,1.3344,1.3343,5
717.15,1.3338,1.3341,1.334,5
717.25,1.3335,1.3337,1.3336,5
717.35,1.3331,1.3334,1.3333,5
717.45,1.3328,1.333,1.3329,5
717.55,1.3324,1.3326,1.3326,5
717.65,1.3321,1.3323,1.3322,5
717.75,1.3317,1.3319,1.3319,5
717.85,1.3313,1.3316,1.3315,5
717.95,1.331,1.3312,1.3312,5
718.05,1.3306,1.3309,1.3308,5
718.15,1.3303,1.3305,1.3305,5
718.25,1.33,1.3302,1.3301,5
718.35,1.3297,1.3298,1.3298,5
718.45,1.3294,1.3295,1.3294,5
718.55,1.329,1.3292,1.3291,5
718.65,1.3287,1.3288,1.3287,5
718.75,1.3283,1.3285,1.3284,5
718.85,1.328,1.3281,1.3281,5
718.95,1.3277,1.3278,1.3277,5
719.05,1.3273,1.3275,1.3274,5
719.15,1.327,1.3271,1.3271,5
719.25,1.3267,1.3268,1.3267,5
719.35,1.3263,1.3265,1.3264,5
719.45,1.326,1.3261,1.326,5
719.55,1.3257,1.3258,1.3257,5
719.65,1.3253,1.3255,1.3255,5
719.75,1.325,1.3251,1.3251,5
719.85,1.3247,1.3248,1.3248,5
719.95,1.3243,1.3245,1.3245,5
720.05,1.324,1.3242,1.3241,5
720.15,1.3237,1.3239,1.3238,5
720.25,1.3233,1.3236,1.3235,5
720.35,1.323,1.3232,1.3232,5
720.45,1.3227,1.3229,1.3228,5
720.55,1.3223,1.3226,1.3225,5
720.65,1.322,1.3223,1.3222,5
720.75,1.3217,1.3219,1.3218,5
720.85,1.3214,1.3216,1.3215,5
720.95,1.321,1.3213,1.3212,5
721.05,1.3207,1.321,1.3208,5
721.15,1.3204,1.3206,1.3205,5
721.25,1.3201,1.3203,1.3202,5
721.35,1.3197,1.32,1.3199,5
721.45,1.3194,1.3197,1.3196,5
721.55,1.3192,1.3193,1.3192,5
721.65,1.3189,1.319,1.3189,5
721.75,1.3186,1.3187,1.3186,5
721.85,1.3182,1.3184,1.3183,5
721.95,1.3179,1.3181,1.3179,5
722.05,1.3176,1.3178,1.3176,5
722.15,1.3173,1.3174,1.3173,5
722.25,1.317,1.3171,1.317,5
722.35,1.3166,1.3168,1.3167,5
722.45,1.3163,1.3165,1.3163,5
722.55,1.316,1.3162,1.316,5
722.65,1.3157,1.3158,1.3157,5
722.75,1.3154,1.3155,1.3154,5
722.85,1.3151,1.3152,1.3151,5
722.95,1.3147,1.3149,1.3148,5
723.05,1.3144,1.3146,1.3145,5
723.15,1.3141,1.3142,1.3142,5
723.25,1.3138,1.3139,1.3139,5
723.35,1.3135,1.3136,1.3136,5
723.45,1.3131,1.3134,1.3133,5
723.55,1.3128,1.3131,1.3129,5
723.65,1.3125,1.3128,1.3126,5
723.75,1.3122,1.3124,1.3123,5
723.85,1.3119,1.3121,1.312,5
723.95,1.3115,1.3118,1.3117,5
724.05,1.3112,1.3115,1.3113,5
724.15,1.3109,1.3112,1.311,5
724.25,1.3106,1.3108,1.3107,5
724.35,1.3102,1.3105,1.3104,5
724.45,1.3099,1.3102,1.31,5
724.55,1.3096,1.3098,1.3097,5
724.65,1.3093,1.3095,1.3094,5
724.75,1.3089,1.3092,1.3091,5
724.85,1.3086,1.3089,1.3087,5
724.95,1.3084,1.3085,1.3084,5
725.05,1.3081,1.3082,1.3081,5
725.15,1.3077,1.3079,1.3078,5
725.25,1.3074,1.3075,1.3074,5
725.35,1.3071,1.3072,1.3071,5
725.45,1.3068,1.3069,1.3068,5
725.55,1.3064,1.3066,1.3064,5
725.65,1.3061,1.3062,1.3061,5
725.75,1.3058,1.3059,1.3058,5
725.85,1.3055,1.3056,1.3055,5
725.95,1.3051,1.3052,1.3051,5
726.05,1.3048,1.3049,1.3048,5
726.15,1.3045,1.3046,1.3045,5
726.25,1.3041,1.3043,1.3042,5
726.35,1.3038,1.3039,1.3038,5
726.45,1.3035,1.3036,1.3036,5
726.55,1.3032,1.3033,1.3033,5
726.65,1.3028,1.303,1.303,5
726.75,1.3025,1.3027,1.3026,5
726.85,1.3022,1.3024,1.3023,5
726.95,1.3019,1.3021,1.302,5
727.05,1.3016,1.3018,1.3017,5
727.15,1.3012,1.3014,1.3014,5
727.25,1.3009,1.3011,1.301,5
727.35,1.3006,1.3008,1.3007,5
727.45,1.3003,1.3005,1.3004,5
727.55,1.3,1.3002,1.3001,5
727.65,1.2997,1.2999,1.2998,5
727.75,1.2994,1.2996,1.2995,5
727.85,1.299,1.2992,1.2992,5
727.95,1.2987,1.2989,1.2988,5
728.05,1.2984,1.2986,1.2985,5
728.15,1.2981,1.2983,1.2982,5
728.25,1.2978,1.298,1.2979,5
728.35,1.2975,1.2977,1.2976,5
728.45,1.2973,1.2974,1.2973,5
728.55,1.297,1.2971,1.297,5
728.65,1.2967,1.2968,1.2967,5
728.75,1.2964,1.2965,1.2964,5
728.85,1.2961,1.2961,1.2961,5
728.95,1.2957,1.2958,1.2958,5
729.05,1.2954,1.2955,1.2955,5
729.15,1.2951,1.2952,1.2951,5
729.25,1.2948,1.2949,1.2948,5
729.35,1.2945,1.2946,1.2945,5
729.45,1.2942,1.2943,1.2942,5
729.55,1.2939,1.294,1.2939,5
729.65,1.2936,1.2937,1.2936,5
729.75,1.2933,1.2934,1.2933,5
729.85,1.293,1.2931,1.293,5
729.95,1.2927,1.2928,1.2927,5
730.05,1.2924,1.2925,1.2925,5
730.15,1.2921,1.2922,1.2922,5
730.25,1.2918,1.2919,1.2919,5
730.35,1.2915,1.2917,1.2917,5
730.45,1.2913,1.2915,1.2914,5
730.55,1.291,1.2912,1.2911,5
730.65,1.2907,1.2909,1.2908,5
730.75,1.2904,1.2906,1.2905,5
730.85,1.2901,1.2903,1.2902,5
730.95,1.2898,1.29,1.2899,5
731.05,1.2895,1.2897,1.2896,5
731.15,1.2892,1.2894,1.2893,5
731.25,1.2889,1.2892,1.2891,5
731.35,1.2887,1.2889,1.2888,5
731.45,1.2884,1.2886,1.2885,5
731.55,1.2881,1.2883,1.2882,5
731.65,1.2878,1.288,1.2879,5
731.75,1.2875,1.2877,1.2876,5
731.85,1.2872,1.2874,1.2873,5
731.95,1.2869,1.2871,1.287,5
732.05,1.2866,1.2869,1.2868,5
732.15,1.2865,1.2866,1.2865,5
732.25,1.2862,1.2863,1.2862,5
732.35,1.2859,1.286,1.2859,5
732.45,1.2856,1.2857,1.2856,5
732.55,1.2853,1.2854,1.2853,5
732.65,1.285,1.2851,1.285,5
732.75,1.2847,1.2849,1.2847,5
732.85,1.2844,1.2846,1.2845,5
732.95,1.2841,1.2843,1.2842,5
733.05,1.2839,1.284,1.2839,5
733.15,1.2836,1.2837,1.2836,5
733.25,1.2833,1.2834,1.2833,5
733.35,1.283,1.2831,1.283,5
733.45,1.2827,1.2828,1.2827,5
733.55,1.2824,1.2825,1.2824,5
733.65,1.2821,1.2822,1.2821,5
733.75,1.2818,1.2819,1.2818,5
733.85,1.2815,1.2816,1.2816,5
733.95,1.2812,1.2813,1.2813,5
734.05,1.2809,1.2811,1.281,5
734.15,1.2806,1.2808,1.2807,5
734.25,1.2803,1.2805,1.2804,5
734.35,1.28,1.2803,1.2802,5
734.45,1.2797,1.28,1.2799,5
734.55,1.2794,1.2797,1.2796,5
734.65,1.2791,1.2794,1.2793,5
734.75,1.2788,1.2791,1.279,5
734.85,1.2785,1.2788,1.2787,5
734.95,1.2782,1.2785,1.2784,5
735.05,1.2779,1.2782,1.2781,5
735.15,1.2776,1.2779,1.2778,5
735.25,1.2773,1.2776,1.2775,5
735.35,1.277,1.2773,1.2772,5
735.45,1.2767,1.277,1.2769,5
735.55,1.2764,1.2767,1.2766,5
735.65,1.2761,1.2764,1.2763,5
735.75,1.2758,1.2761,1.276,5
735.85,1.2756,1.2758,1.2757,5
735.95,1.2754,1.2755,1.2754,5
736.05,1.2751,1.2752,1.2751,5
736.15,1.2748,1.2749,1.2748,5
736.25,1.2745,1.2746,1.2745,5
736.35,1.2742,1.2743,1.2742,5
736.45,1.2739,1.274,1.2739,5
736.55,1.2736,1.2737,1.2736,5
736.65,1.2733,1.2734,1.2733,5
736.75,1.273,1.2731,1.273,5
736.85,1.2727,1.2728,1.2727,5
736.95,1.2724,1.2725,1.2724,5
737.05,1.2721,1.2722,1.2721,5
737.15,1.2718,1.2719,1.2719,5
737.25,1.2715,1.2716,1.2716,5
737.35,1.2712,1.2713,1.2713,5
737.45,1.2709,1.2711,1.271,5
737.55,1.2706,1.2708,1.2707,5
737.65,1.2703,1.2705,1.2705,5
737.75,1.2701,1.2703,1.2702,5
737.85,1.2698,1.27,1.2699,5
737.95,1.2695,1.2697,1.2696,5
738.05,1.2692,1.2694,1.2693,5
738.15,1.2689,1.2691,1.269,5
738.25,1.2686,1.2688,1.2687,5
738.35,1.2683,1.2685,1.2685,5
738.45,1.268,1.2682,1.2682,5
738.55,1.2677,1.268,1.2679,5
738.65,1.2675,1.2677,1.2676,5
738.75,1.2672,1.2674,1.2673,5
738.85,1.2669,1.2671,1.267,5
738.95,1.2666,1.2668,1.2667,5
739.05,1.2663,1.2665,1.2665,5
739.15,1.266,1.2663,1.2662,5
739.25,1.2658,1.266,1.2659,5
739.35,1.2655,1.2657,1.2656,5
739.45,1.2652,1.2654,1.2654,5
739.55,1.265,1.2652,1.2651,5
739.65,1.2648,1.2649,1.2648,5
739.75,1.2645,1.2646,1.2645,5
739.85,1.2642,1.2644,1.2643,5
739.95,1.264,1.2641,1.264,5
740.05,1.2637,1.2638,1.2637,5
740.15,1.2634,1.2636,1.2635,5
740.25,1.2632,1.2633,1.2632,5
740.35,1.2629,1.263,1.2629,5
740.45,1.2626,1.2628,1.2627,5
740.55,1.2624,1.2625,1.2624,5
740.65,1.2621,1.2622,1.2621,5
740.75,1.2619,1.262,1.2619,5
740.85,1.2616,1.2617,1.2616,5
740.95,1.2613,1.2615,1.2614,5
741.05,1.2611,1.2612,1.2611,5
741.15,1.2608,1.2609,1.2609,5
741.25,1.2606,1.2607,1.2606,5
741.35,1.2603,1.2604,1.2603,5
741.45,1.26,1.2602,1.2601,5
741.55,1.2598,1.2599,1.2598,5
741.65,1.2595,1.2597,1.2596,5
741.75,1.2593,1.2595,1.2594,5
741.85,1.259,1.2593,1.2592,5
741.95,1.2588,1.259,1.2589,5
742.05,1.2585,1.2588,1.2587,5
742.15,1.2583,1.2585,1.2584,5
742.25,1.258,1.2583,1.2582,5
742.35,1.2578,1.258,1.2579,5
742.45,1.2575,1.2578,1.2577,5
742.55,1.2573,1.2575,1.2574,5
742.65,1.2571,1.2573,1.2572,5
742.75,1.2568,1.2571,1.257,5
742.85,1.2566,1.2568,1.2567,5
742.95,1.2563,1.2566,1.2565,5
743.05,1.2561,1.2563,1.2563,5
743.15,1.2559,1.2561,1.256,5
743.25,1.2556,1.2559,1.2558,5
743.35,1.2554,1.2556,1.2555,5
743.45,1.2552,1.2554,1.2553,5
743.55,1.2549,1.2552,1.2551,5
743.65,1.2547,1.2549,1.2548,5
743.75,1.2545,1.2547,1.2546,5
743.85,1.2542,1.2545,1.2544,5
743.95,1.2541,1.2542,1.2541,5
744.05,1.2539,1.254,1.2539,5
744.15,1.2536,1.2538,1.2537,5
744.25,1.2534,1.2535,1.2534,5
744.35,1.2532,1.2533,1.2532,5
744.45,1.2529,1.2531,1.253,5
744.55,1.2527,1.2528,1.2527,5
744.65,1.2524,1.2526,1.2525,5
744.75,1.2522,1.2523,1.2523,5
744.85,1.252,1.2521,1.252,5
744.95,1.2517,1.2519,1.2518,5
745.05,1.2515,1.2516,1.2516,5
745.15,1.2513,1.2514,1.2513,5
745.25,1.251,1.2512,1.2511,5
745.35,1.2508,1.2509,1.2509,5
745.45,1.2506,1.2507,1.2506,5
745.55,1.2503,1.2505,1.2504,5
745.65,1.2501,1.2502,1.2501,5
745.75,1.2499,1.25,1.2499,5
745.85,1.2496,1.2497,1.2497,5
745.95,1.2494,1.2495,1.2494,5
746.05,1.2491,1.2493,1.2492,5
746.15,1.2489,1.249,1.2489,5
746.25,1.2487,1.2488,1.2487,5
746.35,1.2484,1.2486,1.2486,5
746.45,1.2482,1.2484,1.2483,5
746.55,1.2479,1.2481,1.2481,5
746.65,1.2477,1.2479,1.2478,5
746.75,1.2474,1.2477,1.2476,5
746.85,1.2472,1.2474,1.2473,5
746.95,1.247,1.2472,1.2471,5
747.05,1.2467,1.2469,1.2469,5
747.15,1.2465,1.2467,1.2466,5
747.25,1.2462,1.2464,1.2464,5
747.35,1.246,1.2462,1.2461,5
747.45,1.2457,1.2459,1.2459,5
747.55,1.2455,1.2457,1.2456,5
747.65,1.2453,1.2455,1.2454,5
747.75,1.245,1.2452,1.2451,5
747.85,1.2448,1.245,1.2449,5
747.95,1.2445,1.2447,1.2446,5
748.05,1.2443,1.2445,1.2444,5
748.15,1.244,1.2442,1.2442,5
748.25,1.2438,1.244,1.2439,5
748.35,1.2435,1.2437,1.2437,5
748.45,1.2433,1.2435,1.2434,5
748.55,1.2431,1.2432,1.2432,5
748.65,1.2429,1.243,1.2429,5
748.75,1.2426,1.2427,1.2427,5
748.85,1.2424,1.2425,1.2424,5
748.95,1.2421,1.2422,1.2421,5
749.05,1.2419,1.242,1.2419,5
749.15,1.2416,1.2417,1.2416,5
749.25,1.2414,1.2415,1.2414,5
749.35,1.2411,1.2412,1.2411,5
749.45,1.2409,1.241,1.2409,5
749.55,1.2406,1.2407,1.2406,5
749.65,1.2403,1.2405,1.2404,5
749.75,1.2401,1.2402,1.2401,5
749.85,1.2398,1.2399,1.2399,5
749.95,1.2396,1.2397,1.2396,5
750.05,1.2393,1.2394,1.2394,5
750.15,1.2391,1.2392,1.2391,5
750.25,1.2388,1.2389,1.2388,5
750.35,1.2386,1.2387,1.2386,5
750.45,1.2383,1.2384,1.2383,5
750.55,1.2381,1.2382,1.2381,5
750.65,1.2378,1.2379,1.2378,5
750.75,1.2375,1.2378,1.2376,5
750.85,1.2373,1.2375,1.2374,5
750.95,1.237,1.2372,1.2372,5
751.05,1.2368,1.237,1.2369,5
751.15,1.2365,1.2367,1.2366,5
751.25,1.2363,1.2365,1.2364,5
751.35,1.236,1.2362,1.2361,5
751.45,1.2358,1.236,1.2359,5
751.55,1.2355,1.2357,1.2356,5
751.65,1.2352,1.2355,1.2354,5
751.75,1.235,1.2352,1.2351,5
751.85,1.2348,1.235,1.2349,5
751.95,1.2345,1.2347,1.2346,5
752.05,1.2343,1.2345,1.2344,5
752.15,1.234,1.2342,1.2341,5
752.25,1.2338,1.234,1.2339,5
752.35,1.2335,1.2337,1.2336,5
752.45,1.2333,1.2335,1.2334,5
752.55,1.233,1.2332,1.2331,5
752.65,1.2328,1.233,1.2329,5
752.75,1.2325,1.2327,1.2326,5
752.85,1.2324,1.2325,1.2324,5
752.95,1.2321,1.2322,1.2321,5
753.05,1.2319,1.232,1.2319,5
753.15,1.2316,1.2317,1.2317,5
753.25,1.2314,1.2315,1.2314,5
753.35,1.2311,1.2312,1.2312,5
753.45,1.2309,1.231,1.2309,5
753.55,1.2306,1.2307,1.2307,5
753.65,1.2304,1.2305,1.2304,5
753.75,1.2301,1.2302,1.2302,5
753.85,1.2299,1.23,1.2299,5
753.95,1.2296,1.2297,1.2297,5
754.05,1.2294,1.2295,1.2294,5
754.15,1.2291,1.2292,1.2291,5
754.25,1.2289,1.229,1.2289,5
754.35,1.2286,1.2287,1.2286,5
754.45,1.2284,1.2285,1.2284,5
754.55,1.2281,1.2282,1.2281,5
754.65,1.2278,1.228,1.2279,5
754.75,1.2276,1.2277,1.2276,5
754.85,1.2273,1.2274,1.2274,5
754.95,1.2271,1.2272,1.2271,5
755.05,1.2268,1.227,1.2269,5
755.15,1.2266,1.2268,1.2266,5
755.25,1.2263,1.2265,1.2264,5
755.35,1.226,1.2263,1.2262,5
755.45,1.2258,1.226,1.2259,5
755.55,1.2255,1.2257,1.2257,5
755.65,1.2253,1.2255,1.2254,5
755.75,1.225,1.2252,1.2251,5
755.85,1.2247,1.225,1.2249,5
755.95,1.2245,1.2247,1.2246,5
756.05,1.2242,1.2244,1.2244,5
756.15,1.2239,1.2242,1.2241,5
756.25,1.2237,1.2239,1.2238,5
756.35,1.2234,1.2236,1.2236,5
756.45,1.2231,1.2234,1.2233,5
756.55,1.2229,1.2231,1.223,5
756.65,1.2226,1.2228,1.2228,5
756.75,1.2223,1.2226,1.2225,5
756.85,1.2221,1.2223,1.2222,5
756.95,1.2218,1.222,1.222,5
757.05,1.2215,1.2218,1.2217,5
757.15,1.2214,1.2215,1.2214,5
757.25,1.2211,1.2212,1.2212,5
757.35,1.2208,1.221,1.2209,5
757.45,1.2206,1.2207,1.2206,5
757.55,1.2203,1.2204,1.2204,5
757.65,1.22,1.2202,1.2201,5
757.75,1.2198,1.2199,1.2198,5
757.85,1.2195,1.2196,1.2195,5
757.95,1.2192,1.2194,1.2193,5
758.05,1.2189,1.2191,1.219,5
758.15,1.2187,1.2188,1.2187,5
758.25,1.2184,1.2185,1.2185,5
758.35,1.2181,1.2183,1.2182,5
758.45,1.2178,1.218,1.2179,5
758.55,1.2176,1.2177,1.2176,5
758.65,1.2173,1.2174,1.2174,5
758.75,1.217,1.2172,1.2171,5
758.85,1.2168,1.2169,1.2168,5
758.95,1.2165,1.2166,1.2165,5
759.05,1.2162,1.2163,1.2163,5
759.15,1.2159,1.2162,1.216,5
759.25,1.2157,1.2159,1.2157,5
759.35,1.2154,1.2156,1.2155,5
759.45,1.2151,1.2153,1.2153,5
759.55,1.2148,1.2151,1.215,5
759.65,1.2145,1.2148,1.2147,5
759.75,1.2143,1.2145,1.2144,5
759.85,1.214,1.2142,1.2141,5
759.95,1.2137,1.2139,1.2139,5
760.05,1.2134,1.2137,1.2136,5
760.15,1.2132,1.2134,1.2133,5
760.25,1.2129,1.2131,1.213,5
760.35,1.2126,1.2128,1.2127,5
760.45,1.2123,1.2126,1.2125,5
760.55,1.212,1.2123,1.2122,5
760.65,1.2118,1.212,1.2119,5
760.75,1.2115,1.2117,1.2116,5
760.85,1.2112,1.2114,1.2113,5
760.95,1.2109,1.2111,1.2111,5
761.05,1.2106,1.2109,1.2108,5
761.15,1.2105,1.2106,1.2105,5
761.25,1.2102,1.2103,1.2102,5
761.35,1.2099,1.21,1.2099,5
761.45,1.2096,1.2097,1.2097,5
761.55,1.2093,1.2095,1.2094,5
761.65,1.2091,1.2092,1.2091,5
761.75,1.2088,1.2089,1.2088,5
761.85,1.2085,1.2086,1.2085,5
761.95,1.2082,1.2083,1.2083,5
762.05,1.2079,1.2081,1.208,5
762.15,1.2077,1.2078,1.2077,5
762.25,1.2074,1.2075,1.2074,5
762.35,1.2071,1.2072,1.2071,5
762.45,1.2068,1.2069,1.2069,5
762.55,1.2065,1.2066,1.2066,5
762.65,1.2063,1.2064,1.2063,5
762.75,1.206,1.2061,1.206,5
762.85,1.2057,1.2058,1.2057,5
762.95,1.2054,1.2055,1.2055,5
763.05,1.2051,1.2053,1.2052,5
763.15,1.2049,1.2051,1.2049,5
763.25,1.2046,1.2048,1.2046,5
763.35,1.2043,1.2045,1.2044,5
763.45,1.204,1.2042,1.2042,5
763.55,1.2037,1.2039,1.2039,5
763.65,1.2035,1.2037,1.2036,5
763.75,1.2032,1.2034,1.2033,5
763.85,1.2029,1.2031,1.203,5
763.95,1.2026,1.2028,1.2028,5
764.05,1.2023,1.2025,1.2025,5
764.15,1.2021,1.2023,1.2022,5
764.25,1.2018,1.202,1.2019,5
764.35,1.2015,1.2017,1.2017,5
764.45,1.2012,1.2014,1.2014,5
764.55,1.201,1.2012,1.2011,5
764.65,1.2007,1.2009,1.2008,5
764.75,1.2004,1.2006,1.2006,5
764.85,1.2002,1.2004,1.2003,5
764.95,1.1999,1.2001,1.2,5
765.05,1.1997,1.1998,1.1998,5
765.15,1.1994,1.1995,1.1995,5
765.25,1.1992,1.1993,1.1992,5
765.35,1.1989,1.199,1.199,5
765.45,1.1986,1.1987,1.1987,5
765.55,1.1984,1.1985,1.1984,5
765.65,1.1981,1.1982,1.1981,5
765.75,1.1978,1.1979,1.1979,5
765.85,1.1976,1.1977,1.1976,5
765.95,1.1973,1.1974,1.1973,5
766.05,1.197,1.1972,1.1971,5
766.15,1.1968,1.1969,1.1968,5
766.25,1.1965,1.1966,1.1966,5
766.35,1.1962,1.1964,1.1963,5
766.45,1.196,1.1961,1.196,5
766.55,1.1957,1.1958,1.1958,5
766.65,1.1955,1.1956,1.1955,5
766.75,1.1952,1.1953,1.1952,5
766.85,1.1949,1.1951,1.195,5
766.95,1.1947,1.1948,1.1947,5
767.05,1.1944,1.1946,1.1945,5
767.15,1.1941,1.1944,1.1942,5
767.25,1.1939,1.1941,1.1939,5
767.35,1.1936,1.1939,1.1937,5
767.45,1.1934,1.1936,1.1935,5
767.55,1.1931,1.1933,1.1933,5
767.65,1.1929,1.1931,1.193,5
767.75,1.1926,1.1928,1.1927,5
767.85,1.1923,1.1926,1.1925,5
767.95,1.1921,1.1923,1.1922,5
768.05,1.1919,1.1921,1.192,5
768.15,1.1916,1.1918,1.1917,5
768.25,1.1914,1.1916,1.1915,5
768.35,1.1911,1.1913,1.1913,5
768.45,1.1909,1.1911,1.191,5
768.55,1.1906,1.1908,1.1908,5
768.65,1.1904,1.1906,1.1905,5
768.75,1.1901,1.1904,1.1903,5
768.85,1.1899,1.1901,1.19,5
768.95,1.1897,1.1899,1.1898,5
769.05,1.1894,1.1896,1.1895,5
769.15,1.1892,1.1894,1.1893,5
769.25,1.1889,1.1891,1.189,5
769.35,1.1888,1.1889,1.1888,5
769.45,1.1885,1.1886,1.1886,5
769.55,1.1883,1.1884,1.1883,5
769.65,1.1881,1.1882,1.1881,5
769.75,1.1878,1.1879,1.1878,5
769.85,1.1876,1.1877,1.1876,5
769.95,1.1873,1.1874,1.1874,5
770.05,1.1871,1.1872,1.1871,5
770.15,1.1869,1.1869,1.1869,5
770.25,1.1866,1.1867,1.1866,5
770.35,1.1864,1.1865,1.1864,5
770.45,1.1861,1.1862,1.1861,5
770.55,1.1859,1.186,1.1859,5
770.65,1.1857,1.1857,1.1857,5
770.75,1.1854,1.1855,1.1854,5
770.85,1.1852,1.1853,1.1852,5
770.95,1.1849,1.185,1.1849,5
771.05,1.1847,1.1848,1.1847,5
771.15,1.1845,1.1845,1.1845,5
771.25,1.1842,1.1843,1.1842,5
771.35,1.184,1.184,1.184,5
771.45,1.1837,1.1838,1.1837,5
771.55,1.1835,1.1837,1.1835,5
771.65,1.1832,1.1834,1.1832,5
771.75,1.183,1.1832,1.183,5
771.85,1.1828,1.1829,1.1828,5
771.95,1.1825,1.1827,1.1826,5
772.05,1.1823,1.1825,1.1824,5
772.15,1.182,1.1822,1.1821,5
772.25,1.1818,1.182,1.1819,5
772.35,1.1815,1.1817,1.1816,5
772.45,1.1813,1.1815,1.1814,5
772.55,1.181,1.1812,1.1812,5
772.65,1.1808,1.181,1.1809,5
772.75,1.1806,1.1807,1.1807,5
772.85,1.1803,1.1805,1.1804,5
772.95,1.1801,1.1803,1.1802,5
773.05,1.1798,1.18,1.1799,5
773.15,1.1796,1.1798,1.1797,5
773.25,1.1793,1.1795,1.1794,5
773.35,1.1791,1.1793,1.1792,5
773.45,1.1788,1.179,1.1789,5
773.55,1.1786,1.1788,1.1787,5
773.65,1.1783,1.1785,1.1785,5
773.75,1.1781,1.1783,1.1782,5
773.85,1.1779,1.1781,1.178,5
773.95,1.1777,1.1778,1.1777,5
774.05,1.1774,1.1776,1.1775,5
774.15,1.1772,1.1773,1.1772,5
774.25,1.1769,1.1771,1.177,5
774.35,1.1767,1.1768,1.1767,5
774.45,1.1764,1.1766,1.1765,5
774.55,1.1762,1.1763,1.1762,5
774.65,1.1759,1.1761,1.176,5
774.75,1.1757,1.1758,1.1757,5
774.85,1.1754,1.1756,1.1755,5
774.95,1.1752,1.1753,1.1752,5
775.05,1.1749,1.1751,1.175,5
775.15,1.1747,1.1748,1.1747,5
775.25,1.1744,1.1746,1.1745,5
775.35,1.1742,1.1743,1.1742,5
775.45,1.1739,1.1741,1.174,5
775.55,1.1737,1.1738,1.1737,5
775.65,1.1734,1.1736,1.1735,5
775.75,1.1732,1.1733,1.1732,5
775.85,1.1729,1.173,1.1729,5
775.95,1.1727,1.1729,1.1727,5
776.05,1.1724,1.1726,1.1724,5
776.15,1.1722,1.1724,1.1722,5
776.25,1.1719,1.1721,1.1719,5
776.35,1.1717,1.1719,1.1717,5
776.45,1.1714,1.1716,1.1715,5
776.55,1.1712,1.1714,1.1713,5
776.65,1.1709,1.1711,1.171,5
776.75,1.1706,1.1709,1.1708,5
776.85,1.1704,1.1706,1.1705,5
776.95,1.1701,1.1704,1.1702,5
777.05,1.1699,1.1701,1.17,5
777.15,1.1696,1.1698,1.1697,5
777.25,1.1694,1.1696,1.1695,5
777.35,1.1691,1.1693,1.1692,5
777.45,1.1689,1.1691,1.169,5
777.55,1.1686,1.1688,1.1687,5
777.65,1.1684,1.1686,1.1685,5
777.75,1.1681,1.1683,1.1682,5
777.85,1.1679,1.1681,1.1679,5
777.95,1.1676,1.1678,1.1677,5
778.05,1.1674,1.1676,1.1675,5
778.15,1.1672,1.1673,1.1672,5
778.25,1.167,1.1671,1.167,5
778.35,1.1667,1.1668,1.1667,5
778.45,1.1665,1.1666,1.1665,5
778.55,1.1662,1.1663,1.1662,5
778.65,1.166,1.1661,1.166,5
778.75,1.1657,1.1658,1.1657,5
778.85,1.1655,1.1656,1.1655,5
778.95,1.1652,1.1653,1.1652,5
779.05,1.165,1.1651,1.165,5
779.15,1.1647,1.1648,1.1647,5
779.25,1.1645,1.1646,1.1645,5
779.35,1.1642,1.1643,1.1642,5
779.45,1.164,1.1641,1.164,5
779.55,1.1637,1.1638,1.1637,5
779.65,1.1635,1.1636,1.1635,5
779.75,1.1632,1.1633,1.1632,5
779.85,1.163,1.1631,1.163,5
779.95,1.1627,1.1628,1.1627,5
780.05,1.1625,1.1626,1.1625,5
780.15,1.1622,1.1623,1.1622,5
780.25,1.162,1.1622,1.162,5
780.35,1.1617,1.1619,1.1617,5
780.45,1.1615,1.1617,1.1615,5
780.55,1.1612,1.1614,1.1612,5
780.65,1.1609,1.1612,1.161,5
780.75,1.1607,1.1609,1.1607,5
780.85,1.1604,1.1607,1.1606,5
780.95,1.1602,1.1604,1.1603,5
781.05,1.1599,1.1601,1.1601,5
781.15,1.1597,1.1599,1.1598,5
781.25,1.1594,1.1596,1.1596,5
781.35,1.1592,1.1594,1.1593,5
781.45,1.1589,1.1591,1.1591,5
781.55,1.1587,1.1589,1.1588,5
781.65,1.1584,1.1586,1.1585,5
781.75,1.1582,1.1584,1.1583,5
781.85,1.1579,1.1581,1.158,5
781.95,1.1577,1.1579,1.1578,5
782.05,1.1574,1.1576,1.1575,5
782.15,1.1572,1.1574,1.1573,5
782.25,1.1569,1.1571,1.157,5
782.35,1.1567,1.1569,1.1568,5
782.45,1.1564,1.1566,1.1565,5
782.55,1.1563,1.1564,1.1563,5
782.65,1.156,1.1561,1.156,5
782.75,1.1558,1.1559,1.1558,5
782.85,1.1555,1.1556,1.1555,5
782.95,1.1552,1.1554,1.1553,5
783.05,1.155,1.1551,1.155,5
783.15,1.1547,1.1549,1.1547,5
783.25,1.1545,1.1546,1.1545,5
783.35,1.1542,1.1543,1.1542,5
783.45,1.154,1.1541,1.154,5
783.55,1.1537,1.1538,1.1537,5
783.65,1.1534,1.1536,1.1535,5
783.75,1.1532,1.1533,1.1532,5
783.85,1.1529,1.1531,1.1529,5
783.95,1.1527,1.1528,1.1527,5
784.05,1.1524,1.1525,1.1524,5
784.15,1.1521,1.1523,1.1522,5
784.25,1.1519,1.152,1.1519,5
784.35,1.1516,1.1517,1.1516,5
784.45,1.1514,1.1515,1.1514,5
784.55,1.1511,1.1513,1.1511,5
784.65,1.1508,1.1511,1.1508,5
784.75,1.1506,1.1508,1.1506,5
784.85,1.1503,1.1505,1.1503,5
784.95,1.15,1.1503,1.15,5
785.05,1.1498,1.15,1.1498,5
785.15,1.1495,1.1497,1.1496,5
785.25,1.1492,1.1494,1.1493,5
785.35,1.149,1.1492,1.1491,5
785.45,1.1487,1.1489,1.1488,5
785.55,1.1484,1.1486,1.1485,5
785.65,1.1481,1.1484,1.1482,5
785.75,1.1479,1.1481,1.148,5
785.85,1.1476,1.1478,1.1477,5
785.95,1.1473,1.1475,1.1474,5
786.05,1.1471,1.1473,1.1472,5
786.15,1.1468,1.147,1.1469,5
786.25,1.1465,1.1467,1.1466,5
786.35,1.1462,1.1464,1.1463,5
786.45,1.146,1.1462,1.1461,5
786.55,1.1457,1.1459,1.1458,5
786.65,1.1455,1.1456,1.1455,5
786.75,1.1452,1.1453,1.1452,5
786.85,1.1449,1.145,1.145,5
786.95,1.1447,1.1448,1.1447,5
787.05,1.1444,1.1445,1.1444,5
787.15,1.1441,1.1442,1.1441,5
787.25,1.1438,1.1439,1.1438,5
787.35,1.1435,1.1436,1.1436,5
787.45,1.1433,1.1434,1.1433,5
787.55,1.143,1.1431,1.143,5
787.65,1.1427,1.1428,1.1427,5
787.75,1.1424,1.1425,1.1424,5
787.85,1.1421,1.1422,1.1421,5
787.95,1.1419,1.142,1.1419,5
788.05,1.1416,1.1417,1.1416,5
788.15,1.1413,1.1414,1.1413,5
788.25,1.141,1.1411,1.141,5
788.35,1.1407,1.1408,1.1407,5
788.45,1.1404,1.1405,1.1404,5
788.55,1.1401,1.1403,1.1402,5
788.65,1.1399,1.1401,1.1399,5
788.75,1.1396,1.1398,1.1396,5
788.85,1.1393,1.1395,1.1393,5
788.95,1.139,1.1392,1.139,5
789.05,1.1387,1.1389,1.1387,5
789.15,1.1384,1.1386,1.1385,5
789.25,1.1381,1.1383,1.1383,5
789.35,1.1378,1.138,1.138,5
789.45,1.1376,1.1378,1.1377,5
789.55,1.1373,1.1375,1.1374,5
789.65,1.137,1.1372,1.1371,5
789.75,1.1367,1.1369,1.1368,5
789.85,1.1364,1.1366,1.1365,5
789.95,1.1361,1.1363,1.1362,5
790.05,1.1358,1.136,1.136,5
790.15,1.1355,1.1357,1.1357,5
790.25,1.1353,1.1355,1.1354,5
790.35,1.135,1.1352,1.1351,5
790.45,1.1347,1.1349,1.1348,5
790.55,1.1345,1.1346,1.1345,5
790.65,1.1342,1.1343,1.1342,5
790.75,1.1339,1.134,1.1339,5
790.85,1.1336,1.1337,1.1337,5
790.95,1.1333,1.1335,1.1334,5
791.05,1.1331,1.1332,1.1331,5
791.15,1.1328,1.1329,1.1328,5
791.25,1.1325,1.1326,1.1325,5
791.35,1.1322,1.1323,1.1322,5
791.45,1.1319,1.132,1.1319,5
791.55,1.1316,1.1317,1.1317,5
791.65,1.1313,1.1315,1.1314,5
791.75,1.1311,1.1312,1.1311,5
791.85,1.1308,1.1309,1.1308,5
791.95,1.1305,1.1306,1.1305,5
792.05,1.1302,1.1304,1.1303,5
792.15,1.13,1.1301,1.13,5
792.25,1.1297,1.1298,1.1297,5
792.35,1.1294,1.1296,1.1295,5
792.45,1.1292,1.1294,1.1292,5
792.55,1.1289,1.1291,1.1289,5
792.65,1.1286,1.1288,1.1286,5
792.75,1.1283,1.1286,1.1284,5
792.85,1.1281,1.1283,1.1281,5
792.95,1.1278,1.128,1.1278,5
793.05,1.1275,1.1277,1.1276,5
793.15,1.1273,1.1275,1.1274,5
793.25,1.127,1.1272,1.1271,5
793.35,1.1267,1.1269,1.1268,5
793.45,1.1265,1.1267,1.1266,5
793.55,1.1262,1.1264,1.1263,5
793.65,1.1259,1.1261,1.126,5
793.75,1.1257,1.1259,1.1258,5
793.85,1.1254,1.1256,1.1255,5
793.95,1.1251,1.1253,1.1252,5
794.05,1.1249,1.1251,1.125,5
794.15,1.1246,1.1248,1.1247,5
794.25,1.1243,1.1245,1.1244,5
794.35,1.1241,1.1243,1.1242,5
794.45,1.1238,1.124,1.1239,5
794.55,1.1236,1.1237,1.1236,5
794.65,1.1234,1.1235,1.1234,5
794.75,1.1231,1.1232,1.1231,5
794.85,1.1228,1.1229,1.1229,5
794.95,1.1226,1.1227,1.1226,5
795.05,1.1223,1.1224,1.1223,5
795.15,1.122,1.1222,1.1221,5
795.25,1.1218,1.1219,1.1218,5
795.35,1.1215,1.1216,1.1215,5
795.45,1.1213,1.1214,1.1213,5
795.55,1.121,1.1211,1.121,5
795.65,1.1208,1.1209,1.1208,5
795.75,1.1205,1.1206,1.1205,5
795.85,1.1202,1.1203,1.1203,5
795.95,1.12,1.1201,1.12,5
796.05,1.1197,1.1198,1.1197,5
796.15,1.1195,1.1196,1.1195,5
796.25,1.1192,1.1193,1.1192,5
796.35,1.119,1.1191,1.119,5
796.45,1.1187,1.1189,1.1187,5
796.55,1.1184,1.1186,1.1185,5
796.65,1.1182,1.1184,1.1182,5
796.75,1.1179,1.1181,1.118,5
796.85,1.1177,1.1179,1.1177,5
796.95,1.1174,1.1176,1.1174,5
797.05,1.1172,1.1174,1.1172,5
797.15,1.1169,1.1171,1.1169,5
797.25,1.1167,1.1168,1.1167,5
797.35,1.1164,1.1166,1.1165,5
797.45,1.1161,1.1163,1.1163,5
797.55,1.1159,1.1161,1.116,5
797.65,1.1156,1.1158,1.1157,5
797.75,1.1154,1.1156,1.1155,5
797.85,1.1151,1.1153,1.1152,5
797.95,1.1148,1.115,1.115,5
798.05,1.1146,1.1148,1.1147,5
798.15,1.1143,1.1145,1.1144,5
798.25,1.1141,1.1143,1.1142,5
798.35,1.1138,1.114,1.1139,5
798.45,1.1135,1.1137,1.1137,5
798.55,1.1133,1.1135,1.1134,5
798.65,1.113,1.1132,1.1131,5
798.75,1.1129,1.1129,1.1129,5
798.85,1.1126,1.1127,1.1126,5
798.95,1.1123,1.1124,1.1123,5
799.05,1.1121,1.1121,1.1121,5
799.15,1.1118,1.1119,1.1118,5
799.25,1.1115,1.1116,1.1115,5
799.35,1.1112,1.1113,1.1113,5
799.45,1.111,1.111,1.111,5
799.55,1.1107,1.1108,1.1107,5
799.65,1.1104,1.1105,1.1104,5
799.75,1.1101,1.1102,1.1102,5
799.85,1.1099,1.11,1.1099,5
799.95,1.1096,1.1097,1.1096,5
800.05,1.1093,1.1094,1.1093,5
800.15,1.1091,1.1091,1.1091,5
800.25,1.1088,1.1089,1.1088,5
800.35,1.1085,1.1086,1.1085,5
800.45,1.1082,1.1083,1.1082,5
800.55,1.108,1.1081,1.108,5
800.65,1.1077,1.1079,1.1077,5
800.75,1.1074,1.1076,1.1074,5
800.85,1.1071,1.1073,1.1071,5
800.95,1.1068,1.107,1.1069,5
801.05,1.1066,1.1068,1.1066,5
801.15,1.1063,1.1065,1.1063,5
801.25,1.106,1.1062,1.106,5
801.35,1.1057,1.1059,1.1058,5
801.45,1.1055,1.1056,1.1056,5
801.55,1.1052,1.1054,1.1053,5
801.65,1.1049,1.1051,1.105,5
801.75,1.1046,1.1048,1.1047,5
801.85,1.1044,1.1045,1.1045,5
801.95,1.1041,1.1043,1.1042,5
802.05,1.1038,1.104,1.1039,5
802.15,1.1035,1.1037,1.1036,5
802.25,1.1033,1.1034,1.1034,5
802.35,1.103,1.1032,1.1031,5
802.45,1.1027,1.1029,1.1028,5
802.55,1.1025,1.1026,1.1026,5
802.65,1.1022,1.1024,1.1023,5
802.75,1.102,1.1021,1.102,5
802.85,1.1018,1.1018,1.1018,5
802.95,1.1015,1.1016,1.1015,5
803.05,1.1012,1.1013,1.1012,5
803.15,1.101,1.101,1.101,5
803.25,1.1007,1.1008,1.1007,5
803.35,1.1004,1.1005,1.1004,5
803.45,1.1002,1.1002,1.1002,5
803.55,1.0999,1.1,1.0999,5
803.65,1.0996,1.0997,1.0996,5
803.75,1.0994,1.0994,1.0994,5
803.85,1.0991,1.0992,1.0991,5
803.95,1.0988,1.0989,1.0989,5
804.05,1.0986,1.0986,1.0986,5
804.15,1.0983,1.0984,1.0983,5
804.25,1.0981,1.0981,1.0981,5
804.35,1.0978,1.0979,1.0978,5
804.45,1.0975,1.0976,1.0975,5
804.55,1.0973,1.0973,1.0973,5
804.65,1.097,1.0972,1.097,5
804.75,1.0967,1.0969,1.0968,5
804.85,1.0965,1.0966,1.0965,5
804.95,1.0962,1.0964,1.0962,5
805.05,1.096,1.0961,1.096,5
805.15,1.0957,1.0959,1.0957,5
805.25,1.0954,1.0956,1.0955,5
805.35,1.0952,1.0953,1.0952,5
805.45,1.0949,1.0951,1.095,5
805.55,1.0947,1.0948,1.0947,5
805.65,1.0944,1.0946,1.0945,5
805.75,1.0942,1.0943,1.0943,5
805.85,1.0939,1.0941,1.094,5
805.95,1.0936,1.0938,1.0938,5
806.05,1.0934,1.0936,1.0935,5
806.15,1.0931,1.0933,1.0933,5
806.25,1.0929,1.0931,1.093,5
806.35,1.0926,1.0928,1.0928,5
806.45,1.0924,1.0926,1.0925,5
806.55,1.0922,1.0923,1.0923,5
806.65,1.0919,1.0921,1.092,5
806.75,1.0917,1.0918,1.0918,5
806.85,1.0914,1.0916,1.0915,5
806.95,1.0912,1.0913,1.0913,5
807.05,1.091,1.0911,1.0911,5
807.15,1.0908,1.0908,1.0908,5
807.25,1.0905,1.0906,1.0906,5
807.35,1.0903,1.0904,1.0903,5
807.45,1.09,1.0901,1.0901,5
807.55,1.0898,1.0899,1.0898,5
807.65,1.0895,1.0896,1.0896,5
807.75,1.0893,1.0894,1.0893,5
807.85,1.0891,1.0891,1.0891,5
807.95,1.0888,1.0889,1.0888,5
808.05,1.0886,1.0886,1.0886,5
808.15,1.0883,1.0884,1.0884,5
808.25,1.0881,1.0882,1.0881,5
808.35,1.0878,1.0879,1.0879,5
808.45,1.0876,1.0877,1.0876,5
808.55,1.0873,1.0874,1.0874,5
808.65,1.0871,1.0872,1.0871,5
808.75,1.0869,1.0869,1.0869,5
808.85,1.0866,1.0867,1.0867,5
808.95,1.0864,1.0865,1.0864,5
809.05,1.0861,1.0863,1.0862,5
809.15,1.0859,1.0861,1.0859,5
809.25,1.0856,1.0858,1.0857,5
809.35,1.0854,1.0856,1.0854,5
809.45,1.0851,1.0853,1.0852,5
809.55,1.0849,1.0851,1.0849,5
809.65,1.0846,1.0848,1.0847,5
809.75,1.0844,1.0846,1.0845,5
809.85,1.0842,1.0844,1.0842,5
809.95,1.0839,1.0841,1.084,5
810.05,1.0837,1.0839,1.0837,5
810.15,1.0834,1.0836,1.0836,5
810.25,1.0832,1.0834,1.0833,5
810.35,1.0829,1.0831,1.0831,5
810.45,1.0827,1.0829,1.0828,5
810.55,1.0824,1.0826,1.0826,5
810.65,1.0822,1.0824,1.0823,5
810.75,1.0819,1.0821,1.0821,5
810.85,1.0817,1.0819,1.0818,5
810.95,1.0814,1.0816,1.0816,5
811.05,1.0812,1.0814,1.0813,5
811.15,1.0809,1.0811,1.0811,5
811.25,1.0807,1.0809,1.0808,5
811.35,1.0804,1.0806,1.0806,5
811.45,1.0803,1.0804,1.0803,5
811.55,1.08,1.0801,1.0801,5
811.65,1.0798,1.0799,1.0798,5
811.75,1.0795,1.0796,1.0796,5
811.85,1.0793,1.0794,1.0793,5
811.95,1.079,1.0791,1.0791,5
812.05,1.0788,1.0789,1.0788,5
812.15,1.0785,1.0786,1.0786,5
812.25,1.0783,1.0784,1.0783,5
812.35,1.078,1.0781,1.0781,5
812.45,1.0778,1.0779,1.0778,5
812.55,1.0775,1.0776,1.0776,5
812.65,1.0773,1.0774,1.0773,5
812.75,1.077,1.0771,1.0771,5
812.85,1.0768,1.0769,1.0768,5
812.95,1.0765,1.0766,1.0765,5
813.05,1.0762,1.0763,1.0763,5
813.15,1.076,1.0761,1.076,5
813.25,1.0757,1.0758,1.0758,5
813.35,1.0755,1.0757,1.0755,5
813.45,1.0752,1.0754,1.0753,5
813.55,1.0749,1.0752,1.075,5
813.65,1.0747,1.0749,1.0747,5
813.75,1.0744,1.0746,1.0745,5
813.85,1.0742,1.0744,1.0742,5
813.95,1.0739,1.0741,1.074,5
814.05,1.0736,1.0738,1.0737,5
814.15,1.0734,1.0736,1.0734,5
814.25,1.0731,1.0733,1.0732,5
814.35,1.0728,1.0731,1.0729,5
814.45,1.0726,1.0728,1.0726,5
814.55,1.0723,1.0725,1.0725,5
814.65,1.0721,1.0723,1.0722,5
814.75,1.0718,1.072,1.072,5
814.85,1.0715,1.0717,1.0717,5
814.95,1.0713,1.0715,1.0714,5
815.05,1.071,1.0712,1.0712,5
815.15,1.0707,1.0709,1.0709,5
815.25,1.0705,1.0707,1.0706,5
815.35,1.0702,1.0704,1.0704,5
815.45,1.0699,1.0701,1.0701,5
815.55,1.0697,1.0699,1.0698,5
815.65,1.0695,1.0696,1.0696,5
815.75,1.0693,1.0694,1.0693,5
815.85,1.069,1.0691,1.069,5
815.95,1.0687,1.0688,1.0688,5
816.05,1.0685,1.0686,1.0685,5
816.15,1.0682,1.0683,1.0683,5
816.25,1.0679,1.068,1.068,5
816.35,1.0677,1.0678,1.0677,5
816.45,1.0674,1.0675,1.0675,5
816.55,1.0672,1.0673,1.0672,5
816.65,1.0669,1.067,1.0669,5
816.75,1.0666,1.0667,1.0667,5
816.85,1.0664,1.0665,1.0664,5
816.95,1.0661,1.0662,1.0662,5
817.05,1.0658,1.0659,1.0659,5
817.15,1.0656,1.0657,1.0657,5
817.25,1.0653,1.0654,1.0654,5
817.35,1.0651,1.0652,1.0651,5
817.45,1.0648,1.0649,1.0649,5
817.55,1.0646,1.0648,1.0646,5
817.65,1.0643,1.0645,1.0644,5
817.75,1.0641,1.0643,1.0641,5
817.85,1.0638,1.064,1.0639,5
817.95,1.0636,1.0638,1.0636,5
818.05,1.0633,1.0635,1.0634,5
818.15,1.0631,1.0633,1.0631,5
818.25,1.0628,1.063,1.0629,5
818.35,1.0626,1.0628,1.0626,5
818.45,1.0623,1.0625,1.0624,5
818.55,1.0621,1.0623,1.0621,5
818.65,1.0618,1.062,1.0619,5
818.75,1.0616,1.0618,1.0616,5
818.85,1.0613,1.0615,1.0615,5
818.95,1.0611,1.0613,1.0613,5
819.05,1.0608,1.061,1.061,5
819.15,1.0606,1.0608,1.0608,5
819.25,1.0604,1.0605,1.0605,5
819.35,1.0601,1.0603,1.0603,5
819.45,1.0599,1.0601,1.06,5
819.55,1.0596,1.0598,1.0598,5
819.65,1.0594,1.0596,1.0595,5
819.75,1.0591,1.0593,1.0593,5
819.85,1.0589,1.0591,1.0591,5
819.95,1.0586,1.0588,1.0588,5
820.05,1.0585,1.0586,1.0586,5
820.15,1.0583,1.0584,1.0583,5
820.25,1.058,1.0581,1.0581,5
820.35,1.0578,1.0579,1.0578,5
820.45,1.0575,1.0576,1.0576,5
820.55,1.0573,1.0574,1.0574,5
820.65,1.0571,1.0572,1.0571,5
820.75,1.0568,1.0569,1.0569,5
820.85,1.0566,1.0567,1.0567,5
820.95,1.0564,1.0565,1.0564,5
821.05,1.0561,1.0562,1.0562,5
821.15,1.0559,1.056,1.056,5
821.25,1.0557,1.0558,1.0557,5
821.35,1.0555,1.0555,1.0555,5
821.45,1.0552,1.0553,1.0553,5
821.55,1.055,1.0551,1.0551,5
821.65,1.0548,1.0549,1.0548,5
821.75,1.0545,1.0546,1.0546,5
821.85,1.0543,1.0544,1.0544,5
821.95,1.0541,1.0542,1.0541,5
822.05,1.0539,1.054,1.0539,5
822.15,1.0536,1.0538,1.0537,5
822.25,1.0534,1.0536,1.0535,5
822.35,1.0532,1.0534,1.0532,5
822.45,1.053,1.0532,1.053,5
822.55,1.0527,1.0529,1.0528,5
822.65,1.0525,1.0527,1.0526,5
822.75,1.0523,1.0525,1.0523,5
822.85,1.0521,1.0523,1.0521,5
822.95,1.0518,1.052,1.0519,5
823.05,1.0516,1.0518,1.0517,5
823.15,1.0514,1.0516,1.0514,5
823.25,1.0512,1.0514,1.0512,5
823.35,1.0509,1.0511,1.051,5
823.45,1.0507,1.0509,1.0508,5
823.55,1.0505,1.0507,1.0506,5
823.65,1.0503,1.0504,1.0504,5
823.75,1.05,1.0502,1.0502,5
823.85,1.0498,1.05,1.05,5
823.95,1.0496,1.0498,1.0497,5
824.05,1.0494,1.0495,1.0495,5
824.15,1.0491,1.0493,1.0493,5
824.25,1.0489,1.0491,1.049,5
824.35,1.0487,1.0489,1.0488,5
824.45,1.0485,1.0486,1.0486,5
824.55,1.0482,1.0484,1.0484,5
824.65,1.048,1.0482,1.0481,5
824.75,1.0478,1.048,1.0479,5
824.85,1.0476,1.0477,1.0477,5
824.95,1.0474,1.0475,1.0475,5
825.05,1.0472,1.0473,1.0472,5
825.15,1.047,1.047,1.047,5
825.25,1.0467,1.0468,1.0468,5
825.35,1.0465,1.0466,1.0465,5
825.45,1.0463,1.0463,1.0463,5
825.55,1.046,1.0461,1.0461,5
825.65,1.0458,1.0459,1.0458,5
825.75,1.0456,1.0456,1.0456,5
825.85,1.0453,1.0454,1.0454,5
825.95,1.0451,1.0452,1.0451,5
826.05,1.0449,1.0449,1.0449,5
826.15,1.0446,1.0447,1.0447,5
826.25,1.0444,1.0445,1.0444,5
826.35,1.0441,1.0442,1.0442,5
826.45,1.0439,1.044,1.044,5
826.55,1.0437,1.0438,1.0437,5
826.65,1.0434,1.0435,1.0435,5
826.75,1.0432,1.0433,1.0432,5
826.85,1.0429,1.0431,1.043,5
826.95,1.0427,1.0429,1.0428,5
827.05,1.0425,1.0426,1.0425,5
827.15,1.0422,1.0424,1.0423,5
827.25,1.042,1.0422,1.042,5
827.35,1.0417,1.0419,1.0418,5
827.45,1.0415,1.0417,1.0415,5
827.55,1.0412,1.0414,1.0413,5
827.65,1.041,1.0412,1.041,5
827.75,1.0407,1.0409,1.0408,5
827.85,1.0405,1.0407,1.0405,5
827.95,1.0402,1.0404,1.0403,5
828.05,1.04,1.0402,1.04,5
828.15,1.0397,1.0399,1.0398,5
828.25,1.0395,1.0397,1.0396,5
828.35,1.0392,1.0394,1.0394,5
828.45,1.0389,1.0391,1.0391,5
828.55,1.0387,1.0389,1.0388,5
828.65,1.0384,1.0386,1.0386,5
828.75,1.0381,1.0383,1.0383,5
828.85,1.0379,1.0381,1.038,5
828.95,1.0376,1.0378,1.0378,5
829.05,1.0373,1.0375,1.0375,5
829.15,1.0371,1.0372,1.0372,5
829.25,1.0369,1.037,1.037,5
829.35,1.0366,1.0367,1.0367,5
829.45,1.0363,1.0364,1.0364,5
829.55,1.0361,1.0361,1.0361,5
829.65,1.0358,1.0359,1.0359,5
829.75,1.0355,1.0356,1.0356,5
829.85,1.0352,1.0353,1.0353,5
829.95,1.0349,1.035,1.035,5
830.05,1.0347,1.0348,1.0347,5
830.15,1.0344,1.0345,1.0345,5
830.25,1.0341,1.0342,1.0342,5
830.35,1.0338,1.0339,1.0339,5
830.45,1.0335,1.0336,1.0336,5
830.55,1.0332,1.0333,1.0333,5
830.65,1.033,1.0331,1.033,5
830.75,1.0327,1.0328,1.0328,5
830.85,1.0324,1.0325,1.0325,5
830.95,1.0321,1.0323,1.0322,5
831.05,1.0318,1.032,1.0319,5
831.15,1.0315,1.0317,1.0316,5
831.25,1.0312,1.0314,1.0313,5
831.35,1.0309,1.0311,1.031,5
831.45,1.0307,1.0308,1.0307,5
831.55,1.0304,1.0305,1.0304,5
831.65,1.0301,1.0303,1.0301,5
831.75,1.0298,1.03,1.0299,5
831.85,1.0295,1.0297,1.0296,5
831.95,1.0292,1.0294,1.0293,5
832.05,1.0289,1.0291,1.029,5
832.15,1.0286,1.0288,1.0287,5
832.25,1.0283,1.0285,1.0285,5
832.35,1.028,1.0282,1.0282,5
832.45,1.0277,1.0279,1.0279,5
832.55,1.0274,1.0276,1.0276,5
832.65,1.0271,1.0273,1.0273,5
832.75,1.0268,1.027,1.027,5
832.85,1.0265,1.0267,1.0267,5
832.95,1.0262,1.0264,1.0264,5
833.05,1.026,1.0261,1.0261,5
833.15,1.0257,1.0258,1.0258,5
833.25,1.0255,1.0255,1.0255,5
833.35,1.0252,1.0252,1.0252,5
833.45,1.0249,1.0249,1.0249,5
833.55,1.0246,1.0246,1.0246,5
833.65,1.0243,1.0243,1.0243,5
833.75,1.024,1.024,1.024,5
833.85,1.0237,1.0237,1.0237,5
833.95,1.0234,1.0234,1.0234,5
834.05,1.0231,1.0231,1.0231,5
834.15,1.0228,1.0228,1.0228,5
834.25,1.0225,1.0225,1.0225,5
834.35,1.0222,1.0222,1.0222,5
834.45,1.0219,1.0219,1.0219,5
834.55,1.0216,1.0216,1.0216,5
834.65,1.0213,1.0214,1.0213,5
834.75,1.021,1.0211,1.021,5
834.85,1.0207,1.0208,1.0207,5
834.95,1.0204,1.0205,1.0204,5
835.05,1.0201,1.0202,1.0201,5
835.15,1.0198,1.0199,1.0198,5
835.25,1.0195,1.0196,1.0195,5
835.35,1.0192,1.0193,1.0192,5
835.45,1.0189,1.019,1.0189,5
835.55,1.0186,1.0187,1.0186,5
835.65,1.0183,1.0184,1.0183,5
835.75,1.018,1.0181,1.018,5
835.85,1.0177,1.0178,1.0177,5
835.95,1.0174,1.0175,1.0175,5
836.05,1.0171,1.0172,1.0172,5
836.15,1.0168,1.017,1.017,5
836.25,1.0165,1.0167,1.0167,5
836.35,1.0163,1.0164,1.0164,5
836.45,1.016,1.0161,1.0161,5
836.55,1.0157,1.0158,1.0158,5
836.65,1.0154,1.0156,1.0156,5
836.75,1.0152,1.0153,1.0153,5
836.85,1.015,1.015,1.015,5
836.95,1.0147,1.0147,1.0147,5
837.05,1.0144,1.0144,1.0144,5
837.15,1.0141,1.0142,1.0142,5
837.25,1.0138,1.0139,1.0139,5
837.35,1.0136,1.0136,1.0136,5
837.45,1.0133,1.0133,1.0133,5
837.55,1.013,1.013,1.0131,5
837.65,1.0127,1.0128,1.0128,5
837.75,1.0124,1.0125,1.0125,5
837.85,1.0122,1.0122,1.0122,5
837.95,1.0119,1.0119,1.0119,5
838.05,1.0116,1.0117,1.0117,5
838.15,1.0113,1.0114,1.0114,5
838.25,1.011,1.0111,1.0111,5
838.35,1.0108,1.0108,1.0108,5
838.45,1.0105,1.0106,1.0105,5
838.55,1.0102,1.0103,1.0103,5
838.65,1.0099,1.0101,1.01,5
838.75,1.0096,1.0098,1.0097,5
838.85,1.0093,1.0095,1.0094,5
838.95,1.0091,1.0092,1.0091,5
839.05,1.0088,1.0089,1.0089,5
839.15,1.0085,1.0087,1.0086,5
839.25,1.0082,1.0084,1.0083,5
839.35,1.0079,1.0081,1.008,5
839.45,1.0076,1.0078,1.0077,5
839.55,1.0074,1.0075,1.0074,5
839.65,1.0071,1.0072,1.0071,5
839.75,1.0068,1.0069,1.0069,5
839.85,1.0065,1.0066,1.0066,5
839.95,1.0062,1.0064,1.0064,5
840.05,1.0059,1.0061,1.0061,5
840.15,1.0056,1.0058,1.0058,5
840.25,1.0053,1.0055,1.0055,5
840.35,1.005,1.0052,1.0052,5
840.45,1.0047,1.0049,1.0049,5
840.55,1.0044,1.0046,1.0046,5
840.65,1.0042,1.0043,1.0043,5
840.75,1.0039,1.0039,1.004,5
840.85,1.0036,1.0036,1.0037,5
840.95,1.0033,1.0033,1.0034,5
841.05,1.003,1.003,1.0031,5
841.15,1.0027,1.0027,1.0028,5
841.25,1.0024,1.0024,1.0025,5
841.35,1.0021,1.0021,1.0021,5
841.45,1.0017,1.0018,1.0018,5
841.55,1.0014,1.0015,1.0015,5
841.65,1.0011,1.0012,1.0012,5
841.75,1.0008,1.0009,1.0009,5
841.85,1.0005,1.0006,1.0006,5
841.95,1.0002,1.0002,1.0003,5
842.05,0.99989,0.99995,1.0,5
842.15,0.99959,0.99965,0.99971,5
842.25,0.9993,0.99936,0.99942,5
842.35,0.9989,0.99906,0.99902,5
842.45,0.9986,0.99876,0.99872,5
842.55,0.99831,0.99846,0.99842,5
842.65,0.99801,0.99807,0.99813,5
842.75,0.99771,0.99777,0.99783,5
842.85,0.99741,0.99747,0.99753,5
842.95,0.99702,0.99718,0.99714,5
843.05,0.99672,0.99688,0.99684,5
843.15,0.99642,0.99648,0.99654,5
843.25,0.99613,0.99619,0.99624,5
843.35,0.99573,0.99589,0.99595,5
843.45,0.99543,0.99559,0.99555,5
843.55,0.99513,0.99529,0.99525,5
843.65,0.99484,0.9949,0.99496,5
843.75,0.99454,0.9946,0.99466,5
843.85,0.99414,0.9943,0.99426,5
843.95,0.99385,0.99401,0.99396,5
844.05,0.99355,0.99361,0.99367,5
844.15,0.99315,0.99331,0.99327,5
844.25,0.99286,0.99301,0.99297,5
844.35,0.99256,0.99262,0.99268,5
844.45,0.99216,0.99232,0.99228,5
844.55,0.99186,0.99202,0.99198,5
844.65,0.99157,0.99163,0.99169,5
844.75,0.99117,0.99133,0.99129,5
844.85,0.99087,0.99103,0.99099,5
844.95,0.99055,0.99066,0.99066,5
845.05,0.99021,0.99032,0.99034,5
845.15,0.98988,0.98999,0.99,5
845.25,0.98955,0.98966,0.98967,5
845.35,0.98921,0.98933,0.98934,5
845.45,0.98888,0.98899,0.98901,5
845.55,0.98855,0.98866,0.98867,5
845.65,0.98822,0.98833,0.98835,5
845.75,0.98788,0.988,0.98801,5
845.85,0.98755,0.98766,0.98768,5
845.95,0.98722,0.98734,0.98735,5
846.05,0.98689,0.987,0.98702,5
846.15,0.98656,0.98667,0.98668,5
846.25,0.98623,0.98635,0.98635,5
846.35,0.9859,0.98601,0.98602,5
846.45,0.98556,0.98568,0.98569,5
846.55,0.98524,0.98536,0.98536,5
846.65,0.98491,0.98502,0.98504,5
846.75,0.98458,0.98469,0.9847,5
846.85,0.98426,0.98436,0.98437,5
846.95,0.98393,0.98404,0.98405,5
847.05,0.9836,0.98371,0.98372,5
847.15,0.98327,0.98338,0.98339,5
847.25,0.98295,0.98306,0.98307,5
847.35,0.98262,0.98274,0.98275,5
847.45,0.9823,0.98241,0.98242,5
847.55,0.98198,0.98209,0.98209,5
847.65,0.98165,0.98177,0.98178,5
847.75,0.98133,0.98145,0.98146,5
847.85,0.98101,0.98112,0.98113,5
847.95,0.98071,0.98082,0.98082,5
848.05,0.98039,0.98051,0.98052,5
848.15,0.98008,0.9802,0.98021,5
848.25,0.97979,0.9799,0.9799,5
848.35,0.97948,0.97959,0.9796,5
848.45,0.97917,0.97928,0.9793,5
848.55,0.97886,0.97898,0.97899,5
848.65,0.97857,0.97868,0.97869,5
848.75,0.97827,0.97838,0.97839,5
848.85,0.97796,0.97807,0.97809,5
848.95,0.97767,0.97778,0.97779,5
849.05,0.97737,0.97748,0.97749,5
849.15,0.97707,0.97718,0.9772,5
849.25,0.97677,0.97688,0.97691,5
849.35,0.97649,0.9766,0.97661,5
849.45,0.97619,0.9763,0.97632,5
849.55,0.9759,0.97601,0.97603,5
849.65,0.9756,0.97571,0.97574,5
849.75,0.97532,0.97543,0.97545,5
849.85,0.97503,0.97514,0.97516,5
849.95,0.97474,0.97485,0.97488,5
850.05,0.97446,0.97457,0.97459,5
850.15,0.97418,0.97428,0.9743,5
850.25,0.97389,0.974,0.97403,5
850.35,0.97361,0.97371,0.97374,5
850.45,0.97333,0.97344,0.97346,5
850.55,0.97305,0.97315,0.97318,5
850.65,0.97277,0.97287,0.97291,5
850.75,0.97249,0.97259,0.97263,5
850.85,0.97222,0.97233,0.97235,5
850.95,0.97195,0.97205,0.97207,5
851.05,0.97167,0.97177,0.97181,5
851.15,0.9714,0.9715,0.97153,5
851.25,0.97114,0.97124,0.97126,5
851.35,0.97086,0.97097,0.97099,5
851.45,0.9706,0.9707,0.97073,5
851.55,0.97033,0.97043,0.97046,5
851.65,0.97007,0.97017,0.9702,5
851.75,0.9698,0.96991,0.96993,5
851.85,0.96954,0.96964,0.96968,5
851.95,0.96929,0.96939,0.96942,5
852.05,0.96904,0.96915,0.96917,5
852.15,0.96879,0.9689,0.96892,5
852.25,0.96854,0.96865,0.96867,5
852.35,0.96829,0.9684,0.96843,5
852.45,0.96805,0.96815,0.96818,5
852.55,0.96781,0.96792,0.96793,5
852.65,0.96757,0.96768,0.96769,5
852.75,0.96732,0.96743,0.96745,5
852.85,0.96708,0.96719,0.96721,5
852.95,0.96685,0.96696,0.96697,5
853.05,0.96661,0.96673,0.96673,5
853.15,0.96637,0.96649,0.96649,5
853.25,0.96614,0.96625,0.96626,5
853.35,0.9659,0.96602,0.96602,5
853.45,0.96568,0.9658,0.96579,5
853.55,0.96545,0.96556,0.96556,5
853.65,0.96521,0.96533,0.96533,5
853.75,0.96498,0.9651,0.9651,5
853.85,0.96476,0.96488,0.96487,5
853.95,0.96454,0.96466,0.96464,5
854.05,0.96431,0.96443,0.96442,5
854.15,0.96409,0.96421,0.9642,5
854.25,0.96386,0.96399,0.96397,5
854.35,0.96364,0.96378,0.96375,5
854.45,0.96343,0.96355,0.96353,5
854.55,0.96321,0.96333,0.9633,5
854.65,0.96299,0.96312,0.96309,5
854.75,0.96277,0.9629,0.96287,5
854.85,0.96255,0.96269,0.96266,5
854.95,0.96234,0.96248,0.96244,5
855.05,0.96213,0.96226,0.96222,5
855.15,0.96192,0.96205,0.96202,5
855.25,0.9617,0.96184,0.9618,5
855.35,0.96149,0.96162,0.96159,5
855.45,0.96129,0.96142,0.96138,5
855.55,0.96108,0.96122,0.96117,5
855.65,0.96087,0.96101,0.96096,5
855.75,0.96066,0.9608,0.96076,5
855.85,0.96046,0.96059,0.96055,5
855.95,0.96026,0.9604,0.96035,5
856.05,0.96006,0.9602,0.96015,5
856.15,0.95986,0.96,0.95995,5
856.25,0.95966,0.9598,0.95976,5
856.35,0.95947,0.9596,0.95956,5
856.45,0.95928,0.95941,0.95936,5
856.55,0.95908,0.95921,0.95917,5
856.65,0.95889,0.95901,0.95897,5
856.75,0.95869,0.95882,0.95878,5
856.85,0.9585,0.95862,0.95859,5
856.95,0.9583,0.95843,0.9584,5
857.05,0.95812,0.95824,0.95821,5
857.15,0.95793,0.95805,0.95802,5
857.25,0.95774,0.95786,0.95783,5
857.35,0.95755,0.95767,0.95765,5
857.45,0.95736,0.95748,0.95746,5
857.55,0.95717,0.95729,0.95727,5
857.65,0.95699,0.95711,0.95708,5
857.75,0.9568,0.95692,0.95689,5
857.85,0.95662,0.95673,0.95671,5
857.95,0.95643,0.95654,0.95653,5
858.05,0.95624,0.95635,0.95634,5
858.15,0.95606,0.95618,0.95616,5
858.25,0.95588,0.95599,0.95597,5
858.35,0.9557,0.9558,0.95579,5
858.45,0.95551,0.95562,0.95561,5
858.55,0.95533,0.95543,0.95543,5
858.65,0.95515,0.95525,0.95525,5
858.75,0.95497,0.95507,0.95507,5
858.85,0.95479,0.95489,0.95489,5
858.95,0.95461,0.95471,0.95471,5
859.05,0.95443,0.95452,0.95453,5
859.15,0.95425,0.95434,0.95435,5
859.25,0.95407,0.95416,0.95417,5
859.35,0.95389,0.95399,0.95399,5
859.45,0.95372,0.95381,0.95381,5
859.55,0.95354,0.95363,0.95364,5
859.65,0.95336,0.95344,0.95346,5
859.75,0.95318,0.95326,0.95328,5
859.85,0.953,0.95308,0.95311,5
859.95,0.95281,0.95291,0.95293,5
860.05,0.95264,0.95272,0.95274,5
860.15,0.95245,0.95253,0.95255,5
860.25,0.95226,0.95234,0.95236,5
860.35,0.95207,0.95216,0.95217,5
860.45,0.95188,0.95197,0.952,5
860.55,0.95169,0.95179,0.95181,5
860.65,0.95151,0.95161,0.95162,5
860.75,0.95133,0.95142,0.95143,5
860.85,0.95114,0.95123,0.95125,5
860.95,0.95095,0.95105,0.95106,5
861.05,0.95077,0.95086,0.95089,5
861.15,0.95059,0.95069,0.9507,5
861.25,0.95041,0.9505,0.95052,5
861.35,0.95022,0.95032,0.95033,5
861.45,0.95004,0.95013,0.95015,5
861.55,0.94985,0.94995,0.94997,5
861.65,0.94967,0.94977,0.94979,5
861.75,0.9495,0.9496,0.94961,5
861.85,0.94931,0.94942,0.94943,5
861.95,0.94913,0.94923,0.94925,5
862.05,0.94895,0.94905,0.94907,5
862.15,0.94877,0.94888,0.94889,5
862.25,0.94859,0.9487,0.94872,5
862.35,0.94842,0.94853,0.94854,5
862.45,0.94824,0.94835,0.94836,5
862.55,0.94806,0.94817,0.94818,5
862.65,0.94789,0.948,0.94801,5
862.75,0.94771,0.94782,0.94783,5
862.85,0.94753,0.94765,0.94767,5
862.95,0.94736,0.94748,0.94749,5
863.05,0.94719,0.94731,0.94732,5
863.15,0.94702,0.94714,0.94715,5
863.25,0.94685,0.94697,0.94697,5
863.35,0.94668,0.9468,0.9468,5
863.45,0.94651,0.94663,0.94664,5
863.55,0.94634,0.94647,0.94647,5
863.65,0.94618,0.9463,0.94631,5
863.75,0.94601,0.94613,0.94614,5
863.85,0.94584,0.94597,0.94597,5
863.95,0.94568,0.9458,0.94581,5
864.05,0.94552,0.94564,0.94565,5
864.15,0.94536,0.94549,0.9455,5
864.25,0.9452,0.94534,0.94534,5
864.35,0.94506,0.94519,0.94519,5
864.45,0.94491,0.94503,0.94503,5
864.55,0.94475,0.94488,0.94488,5
864.65,0.9446,0.94473,0.94473,5
864.75,0.94445,0.94458,0.94458,5
864.85,0.9443,0.94443,0.94444,5
864.95,0.94415,0.94429,0.94429,5
865.05,0.94402,0.94414,0.94414,5
865.15,0.94387,0.94399,0.944,5
865.25,0.94373,0.94385,0.94385,5
865.35,0.94358,0.9437,0.94371,5
865.45,0.94344,0.94356,0.94356,5
865.55,0.9433,0.94342,0.94342,5
865.65,0.94316,0.94327,0.94329,5
865.75,0.94301,0.94314,0.94315,5
865.85,0.94289,0.943,0.94301,5
865.95,0.94275,0.94287,0.94287,5
866.05,0.94261,0.94273,0.94273,5
866.15,0.94247,0.94259,0.9426,5
866.25,0.94234,0.94246,0.94246,5
866.35,0.94221,0.94232,0.94233,5
866.45,0.94207,0.94219,0.9422,5
866.55,0.94194,0.94206,0.94207,5
866.65,0.94182,0.94193,0.94194,5
866.75,0.94169,0.9418,0.94181,5
866.85,0.94156,0.94167,0.94168,5
866.95,0.94143,0.94154,0.94155,5
867.05,0.94131,0.94142,0.94143,5
867.15,0.94118,0.94129,0.9413,5
867.25,0.94106,0.94116,0.94117,5
867.35,0.94093,0.94105,0.94106,5
867.45,0.94082,0.94093,0.94094,5
867.55,0.9407,0.9408,0.94081,5
867.65,0.94058,0.94068,0.94069,5
867.75,0.94046,0.94056,0.94057,5
867.85,0.94034,0.94044,0.94045,5
867.95,0.94022,0.94032,0.94034,5
868.05,0.94011,0.94021,0.94022,5
868.15,0.93999,0.9401,0.94011,5
868.25,0.93989,0.94,0.94001,5
868.35,0.93979,0.9399,0.93991,5
868.45,0.9397,0.9398,0.93981,5
868.55,0.9396,0.9397,0.93971,5
868.65,0.9395,0.9396,0.93961,5
868.75,0.9394,0.9395,0.93951,5
868.85,0.9393,0.9394,0.93941,5
868.95,0.9392,0.9393,0.93931,5
869.05,0.9391,0.9392,0.93922,5
869.15,0.93901,0.93911,0.93912,5
869.25,0.93891,0.93901,0.93903,5
869.35,0.93882,0.93891,0.93894,5
869.45,0.93872,0.93883,0.93885,5
869.55,0.93864,0.93874,0.93875,5
869.65,0.93855,0.93864,0.93866,5
869.75,0.93845,0.93855,0.93857,5
869.85,0.93836,0.93846,0.93847,5
869.95,0.93827,0.93836,0.93838,5
870.05,0.93818,0.93827,0.93829,5
870.15,0.93808,0.93818,0.9382,5
870.25,0.93799,0.93809,0.93811,5
870.35,0.9379,0.938,0.93802,5
870.45,0.93781,0.93791,0.93793,5
870.55,0.93772,0.93783,0.93785,5
870.65,0.93763,0.93774,0.93776,5
870.75,0.93755,0.93765,0.93767,5
870.85,0.93746,0.93756,0.93758,5
870.95,0.93737,0.93747,0.93749,5
871.05,0.93728,0.93738,0.9374,5
871.15,0.93719,0.93729,0.93731,5
871.25,0.9371,0.9372,0.93722,5
871.35,0.93701,0.9371,0.93713,5
871.45,0.93692,0.93701,0.93704,5
871.55,0.93683,0.93692,0.93694,5
871.65,0.93674,0.93683,0.93685,5
871.75,0.93665,0.93675,0.93676,5
871.85,0.93656,0.93666,0.93668,5
871.95,0.93647,0.93657,0.93659,5
872.05,0.93638,0.93648,0.9365,5
872.15,0.93629,0.93638,0.93641,5
872.25,0.9362,0.93629,0.93631,5
872.35,0.9361,0.93619,0.93621,5
872.45,0.936,0.93609,0.93611,5
872.55,0.93589,0.93599,0.93601,5
872.65,0.93579,0.93589,0.93591,5
872.75,0.93569,0.93578,0.93581,5
872.85,0.93559,0.93568,0.9357,5
872.95,0.93548,0.93559,0.93561,5
873.05,0.93539,0.93548,0.9355,5
873.15,0.93528,0.93538,0.9354,5
873.25,0.93518,0.93527,0.93529,5
873.35,0.93507,0.93517,0.93519,5
873.45,0.93497,0.93506,0.93508,5
873.55,0.93486,0.93495,0.93498,5
873.65,0.93475,0.93485,0.93487,5
873.75,0.93464,0.93474,0.93476,5
873.85,0.93454,0.93463,0.93465,5
873.95,0.93443,0.93453,0.93455,5
874.05,0.93432,0.93442,0.93444,5
874.15,0.93422,0.93431,0.93433,5
874.25,0.93411,0.9342,0.93422,5
874.35,0.934,0.93409,0.93411,5
874.45,0.93388,0.93398,0.934,5
874.55,0.93377,0.93387,0.93389,5
874.65,0.93366,0.93375,0.93378,5
874.75,0.93355,0.93364,0.93366,5
874.85,0.93343,0.93353,0.93355,5
874.95,0.93332,0.93342,0.93344,5
875.05,0.93321,0.93331,0.93333,5
875.15,0.9331,0.93319,0.93321,5
875.25,0.93298,0.93307,0.9331,5
875.35,0.93286,0.93296,0.93298,5
875.45,0.93274,0.93284,0.93286,5
875.55,0.93263,0.93272,0.93274,5
875.65,0.93251,0.9326,0.93262,5
875.75,0.93239,0.93248,0.9325,5
875.85,0.93227,0.93237,0.93238,5
875.95,0.93215,0.93225,0.93227,5
876.05,0.93203,0.93213,0.93215,5
876.15,0.93191,0.93201,0.93203,5
876.25,0.93179,0.93188,0.93191,5
876.35,0.93166,0.93176,0.93178,5
876.45,0.93154,0.93163,0.93166,5
876.55,0.93141,0.9315,0.93153,5
876.65,0.93127,0.93137,0.93139,5
876.75,0.93114,0.93125,0.93126,5
876.85,0.93102,0.93112,0.93114,5
876.95,0.93088,0.93098,0.931,5
877.05,0.93075,0.93085,0.93087,5
877.15,0.93062,0.93071,0.93073,5
877.25,0.93048,0.93058,0.9306,5
877.35,0.93034,0.93044,0.93046,5
877.45,0.93021,0.9303,0.93033,5
877.55,0.93007,0.93018,0.93019,5
877.65,0.92994,0.93004,0.93006,5
877.75,0.9298,0.9299,0.92992,5
877.85,0.92966,0.92976,0.92978,5
877.95,0.92952,0.92962,0.92965,5
878.05,0.92939,0.92948,0.92951,5
878.15,0.92925,0.92935,0.92937,5
878.25,0.9291,0.9292,0.92923,5
878.35,0.92896,0.92907,0.92909,5
878.45,0.92883,0.92893,0.92895,5
878.55,0.92869,0.92879,0.92881,5
878.65,0.92855,0.92865,0.92867,5
878.75,0.92841,0.92851,0.92853,5
878.85,0.92826,0.92837,0.92839,5
878.95,0.92812,0.92822,0.92824,5
879.05,0.92798,0.92809,0.9281,5
879.15,0.92784,0.92795,0.92796,5
879.25,0.9277,0.92781,0.92783,5
879.35,0.92756,0.92766,0.92768,5
879.45,0.92742,0.92752,0.92754,5
879.55,0.92727,0.92737,0.9274,5
879.65,0.92713,0.92723,0.92725,5
879.75,0.92698,0.92709,0.92711,5
879.85,0.92684,0.92695,0.92696,5
879.95,0.9267,0.92681,0.92683,5
880.05,0.92656,0.92666,0.92669,5
880.15,0.92642,0.92652,0.92654,5
880.25,0.92627,0.92637,0.9264,5
880.35,0.92613,0.92623,0.92625,5
880.45,0.92598,0.92609,0.92611,5
880.55,0.92584,0.92594,0.92596,5
880.65,0.92569,0.92581,0.92582,5
880.75,0.92557,0.92567,0.9257,5
880.85,0.92543,0.92554,0.92556,5
880.95,0.92529,0.9254,0.92542,5
881.05,0.92516,0.92526,0.92529,5
881.15,0.92502,0.92513,0.92515,5
881.25,0.92489,0.92499,0.92502,5
881.35,0.92475,0.92486,0.92488,5
881.45,0.92461,0.92473,0.92475,5
881.55,0.92449,0.92459,0.92462,5
881.65,0.92435,0.92446,0.92449,5
881.75,0.92422,0.92432,0.92435,5
881.85,0.92408,0.92418,0.92421,5
881.95,0.92394,0.92405,0.92408,5
882.05,0.92381,0.92391,0.92394,5
882.15,0.92367,0.92378,0.92381,5
882.25,0.92353,0.92365,0.92367,5
882.35,0.92341,0.92351,0.92355,5
882.45,0.92327,0.92337,0.92341,5
882.55,0.92313,0.92324,0.92327,5
882.65,0.923,0.9231,0.92314,5
882.75,0.92286,0.92296,0.923,5
882.85,0.92272,0.92283,0.92287,5
882.95,0.92259,0.9227,0.92273,5
883.05,0.92245,0.92256,0.92259,5
883.15,0.92232,0.92242,0.92246,5
883.25,0.92218,0.92229,0.92233,5
883.35,0.92205,0.92215,0.92219,5
883.45,0.92191,0.92201,0.92206,5
883.55,0.92177,0.92187,0.92192,5
883.65,0.92163,0.92174,0.92178,5
883.75,0.9215,0.92161,0.92164,5
883.85,0.92136,0.92147,0.92151,5
883.95,0.92123,0.92133,0.92137,5
884.05,0.92109,0.92119,0.92124,5
884.15,0.92095,0.92105,0.9211,5
884.25,0.92081,0.92091,0.92096,5
884.35,0.92067,0.92077,0.92083,5
884.45,0.92053,0.92063,0.92069,5
884.55,0.9204,0.9205,0.92055,5
884.65,0.92026,0.92036,0.92041,5
884.75,0.92013,0.92022,0.92027,5
884.85,0.91999,0.92008,0.92014,5
884.95,0.91985,0.91994,0.92,5
885.05,0.91971,0.91981,0.91986,5
885.15,0.91957,0.91967,0.91972,5
885.25,0.91943,0.91953,0.91958,5
885.35,0.91929,0.9194,0.91944,5
885.45,0.91915,0.91926,0.9193,5
885.55,0.91902,0.91912,0.91916,5
885.65,0.91888,0.91897,0.91903,5
885.75,0.91874,0.91883,0.91889,5
885.85,0.9186,0.91869,0.91875,5
885.95,0.91846,0.91855,0.91861,5
886.05,0.91832,0.91841,0.91847,5
886.15,0.91817,0.91827,0.91833,5
886.25,0.91803,0.91813,0.91818,5
886.35,0.9179,0.91799,0.91805,5
886.45,0.91776,0.91785,0.91791,5
886.55,0.91761,0.9177,0.91776,5
886.65,0.91747,0.91756,0.91762,5
886.75,0.91732,0.91741,0.91747,5
886.85,0.91718,0.91728,0.91733,5
886.95,0.91704,0.91713,0.91718,5
887.05,0.9169,0.91699,0.91704,5
887.15,0.91675,0.91684,0.9169,5
887.25,0.91661,0.91669,0.91676,5
887.35,0.91646,0.91654,0.91661,5
887.45,0.91631,0.9164,0.91646,5
887.55,0.91617,0.91625,0.91631,5
887.65,0.91602,0.91611,0.91616,5
887.75,0.91587,0.91596,0.91602,5
887.85,0.91573,0.91581,0.91587,5
887.95,0.91558,0.91566,0.91573,5
888.05,0.91543,0.91551,0.91558,5
888.15,0.91528,0.91536,0.91542,5
888.25,0.91513,0.91521,0.91527,5
888.35,0.91498,0.91506,0.91512,5
888.45,0.91482,0.91491,0.91497,5
888.55,0.91468,0.91476,0.91481,5
888.65,0.91453,0.9146,0.91467,5
888.75,0.91437,0.91445,0.91452,5
888.85,0.91422,0.91429,0.91436,5
888.95,0.91406,0.91414,0.91421,5
889.05,0.91391,0.91399,0.91405,5
889.15,0.91375,0.91383,0.91389,5
889.25,0.9136,0.91367,0.91373,5
889.35,0.91344,0.91351,0.91358,5
889.45,0.91328,0.91335,0.91342,5
889.55,0.91311,0.91319,0.91326,5
889.65,0.91295,0.91303,0.91309,5
889.75,0.91279,0.91287,0.91293,5
889.85,0.91262,0.91271,0.91277,5
889.95,0.91247,0.91254,0.9126,5
890.05,0.9123,0.91238,0.91245,5
890.15,0.91214,0.91221,0.91228,5
890.25,0.91197,0.91204,0.91212,5
890.35,0.9118,0.91189,0.91195,5
890.45,0.91164,0.91172,0.91178,5
890.55,0.91148,0.91155,0.91161,5
890.65,0.91131,0.91138,0.91145,5
890.75,0.91114,0.91121,0.91129,5
890.85,0.91097,0.91104,0.91112,5
890.95,0.9108,0.91087,0.91095,5
891.05,0.91063,0.91071,0.91078,5
891.15,0.91046,0.91054,0.9106,5
891.25,0.91029,0.91037,0.91043,5
891.35,0.91012,0.9102,0.91027,5
891.45,0.90995,0.91002,0.9101,5
891.55,0.90978,0.90985,0.90992,5
891.65,0.9096,0.90969,0.90975,5
891.75,0.90943,0.90951,0.90958,5
891.85,0.90926,0.90934,0.9094,5
891.95,0.90909,0.90916,0.90924,5
892.05,0.90891,0.90899,0.90906,5
892.15,0.90874,0.90881,0.90889,5
892.25,0.90856,0.90864,0.90871,5
892.35,0.90838,0.90847,0.90853,5
892.45,0.90821,0.90829,0.90835,5
892.55,0.90804,0.90811,0.90818,5
892.65,0.90786,0.90793,0.90801,5
892.75,0.90768,0.90775,0.90783,5
892.85,0.9075,0.90757,0.90765,5
892.95,0.90732,0.9074,0.90747,5
893.05,0.90715,0.90722,0.90729,5
893.15,0.90697,0.90704,0.90711,5
893.25,0.90679,0.90686,0.90694,5
893.35,0.90661,0.90668,0.90676,5
893.45,0.90643,0.9065,0.90658,5
893.55,0.90625,0.90633,0.9064,5
893.65,0.90608,0.90614,0.90622,5
893.75,0.90589,0.90596,0.90603,5
893.85,0.90571,0.90578,0.90586,5
893.95,0.90553,0.9056,0.90568,5
894.05,0.90535,0.90541,0.9055,5
894.15,0.90517,0.90524,0.90532,5
894.25,0.905,0.90506,0.90513,5
894.35,0.90481,0.90487,0.90495,5
894.45,0.90463,0.90469,0.90477,5
894.55,0.90445,0.9045,0.90459,5
894.65,0.90426,0.90432,0.90441,5
894.75,0.90408,0.90414,0.90422,5
894.85,0.9039,0.90396,0.90404,5
894.95,0.90372,0.90377,0.90385,5
895.05,0.90353,0.90359,0.90367,5
895.15,0.90335,0.9034,0.90349,5
895.25,0.90316,0.90322,0.9033,5
895.35,0.90298,0.90303,0.90311,5
895.45,0.9028,0.90285,0.90293,5
895.55,0.90261,0.90266,0.90274,5
895.65,0.90242,0.90247,0.90256,5
895.75,0.90224,0.90228,0.90237,5
895.85,0.90205,0.9021,0.90218,5
895.95,0.90186,0.90191,0.90199,5
896.05,0.90168,0.90172,0.90181,5
896.15,0.90149,0.90153,0.90162,5
896.25,0.9013,0.90134,0.90144,5
896.35,0.90112,0.90115,0.90125,5
896.45,0.90093,0.90097,0.90106,5
896.55,0.90074,0.90078,0.90086,5
896.65,0.90056,0.90059,0.90067,5
896.75,0.90037,0.9004,0.90048,5
896.85,0.90017,0.90021,0.9003,5
896.95,0.89998,0.90001,0.90011,5
897.05,0.89979,0.89983,0.89992,5
897.15,0.8996,0.89964,0.89972,5
897.25,0.89942,0.89945,0.89953,5
897.35,0.89923,0.89925,0.89935,5
897.45,0.89903,0.89906,0.89916,5
897.55,0.89884,0.89888,0.89896,5
897.65,0.89865,0.89868,0.89877,5
897.75,0.89846,0.89849,0.89858,5
897.85,0.89827,0.89829,0.89838,5
897.95,0.89808,0.8981,0.8982,5
898.05,0.89788,0.8979,0.898,5
898.15,0.89769,0.89772,0.89781,5
898.25,0.89749,0.89753,0.89761,5
898.35,0.8973,0.89733,0.89742,5
898.45,0.89711,0.89713,0.89722,5
898.55,0.89691,0.89694,0.89704,5
898.65,0.89672,0.89675,0.89684,5
898.75,0.89652,0.89656,0.89665,5
898.85,0.89632,0.89636,0.89645,5
898.95,0.89614,0.89617,0.89625,5
899.05,0.89594,0.89597,0.89606,5
899.15,0.89574,0.89577,0.89587,5
899.25,0.89555,0.89559,0.89567,5
899.35,0.89535,0.89539,0.89548,5
899.45,0.89516,0.89519,0.89528,5
899.55,0.89497,0.895,0.89508,5
899.65,0.89477,0.8948,0.8949,5
899.75,0.89457,0.89461,0.8947,5
899.85,0.89437,0.89442,0.8945,5
899.95,0.89418,0.89422,0.89431,5
900.05,0.89399,0.89402,0.89411,5
900.15,0.89379,0.89383,0.89391,5
900.25,0.89359,0.89363,0.89373,5
900.35,0.8934,0.89344,0.89353,5
900.45,0.8932,0.89325,0.89333,5
900.55,0.89301,0.89305,0.89313,5
900.65,0.89281,0.89285,0.89294,5
900.75,0.89261,0.89266,0.89274,5
900.85,0.89242,0.89246,0.89255,5
900.95,0.89222,0.89227,0.89236,5
901.05,0.89202,0.89208,0.89216,5
901.15,0.89183,0.89188,0.89196,5
901.25,0.89164,0.89168,0.89176,5
901.35,0.89144,0.89149,0.89158,5
901.45,0.89124,0.8913,0.89138,5
901.55,0.89104,0.8911,0.89118,5
901.65,0.89086,0.89091,0.89099,5
901.75,0.89066,0.89071,0.89079,5
901.85,0.89046,0.89052,0.89059,5
901.95,0.89027,0.89032,0.89041,5
902.05,0.89007,0.89013,0.89021,5
902.15,0.88988,0.88994,0.89002,5
902.25,0.88969,0.88975,0.88983,5
902.35,0.8895,0.88956,0.88963,5
902.45,0.88931,0.88937,0.88944,5
902.55,0.88912,0.88918,0.88926,5
902.65,0.88893,0.889,0.88907,5
902.75,0.88874,0.8888,0.88888,5
902.85,0.88856,0.88861,0.88869,5
902.95,0.88837,0.88842,0.8885,5
903.05,0.88818,0.88823,0.88831,5
903.15,0.88798,0.88805,0.88812,5
903.25,0.88779,0.88786,0.88793,5
903.35,0.88761,0.88767,0.88774,5
903.45,0.88742,0.88748,0.88755,5
903.55,0.88723,0.88729,0.88736,5
903.65,0.88704,0.88711,0.88718,5
903.75,0.88686,0.88693,0.88699,5
903.85,0.88667,0.88674,0.8868,5
903.95,0.88649,0.88655,0.88661,5
904.05,0.8863,0.88636,0.88642,5
904.15,0.88611,0.88617,0.88623,5
904.25,0.88592,0.88598,0.88605,5
904.35,0.88573,0.8858,0.88586,5
904.45,0.88554,0.88561,0.88567,5
904.55,0.88536,0.88543,0.88549,5
904.65,0.88518,0.88524,0.8853,5
904.75,0.88499,0.88505,0.88511,5
904.85,0.8848,0.88486,0.88493,5
904.95,0.88461,0.88468,0.88474,5
905.05,0.88442,0.8845,0.88455,5
905.15,0.88425,0.88431,0.88437,5
905.25,0.88406,0.88412,0.88418,5
905.35,0.88387,0.88393,0.88399,5
905.45,0.88368,0.88376,0.88381,5
905.55,0.8835,0.88357,0.88362,5
905.65,0.88331,0.88338,0.88344,5
905.75,0.88313,0.88319,0.88325,5
905.85,0.88295,0.88301,0.88306,5
905.95,0.88276,0.88282,0.88287,5
906.05,0.88257,0.88264,0.8827,5
906.15,0.88239,0.88246,0.88251,5
906.25,0.8822,0.88227,0.88232,5
906.35,0.88203,0.88209,0.88214,5
906.45,0.88184,0.8819,0.88195,5
906.55,0.88165,0.88171,0.88177,5
906.65,0.88147,0.88154,0.88159,5
906.75,0.88129,0.88136,0.88141,5
906.85,0.88111,0.88117,0.88123,5
906.95,0.88093,0.88099,0.88104,5
907.05,0.88075,0.88081,0.88086,5
907.15,0.88057,0.88062,0.88068,5
907.25,0.88038,0.88045,0.88051,5
907.35,0.8802,0.88027,0.88032,5
907.45,0.88002,0.88008,0.88014,5
907.55,0.87985,0.8799,0.87996,5
907.65,0.87966,0.87972,0.87978,5
907.75,0.87948,0.87953,0.87959,5
907.85,0.8793,0.87936,0.87942,5
907.95,0.87912,0.87918,0.87924,5
908.05,0.87894,0.87899,0.87906,5
908.15,0.87876,0.87881,0.87888,5
908.25,0.87858,0.87863,0.87869,5
908.35,0.8784,0.87845,0.87851,5
908.45,0.87822,0.87827,0.87834,5
908.55,0.87803,0.87809,0.87816,5
908.65,0.87785,0.87791,0.87798,5
908.75,0.87768,0.87773,0.8778,5
908.85,0.8775,0.87754,0.87761,5
908.95,0.87732,0.87736,0.87743,5
909.05,0.87714,0.87719,0.87726,5
909.15,0.87695,0.87701,0.87708,5
909.25,0.87677,0.87682,0.8769,5
909.35,0.8766,0.87664,0.87672,5
909.45,0.87642,0.87646,0.87654,5
909.55,0.87624,0.87628,0.87635,5
909.65,0.87606,0.8761,0.87618,5
909.75,0.87587,0.87592,0.876,5
909.85,0.87569,0.87574,0.87582,5
909.95,0.87552,0.87556,0.87564,5
910.05,0.87534,0.87537,0.87546,5
910.15,0.87516,0.87519,0.87527,5
910.25,0.87498,0.87502,0.8751,5
910.35,0.87479,0.87483,0.87492,5
910.45,0.87461,0.87465,0.87474,5
910.55,0.87444,0.87447,0.87456,5
910.65,0.87426,0.87429,0.87438,5
910.75,0.87408,0.8741,0.87419,5
910.85,0.87389,0.87393,0.87402,5
910.95,0.87371,0.87375,0.87384,5
911.05,0.87353,0.87357,0.87366,5
911.15,0.87336,0.87338,0.87348,5
911.25,0.87318,0.8732,0.8733,5
911.35,0.873,0.87302,0.87311,5
911.45,0.87282,0.87285,0.87294,5
911.55,0.87264,0.87267,0.87276,5
911.65,0.87246,0.87248,0.87258,5
911.75,0.87229,0.8723,0.8724,5
911.85,0.8721,0.87212,0.87222,5
911.95,0.87192,0.87194,0.87203,5
912.05,0.87174,0.87176,0.87185,5
912.15,0.87156,0.87158,0.87168,5
912.25,0.87138,0.8714,0.8715,5
912.35,0.87121,0.87121,0.87131,5
912.45,0.87102,0.87103,0.87113,5
912.55,0.87084,0.87085,0.87095,5
912.65,0.87066,0.87068,0.87077,5
912.75,0.87048,0.87049,0.87059,5
912.85,0.8703,0.87031,0.87041,5
912.95,0.87012,0.87012,0.87023,5
913.05,0.86994,0.86994,0.87004,5
913.15,0.86976,0.86976,0.86986,5
913.25,0.86957,0.86958,0.86968,5
913.35,0.86939,0.8694,0.8695,5
913.45,0.86921,0.86921,0.86932,5
913.55,0.86903,0.86903,0.86913,5
913.65,0.86885,0.86885,0.86895,5
913.75,0.86867,0.86866,0.86877,5
913.85,0.86848,0.86849,0.86858,5
913.95,0.8683,0.8683,0.86841,5
914.05,0.86811,0.86811,0.86822,5
914.15,0.86794,0.86793,0.86804,5
914.25,0.86776,0.86774,0.86785,5
914.35,0.86757,0.86756,0.86766,5
914.45,0.86739,0.86738,0.86748,5
914.55,0.8672,0.8672,0.8673,5
914.65,0.86701,0.86701,0.86712,5
914.75,0.86684,0.86682,0.86693,5
914.85,0.86665,0.86664,0.86674,5
914.95,0.86647,0.86646,0.86656,5
915.05,0.86628,0.86627,0.86637,5
915.15,0.86609,0.86608,0.86619,5
915.25,0.86591,0.8659,0.86601,5
915.35,0.86573,0.86571,0.86582,5
915.45,0.86554,0.86552,0.86563,5
915.55,0.86535,0.86534,0.86543,5
915.65,0.86515,0.86514,0.86524,5
915.75,0.86496,0.86495,0.86506,5
915.85,0.86478,0.86476,0.86487,5
915.95,0.86459,0.86457,0.86468,5
916.05,0.86439,0.86437,0.86448,5
916.15,0.8642,0.86419,0.86429,5
916.25,0.86401,0.864,0.86411,5
916.35,0.86382,0.86381,0.86392,5
916.45,0.86363,0.86361,0.86372,5
916.55,0.86344,0.86342,0.86353,5
916.65,0.86325,0.86324,0.86334,5
916.75,0.86305,0.86304,0.86314,5
916.85,0.86286,0.86285,0.86296,5
916.95,0.86266,0.86265,0.86277,5
917.05,0.86248,0.86246,0.86257,5
917.15,0.86229,0.86227,0.86238,5
917.25,0.86209,0.86208,0.86219,5
917.35,0.8619,0.86189,0.86199,5
917.45,0.8617,0.8617,0.86181,5
917.55,0.86152,0.8615,0.86162,5
917.65,0.86133,0.86131,0.86142,5
917.75,0.86113,0.86112,0.86123,5
917.85,0.86094,0.86093,0.86103,5
917.95,0.86074,0.86074,0.86084,5
918.05,0.86055,0.86054,0.86066,5
918.15,0.86037,0.86035,0.86046,5
918.25,0.86017,0.86016,0.86027,5
918.35,0.85998,0.85997,0.86008,5
918.45,0.85978,0.85978,0.85988,5
918.55,0.85959,0.85959,0.8597,5
918.65,0.8594,0.85939,0.85951,5
918.75,0.85921,0.8592,0.85932,5
918.85,0.85902,0.85901,0.85912,5
918.95,0.85883,0.85883,0.85893,5
919.05,0.85864,0.85863,0.85874,5
919.15,0.85844,0.85844,0.85856,5
919.25,0.85826,0.85825,0.85836,5
919.35,0.85807,0.85806,0.85817,5
919.45,0.85788,0.85786,0.85798,5
919.55,0.85768,0.85768,0.85779,5
919.65,0.85749,0.85749,0.8576,5
919.75,0.8573,0.8573,0.85742,5
919.85,0.85712,0.85711,0.85723,5
919.95,0.85694,0.85693,0.85704,5
920.05,0.85675,0.85675,0.85686,5
920.15,0.85657,0.85657,0.85668,5
920.25,0.85638,0.85638,0.85649,5
920.35,0.8562,0.8562,0.85632,5
920.45,0.85603,0.85601,0.85613,5
920.55,0.85584,0.85583,0.85595,5
920.65,0.85566,0.85566,0.85577,5
920.75,0.85548,0.85547,0.85559,5
920.85,0.85529,0.85529,0.8554,5
920.95,0.85511,0.85511,0.85523,5
921.05,0.85494,0.85492,0.85505,5
921.15,0.85476,0.85474,0.85487,5
921.25,0.85458,0.85457,0.85468,5
921.35,0.85439,0.85439,0.8545,5
921.45,0.85421,0.85421,0.85432,5
921.55,0.85403,0.85402,0.85415,5
921.65,0.85386,0.85384,0.85397,5
921.75,0.85368,0.85366,0.85379,5
921.85,0.8535,0.85349,0.85361,5
921.95,0.85332,0.85331,0.85343,5
922.05,0.85314,0.85313,0.85325,5
922.15,0.85296,0.85295,0.85308,5
922.25,0.85279,0.85277,0.8529,5
922.35,0.85261,0.85259,0.85272,5
922.45,0.85243,0.85242,0.85254,5
922.55,0.85225,0.85224,0.85236,5
922.65,0.85207,0.85206,0.85218,5
922.75,0.85189,0.85188,0.85201,5
922.85,0.85172,0.8517,0.85183,5
922.95,0.85154,0.85152,0.85165,5
923.05,0.85136,0.85135,0.85147,5
923.15,0.85119,0.85117,0.85129,5
923.25,0.85101,0.85099,0.85112,5
923.35,0.85083,0.85081,0.85094,5
923.45,0.85066,0.85063,0.85077,5
923.55,0.85048,0.85045,0.85059,5
923.65,0.8503,0.85028,0.85041,5
923.75,0.85013,0.85011,0.85024,5
923.85,0.84995,0.84993,0.85006,5
923.95,0.84977,0.84975,0.84988,5
924.05,0.8496,0.84957,0.84971,5
924.15,0.84943,0.84939,0.84953,5
924.25,0.84925,0.84922,0.84936,5
924.35,0.84907,0.84905,0.84918,5
924.45,0.8489,0.84887,0.84901,5
924.55,0.84872,0.8487,0.84883,5
924.65,0.84855,0.84852,0.84867,5
924.75,0.84838,0.84835,0.84849,5
924.85,0.84821,0.84818,0.84832,5
924.95,0.84803,0.84801,0.84814,5
925.05,0.84786,0.84784,0.84797,5
925.15,0.84768,0.84766,0.84779,5
925.25,0.84751,0.84749,0.84763,5
925.35,0.84734,0.84731,0.84745,5
925.45,0.84717,0.84714,0.84728,5
925.55,0.847,0.84697,0.8471,5
925.65,0.84682,0.8468,0.84693,5
925.75,0.84665,0.84663,0.84676,5
925.85,0.84647,0.84645,0.84658,5
925.95,0.84631,0.84628,0.84642,5
926.05,0.84613,0.8461,0.84624,5
926.15,0.84596,0.84594,0.84607,5
926.25,0.84578,0.84576,0.84589,5
926.35,0.84561,0.84559,0.84572,5
926.45,0.84543,0.84541,0.84554,5
926.55,0.84527,0.84524,0.84538,5
926.65,0.84509,0.84506,0.8452,5
926.75,0.84492,0.84489,0.84503,5
926.85,0.84474,0.84472,0.84485,5
926.95,0.84457,0.84455,0.84468,5
927.05,0.84439,0.84437,0.8445,5
927.15,0.84422,0.8442,0.84434,5
927.25,0.84405,0.84402,0.84416,5
927.35,0.84388,0.84385,0.84398,5
927.45,0.8437,0.84368,0.84381,5
927.55,0.84353,0.84351,0.84363,5
927.65,0.84335,0.84333,0.84346,5
927.75,0.84317,0.84315,0.84328,5
927.85,0.84301,0.84298,0.84311,5
927.95,0.84283,0.8428,0.84294,5
928.05,0.84265,0.84263,0.84276,5
928.15,0.84248,0.84246,0.84258,5
928.25,0.8423,0.84228,0.84241,5
928.35,0.84212,0.8421,0.84223,5
928.45,0.84196,0.84193,0.84206,5
928.55,0.84178,0.84175,0.84188,5
928.65,0.8416,0.84158,0.8417,5
928.75,0.84142,0.8414,0.84153,5
928.85,0.84124,0.84122,0.84135,5
928.95,0.84106,0.84104,0.84117,5
929.05,0.84089,0.84086,0.84099,5
929.15,0.84071,0.84068,0.84081,5
929.25,0.84053,0.84051,0.84063,5
929.35,0.84035,0.84033,0.84045,5
929.45,0.84017,0.84014,0.84026,5
929.55,0.83999,0.83996,0.84008,5
929.65,0.83981,0.83978,0.83991,5
929.75,0.83963,0.8396,0.83973,5
929.85,0.83945,0.83942,0.83954,5
929.95,0.83927,0.83924,0.83936,5
930.05,0.83909,0.83905,0.83917,5
930.15,0.8389,0.83887,0.83899,5
930.25,0.83873,0.83869,0.83882,5
930.35,0.83855,0.8385,0.83863,5
930.45,0.83836,0.83833,0.83845,5
930.55,0.83818,0.83814,0.83826,5
930.65,0.83799,0.83796,0.83808,5
930.75,0.83781,0.83777,0.83789,5
930.85,0.83764,0.83759,0.83771,5
930.95,0.83745,0.8374,0.83753,5
931.05,0.83727,0.83723,0.83734,5
931.15,0.83708,0.83704,0.83716,5
931.25,0.8369,0.83686,0.83697,5
931.35,0.83671,0.83667,0.83678,5
931.45,0.83654,0.83648,0.83661,5
931.55,0.83635,0.8363,0.83642,5
931.65,0.83617,0.83612,0.83623,5
931.75,0.83598,0.83593,0.83605,5
931.85,0.8358,0.83575,0.83586,5
931.95,0.83561,0.83556,0.83567,5
932.05,0.83543,0.83537,0.8355,5
932.15,0.83525,0.83519,0.83531,5
932.25,0.83506,0.83501,0.83512,5
932.35,0.83487,0.83482,0.83493,5
932.45,0.83469,0.83464,0.83475,5
932.55,0.8345,0.83445,0.83456,5
932.65,0.83432,0.83426,0.83438,5
932.75,0.83414,0.83407,0.83419,5
932.85,0.83395,0.83389,0.834,5
932.95,0.83376,0.83371,0.83382,5
933.05,0.83358,0.83352,0.83363,5
933.15,0.83339,0.83333,0.83344,5
933.25,0.83321,0.83314,0.83326,5
933.35,0.83302,0.83296,0.83307,5
933.45,0.83284,0.83277,0.83288,5
933.55,0.83265,0.83259,0.83269,5
933.65,0.83246,0.8324,0.83251,5
933.75,0.83227,0.83221,0.83232,5
933.85,0.83209,0.83202,0.83214,5
933.95,0.8319,0.83184,0.83195,5
934.05,0.83171,0.83165,0.83176,5
934.15,0.83152,0.83146,0.83157,5
934.25,0.83133,0.83127,0.83138,5
934.35,0.83115,0.83108,0.83119,5
934.45,0.83096,0.83089,0.83101,5
934.55,0.83077,0.83071,0.83082,5
934.65,0.83058,0.83052,0.83063,5
934.75,0.83039,0.83033,0.83044,5
934.85,0.8302,0.83014,0.83025,5
934.95,0.83002,0.82995,0.83006,5
935.05,0.82983,0.82976,0.82988,5
935.15,0.82964,0.82958,0.82969,5
935.25,0.82945,0.82939,0.8295,5
935.35,0.82926,0.8292,0.82931,5
935.45,0.82907,0.82902,0.82913,5
935.55,0.82889,0.82883,0.82894,5
935.65,0.8287,0.82864,0.82876,5
935.75,0.82852,0.82846,0.82857,5
935.85,0.82833,0.82827,0.82838,5
935.95,0.82814,0.82808,0.82819,5
936.05,0.82795,0.82789,0.82801,5
936.15,0.82777,0.82771,0.82783,5
936.25,0.82758,0.82753,0.82764,5
936.35,0.8274,0.82734,0.82745,5
936.45,0.82721,0.82715,0.82727,5
936.55,0.82702,0.82697,0.82708,5
936.65,0.82683,0.82678,0.82689,5
936.75,0.82666,0.82659,0.82672,5
936.85,0.82647,0.82642,0.82653,5
936.95,0.82629,0.82623,0.82634,5
937.05,0.8261,0.82605,0.82616,5
937.15,0.82591,0.82586,0.82597,5
937.25,0.82573,0.82568,0.82579,5
937.35,0.82555,0.82549,0.82561,5
937.45,0.82537,0.82532,0.82543,5
937.55,0.82518,0.82513,0.82524,5
937.65,0.825,0.82495,0.82506,5
937.75,0.82482,0.82476,0.82488,5
937.85,0.82464,0.82458,0.82469,5
937.95,0.82446,0.8244,0.82452,5
938.05,0.82428,0.82423,0.82434,5
938.15,0.8241,0.82405,0.82416,5
938.25,0.82392,0.82387,0.82399,5
938.35,0.82375,0.82369,0.82381,5
938.45,0.82357,0.82352,0.82363,5
938.55,0.8234,0.82334,0.82345,5
938.65,0.82323,0.82317,0.82329,5
938.75,0.82305,0.823,0.82311,5
938.85,0.82288,0.82282,0.82294,5
938.95,0.8227,0.82264,0.82276,5
939.05,0.82253,0.82247,0.82259,5
939.15,0.82237,0.82229,0.82241,5
939.25,0.82219,0.82213,0.82225,5
939.35,0.82202,0.82196,0.82208,5
939.45,0.82185,0.82178,0.8219,5
939.55,0.82167,0.82161,0.82173,5
939.65,0.8215,0.82144,0.82156,5
939.75,0.82134,0.82127,0.82139,5
939.85,0.82117,0.82109,0.82122,5
939.95,0.821,0.82093,0.82105,5
940.05,0.82083,0.82076,0.82088,5
940.15,0.82066,0.82059,0.82071,5
940.25,0.82049,0.82042,0.82054,5
940.35,0.82032,0.82025,0.82037,5
940.45,0.82016,0.82008,0.8202,5
940.55,0.82,0.81992,0.82005,5
940.65,0.81983,0.81975,0.81988,5
940.75,0.81966,0.81959,0.81971,5
940.85,0.81949,0.81942,0.81954,5
940.95,0.81933,0.81925,0.81937,5
941.05,0.81917,0.81908,0.81921,5
941.15,0.81901,0.81892,0.81904,5
941.25,0.81884,0.81876,0.81889,5
941.35,0.81868,0.8186,0.81872,5
941.45,0.81851,0.81843,0.81856,5
941.55,0.81835,0.81827,0.81839,5
941.65,0.81818,0.8181,0.81823,5
941.75,0.81803,0.81794,0.81806,5
941.85,0.81787,0.81779,0.81791,5
941.95,0.8177,0.81762,0.81775,5
942.05,0.81754,0.81746,0.81759,5
942.15,0.81738,0.8173,0.81742,5
942.25,0.81722,0.81714,0.81726,5
942.35,0.81706,0.81698,0.8171,5
942.45,0.81691,0.81682,0.81694,5
942.55,0.81675,0.81667,0.81679,5
942.65,0.8166,0.81651,0.81664,5
942.75,0.81645,0.81637,0.81649,5
942.85,0.81631,0.81623,0.81635,5
942.95,0.81617,0.81608,0.81621,5
943.05,0.81603,0.81594,0.81607,5
943.15,0.8159,0.8158,0.81593,5
943.25,0.81576,0.81567,0.81579,5
943.35,0.81562,0.81553,0.81566,5
943.45,0.81547,0.81539,0.81552,5
943.55,0.81533,0.81525,0.81538,5
943.65,0.81519,0.81511,0.81524,5
943.75,0.81505,0.81497,0.8151,5
943.85,0.81491,0.81483,0.81496,5
943.95,0.81478,0.81469,0.81482,5
944.05,0.81464,0.81456,0.81468,5
944.15,0.8145,0.81442,0.81455,5
944.25,0.81436,0.81428,0.81441,5
944.35,0.81422,0.81414,0.81426,5
944.45,0.81408,0.814,0.81412,5
944.55,0.81393,0.81385,0.81398,5
944.65,0.81379,0.81371,0.81384,5
944.75,0.81366,0.81357,0.8137,5
944.85,0.81351,0.81344,0.81355,5
944.95,0.81337,0.81329,0.81342,5
945.05,0.81322,0.81315,0.81328,5
945.15,0.81308,0.813,0.81313,5
945.25,0.81293,0.81286,0.81299,5
945.35,0.81279,0.81271,0.81284,5
945.45,0.81265,0.81257,0.81269,5
945.55,0.8125,0.81243,0.81254,5
945.65,0.81235,0.81228,0.81241,5
945.75,0.8122,0.81213,0.81226,5
945.85,0.81205,0.81198,0.81211,5
945.95,0.8119,0.81183,0.81195,5
946.05,0.81174,0.81168,0.8118,5
946.15,0.8116,0.81153,0.81165,5
946.25,0.81145,0.81138,0.81149,5
946.35,0.81129,0.81123,0.81134,5
946.45,0.81113,0.81108,0.81119,5
946.55,0.81097,0.81092,0.81103,5
946.65,0.81081,0.81076,0.81087,5
946.75,0.81065,0.8106,0.81071,5
946.85,0.8105,0.81044,0.81055,5
946.95,0.81034,0.81028,0.81039,5
947.05,0.81017,0.81013,0.81023,5
947.15,0.81,0.80996,0.81006,5
947.25,0.80983,0.80979,0.8099,5
947.35,0.80965,0.80962,0.80972,5
947.45,0.80947,0.80944,0.80954,5
947.55,0.8093,0.80926,0.80935,5
947.65,0.80912,0.80909,0.80917,5
947.75,0.80893,0.80891,0.80899,5
947.85,0.80875,0.80873,0.80881,5
947.95,0.80856,0.80854,0.80862,5
948.05,0.80837,0.80836,0.80843,5
948.15,0.80819,0.80817,0.80824,5
948.25,0.808,0.808,0.80806,5
948.35,0.80781,0.80781,0.80788,5
948.45,0.80762,0.80763,0.80768,5
948.55,0.80743,0.80744,0.80749,5
948.65,0.80725,0.80725,0.8073,5
948.75,0.80706,0.80706,0.80711,5
948.85,0.80686,0.80688,0.80692,5
948.95,0.80667,0.80669,0.80673,5
949.05,0.80648,0.8065,0.80654,5
949.15,0.80628,0.80631,0.80634,5
949.25,0.8061,0.80612,0.80615,5
949.35,0.8059,0.80594,0.80595,5
949.45,0.80571,0.80575,0.80577,5
949.55,0.80551,0.80555,0.80557,5
949.65,0.80531,0.80536,0.80537,5
949.75,0.80512,0.80517,0.80518,5
949.85,0.80493,0.80498,0.80498,5
949.95,0.80474,0.8048,0.80479,5
950.05,0.80454,0.8046,0.8046,5
950.15,0.80434,0.80441,0.8044,5
950.25,0.80415,0.80422,0.80421,5
950.35,0.80396,0.80403,0.80401,5
950.45,0.80377,0.80383,0.80381,5
950.55,0.80357,0.80365,0.80363,5
950.65,0.80337,0.80346,0.80343,5
950.75,0.80318,0.80327,0.80324,5
950.85,0.80299,0.80308,0.80304,5
950.95,0.8028,0.80289,0.80285,5
951.05,0.80261,0.8027,0.80265,5
951.15,0.80241,0.80252,0.80247,5
951.25,0.80222,0.80233,0.80228,5
951.35,0.80203,0.80214,0.80208,5
951.45,0.80185,0.80195,0.80189,5
951.55,0.80166,0.80176,0.8017,5
951.65,0.80146,0.80159,0.80151,5
951.75,0.80128,0.8014,0.80133,5
951.85,0.80109,0.80121,0.80114,5
951.95,0.8009,0.80103,0.80095,5
952.05,0.80072,0.80085,0.80077,5
952.15,0.80053,0.80066,0.80058,5
952.25,0.80035,0.80049,0.80039,5
952.35,0.80016,0.80031,0.80022,5
952.45,0.79998,0.80013,0.80004,5
952.55,0.7998,0.79995,0.79985,5
952.65,0.79963,0.79977,0.79967,5
952.75,0.79945,0.7996,0.7995,5
952.85,0.79928,0.79943,0.79932,5
952.95,0.7991,0.79926,0.79916,5
953.05,0.79893,0.79909,0.79899,5
953.15,0.79876,0.79892,0.79882,5
953.25,0.79859,0.79875,0.79865,5
953.35,0.79844,0.79859,0.79848,5
953.45,0.79827,0.79842,0.79832,5
953.55,0.79811,0.79827,0.79815,5
953.65,0.79794,0.7981,0.798,5
953.75,0.79778,0.79794,0.79784,5
953.85,0.79762,0.79778,0.79768,5
953.95,0.79747,0.79762,0.79752,5
954.05,0.79731,0.79747,0.79736,5
954.15,0.79716,0.79731,0.7972,5
954.25,0.797,0.79716,0.79705,5
954.35,0.79685,0.79701,0.79691,5
954.45,0.79669,0.79686,0.79675,5
954.55,0.79654,0.79671,0.7966,5
954.65,0.7964,0.79655,0.79645,5
954.75,0.79625,0.7964,0.7963,5
954.85,0.7961,0.79626,0.79615,5
954.95,0.79596,0.79612,0.79601,5
955.05,0.79581,0.79597,0.79587,5
955.15,0.79566,0.79583,0.79572,5
955.25,0.79552,0.79568,0.79558,5
955.35,0.79538,0.79554,0.79544,5
955.45,0.79524,0.79539,0.7953,5
955.55,0.7951,0.79525,0.79515,5
955.65,0.79496,0.79512,0.79501,5
955.75,0.79482,0.79498,0.79487,5
955.85,0.79468,0.79484,0.79475,5
955.95,0.79455,0.7947,0.79461,5
956.05,0.79441,0.79456,0.79447,5
956.15,0.79427,0.79443,0.79433,5
956.25,0.79415,0.79429,0.7942,5
956.35,0.79401,0.79416,0.79406,5
956.45,0.79388,0.79403,0.79393,5
956.55,0.79374,0.7939,0.7938,5
956.65,0.79361,0.79376,0.79368,5
956.75,0.79348,0.79363,0.79354,5
956.85,0.79335,0.7935,0.79341,5
956.95,0.79322,0.79337,0.79328,5
957.05,0.7931,0.79323,0.79315,5
957.15,0.79297,0.7931,0.79302,5
957.25,0.79284,0.79297,0.79289,5
957.35,0.79271,0.79285,0.79276,5
957.45,0.79258,0.79272,0.79263,5
957.55,0.79245,0.79259,0.79251,5
957.65,0.79232,0.79246,0.79238,5
957.75,0.79218,0.79233,0.79225,5
957.85,0.79206,0.7922,0.79212,5
957.95,0.79194,0.79207,0.79199,5
958.05,0.79181,0.79194,0.79186,5
958.15,0.79168,0.79182,0.79173,5
958.25,0.79155,0.79169,0.7916,5
958.35,0.79142,0.79157,0.79148,5
958.45,0.79129,0.79144,0.79136,5
958.55,0.79117,0.79131,0.79123,5
958.65,0.79104,0.79118,0.7911,5
958.75,0.79092,0.79106,0.79098,5
958.85,0.7908,0.79093,0.79085,5
958.95,0.79067,0.79081,0.79072,5
959.05,0.79055,0.79069,0.7906,5
959.15,0.79042,0.79057,0.79047,5
959.25,0.7903,0.79044,0.79036,5
959.35,0.79018,0.79032,0.79024,5
959.45,0.79005,0.7902,0.79011,5
959.55,0.78993,0.79007,0.78999,5
959.65,0.78982,0.78995,0.78987,5
959.75,0.7897,0.78983,0.78974,5
959.85,0.78957,0.78972,0.78962,5
959.95,0.78945,0.78959,0.7895,5
960.05,0.78933,0.78947,0.78938,5
960.15,0.78921,0.78935,0.78927,5
960.25,0.78909,0.78923,0.78915,5
960.35,0.78897,0.78911,0.78902,5
960.45,0.78885,0.78899,0.7889,5
960.55,0.78874,0.78887,0.78878,5
960.65,0.78862,0.78875,0.78866,5
960.75,0.7885,0.78864,0.78855,5
960.85,0.78838,0.78852,0.78843,5
960.95,0.78826,0.7884,0.78831,5
961.05,0.78814,0.78828,0.7882,5
961.15,0.78803,0.78816,0.78808,5
961.25,0.78791,0.78805,0.78796,5
961.35,0.78779,0.78793,0.78784,5
961.45,0.78768,0.78781,0.78773,5
961.55,0.78756,0.78769,0.78761,5
961.65,0.78745,0.78757,0.78749,5
961.75,0.78733,0.78747,0.78737,5
961.85,0.78721,0.78735,0.78726,5
961.95,0.7871,0.78723,0.78714,5
962.05,0.78698,0.78711,0.78703,5
962.15,0.78686,0.787,0.78692,5
962.25,0.78675,0.78688,0.7868,5
962.35,0.78664,0.78676,0.78669,5
962.45,0.78653,0.78664,0.78657,5
962.55,0.78641,0.78653,0.78646,5
962.65,0.7863,0.78642,0.78634,5
962.75,0.78618,0.7863,0.78623,5
962.85,0.78607,0.78619,0.78612,5
962.95,0.78595,0.78607,0.78601,5
963.05,0.78584,0.78595,0.7859,5
963.15,0.78572,0.78584,0.78578,5
963.25,0.78561,0.78572,0.78567,5
963.35,0.7855,0.78561,0.78555,5
963.45,0.78539,0.78549,0.78544,5
963.55,0.78527,0.78538,0.78533,5
963.65,0.78516,0.78527,0.78521,5
963.75,0.78504,0.78515,0.7851,5
963.85,0.78493,0.78503,0.78499,5
963.95,0.78481,0.78492,0.78488,5
964.05,0.7847,0.7848,0.78477,5
964.15,0.78458,0.78469,0.78465,5
964.25,0.78447,0.78457,0.78454,5
964.35,0.78436,0.78445,0.78443,5
964.45,0.78425,0.78434,0.78431,5
964.55,0.78414,0.78423,0.7842,5
964.65,0.78402,0.78412,0.78409,5
964.75,0.78391,0.784,0.78397,5
964.85,0.78379,0.78388,0.78386,5
964.95,0.78368,0.78377,0.78376,5
965.05,0.78356,0.78365,0.78364,5
965.15,0.78345,0.78353,0.78353,5
965.25,0.78334,0.78342,0.78341,5
965.35,0.78323,0.7833,0.7833,5
965.45,0.78311,0.7832,0.78319,5
965.55,0.783,0.78308,0.78307,5
965.65,0.78288,0.78296,0.78296,5
965.75,0.78277,0.78285,0.78284,5
965.85,0.78265,0.78273,0.78273,5
965.95,0.78254,0.78261,0.78262,5
966.05,0.78242,0.7825,0.78251,5
966.15,0.7823,0.78238,0.78239,5
966.25,0.7822,0.78226,0.78228,5
966.35,0.78208,0.78215,0.78216,5
966.45,0.78197,0.78204,0.78205,5
966.55,0.78185,0.78192,0.78193,5
966.65,0.78173,0.7818,0.78182,5
966.75,0.78162,0.78168,0.7817,5
966.85,0.7815,0.78157,0.78159,5
966.95,0.78138,0.78145,0.78148,5
967.05,0.78126,0.78133,0.78136,5
967.15,0.78115,0.78121,0.78124,5
967.25,0.78104,0.78109,0.78112,5
967.35,0.78092,0.78098,0.781,5
967.45,0.7808,0.78086,0.78089,5
967.55,0.78068,0.78074,0.78077,5
967.65,0.78056,0.78062,0.78065,5
967.75,0.78044,0.78051,0.78053,5
967.85,0.78032,0.78039,0.78042,5
967.95,0.7802,0.78027,0.7803,5
968.05,0.78009,0.78015,0.78018,5
968.15,0.77997,0.78003,0.78006,5
968.25,0.77985,0.77991,0.77994,5
968.35,0.77973,0.77979,0.77982,5
968.45,0.77961,0.77967,0.7797,5
968.55,0.77948,0.77955,0.77958,5
968.65,0.77936,0.77943,0.77946,5
968.75,0.77924,0.77931,0.77934,5
968.85,0.77912,0.77919,0.77922,5
968.95,0.77901,0.77907,0.7791,5
969.05,0.77888,0.77894,0.77898,5
969.15,0.77876,0.77883,0.77886,5
969.25,0.77864,0.77871,0.77873,5
969.35,0.77852,0.77859,0.77861,5
969.45,0.77839,0.77846,0.77849,5
969.55,0.77827,0.77834,0.77836,5
969.65,0.77815,0.77822,0.77825,5
969.75,0.77802,0.77809,0.77813,5
969.85,0.77791,0.77797,0.778,5
969.95,0.77778,0.77785,0.77788,5
970.05,0.77766,0.77773,0.77775,5
970.15,0.77753,0.77761,0.77763,5
970.25,0.77741,0.77748,0.7775,5
970.35,0.77728,0.77736,0.77738,5
970.45,0.77716,0.77723,0.77725,5
970.55,0.77703,0.77711,0.77714,5
970.65,0.77691,0.77698,0.77701,5
970.75,0.77679,0.77686,0.77688,5
970.85,0.77666,0.77674,0.77676,5
970.95,0.77654,0.77661,0.77663,5
971.05,0.77641,0.77649,0.7765,5
971.15,0.77628,0.77636,0.77638,5
971.25,0.77615,0.77623,0.77625,5
971.35,0.77603,0.7761,0.77613,5
971.45,0.7759,0.77598,0.776,5
971.55,0.77578,0.77585,0.77587,5
971.65,0.77565,0.77572,0.77575,5
971.75,0.77552,0.7756,0.77562,5
971.85,0.7754,0.77547,0.77549,5
971.95,0.77527,0.77534,0.77536,5
972.05,0.77514,0.77521,0.77523,5
972.15,0.77501,0.77508,0.7751,5
972.25,0.77488,0.77495,0.77498,5
972.35,0.77475,0.77482,0.77485,5
972.45,0.77463,0.77469,0.77472,5
972.55,0.7745,0.77457,0.77459,5
972.65,0.77437,0.77444,0.77446,5
972.75,0.77424,0.77431,0.77433,5
972.85,0.77411,0.77417,0.77419,5
972.95,0.77398,0.77404,0.77406,5
973.05,0.77384,0.77391,0.77393,5
973.15,0.77371,0.77378,0.77381,5
973.25,0.77359,0.77364,0.77367,5
973.35,0.77346,0.77351,0.77354,5
973.45,0.77332,0.77338,0.77341,5
973.55,0.77319,0.77325,0.77327,5
973.65,0.77306,0.77312,0.77314,5
973.75,0.77292,0.77298,0.773,5
973.85,0.77279,0.77285,0.77287,5
973.95,0.77265,0.77271,0.77274,5
974.05,0.77253,0.77258,0.77261,5
974.15,0.77239,0.77244,0.77247,5
974.25,0.77226,0.77231,0.77234,5
974.35,0.77212,0.77218,0.7722,5
974.45,0.77199,0.77204,0.77206,5
974.55,0.77185,0.7719,0.77193,5
974.65,0.77171,0.77176,0.77179,5
974.75,0.77158,0.77163,0.77166,5
974.85,0.77144,0.77149,0.77152,5
974.95,0.77131,0.77135,0.77139,5
975.05,0.77117,0.77122,0.77125,5
975.15,0.77104,0.77108,0.77111,5
975.25,0.7709,0.77094,0.77097,5
975.35,0.77076,0.7708,0.77083,5
975.45,0.77062,0.77066,0.77069,5
975.55,0.77048,0.77052,0.77056,5
975.65,0.77035,0.77038,0.77042,5
975.75,0.77021,0.77025,0.77028,5
975.85,0.77007,0.77011,0.77014,5
975.95,0.76993,0.76996,0.76999,5
976.05,0.76978,0.76982,0.76985,5
976.15,0.76964,0.76968,0.76971,5
976.25,0.7695,0.76954,0.76957,5
976.35,0.76936,0.76939,0.76943,5
976.45,0.76922,0.76925,0.76929,5
976.55,0.76907,0.76911,0.76914,5
976.65,0.76893,0.76897,0.769,5
976.75,0.76878,0.76882,0.76885,5
976.85,0.76864,0.76867,0.7687,5
976.95,0.76849,0.76853,0.76856,5
977.05,0.76834,0.76838,0.76842,5
977.15,0.76819,0.76823,0.76827,5
977.25,0.76806,0.76809,0.76813,5
977.35,0.76791,0.76795,0.76798,5
977.45,0.76776,0.7678,0.76783,5
977.55,0.76761,0.76765,0.76768,5
977.65,0.76746,0.7675,0.76753,5
977.75,0.76731,0.76735,0.76738,5
977.85,0.76716,0.7672,0.76725,5
977.95,0.76702,0.76705,0.7671,5
978.05,0.76687,0.76691,0.76695,5
978.15,0.76672,0.76676,0.7668,5
978.25,0.76657,0.76661,0.76665,5
978.35,0.76642,0.76646,0.7665,5
978.45,0.76627,0.76631,0.76635,5
978.55,0.76612,0.76616,0.7662,5
978.65,0.76598,0.76601,0.76605,5
978.75,0.76582,0.76587,0.7659,5
978.85,0.76567,0.76572,0.76575,5
978.95,0.76552,0.76556,0.7656,5
979.05,0.76537,0.76541,0.76545,5
979.15,0.76522,0.76526,0.7653,5
979.25,0.76506,0.76511,0.76514,5
979.35,0.76492,0.76495,0.765,5
979.45,0.76477,0.76481,0.76485,5
979.55,0.76461,0.76466,0.76469,5
979.65,0.76446,0.7645,0.76454,5
979.75,0.76431,0.76435,0.76439,5
979.85,0.76415,0.7642,0.76424,5
979.95,0.764,0.76404,0.76408,5
980.05,0.76384,0.76389,0.76394,5
980.15,0.7637,0.76375,0.76378,5
980.25,0.76355,0.76359,0.76363,5
980.35,0.76339,0.76344,0.76348,5
980.45,0.76324,0.76328,0.76332,5
980.55,0.76308,0.76313,0.76317,5
980.65,0.76293,0.76297,0.76301,5
980.75,0.76277,0.76282,0.76287,5
980.85,0.76263,0.76267,0.76272,5
980.95,0.76247,0.76252,0.76256,5
981.05,0.76232,0.76236,0.76241,5
981.15,0.76216,0.76221,0.76225,5
981.25,0.76201,0.76206,0.7621,5
981.35,0.76186,0.7619,0.76195,5
981.45,0.76171,0.76175,0.76181,5
981.55,0.76157,0.76161,0.76166,5
981.65,0.76141,0.76146,0.7615,5
981.75,0.76126,0.7613,0.76135,5
981.85,0.76111,0.76115,0.7612,5
981.95,0.76096,0.761,0.76105,5
982.05,0.7608,0.76084,0.76089,5
982.15,0.76065,0.76069,0.76074,5
982.25,0.76051,0.76054,0.7606,5
982.35,0.76036,0.76039,0.76044,5
982.45,0.7602,0.76024,0.76029,5
982.55,0.76005,0.76008,0.76014,5
982.65,0.7599,0.75993,0.75998,5
982.75,0.75974,0.75977,0.75983,5
982.85,0.75959,0.75962,0.75968,5
982.95,0.75945,0.75947,0.75953,5
983.05,0.75929,0.75932,0.75938,5
983.15,0.75914,0.75917,0.75923,5
983.25,0.75899,0.75901,0.75907,5
983.35,0.75883,0.75886,0.75892,5
983.45,0.75868,0.7587,0.75877,5
983.55,0.75852,0.75855,0.75861,5
983.65,0.75838,0.75839,0.75847,5
983.75,0.75823,0.75825,0.75831,5
983.85,0.75807,0.75809,0.75816,5
983.95,0.75792,0.75794,0.758,5
984.05,0.75776,0.75778,0.75785,5
984.15,0.75761,0.75763,0.75769,5
984.25,0.75745,0.75747,0.75754,5
984.35,0.75731,0.75731,0.75739,5
984.45,0.75715,0.75717,0.75724,5
984.55,0.757,0.75701,0.75708,5
984.65,0.75684,0.75686,0.75693,5
984.75,0.75669,0.7567,0.75677,5
984.85,0.75653,0.75654,0.75662,5
984.95,0.75638,0.75639,0.75646,5
985.05,0.75623,0.75623,0.75631,5
985.15,0.75607,0.75608,0.75616,5
985.25,0.75592,0.75593,0.756,5
985.35,0.75576,0.75577,0.75585,5
985.45,0.75561,0.75561,0.75569,5
985.55,0.75545,0.75546,0.75553,5
985.65,0.75529,0.7553,0.75538,5
985.75,0.75515,0.75514,0.75523,5
985.85,0.75499,0.75499,0.75507,5
985.95,0.75483,0.75484,0.75492,5
986.05,0.75468,0.75468,0.75476,5
986.15,0.75452,0.75452,0.7546,5
986.25,0.75436,0.75437,0.75444,5
986.35,0.75421,0.75421,0.75429,5
986.45,0.75406,0.75405,0.75413,5
986.55,0.7539,0.7539,0.75398,5
986.65,0.75375,0.75375,0.75382,5
986.75,0.75359,0.75359,0.75367,5
986.85,0.75343,0.75343,0.75351,5
986.95,0.75327,0.75327,0.75335,5
987.05,0.75312,0.75312,0.75319,5
987.15,0.75297,0.75297,0.75303,5
987.25,0.75281,0.75281,0.75289,5
987.35,0.75265,0.75265,0.75273,5
987.45,0.75249,0.75249,0.75257,5
987.55,0.75233,0.75233,0.75241,5
987.65,0.75218,0.75218,0.75225,5
987.75,0.75202,0.75202,0.75209,5
987.85,0.75187,0.75187,0.75193,5
987.95,0.75171,0.75171,0.75178,5
988.05,0.75155,0.75155,0.75162,5
988.15,0.75139,0.75139,0.75147,5
988.25,0.75123,0.75123,0.75131,5
988.35,0.75107,0.75107,0.75115,5
988.45,0.75091,0.75091,0.75099,5
988.55,0.75076,0.75076,0.75083,5
988.65,0.7506,0.7506,0.75068,5
988.75,0.75044,0.75044,0.75052,5
988.85,0.75028,0.75028,0.75036,5
988.95,0.75012,0.75012,0.7502,5
989.05,0.74996,0.74996,0.75004,5
989.15,0.7498,0.7498,0.74988,5
989.25,0.74965,0.74965,0.74972,5
989.35,0.74949,0.74949,0.74956,5
989.45,0.74933,0.74933,0.7494,5
989.55,0.74917,0.74917,0.74924,5
989.65,0.74901,0.74901,0.74908,5
989.75,0.74885,0.74885,0.74892,5
989.85,0.74869,0.74869,0.74876,5
989.95,0.74854,0.74854,0.74861,5
990.05,0.74838,0.74838,0.74845,5
990.15,0.74822,0.74822,0.74829,5
990.25,0.74805,0.74806,0.74812,5
990.35,0.74789,0.7479,0.74796,5
990.45,0.74773,0.74774,0.7478,5
990.55,0.74757,0.74757,0.74764,5
990.65,0.74742,0.74742,0.74749,5
990.75,0.74726,0.74726,0.74732,5
990.85,0.74709,0.7471,0.74716,5
990.95,0.74693,0.74694,0.747,5
991.05,0.74677,0.74677,0.74684,5
991.15,0.7466,0.74661,0.74667,5
991.25,0.74645,0.74646,0.74651,5
991.35,0.74629,0.7463,0.74636,5
991.45,0.74612,0.74613,0.74619,5
991.55,0.74596,0.74597,0.74603,5
991.65,0.7458,0.74581,0.74587,5
991.75,0.74563,0.74564,0.7457,5
991.85,0.74547,0.74548,0.74554,5
991.95,0.74532,0.74533,0.74538,5
992.05,0.74515,0.74517,0.74522,5
992.15,0.74499,0.745,0.74506,5
992.25,0.74483,0.74484,0.7449,5
992.35,0.74466,0.74468,0.74473,5
992.45,0.7445,0.74451,0.74457,5
992.55,0.74434,0.74435,0.74441,5
992.65,0.74418,0.7442,0.74424,5
992.75,0.74402,0.74403,0.74409,5
992.85,0.74385,0.74387,0.74393,5
992.95,0.74369,0.74371,0.74376,5
993.05,0.74353,0.74354,0.7436,5
993.15,0.74336,0.74338,0.74344,5
993.25,0.74321,0.74323,0.74327,5
993.35,0.74305,0.74306,0.74312,5
993.45,0.74288,0.7429,0.74296,5
993.55,0.74272,0.74274,0.74279,5
993.65,0.74256,0.74257,0.74263,5
993.75,0.74239,0.74241,0.74247,5
993.85,0.74223,0.74225,0.7423,5
993.95,0.74208,0.7421,0.74214,5
994.05,0.74191,0.74193,0.74199,5
994.15,0.74175,0.74177,0.74182,5
994.25,0.74159,0.74161,0.74166,5
994.35,0.74142,0.74144,0.7415,5
994.45,0.74126,0.74128,0.74133,5
994.55,0.7411,0.74112,0.74117,5
994.65,0.74094,0.74097,0.74101,5
994.75,0.74078,0.7408,0.74086,5
994.85,0.74062,0.74064,0.74069,5
994.95,0.74045,0.74048,0.74053,5
995.05,0.74029,0.74032,0.74037,5
995.15,0.74013,0.74015,0.74021,5
995.25,0.73997,0.74,0.74004,5
995.35,0.73981,0.73984,0.73988,5
995.45,0.73965,0.73968,0.73973,5
995.55,0.73949,0.73951,0.73957,5
995.65,0.73933,0.73935,0.73941,5
995.75,0.73917,0.73919,0.73925,5
995.85,0.73901,0.73903,0.73909,5
995.95,0.73886,0.73888,0.73893,5
996.05,0.7387,0.73872,0.73877,5
996.15,0.73854,0.73856,0.73862,5
996.25,0.73838,0.7384,0.73846,5
996.35,0.73822,0.73824,0.7383,5
996.45,0.73806,0.73808,0.73814,5
996.55,0.7379,0.73792,0.73798,5
996.65,0.73775,0.73777,0.73782,5
996.75,0.73759,0.73761,0.73766,5
996.85,0.73744,0.73745,0.73751,5
996.95,0.73728,0.73729,0.73736,5
997.05,0.73712,0.73714,0.7372,5
997.15,0.73696,0.73698,0.73704,5
997.25,0.7368,0.73682,0.73688,5
997.35,0.73666,0.73667,0.73672,5
997.45,0.7365,0.73651,0.73657,5
997.55,0.73634,0.73635,0.73642,5
997.65,0.73618,0.7362,0.73626,5
997.75,0.73603,0.73604,0.7361,5
997.85,0.73587,0.73588,0.73595,5
997.95,0.73571,0.73572,0.73579,5
998.05,0.73557,0.73558,0.73563,5
998.15,0.73541,0.73542,0.73548,5
998.25,0.73525,0.73526,0.73533,5
998.35,0.7351,0.7351,0.73517,5
998.45,0.73494,0.73495,0.73502,5
998.55,0.73478,0.73479,0.73486,5
998.65,0.73463,0.73464,0.73471,5
998.75,0.73448,0.73449,0.73455,5
998.85,0.73433,0.73433,0.7344,5
998.95,0.73417,0.73418,0.73425,5
999.05,0.73402,0.73402,0.7341,5
999.15,0.73386,0.73387,0.73394,5
999.25,0.73371,0.73371,0.73379,5
999.35,0.73356,0.73356,0.73363,5
999.45,0.73341,0.73341,0.73348,5
999.55,0.73326,0.73326,0.73333,5
999.65,0.73311,0.73311,0.73318,5
999.75,0.73295,0.73295,0.73303,5
999.85,0.7328,0.7328,0.73288,5
999.95,0.73265,0.73265,0.73272,5
1000.05,0.73249,0.73249,0.73257,5
1000.15,0.73235,0.73235,0.73242,5
1000.25,0.7322,0.7322,0.73227,5
1000.35,0.73205,0.73204,0.73212,5
1000.45,0.7319,0.73189,0.73197,5
1000.55,0.73175,0.73174,0.73182,5
1000.65,0.7316,0.73159,0.73167,5
1000.75,0.73145,0.73144,0.73153,5
1000.85,0.7313,0.73131,0.73138,5
1000.95,0.73116,0.73116,0.73123,5
1001.05,0.73101,0.73101,0.73108,5
1001.15,0.73086,0.73086,0.73094,5
1001.25,0.73072,0.73071,0.73079,5
1001.35,0.73057,0.73057,0.73065,5
1001.45,0.73042,0.73042,0.7305,5
1001.55,0.73028,0.73027,0.73035,5
1001.65,0.73014,0.73014,0.7302,5
1001.75,0.72999,0.72999,0.73006,5
1001.85,0.72985,0.72984,0.72992,5
1001.95,0.7297,0.7297,0.72978,5
1002.05,0.72955,0.72955,0.72963,5
1002.15,0.72941,0.72941,0.72948,5
1002.25,0.72926,0.72926,0.72934,5
1002.35,0.72912,0.72913,0.72919,5
1002.45,0.72898,0.72898,0.72905,5
1002.55,0.72884,0.72884,0.7289,5
1002.65,0.72869,0.72869,0.72877,5
1002.75,0.72855,0.72855,0.72863,5
1002.85,0.7284,0.72841,0.72848,5
1002.95,0.72826,0.72826,0.72834,5
1003.05,0.72812,0.72812,0.72819,5
1003.15,0.72798,0.72799,0.72805,5
1003.25,0.72784,0.72784,0.72791,5
1003.35,0.7277,0.7277,0.72776,5
1003.45,0.72755,0.72756,0.72763,5
1003.55,0.72741,0.72742,0.72749,5
1003.65,0.72727,0.72728,0.72735,5
1003.75,0.72713,0.72713,0.7272,5
1003.85,0.72699,0.727,0.72706,5
1003.95,0.72685,0.72686,0.72692,5
1004.05,0.72671,0.72672,0.72678,5
1004.15,0.72657,0.72658,0.72664,5
1004.25,0.72643,0.72644,0.72651,5
1004.35,0.72629,0.7263,0.72637,5
1004.45,0.72615,0.72616,0.72623,5
1004.55,0.72601,0.72602,0.72609,5
1004.65,0.72587,0.72589,0.72595,5
1004.75,0.72574,0.72575,0.72581,5
1004.85,0.7256,0.72561,0.72567,5
1004.95,0.72546,0.72547,0.72553,5
1005.05,0.72532,0.72533,0.7254,5
1005.15,0.72518,0.7252,0.72526,5
1005.25,0.72504,0.72506,0.72512,5
1005.35,0.72491,0.72492,0.72498,5
1005.45,0.72477,0.72479,0.72485,5
1005.55,0.72464,0.72466,0.72471,5
1005.65,0.72451,0.72452,0.72458,5
1005.75,0.72437,0.72439,0.72444,5
1005.85,0.72424,0.72426,0.72432,5
1005.95,0.7241,0.72412,0.72418,5
1006.05,0.72397,0.72399,0.72405,5
1006.15,0.72384,0.72385,0.72392,5
1006.25,0.7237,0.72373,0.72378,5
1006.35,0.72358,0.7236,0.72365,5
1006.45,0.72344,0.72346,0.72352,5
1006.55,0.72331,0.72333,0.72338,5
1006.65,0.72318,0.7232,0.72326,5
1006.75,0.72304,0.72307,0.72313,5
1006.85,0.72291,0.72293,0.72299,5
1006.95,0.72278,0.7228,0.72286,5
1007.05,0.72265,0.72268,0.72273,5
1007.15,0.72252,0.72255,0.7226,5
1007.25,0.72239,0.72241,0.72247,5
1007.35,0.72226,0.72228,0.72233,5
1007.45,0.72213,0.72215,0.72221,5
1007.55,0.72199,0.72202,0.72208,5
1007.65,0.72186,0.72189,0.72195,5
1007.75,0.72173,0.72175,0.72182,5
1007.85,0.7216,0.72162,0.72168,5
1007.95,0.72148,0.7215,0.72155,5
1008.05,0.72134,0.72137,0.72142,5
1008.15,0.72121,0.72124,0.72129,5
1008.25,0.72108,0.72111,0.72116,5
1008.35,0.72095,0.72098,0.72104,5
1008.45,0.72082,0.72084,0.72091,5
1008.55,0.72069,0.72071,0.72077,5
1008.65,0.72055,0.72058,0.72064,5
1008.75,0.72042,0.72046,0.72051,5
1008.85,0.7203,0.72033,0.72038,5
1008.95,0.72017,0.7202,0.72025,5
1009.05,0.72004,0.72007,0.72012,5
1009.15,0.71991,0.71993,0.72,5
1009.25,0.71977,0.7198,0.71987,5
1009.35,0.71964,0.71967,0.71973,5
1009.45,0.71951,0.71954,0.7196,5
1009.55,0.71938,0.71942,0.71947,5
1009.65,0.71926,0.71929,0.71934,5
1009.75,0.71913,0.71916,0.71921,5
1009.85,0.71899,0.71902,0.71908,5
1009.95,0.71886,0.71889,0.71895,5
1010.05,0.71873,0.71876,0.71882,5
1010.15,0.7186,0.71863,0.71869,5
1010.25,0.71847,0.7185,0.71856,5
1010.35,0.71833,0.71837,0.71843,5
1010.45,0.71821,0.71824,0.71829,5
1010.55,0.71807,0.7181,0.71816,5
1010.65,0.71794,0.71797,0.71802,5
1010.75,0.7178,0.71783,0.71789,5
1010.85,0.71767,0.7177,0.71776,5
1010.95,0.71753,0.71756,0.71763,5
1011.05,0.7174,0.71743,0.71749,5
1011.15,0.71726,0.71729,0.71736,5
1011.25,0.71714,0.71716,0.71722,5
1011.35,0.717,0.71703,0.71709,5
1011.45,0.71687,0.71689,0.71695,5
1011.55,0.71673,0.71676,0.71682,5
1011.65,0.71659,0.71662,0.71669,5
1011.75,0.71646,0.71648,0.71655,5
1011.85,0.71632,0.71635,0.71642,5
1011.95,0.71619,0.71621,0.71628,5
1012.05,0.71606,0.71608,0.71615,5
1012.15,0.71592,0.71595,0.71601,5
1012.25,0.71579,0.71581,0.71587,5
1012.35,0.71565,0.71568,0.71574,5
1012.45,0.71552,0.71554,0.71561,5
1012.55,0.71538,0.7154,0.71548,5
1012.65,0.71524,0.71527,0.71534,5
1012.75,0.71511,0.71513,0.7152,5
1012.85,0.71498,0.715,0.71507,5
1012.95,0.71484,0.71486,0.71493,5
1013.05,0.71471,0.71473,0.7148,5
1013.15,0.71457,0.71459,0.71466,5
1013.25,0.71443,0.71445,0.71453,5
1013.35,0.7143,0.71432,0.7144,5
1013.45,0.71416,0.71418,0.71426,5
1013.55,0.71402,0.71405,0.71412,5
1013.65,0.7139,0.71392,0.71399,5
1013.75,0.71376,0.71378,0.71385,5
1013.85,0.71362,0.71364,0.71371,5
1013.95,0.71349,0.71351,0.71358,5
1014.05,0.71335,0.71337,0.71344,5
1014.15,0.71322,0.71323,0.71331,5
1014.25,0.71308,0.7131,0.71318,5
1014.35,0.71294,0.71297,0.71304,5
1014.45,0.71281,0.71283,0.7129,5
1014.55,0.71268,0.71269,0.71277,5
1014.65,0.71254,0.71256,0.71263,5
1014.75,0.71241,0.71242,0.71249,5
1014.85,0.71227,0.71228,0.71236,5
1014.95,0.71213,0.71215,0.71223,5
1015.05,0.712,0.71201,0.71209,5
1015.15,0.71186,0.71188,0.71196,5
1015.25,0.71173,0.71175,0.71182,5
1015.35,0.7116,0.71161,0.71169,5
1015.45,0.71146,0.71147,0.71155,5
1015.55,0.71132,0.71134,0.71141,5
1015.65,0.71119,0.7112,0.71128,5
1015.75,0.71105,0.71107,0.71115,5
1015.85,0.71092,0.71093,0.71102,5
1015.95,0.71078,0.71081,0.71088,5
1016.05,0.71065,0.71067,0.71075,5
1016.15,0.71052,0.71054,0.71061,5
1016.25,0.71038,0.7104,0.71047,5
1016.35,0.71025,0.71027,0.71034,5
1016.45,0.71011,0.71013,0.7102,5
1016.55,0.70998,0.71,0.71008,5
1016.65,0.70984,0.70986,0.70994,5
1016.75,0.70971,0.70973,0.70981,5
1016.85,0.70957,0.7096,0.70967,5
1016.95,0.70944,0.70947,0.70954,5
1017.05,0.70931,0.70933,0.7094,5
1017.15,0.70917,0.7092,0.70927,5
1017.25,0.70904,0.70906,0.70913,5
1017.35,0.7089,0.70893,0.70901,5
1017.45,0.70877,0.70879,0.70887,5
1017.55,0.70863,0.70866,0.70874,5
1017.65,0.7085,0.70853,0.7086,5
1017.75,0.70837,0.7084,0.70847,5
1017.85,0.70824,0.70826,0.70833,5
1017.95,0.7081,0.70813,0.7082,5
1018.05,0.70797,0.708,0.70806,5
1018.15,0.70783,0.70786,0.70793,5
1018.25,0.7077,0.70773,0.7078,5
1018.35,0.70757,0.70759,0.70767,5
1018.45,0.70743,0.70747,0.70754,5
1018.55,0.70731,0.70734,0.7074,5
1018.65,0.70717,0.7072,0.70727,5
1018.75,0.70704,0.70707,0.70713,5
1018.85,0.7069,0.70693,0.707,5
1018.95,0.70677,0.7068,0.70687,5
1019.05,0.70664,0.70667,0.70674,5
1019.15,0.7065,0.70653,0.70661,5
1019.25,0.70637,0.70641,0.70647,5
1019.35,0.70624,0.70628,0.70634,5
1019.45,0.70611,0.70614,0.70621,5
1019.55,0.70598,0.70601,0.70607,5
1019.65,0.70584,0.70588,0.70594,5
1019.75,0.70571,0.70575,0.70581,5
1019.85,0.70558,0.70561,0.70568,5
1019.95,0.70545,0.70548,0.70555,5
1020.05,0.70531,0.70536,0.70542,5
1020.15,0.70519,0.70522,0.70528,5
1020.25,0.70506,0.70509,0.70515,5
1020.35,0.70493,0.70496,0.70502,5
1020.45,0.7048,0.70483,0.70489,5
1020.55,0.70467,0.7047,0.70476,5
1020.65,0.70454,0.70457,0.70463,5
1020.75,0.70441,0.70444,0.70451,5
1020.85,0.70428,0.70432,0.70438,5
1020.95,0.70415,0.70419,0.70425,5
1021.05,0.70403,0.70407,0.70412,5
1021.15,0.7039,0.70394,0.70399,5
1021.25,0.70377,0.70381,0.70386,5
1021.35,0.70364,0.70368,0.70373,5
1021.45,0.70352,0.70355,0.7036,5
1021.55,0.70339,0.70342,0.70349,5
1021.65,0.70326,0.70329,0.70336,5
1021.75,0.70313,0.70317,0.70323,5
1021.85,0.70301,0.70305,0.7031,5
1021.95,0.70288,0.70292,0.70297,5
1022.05,0.70276,0.70279,0.70284,5
1022.15,0.70263,0.70266,0.70271,5
1022.25,0.7025,0.70253,0.70258,5
1022.35,0.70237,0.7024,0.70245,5
1022.45,0.70224,0.70227,0.70234,5
1022.55,0.70212,0.70216,0.70221,5
1022.65,0.70199,0.70203,0.70208,5
1022.75,0.70187,0.7019,0.70195,5
1022.85,0.70174,0.70177,0.70182,5
1022.95,0.70161,0.70164,0.70169,5
1023.05,0.70149,0.70152,0.70157,5
1023.15,0.70136,0.70139,0.70144,5
1023.25,0.70123,0.70126,0.70132,5
1023.35,0.7011,0.70113,0.70119,5
1023.45,0.70098,0.70101,0.70106,5
1023.55,0.70086,0.70088,0.70093,5
1023.65,0.70073,0.70076,0.70081,5
1023.75,0.7006,0.70063,0.70068,5
1023.85,0.70047,0.7005,0.70055,5
1023.95,0.70035,0.70037,0.70042,5
1024.05,0.70022,0.70024,0.70029,5
1024.15,0.70009,0.70012,0.70017,5
1024.25,0.69996,0.7,0.70005,5
1024.35,0.69984,0.69987,0.69992,5
1024.45,0.69972,0.69974,0.69979,5
1024.55,0.69959,0.69961,0.69966,5
1024.65,0.69946,0.69948,0.69953,5
1024.75,0.69933,0.69936,0.6994,5
1024.85,0.69921,0.69923,0.69928,5
1024.95,0.69908,0.6991,0.69915,5
1025.05,0.69895,0.69897,0.69903,5
1025.15,0.69882,0.69885,0.6989,5
1025.25,0.6987,0.69872,0.69877,5
1025.35,0.69858,0.69859,0.69864,5
1025.45,0.69845,0.69847,0.69851,5
1025.55,0.69832,0.69834,0.69839,5
1025.65,0.69819,0.69821,0.69826,5
1025.75,0.69806,0.69808,0.69813,5
1025.85,0.69793,0.69795,0.69801,5
1025.95,0.6978,0.69783,0.69788,5
1026.05,0.69767,0.6977,0.69775,5
1026.15,0.69756,0.69757,0.69763,5
1026.25,0.69743,0.69744,0.6975,5
1026.35,0.6973,0.69731,0.69737,5
1026.45,0.69717,0.69718,0.69724,5
1026.55,0.69704,0.69705,0.69711,5
1026.65,0.69691,0.69692,0.69698,5
1026.75,0.69678,0.69679,0.69686,5
1026.85,0.69665,0.69667,0.69673,5
1026.95,0.69653,0.69654,0.6966,5
1027.05,0.6964,0.69641,0.69647,5
1027.15,0.69627,0.69628,0.69634,5
1027.25,0.69614,0.69615,0.69621,5
1027.35,0.69601,0.69602,0.69609,5
1027.45,0.69588,0.69589,0.69596,5
1027.55,0.69575,0.69576,0.69583,5
1027.65,0.69562,0.69564,0.69571,5
1027.75,0.69549,0.69551,0.69558,5
1027.85,0.69537,0.69538,0.69545,5
1027.95,0.69524,0.69525,0.69532,5
1028.05,0.69511,0.69512,0.69519,5
1028.15,0.69498,0.69499,0.69506,5
1028.25,0.69485,0.69485,0.69492,5
1028.35,0.69472,0.69472,0.69479,5
1028.45,0.69458,0.69459,0.69467,5
1028.55,0.69445,0.69447,0.69454,5
1028.65,0.69433,0.69434,0.69441,5
1028.75,0.6942,0.69421,0.69428,5
1028.85,0.69407,0.69407,0.69415,5
1028.95,0.69394,0.69394,0.69402,5
1029.05,0.6938,0.69381,0.69389,5
1029.15,0.69367,0.69368,0.69376,5
1029.25,0.69354,0.69355,0.69362,5
1029.35,0.69341,0.69342,0.6935,5
1029.45,0.69328,0.69329,0.69337,5
1029.55,0.69315,0.69316,0.69324,5
1029.65,0.69302,0.69302,0.69311,5
1029.75,0.69289,0.69289,0.69297,5
1029.85,0.69276,0.69276,0.69284,5
1029.95,0.69262,0.69262,0.69271,5
1030.05,0.69249,0.69249,0.69257,5
1030.15,0.69236,0.69237,0.69245,5
1030.25,0.69222,0.69223,0.69232,5
1030.35,0.6921,0.6921,0.69219,5
1030.45,0.69196,0.69197,0.69205,5
1030.55,0.69183,0.69183,0.69192,5
1030.65,0.6917,0.6917,0.69178,5
1030.75,0.69156,0.69156,0.69165,5
1030.85,0.69143,0.69143,0.69151,5
1030.95,0.69129,0.6913,0.69139,5
1031.05,0.69116,0.69116,0.69125,5
1031.15,0.69103,0.69103,0.69112,5
1031.25,0.69089,0.69089,0.69098,5
1031.35,0.69076,0.69076,0.69084,5
1031.45,0.69062,0.69062,0.69071,5
1031.55,0.69049,0.69049,0.69057,5
1031.65,0.69035,0.69035,0.69044,5
1031.75,0.69022,0.69022,0.69031,5
1031.85,0.69008,0.69009,0.69017,5
1031.95,0.68995,0.68995,0.69004,5
1032.05,0.68982,0.68981,0.6899,5
1032.15,0.68968,0.68968,0.68976,5
1032.25,0.68954,0.68954,0.68963,5
1032.35,0.68941,0.6894,0.68949,5
1032.45,0.68927,0.68926,0.68935,5
1032.55,0.68913,0.68914,0.68922,5
1032.65,0.689,0.689,0.68909,5
1032.75,0.68887,0.68886,0.68895,5
1032.85,0.68873,0.68872,0.68881,5
1032.95,0.68859,0.68859,0.68867,5
1033.05,0.68846,0.68845,0.68854,5
1033.15,0.68832,0.68831,0.6884,5
1033.25,0.68818,0.68817,0.68826,5
1033.35,0.68804,0.68804,0.68812,5
1033.45,0.6879,0.68791,0.68799,5
1033.55,0.68778,0.68777,0.68785,5
1033.65,0.68764,0.68763,0.68771,5
1033.75,0.6875,0.68749,0.68758,5
1033.85,0.68736,0.68735,0.68744,5
1033.95,0.68722,0.68721,0.6873,5
1034.05,0.68708,0.68707,0.68716,5
1034.15,0.68694,0.68694,0.68702,5
1034.25,0.68681,0.6868,0.68689,5
1034.35,0.68668,0.68667,0.68675,5
1034.45,0.68654,0.68653,0.68661,5
1034.55,0.6864,0.68639,0.68647,5
1034.65,0.68626,0.68625,0.68633,5
1034.75,0.68612,0.68611,0.68619,5
1034.85,0.68598,0.68597,0.68605,5
1034.95,0.68584,0.68584,0.68592,5
1035.05,0.6857,0.6857,0.68578,5
1035.15,0.68557,0.68556,0.68564,5
1035.25,0.68543,0.68542,0.6855,5
1035.35,0.68529,0.68528,0.68536,5
1035.45,0.68515,0.68514,0.68522,5
1035.55,0.68501,0.685,0.68508,5
1035.65,0.68487,0.68486,0.68494,5
1035.75,0.68473,0.68473,0.68481,5
1035.85,0.68459,0.68459,0.68467,5
1035.95,0.68446,0.68445,0.68453,5
1036.05,0.68432,0.68431,0.68439,5
1036.15,0.68418,0.68417,0.68425,5
1036.25,0.68404,0.68403,0.68411,5
1036.35,0.6839,0.68389,0.68397,5
1036.45,0.68376,0.68376,0.68383,5
1036.55,0.68361,0.68362,0.6837,5
1036.65,0.68348,0.68348,0.68356,5
1036.75,0.68334,0.68333,0.68342,5
1036.85,0.6832,0.68319,0.68328,5
1036.95,0.68306,0.68305,0.68314,5
1037.05,0.68292,0.68291,0.683,5
1037.15,0.68278,0.68277,0.68285,5
1037.25,0.68264,0.68264,0.68271,5
1037.35,0.6825,0.6825,0.68258,5
1037.45,0.68236,0.68236,0.68244,5
1037.55,0.68222,0.68222,0.6823,5
1037.65,0.68208,0.68208,0.68216,5
1037.75,0.68194,0.68193,0.68202,5
1037.85,0.6818,0.68179,0.68188,5
1037.95,0.68166,0.68165,0.68173,5
1038.05,0.68151,0.68152,0.68159,5
1038.15,0.68137,0.68138,0.68146,5
1038.25,0.68124,0.68124,0.68132,5
1038.35,0.6811,0.6811,0.68118,5
1038.45,0.68096,0.68095,0.68104,5
1038.55,0.68081,0.68081,0.6809,5
1038.65,0.68067,0.68067,0.68075,5
1038.75,0.68053,0.68054,0.68061,5
1038.85,0.68039,0.6804,0.68047,5
1038.95,0.68025,0.68026,0.68034,5
1039.05,0.68011,0.68011,0.6802,5
1039.15,0.67997,0.67997,0.68006,5
1039.25,0.67983,0.67983,0.67991,5
1039.35,0.67969,0.67969,0.67977,5
1039.45,0.67954,0.67955,0.67963,5
1039.55,0.6794,0.67942,0.67949,5
1039.65,0.67926,0.67927,0.67935,5
1039.75,0.67913,0.67913,0.67921,5
1039.85,0.67899,0.67899,0.67907,5
1039.95,0.67884,0.67885,0.67893,5
1040.05,0.6787,0.67871,0.67879,5
1040.15,0.67856,0.67856,0.67865,5
1040.25,0.67842,0.67842,0.6785,5
1040.35,0.67827,0.67829,0.67836,5
1040.45,0.67813,0.67815,0.67822,5
1040.55,0.678,0.67801,0.67809,5
1040.65,0.67786,0.67787,0.67795,5
1040.75,0.67772,0.67773,0.67781,5
1040.85,0.67758,0.67759,0.67767,5
1040.95,0.67744,0.67745,0.67753,5
1041.05,0.6773,0.67731,0.67739,5
1041.15,0.67716,0.67718,0.67725,5
1041.25,0.67702,0.67704,0.67712,5
1041.35,0.67689,0.6769,0.67698,5
1041.45,0.67675,0.67676,0.67684,5
1041.55,0.67661,0.67662,0.6767,5
1041.65,0.67647,0.67648,0.67656,5
1041.75,0.67633,0.67634,0.67642,5
1041.85,0.67619,0.67621,0.67628,5
1041.95,0.67605,0.67606,0.67614,5
1042.05,0.67591,0.67592,0.67601,5
1042.15,0.67578,0.67578,0.67587,5
1042.25,0.67564,0.67564,0.67573,5
1042.35,0.67549,0.6755,0.67558,5
1042.45,0.67535,0.67536,0.67544,5
1042.55,0.67521,0.67522,0.6753,5
1042.65,0.67507,0.67509,0.67516,5
1042.75,0.67493,0.67495,0.67502,5
1042.85,0.6748,0.67481,0.67489,5
1042.95,0.67466,0.67467,0.67475,5
1043.05,0.67452,0.67453,0.67461,5
1043.15,0.67438,0.67439,0.67447,5
1043.25,0.67424,0.67424,0.67433,5
1043.35,0.6741,0.6741,0.67419,5
1043.45,0.67395,0.67397,0.67404,5
1043.55,0.67381,0.67383,0.6739,5
1043.65,0.67368,0.67369,0.67377,5
1043.75,0.67354,0.67355,0.67363,5
1043.85,0.6734,0.67341,0.67349,5
1043.95,0.67326,0.67326,0.67335,5
1044.05,0.67311,0.67312,0.6732,5
1044.15,0.67297,0.67298,0.67306,5
1044.25,0.67283,0.67285,0.67292,5
1044.35,0.67269,0.67271,0.67278,5
1044.45,0.67256,0.67256,0.67265,5
1044.55,0.67241,0.67242,0.6725,5
1044.65,0.67227,0.67228,0.67236,5
1044.75,0.67213,0.67214,0.67222,5
1044.85,0.67199,0.67199,0.67208,5
1044.95,0.67184,0.67186,0.67193,5
1045.05,0.6717,0.67172,0.67179,5
1045.15,0.67156,0.67157,0.67165,5
1045.25,0.67142,0.67143,0.67151,5
1045.35,0.67128,0.67129,0.67137,5
1045.45,0.67114,0.67114,0.67123,5
1045.55,0.67099,0.671,0.67108,5
1045.65,0.67085,0.67086,0.67094,5
1045.75,0.67071,0.67072,0.6708,5
1045.85,0.67056,0.67058,0.67065,5
1045.95,0.67043,0.67044,0.67052,5
1046.05,0.67029,0.67029,0.67038,5
1046.15,0.67014,0.67015,0.67023,5
1046.25,0.67,0.67,0.67009,5
1046.35,0.66986,0.66986,0.66995,5
1046.45,0.66971,0.66973,0.6698,5
1046.55,0.66957,0.66958,0.66966,5
1046.65,0.66942,0.66944,0.66951,5
1046.75,0.66929,0.66929,0.66938,5
1046.85,0.66914,0.66915,0.66923,5
1046.95,0.669,0.669,0.66909,5
1047.05,0.66886,0.66886,0.66894,5
1047.15,0.66871,0.66871,0.6688,5
1047.25,0.66856,0.66858,0.66865,5
1047.35,0.66842,0.66843,0.66851,5
1047.45,0.66828,0.66828,0.66836,5
1047.55,0.66814,0.66814,0.66822,5
1047.65,0.66799,0.66799,0.66808,5
1047.75,0.66785,0.66785,0.66793,5
1047.85,0.6677,0.6677,0.66779,5
1047.95,0.66755,0.66756,0.66764,5
1048.05,0.66741,0.66742,0.66749,5
1048.15,0.66726,0.66727,0.66734,5
1048.25,0.66712,0.66712,0.66721,5
1048.35,0.66697,0.66697,0.66706,5
1048.45,0.66683,0.66683,0.66691,5
1048.55,0.66668,0.66668,0.66676,5
1048.65,0.66653,0.66653,0.66662,5
1048.75,0.66638,0.66639,0.66647,5
1048.85,0.66623,0.66624,0.66632,5
1048.95,0.6661,0.66609,0.66617,5
1049.05,0.66595,0.66594,0.66603,5
1049.15,0.6658,0.66579,0.66588,5
1049.25,0.66565,0.66565,0.66573,5
1049.35,0.6655,0.6655,0.66558,5
1049.45,0.66535,0.66536,0.66543,5
1049.55,0.6652,0.66521,0.66528,5
1049.65,0.66505,0.66505,0.66513,5
1049.75,0.66491,0.6649,0.66499,5
1049.85,0.66476,0.66475,0.66484,5
1049.95,0.66461,0.6646,0.66469,5
1050.05,0.66446,0.66445,0.66454,5
1050.15,0.6643,0.66431,0.66439,5
1050.25,0.66415,0.66416,0.66424,5
1050.35,0.664,0.664,0.66408,5
1050.45,0.66386,0.66385,0.66393,5
1050.55,0.66371,0.6637,0.66379,5
1050.65,0.66355,0.66355,0.66364,5
1050.75,0.6634,0.66339,0.66348,5
1050.85,0.66324,0.66324,0.66333,5
1050.95,0.66309,0.66309,0.66317,5
1051.05,0.66293,0.66293,0.66301,5
1051.15,0.66279,0.66278,0.66286,5
1051.25,0.66263,0.66262,0.66271,5
1051.35,0.66247,0.66247,0.66256,5
1051.45,0.66232,0.66231,0.6624,5
1051.55,0.66216,0.66216,0.66224,5
1051.65,0.662,0.662,0.66208,5
1051.75,0.66184,0.66185,0.66193,5
1051.85,0.6617,0.66169,0.66177,5
1051.95,0.66154,0.66153,0.66162,5
1052.05,0.66138,0.66137,0.66146,5
1052.15,0.66122,0.66121,0.66131,5
1052.25,0.66106,0.66107,0.66115,5
1052.35,0.6609,0.66091,0.66099,5
1052.45,0.66074,0.66075,0.66083,5
1052.55,0.66059,0.66059,0.66067,5
1052.65,0.66043,0.66043,0.66052,5
1052.75,0.66028,0.66027,0.66036,5
1052.85,0.66012,0.66011,0.6602,5
1052.95,0.65996,0.65996,0.66004,5
1053.05,0.6598,0.6598,0.65988,5
1053.15,0.65963,0.65964,0.65972,5
1053.25,0.65948,0.65948,0.65956,5
1053.35,0.65932,0.65932,0.65941,5
1053.45,0.65916,0.65916,0.65925,5
1053.55,0.659,0.65899,0.65909,5
1053.65,0.65884,0.65884,0.65893,5
1053.75,0.65868,0.65868,0.65877,5
1053.85,0.65852,0.65852,0.65861,5
1053.95,0.65837,0.65836,0.65844,5
1054.05,0.6582,0.6582,0.65829,5
1054.15,0.65804,0.65803,0.65813,5
1054.25,0.65788,0.65787,0.65797,5
1054.35,0.65772,0.65772,0.65781,5
1054.45,0.65755,0.65756,0.65764,5
1054.55,0.6574,0.6574,0.65748,5
1054.65,0.65724,0.65723,0.65732,5
1054.75,0.65708,0.65707,0.65717,5
1054.85,0.65691,0.65691,0.657,5
1054.95,0.65675,0.65675,0.65684,5
1055.05,0.65659,0.65659,0.65668,5
1055.15,0.65642,0.65643,0.65651,5
1055.25,0.65627,0.65626,0.65635,5
1055.35,0.65611,0.6561,0.6562,5
1055.45,0.65594,0.65594,0.65603,5
1055.55,0.65578,0.65577,0.65587,5
1055.65,0.65562,0.65562,0.65571,5
1055.75,0.65545,0.65545,0.65554,5
1055.85,0.65529,0.65529,0.65538,5
1055.95,0.65514,0.65513,0.65522,5
1056.05,0.65497,0.65497,0.65507,5
1056.15,0.65481,0.6548,0.6549,5
1056.25,0.65465,0.65464,0.65474,5
1056.35,0.65449,0.65449,0.65458,5
1056.45,0.65432,0.65432,0.65441,5
1056.55,0.65417,0.65416,0.65425,5
1056.65,0.65401,0.654,0.65409,5
1056.75,0.65385,0.65383,0.65394,5
1056.85,0.65368,0.65367,0.65377,5
1056.95,0.65352,0.65351,0.65361,5
1057.05,0.65336,0.65335,0.65345,5
1057.15,0.65319,0.65319,0.65328,5
1057.25,0.65304,0.65303,0.65312,5
1057.35,0.65288,0.65286,0.65296,5
1057.45,0.65271,0.6527,0.6528,5
1057.55,0.65255,0.65254,0.65264,5
1057.65,0.65239,0.65238,0.65247,5
1057.75,0.65222,0.65222,0.65231,5
1057.85,0.65206,0.65205,0.65215,5
1057.95,0.6519,0.65189,0.65198,5
1058.05,0.65174,0.65172,0.65182,5
1058.15,0.65158,0.65156,0.65166,5
1058.25,0.65141,0.6514,0.6515,5
1058.35,0.65125,0.65124,0.65134,5
1058.45,0.65108,0.65108,0.65117,5
1058.55,0.65092,0.65091,0.65101,5
1058.65,0.65076,0.65075,0.65084,5
1058.75,0.6506,0.65058,0.65069,5
1058.85,0.65044,0.65042,0.65052,5
1058.95,0.65027,0.65026,0.65036,5
1059.05,0.65011,0.6501,0.6502,5
1059.15,0.64994,0.64993,0.65003,5
1059.25,0.64979,0.64977,0.64987,5
1059.35,0.64962,0.6496,0.6497,5
1059.45,0.64946,0.64944,0.64955,5
1059.55,0.64929,0.64927,0.64938,5
1059.65,0.64913,0.64912,0.64922,5
1059.75,0.64896,0.64895,0.64905,5
1059.85,0.6488,0.64879,0.64889,5
1059.95,0.64864,0.64862,0.64872,5
1060.05,0.64848,0.64845,0.64856,5
1060.15,0.64831,0.64829,0.6484,5
1060.25,0.64815,0.64812,0.64823,5
1060.35,0.64798,0.64797,0.64807,5
1060.45,0.64781,0.6478,0.6479,5
1060.55,0.64766,0.64764,0.64774,5
1060.65,0.64749,0.64747,0.64757,5
1060.75,0.64733,0.6473,0.64742,5
1060.85,0.64716,0.64714,0.64725,5
1060.95,0.647,0.64698,0.64709,5
1061.05,0.64683,0.64682,0.64692,5
1061.15,0.64666,0.64665,0.64676,5
1061.25,0.64651,0.64648,0.64659,5
1061.35,0.64634,0.64632,0.64643,5
1061.45,0.64618,0.64615,0.64627,5
1061.55,0.64601,0.64599,0.64611,5
1061.65,0.64584,0.64583,0.64594,5
1061.75,0.64568,0.64567,0.64577,5
1061.85,0.64551,0.6455,0.64561,5
1061.95,0.64535,0.64533,0.64544,5
1062.05,0.64519,0.64517,0.64528,5
1062.15,0.64502,0.645,0.64512,5
1062.25,0.64485,0.64484,0.64496,5
1062.35,0.64469,0.64468,0.64479,5
1062.45,0.64452,0.64451,0.64463,5
1062.55,0.64436,0.64435,0.64446,5
1062.65,0.6442,0.64418,0.6443,5
1062.75,0.64403,0.64401,0.64413,5
1062.85,0.64386,0.64385,0.64397,5
1062.95,0.6437,0.64369,0.64381,5
1063.05,0.64353,0.64353,0.64364,5
1063.15,0.64336,0.64336,0.64348,5
1063.25,0.64321,0.64319,0.64331,5
1063.35,0.64304,0.64303,0.64315,5
1063.45,0.64287,0.64286,0.64299,5
1063.55,0.64271,0.6427,0.64283,5
1063.65,0.64254,0.64254,0.64266,5
1063.75,0.64237,0.64237,0.64249,5
1063.85,0.64222,0.6422,0.64233,5
1063.95,0.64205,0.64204,0.64216,5
1064.05,0.64188,0.64187,0.642,5
1064.15,0.64172,0.64171,0.64184,5
1064.25,0.64155,0.64155,0.64168,5
1064.35,0.64138,0.64138,0.64151,5
1064.45,0.64122,0.64122,0.64134,5
1064.55,0.64106,0.64105,0.64118,5
1064.65,0.64089,0.64088,0.64101,5
1064.75,0.64073,0.64072,0.64085,5
1064.85,0.64056,0.64055,0.64069,5
1064.95,0.64039,0.6404,0.64053,5
1065.05,0.64023,0.64023,0.64036,5
1065.15,0.64007,0.64006,0.64019,5
1065.25,0.6399,0.6399,0.64003,5
1065.35,0.63974,0.63973,0.63986,5
1065.45,0.63957,0.63956,0.63971,5
1065.55,0.6394,0.63941,0.63954,5
1065.65,0.63924,0.63924,0.63938,5
1065.75,0.63907,0.63908,0.63921,5
1065.85,0.63892,0.63891,0.63904,5
1065.95,0.63875,0.63874,0.63888,5
1066.05,0.63858,0.63858,0.63871,5
1066.15,0.63842,0.63841,0.63856,5
1066.25,0.63825,0.63826,0.63839,5
1066.35,0.63809,0.63809,0.63823,5
1066.45,0.63792,0.63792,0.63806,5
1066.55,0.63776,0.63776,0.63789,5
1066.65,0.6376,0.63759,0.63773,5
1066.75,0.63743,0.63742,0.63756,5
1066.85,0.63727,0.63727,0.63741,5
1066.95,0.6371,0.6371,0.63724,5
1067.05,0.63693,0.63694,0.63707,5
1067.15,0.63678,0.63677,0.63691,5
1067.25,0.63661,0.63661,0.63674,5
1067.35,0.63645,0.63644,0.63658,5
1067.45,0.63628,0.63627,0.63642,5
1067.55,0.63612,0.63612,0.63626,5
1067.65,0.63595,0.63595,0.63609,5
1067.75,0.63579,0.63579,0.63593,5
1067.85,0.63563,0.63562,0.63576,5
1067.95,0.63547,0.63546,0.6356,5
1068.05,0.6353,0.63529,0.63543,5
1068.15,0.63514,0.63513,0.63528,5
1068.25,0.63497,0.63497,0.63511,5
1068.35,0.63481,0.63481,0.63495,5
1068.45,0.63465,0.63464,0.63478,5
1068.55,0.63449,0.63448,0.63462,5
1068.65,0.63433,0.63431,0.63445,5
1068.75,0.63416,0.63415,0.63429,5
1068.85,0.634,0.634,0.63413,5
1068.95,0.63384,0.63383,0.63397,5
1069.05,0.63367,0.63367,0.63381,5
1069.15,0.63352,0.6335,0.63364,5
1069.25,0.63336,0.63334,0.63348,5
1069.35,0.63319,0.63318,0.63331,5
1069.45,0.63303,0.63301,0.63315,5
1069.55,0.63287,0.63286,0.633,5
1069.65,0.6327,0.6327,0.63283,5
1069.75,0.63254,0.63253,0.63267,5
1069.85,0.63239,0.63237,0.63251,5
1069.95,0.63223,0.63221,0.63235,5
1070.05,0.63207,0.63205,0.63218,5
1070.15,0.6319,0.63189,0.63202,5
1070.25,0.63174,0.63173,0.63187,5
1070.35,0.63158,0.63157,0.63171,5
1070.45,0.63142,0.63141,0.63154,5
1070.55,0.63127,0.63125,0.63138,5
1070.65,0.63111,0.63109,0.63122,5
1070.75,0.63095,0.63093,0.63106,5
1070.85,0.63079,0.63077,0.63091,5
1070.95,0.63063,0.63061,0.63075,5
1071.05,0.63047,0.63045,0.63059,5
1071.15,0.63031,0.63029,0.63043,5
1071.25,0.63016,0.63013,0.63027,5
1071.35,0.63,0.62997,0.63011,5
1071.45,0.62984,0.62982,0.62995,5
1071.55,0.62968,0.62967,0.6298,5
1071.65,0.62953,0.62951,0.62964,5
1071.75,0.62937,0.62935,0.62949,5
1071.85,0.62921,0.6292,0.62933,5
1071.95,0.62906,0.62904,0.62917,5
1072.05,0.62891,0.62888,0.62901,5
1072.15,0.62875,0.62873,0.62886,5
1072.25,0.6286,0.62858,0.62871,5
1072.35,0.62844,0.62843,0.62855,5
1072.45,0.62828,0.62827,0.6284,5
1072.55,0.62813,0.62812,0.62824,5
1072.65,0.62798,0.62796,0.62809,5
1072.75,0.62783,0.62781,0.62793,5
1072.85,0.62767,0.62765,0.62778,5
1072.95,0.62752,0.62751,0.62762,5
1073.05,0.62736,0.62735,0.62748,5
1073.15,0.62721,0.6272,0.62732,5
1073.25,0.62706,0.62704,0.62717,5
1073.35,0.62691,0.62689,0.62701,5
1073.45,0.62676,0.62674,0.62686,5
1073.55,0.62661,0.62658,0.62671,5
1073.65,0.62645,0.62644,0.62655,5
1073.75,0.6263,0.62629,0.62641,5
1073.85,0.62615,0.62614,0.62626,5
1073.95,0.62599,0.62598,0.6261,5
1074.05,0.62585,0.62583,0.62595,5
1074.15,0.6257,0.62568,0.6258,5
1074.25,0.62555,0.62553,0.62565,5
1074.35,0.6254,0.62539,0.6255,5
1074.45,0.62525,0.62524,0.62535,5
1074.55,0.6251,0.62509,0.6252,5
1074.65,0.62494,0.62494,0.62505,5
1074.75,0.6248,0.62479,0.6249,5
1074.85,0.62465,0.62463,0.62475,5
1074.95,0.6245,0.62449,0.6246,5
1075.05,0.62435,0.62434,0.62445,5
1075.15,0.6242,0.6242,0.62431,5
1075.25,0.62406,0.62405,0.62416,5
1075.35,0.62391,0.6239,0.62401,5
1075.45,0.62377,0.62375,0.62386,5
1075.55,0.62362,0.6236,0.62371,5
1075.65,0.62347,0.62345,0.62356,5
1075.75,0.62332,0.62331,0.62342,5
1075.85,0.62317,0.62317,0.62327,5
1075.95,0.62303,0.62302,0.62313,5
1076.05,0.62288,0.62287,0.62298,5
1076.15,0.62273,0.62273,0.62284,5
1076.25,0.6226,0.62258,0.62269,5
1076.35,0.62245,0.62243,0.62254,5
1076.45,0.6223,0.62229,0.6224,5
1076.55,0.62216,0.62215,0.62225,5
1076.65,0.62201,0.62201,0.62211,5
1076.75,0.62187,0.62186,0.62197,5
1076.85,0.62172,0.62172,0.62182,5
1076.95,0.62159,0.62157,0.62168,5
1077.05,0.62144,0.62143,0.62153,5
1077.15,0.6213,0.62128,0.62139,5
1077.25,0.62115,0.62114,0.62125,5
1077.35,0.62101,0.621,0.6211,5
1077.45,0.62087,0.62086,0.62097,5
1077.55,0.62072,0.62072,0.62083,5
1077.65,0.62058,0.62057,0.62068,5
1077.75,0.62045,0.62043,0.62054,5
1077.85,0.62031,0.62029,0.6204,5
1077.95,0.62016,0.62015,0.62026,5
1078.05,0.62002,0.62,0.62011,5
1078.15,0.61988,0.61987,0.61997,5
1078.25,0.61974,0.61973,0.61984,5
1078.35,0.6196,0.61959,0.6197,5
1078.45,0.61946,0.61945,0.61956,5
1078.55,0.61933,0.61931,0.61942,5
1078.65,0.61919,0.61917,0.61928,5
1078.75,0.61905,0.61903,0.61914,5
1078.85,0.61891,0.6189,0.619,5
1078.95,0.61877,0.61876,0.61886,5
1079.05,0.61863,0.61862,0.61873,5
1079.15,0.61849,0.61848,0.61859,5
1079.25,0.61835,0.61834,0.61846,5
1079.35,0.61822,0.6182,0.61832,5
1079.45,0.61808,0.61807,0.61818,5
1079.55,0.61795,0.61793,0.61804,5
1079.65,0.61781,0.6178,0.61791,5
1079.75,0.61767,0.61766,0.61777,5
1079.85,0.61754,0.61753,0.61764,5
1079.95,0.6174,0.61739,0.61751,5
1080.05,0.61726,0.61725,0.61737,5
1080.15,0.61714,0.61712,0.61723,5
1080.25,0.617,0.61698,0.6171,5
1080.35,0.61687,0.61685,0.61696,5
1080.45,0.61673,0.61672,0.61683,5
1080.55,0.6166,0.61659,0.61669,5
1080.65,0.61646,0.61645,0.61657,5
1080.75,0.61633,0.61632,0.61644,5
1080.85,0.6162,0.61619,0.6163,5
1080.95,0.61607,0.61605,0.61617,5
1081.05,0.61594,0.61592,0.61604,5
1081.15,0.61581,0.61579,0.6159,5
1081.25,0.61567,0.61566,0.61577,5
1081.35,0.61554,0.61553,0.61564,5
1081.45,0.61541,0.6154,0.61552,5
1081.55,0.61528,0.61527,0.61539,5
1081.65,0.61515,0.61514,0.61526,5
1081.75,0.61503,0.61501,0.61513,5
1081.85,0.6149,0.61488,0.615,5
1081.95,0.61477,0.61475,0.61487,5
1082.05,0.61464,0.61462,0.61474,5
1082.15,0.61452,0.6145,0.61461,5
1082.25,0.61439,0.61438,0.61449,5
1082.35,0.61426,0.61425,0.61437,5
1082.45,0.61413,0.61412,0.61424,5
1082.55,0.61401,0.614,0.61412,5
1082.65,0.61389,0.61387,0.61399,5
1082.75,0.61377,0.61375,0.61386,5
1082.85,0.61364,0.61362,0.61374,5
1082.95,0.61351,0.61351,0.61361,5
1083.05,0.61339,0.61338,0.61349,5
1083.15,0.61326,0.61326,0.61336,5
1083.25,0.61314,0.61313,0.61325,5
1083.35,0.61302,0.61301,0.61312,5
1083.45,0.6129,0.61289,0.613,5
1083.55,0.61278,0.61276,0.61288,5
1083.65,0.61266,0.61264,0.61275,5
1083.75,0.61253,0.61252,0.61263,5
1083.85,0.61241,0.6124,0.61251,5
1083.95,0.61229,0.61228,0.61238,5
1084.05,0.61217,0.61216,0.61226,5
1084.15,0.61204,0.61204,0.61215,5
1084.25,0.61192,0.61192,0.61203,5
1084.35,0.61181,0.6118,0.61191,5
1084.45,0.61169,0.61168,0.61179,5
1084.55,0.61157,0.61156,0.61167,5
1084.65,0.61145,0.61144,0.61154,5
1084.75,0.61133,0.61133,0.61142,5
1084.85,0.61121,0.61121,0.6113,5
1084.95,0.61109,0.61109,0.61118,5
1085.05,0.61097,0.61097,0.61108,5
1085.15,0.61085,0.61085,0.61096,5
1085.25,0.61074,0.61073,0.61084,5
1085.35,0.61062,0.61061,0.61072,5
1085.45,0.61051,0.6105,0.6106,5
1085.55,0.61039,0.61038,0.61048,5
1085.65,0.61027,0.61027,0.61036,5
1085.75,0.61015,0.61015,0.61025,5
1085.85,0.61004,0.61004,0.61013,5
1085.95,0.60992,0.60992,0.61001,5
1086.05,0.6098,0.6098,0.60991,5
1086.15,0.60969,0.60969,0.60979,5
1086.25,0.60958,0.60957,0.60967,5
1086.35,0.60946,0.60946,0.60956,5
1086.45,0.60935,0.60934,0.60944,5
1086.55,0.60923,0.60922,0.60932,5
1086.65,0.60912,0.60912,0.60921,5
1086.75,0.609,0.60901,0.60909,5
1086.85,0.60889,0.60889,0.60898,5
1086.95,0.60877,0.60878,0.60888,5
1087.05,0.60866,0.60866,0.60876,5
1087.15,0.60856,0.60855,0.60865,5
1087.25,0.60844,0.60844,0.60853,5
1087.35,0.60833,0.60832,0.60842,5
1087.45,0.60822,0.60821,0.60831,5
1087.55,0.6081,0.60811,0.60819,5
1087.65,0.60799,0.608,0.60808,5
1087.75,0.60788,0.60788,0.60797,5
1087.85,0.60777,0.60777,0.60786,5
1087.95,0.60766,0.60766,0.60776,5
1088.05,0.60754,0.60755,0.60764,5
1088.15,0.60744,0.60744,0.60753,5
1088.25,0.60733,0.60733,0.60742,5
1088.35,0.60722,0.60722,0.60731,5
1088.45,0.60711,0.6071,0.6072,5
1088.55,0.607,0.607,0.60709,5
1088.65,0.60689,0.60689,0.60698,5
1088.75,0.60678,0.60678,0.60687,5
1088.85,0.60667,0.60667,0.60676,5
1088.95,0.60656,0.60656,0.60666,5
1089.05,0.60645,0.60646,0.60655,5
1089.15,0.60635,0.60635,0.60644,5
1089.25,0.60624,0.60624,0.60633,5
1089.35,0.60613,0.60613,0.60622,5
1089.45,0.60602,0.60602,0.60611,5
1089.55,0.60592,0.60592,0.606,5
1089.65,0.60581,0.60581,0.6059,5
1089.75,0.6057,0.6057,0.60579,5
1089.85,0.60559,0.6056,0.60568,5
1089.95,0.60548,0.60549,0.60558,5
1090.05,0.60538,0.60538,0.60547,5
1090.15,0.60528,0.60527,0.60537,5
1090.25,0.60517,0.60517,0.60526,5
1090.35,0.60507,0.60506,0.60515,5
1090.45,0.60496,0.60495,0.60505,5
1090.55,0.60485,0.60486,0.60494,5
1090.65,0.60475,0.60475,0.60483,5
1090.75,0.60464,0.60464,0.60473,5
1090.85,0.60453,0.60454,0.60462,5
1090.95,0.60443,0.60443,0.60451,5
1091.05,0.60432,0.60433,0.60442,5
1091.15,0.60423,0.60422,0.60431,5
1091.25,0.60412,0.60412,0.60421,5
1091.35,0.60402,0.60401,0.6041,5
1091.45,0.60391,0.6039,0.604,5
1091.55,0.60381,0.6038,0.60389,5
1091.65,0.6037,0.6037,0.60379,5
1091.75,0.6036,0.6036,0.60368,5
1091.85,0.60349,0.6035,0.60358,5
1091.95,0.60339,0.60339,0.60347,5
1092.05,0.60328,0.60329,0.60338,5
1092.15,0.60318,0.60318,0.60327,5
1092.25,0.60309,0.60308,0.60317,5
1092.35,0.60298,0.60298,0.60307,5
1092.45,0.60288,0.60287,0.60296,5
1092.55,0.60277,0.60277,0.60286,5
1092.65,0.60267,0.60267,0.60275,5
1092.75,0.60257,0.60257,0.60265,5
1092.85,0.60247,0.60247,0.60255,5
1092.95,0.60236,0.60236,0.60245,5
1093.05,0.60226,0.60226,0.60234,5
1093.15,0.60216,0.60216,0.60225,5
1093.25,0.60206,0.60206,0.60215,5
1093.35,0.60196,0.60195,0.60204,5
1093.45,0.60186,0.60185,0.60194,5
1093.55,0.60176,0.60175,0.60184,5
1093.65,0.60166,0.60165,0.60174,5
1093.75,0.60155,0.60156,0.60164,5
1093.85,0.60145,0.60145,0.60153,5
1093.95,0.60135,0.60135,0.60143,5
1094.05,0.60125,0.60125,0.60133,5
1094.15,0.60115,0.60115,0.60123,5
1094.25,0.60105,0.60105,0.60114,5
1094.35,0.60096,0.60095,0.60104,5
1094.45,0.60085,0.60085,0.60094,5
1094.55,0.60075,0.60074,0.60084,5
1094.65,0.60065,0.60064,0.60073,5
1094.75,0.60055,0.60054,0.60063,5
1094.85,0.60045,0.60045,0.60053,5
1094.95,0.60035,0.60035,0.60043,5
1095.05,0.60025,0.60025,0.60033,5
1095.15,0.60015,0.60015,0.60023,5
1095.25,0.60005,0.60005,0.60013,5
1095.35,0.59995,0.59995,0.60004,5
1095.45,0.59986,0.59985,0.59994,5
1095.55,0.59976,0.59975,0.59984,5
1095.65,0.59966,0.59965,0.59974,5
1095.75,0.59956,0.59955,0.59965,5
1095.85,0.59946,0.59946,0.59955,5
1095.95,0.59936,0.59937,0.59945,5
1096.05,0.59927,0.59927,0.59935,5
1096.15,0.59917,0.59917,0.59925,5
1096.25,0.59907,0.59907,0.59915,5
1096.35,0.59897,0.59897,0.59905,5
1096.45,0.59887,0.59887,0.59896,5
1096.55,0.59878,0.59877,0.59886,5
1096.65,0.59868,0.59867,0.59877,5
1096.75,0.59859,0.59858,0.59867,5
1096.85,0.59849,0.59848,0.59857,5
1096.95,0.59839,0.59838,0.59847,5
1097.05,0.59829,0.59829,0.59837,5
1097.15,0.59819,0.5982,0.59828,5
1097.25,0.5981,0.5981,0.59818,5
1097.35,0.598,0.598,0.59808,5
1097.45,0.5979,0.5979,0.59798,5
1097.55,0.59781,0.59781,0.5979,5
1097.65,0.59772,0.59771,0.5978,5
1097.75,0.59762,0.59762,0.59771,5
1097.85,0.59753,0.59752,0.59761,5
1097.95,0.59743,0.59743,0.59752,5
1098.05,0.59734,0.59733,0.59742,5
1098.15,0.59724,0.59724,0.59732,5
1098.25,0.59715,0.59715,0.59723,5
1098.35,0.59705,0.59705,0.59713,5
1098.45,0.59695,0.59696,0.59704,5
1098.55,0.59686,0.59687,0.59694,5
1098.65,0.59676,0.59677,0.59685,5
1098.75,0.59667,0.59668,0.59676,5
1098.85,0.59658,0.59658,0.59667,5
1098.95,0.59649,0.59649,0.59657,5
1099.05,0.59639,0.59639,0.59648,5
1099.15,0.5963,0.5963,0.59638,5
1099.25,0.5962,0.59621,0.59629,5
1099.35,0.59611,0.59612,0.5962,5
1099.45,0.59602,0.59603,0.5961,5
1099.55,0.59592,0.59593,0.59601,5
1099.65,0.59583,0.59584,0.59591,5
1099.75,0.59573,0.59574,0.59582,5
1099.85,0.59564,0.59565,0.59572,5
1099.95,0.59555,0.59555,0.59564,5
1100.05,0.59546,0.59546,0.59555,5
1100.15,0.59536,0.59537,0.59545,5
1100.25,0.59527,0.59527,0.59536,5
1100.35,0.59518,0.59518,0.59526,5
1100.45,0.59508,0.5951,0.59517,5
1100.55,0.59499,0.595,0.59507,5
1100.65,0.59489,0.59491,0.59498,5
1100.75,0.5948,0.59481,0.59489,5
1100.85,0.5947,0.59472,0.59479,5
1100.95,0.59461,0.59463,0.5947,5
1101.05,0.59452,0.59453,0.59461,5
1101.15,0.59443,0.59444,0.59452,5
1101.25,0.59434,0.59435,0.59443,5
1101.35,0.59424,0.59425,0.59433,5
1101.45,0.59415,0.59416,0.59424,5
1101.55,0.59406,0.59406,0.59414,5
1101.65,0.59396,0.59398,0.59405,5
1101.75,0.59387,0.59389,0.59396,5
1101.85,0.59377,0.59379,0.59386,5
1101.95,0.59368,0.5937,0.59377,5
1102.05,0.59358,0.5936,0.59367,5
1102.15,0.59349,0.59351,0.59358,5
1102.25,0.5934,0.59342,0.5935,5
1102.35,0.59331,0.59332,0.5934,5
1102.45,0.59322,0.59323,0.59331,5
1102.55,0.59312,0.59313,0.59321,5
1102.65,0.59303,0.59304,0.59312,5
1102.75,0.59293,0.59296,0.59302,5
1102.85,0.59284,0.59286,0.59293,5
1102.95,0.59274,0.59277,0.59283,5
1103.05,0.59265,0.59267,0.59274,5
1103.15,0.59255,0.59258,0.59264,5
1103.25,0.59246,0.59248,0.59255,5
1103.35,0.59236,0.59238,0.59245,5
1103.45,0.59228,0.59229,0.59237,5
1103.55,0.59218,0.59219,0.59227,5
1103.65,0.59209,0.5921,0.59218,5
1103.75,0.59199,0.592,0.59208,5
1103.85,0.5919,0.59191,0.59199,5
1103.95,0.5918,0.59182,0.59189,5
1104.05,0.59171,0.59173,0.59179,5
1104.15,0.59161,0.59163,0.5917,5
1104.25,0.59152,0.59153,0.5916,5
1104.35,0.59142,0.59144,0.59151,5
1104.45,0.59133,0.59134,0.59141,5
1104.55,0.59123,0.59125,0.59131,5
1104.65,0.59114,0.59115,0.59123,5
1104.75,0.59105,0.59105,0.59113,5
1104.85,0.59095,0.59096,0.59104,5
1104.95,0.59086,0.59086,0.59094,5
1105.05,0.59076,0.59077,0.59084,5
1105.15,0.59066,0.59068,0.59075,5
1105.25,0.59057,0.59058,0.59065,5
1105.35,0.59047,0.59048,0.59055,5
1105.45,0.59038,0.59039,0.59046,5
1105.55,0.59028,0.59029,0.59036,5
1105.65,0.59018,0.59019,0.59026,5
1105.75,0.5901,0.5901,0.59018,5
1105.85,0.59,0.59,0.59008,5
1105.95,0.5899,0.5899,0.58998,5
1106.05,0.58981,0.5898,0.58989,5
1106.15,0.58971,0.58972,0.58979,5
1106.25,0.58961,0.58962,0.58969,5
1106.35,0.58951,0.58952,0.58959,5
1106.45,0.58942,0.58942,0.5895,5
1106.55,0.58932,0.58933,0.5894,5
1106.65,0.58922,0.58923,0.5893,5
1106.75,0.58913,0.58913,0.5892,5
1106.85,0.58903,0.58903,0.58911,5
1106.95,0.58894,0.58893,0.58902,5
1107.05,0.58884,0.58884,0.58892,5
1107.15,0.58874,0.58874,0.58882,5
1107.25,0.58865,0.58865,0.58872,5
1107.35,0.58855,0.58855,0.58862,5
1107.45,0.58845,0.58845,0.58853,5
1107.55,0.58835,0.58835,0.58843,5
1107.65,0.58825,0.58825,0.58833,5
1107.75,0.58815,0.58815,0.58823,5
1107.85,0.58806,0.58806,0.58813,5
1107.95,0.58796,0.58796,0.58803,5
1108.05,0.58787,0.58786,0.58794,5
1108.15,0.58777,0.58776,0.58784,5
1108.25,0.58767,0.58766,0.58774,5
1108.35,0.58757,0.58756,0.58764,5
1108.45,0.58747,0.58747,0.58754,5
1108.55,0.58736,0.58737,0.58744,5
1108.65,0.58726,0.58727,0.58734,5
1108.75,0.58716,0.58716,0.58724,5
1108.85,0.58706,0.58706,0.58714,5
1108.95,0.58696,0.58696,0.58704,5
1109.05,0.58686,0.58686,0.58694,5
1109.15,0.58677,0.58676,0.58685,5
1109.25,0.58667,0.58666,0.58675,5
1109.35,0.58656,0.58656,0.58665,5
1109.45,0.58646,0.58647,0.58654,5
1109.55,0.58636,0.58637,0.58644,5
1109.65,0.58626,0.58626,0.58634,5
1109.75,0.58616,0.58616,0.58624,5
1109.85,0.58606,0.58606,0.58614,5
1109.95,0.58595,0.58596,0.58604,5
1110.05,0.58585,0.58586,0.58593,5
1110.15,0.58576,0.58576,0.58583,5
1110.25,0.58566,0.58565,0.58574,5
1110.35,0.58555,0.58555,0.58564,5
1110.45,0.58545,0.58545,0.58554,5
1110.55,0.58535,0.58536,0.58543,5
1110.65,0.58525,0.58525,0.58533,5
1110.75,0.58514,0.58515,0.58523,5
1110.85,0.58504,0.58505,0.58513,5
1110.95,0.58494,0.58495,0.58502,5
1111.05,0.58483,0.58484,0.58492,5
1111.15,0.58473,0.58474,0.58482,5
1111.25,0.58464,0.58464,0.58472,5
1111.35,0.58453,0.58454,0.58462,5
1111.45,0.58443,0.58443,0.58452,5
1111.55,0.58433,0.58433,0.58442,5
1111.65,0.58422,0.58424,0.58431,5
1111.75,0.58412,0.58413,0.58421,5
1111.85,0.58402,0.58403,0.58411,5
1111.95,0.58391,0.58393,0.584,5
1112.05,0.58381,0.58382,0.5839,5
1112.15,0.5837,0.58372,0.5838,5
1112.25,0.58361,0.58362,0.58369,5
1112.35,0.58351,0.58351,0.5836,5
1112.45,0.5834,0.58341,0.5835,5
1112.55,0.5833,0.5833,0.58339,5
1112.65,0.58319,0.58321,0.58329,5
1112.75,0.58309,0.58311,0.58319,5
1112.85,0.58298,0.583,0.58308,5
1112.95,0.58288,0.5829,0.58298,5
1113.05,0.58278,0.58279,0.58287,5
1113.15,0.58267,0.58269,0.58277,5
1113.25,0.58257,0.58259,0.58267,5
1113.35,0.58247,0.58248,0.58256,5
1113.45,0.58237,0.58238,0.58247,5
1113.55,0.58226,0.58227,0.58236,5
1113.65,0.58216,0.58217,0.58226,5
1113.75,0.58206,0.58208,0.58216,5
1113.85,0.58195,0.58197,0.58205,5
1113.95,0.58185,0.58187,0.58195,5
1114.05,0.58174,0.58176,0.58184,5
1114.15,0.58164,0.58166,0.58174,5
1114.25,0.58154,0.58155,0.58163,5
1114.35,0.58143,0.58145,0.58153,5
1114.45,0.58134,0.58134,0.58143,5
1114.55,0.58123,0.58124,0.58133,5
1114.65,0.58113,0.58114,0.58123,5
1114.75,0.58102,0.58104,0.58112,5
1114.85,0.58092,0.58094,0.58102,5
1114.95,0.58082,0.58083,0.58091,5
1115.05,0.58071,0.58073,0.58081,5
1115.15,0.58061,0.58062,0.5807,5
1115.25,0.5805,0.58052,0.5806,5
1115.35,0.5804,0.58041,0.5805,5
1115.45,0.5803,0.58031,0.58039,5
1115.55,0.5802,0.5802,0.5803,5
1115.65,0.58009,0.5801,0.58019,5
1115.75,0.57999,0.58,0.58009,5
1115.85,0.57988,0.57989,0.57998,5
1115.95,0.57978,0.57979,0.57988,5
1116.05,0.57967,0.57968,0.57977,5
1116.15,0.57957,0.57958,0.57967,5
1116.25,0.57946,0.57947,0.57956,5
1116.35,0.57936,0.57937,0.57946,5
1116.45,0.57926,0.57926,0.57935,5
1116.55,0.57916,0.57916,0.57924,5
1116.65,0.57905,0.57905,0.57915,5
1116.75,0.57895,0.57895,0.57904,5
1116.85,0.57884,0.57885,0.57894,5
1116.95,0.57874,0.57874,0.57883,5
1117.05,0.57863,0.57864,0.57873,5
1117.15,0.57853,0.57853,0.57862,5
1117.25,0.57842,0.57843,0.57852,5
1117.35,0.57832,0.57832,0.57841,5
1117.45,0.57821,0.57822,0.57831,5
1117.55,0.57812,0.57811,0.5782,5
1117.65,0.57801,0.578,0.5781,5
1117.75,0.5779,0.5779,0.578,5
1117.85,0.5778,0.5778,0.57789,5
1117.95,0.57769,0.5777,0.57779,5
1118.05,0.57759,0.57759,0.57768,5
1118.15,0.57748,0.57748,0.57757,5
1118.25,0.57738,0.57738,0.57747,5
1118.35,0.57727,0.57727,0.57736,5
1118.45,0.57716,0.57717,0.57726,5
1118.55,0.57707,0.57706,0.57715,5
1118.65,0.57696,0.57695,0.57704,5
1118.75,0.57686,0.57685,0.57695,5
1118.85,0.57675,0.57675,0.57684,5
1118.95,0.57665,0.57665,0.57674,5
1119.05,0.57654,0.57654,0.57663,5
1119.15,0.57644,0.57644,0.57653,5
1119.25,0.57633,0.57633,0.57642,5
1119.35,0.57622,0.57623,0.57632,5
1119.45,0.57612,0.57612,0.57621,5
1119.55,0.57601,0.57601,0.5761,5
1119.65,0.57592,0.57591,0.576,5
1119.75,0.57581,0.5758,0.5759,5
1119.85,0.5757,0.5757,0.5758,5
1119.95,0.5756,0.5756,0.57569,5
1120.05,0.57549,0.5755,0.57559,5
1120.15,0.57539,0.57539,0.57548,5
1120.25,0.57528,0.57528,0.57537,5
1120.35,0.57517,0.57518,0.57527,5
1120.45,0.57507,0.57507,0.57516,5
1120.55,0.57496,0.57497,0.57506,5
1120.65,0.57487,0.57486,0.57495,5
1120.75,0.57476,0.57476,0.57484,5
1120.85,0.57465,0.57465,0.57475,5
1120.95,0.57455,0.57455,0.57464,5
1121.05,0.57444,0.57445,0.57454,5
1121.15,0.57433,0.57434,0.57443,5
1121.25,0.57423,0.57423,0.57432,5
1121.35,0.57412,0.57413,0.57422,5
1121.45,0.57401,0.57402,0.57411,5
1121.55,0.57391,0.57392,0.574,5
1121.65,0.57381,0.57381,0.5739,5
1121.75,0.5737,0.5737,0.57379,5
1121.85,0.5736,0.5736,0.57369,5
1121.95,0.57349,0.5735,0.57359,5
1122.05,0.57338,0.57339,0.57348,5
1122.15,0.57328,0.57329,0.57337,5
1122.25,0.57317,0.57318,0.57327,5
1122.35,0.57306,0.57307,0.57316,5
1122.45,0.57296,0.57297,0.57305,5
1122.55,0.57285,0.57286,0.57295,5
1122.65,0.57275,0.57275,0.57284,5
1122.75,0.57264,0.57265,0.57273,5
1122.85,0.57254,0.57254,0.57262,5
1122.95,0.57243,0.57243,0.57253,5
1123.05,0.57232,0.57234,0.57242,5
1123.15,0.57221,0.57223,0.57231,5
1123.25,0.57211,0.57212,0.5722,5
1123.35,0.572,0.57201,0.5721,5
1123.45,0.57189,0.57191,0.57199,5
1123.55,0.57178,0.5718,0.57188,5
1123.65,0.57168,0.57169,0.57177,5
1123.75,0.57158,0.57159,0.57167,5
1123.85,0.57147,0.57148,0.57156,5
1123.95,0.57136,0.57137,0.57146,5
1124.05,0.57125,0.57127,0.57135,5
1124.15,0.57115,0.57116,0.57124,5
1124.25,0.57104,0.57106,0.57114,5
1124.35,0.57093,0.57095,0.57103,5
1124.45,0.57082,0.57084,0.57092,5
1124.55,0.57071,0.57073,0.57081,5
1124.65,0.5706,0.57062,0.5707,5
1124.75,0.5705,0.57051,0.57059,5
1124.85,0.57039,0.57041,0.57048,5
1124.95,0.57029,0.5703,0.57038,5
1125.05,0.57018,0.5702,0.57028,5
1125.15,0.57007,0.57009,0.57017,5
1125.25,0.56996,0.56998,0.57006,5
1125.35,0.56985,0.56987,0.56995,5
1125.45,0.56974,0.56976,0.56984,5
1125.55,0.56963,0.56965,0.56973,5
1125.65,0.56952,0.56954,0.56962,5
1125.75,0.56942,0.56944,0.56951,5
1125.85,0.56931,0.56933,0.5694,5
1125.95,0.5692,0.56922,0.5693,5
1126.05,0.56909,0.56912,0.56919,5
1126.15,0.56899,0.56901,0.56908,5
1126.25,0.56888,0.5689,0.56897,5
1126.35,0.56877,0.56879,0.56886,5
1126.45,0.56866,0.56868,0.56875,5
1126.55,0.56855,0.56857,0.56864,5
1126.65,0.56844,0.56846,0.56853,5
1126.75,0.56834,0.56835,0.56842,5
1126.85,0.56823,0.56824,0.56831,5
1126.95,0.56812,0.56813,0.56821,5
1127.05,0.56801,0.56803,0.56811,5
1127.15,0.5679,0.56792,0.568,5
1127.25,0.56779,0.56781,0.56789,5
1127.35,0.56768,0.5677,0.56778,5
1127.45,0.56757,0.56759,0.56767,5
1127.55,0.56746,0.56748,0.56755,5
1127.65,0.56735,0.56737,0.56745,5
1127.75,0.56725,0.56726,0.56733,5
1127.85,0.56714,0.56715,0.56722,5
1127.95,0.56703,0.56704,0.56711,5
1128.05,0.56692,0.56694,0.56701,5
1128.15,0.56681,0.56683,0.5669,5
1128.25,0.5667,0.56672,0.56679,5
1128.35,0.56659,0.56661,0.56668,5
1128.45,0.56648,0.5665,0.56657,5
1128.55,0.56637,0.56639,0.56646,5
1128.65,0.56626,0.56628,0.56635,5
1128.75,0.56616,0.56617,0.56624,5
1128.85,0.56605,0.56606,0.56613,5
1128.95,0.56594,0.56595,0.56602,5
1129.05,0.56583,0.56585,0.56592,5
1129.15,0.56572,0.56574,0.56581,5
1129.25,0.56561,0.56563,0.5657,5
1129.35,0.56549,0.56552,0.56559,5
1129.45,0.56538,0.56541,0.56548,5
1129.55,0.56527,0.5653,0.56537,5
1129.65,0.56516,0.56519,0.56526,5
1129.75,0.56506,0.56508,0.56515,5
1129.85,0.56495,0.56497,0.56504,5
1129.95,0.56484,0.56486,0.56493,5
1130.05,0.56473,0.56476,0.56483,5
1130.15,0.56462,0.56465,0.56472,5
1130.25,0.56451,0.56454,0.56461,5
1130.35,0.5644,0.56443,0.5645,5
1130.45,0.56429,0.56432,0.56439,5
1130.55,0.56418,0.56421,0.56428,5
1130.65,0.56407,0.5641,0.56417,5
1130.75,0.56397,0.56399,0.56406,5
1130.85,0.56386,0.56388,0.56395,5
1130.95,0.56375,0.56378,0.56384,5
1131.05,0.56364,0.56367,0.56374,5
1131.15,0.56353,0.56356,0.56363,5
1131.25,0.56342,0.56345,0.56352,5
1131.35,0.56331,0.56334,0.56341,5
1131.45,0.5632,0.56323,0.5633,5
1131.55,0.56309,0.56311,0.56319,5
1131.65,0.56298,0.563,0.56308,5
1131.75,0.56288,0.56289,0.56297,5
1131.85,0.56277,0.56278,0.56286,5
1131.95,0.56266,0.56268,0.56274,5
1132.05,0.56255,0.56257,0.56265,5
1132.15,0.56244,0.56246,0.56253,5
1132.25,0.56233,0.56235,0.56242,5
1132.35,0.56222,0.56224,0.56231,5
1132.45,0.56211,0.56213,0.5622,5
1132.55,0.562,0.56202,0.56209,5
1132.65,0.56189,0.56191,0.56199,5
1132.75,0.56179,0.5618,0.56188,5
1132.85,0.56168,0.56169,0.56177,5
1132.95,0.56157,0.56159,0.56166,5
1133.05,0.56146,0.56148,0.56156,5
1133.15,0.56135,0.56137,0.56145,5
1133.25,0.56124,0.56126,0.56134,5
1133.35,0.56113,0.56115,0.56123,5
1133.45,0.56102,0.56104,0.56112,5
1133.55,0.56091,0.56093,0.56101,5
1133.65,0.5608,0.56082,0.5609,5
1133.75,0.5607,0.56071,0.56079,5
1133.85,0.56059,0.5606,0.56068,5
1133.95,0.56048,0.5605,0.56057,5
1134.05,0.56037,0.5604,0.56047,5
1134.15,0.56026,0.56029,0.56036,5
1134.25,0.56016,0.56018,0.56025,5
1134.35,0.56005,0.56007,0.56014,5
1134.45,0.55994,0.55996,0.56003,5
1134.55,0.55983,0.55985,0.55992,5
1134.65,0.55972,0.55974,0.55981,5
1134.75,0.55962,0.55963,0.55971,5
1134.85,0.55951,0.55952,0.5596,5
1134.95,0.5594,0.55942,0.55949,5
1135.05,0.5593,0.55932,0.55939,5
1135.15,0.55919,0.55921,0.55928,5
1135.25,0.55908,0.5591,0.55918,5
1135.35,0.55897,0.55899,0.55907,5
1135.45,0.55886,0.55889,0.55896,5
1135.55,0.55876,0.55878,0.55885,5
1135.65,0.55865,0.55867,0.55874,5
1135.75,0.55855,0.55856,0.55864,5
1135.85,0.55844,0.55846,0.55853,5
1135.95,0.55834,0.55836,0.55842,5
1136.05,0.55823,0.55825,0.55831,5
1136.15,0.55812,0.55814,0.55822,5
1136.25,0.55801,0.55804,0.55811,5
1136.35,0.55791,0.55793,0.558,5
1136.45,0.5578,0.55782,0.5579,5
1136.55,0.55769,0.55772,0.55779,5
1136.65,0.55759,0.55761,0.55768,5
1136.75,0.55749,0.5575,0.55757,5
1136.85,0.55738,0.5574,0.55747,5
1136.95,0.55727,0.55729,0.55736,5
1137.05,0.55717,0.55719,0.55725,5
1137.15,0.55706,0.55708,0.55716,5
1137.25,0.55695,0.55698,0.55705,5
1137.35,0.55685,0.55687,0.55694,5
1137.45,0.55674,0.55676,0.55683,5
1137.55,0.55663,0.55666,0.55673,5
1137.65,0.55652,0.55655,0.55662,5
1137.75,0.55643,0.55644,0.55651,5
1137.85,0.55632,0.55634,0.55641,5
1137.95,0.55621,0.55623,0.5563,5
1138.05,0.55611,0.55613,0.55619,5
1138.15,0.556,0.55603,0.5561,5
1138.25,0.55589,0.55592,0.55599,5
1138.35,0.55579,0.55581,0.55588,5
1138.45,0.55568,0.55571,0.55578,5
1138.55,0.55557,0.5556,0.55567,5
1138.65,0.55547,0.5555,0.55556,5
1138.75,0.55537,0.55539,0.55546,5
1138.85,0.55526,0.55528,0.55535,5
1138.95,0.55516,0.55518,0.55524,5
1139.05,0.55505,0.55508,0.55514,5
1139.15,0.55494,0.55497,0.55503,5
1139.25,0.55484,0.55487,0.55494,5
1139.35,0.55473,0.55476,0.55483,5
1139.45,0.55463,0.55466,0.55472,5
1139.55,0.55452,0.55455,0.55462,5
1139.65,0.55441,0.55444,0.55451,5
1139.75,0.55431,0.55434,0.5544,5
1139.85,0.55421,0.55423,0.5543,5
1139.95,0.5541,0.55412,0.55419,5
1140.05,0.554,0.55403,0.55409,5
1140.15,0.55389,0.55392,0.55398,5
1140.25,0.55379,0.55382,0.55389,5
1140.35,0.55368,0.55371,0.55378,5
1140.45,0.55358,0.55361,0.55368,5
1140.55,0.55347,0.5535,0.55357,5
1140.65,0.55337,0.5534,0.55346,5
1140.75,0.55326,0.55329,0.55336,5
1140.85,0.55317,0.55319,0.55325,5
1140.95,0.55306,0.55308,0.55315,5
1141.05,0.55295,0.55297,0.55304,5
1141.15,0.55285,0.55288,0.55294,5
1141.25,0.55274,0.55277,0.55283,5
1141.35,0.55264,0.55267,0.55274,5
1141.45,0.55253,0.55256,0.55263,5
1141.55,0.55243,0.55246,0.55253,5
1141.65,0.55232,0.55235,0.55242,5
1141.75,0.55222,0.55225,0.55232,5
1141.85,0.55212,0.55214,0.55221,5
1141.95,0.55202,0.55204,0.55211,5
1142.05,0.55191,0.55193,0.552,5
1142.15,0.55181,0.55183,0.5519,5
1142.25,0.5517,0.55173,0.55179,5
1142.35,0.5516,0.55162,0.5517,5
1142.45,0.55149,0.55152,0.55159,5
1142.55,0.55138,0.55141,0.55149,5
1142.65,0.55128,0.55131,0.55138,5
1142.75,0.55117,0.5512,0.55128,5
1142.85,0.55107,0.55109,0.55117,5
1142.95,0.55097,0.55099,0.55107,5
1143.05,0.55087,0.55088,0.55096,5
1143.15,0.55076,0.55079,0.55085,5
1143.25,0.55065,0.55068,0.55075,5
1143.35,0.55055,0.55057,0.55064,5
1143.45,0.55044,0.55047,0.55055,5
1143.55,0.55034,0.55036,0.55044,5
1143.65,0.55023,0.55026,0.55033,5
1143.75,0.55012,0.55015,0.55023,5
1143.85,0.55002,0.55004,0.55012,5
1143.95,0.54992,0.54994,0.55002,5
1144.05,0.54982,0.54983,0.54991,5
1144.15,0.54971,0.54973,0.5498,5
1144.25,0.5496,0.54963,0.5497,5
1144.35,0.5495,0.54952,0.54959,5
1144.45,0.54939,0.54942,0.54949,5
1144.55,0.54928,0.54931,0.54939,5
1144.65,0.54918,0.5492,0.54928,5
1144.75,0.54907,0.5491,0.54917,5
1144.85,0.54896,0.54899,0.54907,5
1144.95,0.54886,0.54888,0.54896,5
1145.05,0.54876,0.54877,0.54885,5
1145.15,0.54865,0.54867,0.54875,5
1145.25,0.54855,0.54857,0.54864,5
1145.35,0.54844,0.54846,0.54853,5
1145.45,0.54833,0.54836,0.54842,5
1145.55,0.54822,0.54825,0.54832,5
1145.65,0.54811,0.54814,0.54821,5
1145.75,0.54801,0.54803,0.5481,5
1145.85,0.5479,0.54792,0.54799,5
1145.95,0.54779,0.54781,0.54788,5
1146.05,0.54769,0.5477,0.54777,5
1146.15,0.54758,0.54759,0.54766,5
1146.25,0.54747,0.5475,0.54755,5
1146.35,0.54736,0.54739,0.54744,5
1146.45,0.54725,0.54728,0.54733,5
1146.55,0.54714,0.54717,0.54723,5
1146.65,0.54703,0.54706,0.54712,5
1146.75,0.54692,0.54695,0.54701,5
1146.85,0.54681,0.54684,0.5469,5
1146.95,0.5467,0.54673,0.54679,5
1147.05,0.5466,0.54662,0.54668,5
1147.15,0.54649,0.54651,0.54657,5
1147.25,0.54638,0.54641,0.54646,5
1147.35,0.54627,0.5463,0.54634,5
1147.45,0.54616,0.54619,0.54623,5
1147.55,0.54605,0.54608,0.54613,5
1147.65,0.54594,0.54597,0.54602,5
1147.75,0.54583,0.54586,0.54591,5
1147.85,0.54572,0.54575,0.5458,5
1147.95,0.54561,0.54564,0.54569,5
1148.05,0.54551,0.54553,0.54557,5
1148.15,0.5454,0.54542,0.54546,5
1148.25,0.54529,0.54532,0.54535,5
1148.35,0.54518,0.54521,0.54524,5
1148.45,0.54507,0.5451,0.54513,5
1148.55,0.54496,0.54499,0.54502,5
1148.65,0.54485,0.54488,0.54491,5
1148.75,0.54474,0.54477,0.5448,5
1148.85,0.54463,0.54465,0.54469,5
1148.95,0.54452,0.54454,0.54457,5
1149.05,0.54441,0.54443,0.54446,5
1149.15,0.5443,0.54432,0.54435,5
1149.25,0.54419,0.54422,0.54424,5
1149.35,0.54408,0.54411,0.54412,5
1149.45,0.54397,0.544,0.54401,5
1149.55,0.54386,0.54389,0.54391,5
1149.65,0.54374,0.54378,0.5438,5
1149.75,0.54363,0.54366,0.54368,5
1149.85,0.54352,0.54355,0.54357,5
1149.95,0.54342,0.54344,0.54346,5
1150.05,0.54331,0.54333,0.54335,5
1150.15,0.5432,0.54323,0.54323,5
1150.25,0.54308,0.54312,0.54312,5
1150.35,0.54297,0.543,0.54301,5
1150.45,0.54286,0.54289,0.5429,5
1150.55,0.54275,0.54278,0.54279,5
1150.65,0.54264,0.54267,0.54268,5
1150.75,0.54252,0.54256,0.54257,5
1150.85,0.54241,0.54244,0.54245,5
1150.95,0.54231,0.54233,0.54234,5
1151.05,0.5422,0.54222,0.54223,5
1151.15,0.54208,0.54212,0.54211,5
1151.25,0.54197,0.54201,0.542,5
1151.35,0.54186,0.54189,0.54189,5
1151.45,0.54175,0.54178,0.54179,5
1151.55,0.54163,0.54167,0.54167,5
1151.65,0.54152,0.54156,0.54156,5
1151.75,0.54141,0.54144,0.54145,5
1151.85,0.5413,0.54133,0.54134,5
1151.95,0.54119,0.54122,0.54122,5
1152.05,0.54108,0.54111,0.54111,5
1152.15,0.54097,0.541,0.541,5
1152.25,0.54086,0.54089,0.54089,5
1152.35,0.54074,0.54078,0.54077,5
1152.45,0.54063,0.54066,0.54067,5
1152.55,0.54052,0.54055,0.54056,5
1152.65,0.5404,0.54044,0.54045,5
1152.75,0.54029,0.54033,0.54033,5
1152.85,0.54018,0.54021,0.54022,5
1152.95,0.54008,0.5401,0.54011,5
1153.05,0.53996,0.54,0.54,5
1153.15,0.53985,0.53989,0.53988,5
1153.25,0.53974,0.53977,0.53977,5
1153.35,0.53962,0.53966,0.53966,5
1153.45,0.53951,0.53955,0.53956,5
1153.55,0.5394,0.53943,0.53944,5
1153.65,0.53929,0.53932,0.53933,5
1153.75,0.53917,0.53921,0.53922,5
1153.85,0.53907,0.5391,0.53911,5
1153.95,0.53896,0.53898,0.53899,5
1154.05,0.53884,0.53888,0.53888,5
1154.15,0.53873,0.53877,0.53877,5
1154.25,0.53862,0.53865,0.53866,5
1154.35,0.53851,0.53854,0.53854,5
1154.45,0.53839,0.53843,0.53844,5
1154.55,0.53828,0.53832,0.53833,5
1154.65,0.53817,0.5382,0.53822,5
1154.75,0.53805,0.53809,0.5381,5
1154.85,0.53795,0.53798,0.53799,5
1154.95,0.53784,0.53787,0.53788,5
1155.05,0.53773,0.53776,0.53777,5
1155.15,0.53761,0.53765,0.53765,5
1155.25,0.5375,0.53754,0.53754,5
1155.35,0.53739,0.53743,0.53743,5
1155.45,0.53728,0.53731,0.53733,5
1155.55,0.53716,0.5372,0.53722,5
1155.65,0.53705,0.53709,0.5371,5
1155.75,0.53694,0.53698,0.53699,5
1155.85,0.53684,0.53686,0.53688,5
1155.95,0.53672,0.53675,0.53677,5
1156.05,0.53661,0.53665,0.53666,5
1156.15,0.5365,0.53654,0.53654,5
1156.25,0.53639,0.53642,0.53643,5
1156.35,0.53628,0.53631,0.53632,5
1156.45,0.53616,0.5362,0.53622,5
1156.55,0.53605,0.53609,0.53611,5
1156.65,0.53594,0.53598,0.536,5
1156.75,0.53583,0.53587,0.53589,5
1156.85,0.53573,0.53576,0.53578,5
1156.95,0.53562,0.53566,0.53567,5
1157.05,0.53551,0.53555,0.53556,5
1157.15,0.5354,0.53544,0.53545,5
1157.25,0.53529,0.53533,0.53534,5
1157.35,0.53518,0.53522,0.53523,5
1157.45,0.53507,0.53511,0.53513,5
1157.55,0.53496,0.535,0.53502,5
1157.65,0.53485,0.53489,0.53491,5
1157.75,0.53475,0.53478,0.5348,5
1157.85,0.53464,0.53467,0.53469,5
1157.95,0.53453,0.53457,0.53458,5
1158.05,0.53442,0.53446,0.53447,5
1158.15,0.53431,0.53435,0.53436,5
1158.25,0.5342,0.53424,0.53425,5
1158.35,0.53409,0.53413,0.53414,5
1158.45,0.53398,0.53402,0.53404,5
1158.55,0.53387,0.53391,0.53393,5
1158.65,0.53376,0.5338,0.53382,5
1158.75,0.53366,0.53369,0.53371,5
1158.85,0.53355,0.53358,0.5336,5
1158.95,0.53344,0.53348,0.53349,5
1159.05,0.53333,0.53337,0.53338,5
1159.15,0.53322,0.53326,0.53327,5
1159.25,0.53311,0.53315,0.53316,5
1159.35,0.533,0.53304,0.53305,5
1159.45,0.53289,0.53293,0.53295,5
1159.55,0.53278,0.53282,0.53284,5
1159.65,0.53267,0.53271,0.53273,5
1159.75,0.53257,0.5326,0.53262,5
1159.85,0.53246,0.53249,0.53251,5
1159.95,0.53235,0.53239,0.5324,5
1160.05,0.53224,0.53228,0.53229,5
1160.15,0.53213,0.53217,0.53218,5
1160.25,0.53202,0.53206,0.53207,5
1160.35,0.53191,0.53195,0.53196,5
1160.45,0.5318,0.53184,0.53186,5
1160.55,0.53169,0.53173,0.53175,5
1160.65,0.53158,0.53162,0.53164,5
1160.75,0.53148,0.53151,0.53153,5
1160.85,0.53137,0.53141,0.53142,5
1160.95,0.53126,0.53131,0.53131,5
1161.05,0.53115,0.5312,0.53121,5
1161.15,0.53104,0.53109,0.5311,5
1161.25,0.53093,0.53098,0.53099,5
1161.35,0.53082,0.53087,0.53088,5
1161.45,0.53071,0.53076,0.53078,5
1161.55,0.5306,0.53065,0.53067,5
1161.65,0.53049,0.53054,0.53056,5
1161.75,0.53039,0.53043,0.53045,5
1161.85,0.53028,0.53032,0.53034,5
1161.95,0.53017,0.53022,0.53023,5
1162.05,0.53006,0.53011,0.53012,5
1162.15,0.52995,0.53,0.53001,5
1162.25,0.52985,0.52989,0.5299,5
1162.35,0.52974,0.52978,0.52979,5
1162.45,0.52963,0.52967,0.52969,5
1162.55,0.52952,0.52957,0.52958,5
1162.65,0.52941,0.52946,0.52948,5
1162.75,0.52931,0.52935,0.52937,5
1162.85,0.5292,0.52924,0.52926,5
1162.95,0.52909,0.52914,0.52915,5
1163.05,0.52898,0.52903,0.52904,5
1163.15,0.52887,0.52892,0.52893,5
1163.25,0.52876,0.52881,0.52882,5
1163.35,0.52865,0.5287,0.52871,5
1163.45,0.52854,0.52859,0.52861,5
1163.55,0.52843,0.52848,0.5285,5
1163.65,0.52832,0.52837,0.52839,5
1163.75,0.52822,0.52826,0.52828,5
1163.85,0.52811,0.52815,0.52817,5
1163.95,0.528,0.52805,0.52806,5
1164.05,0.52789,0.52794,0.52795,5
1164.15,0.52777,0.52783,0.52784,5
1164.25,0.52766,0.52772,0.52774,5
1164.35,0.52755,0.52761,0.52763,5
1164.45,0.52744,0.5275,0.52752,5
1164.55,0.52733,0.52739,0.52742,5
1164.65,0.52722,0.52728,0.52731,5
1164.75,0.52712,0.52717,0.5272,5
1164.85,0.52701,0.52707,0.52709,5
1164.95,0.5269,0.52697,0.52698,5
1165.05,0.52679,0.52686,0.52687,5
1165.15,0.52668,0.52675,0.52676,5
1165.25,0.52657,0.52664,0.52665,5
1165.35,0.52646,0.52653,0.52654,5
1165.45,0.52635,0.52642,0.52643,5
1165.55,0.52624,0.52631,0.52633,5
1165.65,0.52613,0.5262,0.52622,5
1165.75,0.52603,0.52609,0.52611,5
1165.85,0.52592,0.52598,0.526,5
1165.95,0.52581,0.52588,0.52589,5
1166.05,0.5257,0.52577,0.52578,5
1166.15,0.52559,0.52565,0.52567,5
1166.25,0.52548,0.52554,0.52556,5
1166.35,0.52537,0.52543,0.52545,5
1166.45,0.52525,0.52532,0.52534,5
1166.55,0.52514,0.52521,0.52524,5
1166.65,0.52503,0.5251,0.52513,5
1166.75,0.52493,0.52499,0.52502,5
1166.85,0.52482,0.52488,0.52491,5
1166.95,0.52471,0.52478,0.5248,5
1167.05,0.5246,0.52467,0.52468,5
1167.15,0.52449,0.52456,0.52457,5
1167.25,0.52438,0.52445,0.52446,5
1167.35,0.52426,0.52433,0.52435,5
1167.45,0.52415,0.52422,0.52424,5
1167.55,0.52404,0.52411,0.52414,5
1167.65,0.52393,0.524,0.52402,5
1167.75,0.52383,0.52389,0.52391,5
1167.85,0.52371,0.52378,0.5238,5
1167.95,0.5236,0.52367,0.52369,5
1168.05,0.52349,0.52356,0.52357,5
1168.15,0.52338,0.52345,0.52346,5
1168.25,0.52327,0.52334,0.52335,5
1168.35,0.52315,0.52322,0.52324,5
1168.45,0.52304,0.52311,0.52313,5
1168.55,0.52293,0.523,0.52302,5
1168.65,0.52282,0.52289,0.52291,5
1168.75,0.52272,0.52277,0.5228,5
1168.85,0.5226,0.52267,0.52269,5
1168.95,0.52249,0.52256,0.52257,5
1169.05,0.52238,0.52245,0.52246,5
1169.15,0.52227,0.52233,0.52235,5
1169.25,0.52215,0.52222,0.52224,5
1169.35,0.52204,0.52211,0.52212,5
1169.45,0.52193,0.522,0.52201,5
1169.55,0.52182,0.52188,0.52191,5
1169.65,0.52172,0.52177,0.5218,5
1169.75,0.5216,0.52166,0.52169,5
1169.85,0.52149,0.52156,0.52157,5
1169.95,0.52138,0.52145,0.52146,5
1170.05,0.52127,0.52133,0.52135,5
1170.15,0.52116,0.52122,0.52124,5
1170.25,0.52104,0.52111,0.52112,5
1170.35,0.52093,0.521,0.52101,5
1170.45,0.52082,0.52088,0.52091,5
1170.55,0.52071,0.52077,0.5208,5
1170.65,0.52061,0.52066,0.52068,5
1170.75,0.52049,0.52055,0.52057,5
1170.85,0.52038,0.52045,0.52046,5
1170.95,0.52027,0.52033,0.52035,5
1171.05,0.52016,0.52022,0.52024,5
1171.15,0.52005,0.52011,0.52012,5
1171.25,0.51994,0.52,0.52001,5
1171.35,0.51982,0.51988,0.5199,5
1171.45,0.51971,0.51977,0.5198,5
1171.55,0.5196,0.51966,0.51969,5
1171.65,0.5195,0.51955,0.51957,5
1171.75,0.51939,0.51945,0.51946,5
1171.85,0.51928,0.51934,0.51935,5
1171.95,0.51916,0.51922,0.51924,5
1172.05,0.51905,0.51911,0.51913,5
1172.15,0.51894,0.519,0.51902,5
1172.25,0.51883,0.51889,0.5189,5
1172.35,0.51872,0.51878,0.51879,5
1172.45,0.51861,0.51867,0.51869,5
1172.55,0.5185,0.51856,0.51858,5
1172.65,0.5184,0.51844,0.51847,5
1172.75,0.51829,0.51834,0.51836,5
1172.85,0.51818,0.51823,0.51825,5
1172.95,0.51806,0.51812,0.51814,5
1173.05,0.51795,0.51801,0.51803,5
1173.15,0.51784,0.5179,0.51792,5
1173.25,0.51773,0.51779,0.51781,5
1173.35,0.51762,0.51768,0.5177,5
1173.45,0.51751,0.51757,0.5176,5
1173.55,0.5174,0.51746,0.51749,5
1173.65,0.5173,0.51735,0.51738,5
1173.75,0.51719,0.51725,0.51727,5
1173.85,0.51708,0.51714,0.51716,5
1173.95,0.51697,0.51703,0.51705,5
1174.05,0.51686,0.51692,0.51694,5
1174.15,0.51675,0.51681,0.51683,5
1174.25,0.51664,0.5167,0.51672,5
1174.35,0.51654,0.51659,0.51661,5
1174.45,0.51643,0.51649,0.5165,5
1174.55,0.51632,0.51638,0.5164,5
1174.65,0.51622,0.51627,0.51629,5
1174.75,0.51611,0.51617,0.51618,5
1174.85,0.516,0.51606,0.51607,5
1174.95,0.51589,0.51595,0.51597,5
1175.05,0.51578,0.51584,0.51586,5
1175.15,0.51567,0.51573,0.51575,5
1175.25,0.51556,0.51562,0.51564,5
1175.35,0.51546,0.51552,0.51553,5
1175.45,0.51535,0.51541,0.51542,5
1175.55,0.51524,0.5153,0.51532,5
1175.65,0.51514,0.51519,0.51522,5
1175.75,0.51503,0.51509,0.51511,5
1175.85,0.51492,0.51499,0.515,5
1175.95,0.51482,0.51488,0.51489,5
1176.05,0.51471,0.51477,0.51479,5
1176.15,0.5146,0.51466,0.51468,5
1176.25,0.51449,0.51455,0.51457,5
1176.35,0.51439,0.51445,0.51446,5
1176.45,0.51428,0.51434,0.51436,5
1176.55,0.51417,0.51423,0.51426,5
1176.65,0.51407,0.51413,0.51415,5
1176.75,0.51397,0.51403,0.51405,5
1176.85,0.51386,0.51392,0.51394,5
1176.95,0.51375,0.51382,0.51383,5
1177.05,0.51365,0.51371,0.51373,5
1177.15,0.51354,0.5136,0.51362,5
1177.25,0.51343,0.5135,0.51351,5
1177.35,0.51333,0.51339,0.51341,5
1177.45,0.51322,0.51328,0.5133,5
1177.55,0.51312,0.51318,0.5132,5
1177.65,0.51302,0.51307,0.5131,5
1177.75,0.51291,0.51297,0.51299,5
1177.85,0.51281,0.51287,0.51289,5
1177.95,0.5127,0.51277,0.51278,5
1178.05,0.5126,0.51266,0.51268,5
1178.15,0.51249,0.51256,0.51257,5
1178.25,0.51239,0.51245,0.51247,5
1178.35,0.51228,0.51235,0.51237,5
1178.45,0.51218,0.51224,0.51226,5
1178.55,0.51208,0.51214,0.51216,5
1178.65,0.51197,0.51204,0.51206,5
1178.75,0.51188,0.51193,0.51196,5
1178.85,0.51177,0.51184,0.51186,5
1178.95,0.51167,0.51173,0.51175,5
1179.05,0.51157,0.51163,0.51165,5
1179.15,0.51146,0.51153,0.51155,5
1179.25,0.51136,0.51142,0.51144,5
1179.35,0.51126,0.51132,0.51134,5
1179.45,0.51115,0.51122,0.51124,5
1179.55,0.51105,0.51112,0.51114,5
1179.65,0.51095,0.51101,0.51103,5
1179.75,0.51086,0.51091,0.51094,5
1179.85,0.51075,0.51081,0.51084,5
1179.95,0.51065,0.51072,0.51074,5
1180.05,0.51055,0.51061,0.51063,5
1180.15,0.51045,0.51051,0.51053,5
1180.25,0.51035,0.51041,0.51043,5
1180.35,0.51024,0.51031,0.51033,5
1180.45,0.51014,0.51021,0.51023,5
1180.55,0.51004,0.51011,0.51013,5
1180.65,0.50994,0.51,0.51003,5
1180.75,0.50984,0.5099,0.50993,5
1180.85,0.50975,0.5098,0.50983,5
1180.95,0.50965,0.50971,0.50973,5
1181.05,0.50955,0.50961,0.50963,5
1181.15,0.50945,0.50951,0.50953,5
1181.25,0.50935,0.50941,0.50943,5
1181.35,0.50925,0.50931,0.50933,5
1181.45,0.50914,0.50921,0.50923,5
1181.55,0.50904,0.50911,0.50913,5
1181.65,0.50895,0.50901,0.50903,5
1181.75,0.50885,0.50891,0.50893,5
1181.85,0.50875,0.50881,0.50883,5
1181.95,0.50866,0.50871,0.50875,5
1182.05,0.50856,0.50862,0.50865,5
1182.15,0.50846,0.50852,0.50855,5
1182.25,0.50836,0.50843,0.50845,5
1182.35,0.50826,0.50833,0.50835,5
1182.45,0.50816,0.50823,0.50825,5
1182.55,0.50806,0.50813,0.50815,5
1182.65,0.50797,0.50803,0.50806,5
1182.75,0.50787,0.50793,0.50796,5
1182.85,0.50777,0.50783,0.50786,5
1182.95,0.50767,0.50774,0.50776,5
1183.05,0.50758,0.50764,0.50767,5
1183.15,0.50749,0.50755,0.50758,5
1183.25,0.50739,0.50745,0.50748,5
1183.35,0.50729,0.50736,0.50738,5
1183.45,0.5072,0.50726,0.50729,5
1183.55,0.5071,0.50717,0.50719,5
1183.65,0.507,0.50707,0.5071,5
1183.75,0.50691,0.50698,0.507,5
1183.85,0.50681,0.50688,0.50691,5
1183.95,0.50672,0.50679,0.50681,5
1184.05,0.50662,0.50669,0.50672,5
1184.15,0.50653,0.5066,0.50662,5
1184.25,0.50644,0.5065,0.50654,5
1184.35,0.50635,0.50642,0.50644,5
1184.45,0.50625,0.50632,0.50635,5
1184.55,0.50616,0.50623,0.50625,5
1184.65,0.50607,0.50614,0.50616,5
1184.75,0.50597,0.50604,0.50607,5
1184.85,0.50588,0.50595,0.50597,5
1184.95,0.50578,0.50585,0.50588,5
1185.05,0.50569,0.50576,0.50579,5
1185.15,0.5056,0.50567,0.50569,5
1185.25,0.5055,0.50557,0.5056,5
1185.35,0.50542,0.50548,0.50551,5
1185.45,0.50533,0.5054,0.50542,5
1185.55,0.50523,0.5053,0.50533,5
1185.65,0.50514,0.50521,0.50524,5
1185.75,0.50505,0.50512,0.50515,5
1185.85,0.50496,0.50503,0.50505,5
1185.95,0.50486,0.50493,0.50496,5
1186.05,0.50477,0.50484,0.50487,5
1186.15,0.50468,0.50475,0.50478,5
1186.25,0.50459,0.50466,0.50468,5
1186.35,0.50449,0.50457,0.50459,5
1186.45,0.5044,0.50447,0.5045,5
1186.55,0.50432,0.50438,0.50441,5
1186.65,0.50423,0.5043,0.50433,5
1186.75,0.50414,0.50421,0.50423,5
1186.85,0.50404,0.50412,0.50414,5
1186.95,0.50395,0.50403,0.50405,5
1187.05,0.50386,0.50393,0.50396,5
1187.15,0.50377,0.50384,0.50387,5
1187.25,0.50368,0.50375,0.50378,5
1187.35,0.50359,0.50366,0.50369,5
1187.45,0.5035,0.50357,0.5036,5
1187.55,0.5034,0.50348,0.5035,5
1187.65,0.50331,0.50339,0.50341,5
1187.75,0.50323,0.5033,0.50332,5
1187.85,0.50314,0.50322,0.50324,5
1187.95,0.50305,0.50312,0.50315,5
1188.05,0.50296,0.50303,0.50306,5
1188.15,0.50287,0.50294,0.50297,5
1188.25,0.50278,0.50285,0.50288,5
1188.35,0.50269,0.50276,0.50279,5
1188.45,0.5026,0.50267,0.5027,5
1188.55,0.50251,0.50258,0.50261,5
1188.65,0.50242,0.50249,0.50252,5
1188.75,0.50233,0.5024,0.50243,5
1188.85,0.50224,0.50231,0.50234,5
1188.95,0.50216,0.50222,0.50225,5
1189.05,0.50206,0.50214,0.50217,5
1189.15,0.50197,0.50205,0.50207,5
1189.25,0.50188,0.50195,0.50198,5
1189.35,0.50179,0.50186,0.50189,5
1189.45,0.5017,0.50177,0.5018,5
1189.55,0.50161,0.50168,0.50171,5
1189.65,0.50152,0.50159,0.50162,5
1189.75,0.50143,0.5015,0.50153,5
1189.85,0.50134,0.50141,0.50144,5
1189.95,0.50125,0.50132,0.50135,5
1190.05,0.50116,0.50123,0.50126,5
1190.15,0.50108,0.50114,0.50117,5
1190.25,0.50099,0.50105,0.50109,5
1190.35,0.5009,0.50096,0.501,5
1190.45,0.50081,0.50087,0.50091,5
1190.55,0.50072,0.50078,0.50082,5
1190.65,0.50063,0.50069,0.50073,5
1190.75,0.50054,0.5006,0.50064,5
1190.85,0.50045,0.50051,0.50055,5
1190.95,0.50036,0.50042,0.50046,5
1191.05,0.50027,0.50033,0.50037,5
1191.15,0.50018,0.50024,0.50028,5
1191.25,0.50009,0.50015,0.50019,5
1191.35,0.5,0.50006,0.5001,5
1191.45,0.49992,0.49998,0.50001,5
1191.55,0.49983,0.49989,0.49993,5
1191.65,0.49974,0.4998,0.49984,5
1191.75,0.49965,0.49971,0.49975,5
1191.85,0.49956,0.49962,0.49966,5
1191.95,0.49947,0.49953,0.49957,5
1192.05,0.49938,0.49945,0.49948,5
1192.15,0.4993,0.49936,0.49939,5
1192.25,0.49921,0.49927,0.49931,5
1192.35,0.49912,0.49918,0.49922,5
1192.45,0.49903,0.49909,0.49913,5
1192.55,0.49894,0.499,0.49904,5
1192.65,0.49886,0.49892,0.49895,5
1192.75,0.49878,0.49883,0.49887,5
1192.85,0.49869,0.49875,0.49879,5
1192.95,0.4986,0.49866,0.4987,5
1193.05,0.49851,0.49857,0.49861,5
1193.15,0.49842,0.49848,0.49852,5
1193.25,0.49834,0.49839,0.49843,5
1193.35,0.49825,0.4983,0.49835,5
1193.45,0.49816,0.49822,0.49826,5
1193.55,0.49807,0.49813,0.49817,5
1193.65,0.49799,0.49804,0.49808,5
1193.75,0.4979,0.49795,0.498,5
1193.85,0.49782,0.49787,0.49791,5
1193.95,0.49774,0.49779,0.49782,5
1194.05,0.49765,0.4977,0.49775,5
1194.15,0.49756,0.49762,0.49766,5
1194.25,0.49748,0.49753,0.49757,5
1194.35,0.49739,0.49744,0.49749,5
1194.45,0.4973,0.49736,0.4974,5
1194.55,0.49722,0.49727,0.49731,5
1194.65,0.49713,0.49718,0.49723,5
1194.75,0.49704,0.4971,0.49714,5
1194.85,0.49696,0.49701,0.49706,5
1194.95,0.49687,0.49693,0.49697,5
1195.05,0.49679,0.49684,0.49689,5
1195.15,0.49671,0.49675,0.4968,5
1195.25,0.49662,0.49668,0.49671,5
1195.35,0.49654,0.49659,0.49664,5
1195.45,0.49645,0.49651,0.49655,5
1195.55,0.49637,0.49642,0.49647,5
1195.65,0.49628,0.49634,0.49638,5
1195.75,0.4962,0.49625,0.4963,5
1195.85,0.49611,0.49617,0.49622,5
1195.95,0.49603,0.49609,0.49613,5
1196.05,0.49595,0.496,0.49605,5
1196.15,0.49586,0.49592,0.49596,5
1196.25,0.49578,0.49583,0.49588,5
1196.35,0.49569,0.49575,0.49579,5
1196.45,0.49562,0.49567,0.49571,5
1196.55,0.49554,0.49559,0.49563,5
1196.65,0.49545,0.49551,0.49555,5
1196.75,0.49537,0.49542,0.49547,5
1196.85,0.49528,0.49534,0.49539,5
1196.95,0.4952,0.49526,0.4953,5
1197.05,0.49512,0.49518,0.49522,5
1197.15,0.49504,0.49509,0.49514,5
1197.25,0.49495,0.49501,0.49506,5
1197.35,0.49487,0.49493,0.49497,5
1197.45,0.49479,0.49485,0.49489,5
1197.55,0.4947,0.49476,0.49481,5
1197.65,0.49462,0.49468,0.49473,5
1197.75,0.49455,0.4946,0.49464,5
1197.85,0.49447,0.49453,0.49456,5
1197.95,0.49439,0.49445,0.49449,5
1198.05,0.49431,0.49436,0.49441,5
1198.15,0.49422,0.49428,0.49433,5
1198.25,0.49414,0.4942,0.49425,5
1198.35,0.49406,0.49412,0.49417,5
1198.45,0.49398,0.49404,0.49409,5
1198.55,0.4939,0.49396,0.494,5
1198.65,0.49382,0.49388,0.49392,5
1198.75,0.49374,0.4938,0.49384,5
1198.85,0.49366,0.49372,0.49376,5
1198.95,0.49358,0.49364,0.49368,5
1199.05,0.4935,0.49356,0.4936,5
1199.15,0.49343,0.49349,0.49352,5
1199.25,0.49335,0.49341,0.49344,5
1199.35,0.49327,0.49333,0.49338,5
1199.45,0.49319,0.49325,0.4933,5
1199.55,0.49311,0.49317,0.49322,5
1199.65,0.49303,0.49309,0.49314,5
1199.75,0.49295,0.49301,0.49306,5
1199.85,0.49288,0.49294,0.49298,5
1199.95,0.4928,0.49286,0.49291,5
1200.05,0.49272,0.49278,0.49283,5
1200.15,0.49265,0.49271,0.49276,5
1200.25,0.49257,0.49263,0.49268,5
1200.35,0.4925,0.49256,0.4926,5
1200.45,0.49242,0.49248,0.49253,5
1200.55,0.49236,0.49241,0.49245,5
1200.65,0.49228,0.49234,0.49238,5
1200.75,0.49221,0.49226,0.4923,5
1200.85,0.49213,0.49219,0.49224,5
1200.95,0.49206,0.49211,0.49216,5
1201.05,0.49198,0.49204,0.49209,5
1201.15,0.49191,0.49196,0.49201,5
1201.25,0.49183,0.49189,0.49194,5
1201.35,0.49176,0.49181,0.49187,5
1201.45,0.49168,0.49174,0.49179,5
1201.55,0.49161,0.49167,0.49172,5
1201.65,0.49154,0.49159,0.49164,5
1201.75,0.49146,0.49152,0.49157,5
1201.85,0.49139,0.49144,0.4915,5
1201.95,0.49132,0.49137,0.49142,5
1202.05,0.49125,0.49131,0.49135,5
1202.15,0.49118,0.49123,0.49128,5
1202.25,0.49111,0.49116,0.4912,5
1202.35,0.49103,0.49108,0.49114,5
1202.45,0.49096,0.49101,0.49107,5
1202.55,0.49089,0.49094,0.49099,5
1202.65,0.49081,0.49087,0.49092,5
1202.75,0.49074,0.49079,0.49085,5
1202.85,0.49067,0.49072,0.49078,5
1202.95,0.4906,0.49065,0.4907,5
1203.05,0.49052,0.49057,0.49063,5
1203.15,0.49045,0.4905,0.49056,5
1203.25,0.49038,0.49043,0.49049,5
1203.35,0.49031,0.49036,0.49041,5
1203.45,0.49023,0.49028,0.49034,5
1203.55,0.49017,0.49022,0.49027,5
1203.65,0.4901,0.49015,0.4902,5
1203.75,0.49003,0.49008,0.49013,5
1203.85,0.48996,0.49,0.49006,5
1203.95,0.48988,0.48993,0.48999,5
1204.05,0.48981,0.48986,0.48992,5
1204.15,0.48974,0.48979,0.48985,5
1204.25,0.48967,0.48972,0.48978,5
1204.35,0.4896,0.48964,0.48971,5
1204.45,0.48953,0.48957,0.48963,5
1204.55,0.48945,0.4895,0.48956,5
1204.65,0.48938,0.48943,0.48949,5
1204.75,0.48931,0.48936,0.48942,5
1204.85,0.48924,0.48928,0.48935,5
1204.95,0.48917,0.48921,0.48928,5
1205.05,0.48911,0.48915,0.4892,5
1205.15,0.48903,0.48908,0.48913,5
1205.25,0.48896,0.48901,0.48906,5
1205.35,0.48889,0.48893,0.489,5
1205.45,0.48882,0.48886,0.48893,5
1205.55,0.48874,0.48879,0.48885,5
1205.65,0.48867,0.48872,0.48878,5
1205.75,0.4886,0.48864,0.48871,5
1205.85,0.48853,0.48857,0.48864,5
1205.95,0.48845,0.4885,0.48856,5
1206.05,0.48838,0.48843,0.48849,5
1206.15,0.48831,0.48836,0.48842,5
1206.25,0.48824,0.48828,0.48835,5
1206.35,0.48816,0.48821,0.48827,5
1206.45,0.48809,0.48814,0.4882,5
1206.55,0.48803,0.48808,0.48813,5
1206.65,0.48796,0.488,0.48806,5
1206.75,0.48788,0.48793,0.48798,5
1206.85,0.48781,0.48786,0.48791,5
1206.95,0.48774,0.48779,0.48785,5
1207.05,0.48767,0.48772,0.48778,5
1207.15,0.4876,0.48764,0.48771,5
1207.25,0.48752,0.48757,0.48763,5
1207.35,0.48745,0.4875,0.48756,5
1207.45,0.48738,0.48743,0.48749,5
1207.55,0.48731,0.48736,0.48742,5
1207.65,0.48723,0.48728,0.48734,5
1207.75,0.48716,0.48721,0.48727,5
1207.85,0.48709,0.48714,0.4872,5
1207.95,0.48702,0.48707,0.48713,5
1208.05,0.48695,0.48701,0.48706,5
1208.15,0.48688,0.48693,0.48698,5
1208.25,0.48681,0.48686,0.48691,5
1208.35,0.48674,0.48679,0.48684,5
1208.45,0.48667,0.48672,0.48678,5
1208.55,0.48659,0.48665,0.4867,5
1208.65,0.48652,0.48657,0.48663,5
1208.75,0.48645,0.4865,0.48656,5
1208.85,0.48638,0.48643,0.48649,5
1208.95,0.4863,0.48636,0.48642,5
1209.05,0.48623,0.48629,0.48634,5
1209.15,0.48616,0.48621,0.48627,5
1209.25,0.48609,0.48614,0.4862,5
1209.35,0.48602,0.48607,0.48613,5
1209.45,0.48594,0.486,0.48606,5
1209.55,0.48588,0.48594,0.48598,5
1209.65,0.48581,0.48586,0.48591,5
1209.75,0.48574,0.48579,0.48584,5
1209.85,0.48566,0.48572,0.48577,5
1209.95,0.48559,0.48565,0.4857,5
1210.05,0.48552,0.48558,0.48563,5
1210.15,0.48545,0.4855,0.48556,5
1210.25,0.48538,0.48543,0.48549,5
1210.35,0.4853,0.48536,0.48542,5
1210.45,0.48523,0.48529,0.48534,5
1210.55,0.48516,0.48522,0.48527,5
1210.65,0.48509,0.48515,0.4852,5
1210.75,0.48502,0.48507,0.48513,5
1210.85,0.48494,0.485,0.48506,5
1210.95,0.48487,0.48493,0.48498,5
1211.05,0.4848,0.48486,0.48491,5
1211.15,0.48474,0.4848,0.48484,5
1211.25,0.48467,0.48472,0.48477,5
1211.35,0.48459,0.48465,0.48469,5
1211.45,0.48452,0.48458,0.48462,5
1211.55,0.48445,0.48451,0.48456,5
1211.65,0.48438,0.48444,0.48449,5
1211.75,0.48431,0.48437,0.48442,5
1211.85,0.48423,0.48429,0.48434,5
1211.95,0.48416,0.48422,0.48427,5
1212.05,0.48409,0.48415,0.4842,5
1212.15,0.48402,0.48408,0.48413,5
1212.25,0.48395,0.48401,0.48405,5
1212.35,0.48387,0.48394,0.48398,5
1212.45,0.4838,0.48386,0.48391,5
1212.55,0.48373,0.48379,0.48384,5
1212.65,0.48367,0.48373,0.48376,5
1212.75,0.4836,0.48366,0.48369,5
1212.85,0.48352,0.48359,0.48362,5
1212.95,0.48345,0.48351,0.48355,5
1213.05,0.48338,0.48344,0.48349,5
1213.15,0.48331,0.48337,0.48341,5
1213.25,0.48323,0.4833,0.48334,5
1213.35,0.48316,0.48323,0.48327,5
1213.45,0.48309,0.48315,0.4832,5
1213.55,0.48302,0.48308,0.48312,5
1213.65,0.48295,0.48301,0.48305,5
1213.75,0.48287,0.48294,0.48298,5
1213.85,0.4828,0.48287,0.48291,5
1213.95,0.48273,0.48279,0.48283,5
1214.05,0.48266,0.48272,0.48276,5
1214.15,0.48259,0.48266,0.48269,5
1214.25,0.48252,0.48259,0.48262,5
1214.35,0.48245,0.48251,0.48254,5
1214.45,0.48238,0.48244,0.48247,5
1214.55,0.48231,0.48237,0.4824,5
1214.65,0.48223,0.4823,0.48234,5
1214.75,0.48216,0.48223,0.48226,5
1214.85,0.48209,0.48215,0.48219,5
1214.95,0.48202,0.48208,0.48212,5
1215.05,0.48194,0.48201,0.48204,5
1215.15,0.48187,0.48194,0.48197,5
1215.25,0.4818,0.48186,0.4819,5
1215.35,0.48173,0.48179,0.48183,5
1215.45,0.48165,0.48172,0.48175,5
1215.55,0.48158,0.48165,0.48168,5
1215.65,0.48152,0.48158,0.48161,5
1215.75,0.48145,0.48151,0.48153,5
1215.85,0.48137,0.48144,0.48146,5
1215.95,0.4813,0.48136,0.48139,5
1216.05,0.48123,0.48129,0.48132,5
1216.15,0.48116,0.48122,0.48125,5
1216.25,0.48108,0.48115,0.48118,5
1216.35,0.48101,0.48107,0.48111,5
1216.45,0.48094,0.481,0.48103,5
1216.55,0.48086,0.48093,0.48096,5
1216.65,0.48079,0.48085,0.48089,5
1216.75,0.48072,0.48078,0.48081,5
1216.85,0.48065,0.48071,0.48074,5
1216.95,0.48057,0.48063,0.48067,5
1217.05,0.4805,0.48056,0.4806,5
1217.15,0.48044,0.4805,0.48052,5
1217.25,0.48036,0.48042,0.48045,5
1217.35,0.48029,0.48035,0.48038,5
1217.45,0.48022,0.48028,0.4803,5
1217.55,0.48015,0.4802,0.48023,5
1217.65,0.48007,0.48013,0.48017,5
1217.75,0.48,0.48005,0.48009,5
1217.85,0.47993,0.47998,0.48002,5
1217.95,0.47985,0.47991,0.47995,5
1218.05,0.47978,0.47983,0.47987,5
1218.15,0.47971,0.47976,0.4798,5
1218.25,0.47963,0.47969,0.47973,5
1218.35,0.47956,0.47961,0.47965,5
1218.45,0.47949,0.47954,0.47958,5
1218.55,0.47941,0.47946,0.4795,5
1218.65,0.47935,0.4794,0.47943,5
1218.75,0.47928,0.47933,0.47936,5
1218.85,0.4792,0.47925,0.47928,5
1218.95,0.47913,0.47918,0.47921,5
1219.05,0.47905,0.4791,0.47914,5
1219.15,0.47898,0.47903,0.47907,5
1219.25,0.47891,0.47895,0.479,5
1219.35,0.47883,0.47888,0.47892,5
1219.45,0.47876,0.47881,0.47885,5
1219.55,0.47869,0.47873,0.47878,5
1219.65,0.47861,0.47866,0.4787,5
1219.75,0.47854,0.47858,0.47863,5
1219.85,0.47846,0.47851,0.47855,5
1219.95,0.47839,0.47843,0.47848,5
1220.05,0.47832,0.47837,0.47841,5
1220.15,0.47825,0.47829,0.47833,5
1220.25,0.47818,0.47822,0.47826,5
1220.35,0.4781,0.47815,0.47818,5
1220.45,0.47803,0.47807,0.47811,5
1220.55,0.47796,0.478,0.47803,5
1220.65,0.47788,0.47792,0.47797,5
1220.75,0.47781,0.47785,0.4779,5
1220.85,0.47773,0.47777,0.47782,5
1220.95,0.47766,0.4777,0.47775,5
1221.05,0.47758,0.47762,0.47767,5
1221.15,0.47751,0.47755,0.4776,5
1221.25,0.47744,0.47747,0.47752,5
1221.35,0.47736,0.4774,0.47745,5
1221.45,0.47729,0.47732,0.47737,5
1221.55,0.47721,0.47726,0.4773,5
1221.65,0.47715,0.47718,0.47722,5
1221.75,0.47707,0.47711,0.47715,5
1221.85,0.477,0.47703,0.47708,5
1221.95,0.47692,0.47696,0.477,5
1222.05,0.47685,0.47689,0.47693,5
1222.15,0.47677,0.47681,0.47686,5
1222.25,0.4767,0.47674,0.47679,5
1222.35,0.47662,0.47666,0.47671,5
1222.45,0.47655,0.47659,0.47664,5
1222.55,0.47647,0.47651,0.47656,5
1222.65,0.4764,0.47644,0.47649,5
1222.75,0.47633,0.47636,0.47641,5
1222.85,0.47625,0.47629,0.47634,5
1222.95,0.47618,0.47621,0.47626,5
1223.05,0.47611,0.47615,0.47618,5
1223.15,0.47603,0.47607,0.47611,5
1223.25,0.47596,0.476,0.47603,5
1223.35,0.47588,0.47592,0.47596,5
1223.45,0.47581,0.47585,0.47588,5
1223.55,0.47573,0.47577,0.47581,5
1223.65,0.47566,0.4757,0.47574,5
1223.75,0.47558,0.47562,0.47567,5
1223.85,0.47551,0.47555,0.47559,5
1223.95,0.47543,0.47547,0.47551,5
1224.05,0.47536,0.4754,0.47544,5
1224.15,0.47528,0.47532,0.47536,5
1224.25,0.4752,0.47525,0.47529,5
1224.35,0.47513,0.47517,0.47521,5
1224.45,0.47505,0.4751,0.47513,5
1224.55,0.47499,0.47503,0.47506,5
1224.65,0.47491,0.47495,0.47498,5
1224.75,0.47483,0.47488,0.47491,5
1224.85,0.47476,0.4748,0.47483,5
1224.95,0.47468,0.47472,0.47475,5
1225.05,0.47461,0.47465,0.47469,5
1225.15,0.47453,0.47457,0.47461,5
1225.25,0.47445,0.4745,0.47453,5
1225.35,0.47438,0.47442,0.47446,5
1225.45,0.4743,0.47434,0.47438,5
1225.55,0.47422,0.47427,0.4743,5
1225.65,0.47415,0.47419,0.47423,5
1225.75,0.47407,0.47411,0.47415,5
1225.85,0.47399,0.47405,0.47407,5
1225.95,0.47393,0.47397,0.47399,5
1226.05,0.47385,0.47389,0.47392,5
1226.15,0.47377,0.47382,0.47384,5
1226.25,0.47369,0.47374,0.47376,5
1226.35,0.47362,0.47366,0.47369,5
1226.45,0.47354,0.47359,0.47361,5
1226.55,0.47346,0.47351,0.47354,5
1226.65,0.47338,0.47343,0.47346,5
1226.75,0.47331,0.47335,0.47339,5
1226.85,0.47323,0.47328,0.47331,5
1226.95,0.47315,0.4732,0.47323,5
1227.05,0.47307,0.47312,0.47315,5
1227.15,0.473,0.47304,0.47307,5
1227.25,0.47292,0.47297,0.47299,5
1227.35,0.47285,0.4729,0.47292,5
1227.45,0.47277,0.47282,0.47284,5
1227.55,0.47269,0.47274,0.47276,5
1227.65,0.47261,0.47266,0.47268,5
1227.75,0.47253,0.47258,0.4726,5
1227.85,0.47245,0.4725,0.47252,5
1227.95,0.47238,0.47242,0.47245,5
1228.05,0.4723,0.47234,0.47237,5
1228.15,0.47222,0.47226,0.47229,5
1228.25,0.47214,0.47218,0.47221,5
1228.35,0.47206,0.47211,0.47213,5
1228.45,0.47198,0.47203,0.47205,5
1228.55,0.4719,0.47195,0.47197,5
1228.65,0.47182,0.47188,0.4719,5
1228.75,0.47175,0.4718,0.47182,5
1228.85,0.47167,0.47172,0.47174,5
1228.95,0.47159,0.47164,0.47166,5
1229.05,0.47151,0.47156,0.47158,5
1229.15,0.47143,0.47148,0.4715,5
1229.25,0.47135,0.4714,0.47142,5
1229.35,0.47127,0.47132,0.47135,5
1229.45,0.47119,0.47124,0.47126,5
1229.55,0.47111,0.47116,0.47118,5
1229.65,0.47103,0.47107,0.4711,5
1229.75,0.47095,0.47099,0.47102,5
1229.85,0.47087,0.47091,0.47094,5
1229.95,0.47079,0.47083,0.47086,5
1230.05,0.47071,0.47076,0.47078,5
1230.15,0.47064,0.47068,0.4707,5
1230.25,0.47056,0.4706,0.47062,5
1230.35,0.47048,0.47052,0.47054,5
1230.45,0.4704,0.47044,0.47046,5
1230.55,0.47032,0.47036,0.47038,5
1230.65,0.47023,0.47028,0.4703,5
1230.75,0.47015,0.4702,0.47023,5
1230.85,0.47007,0.47011,0.47014,5
1230.95,0.46999,0.47003,0.47006,5
1231.05,0.46991,0.46995,0.46998,5
1231.15,0.46983,0.46987,0.4699,5
1231.25,0.46975,0.46979,0.46982,5
1231.35,0.46967,0.46972,0.46974,5
1231.45,0.4696,0.46964,0.46966,5
1231.55,0.46951,0.46955,0.46958,5
1231.65,0.46943,0.46947,0.46949,5
1231.75,0.46935,0.46939,0.46941,5
1231.85,0.46927,0.46931,0.46933,5
1231.95,0.46919,0.46923,0.46925,5
1232.05,0.46911,0.46914,0.46918,5
1232.15,0.46902,0.46906,0.4691,5
1232.25,0.46894,0.46898,0.46901,5
1232.35,0.46886,0.4689,0.46893,5
1232.45,0.46878,0.46882,0.46885,5
1232.55,0.4687,0.46873,0.46877,5
1232.65,0.46861,0.46865,0.46869,5
1232.75,0.46853,0.46858,0.4686,5
1232.85,0.46846,0.4685,0.46852,5
1232.95,0.46838,0.46842,0.46844,5
1233.05,0.46829,0.46833,0.46836,5
1233.15,0.46821,0.46825,0.46827,5
1233.25,0.46813,0.46817,0.46819,5
1233.35,0.46805,0.46809,0.46811,5
1233.45,0.46797,0.468,0.46804,5
1233.55,0.46788,0.46792,0.46796,5
1233.65,0.4678,0.46784,0.46787,5
1233.75,0.46772,0.46776,0.46779,5
1233.85,0.46763,0.46767,0.46771,5
1233.95,0.46755,0.46759,0.46763,5
1234.05,0.46747,0.46752,0.46754,5
1234.15,0.4674,0.46744,0.46746,5
1234.25,0.46731,0.46735,0.46738,5
1234.35,0.46723,0.46727,0.46729,5
1234.45,0.46715,0.46719,0.46721,5
1234.55,0.46706,0.4671,0.46713,5
1234.65,0.46698,0.46702,0.46705,5
1234.75,0.4669,0.46694,0.46697,5
1234.85,0.46682,0.46686,0.46689,5
1234.95,0.46673,0.46677,0.46681,5
1235.05,0.46665,0.46669,0.46672,5
1235.15,0.46657,0.46661,0.46664,5
1235.25,0.46648,0.46652,0.46656,5
1235.35,0.4664,0.46645,0.46648,5
1235.45,0.46633,0.46637,0.46639,5
1235.55,0.46624,0.46628,0.46631,5
1235.65,0.46616,0.4662,0.46623,5
1235.75,0.46608,0.46612,0.46614,5
1235.85,0.46599,0.46603,0.46606,5
1235.95,0.46591,0.46595,0.46598,5
1236.05,0.46583,0.46587,0.4659,5
1236.15,0.46574,0.46578,0.46582,5
1236.25,0.46566,0.4657,0.46574,5
1236.35,0.46557,0.46562,0.46565,5
1236.45,0.46549,0.46553,0.46557,5
1236.55,0.46541,0.46545,0.46549,5
1236.65,0.46532,0.46538,0.4654,5
1236.75,0.46525,0.46529,0.46532,5
1236.85,0.46517,0.46521,0.46524,5
1236.95,0.46508,0.46512,0.46515,5
1237.05,0.465,0.46504,0.46507,5
1237.15,0.46491,0.46496,0.46499,5
1237.25,0.46483,0.46487,0.4649,5
1237.35,0.46475,0.46479,0.46482,5
1237.45,0.46466,0.46471,0.46474,5
1237.55,0.46458,0.46462,0.46466,5
1237.65,0.4645,0.46454,0.46458,5
1237.75,0.46441,0.46445,0.46449,5
1237.85,0.46433,0.46437,0.46441,5
1237.95,0.46424,0.4643,0.46433,5
1238.05,0.46417,0.46421,0.46424,5
1238.15,0.46409,0.46413,0.46416,5
1238.25,0.464,0.46405,0.46408,5
1238.35,0.46392,0.46396,0.464,5
1238.45,0.46384,0.46388,0.46391,5
1238.55,0.46376,0.4638,0.46383,5
1238.65,0.46367,0.46371,0.46375,5
1238.75,0.46359,0.46363,0.46367,5
1238.85,0.46351,0.46355,0.46359,5
1238.95,0.46343,0.46347,0.46351,5
1239.05,0.46334,0.46338,0.46343,5
1239.15,0.46326,0.4633,0.46334,5
1239.25,0.46318,0.46323,0.46326,5
1239.35,0.4631,0.46314,0.46318,5
1239.45,0.46302,0.46306,0.4631,5
1239.55,0.46294,0.46298,0.46301,5
1239.65,0.46286,0.46289,0.46293,5
1239.75,0.46277,0.46281,0.46285,5
1239.85,0.46269,0.46273,0.46276,5
1239.95,0.46261,0.46264,0.46268,5
1240.05,0.46252,0.46256,0.4626,5
1240.15,0.46244,0.46248,0.46252,5
1240.25,0.46236,0.46239,0.46244,5
1240.35,0.46227,0.46231,0.46236,5
1240.45,0.46219,0.46223,0.46227,5
1240.55,0.46211,0.46215,0.46219,5
1240.65,0.46202,0.46207,0.46211,5
1240.75,0.46195,0.46198,0.46202,5
1240.85,0.46187,0.4619,0.46194,5
1240.95,0.46178,0.46182,0.46186,5
1241.05,0.4617,0.46173,0.46177,5
1241.15,0.46162,0.46165,0.46169,5
1241.25,0.46153,0.46156,0.46161,5
1241.35,0.46145,0.46148,0.46152,5
1241.45,0.46137,0.4614,0.46145,5
1241.55,0.46128,0.46131,0.46137,5
1241.65,0.4612,0.46123,0.46128,5
1241.75,0.46111,0.46114,0.4612,5
1241.85,0.46103,0.46107,0.46111,5
1241.95,0.46094,0.46098,0.46103,5
1242.05,0.46087,0.4609,0.46095,5
1242.15,0.46079,0.46081,0.46086,5
1242.25,0.4607,0.46073,0.46078,5
1242.35,0.46062,0.46064,0.46069,5
1242.45,0.46053,0.46056,0.46061,5
1242.55,0.46045,0.46047,0.46052,5
1242.65,0.46036,0.46039,0.46044,5
1242.75,0.46028,0.4603,0.46036,5
1242.85,0.46019,0.46022,0.46028,5
1242.95,0.46011,0.46013,0.46019,5
1243.05,0.46002,0.46005,0.46011,5
1243.15,0.45994,0.45997,0.46002,5
1243.25,0.45985,0.45989,0.45994,5
1243.35,0.45978,0.4598,0.45985,5
1243.45,0.45969,0.45972,0.45977,5
1243.55,0.4596,0.45963,0.45968,5
1243.65,0.45952,0.45954,0.4596,5
1243.75,0.45943,0.45946,0.45951,5
1243.85,0.45934,0.45937,0.45942,5
1243.95,0.45926,0.45928,0.45934,5
1244.05,0.45917,0.45919,0.45926,5
1244.15,0.45908,0.45911,0.45917,5
1244.25,0.45899,0.45902,0.45909,5
1244.35,0.45891,0.45893,0.459,5
1244.45,0.45882,0.45886,0.45891,5
1244.55,0.45874,0.45877,0.45883,5
1244.65,0.45865,0.45868,0.45874,5
1244.75,0.45856,0.45859,0.45865,5
1244.85,0.45848,0.4585,0.45856,5
1244.95,0.45839,0.45842,0.45848,5
1245.05,0.4583,0.45833,0.45839,5
1245.15,0.45821,0.45824,0.4583,5
1245.25,0.45812,0.45815,0.45821,5
1245.35,0.45803,0.45806,0.45814,5
1245.45,0.45795,0.45797,0.45805,5
1245.55,0.45786,0.45789,0.45796,5
1245.65,0.45777,0.45781,0.45787,5
1245.75,0.45768,0.45772,0.45778,5
1245.85,0.4576,0.45763,0.4577,5
1245.95,0.45751,0.45754,0.45761,5
1246.05,0.45742,0.45745,0.45752,5
1246.15,0.45733,0.45736,0.45743,5
1246.25,0.45724,0.45727,0.45734,5
1246.35,0.45715,0.45718,0.45725,5
1246.45,0.45706,0.45709,0.45716,5
1246.55,0.45697,0.457,0.45708,5
1246.65,0.45688,0.45692,0.457,5
1246.75,0.45679,0.45683,0.45691,5
1246.85,0.4567,0.45675,0.45682,5
1246.95,0.45661,0.45666,0.45673,5
1247.05,0.45653,0.45657,0.45664,5
1247.15,0.45644,0.45648,0.45655,5
1247.25,0.45635,0.45639,0.45646,5
1247.35,0.45626,0.4563,0.45637,5
1247.45,0.45617,0.45621,0.45628,5
1247.55,0.45608,0.45611,0.45619,5
1247.65,0.45599,0.45602,0.4561,5
1247.75,0.4559,0.45593,0.45601,5
1247.85,0.45581,0.45584,0.45593,5
1247.95,0.45571,0.45575,0.45584,5
1248.05,0.45562,0.45567,0.45575,5
1248.15,0.45553,0.45558,0.45566,5
1248.25,0.45545,0.45549,0.45557,5
1248.35,0.45536,0.4554,0.45548,5
1248.45,0.45527,0.45531,0.45539,5
1248.55,0.45518,0.45522,0.45529,5
1248.65,0.45508,0.45512,0.4552,5
1248.75,0.45499,0.45503,0.45511,5
1248.85,0.4549,0.45494,0.45502,5
1248.95,0.45481,0.45485,0.45493,5
1249.05,0.45472,0.45476,0.45485,5
1249.15,0.45462,0.45466,0.45476,5
1249.25,0.45453,0.45458,0.45466,5
1249.35,0.45444,0.45449,0.45457,5
1249.45,0.45435,0.45439,0.45448,5
1249.55,0.45426,0.4543,0.45438,5
1249.65,0.45417,0.45421,0.45429,5
1249.75,0.45407,0.45411,0.4542,5
1249.85,0.45398,0.45402,0.4541,5
1249.95,0.45388,0.45393,0.45401,5
1250.05,0.45379,0.45383,0.45391,5
1250.15,0.4537,0.45374,0.45382,5
1250.25,0.4536,0.45364,0.45374,5
1250.35,0.45351,0.45355,0.45364,5
1250.45,0.45341,0.45346,0.45355,5
1250.55,0.45332,0.45337,0.45345,5
1250.65,0.45324,0.45328,0.45336,5
1250.75,0.45314,0.45318,0.45327,5
1250.85,0.45305,0.45309,0.45317,5
1250.95,0.45295,0.45299,0.45308,5
1251.05,0.45286,0.4529,0.45298,5
1251.15,0.45276,0.4528,0.45289,5
1251.25,0.45267,0.45271,0.45279,5
1251.35,0.45257,0.45262,0.4527,5
1251.45,0.45248,0.45252,0.45261,5
1251.55,0.45239,0.45243,0.45252,5
1251.65,0.45229,0.45234,0.45243,5
1251.75,0.45221,0.45225,0.45233,5
1251.85,0.45211,0.45215,0.45224,5
1251.95,0.45202,0.45206,0.45214,5
1252.05,0.45192,0.45196,0.45205,5
1252.15,0.45183,0.45187,0.45195,5
1252.25,0.45173,0.45177,0.45186,5
1252.35,0.45164,0.45168,0.45176,5
1252.45,0.45154,0.45158,0.45167,5
1252.55,0.45145,0.45149,0.45158,5
1252.65,0.45136,0.45139,0.45149,5
1252.75,0.45126,0.45131,0.45139,5
1252.85,0.45117,0.45122,0.4513,5
1252.95,0.45108,0.45112,0.45121,5
1253.05,0.45099,0.45103,0.45111,5
1253.15,0.45089,0.45093,0.45102,5
1253.25,0.4508,0.45084,0.45092,5
1253.35,0.4507,0.45074,0.45083,5
1253.45,0.45061,0.45065,0.45073,5
1253.55,0.45052,0.45055,0.45064,5
1253.65,0.45042,0.45046,0.45054,5
1253.75,0.45033,0.45037,0.45046,5
1253.85,0.45023,0.45027,0.45036,5
1253.95,0.45014,0.45019,0.45027,5
1254.05,0.45005,0.45009,0.45018,5
1254.15,0.44996,0.45,0.45008,5
1254.25,0.44987,0.4499,0.44999,5
1254.35,0.44977,0.44981,0.44989,5
1254.45,0.44968,0.44972,0.4498,5
1254.55,0.44958,0.44962,0.44971,5
1254.65,0.44949,0.44953,0.44961,5
1254.75,0.4494,0.44944,0.44952,5
1254.85,0.44931,0.44935,0.44943,5
1254.95,0.44922,0.44925,0.44935,5
1255.05,0.44912,0.44917,0.44925,5
1255.15,0.44903,0.44908,0.44916,5
1255.25,0.44895,0.44899,0.44907,5
1255.35,0.44886,0.4489,0.44898,5
1255.45,0.44877,0.4488,0.44889,5
1255.55,0.44867,0.44871,0.44879,5
1255.65,0.44858,0.44862,0.4487,5
1255.75,0.44849,0.44853,0.44861,5
1255.85,0.4484,0.44844,0.44852,5
1255.95,0.44831,0.44835,0.44843,5
1256.05,0.44822,0.44825,0.44834,5
1256.15,0.44812,0.44816,0.44825,5
1256.25,0.44803,0.44808,0.44816,5
1256.35,0.44794,0.44799,0.44807,5
1256.45,0.44786,0.4479,0.44798,5
1256.55,0.44777,0.44781,0.44789,5
1256.65,0.44768,0.44772,0.4478,5
1256.75,0.44759,0.44763,0.44771,5
1256.85,0.4475,0.44754,0.44762,5
1256.95,0.44741,0.44744,0.44753,5
1257.05,0.44732,0.44735,0.44744,5
1257.15,0.44722,0.44726,0.44734,5
1257.25,0.44713,0.44717,0.44725,5
1257.35,0.44704,0.44708,0.44717,5
1257.45,0.44695,0.447,0.44708,5
1257.55,0.44686,0.44691,0.44699,5
1257.65,0.44678,0.44682,0.4469,5
1257.75,0.44669,0.44673,0.44681,5
1257.85,0.4466,0.44664,0.44672,5
1257.95,0.44651,0.44655,0.44663,5
1258.05,0.44642,0.44646,0.44654,5
1258.15,0.44633,0.44637,0.44645,5
1258.25,0.44624,0.44628,0.44636,5
1258.35,0.44615,0.44619,0.44627,5
1258.45,0.44606,0.4461,0.44618,5
1258.55,0.44597,0.44601,0.4461,5
1258.65,0.44588,0.44593,0.44601,5
1258.75,0.44579,0.44584,0.44592,5
1258.85,0.44571,0.44575,0.44583,5
1258.95,0.44562,0.44566,0.44574,5
1259.05,0.44554,0.44557,0.44565,5
1259.15,0.44545,0.44548,0.44556,5
1259.25,0.44536,0.4454,0.44547,5
1259.35,0.44527,0.44531,0.44538,5
1259.45,0.44518,0.44522,0.4453,5
1259.55,0.44509,0.44513,0.44521,5
1259.65,0.445,0.44504,0.44512,5
1259.75,0.44491,0.44495,0.44503,5
1259.85,0.44482,0.44486,0.44495,5
1259.95,0.44473,0.44478,0.44486,5
1260.05,0.44465,0.44469,0.44477,5
1260.15,0.44457,0.44461,0.44468,5
1260.25,0.44448,0.44452,0.4446,5
1260.35,0.44439,0.44443,0.44451,5
1260.45,0.4443,0.44434,0.44442,5
1260.55,0.44421,0.44425,0.44433,5
1260.65,0.44413,0.44417,0.44424,5
1260.75,0.44404,0.44408,0.44415,5
1260.85,0.44395,0.44399,0.44407,5
1260.95,0.44386,0.4439,0.44398,5
1261.05,0.44378,0.44381,0.4439,5
1261.15,0.44369,0.44374,0.44381,5
1261.25,0.4436,0.44365,0.44373,5
1261.35,0.44352,0.44356,0.44364,5
1261.45,0.44344,0.44347,0.44355,5
1261.55,0.44335,0.44339,0.44346,5
1261.65,0.44326,0.4433,0.44338,5
1261.75,0.44317,0.44321,0.44329,5
1261.85,0.44309,0.44313,0.4432,5
1261.95,0.443,0.44304,0.44311,5
1262.05,0.44291,0.44295,0.44303,5
1262.15,0.44283,0.44287,0.44294,5
1262.25,0.44274,0.44278,0.44285,5
1262.35,0.44265,0.4427,0.44277,5
1262.45,0.44257,0.44261,0.44269,5
1262.55,0.44248,0.44253,0.4426,5
1262.65,0.4424,0.44244,0.44251,5
1262.75,0.44232,0.44235,0.44243,5
1262.85,0.44223,0.44227,0.44234,5
1262.95,0.44214,0.44218,0.44225,5
1263.05,0.44206,0.4421,0.44217,5
1263.15,0.44197,0.44201,0.44208,5
1263.25,0.44189,0.44192,0.44199,5
1263.35,0.4418,0.44184,0.44191,5
1263.45,0.44171,0.44175,0.44182,5
1263.55,0.44163,0.44166,0.44174,5
1263.65,0.44154,0.44159,0.44166,5
1263.75,0.44145,0.4415,0.44157,5
1263.85,0.44137,0.44142,0.44149,5
1263.95,0.44129,0.44133,0.4414,5
1264.05,0.44121,0.44124,0.44131,5
1264.15,0.44112,0.44116,0.44123,5
1264.25,0.44104,0.44107,0.44114,5
1264.35,0.44095,0.44099,0.44106,5
1264.45,0.44086,0.4409,0.44097,5
1264.55,0.44078,0.44082,0.44089,5
1264.65,0.44069,0.44073,0.4408,5
1264.75,0.44061,0.44065,0.44071,5
1264.85,0.44052,0.44056,0.44063,5
1264.95,0.44044,0.44048,0.44055,5
1265.05,0.44035,0.4404,0.44047,5
1265.15,0.44028,0.44031,0.44038,5
1265.25,0.44019,0.44023,0.4403,5
1265.35,0.44011,0.44014,0.44021,5
1265.45,0.44002,0.44006,0.44013,5
1265.55,0.43994,0.43997,0.44004,5
1265.65,0.43985,0.43989,0.43996,5
1265.75,0.43977,0.4398,0.43987,5
1265.85,0.43968,0.43972,0.43978,5
1265.95,0.4396,0.43963,0.4397,5
1266.05,0.43951,0.43954,0.43961,5
1266.15,0.43942,0.43946,0.43953,5
1266.25,0.43934,0.43938,0.43945,5
1266.35,0.43925,0.4393,0.43937,5
1266.45,0.43918,0.43921,0.43928,5
1266.55,0.43909,0.43913,0.43919,5
1266.65,0.43901,0.43904,0.43911,5
1266.75,0.43892,0.43896,0.43902,5
1266.85,0.43884,0.43887,0.43894,5
1266.95,0.43875,0.43879,0.43885,5
1267.05,0.43867,0.4387,0.43877,5
1267.15,0.43858,0.43862,0.43868,5
1267.25,0.4385,0.43853,0.4386,5
1267.35,0.43841,0.43845,0.43851,5
1267.45,0.43833,0.43837,0.43843,5
1267.55,0.43824,0.43829,0.43835,5
1267.65,0.43816,0.4382,0.43827,5
1267.75,0.43808,0.43812,0.43818,5
1267.85,0.438,0.43803,0.4381,5
1267.95,0.43792,0.43795,0.43801,5
1268.05,0.43783,0.43786,0.43793,5
1268.15,0.43775,0.43778,0.43785,5
1268.25,0.43766,0.43769,0.43776,5
1268.35,0.43758,0.43761,0.43768,5
1268.45,0.4375,0.43753,0.43759,5
1268.55,0.43741,0.43744,0.43751,5
1268.65,0.43733,0.43736,0.43742,5
1268.75,0.43724,0.43728,0.43734,5
1268.85,0.43716,0.4372,0.43727,5
1268.95,0.43708,0.43712,0.43718,5
1269.05,0.437,0.43703,0.4371,5
1269.15,0.43692,0.43695,0.43702,5
1269.25,0.43684,0.43686,0.43693,5
1269.35,0.43675,0.43678,0.43685,5
1269.45,0.43667,0.4367,0.43676,5
1269.55,0.43659,0.43661,0.43668,5
1269.65,0.4365,0.43653,0.4366,5
1269.75,0.43642,0.43645,0.43652,5
1269.85,0.43634,0.43636,0.43643,5
1269.95,0.43626,0.43628,0.43635,5
1270.05,0.43617,0.43621,0.43627,5
1270.15,0.43609,0.43613,0.43619,5
1270.25,0.43601,0.43604,0.43611,5
1270.35,0.43594,0.43596,0.43603,5
1270.45,0.43585,0.43588,0.43595,5
1270.55,0.43577,0.4358,0.43586,5
1270.65,0.43569,0.43571,0.43578,5
1270.75,0.43561,0.43563,0.4357,5
1270.85,0.43552,0.43555,0.43562,5
1270.95,0.43544,0.43547,0.43553,5
1271.05,0.43536,0.43539,0.43545,5
1271.15,0.43528,0.4353,0.43537,5
1271.25,0.4352,0.43522,0.43529,5
1271.35,0.43512,0.43514,0.43521,5
1271.45,0.43504,0.43507,0.43513,5
1271.55,0.43496,0.43499,0.43506,5
1271.65,0.43487,0.43491,0.43497,5
1271.75,0.4348,0.43483,0.43489,5
1271.85,0.43472,0.43475,0.43481,5
1271.95,0.43464,0.43466,0.43473,5
1272.05,0.43456,0.43458,0.43465,5
1272.15,0.43448,0.4345,0.43457,5
1272.25,0.4344,0.43442,0.43449,5
1272.35,0.43432,0.43434,0.43441,5
1272.45,0.43424,0.43426,0.43433,5
1272.55,0.43416,0.43418,0.43425,5
1272.65,0.43408,0.4341,0.43417,5
1272.75,0.434,0.43403,0.43409,5
1272.85,0.43392,0.43395,0.43401,5
1272.95,0.43384,0.43387,0.43394,5
1273.05,0.43377,0.43379,0.43386,5
1273.15,0.43369,0.43371,0.43378,5
1273.25,0.43361,0.43363,0.4337,5
1273.35,0.43353,0.43356,0.43362,5
1273.45,0.43346,0.43348,0.43354,5
1273.55,0.43338,0.4334,0.43346,5
1273.65,0.4333,0.43332,0.43339,5
1273.75,0.43322,0.43324,0.43331,5
1273.85,0.43314,0.43316,0.43323,5
1273.95,0.43306,0.43308,0.43315,5
1274.05,0.43298,0.433,0.43307,5
1274.15,0.43291,0.43294,0.43299,5
1274.25,0.43283,0.43286,0.43291,5
1274.35,0.43275,0.43278,0.43285,5
1274.45,0.43268,0.4327,0.43277,5
1274.55,0.4326,0.43262,0.43269,5
1274.65,0.43253,0.43255,0.43261,5
1274.75,0.43245,0.43247,0.43253,5
1274.85,0.43237,0.43239,0.43246,5
1274.95,0.43229,0.43231,0.43238,5
1275.05,0.43222,0.43224,0.4323,5
1275.15,0.43214,0.43216,0.43223,5
1275.25,0.43206,0.43208,0.43215,5
1275.35,0.43199,0.43201,0.43207,5
1275.45,0.43191,0.43193,0.432,5
1275.55,0.43183,0.43186,0.43192,5
1275.65,0.43176,0.43179,0.43184,5
1275.75,0.43168,0.43171,0.43178,5
1275.85,0.4316,0.43163,0.4317,5
1275.95,0.43154,0.43156,0.43162,5
1276.05,0.43146,0.43148,0.43155,5
1276.15,0.43139,0.43141,0.43147,5
1276.25,0.43131,0.43133,0.4314,5
1276.35,0.43124,0.43126,0.43132,5
1276.45,0.43116,0.43118,0.43124,5
1276.55,0.43109,0.43111,0.43117,5
1276.65,0.43101,0.43103,0.43109,5
1276.75,0.43094,0.43096,0.43102,5
1276.85,0.43086,0.43088,0.43094,5
1276.95,0.43079,0.43081,0.43087,5
1277.05,0.43071,0.43074,0.43079,5
1277.15,0.43064,0.43067,0.43072,5
1277.25,0.43056,0.43059,0.43066,5
1277.35,0.4305,0.43052,0.43058,5
1277.45,0.43042,0.43045,0.43051,5
1277.55,0.43035,0.43037,0.43043,5
1277.65,0.43028,0.4303,0.43036,5
1277.75,0.4302,0.43022,0.43029,5
1277.85,0.43013,0.43015,0.43021,5
1277.95,0.43006,0.43008,0.43014,5
1278.05,0.42998,0.43001,0.43006,5
1278.15,0.42991,0.42993,0.42999,5
1278.25,0.42984,0.42986,0.42992,5
1278.35,0.42977,0.42979,0.42985,5
1278.45,0.42969,0.42973,0.42977,5
1278.55,0.42962,0.42965,0.4297,5
1278.65,0.42955,0.42958,0.42963,5
1278.75,0.42948,0.42951,0.42957,5
1278.85,0.42941,0.42944,0.42949,5
1278.95,0.42934,0.42937,0.42942,5
1279.05,0.42927,0.42929,0.42935,5
1279.15,0.4292,0.42922,0.42928,5
1279.25,0.42913,0.42915,0.42921,5
1279.35,0.42906,0.42908,0.42914,5
1279.45,0.42899,0.42901,0.42906,5
1279.55,0.42892,0.42894,0.42899,5
1279.65,0.42884,0.42887,0.42892,5
1279.75,0.42877,0.4288,0.42885,5
1279.85,0.4287,0.42873,0.42878,5
1279.95,0.42863,0.42866,0.42871,5
1280.05,0.42856,0.4286,0.42864,5
1280.15,0.42849,0.42853,0.42857,5
1280.25,0.42842,0.42846,0.4285,5
1280.35,0.42835,0.42839,0.42844,5
1280.45,0.42829,0.42832,0.42837,5
1280.55,0.42823,0.42825,0.4283,5
1280.65,0.42816,0.42818,0.42823,5
1280.75,0.42809,0.42811,0.42816,5
1280.85,0.42802,0.42805,0.4281,5
1280.95,0.42795,0.42798,0.42803,5
1281.05,0.42788,0.42791,0.42796,5
1281.15,0.42781,0.42784,0.42789,5
1281.25,0.42775,0.42777,0.42782,5
1281.35,0.42768,0.42771,0.42775,5
1281.45,0.42761,0.42764,0.42769,5
1281.55,0.42754,0.42757,0.42762,5
1281.65,0.42747,0.42751,0.42755,5
1281.75,0.42741,0.42745,0.42749,5
1281.85,0.42734,0.42738,0.42742,5
1281.95,0.42727,0.42731,0.42736,5
1282.05,0.42722,0.42725,0.42729,5
1282.15,0.42715,0.42718,0.42723,5
1282.25,0.42709,0.42712,0.42717,5
1282.35,0.42702,0.42705,0.4271,5
1282.45,0.42696,0.42699,0.42704,5
1282.55,0.42689,0.42693,0.42697,5
1282.65,0.42683,0.42686,0.42691,5
1282.75,0.42677,0.4268,0.42685,5
1282.85,0.4267,0.42674,0.42678,5
1282.95,0.42664,0.42667,0.42672,5
1283.05,0.42658,0.42661,0.42666,5
1283.15,0.42651,0.42655,0.4266,5
1283.25,0.42645,0.42648,0.42653,5
1283.35,0.42639,0.42643,0.42647,5
1283.45,0.42633,0.42637,0.42641,5
1283.55,0.42626,0.42631,0.42635,5
1283.65,0.4262,0.42625,0.4263,5
1283.75,0.42615,0.42618,0.42623,5
1283.85,0.42609,0.42612,0.42617,5
1283.95,0.42603,0.42606,0.42611,5
1284.05,0.42596,0.426,0.42605,5
1284.15,0.4259,0.42594,0.42599,5
1284.25,0.42584,0.42588,0.42593,5
1284.35,0.42578,0.42581,0.42587,5
1284.45,0.42572,0.42575,0.4258,5
1284.55,0.42566,0.42569,0.42574,5
1284.65,0.42559,0.42563,0.42568,5
1284.75,0.42553,0.42557,0.42562,5
1284.85,0.42547,0.42551,0.42556,5
1284.95,0.42541,0.42545,0.4255,5
1285.05,0.42535,0.4254,0.42544,5
1285.15,0.42529,0.42534,0.42538,5
1285.25,0.42523,0.42528,0.42532,5
1285.35,0.42517,0.42522,0.42526,5
1285.45,0.42511,0.42516,0.4252,5
1285.55,0.42506,0.4251,0.42515,5
1285.65,0.425,0.42504,0.42509,5
1285.75,0.42494,0.42498,0.42503,5
1285.85,0.42488,0.42492,0.42497,5
1285.95,0.42482,0.42486,0.42491,5
1286.05,0.42476,0.4248,0.42485,5
1286.15,0.4247,0.42474,0.42479,5
1286.25,0.42464,0.42468,0.42473,5
1286.35,0.42458,0.42462,0.42467,5
1286.45,0.42452,0.42456,0.42461,5
1286.55,0.42446,0.4245,0.42455,5
1286.65,0.4244,0.42444,0.42449,5
1286.75,0.42434,0.42438,0.42443,5
1286.85,0.42428,0.42432,0.42437,5
1286.95,0.42422,0.42427,0.42431,5
1287.05,0.42416,0.42421,0.42426,5
1287.15,0.4241,0.42415,0.4242,5
1287.25,0.42404,0.42409,0.42414,5
1287.35,0.42399,0.42403,0.42409,5
1287.45,0.42393,0.42397,0.42403,5
1287.55,0.42387,0.42391,0.42397,5
1287.65,0.42381,0.42385,0.42391,5
1287.75,0.42375,0.42379,0.42385,5
1287.85,0.42368,0.42373,0.42379,5
1287.95,0.42362,0.42366,0.42372,5
1288.05,0.42356,0.4236,0.42366,5
1288.15,0.4235,0.42354,0.4236,5
1288.25,0.42344,0.42348,0.42354,5
1288.35,0.42338,0.42342,0.42348,5
1288.45,0.42332,0.42336,0.42342,5
1288.55,0.42326,0.4233,0.42336,5
1288.65,0.42319,0.42324,0.4233,5
1288.75,0.42313,0.42318,0.42323,5
1288.85,0.42307,0.42312,0.42317,5
1288.95,0.42301,0.42306,0.42311,5
1289.05,0.42295,0.423,0.42305,5
1289.15,0.4229,0.42294,0.42299,5
1289.25,0.42284,0.42288,0.42294,5
1289.35,0.42278,0.42282,0.42288,5
1289.45,0.42271,0.42275,0.42281,5
1289.55,0.42265,0.42269,0.42275,5
1289.65,0.42259,0.42263,0.42269,5
1289.75,0.42253,0.42257,0.42263,5
1289.85,0.42247,0.42251,0.42257,5
1289.95,0.42241,0.42245,0.42251,5
1290.05,0.42235,0.42238,0.42245,5
1290.15,0.42229,0.42232,0.42238,5
1290.25,0.42222,0.42226,0.42232,5
1290.35,0.42216,0.4222,0.42226,5
1290.45,0.4221,0.42215,0.4222,5
1290.55,0.42204,0.42209,0.42214,5
1290.65,0.42198,0.42202,0.42208,5
1290.75,0.42192,0.42196,0.42201,5
1290.85,0.42185,0.4219,0.42195,5
1290.95,0.4218,0.42184,0.42189,5
1291.05,0.42174,0.42178,0.42184,5
1291.15,0.42168,0.42172,0.42178,5
1291.25,0.42162,0.42165,0.42171,5
1291.35,0.42156,0.42159,0.42165,5
1291.45,0.4215,0.42153,0.42159,5
1291.55,0.42143,0.42147,0.42153,5
1291.65,0.42137,0.42141,0.42147,5
1291.75,0.42131,0.42134,0.42141,5
1291.85,0.42125,0.42128,0.42134,5
1291.95,0.42119,0.42122,0.42128,5
1292.05,0.42113,0.42116,0.42122,5
1292.15,0.42106,0.4211,0.42116,5
1292.25,0.421,0.42104,0.4211,5
1292.35,0.42094,0.42098,0.42103,5
1292.45,0.42088,0.42092,0.42097,5
1292.55,0.42082,0.42086,0.42091,5
1292.65,0.42075,0.4208,0.42085,5
1292.75,0.4207,0.42073,0.42079,5
1292.85,0.42064,0.42067,0.42073,5
1292.95,0.42058,0.42061,0.42067,5
1293.05,0.42052,0.42055,0.42061,5
1293.15,0.42045,0.42049,0.42055,5
1293.25,0.42039,0.42042,0.42048,5
1293.35,0.42033,0.42036,0.42042,5
1293.45,0.42027,0.4203,0.42036,5
1293.55,0.4202,0.42023,0.42029,5
1293.65,0.42014,0.42017,0.42023,5
1293.75,0.42008,0.42011,0.42017,5
1293.85,0.42001,0.42005,0.42011,5
1293.95,0.41995,0.41999,0.42004,5
1294.05,0.41989,0.41993,0.41998,5
1294.15,0.41983,0.41987,0.41992,5
1294.25,0.41976,0.41981,0.41985,5
1294.35,0.4197,0.41974,0.41979,5
1294.45,0.41965,0.41968,0.41973,5
1294.55,0.41958,0.41962,0.41968,5
1294.65,0.41952,0.41955,0.41961,5
1294.75,0.41946,0.41949,0.41955,5
1294.85,0.41939,0.41943,0.41949,5
1294.95,0.41933,0.41937,0.41942,5
1295.05,0.41927,0.4193,0.41936,5
1295.15,0.41921,0.41924,0.4193,5
1295.25,0.41914,0.41918,0.41923,5
1295.35,0.41908,0.41911,0.41917,5
1295.45,0.41902,0.41905,0.41911,5
1295.55,0.41895,0.41899,0.41904,5
1295.65,0.41889,0.41892,0.41898,5
1295.75,0.41883,0.41887,0.41892,5
1295.85,0.41876,0.41881,0.41886,5
1295.95,0.4187,0.41874,0.41879,5
1296.05,0.41864,0.41868,0.41873,5
1296.15,0.41857,0.41862,0.41867,5
1296.25,0.41852,0.41856,0.4186,5
1296.35,0.41846,0.41849,0.41855,5
1296.45,0.41839,0.41843,0.41849,5
1296.55,0.41833,0.41837,0.41842,5
1296.65,0.41827,0.4183,0.41836,5
1296.75,0.4182,0.41824,0.4183,5
1296.85,0.41814,0.41818,0.41823,5
1296.95,0.41808,0.41811,0.41817,5
1297.05,0.41801,0.41805,0.41811,5
1297.15,0.41795,0.41799,0.41804,5
1297.25,0.41789,0.41792,0.41798,5
1297.35,0.41782,0.41786,0.41792,5
1297.45,0.41776,0.41781,0.41785,5
1297.55,0.4177,0.41775,0.41779,5
1297.65,0.41763,0.41768,0.41773,5
1297.75,0.41757,0.41762,0.41766,5
1297.85,0.41751,0.41756,0.4176,5
1297.95,0.41745,0.41749,0.41754,5
1298.05,0.41739,0.41743,0.41748,5
1298.15,0.41733,0.41737,0.41742,5
1298.25,0.41726,0.4173,0.41736,5
1298.35,0.4172,0.41724,0.41729,5
1298.45,0.41714,0.41718,0.41723,5
1298.55,0.41707,0.41711,0.41717,5
1298.65,0.41701,0.41705,0.41711,5
1298.75,0.41695,0.41699,0.41704,5
1298.85,0.41689,0.41693,0.41698,5
1298.95,0.41682,0.41686,0.41692,5
1299.05,0.41676,0.4168,0.41685,5
1299.15,0.4167,0.41675,0.41679,5
1299.25,0.41664,0.41669,0.41673,5
1299.35,0.41657,0.41662,0.41667,5
1299.45,0.41651,0.41656,0.4166,5
1299.55,0.41645,0.4165,0.41654,5
1299.65,0.41639,0.41643,0.41648,5
1299.75,0.41633,0.41637,0.41641,5
1299.85,0.41627,0.41631,0.41636,5
1299.95,0.41621,0.41625,0.4163,5
1300.05,0.41614,0.41618,0.41624,5
1300.15,0.41608,0.41612,0.41617,5
1300.25,0.41602,0.41606,0.41611,5
1300.35,0.41596,0.416,0.41605,5
1300.45,0.41589,0.41593,0.41599,5
1300.55,0.41583,0.41587,0.41592,5
1300.65,0.41577,0.41581,0.41586,5
1300.75,0.41571,0.41575,0.4158,5
1300.85,0.41564,0.41568,0.41573,5
1300.95,0.41558,0.41563,0.41567,5
1301.05,0.41552,0.41557,0.41561,5
1301.15,0.41546,0.41551,0.41555,5
1301.25,0.41539,0.41544,0.41548,5
1301.35,0.41533,0.41538,0.41542,5
1301.45,0.41528,0.41532,0.41536,5
1301.55,0.41521,0.41526,0.41529,5
1301.65,0.41515,0.41519,0.41524,5
1301.75,0.41509,0.41513,0.41518,5
1301.85,0.41503,0.41507,0.41512,5
1301.95,0.41496,0.415,0.41505,5
1302.05,0.4149,0.41494,0.41499,5
1302.15,0.41484,0.41488,0.41493,5
1302.25,0.41478,0.41482,0.41487,5
1302.35,0.41471,0.41475,0.4148,5
1302.45,0.41465,0.41469,0.41474,5
1302.55,0.41459,0.41463,0.41468,5
1302.65,0.41453,0.41458,0.41461,5
1302.75,0.41446,0.41451,0.41455,5
1302.85,0.4144,0.41445,0.41449,5
1302.95,0.41434,0.41439,0.41443,5
1303.05,0.41427,0.41432,0.41436,5
1303.15,0.41422,0.41426,0.4143,5
1303.25,0.41416,0.4142,0.41424,5
1303.35,0.4141,0.41414,0.41419,5
1303.45,0.41403,0.41407,0.41412,5
1303.55,0.41397,0.41401,0.41406,5
1303.65,0.41391,0.41395,0.414,5
1303.75,0.41385,0.41388,0.41393,5
1303.85,0.41378,0.41382,0.41387,5
1303.95,0.41372,0.41376,0.41381,5
1304.05,0.41366,0.4137,0.41374,5
1304.15,0.41359,0.41363,0.41368,5
1304.25,0.41353,0.41357,0.41362,5
1304.35,0.41347,0.41351,0.41356,5
1304.45,0.41341,0.41345,0.41349,5
1304.55,0.41334,0.41339,0.41343,5
1304.65,0.41328,0.41333,0.41337,5
1304.75,0.41322,0.41326,0.4133,5
1304.85,0.41315,0.4132,0.41324,5
1304.95,0.4131,0.41314,0.41318,5
1305.05,0.41304,0.41307,0.41312,5
1305.15,0.41297,0.41301,0.41306,5
1305.25,0.41291,0.41295,0.413,5
1305.35,0.41285,0.41288,0.41294,5
1305.45,0.41278,0.41282,0.41287,5
1305.55,0.41272,0.41276,0.41281,5
1305.65,0.41266,0.41269,0.41275,5
1305.75,0.41259,0.41263,0.41268,5
1305.85,0.41253,0.41256,0.41262,5
1305.95,0.41247,0.4125,0.41256,5
1306.05,0.4124,0.41244,0.4125,5
1306.15,0.41234,0.41238,0.41243,5
1306.25,0.41228,0.41232,0.41237,5
1306.35,0.41221,0.41226,0.41231,5
1306.45,0.41215,0.41219,0.41224,5
1306.55,0.41209,0.41213,0.41218,5
1306.65,0.41203,0.41207,0.41212,5
1306.75,0.41197,0.412,0.41205,5
1306.85,0.41191,0.41194,0.41199,5
1306.95,0.41184,0.41187,0.41194,5
1307.05,0.41178,0.41181,0.41187,5
1307.15,0.41172,0.41175,0.41181,5
1307.25,0.41165,0.41168,0.41175,5
1307.35,0.41159,0.41162,0.41168,5
1307.45,0.41153,0.41156,0.41162,5
1307.55,0.41146,0.41149,0.41156,5
1307.65,0.4114,0.41143,0.41149,5
1307.75,0.41134,0.41136,0.41143,5
1307.85,0.41127,0.41131,0.41137,5
1307.95,0.41121,0.41125,0.4113,5
1308.05,0.41115,0.41118,0.41124,5
1308.15,0.41108,0.41112,0.41118,5
1308.25,0.41102,0.41105,0.41111,5
1308.35,0.41096,0.41099,0.41105,5
1308.45,0.4109,0.41093,0.41099,5
1308.55,0.41084,0.41086,0.41092,5
1308.65,0.41077,0.4108,0.41087,5
1308.75,0.41071,0.41073,0.4108,5
1308.85,0.41065,0.41067,0.41074,5
1308.95,0.41058,0.41061,0.41068,5
1309.05,0.41052,0.41054,0.41061,5
1309.15,0.41045,0.41048,0.41055,5
1309.25,0.41039,0.41041,0.41049,5
1309.35,0.41033,0.41035,0.41042,5
1309.45,0.41026,0.41029,0.41036,5
1309.55,0.4102,0.41023,0.41029,5
1309.65,0.41013,0.41017,0.41023,5
1309.75,0.41007,0.4101,0.41017,5
1309.85,0.41001,0.41004,0.4101,5
1309.95,0.40994,0.40997,0.41004,5
1310.05,0.40988,0.40991,0.40997,5
1310.15,0.40982,0.40984,0.40991,5
1310.25,0.40976,0.40978,0.40984,5
1310.35,0.40969,0.40972,0.40979,5
1310.45,0.40963,0.40965,0.40972,5
1310.55,0.40956,0.40959,0.40966,5
1310.65,0.4095,0.40952,0.40959,5
1310.75,0.40943,0.40946,0.40953,5
1310.85,0.40937,0.40939,0.40946,5
1310.95,0.4093,0.40933,0.4094,5
1311.05,0.40924,0.40926,0.40933,5
1311.15,0.40917,0.4092,0.40927,5
1311.25,0.40911,0.40914,0.4092,5
1311.35,0.40904,0.40908,0.40914,5
1311.45,0.40898,0.40901,0.40907,5
1311.55,0.40891,0.40895,0.40901,5
1311.65,0.40885,0.40888,0.40894,5
1311.75,0.4088,0.40882,0.40888,5
1311.85,0.40873,0.40876,0.40881,5
1311.95,0.40867,0.40869,0.40875,5
1312.05,0.4086,0.40863,0.40869,5
1312.15,0.40854,0.40856,0.40863,5
1312.25,0.40847,0.4085,0.40856,5
1312.35,0.40841,0.40843,0.4085,5
1312.45,0.40834,0.40837,0.40843,5
1312.55,0.40828,0.4083,0.40837,5
1312.65,0.40821,0.40824,0.4083,5
1312.75,0.40815,0.40817,0.40824,5
1312.85,0.40808,0.40811,0.40817,5
1312.95,0.40802,0.40805,0.40811,5
1313.05,0.40795,0.40799,0.40804,5
1313.15,0.40789,0.40792,0.40798,5
1313.25,0.40782,0.40786,0.40791,5
1313.35,0.40776,0.4078,0.40785,5
1313.45,0.4077,0.40773,0.40778,5
1313.55,0.40764,0.40767,0.40772,5
1313.65,0.40757,0.4076,0.40765,5
1313.75,0.40751,0.40754,0.40759,5
1313.85,0.40744,0.40747,0.40753,5
1313.95,0.40738,0.40741,0.40747,5
1314.05,0.40732,0.40734,0.4074,5
1314.15,0.40725,0.40728,0.40734,5
1314.25,0.40719,0.40722,0.40727,5
1314.35,0.40712,0.40715,0.40721,5
1314.45,0.40706,0.40709,0.40715,5
1314.55,0.40699,0.40703,0.40708,5
1314.65,0.40693,0.40697,0.40702,5
1314.75,0.40686,0.4069,0.40695,5
1314.85,0.4068,0.40684,0.40689,5
1314.95,0.40673,0.40678,0.40682,5
1315.05,0.40667,0.40671,0.40676,5
1315.15,0.40662,0.40665,0.40669,5
1315.25,0.40655,0.40658,0.40663,5
1315.35,0.40649,0.40652,0.40657,5
1315.45,0.40643,0.40646,0.4065,5
1315.55,0.40636,0.40639,0.40645,5
1315.65,0.4063,0.40633,0.40639,5
1315.75,0.40624,0.40627,0.40632,5
1315.85,0.40617,0.40621,0.40626,5
1315.95,0.40611,0.40614,0.4062,5
1316.05,0.40605,0.40608,0.40614,5
1316.15,0.40598,0.40602,0.40607,5
1316.25,0.40592,0.40595,0.40601,5
1316.35,0.40586,0.4059,0.40595,5
1316.45,0.40579,0.40584,0.40588,5
1316.55,0.40573,0.40577,0.40582,5
1316.65,0.40567,0.40571,0.40576,5
1316.75,0.4056,0.40565,0.40569,5
1316.85,0.40554,0.40559,0.40563,5
1316.95,0.40549,0.40552,0.40557,5
1317.05,0.40542,0.40546,0.40551,5
1317.15,0.40536,0.4054,0.40544,5
1317.25,0.4053,0.40533,0.40539,5
1317.35,0.40523,0.40527,0.40533,5
1317.45,0.40517,0.40521,0.40527,5
1317.55,0.40511,0.40515,0.4052,5
1317.65,0.40504,0.40508,0.40514,5
1317.75,0.40498,0.40502,0.40508,5
1317.85,0.40492,0.40496,0.40501,5
1317.95,0.40486,0.40489,0.40495,5
1318.05,0.40479,0.40484,0.40489,5
1318.15,0.40473,0.40478,0.40483,5
1318.25,0.40467,0.40472,0.40476,5
1318.35,0.4046,0.40465,0.4047,5
1318.45,0.40454,0.40459,0.40464,5
1318.55,0.40448,0.40453,0.40458,5
1318.65,0.40442,0.40447,0.40451,5
1318.75,0.40436,0.4044,0.40445,5
1318.85,0.4043,0.40434,0.40439,5
1318.95,0.40424,0.40428,0.40433,5
1319.05,0.40417,0.40421,0.40427,5
1319.15,0.40411,0.40415,0.40421,5
1319.25,0.40405,0.40409,0.40415,5
1319.35,0.40398,0.40403,0.40408,5
1319.45,0.40392,0.40396,0.40402,5
1319.55,0.40386,0.4039,0.40396,5
1319.65,0.4038,0.40384,0.4039,5
1319.75,0.40373,0.40378,0.40383,5
1319.85,0.40367,0.40372,0.40377,5
1319.95,0.40361,0.40366,0.40371,5
1320.05,0.40354,0.4036,0.40365,5
1320.15,0.40348,0.40353,0.40358,5
1320.25,0.40342,0.40347,0.40352,5
1320.35,0.40337,0.40341,0.40346,5
1320.45,0.4033,0.40335,0.4034,5
1320.55,0.40324,0.40328,0.40333,5
1320.65,0.40318,0.40322,0.40327,5
1320.75,0.40311,0.40316,0.40321,5
1320.85,0.40305,0.40309,0.40315,5
1320.95,0.40299,0.40303,0.40309,5
1321.05,0.40292,0.40296,0.40302,5
1321.15,0.40286,0.4029,0.40296,5
1321.25,0.40279,0.40284,0.4029,5
1321.35,0.40273,0.40277,0.40283,5
1321.45,0.40267,0.40271,0.40277,5
1321.55,0.4026,0.40266,0.4027,5
1321.65,0.40254,0.40259,0.40264,5
1321.75,0.40248,0.40253,0.40258,5
1321.85,0.40241,0.40246,0.40251,5
1321.95,0.40235,0.4024,0.40245,5
1322.05,0.40228,0.40234,0.40238,5
1322.15,0.40223,0.40227,0.40232,5
1322.25,0.40217,0.40221,0.40226,5
1322.35,0.4021,0.40214,0.40219,5
1322.45,0.40204,0.40208,0.40213,5
1322.55,0.40198,0.40202,0.40208,5
1322.65,0.40191,0.40195,0.40201,5
1322.75,0.40185,0.40189,0.40195,5
1322.85,0.40179,0.40182,0.40188,5
1322.95,0.40172,0.40176,0.40182,5
1323.05,0.40166,0.4017,0.40175,5
1323.15,0.40159,0.40163,0.40169,5
1323.25,0.40153,0.40158,0.40163,5
1323.35,0.40147,0.40151,0.40156,5
1323.45,0.4014,0.40145,0.4015,5
1323.55,0.40134,0.40139,0.40143,5
1323.65,0.40128,0.40132,0.40137,5
1323.75,0.40121,0.40126,0.40131,5
1323.85,0.40116,0.40119,0.40124,5
1323.95,0.40109,0.40113,0.40118,5
1324.05,0.40103,0.40107,0.40111,5
1324.15,0.40097,0.401,0.40105,5
1324.25,0.4009,0.40094,0.40099,5
1324.35,0.40084,0.40087,0.40093,5
1324.45,0.40078,0.40081,0.40087,5
1324.55,0.40071,0.40075,0.4008,5
1324.65,0.40065,0.40068,0.40074,5
1324.75,0.40059,0.40062,0.40068,5
1324.85,0.40052,0.40056,0.40061,5
1324.95,0.40046,0.4005,0.40055,5
1325.05,0.4004,0.40044,0.40048,5
1325.15,0.40033,0.40037,0.40042,5
1325.25,0.40027,0.40031,0.40036,5
1325.35,0.40021,0.40025,0.40029,5
1325.45,0.40014,0.40018,0.40023,5
1325.55,0.40009,0.40012,0.40017,5
1325.65,0.40002,0.40005,0.4001,5
1325.75,0.39996,0.39999,0.40004,5
1325.85,0.3999,0.39993,0.39997,5
1325.95,0.39983,0.39986,0.39991,5
1326.05,0.39977,0.3998,0.39986,5
1326.15,0.39971,0.39974,0.39979,5
1326.25,0.39964,0.39967,0.39973,5
1326.35,0.39958,0.39961,0.39967,5
1326.45,0.39952,0.39955,0.3996,5
1326.55,0.39946,0.39948,0.39954,5
1326.65,0.39939,0.39943,0.39948,5
1326.75,0.39933,0.39937,0.39941,5
1326.85,0.39927,0.39931,0.39935,5
1326.95,0.39921,0.39924,0.39929,5
1327.05,0.39914,0.39918,0.39922,5
1327.15,0.39908,0.39912,0.39916,5
1327.25,0.39902,0.39905,0.3991,5
1327.35,0.39897,0.39899,0.39904,5
1327.45,0.3989,0.39893,0.39897,5
1327.55,0.39884,0.39887,0.39891,5
1327.65,0.39878,0.3988,0.39885,5
1327.75,0.39871,0.39874,0.39879,5
1327.85,0.39865,0.39868,0.39873,5
1327.95,0.39859,0.39862,0.39867,5
1328.05,0.39853,0.39855,0.3986,5
1328.15,0.39846,0.39849,0.39854,5
1328.25,0.3984,0.39843,0.39848,5
1328.35,0.39834,0.39837,0.39842,5
1328.45,0.39828,0.39831,0.39835,5
1328.55,0.39821,0.39825,0.39829,5
1328.65,0.39815,0.39819,0.39823,5
1328.75,0.39809,0.39812,0.39816,5
1328.85,0.39803,0.39806,0.3981,5
1328.95,0.39796,0.398,0.39804,5
1329.05,0.39791,0.39794,0.39798,5
1329.15,0.39785,0.39787,0.39791,5
1329.25,0.39779,0.39781,0.39785,5
1329.35,0.39772,0.39775,0.39779,5
1329.45,0.39766,0.39769,0.39773,5
1329.55,0.3976,0.39762,0.39767,5
1329.65,0.39754,0.39756,0.39761,5
1329.75,0.39747,0.3975,0.39755,5
1329.85,0.39741,0.39743,0.39748,5
1329.95,0.39735,0.39737,0.39742,5
1330.05,0.39729,0.39731,0.39736,5
1330.15,0.39722,0.39726,0.3973,5
1330.25,0.39716,0.39719,0.39723,5
1330.35,0.3971,0.39713,0.39717,5
1330.45,0.39704,0.39707,0.39711,5
1330.55,0.39697,0.39701,0.39704,5
1330.65,0.39691,0.39694,0.39698,5
1330.75,0.39685,0.39688,0.39692,5
1330.85,0.3968,0.39682,0.39686,5
1330.95,0.39673,0.39676,0.39679,5
1331.05,0.39667,0.39669,0.39673,5
1331.15,0.39661,0.39663,0.39667,5
1331.25,0.39655,0.39657,0.39661,5
1331.35,0.39648,0.39651,0.39655,5
1331.45,0.39642,0.39644,0.39649,5
1331.55,0.39636,0.39638,0.39643,5
1331.65,0.3963,0.39632,0.39637,5
1331.75,0.39623,0.39626,0.3963,5
1331.85,0.39617,0.3962,0.39624,5
1331.95,0.39611,0.39614,0.39618,5
1332.05,0.39605,0.39608,0.39611,5
1332.15,0.39598,0.39602,0.39605,5
1332.25,0.39592,0.39595,0.39599,5
1332.35,0.39586,0.39589,0.39593,5
1332.45,0.3958,0.39583,0.39586,5
1332.55,0.39574,0.39577,0.3958,5
1332.65,0.39568,0.3957,0.39574,5
1332.75,0.39562,0.39564,0.39568,5
1332.85,0.39556,0.39558,0.39561,5
1332.95,0.39549,0.39552,0.39555,5
1333.05,0.39543,0.39545,0.39549,5
1333.15,0.39537,0.39539,0.39544,5
1333.25,0.39531,0.39533,0.39537,5
1333.35,0.39524,0.39527,0.39531,5
1333.45,0.39518,0.3952,0.39525,5
1333.55,0.39512,0.39514,0.39519,5
1333.65,0.39506,0.39509,0.39512,5
1333.75,0.39499,0.39503,0.39506,5
1333.85,0.39493,0.39496,0.395,5
1333.95,0.39487,0.3949,0.39493,5
1334.05,0.3948,0.39484,0.39487,5
1334.15,0.39474,0.39478,0.39481,5
1334.25,0.39468,0.39471,0.39475,5
1334.35,0.39463,0.39465,0.39468,5
1334.45,0.39456,0.39459,0.39462,5
1334.55,0.3945,0.39452,0.39456,5
1334.65,0.39444,0.39446,0.39449,5
1334.75,0.39437,0.3944,0.39443,5
1334.85,0.39431,0.39434,0.39438,5
1334.95,0.39425,0.39427,0.39432,5
1335.05,0.39419,0.39421,0.39425,5
1335.15,0.39412,0.39415,0.39419,5
1335.25,0.39406,0.39408,0.39413,5
1335.35,0.394,0.39403,0.39406,5
1335.45,0.39393,0.39397,0.394,5
1335.55,0.39387,0.3939,0.39394,5
1335.65,0.39381,0.39384,0.39387,5
1335.75,0.39374,0.39378,0.39381,5
1335.85,0.39368,0.39371,0.39375,5
1335.95,0.39362,0.39365,0.39368,5
1336.05,0.39356,0.39359,0.39362,5
1336.15,0.3935,0.39352,0.39356,5
1336.25,0.39344,0.39346,0.39349,5
1336.35,0.39337,0.3934,0.39343,5
1336.45,0.39331,0.39333,0.39337,5
1336.55,0.39325,0.39327,0.3933,5
1336.65,0.39318,0.39321,0.39325,5
1336.75,0.39312,0.39314,0.39319,5
1336.85,0.39305,0.39308,0.39312,5
1336.95,0.39299,0.39302,0.39306,5
1337.05,0.39293,0.39296,0.393,5
1337.15,0.39286,0.3929,0.39293,5
1337.25,0.3928,0.39283,0.39287,5
1337.35,0.39273,0.39277,0.3928,5
1337.45,0.39267,0.3927,0.39274,5
1337.55,0.3926,0.39264,0.39267,5
1337.65,0.39254,0.39257,0.39261,5
1337.75,0.39248,0.39251,0.39254,5
1337.85,0.39242,0.39244,0.39248,5
1337.95,0.39235,0.39238,0.39241,5
1338.05,0.39229,0.39231,0.39235,5
1338.15,0.39222,0.39225,0.39228,5
1338.25,0.39216,0.39218,0.39222,5
1338.35,0.39209,0.39212,0.39216,5
1338.45,0.39203,0.39205,0.3921,5
1338.55,0.39196,0.39199,0.39203,5
1338.65,0.39189,0.39192,0.39197,5
1338.75,0.39183,0.39186,0.3919,5
1338.85,0.39176,0.3918,0.39184,5
1338.95,0.3917,0.39173,0.39177,5
1339.05,0.39163,0.39167,0.39171,5
1339.15,0.39157,0.3916,0.39164,5
1339.25,0.3915,0.39154,0.39158,5
1339.35,0.39143,0.39147,0.39151,5
1339.45,0.39138,0.39141,0.39145,5
1339.55,0.39131,0.39134,0.39138,5
1339.65,0.39125,0.39127,0.39132,5
1339.75,0.39118,0.39121,0.39125,5
1339.85,0.39112,0.39114,0.39119,5
1339.95,0.39105,0.39108,0.39112,5
1340.05,0.39098,0.39101,0.39106,5
1340.15,0.39092,0.39094,0.391,5
1340.25,0.39085,0.39088,0.39093,5
1340.35,0.39079,0.39081,0.39087,5
1340.45,0.39072,0.39076,0.3908,5
1340.55,0.39065,0.39069,0.39074,5
1340.65,0.39059,0.39062,0.39067,5
1340.75,0.39052,0.39056,0.39061,5
1340.85,0.39045,0.39049,0.39054,5
1340.95,0.39039,0.39042,0.39047,5
1341.05,0.39033,0.39036,0.39041,5
1341.15,0.39027,0.39029,0.39034,5
1341.25,0.3902,0.39023,0.39028,5
1341.35,0.39013,0.39016,0.39021,5
1341.45,0.39007,0.39009,0.39014,5
1341.55,0.39,0.39003,0.39008,5
1341.65,0.38993,0.38996,0.39001,5
1341.75,0.38987,0.38989,0.38996,5
1341.85,0.3898,0.38983,0.38989,5
1341.95,0.38973,0.38976,0.38982,5
1342.05,0.38967,0.38971,0.38976,5
1342.15,0.3896,0.38964,0.38969,5
1342.25,0.38953,0.38957,0.38963,5
1342.35,0.38947,0.38951,0.38956,5
1342.45,0.3894,0.38944,0.38949,5
1342.55,0.38933,0.38937,0.38943,5
1342.65,0.38927,0.38931,0.38936,5
1342.75,0.38921,0.38924,0.38929,5
1342.85,0.38914,0.38917,0.38923,5
1342.95,0.38908,0.38911,0.38916,5
1343.05,0.38901,0.38904,0.38909,5
1343.15,0.38895,0.38898,0.38903,5
1343.25,0.38888,0.38891,0.38896,5
1343.35,0.38881,0.38884,0.3889,5
1343.45,0.38875,0.38878,0.38884,5
1343.55,0.38868,0.38871,0.38877,5
1343.65,0.38861,0.38865,0.38871,5
1343.75,0.38855,0.38859,0.38864,5
1343.85,0.38848,0.38852,0.38857,5
1343.95,0.38841,0.38845,0.38851,5
1344.05,0.38835,0.38839,0.38844,5
1344.15,0.38828,0.38832,0.38837,5
1344.25,0.38821,0.38825,0.38831,5
1344.35,0.38816,0.38819,0.38824,5
1344.45,0.38809,0.38812,0.38817,5
1344.55,0.38802,0.38806,0.38811,5
1344.65,0.38796,0.38799,0.38804,5
1344.75,0.38789,0.38792,0.38797,5
1344.85,0.38782,0.38786,0.38791,5
1344.95,0.38775,0.38779,0.38784,5
1345.05,0.38769,0.38772,0.38778,5
1345.15,0.38762,0.38766,0.38772,5
1345.25,0.38755,0.38759,0.38765,5
1345.35,0.38749,0.38753,0.38758,5
1345.45,0.38742,0.38747,0.38752,5
1345.55,0.38735,0.3874,0.38745,5
1345.65,0.38729,0.38733,0.38738,5
1345.75,0.38722,0.38727,0.38732,5
1345.85,0.38715,0.3872,0.38725,5
1345.95,0.38709,0.38714,0.38718,5
1346.05,0.38703,0.38707,0.38712,5
1346.15,0.38696,0.387,0.38705,5
1346.25,0.3869,0.38694,0.38698,5
1346.35,0.38683,0.38687,0.38692,5
1346.45,0.38676,0.3868,0.38685,5
1346.55,0.3867,0.38674,0.38678,5
1346.65,0.38663,0.38667,0.38672,5
1346.75,0.38656,0.3866,0.38666,5
1346.85,0.3865,0.38654,0.38659,5
1346.95,0.38643,0.38648,0.38653,5
1347.05,0.38636,0.38641,0.38646,5
1347.15,0.3863,0.38635,0.38639,5
1347.25,0.38623,0.38628,0.38633,5
1347.35,0.38616,0.38621,0.38626,5
1347.45,0.3861,0.38615,0.38619,5
1347.55,0.38603,0.38608,0.38613,5
1347.65,0.38597,0.38602,0.38606,5
1347.75,0.38591,0.38595,0.38599,5
1347.85,0.38584,0.38588,0.38592,5
1347.95,0.38577,0.38582,0.38586,5
1348.05,0.38571,0.38575,0.38579,5
1348.15,0.38564,0.38568,0.38572,5
1348.25,0.38558,0.38562,0.38566,5
1348.35,0.38551,0.38555,0.38559,5
1348.45,0.38544,0.38548,0.38554,5
1348.55,0.38538,0.38542,0.38547,5
1348.65,0.38531,0.38536,0.3854,5
1348.75,0.38524,0.3853,0.38534,5
1348.85,0.38518,0.38523,0.38527,5
1348.95,0.38511,0.38516,0.3852,5
1349.05,0.38505,0.3851,0.38514,5
1349.15,0.38498,0.38503,0.38507,5
1349.25,0.38491,0.38496,0.385,5
1349.35,0.38486,0.3849,0.38494,5
1349.45,0.38479,0.38483,0.38487,5
1349.55,0.38473,0.38476,0.3848,5
1349.65,0.38466,0.3847,0.38474,5
1349.75,0.38459,0.38463,0.38467,5
1349.85,0.38453,0.38457,0.38461,5
1349.95,0.38446,0.3845,0.38454,5
1350.05,0.3844,0.38443,0.38448,5
1350.15,0.38433,0.38437,0.38442,5
1350.25,0.38426,0.38431,0.38435,5
1350.35,0.3842,0.38424,0.38428,5
1350.45,0.38413,0.38418,0.38422,5
1350.55,0.38407,0.38411,0.38415,5
1350.65,0.384,0.38405,0.38409,5
1350.75,0.38393,0.38398,0.38402,5
1350.85,0.38387,0.38391,0.38395,5
1350.95,0.38381,0.38385,0.38389,5
1351.05,0.38375,0.38378,0.38382,5
1351.15,0.38368,0.38371,0.38375,5
1351.25,0.38361,0.38365,0.38369,5
1351.35,0.38355,0.38358,0.38362,5
1351.45,0.38348,0.38352,0.38356,5
1351.55,0.38342,0.38345,0.38349,5
1351.65,0.38335,0.38338,0.38342,5
1351.75,0.38329,0.38332,0.38337,5
1351.85,0.38322,0.38325,0.3833,5
1351.95,0.38315,0.38319,0.38323,5
1352.05,0.38309,0.38313,0.38317,5
1352.15,0.38302,0.38306,0.3831,5
1352.25,0.38296,0.383,0.38304,5
1352.35,0.38289,0.38293,0.38297,5
1352.45,0.38283,0.38286,0.3829,5
1352.55,0.38276,0.3828,0.38284,5
1352.65,0.3827,0.38273,0.38277,5
1352.75,0.38264,0.38267,0.38271,5
1352.85,0.38257,0.3826,0.38264,5
1352.95,0.38251,0.38253,0.38257,5
1353.05,0.38244,0.38247,0.38251,5
1353.15,0.38237,0.3824,0.38244,5
1353.25,0.38231,0.38234,0.38238,5
1353.35,0.38224,0.38227,0.38231,5
1353.45,0.38218,0.3822,0.38225,5
1353.55,0.38211,0.38215,0.38219,5
1353.65,0.38205,0.38208,0.38212,5
1353.75,0.38198,0.38202,0.38206,5
1353.85,0.38191,0.38195,0.38199,5
1353.95,0.38185,0.38188,0.38192,5
1354.05,0.38178,0.38182,0.38186,5
1354.15,0.38172,0.38175,0.38179,5
1354.25,0.38165,0.38168,0.38173,5
1354.35,0.38159,0.38162,0.38166,5
1354.45,0.38153,0.38155,0.38159,5
1354.55,0.38146,0.38149,0.38153,5
1354.65,0.3814,0.38142,0.38146,5
1354.75,0.38133,0.38135,0.3814,5
1354.85,0.38127,0.38129,0.38133,5
1354.95,0.3812,0.38122,0.38126,5
1355.05,0.38113,0.38116,0.3812,5
1355.15,0.38107,0.38109,0.38114,5
1355.25,0.381,0.38103,0.38108,5
1355.35,0.38094,0.38097,0.38101,5
1355.45,0.38087,0.3809,0.38094,5
1355.55,0.38081,0.38084,0.38088,5
1355.65,0.38074,0.38077,0.38081,5
1355.75,0.38067,0.3807,0.38075,5
1355.85,0.38061,0.38064,0.38068,5
1355.95,0.38055,0.38057,0.38062,5
1356.05,0.38049,0.38051,0.38055,5
1356.15,0.38042,0.38044,0.38048,5
1356.25,0.38036,0.38037,0.38042,5
1356.35,0.38029,0.38031,0.38035,5
1356.45,0.38022,0.38024,0.38029,5
1356.55,0.38016,0.38018,0.38022,5
1356.65,0.38009,0.38011,0.38016,5
1356.75,0.38003,0.38005,0.38009,5
1356.85,0.37996,0.37999,0.38004,5
1356.95,0.3799,0.37992,0.37997,5
1357.05,0.37983,0.37986,0.3799,5
1357.15,0.37977,0.37979,0.37984,5
1357.25,0.3797,0.37973,0.37977,5
1357.35,0.37963,0.37966,0.37971,5
1357.45,0.37957,0.3796,0.37964,5
1357.55,0.3795,0.37953,0.37958,5
1357.65,0.37945,0.37947,0.37951,5
1357.75,0.37938,0.3794,0.37945,5
1357.85,0.37932,0.37933,0.37938,5
1357.95,0.37925,0.37927,0.37932,5
1358.05,0.37919,0.3792,0.37925,5
1358.15,0.37912,0.37914,0.37919,5
1358.25,0.37906,0.37907,0.37912,5
1358.35,0.37899,0.37901,0.37906,5
1358.45,0.37893,0.37894,0.37899,5
1358.55,0.37886,0.37889,0.37894,5
1358.65,0.3788,0.37882,0.37887,5
1358.75,0.37873,0.37876,0.37881,5
1358.85,0.37867,0.37869,0.37874,5
1358.95,0.3786,0.37863,0.37868,5
1359.05,0.37854,0.37856,0.37861,5
1359.15,0.37847,0.3785,0.37855,5
1359.25,0.37841,0.37843,0.37848,5
1359.35,0.37835,0.37837,0.37842,5
1359.45,0.37829,0.3783,0.37835,5
1359.55,0.37822,0.37824,0.37829,5
1359.65,0.37816,0.37817,0.37822,5
1359.75,0.37809,0.37811,0.37816,5
1359.85,0.37803,0.37805,0.37809,5
1359.95,0.37797,0.37798,0.37803,5
1360.05,0.3779,0.37792,0.37797,5
1360.15,0.37784,0.37785,0.3779,5
1360.25,0.37777,0.3778,0.37785,5
1360.35,0.37771,0.37773,0.37778,5
1360.45,0.37764,0.37767,0.37772,5
1360.55,0.37758,0.37761,0.37765,5
1360.65,0.37751,0.37754,0.37759,5
1360.75,0.37745,0.37748,0.37753,5
1360.85,0.37739,0.37741,0.37746,5
1360.95,0.37732,0.37735,0.3774,5
1361.05,0.37727,0.37728,0.37733,5
1361.15,0.3772,0.37722,0.37727,5
1361.25,0.37714,0.37716,0.3772,5
1361.35,0.37708,0.37709,0.37714,5
1361.45,0.37701,0.37703,0.37708,5
1361.55,0.37695,0.37697,0.37701,5
1361.65,0.37688,0.3769,0.37695,5
1361.75,0.37682,0.37684,0.37689,5
1361.85,0.37676,0.37677,0.37682,5
1361.95,0.37669,0.37672,0.37677,5
1362.05,0.37663,0.37666,0.3767,5
1362.15,0.37656,0.37659,0.37664,5
1362.25,0.3765,0.37653,0.37658,5
1362.35,0.37644,0.37647,0.37651,5
1362.45,0.37637,0.3764,0.37645,5
1362.55,0.37631,0.37634,0.37639,5
1362.65,0.37625,0.37628,0.37632,5
1362.75,0.37619,0.37621,0.37626,5
1362.85,0.37613,0.37615,0.3762,5
1362.95,0.37607,0.37609,0.37613,5
1363.05,0.376,0.37602,0.37607,5
1363.15,0.37594,0.37596,0.37601,5
1363.25,0.37588,0.3759,0.37594,5
1363.35,0.37581,0.37583,0.37588,5
1363.45,0.37575,0.37577,0.37582,5
1363.55,0.37569,0.37571,0.37575,5
1363.65,0.37562,0.37566,0.37569,5
1363.75,0.37556,0.37559,0.37564,5
1363.85,0.3755,0.37553,0.37557,5
1363.95,0.37543,0.37547,0.37551,5
1364.05,0.37537,0.3754,0.37545,5
1364.15,0.37531,0.37534,0.37539,5
1364.25,0.37525,0.37528,0.37532,5
1364.35,0.37518,0.37522,0.37526,5
1364.45,0.37513,0.37515,0.3752,5
1364.55,0.37507,0.37509,0.37514,5
1364.65,0.37501,0.37503,0.37507,5
1364.75,0.37494,0.37497,0.37501,5
1364.85,0.37488,0.37491,0.37495,5
1364.95,0.37482,0.37484,0.37489,5
1365.05,0.37476,0.37478,0.37482,5
1365.15,0.3747,0.37472,0.37476,5
1365.25,0.37463,0.37466,0.3747,5
1365.35,0.37457,0.37459,0.37464,5
1365.45,0.37451,0.37454,0.37459,5
1365.55,0.37445,0.37448,0.37452,5
1365.65,0.37439,0.37442,0.37446,5
1365.75,0.37432,0.37436,0.3744,5
1365.85,0.37426,0.3743,0.37434,5
1365.95,0.3742,0.37423,0.37428,5
1366.05,0.37414,0.37417,0.37421,5
1366.15,0.37408,0.37411,0.37415,5
1366.25,0.37403,0.37405,0.37409,5
1366.35,0.37396,0.37399,0.37403,5
1366.45,0.3739,0.37393,0.37397,5
1366.55,0.37384,0.37386,0.37391,5
1366.65,0.37378,0.3738,0.37385,5
1366.75,0.37372,0.37374,0.37378,5
1366.85,0.37366,0.37368,0.37372,5
1366.95,0.3736,0.37362,0.37366,5
1367.05,0.37353,0.37356,0.3736,5
1367.15,0.37347,0.37351,0.37354,5
1367.25,0.37341,0.37345,0.37349,5
1367.35,0.37335,0.37338,0.37343,5
1367.45,0.37329,0.37332,0.37336,5
1367.55,0.37323,0.37326,0.3733,5
1367.65,0.37317,0.3732,0.37324,5
1367.75,0.37311,0.37314,0.37318,5
1367.85,0.37305,0.37308,0.37312,5
1367.95,0.37298,0.37302,0.37306,5
1368.05,0.37293,0.37296,0.373,5
1368.15,0.37287,0.3729,0.37294,5
1368.25,0.37281,0.37284,0.37288,5
1368.35,0.37275,0.37277,0.37282,5
1368.45,0.37269,0.37271,0.37275,5
1368.55,0.37263,0.37265,0.37269,5
1368.65,0.37257,0.37259,0.37263,5
1368.75,0.37251,0.37253,0.37257,5
1368.85,0.37245,0.37247,0.37251,5
1368.95,0.37239,0.37242,0.37245,5
1369.05,0.37233,0.37236,0.37239,5
1369.15,0.37227,0.3723,0.37234,5
1369.25,0.37221,0.37224,0.37228,5
1369.35,0.37215,0.37218,0.37222,5
1369.45,0.37208,0.37212,0.37216,5
1369.55,0.37202,0.37206,0.3721,5
1369.65,0.37196,0.372,0.37204,5
1369.75,0.3719,0.37194,0.37198,5
1369.85,0.37185,0.37188,0.37192,5
1369.95,0.37179,0.37182,0.37186,5
1370.05,0.37173,0.37176,0.3718,5
1370.15,0.37167,0.3717,0.37174,5
1370.25,0.37161,0.37164,0.37168,5
1370.35,0.37155,0.37158,0.37162,5
1370.45,0.37149,0.37152,0.37156,5
1370.55,0.37143,0.37146,0.3715,5
1370.65,0.37137,0.3714,0.37144,5
1370.75,0.37131,0.37135,0.37138,5
1370.85,0.37125,0.37129,0.37132,5
1370.95,0.37119,0.37123,0.37127,5
1371.05,0.37114,0.37117,0.37121,5
1371.15,0.37108,0.37111,0.37115,5
1371.25,0.37102,0.37105,0.37109,5
1371.35,0.37096,0.37099,0.37103,5
1371.45,0.3709,0.37093,0.37097,5
1371.55,0.37084,0.37087,0.37091,5
1371.65,0.37079,0.37081,0.37085,5
1371.75,0.37073,0.37075,0.37079,5
1371.85,0.37067,0.37069,0.37073,5
1371.95,0.37061,0.37063,0.37067,5
1372.05,0.37055,0.37057,0.37061,5
1372.15,0.37049,0.37051,0.37055,5
1372.25,0.37043,0.37045,0.37049,5
1372.35,0.37037,0.37039,0.37043,5
1372.45,0.37031,0.37033,0.37038,5
1372.55,0.37025,0.37027,0.37032,5
1372.65,0.37019,0.37022,0.37026,5
1372.75,0.37013,0.37016,0.3702,5
1372.85,0.37007,0.37011,0.37015,5
1372.95,0.37001,0.37005,0.37009,5
1373.05,0.36995,0.36999,0.37003,5
1373.15,0.36989,0.36993,0.36997,5
1373.25,0.36984,0.36987,0.36991,5
1373.35,0.36978,0.36981,0.36985,5
1373.45,0.36972,0.36975,0.36979,5
1373.55,0.36967,0.36969,0.36973,5
1373.65,0.36961,0.36963,0.36967,5
1373.75,0.36955,0.36957,0.36961,5
1373.85,0.36949,0.36951,0.36955,5
1373.95,0.36943,0.36945,0.36949,5
1374.05,0.36937,0.36939,0.36943,5
1374.15,0.36931,0.36933,0.36937,5
1374.25,0.36925,0.36927,0.36932,5
1374.35,0.36919,0.36921,0.36926,5
1374.45,0.36913,0.36916,0.3692,5
1374.55,0.36907,0.3691,0.36914,5
1374.65,0.36901,0.36905,0.36909,5
1374.75,0.36895,0.36899,0.36903,5
1374.85,0.36889,0.36893,0.36897,5
1374.95,0.36883,0.36887,0.36891,5
1375.05,0.36877,0.36881,0.36885,5
1375.15,0.36871,0.36875,0.36879,5
1375.25,0.36865,0.36869,0.36873,5
1375.35,0.3686,0.36863,0.36867,5
1375.45,0.36854,0.36857,0.36861,5
1375.55,0.36848,0.36851,0.36855,5
1375.65,0.36842,0.36845,0.36849,5
1375.75,0.36836,0.36839,0.36843,5
1375.85,0.3683,0.36833,0.36837,5
1375.95,0.36824,0.36827,0.36831,5
1376.05,0.36818,0.36821,0.36825,5
1376.15,0.36812,0.36815,0.36819,5
1376.25,0.36806,0.3681,0.36813,5
1376.35,0.368,0.36804,0.36807,5
1376.45,0.36794,0.36798,0.36801,5
1376.55,0.36788,0.36792,0.36796,5
1376.65,0.36782,0.36786,0.3679,5
1376.75,0.36776,0.3678,0.36784,5
1376.85,0.3677,0.36774,0.36777,5
1376.95,0.36763,0.36768,0.36771,5
1377.05,0.36757,0.36761,0.36765,5
1377.15,0.36752,0.36755,0.36759,5
1377.25,0.36746,0.36749,0.36753,5
1377.35,0.3674,0.36743,0.36747,5
1377.45,0.36734,0.36737,0.36741,5
1377.55,0.36728,0.36731,0.36735,5
1377.65,0.36722,0.36725,0.36729,5
1377.75,0.36716,0.36719,0.36723,5
1377.85,0.3671,0.36713,0.36717,5
1377.95,0.36704,0.36707,0.36711,5
1378.05,0.36698,0.36702,0.36705,5
1378.15,0.36691,0.36696,0.36699,5
1378.25,0.36685,0.3669,0.36692,5
1378.35,0.36679,0.36684,0.36687,5
1378.45,0.36673,0.36678,0.36681,5
1378.55,0.36667,0.36672,0.36675,5
1378.65,0.36661,0.36666,0.36669,5
1378.75,0.36655,0.3666,0.36663,5
1378.85,0.36649,0.36654,0.36657,5
1378.95,0.36644,0.36648,0.36651,5
1379.05,0.36638,0.36641,0.36645,5
1379.15,0.36631,0.36635,0.36639,5
1379.25,0.36625,0.36629,0.36633,5
1379.35,0.36619,0.36623,0.36627,5
1379.45,0.36613,0.36617,0.3662,5
1379.55,0.36607,0.36611,0.36614,5
1379.65,0.36601,0.36605,0.36608,5
1379.75,0.36595,0.36599,0.36602,5
1379.85,0.36589,0.36594,0.36596,5
1379.95,0.36583,0.36588,0.3659,5
1380.05,0.36576,0.36582,0.36584,5
1380.15,0.3657,0.36576,0.36579,5
1380.25,0.36564,0.3657,0.36573,5
1380.35,0.36558,0.36564,0.36567,5
1380.45,0.36552,0.36558,0.3656,5
1380.55,0.36546,0.36551,0.36554,5
1380.65,0.3654,0.36545,0.36548,5
1380.75,0.36535,0.36539,0.36542,5
1380.85,0.36529,0.36533,0.36536,5
1380.95,0.36523,0.36527,0.3653,5
1381.05,0.36517,0.36521,0.36524,5
1381.15,0.3651,0.36515,0.36518,5
1381.25,0.36504,0.36509,0.36512,5
1381.35,0.36498,0.36503,0.36506,5
1381.45,0.36492,0.36497,0.365,5
1381.55,0.36486,0.36491,0.36494,5
1381.65,0.3648,0.36486,0.36488,5
1381.75,0.36474,0.3648,0.36481,5
1381.85,0.36468,0.36474,0.36475,5
1381.95,0.36462,0.36468,0.36469,5
1382.05,0.36456,0.36462,0.36464,5
1382.15,0.3645,0.36456,0.36458,5
1382.25,0.36444,0.3645,0.36452,5
1382.35,0.36438,0.36444,0.36446,5
1382.45,0.36432,0.36437,0.3644,5
1382.55,0.36427,0.36431,0.36434,5
1382.65,0.36421,0.36425,0.36428,5
1382.75,0.36415,0.36419,0.36422,5
1382.85,0.36409,0.36413,0.36416,5
1382.95,0.36403,0.36407,0.3641,5
1383.05,0.36397,0.36401,0.36404,5
1383.15,0.36391,0.36395,0.36397,5
1383.25,0.36384,0.36389,0.36391,5
1383.35,0.36378,0.36383,0.36385,5
1383.45,0.36372,0.36378,0.36379,5
1383.55,0.36366,0.36372,0.36373,5
1383.65,0.3636,0.36366,0.36367,5
1383.75,0.36354,0.3636,0.36361,5
1383.85,0.36348,0.36353,0.36356,5
1383.95,0.36342,0.36347,0.3635,5
1384.05,0.36336,0.36341,0.36344,5
1384.15,0.3633,0.36335,0.36338,5
1384.25,0.36324,0.36329,0.36331,5
1384.35,0.36319,0.36323,0.36325,5
1384.45,0.36313,0.36317,0.36319,5
1384.55,0.36307,0.36311,0.36313,5
1384.65,0.36301,0.36305,0.36307,5
1384.75,0.36294,0.36299,0.36301,5
1384.85,0.36288,0.36293,0.36295,5
1384.95,0.36282,0.36286,0.36289,5
1385.05,0.36276,0.3628,0.36283,5
1385.15,0.3627,0.36274,0.36277,5
1385.25,0.36264,0.36269,0.3627,5
1385.35,0.36258,0.36263,0.36264,5
1385.45,0.36252,0.36257,0.36258,5
1385.55,0.36246,0.36251,0.36252,5
1385.65,0.3624,0.36245,0.36247,5
1385.75,0.36234,0.36238,0.36241,5
1385.85,0.36227,0.36232,0.36235,5
1385.95,0.36221,0.36226,0.36229,5
1386.05,0.36215,0.3622,0.36222,5
1386.15,0.3621,0.36214,0.36216,5
1386.25,0.36204,0.36208,0.3621,5
1386.35,0.36198,0.36202,0.36204,5
1386.45,0.36192,0.36195,0.36198,5
1386.55,0.36186,0.36189,0.36192,5
1386.65,0.36179,0.36183,0.36185,5
1386.75,0.36173,0.36177,0.36179,5
1386.85,0.36167,0.36171,0.36173,5
1386.95,0.36161,0.36164,0.36167,5
1387.05,0.36155,0.36159,0.36161,5
1387.15,0.36148,0.36153,0.36155,5
1387.25,0.36142,0.36147,0.36148,5
1387.35,0.36136,0.3614,0.36142,5
1387.45,0.3613,0.36134,0.36137,5
1387.55,0.36124,0.36128,0.36131,5
1387.65,0.36117,0.36122,0.36124,5
1387.75,0.36111,0.36115,0.36118,5
1387.85,0.36105,0.36109,0.36112,5
1387.95,0.361,0.36103,0.36106,5
1388.05,0.36094,0.36097,0.361,5
1388.15,0.36087,0.3609,0.36093,5
1388.25,0.36081,0.36084,0.36087,5
1388.35,0.36075,0.36078,0.36081,5
1388.45,0.36069,0.36071,0.36075,5
1388.55,0.36063,0.36065,0.36068,5
1388.65,0.36056,0.36059,0.36062,5
1388.75,0.3605,0.36054,0.36056,5
1388.85,0.36044,0.36047,0.3605,5
1388.95,0.36038,0.36041,0.36043,5
1389.05,0.36031,0.36035,0.36037,5
1389.15,0.36025,0.36028,0.36031,5
1389.25,0.36019,0.36022,0.36026,5
1389.35,0.36013,0.36016,0.36019,5
1389.45,0.36006,0.3601,0.36013,5
1389.55,0.36,0.36003,0.36007,5
1389.65,0.35994,0.35997,0.36001,5
1389.75,0.35988,0.35991,0.35994,5
1389.85,0.35982,0.35984,0.35988,5
1389.95,0.35976,0.35978,0.35982,5
1390.05,0.3597,0.35972,0.35976,5
1390.15,0.35963,0.35965,0.35969,5
1390.25,0.35957,0.35959,0.35963,5
1390.35,0.35951,0.35953,0.35957,5
1390.45,0.35944,0.35946,0.3595,5
1390.55,0.35938,0.35941,0.35944,5
1390.65,0.35932,0.35935,0.35938,5
1390.75,0.35926,0.35928,0.35932,5
1390.85,0.35919,0.35922,0.35925,5
1390.95,0.35913,0.35916,0.35919,5
1391.05,0.35907,0.35909,0.35914,5
1391.15,0.359,0.35903,0.35907,5
1391.25,0.35894,0.35897,0.35901,5
1391.35,0.35888,0.3589,0.35895,5
1391.45,0.35882,0.35884,0.35888,5
1391.55,0.35876,0.35878,0.35882,5
1391.65,0.3587,0.35871,0.35876,5
1391.75,0.35863,0.35865,0.35869,5
1391.85,0.35857,0.35859,0.35863,5
1391.95,0.35851,0.35852,0.35857,5
1392.05,0.35844,0.35846,0.3585,5
1392.15,0.35838,0.3584,0.35844,5
1392.25,0.35832,0.35834,0.35838,5
1392.35,0.35825,0.35828,0.35831,5
1392.45,0.35819,0.35821,0.35825,5
1392.55,0.35813,0.35815,0.35819,5
1392.65,0.35806,0.35809,0.35812,5
1392.75,0.358,0.35802,0.35807,5
1392.85,0.35793,0.35796,0.35801,5
1392.95,0.35787,0.3579,0.35794,5
1393.05,0.35781,0.35783,0.35788,5
1393.15,0.35775,0.35777,0.35781,5
1393.25,0.35769,0.35771,0.35775,5
1393.35,0.35762,0.35764,0.35769,5
1393.45,0.35756,0.35758,0.35762,5
1393.55,0.3575,0.35751,0.35756,5
1393.65,0.35743,0.35745,0.3575,5
1393.75,0.35737,0.35739,0.35743,5
1393.85,0.3573,0.35732,0.35737,5
1393.95,0.35724,0.35727,0.3573,5
1394.05,0.35718,0.35721,0.35724,5
1394.15,0.35711,0.35714,0.35718,5
1394.25,0.35705,0.35708,0.35711,5
1394.35,0.35698,0.35701,0.35705,5
1394.45,0.35692,0.35695,0.35699,5
1394.55,0.35686,0.35689,0.35693,5
1394.65,0.35679,0.35682,0.35687,5
1394.75,0.35673,0.35676,0.3568,5
1394.85,0.35667,0.35669,0.35674,5
1394.95,0.35661,0.35663,0.35667,5
1395.05,0.35654,0.35657,0.35661,5
1395.15,0.35648,0.3565,0.35655,5
1395.25,0.35642,0.35644,0.35648,5
1395.35,0.35635,0.35638,0.35642,5
1395.45,0.35629,0.35631,0.35635,5
1395.55,0.35622,0.35625,0.35629,5
1395.65,0.35616,0.35619,0.35622,5
1395.75,0.35609,0.35613,0.35616,5
1395.85,0.35603,0.35607,0.3561,5
1395.95,0.35597,0.356,0.35603,5
1396.05,0.3559,0.35594,0.35597,5
1396.15,0.35584,0.35587,0.3559,5
1396.25,0.35577,0.35581,0.35585,5
1396.35,0.35571,0.35574,0.35579,5
1396.45,0.35564,0.35568,0.35572,5
1396.55,0.35559,0.35562,0.35566,5
1396.65,0.35553,0.35555,0.35559,5
1396.75,0.35546,0.35549,0.35553,5
1396.85,0.3554,0.35542,0.35546,5
1396.95,0.35533,0.35536,0.3554,5
1397.05,0.35527,0.3553,0.35534,5
1397.15,0.3552,0.35523,0.35527,5
1397.25,0.35514,0.35517,0.35521,5
1397.35,0.35507,0.35511,0.35514,5
1397.45,0.35501,0.35505,0.35508,5
1397.55,0.35495,0.35499,0.35501,5
1397.65,0.35488,0.35492,0.35495,5
1397.75,0.35482,0.35486,0.35489,5
1397.85,0.35475,0.35479,0.35482,5
1397.95,0.35469,0.35473,0.35477,5
1398.05,0.35463,0.35467,0.3547,5
1398.15,0.35456,0.3546,0.35464,5
1398.25,0.35451,0.35454,0.35457,5
1398.35,0.35444,0.35447,0.35451,5
1398.45,0.35438,0.35441,0.35445,5
1398.55,0.35431,0.35435,0.35438,5
1398.65,0.35425,0.35428,0.35432,5
1398.75,0.35419,0.35422,0.35425,5
1398.85,0.35412,0.35415,0.35419,5
1398.95,0.35406,0.35409,0.35413,5
1399.05,0.35399,0.35403,0.35406,5
1399.15,0.35393,0.35397,0.354,5
1399.25,0.35386,0.35391,0.35393,5
1399.35,0.3538,0.35384,0.35387,5
1399.45,0.35374,0.35378,0.3538,5
1399.55,0.35367,0.35371,0.35374,5
1399.65,0.35361,0.35365,0.35369,5
1399.75,0.35354,0.35358,0.35362,5
1399.85,0.35348,0.35352,0.35356,5
1399.95,0.35342,0.35346,0.35349,5
1400.05,0.35336,0.35339,0.35343,5
1400.15,0.3533,0.35333,0.35336,5
1400.25,0.35323,0.35326,0.3533,5
1400.35,0.35317,0.3532,0.35323,5
1400.45,0.3531,0.35314,0.35317,5
1400.55,0.35304,0.35307,0.35311,5
1400.65,0.35297,0.35301,0.35304,5
1400.75,0.35291,0.35295,0.35298,5
1400.85,0.35285,0.35289,0.35291,5
1400.95,0.35278,0.35282,0.35285,5
1401.05,0.35272,0.35276,0.35278,5
1401.15,0.35265,0.35269,0.35272,5
1401.25,0.35259,0.35263,0.35265,5
1401.35,0.35252,0.35257,0.35259,5
1401.45,0.35246,0.3525,0.35254,5
1401.55,0.35239,0.35244,0.35247,5
1401.65,0.35233,0.35237,0.35241,5
1401.75,0.35228,0.35231,0.35234,5
1401.85,0.35221,0.35224,0.35228,5
1401.95,0.35215,0.35218,0.35221,5
1402.05,0.35208,0.35211,0.35215,5
1402.15,0.35202,0.35205,0.35208,5
1402.25,0.35195,0.35199,0.35202,5
1402.35,0.35189,0.35192,0.35195,5
1402.45,0.35182,0.35187,0.35189,5
1402.55,0.35176,0.3518,0.35183,5
1402.65,0.3517,0.35174,0.35176,5
1402.75,0.35163,0.35167,0.3517,5
1402.85,0.35157,0.35161,0.35163,5
1402.95,0.3515,0.35154,0.35157,5
1403.05,0.35144,0.35148,0.3515,5
1403.15,0.35137,0.35141,0.35145,5
1403.25,0.35131,0.35135,0.35138,5
1403.35,0.35125,0.35128,0.35132,5
1403.45,0.35119,0.35122,0.35125,5
1403.55,0.35112,0.35115,0.35119,5
1403.65,0.35106,0.35109,0.35112,5
1403.75,0.35099,0.35102,0.35106,5
1403.85,0.35093,0.35096,0.35099,5
1403.95,0.35086,0.35089,0.35093,5
1404.05,0.3508,0.35083,0.35086,5
1404.15,0.35073,0.35077,0.3508,5
1404.25,0.35067,0.35071,0.35073,5
1404.35,0.3506,0.35064,0.35067,5
1404.45,0.35054,0.35058,0.3506,5
1404.55,0.35047,0.35051,0.35053,5
1404.65,0.3504,0.35045,0.35047,5
1404.75,0.35034,0.35038,0.3504,5
1404.85,0.35027,0.35032,0.35035,5
1404.95,0.35021,0.35025,0.35028,5
1405.05,0.35015,0.35019,0.35022,5
1405.15,0.35009,0.35012,0.35015,5
1405.25,0.35002,0.35006,0.35009,5
1405.35,0.34996,0.34999,0.35002,5
1405.45,0.34989,0.34992,0.34996,5
1405.55,0.34983,0.34986,0.34989,5
1405.65,0.34976,0.34979,0.34983,5
1405.75,0.3497,0.34973,0.34976,5
1405.85,0.34963,0.34967,0.3497,5
1405.95,0.34957,0.34961,0.34963,5
1406.05,0.3495,0.34954,0.34957,5
1406.15,0.34944,0.34948,0.3495,5
1406.25,0.34937,0.34941,0.34944,5
1406.35,0.34931,0.34935,0.34937,5
1406.45,0.34924,0.34928,0.34931,5
1406.55,0.34918,0.34922,0.34925,5
1406.65,0.34911,0.34915,0.34918,5
1406.75,0.34906,0.34909,0.34912,5
1406.85,0.34899,0.34902,0.34905,5
1406.95,0.34893,0.34896,0.34899,5
1407.05,0.34886,0.34889,0.34892,5
1407.15,0.3488,0.34882,0.34886,5
1407.25,0.34873,0.34876,0.34879,5
1407.35,0.34867,0.34869,0.34873,5
1407.45,0.3486,0.34864,0.34866,5
1407.55,0.34853,0.34857,0.3486,5
1407.65,0.34847,0.34851,0.34853,5
1407.75,0.3484,0.34844,0.34847,5
1407.85,0.34834,0.34838,0.3484,5
1407.95,0.34827,0.34831,0.34834,5
1408.05,0.34821,0.34825,0.34827,5
1408.15,0.34814,0.34818,0.3482,5
1408.25,0.34808,0.34812,0.34815,5
1408.35,0.34801,0.34805,0.34808,5
1408.45,0.34796,0.34798,0.34802,5
1408.55,0.34789,0.34792,0.34795,5
1408.65,0.34783,0.34785,0.34789,5
1408.75,0.34776,0.34779,0.34782,5
1408.85,0.3477,0.34772,0.34775,5
1408.95,0.34763,0.34766,0.34769,5
1409.05,0.34757,0.34759,0.34762,5
1409.15,0.3475,0.34753,0.34756,5
1409.25,0.34744,0.34747,0.34749,5
1409.35,0.34737,0.3474,0.34743,5
1409.45,0.34731,0.34734,0.34736,5
1409.55,0.34724,0.34727,0.34729,5
1409.65,0.34718,0.34721,0.34723,5
1409.75,0.34711,0.34714,0.34716,5
1409.85,0.34705,0.34708,0.3471,5
1409.95,0.34698,0.34701,0.34704,5
1410.05,0.34692,0.34694,0.34698,5
1410.15,0.34686,0.34688,0.34691,5
1410.25,0.3468,0.34681,0.34684,5
1410.35,0.34673,0.34675,0.34678,5
1410.45,0.34667,0.34668,0.34671,5
1410.55,0.3466,0.34662,0.34665,5
1410.65,0.34654,0.34655,0.34658,5
1410.75,0.34647,0.34649,0.34652,5
1410.85,0.34641,0.34643,0.34645,5
1410.95,0.34634,0.34637,0.34639,5
1411.05,0.34628,0.3463,0.34632,5
1411.15,0.34621,0.34623,0.34625,5
1411.25,0.34615,0.34617,0.34619,5
1411.35,0.34608,0.3461,0.34612,5
1411.45,0.34602,0.34604,0.34606,5
1411.55,0.34595,0.34597,0.34599,5
1411.65,0.34589,0.34591,0.34594,5
1411.75,0.34582,0.34584,0.34587,5
1411.85,0.34577,0.34578,0.34581,5
1411.95,0.3457,0.34571,0.34574,5
1412.05,0.34564,0.34565,0.34568,5
1412.15,0.34557,0.34558,0.34561,5
1412.25,0.34551,0.34552,0.34555,5
1412.35,0.34545,0.34545,0.34548,5
1412.45,0.34538,0.3454,0.34542,5
1412.55,0.34532,0.34533,0.34535,5
1412.65,0.34525,0.34527,0.34529,5
1412.75,0.34519,0.3452,0.34522,5
1412.85,0.34512,0.34514,0.34516,5
1412.95,0.34506,0.34507,0.34509,5
1413.05,0.34499,0.34501,0.34503,5
1413.15,0.34493,0.34494,0.34496,5
1413.25,0.34487,0.34488,0.3449,5
1413.35,0.3448,0.34482,0.34484,5
1413.45,0.34474,0.34475,0.34478,5
1413.55,0.34468,0.34469,0.34471,5
1413.65,0.34462,0.34462,0.34465,5
1413.75,0.34455,0.34456,0.34459,5
1413.85,0.34449,0.34449,0.34452,5
1413.95,0.34443,0.34443,0.34446,5
1414.05,0.34436,0.34437,0.3444,5
1414.15,0.3443,0.34431,0.34433,5
1414.25,0.34424,0.34425,0.34427,5
1414.35,0.34417,0.34419,0.34421,5
1414.45,0.34411,0.34412,0.34414,5
1414.55,0.34404,0.34406,0.34408,5
1414.65,0.34398,0.344,0.34402,5
1414.75,0.34392,0.34393,0.34395,5
1414.85,0.34385,0.34387,0.34389,5
1414.95,0.34379,0.3438,0.34383,5
1415.05,0.34373,0.34374,0.34377,5
1415.15,0.34366,0.34368,0.34371,5
1415.25,0.34361,0.34361,0.34365,5
1415.35,0.34355,0.34355,0.34358,5
1415.45,0.34348,0.34349,0.34352,5
1415.55,0.34342,0.34342,0.34346,5
1415.65,0.34336,0.34336,0.3434,5
1415.75,0.34329,0.3433,0.34333,5
1415.85,0.34323,0.34324,0.34327,5
1415.95,0.34317,0.34318,0.34321,5
1416.05,0.3431,0.34312,0.34315,5
1416.15,0.34304,0.34306,0.34308,5
1416.25,0.34298,0.34299,0.34302,5
1416.35,0.34291,0.34293,0.34296,5
1416.45,0.34285,0.34287,0.3429,5
1416.55,0.34279,0.34281,0.34283,5
1416.65,0.34272,0.34274,0.34277,5
1416.75,0.34266,0.34268,0.34271,5
1416.85,0.3426,0.34262,0.34266,5
1416.95,0.34255,0.34255,0.34259,5
1417.05,0.34248,0.34249,0.34253,5
1417.15,0.34242,0.34243,0.34247,5
1417.25,0.34236,0.34237,0.34241,5
1417.35,0.3423,0.3423,0.34234,5
1417.45,0.34223,0.34224,0.34228,5
1417.55,0.34217,0.34218,0.34222,5
1417.65,0.34211,0.34213,0.34216,5
1417.75,0.34204,0.34206,0.3421,5
1417.85,0.34198,0.342,0.34203,5
1417.95,0.34192,0.34194,0.34197,5
1418.05,0.34186,0.34188,0.34191,5
1418.15,0.34179,0.34182,0.34185,5
1418.25,0.34173,0.34175,0.34179,5
1418.35,0.34167,0.34169,0.34173,5
1418.45,0.34161,0.34163,0.34166,5
1418.55,0.34155,0.34157,0.3416,5
1418.65,0.34148,0.34151,0.34155,5
1418.75,0.34143,0.34144,0.34149,5
1418.85,0.34137,0.34138,0.34143,5
1418.95,0.34131,0.34132,0.34137,5
1419.05,0.34124,0.34126,0.3413,5
1419.15,0.34118,0.3412,0.34124,5
1419.25,0.34112,0.34113,0.34118,5
1419.35,0.34106,0.34108,0.34112,5
1419.45,0.34099,0.34102,0.34106,5
1419.55,0.34093,0.34096,0.34099,5
1419.65,0.34087,0.34089,0.34093,5
1419.75,0.34081,0.34083,0.34087,5
1419.85,0.34075,0.34077,0.34081,5
1419.95,0.34068,0.34071,0.34075,5
1420.05,0.34062,0.34065,0.34068,5
1420.15,0.34056,0.34058,0.34062,5
1420.25,0.3405,0.34052,0.34056,5
1420.35,0.34044,0.34046,0.3405,5
1420.45,0.34038,0.3404,0.34045,5
1420.55,0.34032,0.34034,0.34038,5
1420.65,0.34026,0.34027,0.34032,5
1420.75,0.3402,0.34021,0.34026,5
1420.85,0.34014,0.34015,0.3402,5
1420.95,0.34007,0.34009,0.34014,5
1421.05,0.34001,0.34003,0.34008,5
1421.15,0.33995,0.33998,0.34002,5
1421.25,0.33989,0.33991,0.33995,5
1421.35,0.33983,0.33985,0.33989,5
1421.45,0.33977,0.33979,0.33983,5
1421.55,0.3397,0.33973,0.33977,5
1421.65,0.33964,0.33967,0.33971,5
1421.75,0.33958,0.33961,0.33965,5
1421.85,0.33952,0.33955,0.33959,5
1421.95,0.33946,0.33949,0.33953,5
1422.05,0.3394,0.33942,0.33947,5
1422.15,0.33934,0.33936,0.3394,5
1422.25,0.33929,0.3393,0.33935,5
1422.35,0.33923,0.33924,0.33929,5
1422.45,0.33916,0.33918,0.33923,5
1422.55,0.3391,0.33912,0.33917,5
1422.65,0.33904,0.33906,0.33911,5
1422.75,0.33898,0.339,0.33905,5
1422.85,0.33892,0.33894,0.33899,5
1422.95,0.33886,0.33889,0.33893,5
1423.05,0.3388,0.33883,0.33887,5
1423.15,0.33874,0.33877,0.33881,5
1423.25,0.33868,0.33871,0.33875,5
1423.35,0.33862,0.33865,0.33869,5
1423.45,0.33856,0.33858,0.33863,5
1423.55,0.3385,0.33852,0.33857,5
1423.65,0.33844,0.33846,0.33851,5
1423.75,0.33838,0.3384,0.33845,5
1423.85,0.33832,0.33834,0.33839,5
1423.95,0.33826,0.33828,0.33833,5
1424.05,0.33821,0.33822,0.33828,5
1424.15,0.33815,0.33816,0.33822,5
1424.25,0.33809,0.3381,0.33816,5
1424.35,0.33803,0.33805,0.3381,5
1424.45,0.33797,0.33799,0.33804,5
1424.55,0.33791,0.33793,0.33798,5
1424.65,0.33785,0.33787,0.33792,5
1424.75,0.33779,0.33782,0.33786,5
1424.85,0.33774,0.33776,0.3378,5
1424.95,0.33768,0.3377,0.33774,5
1425.05,0.33762,0.33764,0.33768,5
1425.15,0.33756,0.33758,0.33763,5
1425.25,0.3375,0.33752,0.33757,5
1425.35,0.33744,0.33747,0.33751,5
1425.45,0.33738,0.33741,0.33745,5
1425.55,0.33733,0.33735,0.33739,5
1425.65,0.33727,0.33729,0.33733,5
1425.75,0.33721,0.33723,0.33727,5
1425.85,0.33715,0.33717,0.33722,5
1425.95,0.3371,0.33711,0.33717,5
1426.05,0.33705,0.33706,0.33711,5
1426.15,0.33699,0.337,0.33705,5
1426.25,0.33693,0.33694,0.33699,5
1426.35,0.33687,0.33688,0.33693,5
1426.45,0.33682,0.33682,0.33688,5
1426.55,0.33676,0.33677,0.33682,5
1426.65,0.3367,0.33672,0.33676,5
1426.75,0.33664,0.33666,0.3367,5
1426.85,0.33659,0.3366,0.33665,5
1426.95,0.33653,0.33655,0.33659,5
1427.05,0.33647,0.33649,0.33653,5
1427.15,0.33641,0.33643,0.33647,5
1427.25,0.33636,0.33637,0.33642,5
1427.35,0.3363,0.33632,0.33636,5
1427.45,0.33624,0.33626,0.3363,5
1427.55,0.33619,0.3362,0.33624,5
1427.65,0.33613,0.33614,0.33619,5
1427.75,0.33607,0.33609,0.33613,5
1427.85,0.33602,0.33603,0.33608,5
1427.95,0.33597,0.33597,0.33602,5
1428.05,0.33591,0.33592,0.33597,5
1428.15,0.33585,0.33586,0.33591,5
1428.25,0.3358,0.3358,0.33585,5
1428.35,0.33574,0.33574,0.3358,5
1428.45,0.33568,0.33569,0.33574,5
1428.55,0.33563,0.33564,0.33568,5
1428.65,0.33557,0.33558,0.33563,5
1428.75,0.33552,0.33553,0.33557,5
1428.85,0.33546,0.33547,0.33551,5
1428.95,0.3354,0.33541,0.33546,5
1429.05,0.33535,0.33536,0.3354,5
1429.15,0.33529,0.3353,0.33534,5
1429.25,0.33523,0.33525,0.33529,5
1429.35,0.33518,0.33519,0.33523,5
1429.45,0.33512,0.33513,0.33518,5
1429.55,0.33507,0.33508,0.33512,5
1429.65,0.33501,0.33502,0.33506,5
1429.75,0.33496,0.33496,0.33501,5
1429.85,0.33491,0.33491,0.33496,5
1429.95,0.33485,0.33485,0.33491,5
1430.05,0.3348,0.3348,0.33485,5
1430.15,0.33474,0.33474,0.33479,5
1430.25,0.33469,0.33469,0.33474,5
1430.35,0.33463,0.33463,0.33468,5
1430.45,0.33457,0.33458,0.33463,5
1430.55,0.33452,0.33453,0.33457,5
1430.65,0.33446,0.33447,0.33452,5
1430.75,0.33441,0.33442,0.33446,5
1430.85,0.33435,0.33436,0.3344,5
1430.95,0.3343,0.33431,0.33435,5
1431.05,0.33424,0.33425,0.33429,5
1431.15,0.33418,0.3342,0.33424,5
1431.25,0.33413,0.33414,0.33418,5
1431.35,0.33407,0.33408,0.33413,5
1431.45,0.33402,0.33403,0.33407,5
1431.55,0.33396,0.33397,0.33402,5
1431.65,0.33391,0.33392,0.33396,5
1431.75,0.33386,0.33386,0.33391,5
1431.85,0.33381,0.33381,0.33386,5
1431.95,0.33375,0.33375,0.33381,5
1432.05,0.3337,0.3337,0.33375,5
1432.15,0.33364,0.33364,0.3337,5
1432.25,0.33359,0.33359,0.33364,5
1432.35,0.33353,0.33353,0.33359,5
1432.45,0.33348,0.33349,0.33353,5
1432.55,0.33342,0.33343,0.33348,5
1432.65,0.33337,0.33338,0.33343,5
1432.75,0.33331,0.33333,0.33337,5
1432.85,0.33326,0.33327,0.33332,5
1432.95,0.3332,0.33322,0.33326,5
1433.05,0.33315,0.33316,0.33321,5
1433.15,0.33309,0.33311,0.33315,5
1433.25,0.33304,0.33305,0.3331,5
1433.35,0.33298,0.333,0.33304,5
1433.45,0.33293,0.33294,0.33299,5
1433.55,0.33288,0.33289,0.33294,5
1433.65,0.33282,0.33284,0.33288,5
1433.75,0.33278,0.33278,0.33283,5
1433.85,0.33272,0.33273,0.33278,5
1433.95,0.33267,0.33267,0.33273,5
1434.05,0.33261,0.33262,0.33268,5
1434.15,0.33256,0.33257,0.33262,5
1434.25,0.33251,0.33251,0.33257,5
1434.35,0.33245,0.33246,0.33251,5
1434.45,0.3324,0.33241,0.33246,5
1434.55,0.33234,0.33236,0.33241,5
1434.65,0.33229,0.33231,0.33235,5
1434.75,0.33223,0.33225,0.3323,5
1434.85,0.33218,0.3322,0.33225,5
1434.95,0.33213,0.33214,0.33219,5
1435.05,0.33207,0.33209,0.33214,5
1435.15,0.33202,0.33204,0.33208,5
1435.25,0.33197,0.33198,0.33203,5
1435.35,0.33191,0.33193,0.33198,5
1435.45,0.33186,0.33188,0.33192,5
1435.55,0.3318,0.33182,0.33187,5
1435.65,0.33175,0.33177,0.33181,5
1435.75,0.3317,0.33171,0.33176,5
1435.85,0.33165,0.33166,0.33171,5
1435.95,0.3316,0.33161,0.33166,5
1436.05,0.33154,0.33155,0.33161,5
1436.15,0.33149,0.3315,0.33155,5
1436.25,0.33143,0.33144,0.3315,5
1436.35,0.33138,0.33139,0.33145,5
1436.45,0.33133,0.33135,0.33139,5
1436.55,0.33127,0.33129,0.33134,5
1436.65,0.33122,0.33124,0.33129,5
1436.75,0.33117,0.33119,0.33123,5
1436.85,0.33111,0.33113,0.33118,5
1436.95,0.33106,0.33108,0.33113,5
1437.05,0.33101,0.33102,0.33107,5
1437.15,0.33095,0.33097,0.33102,5
1437.25,0.3309,0.33092,0.33097,5
1437.35,0.33085,0.33086,0.33091,5
1437.45,0.33079,0.33081,0.33086,5
1437.55,0.33074,0.33076,0.33081,5
1437.65,0.33069,0.3307,0.33075,5
1437.75,0.33063,0.33065,0.3307,5
1437.85,0.33059,0.3306,0.33065,5
1437.95,0.33054,0.33055,0.33059,5
1438.05,0.33048,0.33049,0.33055,5
1438.15,0.33043,0.33044,0.3305,5
1438.25,0.33038,0.33039,0.33044,5
1438.35,0.33033,0.33033,0.33039,5
1438.45,0.33027,0.33028,0.33034,5
1438.55,0.33022,0.33024,0.33029,5
1438.65,0.33017,0.33019,0.33023,5
1438.75,0.33011,0.33013,0.33018,5
1438.85,0.33006,0.33008,0.33013,5
1438.95,0.33001,0.33003,0.33008,5
1439.05,0.32996,0.32998,0.33002,5
1439.15,0.32991,0.32992,0.32997,5
1439.25,0.32985,0.32987,0.32992,5
1439.35,0.3298,0.32982,0.32987,5
1439.45,0.32975,0.32977,0.32982,5
1439.55,0.3297,0.32972,0.32976,5
1439.65,0.32964,0.32966,0.32971,5
1439.75,0.32959,0.32961,0.32966,5
1439.85,0.32954,0.32956,0.32961,5
1439.95,0.3295,0.32951,0.32956,5
1440.05,0.32945,0.32946,0.3295,5
1440.15,0.3294,0.32941,0.32946,5
1440.25,0.32934,0.32935,0.32941,5
1440.35,0.32929,0.3293,0.32936,5
1440.45,0.32924,0.32925,0.32931,5
1440.55,0.32919,0.3292,0.32926,5
1440.65,0.32914,0.32916,0.32921,5
1440.75,0.32909,0.32911,0.32916,5
1440.85,0.32904,0.32906,0.32911,5
1440.95,0.32899,0.32901,0.32906,5
1441.05,0.32894,0.32896,0.32901,5
1441.15,0.32889,0.32891,0.32896,5
1441.25,0.32884,0.32886,0.32891,5
1441.35,0.32879,0.32881,0.32886,5
1441.45,0.32874,0.32876,0.32881,5
1441.55,0.32869,0.32871,0.32876,5
1441.65,0.32864,0.32866,0.32871,5
1441.75,0.32859,0.32861,0.32866,5
1441.85,0.32854,0.32856,0.32861,5
1441.95,0.32849,0.32851,0.32856,5
1442.05,0.32845,0.32847,0.32851,5
1442.15,0.3284,0.32842,0.32846,5
1442.25,0.32835,0.32837,0.32841,5
1442.35,0.3283,0.32832,0.32837,5
1442.45,0.32825,0.32827,0.32832,5
1442.55,0.3282,0.32822,0.32828,5
1442.65,0.32816,0.32817,0.32823,5
1442.75,0.32811,0.32812,0.32818,5
1442.85,0.32806,0.32808,0.32813,5
1442.95,0.32801,0.32804,0.32808,5
1443.05,0.32796,0.32799,0.32803,5
1443.15,0.32791,0.32794,0.32798,5
1443.25,0.32786,0.32789,0.32793,5
1443.35,0.32781,0.32784,0.32788,5
1443.45,0.32776,0.32779,0.32784,5
1443.55,0.32772,0.32774,0.32779,5
1443.65,0.32767,0.3277,0.32774,5
1443.75,0.32762,0.32765,0.32769,5
1443.85,0.32757,0.3276,0.32764,5
1443.95,0.32752,0.32755,0.32759,5
1444.05,0.32747,0.3275,0.32755,5
1444.15,0.32742,0.32745,0.3275,5
1444.25,0.32738,0.32741,0.32745,5
1444.35,0.32734,0.32736,0.3274,5
1444.45,0.32729,0.32731,0.32735,5
1444.55,0.32724,0.32726,0.3273,5
1444.65,0.32719,0.32721,0.32727,5
1444.75,0.32714,0.32716,0.32722,5
1444.85,0.32709,0.32712,0.32717,5
1444.95,0.32705,0.32707,0.32712,5
1445.05,0.327,0.32703,0.32707,5
1445.15,0.32695,0.32698,0.32702,5
1445.25,0.3269,0.32693,0.32698,5
1445.35,0.32685,0.32689,0.32693,5
1445.45,0.32681,0.32684,0.32688,5
1445.55,0.32676,0.32679,0.32683,5
1445.65,0.32671,0.32674,0.32678,5
1445.75,0.32666,0.32669,0.32674,5
1445.85,0.32661,0.32664,0.32669,5
1445.95,0.32656,0.3266,0.32664,5
1446.05,0.32652,0.32655,0.32659,5
1446.15,0.32647,0.3265,0.32654,5
1446.25,0.32642,0.32645,0.32649,5
1446.35,0.32637,0.3264,0.32645,5
1446.45,0.32632,0.32635,0.3264,5
1446.55,0.32628,0.32631,0.32635,5
1446.65,0.32624,0.32626,0.3263,5
1446.75,0.32619,0.32621,0.32625,5
1446.85,0.32614,0.32616,0.3262,5
1446.95,0.32609,0.32611,0.32617,5
1447.05,0.32604,0.32606,0.32612,5
1447.15,0.32599,0.32601,0.32607,5
1447.25,0.32595,0.32597,0.32602,5
1447.35,0.3259,0.32593,0.32597,5
1447.45,0.32585,0.32588,0.32592,5
1447.55,0.3258,0.32583,0.32587,5
1447.65,0.32575,0.32578,0.32583,5
1447.75,0.3257,0.32573,0.32578,5
1447.85,0.32566,0.32568,0.32573,5
1447.95,0.32561,0.32563,0.32568,5
1448.05,0.32556,0.32559,0.32563,5
1448.15,0.32551,0.32554,0.32558,5
1448.25,0.32546,0.32549,0.32553,5
1448.35,0.32541,0.32544,0.32549,5
1448.45,0.32536,0.32539,0.32544,5
1448.55,0.32532,0.32534,0.32539,5
1448.65,0.32527,0.32529,0.32534,5
1448.75,0.32522,0.32524,0.32529,5
1448.85,0.32518,0.32519,0.32524,5
1448.95,0.32513,0.32515,0.32519,5
1449.05,0.32508,0.3251,0.32514,5
1449.15,0.32503,0.32505,0.3251,5
1449.25,0.32499,0.325,0.32506,5
1449.35,0.32494,0.32495,0.32501,5
1449.45,0.32489,0.3249,0.32496,5
1449.55,0.32484,0.32486,0.32491,5
1449.65,0.32479,0.32481,0.32486,5
1449.75,0.32474,0.32476,0.32481,5
1449.85,0.32469,0.32471,0.32476,5
1449.95,0.32464,0.32466,0.32471,5
1450.05,0.3246,0.32461,0.32467,5
1450.15,0.32455,0.32457,0.32462,5
1450.25,0.3245,0.32452,0.32457,5
1450.35,0.32445,0.32447,0.32452,5
1450.45,0.3244,0.32442,0.32447,5
1450.55,0.32435,0.32437,0.32442,5
1450.65,0.3243,0.32432,0.32437,5
1450.75,0.32425,0.32427,0.32432,5
1450.85,0.3242,0.32422,0.32427,5
1450.95,0.32415,0.32417,0.32422,5
1451.05,0.3241,0.32412,0.32417,5
1451.15,0.32407,0.32407,0.32412,5
1451.25,0.32402,0.32402,0.32407,5
1451.35,0.32397,0.32397,0.32402,5
1451.45,0.32392,0.32392,0.32398,5
1451.55,0.32387,0.32387,0.32393,5
1451.65,0.32382,0.32382,0.32388,5
1451.75,0.32377,0.32378,0.32383,5
1451.85,0.32371,0.32373,0.32378,5
1451.95,0.32366,0.32368,0.32373,5
1452.05,0.32361,0.32363,0.32368,5
1452.15,0.32356,0.32357,0.32363,5
1452.25,0.32351,0.32352,0.32358,5
1452.35,0.32346,0.32347,0.32353,5
1452.45,0.32341,0.32342,0.32348,5
1452.55,0.32336,0.32337,0.32343,5
1452.65,0.32331,0.32332,0.32338,5
1452.75,0.32326,0.32327,0.32332,5
1452.85,0.32321,0.32322,0.32327,5
1452.95,0.32315,0.32317,0.32322,5
1453.05,0.3231,0.32311,0.32317,5
1453.15,0.32305,0.32306,0.32312,5
1453.25,0.32301,0.32301,0.32307,5
1453.35,0.32296,0.32296,0.32302,5
1453.45,0.32291,0.32291,0.32297,5
1453.55,0.32286,0.32286,0.32292,5
1453.65,0.32281,0.32281,0.32287,5
1453.75,0.32275,0.32276,0.32282,5
1453.85,0.3227,0.3227,0.32277,5
1453.95,0.32265,0.32266,0.32272,5
1454.05,0.3226,0.32261,0.32267,5
1454.15,0.32255,0.32256,0.32262,5
1454.25,0.3225,0.32251,0.32257,5
1454.35,0.32245,0.32246,0.32251,5
1454.45,0.32239,0.3224,0.32246,5
1454.55,0.32234,0.32235,0.32241,5
1454.65,0.32229,0.3223,0.32236,5
1454.75,0.32224,0.32225,0.32231,5
1454.85,0.32219,0.3222,0.32226,5
1454.95,0.32214,0.32215,0.3222,5
1455.05,0.32208,0.32209,0.32215,5
1455.15,0.32203,0.32204,0.3221,5
1455.25,0.32198,0.32199,0.32205,5
1455.35,0.32193,0.32194,0.322,5
1455.45,0.32189,0.32189,0.32195,5
1455.55,0.32184,0.32184,0.32189,5
1455.65,0.32178,0.32178,0.32184,5
1455.75,0.32173,0.32173,0.32179,5
1455.85,0.32168,0.32168,0.32175,5
1455.95,0.32163,0.32163,0.3217,5
1456.05,0.32158,0.32159,0.32165,5
1456.15,0.32153,0.32153,0.32159,5
1456.25,0.32147,0.32148,0.32154,5
1456.35,0.32142,0.32143,0.32149,5
1456.45,0.32137,0.32138,0.32144,5
1456.55,0.32132,0.32133,0.32139,5
1456.65,0.32127,0.32128,0.32133,5
1456.75,0.32121,0.32122,0.32128,5
1456.85,0.32116,0.32117,0.32123,5
1456.95,0.32111,0.32112,0.32118,5
1457.05,0.32106,0.32107,0.32113,5
1457.15,0.32101,0.32102,0.32108,5
1457.25,0.32096,0.32097,0.32103,5
1457.35,0.32091,0.32092,0.32097,5
1457.45,0.32085,0.32087,0.32092,5
1457.55,0.32081,0.32081,0.32087,5
1457.65,0.32076,0.32076,0.32082,5
1457.75,0.32071,0.32071,0.32077,5
1457.85,0.32066,0.32066,0.32072,5
1457.95,0.32061,0.32061,0.32067,5
1458.05,0.32056,0.32056,0.32062,5
1458.15,0.32051,0.32052,0.32057,5
1458.25,0.32045,0.32047,0.32052,5
1458.35,0.3204,0.32041,0.32047,5
1458.45,0.32035,0.32036,0.32042,5
1458.55,0.3203,0.32031,0.32037,5
1458.65,0.32025,0.32026,0.32031,5
1458.75,0.3202,0.32021,0.32026,5
1458.85,0.32015,0.32016,0.32021,5
1458.95,0.32009,0.32011,0.32016,5
1459.05,0.32004,0.32006,0.32011,5
1459.15,0.31999,0.32001,0.32006,5
1459.25,0.31994,0.31995,0.32,5
1459.35,0.31989,0.3199,0.31995,5
1459.45,0.31984,0.31985,0.3199,5
1459.55,0.31978,0.3198,0.31985,5
1459.65,0.31974,0.31975,0.3198,5
1459.75,0.31969,0.3197,0.31974,5
1459.85,0.31964,0.31965,0.31969,5
1459.95,0.31959,0.31959,0.31964,5
1460.05,0.31954,0.31954,0.31959,5
1460.15,0.31949,0.31949,0.31955,5
1460.25,0.31943,0.31945,0.3195,5
1460.35,0.31938,0.3194,0.31944,5
1460.45,0.31933,0.31935,0.31939,5
1460.55,0.31928,0.3193,0.31934,5
1460.65,0.31923,0.31924,0.31929,5
1460.75,0.31917,0.31919,0.31924,5
1460.85,0.31912,0.31914,0.31918,5
1460.95,0.31907,0.31909,0.31913,5
1461.05,0.31902,0.31904,0.31908,5
1461.15,0.31897,0.31899,0.31903,5
1461.25,0.31892,0.31893,0.31898,5
1461.35,0.31886,0.31888,0.31892,5
1461.45,0.31881,0.31883,0.31887,5
1461.55,0.31876,0.31878,0.31882,5
1461.65,0.31871,0.31873,0.31877,5
1461.75,0.31867,0.31867,0.31872,5
1461.85,0.31861,0.31862,0.31866,5
1461.95,0.31856,0.31857,0.31861,5
1462.05,0.31851,0.31852,0.31856,5
1462.15,0.31846,0.31847,0.31851,5
1462.25,0.31841,0.31842,0.31847,5
1462.35,0.31836,0.31837,0.31841,5
1462.45,0.3183,0.31832,0.31836,5
1462.55,0.31825,0.31827,0.31831,5
1462.65,0.3182,0.31822,0.31826,5
1462.75,0.31815,0.31817,0.31821,5
1462.85,0.3181,0.31811,0.31816,5
1462.95,0.31805,0.31806,0.3181,5
1463.05,0.31799,0.31801,0.31805,5
1463.15,0.31794,0.31796,0.318,5
1463.25,0.31789,0.31791,0.31795,5
1463.35,0.31784,0.31785,0.3179,5
1463.45,0.31779,0.3178,0.31784,5
1463.55,0.31773,0.31775,0.31779,5
1463.65,0.31768,0.3177,0.31774,5
1463.75,0.31763,0.31764,0.31769,5
1463.85,0.31759,0.31759,0.31764,5
1463.95,0.31754,0.31754,0.31758,5
1464.05,0.31748,0.31749,0.31753,5
1464.15,0.31743,0.31743,0.31748,5
1464.25,0.31738,0.31738,0.31743,5
1464.35,0.31733,0.31733,0.31738,5
1464.45,0.31727,0.31729,0.31733,5
1464.55,0.31722,0.31723,0.31728,5
1464.65,0.31717,0.31718,0.31723,5
1464.75,0.31712,0.31713,0.31717,5
1464.85,0.31706,0.31707,0.31712,5
1464.95,0.31701,0.31702,0.31707,5
1465.05,0.31696,0.31697,0.31701,5
1465.15,0.3169,0.31691,0.31696,5
1465.25,0.31685,0.31686,0.31691,5
1465.35,0.3168,0.31681,0.31685,5
1465.45,0.31674,0.31675,0.3168,5
1465.55,0.31669,0.3167,0.31675,5
1465.65,0.31664,0.31665,0.31669,5
1465.75,0.31658,0.31659,0.31664,5
1465.85,0.31653,0.31654,0.31659,5
1465.95,0.31649,0.31648,0.31653,5
1466.05,0.31643,0.31643,0.31648,5
1466.15,0.31638,0.31638,0.31643,5
1466.25,0.31632,0.31632,0.31637,5
1466.35,0.31627,0.31627,0.31632,5
1466.45,0.31622,0.31621,0.31627,5
1466.55,0.31616,0.31617,0.31622,5
1466.65,0.31611,0.31611,0.31616,5
1466.75,0.31605,0.31606,0.31611,5
1466.85,0.316,0.316,0.31606,5
1466.95,0.31594,0.31595,0.316,5
1467.05,0.31589,0.31589,0.31595,5
1467.15,0.31583,0.31584,0.31589,5
1467.25,0.31578,0.31578,0.31584,5
1467.35,0.31572,0.31573,0.31578,5
1467.45,0.31567,0.31567,0.31572,5
1467.55,0.31561,0.31561,0.31567,5
1467.65,0.31555,0.31556,0.31561,5
1467.75,0.31549,0.3155,0.31555,5
1467.85,0.31544,0.31544,0.31549,5
1467.95,0.31539,0.31538,0.31544,5
1468.05,0.31533,0.31532,0.31538,5
1468.15,0.31527,0.31526,0.31532,5
1468.25,0.31521,0.31521,0.31526,5
1468.35,0.31515,0.31515,0.3152,5
1468.45,0.31509,0.3151,0.31515,5
1468.55,0.31503,0.31504,0.3151,5
1468.65,0.31497,0.31498,0.31504,5
1468.75,0.31492,0.31492,0.31498,5
1468.85,0.31486,0.31486,0.31492,5
1468.95,0.3148,0.3148,0.31486,5
1469.05,0.31474,0.31474,0.3148,5
1469.15,0.31468,0.31468,0.31474,5
1469.25,0.31462,0.31462,0.31468,5
1469.35,0.31456,0.31456,0.31462,5
1469.45,0.3145,0.3145,0.31456,5
1469.55,0.31444,0.31444,0.3145,5
1469.65,0.31438,0.31438,0.31444,5
1469.75,0.31433,0.31432,0.31438,5
1469.85,0.31427,0.31426,0.31432,5
1469.95,0.31421,0.3142,0.31426,5
1470.05,0.31415,0.31414,0.3142,5
1470.15,0.31409,0.31408,0.31414,5
1470.25,0.31402,0.31403,0.31408,5
1470.35,0.31396,0.31397,0.31403,5
1470.45,0.3139,0.31391,0.31397,5
1470.55,0.31384,0.31385,0.31391,5
1470.65,0.31378,0.31379,0.31385,5
1470.75,0.31372,0.31373,0.31379,5
1470.85,0.31366,0.31367,0.31373,5
1470.95,0.3136,0.31361,0.31367,5
1471.05,0.31354,0.31355,0.31361,5
1471.15,0.31348,0.31349,0.31355,5
1471.25,0.31342,0.31343,0.31349,5
1471.35,0.31335,0.31337,0.31343,5
1471.45,0.31329,0.31331,0.31336,5
1471.55,0.31324,0.31324,0.3133,5
1471.65,0.31318,0.31318,0.31324,5
1471.75,0.31312,0.31312,0.31318,5
1471.85,0.31306,0.31306,0.31312,5
1471.95,0.313,0.313,0.31306,5
1472.05,0.31294,0.31295,0.313,5
1472.15,0.31288,0.31289,0.31295,5
1472.25,0.31281,0.31283,0.31289,5
1472.35,0.31275,0.31277,0.31283,5
1472.45,0.31269,0.31271,0.31277,5
1472.55,0.31263,0.31264,0.3127,5
1472.65,0.31257,0.31258,0.31264,5
1472.75,0.31251,0.31252,0.31258,5
1472.85,0.31245,0.31246,0.31252,5
1472.95,0.31238,0.3124,0.31246,5
1473.05,0.31232,0.31234,0.3124,5
1473.15,0.31226,0.31228,0.31234,5
1473.25,0.3122,0.31222,0.31228,5
1473.35,0.31215,0.31216,0.31222,5
1473.45,0.31209,0.3121,0.31216,5
1473.55,0.31203,0.31204,0.3121,5
1473.65,0.31197,0.31198,0.31204,5
1473.75,0.31191,0.31192,0.31197,5
1473.85,0.31185,0.31187,0.31191,5
1473.95,0.31179,0.3118,0.31186,5
1474.05,0.31173,0.31174,0.3118,5
1474.15,0.31166,0.31168,0.31174,5
1474.25,0.3116,0.31162,0.31168,5
1474.35,0.31154,0.31156,0.31162,5
1474.45,0.31148,0.3115,0.31156,5
1474.55,0.31142,0.31144,0.3115,5
1474.65,0.31136,0.31138,0.31144,5
1474.75,0.3113,0.31132,0.31138,5
1474.85,0.31124,0.31126,0.31132,5
1474.95,0.31118,0.3112,0.31126,5
1475.05,0.31112,0.31114,0.3112,5
1475.15,0.31107,0.31108,0.31114,5
1475.25,0.31101,0.31102,0.31108,5
1475.35,0.31095,0.31096,0.31102,5
1475.45,0.31089,0.3109,0.31096,5
1475.55,0.31083,0.31084,0.3109,5
1475.65,0.31077,0.31079,0.31084,5
1475.75,0.31071,0.31073,0.31078,5
1475.85,0.31065,0.31067,0.31073,5
1475.95,0.31059,0.31061,0.31067,5
1476.05,0.31053,0.31055,0.31061,5
1476.15,0.31047,0.31049,0.31055,5
1476.25,0.31041,0.31043,0.31049,5
1476.35,0.31035,0.31037,0.31043,5
1476.45,0.31029,0.31031,0.31037,5
1476.55,0.31023,0.31025,0.31031,5
1476.65,0.31017,0.31019,0.31025,5
1476.75,0.31011,0.31013,0.31019,5
1476.85,0.31005,0.31007,0.31013,5
1476.95,0.30999,0.31001,0.31007,5
1477.05,0.30994,0.30995,0.31001,5
1477.15,0.30988,0.30989,0.30995,5
1477.25,0.30982,0.30984,0.30989,5
1477.35,0.30976,0.30978,0.30983,5
1477.45,0.3097,0.30973,0.30977,5
1477.55,0.30965,0.30967,0.30971,5
1477.65,0.30959,0.30961,0.30967,5
1477.75,0.30953,0.30955,0.30961,5
1477.85,0.30947,0.30949,0.30955,5
1477.95,0.30941,0.30943,0.30949,5
1478.05,0.30935,0.30937,0.30943,5
1478.15,0.30929,0.30932,0.30937,5
1478.25,0.30923,0.30926,0.30931,5
1478.35,0.30918,0.3092,0.30925,5
1478.45,0.30912,0.30914,0.3092,5
1478.55,0.30906,0.30908,0.30914,5
1478.65,0.309,0.30903,0.30908,5
1478.75,0.30895,0.30897,0.30902,5
1478.85,0.3089,0.30891,0.30897,5
1478.95,0.30884,0.30885,0.30891,5
1479.05,0.30878,0.3088,0.30885,5
1479.15,0.30873,0.30874,0.30879,5
1479.25,0.30867,0.30868,0.30874,5
1479.35,0.30861,0.30863,0.30868,5
1479.45,0.30856,0.30858,0.30862,5
1479.55,0.3085,0.30852,0.30858,5
1479.65,0.30844,0.30846,0.30852,5
1479.75,0.30839,0.30841,0.30846,5
1479.85,0.30833,0.30835,0.30841,5
1479.95,0.30827,0.30829,0.30835,5
1480.05,0.30822,0.30824,0.30829,5
1480.15,0.30816,0.30818,0.30824,5
1480.25,0.3081,0.30812,0.30818,5
1480.35,0.30805,0.30807,0.30812,5
1480.45,0.30799,0.30801,0.30807,5
1480.55,0.30794,0.30795,0.30801,5
1480.65,0.30788,0.3079,0.30796,5
1480.75,0.30782,0.30784,0.3079,5
1480.85,0.30778,0.30779,0.30784,5
1480.95,0.30772,0.30773,0.30779,5
1481.05,0.30767,0.30767,0.30773,5
1481.15,0.30761,0.30762,0.30768,5
1481.25,0.30756,0.30757,0.30762,5
1481.35,0.3075,0.30752,0.30757,5
1481.45,0.30745,0.30746,0.30751,5
1481.55,0.30739,0.30741,0.30747,5
1481.65,0.30734,0.30735,0.30741,5
1481.75,0.30728,0.3073,0.30736,5
1481.85,0.30723,0.30724,0.3073,5
1481.95,0.30717,0.30719,0.30725,5
1482.05,0.30712,0.30713,0.30719,5
1482.15,0.30706,0.30708,0.30714,5
1482.25,0.30701,0.30702,0.30708,5
1482.35,0.30696,0.30697,0.30703,5
1482.45,0.3069,0.30691,0.30697,5
1482.55,0.30685,0.30686,0.30692,5
1482.65,0.30679,0.30681,0.30686,5
1482.75,0.30674,0.30675,0.30681,5
1482.85,0.3067,0.3067,0.30676,5
1482.95,0.30664,0.30664,0.3067,5
1483.05,0.30659,0.30659,0.30665,5
1483.15,0.30653,0.30654,0.30659,5
1483.25,0.30648,0.30649,0.30654,5
1483.35,0.30643,0.30644,0.30649,5
1483.45,0.30637,0.30638,0.30643,5
1483.55,0.30632,0.30633,0.30638,5
1483.65,0.30627,0.30628,0.30634,5
1483.75,0.30622,0.30623,0.30628,5
1483.85,0.30616,0.30617,0.30623,5
1483.95,0.30611,0.30612,0.30618,5
1484.05,0.30606,0.30607,0.30613,5
1484.15,0.30601,0.30602,0.30607,5
1484.25,0.30595,0.30596,0.30602,5
1484.35,0.3059,0.30591,0.30597,5
1484.45,0.30585,0.30586,0.30592,5
1484.55,0.3058,0.30581,0.30586,5
1484.65,0.30575,0.30576,0.30581,5
1484.75,0.30569,0.3057,0.30576,5
1484.85,0.30565,0.30565,0.30571,5
1484.95,0.3056,0.3056,0.30566,5
1485.05,0.30555,0.30555,0.3056,5
1485.15,0.3055,0.3055,0.30555,5
1485.25,0.30545,0.30545,0.3055,5
1485.35,0.3054,0.3054,0.30545,5
1485.45,0.30534,0.30535,0.3054,5
1485.55,0.30529,0.3053,0.30535,5
1485.65,0.30524,0.30525,0.3053,5
1485.75,0.30519,0.3052,0.30525,5
1485.85,0.30514,0.30515,0.3052,5
1485.95,0.30509,0.3051,0.30515,5
1486.05,0.30504,0.30505,0.3051,5
1486.15,0.30499,0.305,0.30505,5
1486.25,0.30494,0.30495,0.305,5
1486.35,0.30489,0.3049,0.30495,5
1486.45,0.30484,0.30485,0.3049,5
1486.55,0.30479,0.3048,0.30485,5
1486.65,0.30474,0.30475,0.3048,5
1486.75,0.30469,0.3047,0.30475,5
1486.85,0.30464,0.30465,0.3047,5
1486.95,0.30459,0.3046,0.30465,5
1487.05,0.30455,0.30455,0.3046,5
1487.15,0.3045,0.3045,0.30455,5
1487.25,0.30445,0.30445,0.3045,5
1487.35,0.3044,0.3044,0.30445,5
1487.45,0.30435,0.30435,0.3044,5
1487.55,0.3043,0.30431,0.30435,5
1487.65,0.30425,0.30426,0.3043,5
1487.75,0.3042,0.30421,0.30425,5
1487.85,0.30415,0.30416,0.3042,5
1487.95,0.3041,0.30411,0.30416,5
1488.05,0.30405,0.30406,0.30411,5
1488.15,0.30401,0.30401,0.30406,5
1488.25,0.30396,0.30397,0.30401,5
1488.35,0.30391,0.30392,0.30397,5
1488.45,0.30386,0.30387,0.30392,5
1488.55,0.30381,0.30382,0.30387,5
1488.65,0.30376,0.30377,0.30382,5
1488.75,0.30371,0.30372,0.30377,5
1488.85,0.30367,0.30367,0.30372,5
1488.95,0.30362,0.30363,0.30367,5
1489.05,0.30357,0.30358,0.30362,5
1489.15,0.30352,0.30353,0.30358,5
1489.25,0.30347,0.30348,0.30353,5
1489.35,0.30343,0.30343,0.30348,5
1489.45,0.30338,0.30338,0.30343,5
1489.55,0.30333,0.30333,0.30338,5
1489.65,0.30329,0.30328,0.30333,5
1489.75,0.30324,0.30324,0.30328,5
1489.85,0.30319,0.3032,0.30324,5
1489.95,0.30314,0.30315,0.30319,5
1490.05,0.30309,0.3031,0.30314,5
1490.15,0.30305,0.30305,0.30309,5
1490.25,0.303,0.303,0.30305,5
1490.35,0.30295,0.30296,0.30301,5
1490.45,0.3029,0.30291,0.30296,5
1490.55,0.30285,0.30286,0.30291,5
1490.65,0.30281,0.30281,0.30286,5
1490.75,0.30276,0.30276,0.30282,5
1490.85,0.30271,0.30272,0.30277,5
1490.95,0.30266,0.30267,0.30272,5
1491.05,0.30262,0.30262,0.30267,5
1491.15,0.30257,0.30257,0.30263,5
1491.25,0.30252,0.30253,0.30258,5
1491.35,0.30248,0.30248,0.30253,5
1491.45,0.30243,0.30243,0.30249,5
1491.55,0.30239,0.30239,0.30244,5
1491.65,0.30234,0.30234,0.30239,5
1491.75,0.3023,0.30229,0.30235,5
1491.85,0.30225,0.30225,0.3023,5
1491.95,0.3022,0.3022,0.30225,5
1492.05,0.30216,0.30216,0.30221,5
1492.15,0.30211,0.30212,0.30216,5
1492.25,0.30207,0.30207,0.30211,5
1492.35,0.30202,0.30202,0.30207,5
1492.45,0.30197,0.30198,0.30202,5
1492.55,0.30193,0.30193,0.30198,5
1492.65,0.30188,0.30188,0.30194,5
1492.75,0.30184,0.30184,0.30189,5
1492.85,0.30179,0.30179,0.30185,5
1492.95,0.30174,0.30175,0.3018,5
1493.05,0.3017,0.3017,0.30176,5
1493.15,0.30165,0.30166,0.30171,5
1493.25,0.30161,0.30161,0.30167,5
1493.35,0.30156,0.30156,0.30162,5
1493.45,0.30152,0.30152,0.30158,5
1493.55,0.30147,0.30147,0.30153,5
1493.65,0.30143,0.30143,0.30149,5
1493.75,0.30138,0.30138,0.30144,5
1493.85,0.30134,0.30134,0.3014,5
1493.95,0.3013,0.30129,0.30135,5
1494.05,0.30126,0.30125,0.30131,5
1494.15,0.30121,0.3012,0.30126,5
1494.25,0.30117,0.30116,0.30122,5
1494.35,0.30113,0.30111,0.30117,5
1494.45,0.30108,0.30108,0.30113,5
1494.55,0.30104,0.30104,0.30108,5
1494.65,0.30099,0.30099,0.30104,5
1494.75,0.30095,0.30095,0.301,5
1494.85,0.3009,0.3009,0.30095,5
1494.95,0.30086,0.30086,0.30091,5
1495.05,0.30082,0.30081,0.30087,5
1495.15,0.30077,0.30077,0.30083,5
1495.25,0.30073,0.30073,0.30078,5
1495.35,0.30069,0.30068,0.30074,5
1495.45,0.30064,0.30064,0.3007,5
1495.55,0.3006,0.3006,0.30065,5
1495.65,0.30056,0.30055,0.30061,5
1495.75,0.30051,0.30051,0.30057,5
1495.85,0.30047,0.30047,0.30052,5
1495.95,0.30043,0.30042,0.30048,5
1496.05,0.30038,0.30038,0.30044,5
1496.15,0.30034,0.30034,0.30039,5
1496.25,0.3003,0.3003,0.30035,5
1496.35,0.30026,0.30025,0.30031,5
1496.45,0.30022,0.30021,0.30027,5
1496.55,0.30018,0.30017,0.30022,5
1496.65,0.30014,0.30013,0.30018,5
1496.75,0.3001,0.30009,0.30014,5
1496.85,0.30006,0.30004,0.3001,5
1496.95,0.30002,0.3,0.30006,5
1497.05,0.29997,0.29997,0.30001,5
1497.15,0.29993,0.29993,0.29997,5
1497.25,0.29989,0.29989,0.29993,5
1497.35,0.29985,0.29985,0.29989,5
1497.45,0.29981,0.29981,0.29985,5
1497.55,0.29977,0.29976,0.29981,5
1497.65,0.29973,0.29972,0.29978,5
1497.75,0.29969,0.29968,0.29974,5
1497.85,0.29965,0.29964,0.29969,5
1497.95,0.29961,0.2996,0.29965,5
1498.05,0.29957,0.29956,0.29961,5
1498.15,0.29953,0.29952,0.29957,5
1498.25,0.29949,0.29948,0.29953,5
1498.35,0.29945,0.29944,0.29949,5
1498.45,0.29941,0.2994,0.29945,5
1498.55,0.29937,0.29936,0.29941,5
1498.65,0.29933,0.29933,0.29938,5
1498.75,0.29929,0.29929,0.29934,5
1498.85,0.29925,0.29925,0.2993,5
1498.95,0.29921,0.29921,0.29926,5
1499.05,0.29918,0.29917,0.29922,5
1499.15,0.29914,0.29913,0.29918,5
1499.25,0.29911,0.29909,0.29914,5
1499.35,0.29907,0.29906,0.2991,5
1499.45,0.29903,0.29902,0.29907,5
1499.55,0.299,0.29898,0.29903,5
1499.65,0.29896,0.29894,0.29899,5
1499.75,0.29892,0.29892,0.29896,5
1499.85,0.29889,0.29888,0.29892,5
1499.95,0.29885,0.29885,0.29888,5
1500.05,0.29881,0.29881,0.29885,5
1500.15,0.29878,0.29878,0.29881,5
1500.25,0.29874,0.29874,0.29878,5
1500.35,0.29871,0.29871,0.29874,5
1500.45,0.29867,0.29867,0.29871,5
1500.55,0.29864,0.29864,0.29868,5
1500.65,0.2986,0.2986,0.29865,5
1500.75,0.29857,0.29857,0.29861,5
1500.85,0.29853,0.29853,0.29858,5
1500.95,0.2985,0.2985,0.29854,5
1501.05,0.29846,0.29846,0.29851,5
1501.15,0.29843,0.29843,0.29848,5
1501.25,0.2984,0.2984,0.29844,5
1501.35,0.29836,0.29836,0.29841,5
1501.45,0.29833,0.29833,0.29838,5
1501.55,0.29829,0.2983,0.29834,5
1501.65,0.29826,0.29826,0.29831,5
1501.75,0.29823,0.29823,0.29828,5
1501.85,0.29819,0.2982,0.29824,5
1501.95,0.29816,0.29816,0.29821,5
1502.05,0.29813,0.29813,0.29818,5
1502.15,0.29809,0.2981,0.29814,5
1502.25,0.29806,0.29807,0.29811,5
1502.35,0.29804,0.29803,0.29808,5
1502.45,0.298,0.298,0.29805,5
1502.55,0.29797,0.29797,0.29801,5
1502.65,0.29794,0.29794,0.29798,5
1502.75,0.29791,0.29791,0.29795,5
1502.85,0.29788,0.29787,0.29792,5
1502.95,0.29784,0.29784,0.29789,5
1503.05,0.29781,0.29782,0.29786,5
1503.15,0.29778,0.29779,0.29782,5
1503.25,0.29775,0.29776,0.29779,5
1503.35,0.29772,0.29773,0.29776,5
1503.45,0.29768,0.29769,0.29773,5
1503.55,0.29765,0.29766,0.2977,5
1503.65,0.29762,0.29763,0.29767,5
1503.75,0.29759,0.2976,0.29764,5
1503.85,0.29756,0.29757,0.29761,5
1503.95,0.29753,0.29754,0.29758,5
1504.05,0.2975,0.29751,0.29755,5
1504.15,0.29746,0.29748,0.29752,5
1504.25,0.29743,0.29745,0.29749,5
1504.35,0.2974,0.29742,0.29746,5
1504.45,0.29737,0.29739,0.29743,5
1504.55,0.29734,0.29736,0.2974,5
1504.65,0.29731,0.29733,0.29737,5
1504.75,0.29728,0.2973,0.29734,5
1504.85,0.29725,0.29726,0.29731,5
1504.95,0.29722,0.29724,0.29728,5
1505.05,0.29719,0.29721,0.29725,5
1505.15,0.29716,0.29718,0.29722,5
1505.25,0.29713,0.29715,0.2972,5
1505.35,0.2971,0.29712,0.29717,5
1505.45,0.29707,0.29709,0.29714,5
1505.55,0.29704,0.29706,0.29711,5
1505.65,0.29701,0.29703,0.29708,5
1505.75,0.29698,0.297,0.29705,5
1505.85,0.29696,0.29697,0.29702,5
1505.95,0.29693,0.29694,0.29699,5
1506.05,0.2969,0.29691,0.29696,5
1506.15,0.29688,0.29688,0.29693,5
1506.25,0.29685,0.29685,0.2969,5
1506.35,0.29682,0.29682,0.29688,5
1506.45,0.29679,0.29679,0.29685,5
1506.55,0.29676,0.29676,0.29682,5
1506.65,0.29673,0.29675,0.29679,5
1506.75,0.2967,0.29672,0.29676,5
1506.85,0.29667,0.29669,0.29673,5
1506.95,0.29664,0.29666,0.2967,5
1507.05,0.29661,0.29663,0.29667,5
1507.15,0.29659,0.2966,0.29665,5
1507.25,0.29656,0.29657,0.29662,5
1507.35,0.29653,0.29654,0.29659,5
1507.45,0.2965,0.29651,0.29656,5
1507.55,0.29647,0.29648,0.29653,5
1507.65,0.29644,0.29645,0.2965,5
1507.75,0.29641,0.29643,0.29648,5
1507.85,0.29638,0.2964,0.29646,5
1507.95,0.29635,0.29637,0.29643,5
1508.05,0.29632,0.29634,0.2964,5
1508.15,0.2963,0.29631,0.29637,5
1508.25,0.29627,0.29628,0.29634,5
1508.35,0.29624,0.29625,0.29631,5
1508.45,0.29621,0.29622,0.29628,5
1508.55,0.29618,0.29619,0.29625,5
1508.65,0.29615,0.29616,0.29622,5
1508.75,0.29612,0.29613,0.2962,5
1508.85,0.29609,0.2961,0.29617,5
1508.95,0.29606,0.29608,0.29614,5
1509.05,0.29603,0.29605,0.29611,5
1509.15,0.296,0.29602,0.29608,5
1509.25,0.29597,0.29599,0.29605,5
1509.35,0.29594,0.29596,0.29602,5
1509.45,0.29592,0.29593,0.29599,5
1509.55,0.29589,0.2959,0.29596,5
1509.65,0.29587,0.29587,0.29593,5
1509.75,0.29584,0.29584,0.2959,5
1509.85,0.29581,0.29581,0.29587,5
1509.95,0.29578,0.29578,0.29584,5
1510.05,0.29575,0.29575,0.29581,5
1510.15,0.29572,0.29572,0.29578,5
1510.25,0.29569,0.29569,0.29575,5
1510.35,0.29565,0.29567,0.29572,5
1510.45,0.29562,0.29563,0.29569,5
1510.55,0.29559,0.2956,0.29566,5
1510.65,0.29556,0.29557,0.29562,5
1510.75,0.29552,0.29554,0.29559,5
1510.85,0.29549,0.29551,0.29556,5
1510.95,0.29546,0.29547,0.29553,5
1511.05,0.29543,0.29544,0.2955,5
1511.15,0.29539,0.29541,0.29546,5
1511.25,0.29536,0.29538,0.29543,5
1511.35,0.29533,0.29534,0.2954,5
1511.45,0.2953,0.29531,0.29537,5
1511.55,0.29526,0.29528,0.29534,5
1511.65,0.29523,0.29525,0.29531,5
1511.75,0.2952,0.29521,0.29528,5
1511.85,0.29516,0.29518,0.29524,5
1511.95,0.29513,0.29515,0.29521,5
1512.05,0.2951,0.29511,0.29518,5
1512.15,0.29507,0.29508,0.29514,5
1512.25,0.29503,0.29505,0.29511,5
1512.35,0.295,0.29501,0.29508,5
1512.45,0.29497,0.29498,0.29504,5
1512.55,0.29493,0.29495,0.29501,5
1512.65,0.2949,0.29492,0.29498,5
1512.75,0.29486,0.29488,0.29494,5
1512.85,0.29483,0.29485,0.29491,5
1512.95,0.2948,0.29482,0.29488,5
1513.05,0.29477,0.29478,0.29484,5
1513.15,0.29474,0.29475,0.29481,5
1513.25,0.29471,0.29471,0.29477,5
1513.35,0.29467,0.29468,0.29474,5
1513.45,0.29464,0.29465,0.29471,5
1513.55,0.2946,0.29461,0.29467,5
1513.65,0.29457,0.29459,0.29464,5
1513.75,0.29454,0.29456,0.2946,5
1513.85,0.2945,0.29452,0.29457,5
1513.95,0.29447,0.29449,0.29454,5
1514.05,0.29443,0.29445,0.2945,5
1514.15,0.2944,0.29442,0.29447,5
1514.25,0.29437,0.29439,0.29443,5
1514.35,0.29433,0.29435,0.2944,5
1514.45,0.2943,0.29432,0.29436,5
1514.55,0.29426,0.29428,0.29433,5
1514.65,0.29423,0.29425,0.29429,5
1514.75,0.29419,0.29422,0.29427,5
1514.85,0.29416,0.29418,0.29424,5
1514.95,0.29413,0.29415,0.2942,5
1515.05,0.29409,0.29411,0.29417,5
1515.15,0.29406,0.29408,0.29413,5
1515.25,0.29402,0.29405,0.2941,5
1515.35,0.29399,0.29401,0.29406,5
1515.45,0.29395,0.29398,0.29403,5
1515.55,0.29392,0.29394,0.29399,5
1515.65,0.29389,0.29391,0.29396,5
1515.75,0.29385,0.29387,0.29393,5
1515.85,0.29382,0.29384,0.29389,5
1515.95,0.29378,0.29381,0.29386,5
1516.05,0.29375,0.29377,0.29382,5
1516.15,0.29372,0.29374,0.29379,5
1516.25,0.29369,0.29371,0.29375,5
1516.35,0.29366,0.29367,0.29372,5
1516.45,0.29362,0.29364,0.29369,5
1516.55,0.29359,0.2936,0.29365,5
1516.65,0.29356,0.29357,0.29362,5
1516.75,0.29352,0.29354,0.29358,5
1516.85,0.29349,0.29351,0.29355,5
1516.95,0.29345,0.29348,0.29351,5
1517.05,0.29342,0.29344,0.29348,5
1517.15,0.29338,0.29341,0.29344,5
1517.25,0.29335,0.29337,0.29341,5
1517.35,0.29332,0.29334,0.29337,5
1517.45,0.29328,0.29331,0.29334,5
1517.55,0.29325,0.29327,0.2933,5
1517.65,0.29321,0.29324,0.29327,5
1517.75,0.29318,0.2932,0.29323,5
1517.85,0.29314,0.29317,0.2932,5
1517.95,0.29311,0.29313,0.29317,5
1518.05,0.29307,0.2931,0.29314,5
1518.15,0.29304,0.29306,0.2931,5
1518.25,0.29301,0.29303,0.29307,5
1518.35,0.29297,0.29299,0.29303,5
1518.45,0.29294,0.29296,0.293,5
1518.55,0.2929,0.29292,0.29296,5
1518.65,0.29287,0.29289,0.29293,5
1518.75,0.29283,0.29285,0.29289,5
1518.85,0.2928,0.29282,0.29286,5
1518.95,0.29276,0.29278,0.29282,5
1519.05,0.29273,0.29275,0.29279,5
1519.15,0.29269,0.29271,0.29275,5
1519.25,0.29266,0.29268,0.29272,5
1519.35,0.29262,0.29264,0.29268,5
1519.45,0.2926,0.29261,0.29265,5
1519.55,0.29256,0.29257,0.29261,5
1519.65,0.29252,0.29254,0.29257,5
1519.75,0.29249,0.2925,0.29254,5
1519.85,0.29245,0.29247,0.2925,5
1519.95,0.29242,0.29243,0.29247,5
1520.05,0.29238,0.29241,0.29243,5
1520.15,0.29235,0.29237,0.29239,5
1520.25,0.29231,0.29233,0.29236,5
1520.35,0.29228,0.2923,0.29232,5
1520.45,0.29224,0.29226,0.29229,5
1520.55,0.2922,0.29223,0.29225,5
1520.65,0.29217,0.29219,0.29221,5
1520.75,0.29213,0.29216,0.29218,5
1520.85,0.2921,0.29212,0.29214,5
1520.95,0.29206,0.29208,0.29211,5
1521.05,0.29203,0.29205,0.29208,5
1521.15,0.29199,0.29201,0.29205,5
1521.25,0.29196,0.29198,0.29201,5
1521.35,0.29192,0.29194,0.29197,5
1521.45,0.29188,0.2919,0.29194,5
1521.55,0.29185,0.29187,0.2919,5
1521.65,0.29181,0.29183,0.29187,5
1521.75,0.29178,0.2918,0.29183,5
1521.85,0.29174,0.29176,0.29179,5
1521.95,0.2917,0.29172,0.29176,5
1522.05,0.29167,0.29169,0.29172,5
1522.15,0.29163,0.29165,0.29168,5
1522.25,0.29159,0.29161,0.29165,5
1522.35,0.29156,0.29158,0.29161,5
1522.45,0.29153,0.29154,0.29157,5
1522.55,0.29149,0.2915,0.29154,5
1522.65,0.29146,0.29147,0.2915,5
1522.75,0.29142,0.29143,0.29146,5
1522.85,0.29138,0.29139,0.29143,5
1522.95,0.29135,0.29135,0.29139,5
1523.05,0.29131,0.29133,0.29135,5
1523.15,0.29127,0.29129,0.29132,5
1523.25,0.29124,0.29125,0.29128,5
1523.35,0.2912,0.29121,0.29124,5
1523.45,0.29116,0.29118,0.2912,5
1523.55,0.29112,0.29114,0.29116,5
1523.65,0.29108,0.2911,0.29113,5
1523.75,0.29105,0.29106,0.29109,5
1523.85,0.29101,0.29102,0.29105,5
1523.95,0.29097,0.29099,0.29101,5
1524.05,0.29093,0.29095,0.29098,5
1524.15,0.29089,0.29091,0.29095,5
1524.25,0.29086,0.29087,0.29091,5
1524.35,0.29082,0.29083,0.29087,5
1524.45,0.29078,0.29079,0.29083,5
1524.55,0.29074,0.29075,0.29079,5
1524.65,0.2907,0.29071,0.29075,5
1524.75,0.29066,0.29067,0.29071,5
1524.85,0.29062,0.29064,0.29067,5
1524.95,0.29058,0.2906,0.29063,5
1525.05,0.29054,0.29056,0.29059,5
1525.15,0.2905,0.29052,0.29055,5
1525.25,0.29046,0.29048,0.29052,5
1525.35,0.29043,0.29044,0.29048,5
1525.45,0.29039,0.2904,0.29043,5
1525.55,0.29035,0.29035,0.29039,5
1525.65,0.29031,0.29031,0.29035,5
1525.75,0.29027,0.29027,0.29031,5
1525.85,0.29023,0.29024,0.29027,5
1525.95,0.29019,0.2902,0.29023,5
1526.05,0.29015,0.29016,0.29019,5
1526.15,0.29011,0.29012,0.29015,5
1526.25,0.29006,0.29007,0.2901,5
1526.35,0.29002,0.29003,0.29006,5
1526.45,0.28998,0.28999,0.29002,5
1526.55,0.28993,0.28995,0.28998,5
1526.65,0.28989,0.2899,0.28993,5
1526.75,0.28985,0.28986,0.28989,5
1526.85,0.2898,0.28981,0.28986,5
1526.95,0.28976,0.28977,0.28981,5
1527.05,0.28972,0.28973,0.28977,5
1527.15,0.28967,0.28968,0.28972,5
1527.25,0.28963,0.28964,0.28968,5
1527.35,0.28958,0.28959,0.28964,5
1527.45,0.28954,0.28955,0.28959,5
1527.55,0.28949,0.28951,0.28955,5
1527.65,0.28945,0.28946,0.2895,5
1527.75,0.2894,0.28942,0.28946,5
1527.85,0.28936,0.28937,0.28941,5
1527.95,0.28932,0.28933,0.28937,5
1528.05,0.28928,0.28928,0.28932,5
1528.15,0.28923,0.28923,0.28928,5
1528.25,0.28919,0.28919,0.28923,5
1528.35,0.28914,0.28915,0.28918,5
1528.45,0.28909,0.28911,0.28914,5
1528.55,0.28905,0.28906,0.28909,5
1528.65,0.289,0.28901,0.28905,5
1528.75,0.28896,0.28897,0.289,5
1528.85,0.28891,0.28892,0.28895,5
1528.95,0.28886,0.28887,0.28891,5
1529.05,0.28881,0.28883,0.28886,5
1529.15,0.28877,0.28878,0.28881,5
1529.25,0.28872,0.28873,0.28878,5
1529.35,0.28867,0.28869,0.28873,5
1529.45,0.28863,0.28864,0.28868,5
1529.55,0.28858,0.28859,0.28863,5
1529.65,0.28853,0.28854,0.28859,5
1529.75,0.28848,0.2885,0.28854,5
1529.85,0.28844,0.28845,0.28849,5
1529.95,0.28839,0.2884,0.28844,5
1530.05,0.28834,0.28835,0.2884,5
1530.15,0.28829,0.28831,0.28835,5
1530.25,0.28825,0.28826,0.2883,5
1530.35,0.2882,0.28821,0.28825,5
1530.45,0.28816,0.28816,0.2882,5
1530.55,0.28811,0.28811,0.28815,5
1530.65,0.28806,0.28807,0.28811,5
1530.75,0.28801,0.28802,0.28806,5
1530.85,0.28796,0.28797,0.28801,5
1530.95,0.28791,0.28793,0.28796,5
1531.05,0.28786,0.28788,0.28791,5
1531.15,0.28781,0.28783,0.28786,5
1531.25,0.28776,0.28778,0.28781,5
1531.35,0.28771,0.28773,0.28776,5
1531.45,0.28766,0.28768,0.28771,5
1531.55,0.28761,0.28763,0.28767,5
1531.65,0.28756,0.28758,0.28762,5
1531.75,0.28751,0.28753,0.28757,5
1531.85,0.28746,0.28748,0.28752,5
1531.95,0.28741,0.28743,0.28747,5
1532.05,0.28736,0.28738,0.28742,5
1532.15,0.28731,0.28733,0.28737,5
1532.25,0.28726,0.28727,0.28732,5
1532.35,0.28721,0.28722,0.28727,5
1532.45,0.28717,0.28717,0.28722,5
1532.55,0.28712,0.28712,0.28717,5
1532.65,0.28707,0.28707,0.28712,5
1532.75,0.28702,0.28703,0.28707,5
1532.85,0.28697,0.28698,0.28702,5
1532.95,0.28692,0.28693,0.28697,5
1533.05,0.28686,0.28688,0.28691,5
1533.15,0.28681,0.28682,0.28686,5
1533.25,0.28676,0.28677,0.28681,5
1533.35,0.28671,0.28672,0.28676,5
1533.45,0.28666,0.28667,0.28671,5
1533.55,0.28661,0.28662,0.28666,5
1533.65,0.28655,0.28656,0.2866,5
1533.75,0.2865,0.28651,0.28656,5
1533.85,0.28645,0.28646,0.28651,5
1533.95,0.2864,0.28641,0.28646,5
1534.05,0.28635,0.28635,0.28641,5
1534.15,0.28629,0.2863,0.28635,5
1534.25,0.28624,0.28625,0.2863,5
1534.35,0.28619,0.28619,0.28625,5
1534.45,0.28613,0.28614,0.2862,5
1534.55,0.28609,0.28609,0.28614,5
1534.65,0.28604,0.28603,0.28609,5
1534.75,0.28599,0.28598,0.28604,5
1534.85,0.28593,0.28594,0.28598,5
1534.95,0.28588,0.28588,0.28593,5
1535.05,0.28583,0.28583,0.28588,5
1535.15,0.28577,0.28578,0.28582,5
1535.25,0.28572,0.28572,0.28577,5
1535.35,0.28566,0.28567,0.28572,5
1535.45,0.28561,0.28561,0.28566,5
1535.55,0.28556,0.28556,0.28561,5
1535.65,0.2855,0.28551,0.28555,5
1535.75,0.28545,0.28545,0.2855,5
1535.85,0.28539,0.2854,0.28546,5
1535.95,0.28534,0.28534,0.2854,5
1536.05,0.28528,0.28529,0.28535,5
1536.15,0.28523,0.28523,0.28529,5
1536.25,0.28518,0.28518,0.28524,5
1536.35,0.28512,0.28512,0.28518,5
1536.45,0.28507,0.28507,0.28513,5
1536.55,0.28502,0.28501,0.28507,5
1536.65,0.28497,0.28496,0.28502,5
1536.75,0.28491,0.2849,0.28497,5
1536.85,0.28486,0.28486,0.28491,5
1536.95,0.2848,0.28481,0.28486,5
1537.05,0.28475,0.28475,0.2848,5
1537.15,0.28469,0.2847,0.28475,5
1537.25,0.28464,0.28464,0.28469,5
1537.35,0.28458,0.28459,0.28464,5
1537.45,0.28453,0.28453,0.28458,5
1537.55,0.28447,0.28447,0.28453,5
1537.65,0.28442,0.28442,0.28447,5
1537.75,0.28436,0.28436,0.28442,5
1537.85,0.2843,0.28431,0.28437,5
1537.95,0.28425,0.28425,0.28431,5
1538.05,0.28419,0.2842,0.28426,5
1538.15,0.28414,0.28414,0.2842,5
1538.25,0.28408,0.28408,0.28415,5
1538.35,0.28402,0.28403,0.28409,5
1538.45,0.28397,0.28397,0.28403,5
1538.55,0.28392,0.28392,0.28398,5
1538.65,0.28386,0.28386,0.28392,5
1538.75,0.28381,0.2838,0.28386,5
1538.85,0.28375,0.28376,0.28381,5
1538.95,0.28369,0.2837,0.28375,5
1539.05,0.28364,0.28364,0.28369,5
1539.15,0.28358,0.28358,0.28364,5
1539.25,0.28352,0.28353,0.28358,5
1539.35,0.28346,0.28347,0.28352,5
1539.45,0.28341,0.28341,0.28346,5
1539.55,0.28335,0.28335,0.28341,5
1539.65,0.28329,0.2833,0.28335,5
1539.75,0.28323,0.28324,0.28329,5
1539.85,0.28317,0.28318,0.28324,5
1539.95,0.28312,0.28312,0.28319,5
1540.05,0.28306,0.28306,0.28313,5
1540.15,0.283,0.28301,0.28307,5
1540.25,0.28294,0.28295,0.28301,5
1540.35,0.28288,0.28289,0.28295,5
1540.45,0.28283,0.28283,0.28289,5
1540.55,0.28277,0.28277,0.28283,5
1540.65,0.28271,0.28271,0.28277,5
1540.75,0.28265,0.28266,0.28272,5
1540.85,0.28259,0.2826,0.28266,5
1540.95,0.28253,0.28254,0.2826,5
1541.05,0.28247,0.28248,0.28254,5
1541.15,0.28241,0.28242,0.28248,5
1541.25,0.28235,0.28237,0.28242,5
1541.35,0.28229,0.28231,0.28236,5
1541.45,0.28223,0.28225,0.2823,5
1541.55,0.28217,0.28218,0.28224,5
1541.65,0.28211,0.28212,0.28218,5
1541.75,0.28205,0.28206,0.28213,5
1541.85,0.28199,0.282,0.28206,5
1541.95,0.28193,0.28194,0.282,5
1542.05,0.28186,0.28188,0.28194,5
1542.15,0.2818,0.28181,0.28187,5
1542.25,0.28175,0.28175,0.28181,5
1542.35,0.28168,0.28169,0.28175,5
1542.45,0.28162,0.28162,0.28168,5
1542.55,0.28156,0.28157,0.28162,5
1542.65,0.28149,0.28151,0.28156,5
1542.75,0.28143,0.28144,0.28149,5
1542.85,0.28137,0.28138,0.28143,5
1542.95,0.2813,0.28132,0.28137,5
1543.05,0.28124,0.28125,0.2813,5
1543.15,0.28117,0.28119,0.28124,5
1543.25,0.28111,0.28112,0.28117,5
1543.35,0.28104,0.28106,0.28111,5
1543.45,0.28098,0.281,0.28105,5
1543.55,0.28091,0.28093,0.28099,5
1543.65,0.28085,0.28087,0.28092,5
1543.75,0.28078,0.2808,0.28086,5
1543.85,0.28072,0.28074,0.28079,5
1543.95,0.28066,0.28067,0.28073,5
1544.05,0.2806,0.28061,0.28066,5
1544.15,0.28053,0.28054,0.2806,5
1544.25,0.28047,0.28049,0.28053,5
1544.35,0.2804,0.28042,0.28047,5
1544.45,0.28034,0.28035,0.2804,5
1544.55,0.28027,0.28029,0.28033,5
1544.65,0.2802,0.28022,0.28027,5
1544.75,0.28014,0.28016,0.2802,5
1544.85,0.28007,0.28009,0.28014,5
1544.95,0.28,0.28003,0.28007,5
1545.05,0.27994,0.27996,0.28,5
1545.15,0.27987,0.27989,0.27995,5
1545.25,0.27981,0.27983,0.27988,5
1545.35,0.27974,0.27976,0.27981,5
1545.45,0.27967,0.27969,0.27975,5
1545.55,0.27961,0.27963,0.27968,5
1545.65,0.27955,0.27956,0.27961,5
1545.75,0.27948,0.2795,0.27955,5
1545.85,0.27941,0.27944,0.27948,5
1545.95,0.27935,0.27937,0.27941,5
1546.05,0.27928,0.27931,0.27935,5
1546.15,0.27921,0.27924,0.27928,5
1546.25,0.27915,0.27917,0.27921,5
1546.35,0.27908,0.2791,0.27915,5
1546.45,0.27901,0.27904,0.27908,5
1546.55,0.27894,0.27897,0.27901,5
1546.65,0.27888,0.2789,0.27894,5
1546.75,0.27881,0.27884,0.27888,5
1546.85,0.27874,0.27877,0.27882,5
1546.95,0.27868,0.2787,0.27875,5
1547.05,0.27861,0.27864,0.27869,5
1547.15,0.27854,0.27857,0.27862,5
1547.25,0.27848,0.2785,0.27855,5
1547.35,0.27842,0.27844,0.27849,5
1547.45,0.27835,0.27838,0.27842,5
1547.55,0.27828,0.27831,0.27835,5
1547.65,0.27822,0.27825,0.27829,5
1547.75,0.27815,0.27818,0.27822,5
1547.85,0.27808,0.27811,0.27815,5
1547.95,0.27802,0.27805,0.27809,5
1548.05,0.27795,0.27798,0.27802,5
1548.15,0.27788,0.27791,0.27795,5
1548.25,0.27781,0.27785,0.27788,5
1548.35,0.27775,0.27778,0.27782,5
1548.45,0.27768,0.27771,0.27776,5
1548.55,0.27761,0.27764,0.27769,5
1548.65,0.27755,0.27758,0.27763,5
1548.75,0.27748,0.27751,0.27756,5
1548.85,0.27742,0.27744,0.27749,5
1548.95,0.27735,0.27738,0.27742,5
1549.05,0.27729,0.27731,0.27736,5
1549.15,0.27722,0.27725,0.27729,5
1549.25,0.27715,0.27718,0.27722,5
1549.35,0.27708,0.27712,0.27715,5
1549.45,0.27702,0.27705,0.27709,5
1549.55,0.27695,0.27698,0.27702,5
1549.65,0.27688,0.27691,0.27695,5
1549.75,0.27681,0.27685,0.27688,5
1549.85,0.27674,0.27678,0.27682,5
1549.95,0.27668,0.27671,0.27675,5
1550.05,0.27661,0.27664,0.27668,5
1550.15,0.27654,0.27658,0.27662,5
1550.25,0.27647,0.27651,0.27656,5
1550.35,0.2764,0.27644,0.27649,5
1550.45,0.27634,0.27637,0.27642,5
1550.55,0.27628,0.2763,0.27635,5
1550.65,0.27621,0.27624,0.27628,5
1550.75,0.27614,0.27618,0.27622,5
1550.85,0.27607,0.27611,0.27615,5
1550.95,0.27601,0.27604,0.27608,5
1551.05,0.27594,0.27597,0.27601,5
1551.15,0.27587,0.27591,0.27594,5
1551.25,0.2758,0.27584,0.27587,5
1551.35,0.27573,0.27577,0.27581,5
1551.45,0.27566,0.2757,0.27574,5
1551.55,0.27559,0.27563,0.27567,5
1551.65,0.27553,0.27556,0.2756,5
1551.75,0.27546,0.27549,0.27554,5
1551.85,0.27539,0.27543,0.27547,5
1551.95,0.27532,0.27536,0.2754,5
1552.05,0.27525,0.27529,0.27534,5
1552.15,0.27519,0.27522,0.27527,5
1552.25,0.27512,0.27515,0.2752,5
1552.35,0.27505,0.27509,0.27513,5
1552.45,0.27498,0.27502,0.27506,5
1552.55,0.27491,0.27495,0.27499,5
1552.65,0.27484,0.27488,0.27492,5
1552.75,0.27478,0.27481,0.27485,5
1552.85,0.27471,0.27474,0.27478,5
1552.95,0.27464,0.27467,0.27471,5
1553.05,0.27457,0.2746,0.27464,5
1553.15,0.2745,0.27453,0.27457,5
1553.25,0.27443,0.27446,0.2745,5
1553.35,0.27436,0.27439,0.27444,5
1553.45,0.27429,0.27432,0.27437,5
1553.55,0.27422,0.27425,0.2743,5
1553.65,0.27416,0.27418,0.27423,5
1553.75,0.27409,0.27411,0.27416,5
1553.85,0.27402,0.27405,0.27409,5
1553.95,0.27395,0.27398,0.27402,5
1554.05,0.27388,0.27391,0.27395,5
1554.15,0.27381,0.27384,0.27388,5
1554.25,0.27374,0.27377,0.27381,5
1554.35,0.27367,0.2737,0.27374,5
1554.45,0.2736,0.27363,0.27367,5
1554.55,0.27353,0.27356,0.2736,5
1554.65,0.27346,0.27349,0.27353,5
1554.75,0.27339,0.27342,0.27346,5
1554.85,0.27332,0.27335,0.27339,5
1554.95,0.27325,0.27328,0.27333,5
1555.05,0.27318,0.27321,0.27326,5
1555.15,0.27311,0.27313,0.27318,5
1555.25,0.27304,0.27306,0.27311,5
1555.35,0.27297,0.27299,0.27304,5
1555.45,0.2729,0.27293,0.27297,5
1555.55,0.27283,0.27286,0.2729,5
1555.65,0.27276,0.27279,0.27283,5
1555.75,0.27269,0.27272,0.27276,5
1555.85,0.27262,0.27265,0.27269,5
1555.95,0.27255,0.27258,0.27262,5
1556.05,0.27248,0.27251,0.27255,5
1556.15,0.27241,0.27244,0.27248,5
1556.25,0.27234,0.27237,0.27241,5
1556.35,0.27227,0.27229,0.27234,5
1556.45,0.2722,0.27222,0.27227,5
1556.55,0.27213,0.27215,0.2722,5
1556.65,0.27206,0.27208,0.27213,5
1556.75,0.27199,0.27201,0.27206,5
1556.85,0.27193,0.27194,0.27199,5
1556.95,0.27186,0.27188,0.27192,5
1557.05,0.27178,0.27181,0.27185,5
1557.15,0.27171,0.27174,0.27178,5
1557.25,0.27164,0.27167,0.27171,5
1557.35,0.27157,0.27159,0.27164,5
1557.45,0.2715,0.27152,0.27156,5
1557.55,0.27143,0.27145,0.27149,5
1557.65,0.27136,0.27138,0.27142,5
1557.75,0.27129,0.27131,0.27135,5
1557.85,0.27122,0.27124,0.27128,5
1557.95,0.27114,0.27116,0.2712,5
1558.05,0.27107,0.27109,0.27114,5
1558.15,0.271,0.27102,0.27107,5
1558.25,0.27093,0.27095,0.271,5
1558.35,0.27087,0.27088,0.27093,5
1558.45,0.2708,0.27081,0.27085,5
1558.55,0.27072,0.27074,0.27078,5
1558.65,0.27065,0.27067,0.27071,5
1558.75,0.27058,0.2706,0.27064,5
1558.85,0.27051,0.27053,0.27057,5
1558.95,0.27044,0.27046,0.27049,5
1559.05,0.27037,0.27038,0.27042,5
1559.15,0.27029,0.27031,0.27035,5
1559.25,0.27022,0.27024,0.27028,5
1559.35,0.27015,0.27017,0.27021,5
1559.45,0.27008,0.2701,0.27013,5
1559.55,0.27001,0.27003,0.27007,5
1559.65,0.26994,0.26996,0.27,5
1559.75,0.26987,0.26988,0.26993,5
1559.85,0.26981,0.26981,0.26986,5
1559.95,0.26973,0.26974,0.26979,5
1560.05,0.26966,0.26968,0.26971,5
1560.15,0.26959,0.26961,0.26964,5
1560.25,0.26952,0.26954,0.26957,5
1560.35,0.26945,0.26947,0.2695,5
1560.45,0.26938,0.2694,0.26943,5
1560.55,0.26931,0.26933,0.26936,5
1560.65,0.26924,0.26926,0.26929,5
1560.75,0.26917,0.26918,0.26922,5
1560.85,0.2691,0.26911,0.26915,5
1560.95,0.26903,0.26904,0.26908,5
1561.05,0.26896,0.26897,0.26901,5
1561.15,0.26889,0.2689,0.26895,5
1561.25,0.26882,0.26883,0.26887,5
1561.35,0.26875,0.26876,0.2688,5
1561.45,0.26869,0.26869,0.26873,5
1561.55,0.26862,0.26863,0.26866,5
1561.65,0.26855,0.26856,0.26859,5
1561.75,0.26848,0.26849,0.26852,5
1561.85,0.26841,0.26842,0.26845,5
1561.95,0.26834,0.26835,0.26839,5
1562.05,0.26827,0.26828,0.26832,5
1562.15,0.2682,0.26822,0.26825,5
1562.25,0.26813,0.26815,0.26818,5
1562.35,0.26806,0.26808,0.26811,5
1562.45,0.26799,0.26801,0.26804,5
1562.55,0.26793,0.26794,0.26797,5
1562.65,0.26786,0.26787,0.2679,5
1562.75,0.26779,0.2678,0.26785,5
1562.85,0.26772,0.26774,0.26778,5
1562.95,0.26765,0.26767,0.26771,5
1563.05,0.2676,0.2676,0.26764,5
1563.15,0.26753,0.26754,0.26758,5
1563.25,0.26746,0.26748,0.26751,5
1563.35,0.2674,0.26741,0.26744,5
1563.45,0.26733,0.26734,0.26738,5
1563.55,0.26726,0.26728,0.26731,5
1563.65,0.2672,0.26721,0.26725,5
1563.75,0.26713,0.26714,0.26718,5
1563.85,0.26706,0.26708,0.26712,5
1563.95,0.267,0.26701,0.26705,5
1564.05,0.26693,0.26694,0.26698,5
1564.15,0.26687,0.26688,0.26692,5
1564.25,0.2668,0.26681,0.26685,5
1564.35,0.26674,0.26675,0.26679,5
1564.45,0.26667,0.26668,0.26673,5
1564.55,0.2666,0.26662,0.26667,5
1564.65,0.26655,0.26655,0.26661,5
1564.75,0.26648,0.26649,0.26654,5
1564.85,0.26642,0.26643,0.26648,5
1564.95,0.26636,0.26637,0.26641,5
1565.05,0.26629,0.2663,0.26635,5
1565.15,0.26623,0.26624,0.26629,5
1565.25,0.26616,0.26617,0.26622,5
1565.35,0.2661,0.26611,0.26616,5
1565.45,0.26603,0.26605,0.2661,5
1565.55,0.26597,0.26598,0.26603,5
1565.65,0.26591,0.26592,0.26597,5
1565.75,0.26584,0.26585,0.26591,5
1565.85,0.26578,0.26579,0.26584,5
1565.95,0.26572,0.26573,0.26578,5
1566.05,0.26565,0.26567,0.26572,5
1566.15,0.26559,0.2656,0.26567,5
1566.25,0.26553,0.26554,0.2656,5
1566.35,0.26547,0.26548,0.26554,5
1566.45,0.26541,0.26541,0.26548,5
1566.55,0.26535,0.26536,0.26542,5
1566.65,0.26529,0.2653,0.26536,5
1566.75,0.26523,0.26524,0.26529,5
1566.85,0.26516,0.26518,0.26523,5
1566.95,0.2651,0.26511,0.26517,5
1567.05,0.26504,0.26505,0.26511,5
1567.15,0.26498,0.26499,0.26505,5
1567.25,0.26492,0.26493,0.26499,5
1567.35,0.26486,0.26487,0.26493,5
1567.45,0.2648,0.26481,0.26487,5
1567.55,0.26474,0.26475,0.26481,5
1567.65,0.26467,0.26469,0.26475,5
1567.75,0.26461,0.26463,0.26469,5
1567.85,0.26455,0.26457,0.26463,5
1567.95,0.26449,0.2645,0.26458,5
1568.05,0.26443,0.26444,0.26452,5
1568.15,0.26438,0.26438,0.26446,5
1568.25,0.26432,0.26432,0.2644,5
1568.35,0.26426,0.26428,0.26434,5
1568.45,0.26421,0.26422,0.26428,5
1568.55,0.26415,0.26416,0.26422,5
1568.65,0.26409,0.2641,0.26416,5
1568.75,0.26403,0.26404,0.2641,5
1568.85,0.26397,0.26398,0.26404,5
1568.95,0.26391,0.26392,0.26398,5
1569.05,0.26385,0.26386,0.26392,5
1569.15,0.26379,0.2638,0.26386,5
1569.25,0.26374,0.26375,0.2638,5
1569.35,0.26368,0.26369,0.26375,5
1569.45,0.26362,0.26363,0.26369,5
1569.55,0.26356,0.26357,0.26363,5
1569.65,0.2635,0.26351,0.26357,5
1569.75,0.26345,0.26346,0.26351,5
1569.85,0.26339,0.2634,0.26347,5
1569.95,0.26333,0.26334,0.26341,5
1570.05,0.26329,0.26329,0.26335,5
1570.15,0.26323,0.26324,0.26329,5
1570.25,0.26317,0.26318,0.26324,5
1570.35,0.26312,0.26313,0.26318,5
1570.45,0.26306,0.26307,0.26312,5
1570.55,0.26301,0.26302,0.26307,5
1570.65,0.26295,0.26296,0.26301,5
1570.75,0.26289,0.2629,0.26296,5
1570.85,0.26284,0.26285,0.2629,5
1570.95,0.26278,0.26279,0.26284,5
1571.05,0.26273,0.26274,0.26279,5
1571.15,0.26267,0.26268,0.26273,5
1571.25,0.26262,0.26263,0.26268,5
1571.35,0.26256,0.26257,0.26262,5
1571.45,0.26251,0.26252,0.26257,5
1571.55,0.26246,0.26247,0.26251,5
1571.65,0.2624,0.26241,0.26246,5
1571.75,0.26235,0.26236,0.2624,5
1571.85,0.26229,0.2623,0.26236,5
1571.95,0.26224,0.26225,0.26231,5
1572.05,0.2622,0.2622,0.26225,5
1572.15,0.26215,0.26216,0.2622,5
1572.25,0.26209,0.2621,0.26215,5
1572.35,0.26204,0.26205,0.26209,5
1572.45,0.26199,0.262,0.26204,5
1572.55,0.26194,0.26195,0.26199,5
1572.65,0.26188,0.26189,0.26193,5
1572.75,0.26183,0.26184,0.26188,5
1572.85,0.26178,0.26179,0.26183,5
1572.95,0.26173,0.26174,0.26178,5
1573.05,0.26168,0.26169,0.26173,5
1573.15,0.26163,0.26164,0.26168,5
1573.25,0.26158,0.26159,0.26163,5
1573.35,0.26153,0.26154,0.26158,5
1573.45,0.26148,0.26149,0.26153,5
1573.55,0.26143,0.26144,0.26148,5
1573.65,0.26138,0.26139,0.26143,5
1573.75,0.26133,0.26134,0.26138,5
1573.85,0.26128,0.26129,0.26133,5
1573.95,0.26123,0.26124,0.26128,5
1574.05,0.26118,0.26119,0.26124,5
1574.15,0.26114,0.26115,0.26119,5
1574.25,0.2611,0.2611,0.26115,5
1574.35,0.26105,0.26106,0.2611,5
1574.45,0.261,0.26101,0.26105,5
1574.55,0.26095,0.26097,0.261,5
1574.65,0.26091,0.26092,0.26096,5
1574.75,0.26086,0.26087,0.26091,5
1574.85,0.26081,0.26082,0.26086,5
1574.95,0.26077,0.26078,0.26081,5
1575.05,0.26072,0.26073,0.26077,5
1575.15,0.26067,0.26068,0.26072,5
1575.25,0.26063,0.26064,0.26068,5
1575.35,0.26058,0.26059,0.26063,5
1575.45,0.26053,0.26055,0.26058,5
1575.55,0.26049,0.2605,0.26054,5
1575.65,0.26044,0.26045,0.26049,5
1575.75,0.2604,0.26041,0.26045,5
1575.85,0.26035,0.26036,0.2604,5
1575.95,0.2603,0.26032,0.26035,5
1576.05,0.26026,0.26027,0.26031,5
1576.15,0.26021,0.26023,0.26026,5
1576.25,0.26017,0.26018,0.26022,5
1576.35,0.26012,0.26014,0.26018,5
1576.45,0.26008,0.26009,0.26014,5
1576.55,0.26004,0.26005,0.2601,5
1576.65,0.26,0.26,0.26005,5
1576.75,0.25996,0.25997,0.26001,5
1576.85,0.25991,0.25993,0.25996,5
1576.95,0.25987,0.25988,0.25992,5
1577.05,0.25982,0.25984,0.25988,5
1577.15,0.25978,0.25979,0.25983,5
1577.25,0.25974,0.25975,0.25979,5
1577.35,0.25969,0.25971,0.25974,5
1577.45,0.25965,0.25966,0.2597,5
1577.55,0.25961,0.25962,0.25966,5
1577.65,0.25956,0.25958,0.25962,5
1577.75,0.25952,0.25954,0.25957,5
1577.85,0.25948,0.25949,0.25953,5
1577.95,0.25943,0.25945,0.25949,5
1578.05,0.25939,0.25941,0.25944,5
1578.15,0.25935,0.25936,0.2594,5
1578.25,0.25931,0.25932,0.25936,5
1578.35,0.25926,0.25928,0.25932,5
1578.45,0.25922,0.25924,0.25927,5
1578.55,0.25918,0.25919,0.25923,5
1578.65,0.25913,0.25915,0.25919,5
1578.75,0.25909,0.25911,0.25915,5
1578.85,0.25905,0.25907,0.2591,5
1578.95,0.25901,0.25903,0.25907,5
1579.05,0.25896,0.25898,0.25903,5
1579.15,0.25893,0.25894,0.25899,5
1579.25,0.25889,0.25891,0.25894,5
1579.35,0.25885,0.25887,0.2589,5
1579.45,0.25881,0.25883,0.25886,5
1579.55,0.25876,0.25879,0.25882,5
1579.65,0.25872,0.25874,0.25878,5
1579.75,0.25868,0.2587,0.25873,5
1579.85,0.25864,0.25866,0.25869,5
1579.95,0.2586,0.25862,0.25865,5
1580.05,0.25856,0.25858,0.25861,5
1580.15,0.25851,0.25854,0.25857,5
1580.25,0.25847,0.2585,0.25853,5
1580.35,0.25843,0.25846,0.25849,5
1580.45,0.25839,0.25842,0.25845,5
1580.55,0.25835,0.25838,0.25841,5
1580.65,0.25831,0.25833,0.25836,5
1580.75,0.25827,0.25829,0.25832,5
1580.85,0.25823,0.25825,0.25828,5
1580.95,0.25819,0.25821,0.25824,5
1581.05,0.25815,0.25817,0.2582,5
1581.15,0.25811,0.25813,0.25816,5
1581.25,0.25806,0.25809,0.25812,5
1581.35,0.25802,0.25805,0.25808,5
1581.45,0.25798,0.25801,0.25804,5
1581.55,0.25794,0.25797,0.258,5
1581.65,0.2579,0.25793,0.25797,5
1581.75,0.25787,0.25789,0.25793,5
1581.85,0.25783,0.25785,0.25789,5
1581.95,0.25779,0.25782,0.25785,5
1582.05,0.25775,0.25779,0.25781,5
1582.15,0.25771,0.25775,0.25777,5
1582.25,0.25768,0.25771,0.25773,5
1582.35,0.25764,0.25767,0.25769,5
1582.45,0.2576,0.25763,0.25765,5
1582.55,0.25756,0.25759,0.25761,5
1582.65,0.25752,0.25755,0.25757,5
1582.75,0.25748,0.25751,0.25753,5
1582.85,0.25744,0.25747,0.2575,5
1582.95,0.2574,0.25743,0.25746,5
1583.05,0.25736,0.25739,0.25742,5
1583.15,0.25732,0.25735,0.25738,5
1583.25,0.25728,0.25732,0.25734,5
1583.35,0.25724,0.25728,0.2573,5
1583.45,0.2572,0.25724,0.25726,5
1583.55,0.25716,0.2572,0.25722,5
1583.65,0.25712,0.25716,0.25718,5
1583.75,0.25709,0.25712,0.25714,5
1583.85,0.25705,0.25708,0.2571,5
1583.95,0.25701,0.25704,0.25706,5
1584.05,0.25697,0.257,0.25702,5
1584.15,0.25693,0.25696,0.25698,5
1584.25,0.25689,0.25692,0.25695,5
1584.35,0.25685,0.25688,0.25691,5
1584.45,0.25681,0.25684,0.25688,5
1584.55,0.25678,0.25681,0.25684,5
1584.65,0.25674,0.25677,0.2568,5
1584.75,0.2567,0.25674,0.25676,5
1584.85,0.25667,0.2567,0.25672,5
1584.95,0.25663,0.25666,0.25668,5
1585.05,0.25659,0.25662,0.25664,5
1585.15,0.25655,0.25658,0.25661,5
1585.25,0.25651,0.25654,0.25657,5
1585.35,0.25647,0.25651,0.25653,5
1585.45,0.25644,0.25647,0.25649,5
1585.55,0.2564,0.25643,0.25645,5
1585.65,0.25636,0.25639,0.25641,5
1585.75,0.25632,0.25635,0.25638,5
1585.85,0.25628,0.25631,0.25634,5
1585.95,0.25625,0.25628,0.2563,5
1586.05,0.25621,0.25624,0.25626,5
1586.15,0.25617,0.2562,0.25622,5
1586.25,0.25613,0.25616,0.25619,5
1586.35,0.25609,0.25612,0.25615,5
1586.45,0.25606,0.25609,0.25611,5
1586.55,0.25602,0.25605,0.25607,5
1586.65,0.25598,0.25601,0.25604,5
1586.75,0.25595,0.25597,0.256,5
1586.85,0.25591,0.25594,0.25596,5
1586.95,0.25587,0.2559,0.25593,5
1587.05,0.25583,0.25586,0.25589,5
1587.15,0.2558,0.25583,0.25585,5
1587.25,0.25576,0.25579,0.25581,5
1587.35,0.25572,0.25575,0.25578,5
1587.45,0.2557,0.25572,0.25575,5
1587.55,0.25566,0.25568,0.25571,5
1587.65,0.25562,0.25565,0.25568,5
1587.75,0.25559,0.25562,0.25564,5
1587.85,0.25555,0.25558,0.25561,5
1587.95,0.25552,0.25554,0.25557,5
1588.05,0.25548,0.25551,0.25553,5
1588.15,0.25544,0.25547,0.2555,5
1588.25,0.25541,0.25543,0.25546,5
1588.35,0.25537,0.2554,0.25542,5
1588.45,0.25534,0.25536,0.25539,5
1588.55,0.2553,0.25533,0.25535,5
1588.65,0.25527,0.25529,0.25532,5
1588.75,0.25523,0.25526,0.25528,5
1588.85,0.2552,0.25522,0.25525,5
1588.95,0.25516,0.25519,0.25522,5
1589.05,0.25513,0.25516,0.25518,5
1589.15,0.2551,0.25512,0.25515,5
1589.25,0.25506,0.25509,0.25511,5
1589.35,0.25503,0.25506,0.25508,5
1589.45,0.25499,0.25502,0.25505,5
1589.55,0.25496,0.25499,0.25501,5
1589.65,0.25493,0.25496,0.25498,5
1589.75,0.25489,0.25492,0.25495,5
1589.85,0.25486,0.25489,0.25491,5
1589.95,0.25483,0.25486,0.25488,5
1590.05,0.25479,0.25482,0.25485,5
1590.15,0.25476,0.25479,0.25481,5
1590.25,0.25473,0.25476,0.25478,5
1590.35,0.25469,0.25472,0.25475,5
1590.45,0.25466,0.25469,0.25471,5
1590.55,0.25463,0.25466,0.25468,5
1590.65,0.25461,0.25463,0.25466,5
1590.75,0.25457,0.25459,0.25463,5
1590.85,0.25454,0.25457,0.25459,5
1590.95,0.25451,0.25454,0.25456,5
1591.05,0.25448,0.25451,0.25453,5
1591.15,0.25444,0.25448,0.25449,5
1591.25,0.25441,0.25444,0.25446,5
1591.35,0.25438,0.25441,0.25443,5
1591.45,0.25435,0.25438,0.2544,5
1591.55,0.25431,0.25435,0.25437,5
1591.65,0.25428,0.25431,0.25433,5
1591.75,0.25425,0.25428,0.2543,5
1591.85,0.25422,0.25425,0.25427,5
1591.95,0.25419,0.25422,0.25424,5
1592.05,0.25415,0.25419,0.2542,5
1592.15,0.25412,0.25416,0.25417,5
1592.25,0.25409,0.25412,0.25414,5
1592.35,0.25406,0.25409,0.25411,5
1592.45,0.25403,0.25406,0.25408,5
1592.55,0.25399,0.25403,0.25405,5
1592.65,0.25396,0.254,0.25401,5
1592.75,0.25393,0.25397,0.25398,5
1592.85,0.2539,0.25393,0.25395,5
1592.95,0.25387,0.2539,0.25392,5
1593.05,0.25384,0.25387,0.25389,5
1593.15,0.2538,0.25384,0.25386,5
1593.25,0.25377,0.25381,0.25382,5
1593.35,0.25374,0.25378,0.25379,5
1593.45,0.25371,0.25375,0.25376,5
1593.55,0.25368,0.25371,0.25373,5
1593.65,0.25365,0.25368,0.2537,5
1593.75,0.25361,0.25365,0.25367,5
1593.85,0.25358,0.25362,0.25363,5
1593.95,0.25355,0.25359,0.2536,5
1594.05,0.25353,0.25355,0.25358,5
1594.15,0.2535,0.25352,0.25355,5
1594.25,0.25347,0.2535,0.25352,5
1594.35,0.25343,0.25347,0.25349,5
1594.45,0.2534,0.25344,0.25345,5
1594.55,0.25337,0.2534,0.25342,5
1594.65,0.25334,0.25337,0.25339,5
1594.75,0.25331,0.25334,0.25336,5
1594.85,0.25328,0.25331,0.25333,5
1594.95,0.25324,0.25328,0.2533,5
1595.05,0.25321,0.25325,0.25326,5
1595.15,0.25318,0.25321,0.25323,5
1595.25,0.25315,0.25318,0.2532,5
1595.35,0.25312,0.25315,0.25317,5
1595.45,0.25309,0.25312,0.25314,5
1595.55,0.25305,0.25309,0.25311,5
1595.65,0.25302,0.25305,0.25307,5
1595.75,0.25299,0.25302,0.25304,5
1595.85,0.25296,0.25299,0.25301,5
1595.95,0.25293,0.25296,0.25298,5
1596.05,0.2529,0.25293,0.25295,5
1596.15,0.25286,0.25289,0.25292,5
1596.25,0.25283,0.25286,0.25288,5
1596.35,0.2528,0.25283,0.25285,5
1596.45,0.25277,0.2528,0.25282,5
1596.55,0.25274,0.25277,0.25279,5
1596.65,0.25271,0.25273,0.25276,5
1596.75,0.25267,0.2527,0.25272,5
1596.85,0.25264,0.25267,0.25269,5
1596.95,0.25261,0.25264,0.25266,5
1597.05,0.25258,0.2526,0.25263,5
1597.15,0.25255,0.25257,0.2526,5
1597.25,0.25252,0.25254,0.25257,5
1597.35,0.25248,0.25251,0.25253,5
1597.45,0.25245,0.25248,0.2525,5
1597.55,0.25243,0.25244,0.25248,5
1597.65,0.2524,0.25242,0.25245,5
1597.75,0.25237,0.25239,0.25242,5
1597.85,0.25233,0.25236,0.25238,5
1597.95,0.2523,0.25232,0.25235,5
1598.05,0.25227,0.25229,0.25232,5
1598.15,0.25224,0.25226,0.25229,5
1598.25,0.25221,0.25223,0.25226,5
1598.35,0.25217,0.2522,0.25222,5
1598.45,0.25214,0.25216,0.25219,5
1598.55,0.25211,0.25213,0.25216,5
1598.65,0.25208,0.2521,0.25213,5
1598.75,0.25205,0.25207,0.2521,5
1598.85,0.25201,0.25203,0.25206,5
1598.95,0.25198,0.252,0.25203,5
1599.05,0.25195,0.25197,0.252,5
1599.15,0.25191,0.25193,0.25196,5
1599.25,0.25188,0.2519,0.25193,5
1599.35,0.25185,0.25187,0.2519,5
1599.45,0.25181,0.25183,0.25187,5
1599.55,0.25178,0.2518,0.25183,5
1599.65,0.25175,0.25177,0.2518,5
1599.75,0.25171,0.25173,0.25177,5
1599.85,0.25168,0.2517,0.25173,5
1599.95,0.25165,0.25167,0.2517,5
1600.05,0.25161,0.25163,0.25167,5
1600.15,0.25158,0.2516,0.25163,5
1600.25,0.25155,0.25157,0.2516,5
1600.35,0.25151,0.25153,0.25157,5
1600.45,0.25148,0.2515,0.25153,5
1600.55,0.25145,0.25147,0.2515,5
1600.65,0.25141,0.25143,0.25147,5
1600.75,0.25138,0.2514,0.25143,5
1600.85,0.25136,0.25137,0.2514,5
1600.95,0.25132,0.25134,0.25137,5
1601.05,0.25129,0.25131,0.25134,5
1601.15,0.25125,0.25128,0.25131,5
1601.25,0.25122,0.25124,0.25127,5
1601.35,0.25119,0.25121,0.25124,5
1601.45,0.25115,0.25118,0.25121,5
1601.55,0.25112,0.25114,0.25117,5
1601.65,0.25108,0.25111,0.25114,5
1601.75,0.25105,0.25107,0.2511,5
1601.85,0.25102,0.25104,0.25107,5
1601.95,0.25098,0.25101,0.25104,5
1602.05,0.25095,0.25097,0.251,5
1602.15,0.25091,0.25094,0.25097,5
1602.25,0.25088,0.2509,0.25094,5
1602.35,0.25085,0.25087,0.2509,5
1602.45,0.25081,0.25084,0.25087,5
1602.55,0.25078,0.2508,0.25083,5
1602.65,0.25074,0.25077,0.2508,5
1602.75,0.25071,0.25074,0.25077,5
1602.85,0.25068,0.2507,0.25073,5
1602.95,0.25064,0.25067,0.2507,5
1603.05,0.25061,0.25063,0.25066,5
1603.15,0.25057,0.2506,0.25063,5
1603.25,0.25054,0.25057,0.25059,5
1603.35,0.25051,0.25053,0.25056,5
1603.45,0.25047,0.2505,0.25053,5
1603.55,0.25044,0.25046,0.25049,5
1603.65,0.2504,0.25043,0.25046,5
1603.75,0.25037,0.25039,0.25042,5
1603.85,0.25033,0.25036,0.25039,5
1603.95,0.2503,0.25033,0.25035,5
1604.05,0.25027,0.25029,0.25032,5
1604.15,0.25024,0.25027,0.25028,5
1604.25,0.25021,0.25023,0.25026,5
1604.35,0.25017,0.2502,0.25022,5
1604.45,0.25014,0.25016,0.25019,5
1604.55,0.2501,0.25013,0.25015,5
1604.65,0.25007,0.25009,0.25012,5
1604.75,0.25003,0.25006,0.25008,5
1604.85,0.25,0.25002,0.25005,5
1604.95,0.24996,0.24999,0.25001,5
1605.05,0.24993,0.24995,0.24998,5
1605.15,0.24989,0.24992,0.24994,5
1605.25,0.24986,0.24988,0.24991,5
1605.35,0.24982,0.24985,0.24987,5
1605.45,0.24979,0.24981,0.24984,5
1605.55,0.24975,0.24978,0.2498,5
1605.65,0.24972,0.24974,0.24977,5
1605.75,0.24968,0.24971,0.24973,5
1605.85,0.24965,0.24967,0.2497,5
1605.95,0.24961,0.24964,0.24966,5
1606.05,0.24958,0.2496,0.24963,5
1606.15,0.24954,0.24957,0.24959,5
1606.25,0.24951,0.24953,0.24956,5
1606.35,0.24947,0.2495,0.24952,5
1606.45,0.24944,0.24947,0.24949,5
1606.55,0.24941,0.24943,0.24945,5
1606.65,0.24937,0.2494,0.24942,5
1606.75,0.24934,0.24936,0.24938,5
1606.85,0.2493,0.24933,0.24935,5
1606.95,0.24927,0.24929,0.24931,5
1607.05,0.24923,0.24926,0.24928,5
1607.15,0.2492,0.24922,0.24925,5
1607.25,0.24917,0.24919,0.24921,5
1607.35,0.24914,0.24917,0.24918,5
1607.45,0.24911,0.24913,0.24915,5
1607.55,0.24907,0.2491,0.24912,5
1607.65,0.24904,0.24906,0.24908,5
1607.75,0.249,0.24903,0.24905,5
1607.85,0.24897,0.24899,0.24901,5
1607.95,0.24894,0.24896,0.24898,5
1608.05,0.2489,0.24893,0.24895,5
1608.15,0.24887,0.24889,0.24891,5
1608.25,0.24883,0.24886,0.24888,5
1608.35,0.2488,0.24882,0.24884,5
1608.45,0.24877,0.24879,0.24881,5
1608.55,0.24873,0.24876,0.24877,5
1608.65,0.2487,0.24872,0.24874,5
1608.75,0.24867,0.24869,0.24871,5
1608.85,0.24863,0.24866,0.24867,5
1608.95,0.2486,0.24862,0.24864,5
1609.05,0.24857,0.24859,0.24861,5
1609.15,0.24853,0.24856,0.24857,5
1609.25,0.2485,0.24852,0.24854,5
1609.35,0.24847,0.24849,0.24851,5
1609.45,0.24843,0.24846,0.24847,5
1609.55,0.2484,0.24843,0.24844,5
1609.65,0.24837,0.24839,0.24841,5
1609.75,0.24834,0.24836,0.24837,5
1609.85,0.2483,0.24833,0.24834,5
1609.95,0.24827,0.2483,0.24831,5
1610.05,0.24824,0.24826,0.24827,5
1610.15,0.24821,0.24823,0.24824,5
1610.25,0.24817,0.2482,0.24821,5
1610.35,0.24814,0.24817,0.24818,5
1610.45,0.24811,0.24813,0.24814,5
1610.55,0.24809,0.24811,0.24811,5
1610.65,0.24806,0.24808,0.24808,5
1610.75,0.24803,0.24805,0.24806,5
1610.85,0.24799,0.24802,0.24802,5
1610.95,0.24796,0.24799,0.24799,5
1611.05,0.24793,0.24796,0.24796,5
1611.15,0.2479,0.24792,0.24793,5
1611.25,0.24787,0.24789,0.2479,5
1611.35,0.24784,0.24786,0.24787,5
1611.45,0.24781,0.24783,0.24783,5
1611.55,0.24778,0.2478,0.2478,5
1611.65,0.24774,0.24777,0.24777,5
1611.75,0.24771,0.24774,0.24774,5
1611.85,0.24768,0.24771,0.24771,5
1611.95,0.24765,0.24768,0.24768,5
1612.05,0.24762,0.24765,0.24765,5
1612.15,0.24759,0.24762,0.24762,5
1612.25,0.24756,0.24759,0.24759,5
1612.35,0.24753,0.24756,0.24756,5
1612.45,0.2475,0.24753,0.24753,5
1612.55,0.24747,0.2475,0.2475,5
1612.65,0.24744,0.24747,0.24747,5
1612.75,0.24741,0.24744,0.24744,5
1612.85,0.24739,0.24741,0.24741,5
1612.95,0.24736,0.24738,0.24738,5
1613.05,0.24733,0.24735,0.24735,5
1613.15,0.2473,0.24732,0.24732,5
1613.25,0.24727,0.2473,0.24729,5
1613.35,0.24724,0.24727,0.24726,5
1613.45,0.24721,0.24724,0.24723,5
1613.55,0.24718,0.24721,0.2472,5
1613.65,0.24716,0.24718,0.24717,5
1613.75,0.24713,0.24715,0.24715,5
1613.85,0.2471,0.24713,0.24712,5
1613.95,0.24707,0.2471,0.24709,5
1614.05,0.24704,0.24707,0.24706,5
1614.15,0.24702,0.24704,0.24703,5
1614.25,0.247,0.24703,0.24701,5
1614.35,0.24697,0.247,0.24698,5
1614.45,0.24695,0.24697,0.24696,5
1614.55,0.24692,0.24695,0.24693,5
1614.65,0.24689,0.24692,0.24691,5
1614.75,0.24687,0.24689,0.24688,5
1614.85,0.24684,0.24687,0.24686,5
1614.95,0.24681,0.24684,0.24683,5
1615.05,0.24679,0.24682,0.2468,5
1615.15,0.24676,0.24679,0.24678,5
1615.25,0.24674,0.24676,0.24675,5
1615.35,0.24671,0.24674,0.24673,5
1615.45,0.24668,0.24671,0.2467,5
1615.55,0.24666,0.24669,0.24668,5
1615.65,0.24663,0.24666,0.24665,5
1615.75,0.24661,0.24664,0.24663,5
1615.85,0.24659,0.24661,0.2466,5
1615.95,0.24656,0.24659,0.24658,5
1616.05,0.24654,0.24657,0.24655,5
1616.15,0.24651,0.24654,0.24653,5
1616.25,0.24649,0.24652,0.2465,5
1616.35,0.24646,0.24649,0.24648,5
1616.45,0.24644,0.24647,0.24646,5
1616.55,0.24642,0.24645,0.24643,5
1616.65,0.24639,0.24642,0.24641,5
1616.75,0.24637,0.2464,0.24639,5
1616.85,0.24635,0.24638,0.24636,5
1616.95,0.24632,0.24635,0.24634,5
1617.05,0.2463,0.24633,0.24632,5
1617.15,0.24628,0.24631,0.24629,5
1617.25,0.24626,0.24629,0.24627,5
1617.35,0.24623,0.24626,0.24625,5
1617.45,0.24621,0.24624,0.24623,5
1617.55,0.24619,0.24622,0.2462,5
1617.65,0.24617,0.2462,0.24618,5
1617.75,0.24615,0.24618,0.24616,5
1617.85,0.24613,0.24616,0.24614,5
1617.95,0.2461,0.24614,0.24612,5
1618.05,0.24608,0.24611,0.2461,5
1618.15,0.24606,0.24609,0.24608,5
1618.25,0.24604,0.24607,0.24606,5
1618.35,0.24602,0.24605,0.24603,5
1618.45,0.246,0.24603,0.24601,5
1618.55,0.24598,0.24601,0.24599,5
1618.65,0.24596,0.24599,0.24597,5
1618.75,0.24594,0.24597,0.24595,5
1618.85,0.24593,0.24595,0.24593,5
1618.95,0.24591,0.24594,0.24591,5
1619.05,0.24589,0.24592,0.2459,5
1619.15,0.24587,0.2459,0.24588,5
1619.25,0.24585,0.24589,0.24587,5
1619.35,0.24584,0.24587,0.24585,5
1619.45,0.24582,0.24585,0.24583,5
1619.55,0.2458,0.24583,0.24581,5
1619.65,0.24578,0.24581,0.24579,5
1619.75,0.24576,0.24579,0.24577,5
1619.85,0.24575,0.24578,0.24576,5
1619.95,0.24573,0.24576,0.24574,5
1620.05,0.24571,0.24574,0.24572,5
1620.15,0.2457,0.24572,0.2457,5
1620.25,0.24568,0.24571,0.24568,5
1620.35,0.24566,0.24569,0.24567,5
1620.45,0.24565,0.24567,0.24565,5
1620.55,0.24563,0.24566,0.24563,5
1620.65,0.24561,0.24564,0.24562,5
1620.75,0.2456,0.24562,0.2456,5
1620.85,0.24558,0.24561,0.24558,5
1620.95,0.24557,0.24559,0.24557,5
1621.05,0.24555,0.24558,0.24555,5
1621.15,0.24554,0.24556,0.24553,5
1621.25,0.24552,0.24554,0.24552,5
1621.35,0.24551,0.24553,0.2455,5
1621.45,0.24549,0.24551,0.24549,5
1621.55,0.24548,0.2455,0.24547,5
1621.65,0.24546,0.24549,0.24546,5
1621.75,0.24545,0.24547,0.24544,5
1621.85,0.24544,0.24546,0.24543,5
1621.95,0.24542,0.24544,0.24541,5
1622.05,0.24541,0.24543,0.2454,5
1622.15,0.2454,0.24541,0.24539,5
1622.25,0.24538,0.2454,0.24537,5
1622.35,0.24537,0.24539,0.24536,5
1622.45,0.24536,0.24538,0.24534,5
1622.55,0.24535,0.24536,0.24533,5
1622.65,0.24533,0.24535,0.24532,5
1622.75,0.24532,0.24534,0.24531,5
1622.85,0.24531,0.24532,0.24529,5
1622.95,0.2453,0.24531,0.24528,5
1623.05,0.24529,0.2453,0.24527,5
1623.15,0.24527,0.24529,0.24526,5
1623.25,0.24526,0.24528,0.24524,5
1623.35,0.24525,0.24527,0.24523,5
1623.45,0.24524,0.24525,0.24522,5
1623.55,0.24523,0.24524,0.24521,5
1623.65,0.24522,0.24523,0.2452,5
1623.75,0.24521,0.24522,0.24519,5
1623.85,0.2452,0.24521,0.24518,5
1623.95,0.24519,0.2452,0.24517,5
1624.05,0.24518,0.24519,0.24516,5
1624.15,0.24517,0.24518,0.24515,5
1624.25,0.24516,0.24517,0.24514,5
1624.35,0.24515,0.24516,0.24513,5
1624.45,0.24516,0.24517,0.24513,5
1624.55,0.24521,0.24522,0.24518,5
1624.65,0.24526,0.24527,0.24523,5
1624.75,0.24531,0.24532,0.24528,5
1624.85,0.24536,0.24537,0.24533,5
1624.95,0.24541,0.24542,0.24538,5
1625.05,0.24546,0.24547,0.24543,5
1625.15,0.24551,0.24552,0.24548,5
1625.25,0.24556,0.24557,0.24553,5
1625.35,0.2456,0.24561,0.24557,5
1625.45,0.24565,0.24566,0.24562,5
1625.55,0.24569,0.24571,0.24566,5
1625.65,0.24574,0.24575,0.24571,5
1625.75,0.24578,0.24579,0.24575,5
1625.85,0.24582,0.24583,0.24579,5
1625.95,0.24586,0.24587,0.24583,5
1626.05,0.24589,0.24591,0.24586,5
1626.15,0.24593,0.24594,0.24589,5
1626.25,0.24595,0.24596,0.24592,5
1626.35,0.24598,0.24599,0.24595,5
1626.45,0.24601,0.24602,0.24598,5
1626.55,0.24603,0.24605,0.246,5
1626.65,0.24605,0.24607,0.24602,5
1626.75,0.24607,0.24609,0.24604,5
1626.85,0.24609,0.24611,0.24606,5
1626.95,0.2461,0.24612,0.24607,5
1627.05,0.24611,0.24613,0.24608,5
1627.15,0.24612,0.24613,0.24609,5
1627.25,0.24612,0.24614,0.24609,5
1627.35,0.24612,0.24614,0.24609,5
1627.45,0.24611,0.24613,0.24609,5
1627.55,0.24611,0.24612,0.24608,5
1627.65,0.24609,0.24611,0.24606,5
1627.75,0.24607,0.24609,0.24605,5
1627.85,0.24605,0.24607,0.24603,5
1627.95,0.24603,0.24604,0.246,5
1628.05,0.246,0.24601,0.24597,5
1628.15,0.24596,0.24598,0.24593,5
1628.25,0.24593,0.24594,0.24589,5
1628.35,0.24588,0.2459,0.24586,5
1628.45,0.24583,0.24585,0.24581,5
1628.55,0.24577,0.24579,0.24575,5
1628.65,0.24571,0.24573,0.24569,5
1628.75,0.24564,0.24566,0.24562,5
1628.85,0.24557,0.24559,0.24555,5
1628.95,0.24549,0.24551,0.24547,5
1629.05,0.2454,0.24542,0.24539,5
1629.15,0.24531,0.24533,0.2453,5
1629.25,0.24521,0.24523,0.2452,5
1629.35,0.24511,0.24513,0.2451,5
1629.45,0.24499,0.24502,0.24499,5
1629.55,0.24491,0.24493,0.2449,5
1629.65,0.24486,0.24489,0.24486,5
1629.75,0.24483,0.24485,0.24482,5
1629.85,0.24479,0.24481,0.24478,5
1629.95,0.24475,0.24477,0.24474,5
1630.05,0.24471,0.24473,0.2447,5
1630.15,0.24466,0.24468,0.24466,5
1630.25,0.24462,0.24464,0.24462,5
1630.35,0.24458,0.2446,0.24457,5
1630.45,0.24454,0.24456,0.24453,5
1630.55,0.24449,0.24451,0.24449,5
1630.65,0.24445,0.24447,0.24445,5
1630.75,0.24441,0.24443,0.2444,5
1630.85,0.24436,0.24438,0.24436,5
1630.95,0.24432,0.24434,0.24432,5
1631.05,0.24428,0.2443,0.24427,5
1631.15,0.24423,0.24425,0.24423,5
1631.25,0.24419,0.24421,0.24419,5
1631.35,0.24414,0.24416,0.24414,5
1631.45,0.2441,0.24412,0.2441,5
1631.55,0.24405,0.24408,0.24406,5
1631.65,0.24401,0.24403,0.24401,5
1631.75,0.24397,0.24399,0.24397,5
1631.85,0.24392,0.24394,0.24392,5
1631.95,0.24388,0.2439,0.24388,5
1632.05,0.24383,0.24385,0.24383,5
1632.15,0.24379,0.24381,0.24379,5
1632.25,0.24375,0.24377,0.24375,5
1632.35,0.2437,0.24372,0.2437,5
1632.45,0.24366,0.24368,0.24367,5
1632.55,0.24361,0.24363,0.24362,5
1632.65,0.24357,0.24359,0.24357,5
1632.75,0.24352,0.24354,0.24353,5
1632.85,0.24348,0.24349,0.24348,5
1632.95,0.24343,0.24345,0.24344,5
1633.05,0.24338,0.2434,0.24339,5
1633.15,0.24334,0.24336,0.24335,5
1633.25,0.24329,0.24331,0.2433,5
1633.35,0.24324,0.24326,0.24325,5
1633.45,0.2432,0.24321,0.24321,5
1633.55,0.24315,0.24317,0.24316,5
1633.65,0.2431,0.24312,0.24311,5
1633.75,0.24305,0.24307,0.24307,5
1633.85,0.24301,0.24303,0.24302,5
1633.95,0.24296,0.24298,0.24297,5
1634.05,0.24291,0.24293,0.24293,5
1634.15,0.24286,0.24288,0.24288,5
1634.25,0.24282,0.24283,0.24283,5
1634.35,0.24277,0.24279,0.24278,5
1634.45,0.24272,0.24274,0.24274,5
1634.55,0.24267,0.2427,0.24269,5
1634.65,0.24263,0.24265,0.24264,5
1634.75,0.24258,0.2426,0.24259,5
1634.85,0.24254,0.24255,0.24255,5
1634.95,0.24249,0.2425,0.24251,5
1635.05,0.24244,0.24246,0.24246,5
1635.15,0.24239,0.24241,0.24241,5
1635.25,0.24234,0.24236,0.24236,5
1635.35,0.24229,0.24231,0.24231,5
1635.45,0.24224,0.24226,0.24226,5
1635.55,0.24219,0.24221,0.24221,5
1635.65,0.24214,0.24216,0.24217,5
1635.75,0.24209,0.24211,0.24212,5
1635.85,0.24204,0.24206,0.24207,5
1635.95,0.24199,0.24201,0.24202,5
1636.05,0.24194,0.24196,0.24197,5
1636.15,0.24189,0.24191,0.24192,5
1636.25,0.24184,0.24186,0.24187,5
1636.35,0.24179,0.24181,0.24182,5
1636.45,0.24174,0.24176,0.24177,5
1636.55,0.24169,0.24171,0.24172,5
1636.65,0.24164,0.24166,0.24167,5
1636.75,0.24159,0.24162,0.24162,5
1636.85,0.24155,0.24157,0.24157,5
1636.95,0.2415,0.24151,0.24152,5
1637.05,0.24145,0.24146,0.24148,5
1637.15,0.2414,0.24141,0.24143,5
1637.25,0.24135,0.24136,0.24138,5
1637.35,0.24129,0.24131,0.24133,5
1637.45,0.24124,0.24126,0.24128,5
1637.55,0.24119,0.24121,0.24122,5
1637.65,0.24114,0.24116,0.24117,5
1637.75,0.24109,0.2411,0.24112,5
1637.85,0.24104,0.24105,0.24107,5
1637.95,0.24098,0.241,0.24102,5
1638.05,0.24093,0.24095,0.24097,5
1638.15,0.24088,0.2409,0.24092,5
1638.25,0.24083,0.24084,0.24087,5
1638.35,0.24078,0.24079,0.24081,5
1638.45,0.24072,0.24074,0.24076,5
1638.55,0.24067,0.24069,0.24071,5
1638.65,0.24062,0.24063,0.24066,5
1638.75,0.24057,0.24058,0.24061,5
1638.85,0.24051,0.24054,0.24055,5
1638.95,0.24047,0.24049,0.2405,5
1639.05,0.24042,0.24043,0.24045,5
1639.15,0.24037,0.24038,0.2404,5
1639.25,0.24031,0.24033,0.24036,5
1639.35,0.24026,0.24027,0.2403,5
1639.45,0.24021,0.24022,0.24025,5
1639.55,0.24015,0.24017,0.2402,5
1639.65,0.2401,0.24011,0.24015,5
1639.75,0.24005,0.24006,0.24009,5
1639.85,0.23999,0.24001,0.24004,5
1639.95,0.23994,0.23995,0.23999,5
1640.05,0.23989,0.2399,0.23993,5
1640.15,0.23983,0.23985,0.23988,5
1640.25,0.23978,0.23979,0.23983,5
1640.35,0.23972,0.23974,0.23977,5
1640.45,0.23967,0.23968,0.23972,5
1640.55,0.23962,0.23963,0.23967,5
1640.65,0.23956,0.23958,0.23961,5
1640.75,0.23951,0.23952,0.23956,5
1640.85,0.23945,0.23947,0.23951,5
1640.95,0.23941,0.23942,0.23945,5
1641.05,0.23936,0.23937,0.2394,5
1641.15,0.2393,0.23931,0.23935,5
1641.25,0.23925,0.23926,0.23929,5
1641.35,0.23919,0.23921,0.23925,5
1641.45,0.23914,0.23915,0.23919,5
1641.55,0.23908,0.2391,0.23914,5
1641.65,0.23903,0.23904,0.23909,5
1641.75,0.23897,0.23899,0.23903,5
1641.85,0.23892,0.23893,0.23898,5
1641.95,0.23886,0.23888,0.23892,5
1642.05,0.23881,0.23882,0.23887,5
1642.15,0.23875,0.23877,0.23881,5
1642.25,0.2387,0.23871,0.23876,5
1642.35,0.23864,0.23866,0.2387,5
1642.45,0.23859,0.2386,0.23865,5
1642.55,0.23853,0.23854,0.2386,5
1642.65,0.23848,0.23849,0.23854,5
1642.75,0.23842,0.23843,0.23849,5
1642.85,0.23837,0.23838,0.23843,5
1642.95,0.23832,0.23833,0.23838,5
1643.05,0.23827,0.23828,0.23832,5
1643.15,0.23821,0.23822,0.23827,5
1643.25,0.23816,0.23817,0.23821,5
1643.35,0.2381,0.23811,0.23817,5
1643.45,0.23804,0.23805,0.23811,5
1643.55,0.23799,0.238,0.23806,5
1643.65,0.23793,0.23794,0.238,5
1643.75,0.23788,0.23789,0.23795,5
1643.85,0.23782,0.23783,0.23789,5
1643.95,0.23776,0.23777,0.23783,5
1644.05,0.23771,0.23772,0.23778,5
1644.15,0.23765,0.23766,0.23772,5
1644.25,0.2376,0.23761,0.23767,5
1644.35,0.23754,0.23755,0.23761,5
1644.45,0.23748,0.23749,0.23756,5
1644.55,0.23743,0.23744,0.2375,5
1644.65,0.23737,0.23738,0.23745,5
1644.75,0.23731,0.23732,0.23739,5
1644.85,0.23726,0.23728,0.23733,5
1644.95,0.23721,0.23722,0.23728,5
1645.05,0.23716,0.23717,0.23722,5
1645.15,0.2371,0.23711,0.23717,5
1645.25,0.23704,0.23705,0.23711,5
1645.35,0.23699,0.237,0.23706,5
1645.45,0.23693,0.23694,0.23701,5
1645.55,0.23687,0.23688,0.23695,5
1645.65,0.23682,0.23683,0.2369,5
1645.75,0.23676,0.23677,0.23684,5
1645.85,0.2367,0.23671,0.23678,5
1645.95,0.23665,0.23665,0.23673,5
1646.05,0.23659,0.2366,0.23667,5
1646.15,0.23653,0.23654,0.23662,5
1646.25,0.23648,0.23648,0.23656,5
1646.35,0.23642,0.23643,0.2365,5
1646.45,0.23636,0.23637,0.23645,5
1646.55,0.23631,0.23631,0.23639,5
1646.65,0.23625,0.23626,0.23633,5
1646.75,0.23619,0.23621,0.23628,5
1646.85,0.23614,0.23615,0.23622,5
1646.95,0.23609,0.23609,0.23616,5
1647.05,0.23603,0.23604,0.23611,5
1647.15,0.23597,0.23598,0.23605,5
1647.25,0.23592,0.23592,0.236,5
1647.35,0.23586,0.23587,0.23595,5
1647.45,0.2358,0.23581,0.23589,5
1647.55,0.23574,0.23575,0.23584,5
1647.65,0.23569,0.23569,0.23578,5
1647.75,0.23563,0.23564,0.23572,5
1647.85,0.23557,0.23558,0.23567,5
1647.95,0.23552,0.23552,0.23561,5
1648.05,0.23546,0.23547,0.23555,5
1648.15,0.2354,0.23541,0.2355,5
1648.25,0.23534,0.23535,0.23544,5
1648.35,0.23529,0.23529,0.23538,5
1648.45,0.23523,0.23524,0.23533,5
1648.55,0.23517,0.23518,0.23527,5
1648.65,0.23511,0.23513,0.23521,5
1648.75,0.23507,0.23507,0.23516,5
1648.85,0.23501,0.23502,0.2351,5
1648.95,0.23495,0.23496,0.23504,5
1649.05,0.2349,0.2349,0.23499,5
1649.15,0.23484,0.23484,0.23493,5
1649.25,0.23478,0.23479,0.23487,5
1649.35,0.23472,0.23473,0.23483,5
1649.45,0.23467,0.23467,0.23477,5
1649.55,0.23461,0.23461,0.23471,5
1649.65,0.23455,0.23456,0.23466,5
1649.75,0.23449,0.2345,0.2346,5
1649.85,0.23444,0.23444,0.23454,5
1649.95,0.23438,0.23438,0.23448,5
1650.05,0.23432,0.23433,0.23443,5
1650.15,0.23426,0.23427,0.23437,5
1650.25,0.23421,0.23421,0.23431,5
1650.35,0.23415,0.23416,0.23426,5
1650.45,0.23409,0.2341,0.2342,5
1650.55,0.23404,0.23405,0.23414,5
1650.65,0.23399,0.23399,0.23409,5
1650.75,0.23393,0.23394,0.23403,5
1650.85,0.23387,0.23388,0.23397,5
1650.95,0.23382,0.23382,0.23392,5
1651.05,0.23376,0.23376,0.23386,5
1651.15,0.2337,0.23371,0.2338,5
1651.25,0.23364,0.23365,0.23376,5
1651.35,0.23359,0.23359,0.2337,5
1651.45,0.23353,0.23353,0.23364,5
1651.55,0.23347,0.23348,0.23359,5
1651.65,0.23341,0.23342,0.23353,5
1651.75,0.23336,0.23336,0.23347,5
1651.85,0.2333,0.2333,0.23342,5
1651.95,0.23324,0.23325,0.23336,5
1652.05,0.23319,0.23319,0.2333,5
1652.15,0.23313,0.23313,0.23325,5
1652.25,0.23307,0.23308,0.23319,5
1652.35,0.23301,0.23302,0.23313,5
1652.45,0.23296,0.23297,0.23308,5
1652.55,0.2329,0.23291,0.23302,5
1652.65,0.23285,0.23286,0.23296,5
1652.75,0.2328,0.2328,0.23291,5
1652.85,0.23274,0.23274,0.23285,5
1652.95,0.23268,0.23268,0.23279,5
1653.05,0.23262,0.23263,0.23274,5
1653.15,0.23257,0.23257,0.23268,5
1653.25,0.23251,0.23251,0.23264,5
1653.35,0.23245,0.23246,0.23258,5
1653.45,0.2324,0.2324,0.23252,5
1653.55,0.23234,0.23234,0.23247,5
1653.65,0.23228,0.23229,0.23241,5
1653.75,0.23223,0.23223,0.23235,5
1653.85,0.23217,0.23217,0.2323,5
1653.95,0.23211,0.23212,0.23224,5
1654.05,0.23206,0.23206,0.23218,5
1654.15,0.232,0.232,0.23213,5
1654.25,0.23194,0.23194,0.23207,5
1654.35,0.23189,0.23189,0.23202,5
1654.45,0.23183,0.23184,0.23196,5
1654.55,0.23178,0.23178,0.2319,5
1654.65,0.23173,0.23173,0.23185,5
1654.75,0.23167,0.23167,0.23179,5
1654.85,0.23161,0.23162,0.23174,5
1654.95,0.23156,0.23156,0.23168,5
1655.05,0.2315,0.2315,0.23162,5
1655.15,0.23144,0.23145,0.23157,5
1655.25,0.23139,0.23139,0.23152,5
1655.35,0.23133,0.23133,0.23147,5
1655.45,0.23128,0.23128,0.23141,5
1655.55,0.23122,0.23122,0.23136,5
1655.65,0.23116,0.23116,0.2313,5
1655.75,0.23111,0.23111,0.23124,5
1655.85,0.23105,0.23105,0.23119,5
1655.95,0.23099,0.231,0.23113,5
1656.05,0.23094,0.23094,0.23108,5
1656.15,0.23088,0.23088,0.23102,5
1656.25,0.23083,0.23083,0.23097,5
1656.35,0.23077,0.23078,0.23091,5
1656.45,0.23073,0.23073,0.23086,5
1656.55,0.23067,0.23067,0.2308,5
1656.65,0.23061,0.23061,0.23075,5
1656.75,0.23056,0.23056,0.23069,5
1656.85,0.2305,0.2305,0.23064,5
1656.95,0.23045,0.23045,0.23058,5
1657.05,0.23039,0.23039,0.23053,5
1657.15,0.23034,0.23034,0.23047,5
1657.25,0.23028,0.23028,0.23043,5
1657.35,0.23023,0.23023,0.23037,5
1657.45,0.23017,0.23017,0.23032,5
1657.55,0.23011,0.23012,0.23026,5
1657.65,0.23006,0.23006,0.23021,5
1657.75,0.23,0.23,0.23015,5
1657.85,0.22995,0.22995,0.2301,5
1657.95,0.22989,0.22989,0.23004,5
1658.05,0.22984,0.22984,0.22999,5
1658.15,0.22979,0.22979,0.22994,5
1658.25,0.22973,0.22973,0.22988,5
1658.35,0.22968,0.22969,0.22983,5
1658.45,0.22963,0.22963,0.22977,5
1658.55,0.22958,0.22958,0.22972,5
1658.65,0.22952,0.22952,0.22967,5
1658.75,0.22947,0.22947,0.22961,5
1658.85,0.22941,0.22941,0.22956,5
1658.95,0.22936,0.22936,0.2295,5
1659.05,0.2293,0.2293,0.22945,5
1659.15,0.22925,0.22925,0.2294,5
1659.25,0.2292,0.2292,0.22935,5
1659.35,0.22914,0.22914,0.2293,5
1659.45,0.22909,0.22909,0.22925,5
1659.55,0.22903,0.22903,0.22919,5
1659.65,0.22898,0.22898,0.22914,5
1659.75,0.22893,0.22893,0.22909,5
1659.85,0.22887,0.22887,0.22903,5
1659.95,0.22882,0.22882,0.22898,5
1660.05,0.22877,0.22876,0.22893,5
1660.15,0.22871,0.22871,0.22887,5
1660.25,0.22866,0.22866,0.22882,5
1660.35,0.22861,0.22861,0.22877,5
1660.45,0.22856,0.22856,0.22872,5
1660.55,0.22851,0.22851,0.22866,5
1660.65,0.22846,0.22845,0.22861,5
1660.75,0.2284,0.2284,0.22856,5
1660.85,0.22835,0.22835,0.22851,5
1660.95,0.2283,0.2283,0.22845,5
1661.05,0.22824,0.22824,0.2284,5
1661.15,0.22819,0.22819,0.22835,5
1661.25,0.22814,0.22814,0.2283,5
1661.35,0.22809,0.22809,0.22825,5
1661.45,0.22803,0.22803,0.2282,5
1661.55,0.22798,0.22798,0.22815,5
1661.65,0.22793,0.22793,0.2281,5
1661.75,0.22788,0.22788,0.22805,5
1661.85,0.22783,0.22782,0.228,5
1661.95,0.22777,0.22777,0.22794,5
1662.05,0.22772,0.22772,0.22789,5
1662.15,0.22767,0.22767,0.22784,5
1662.25,0.22762,0.22762,0.22779,5
1662.35,0.22757,0.22757,0.22774,5
1662.45,0.22752,0.22752,0.22769,5
1662.55,0.22747,0.22747,0.22764,5
1662.65,0.22742,0.22742,0.22759,5
1662.75,0.22737,0.22737,0.22754,5
1662.85,0.22732,0.22732,0.22749,5
1662.95,0.22727,0.22727,0.22744,5
1663.05,0.22722,0.22722,0.22738,5
1663.15,0.22717,0.22717,0.22733,5
1663.25,0.22712,0.22712,0.22728,5
1663.35,0.22706,0.22706,0.22723,5
1663.45,0.227,0.22699,0.22717,5
1663.55,0.22693,0.22693,0.22711,5
1663.65,0.22686,0.22686,0.22704,5
1663.75,0.2268,0.2268,0.22698,5
1663.85,0.22673,0.22673,0.22691,5
1663.95,0.22667,0.22667,0.22685,5
1664.05,0.22661,0.22661,0.22679,5
1664.15,0.22654,0.22654,0.22672,5
1664.25,0.22648,0.22649,0.22666,5
1664.35,0.22642,0.22643,0.2266,5
1664.45,0.22637,0.22637,0.22654,5
1664.55,0.22631,0.22631,0.22648,5
1664.65,0.22625,0.22625,0.22642,5
1664.75,0.22619,0.22619,0.22636,5
1664.85,0.22613,0.22613,0.2263,5
1664.95,0.22607,0.22607,0.22624,5
1665.05,0.22601,0.22601,0.22618,5
1665.15,0.22595,0.22595,0.22612,5
1665.25,0.22589,0.22589,0.22607,5
1665.35,0.22583,0.22583,0.22602,5
1665.45,0.22578,0.22578,0.22596,5
1665.55,0.22572,0.22572,0.2259,5
1665.65,0.22566,0.22566,0.22585,5
1665.75,0.22561,0.22561,0.22579,5
1665.85,0.22555,0.22555,0.22574,5
1665.95,0.2255,0.2255,0.22568,5
1666.05,0.22544,0.22544,0.22563,5
1666.15,0.22539,0.2254,0.22557,5
1666.25,0.22533,0.22534,0.22552,5
1666.35,0.22529,0.22529,0.22547,5
1666.45,0.22524,0.22524,0.22541,5
1666.55,0.22518,0.22519,0.22536,5
1666.65,0.22513,0.22513,0.22531,5
1666.75,0.22508,0.22508,0.22526,5
1666.85,0.22503,0.22503,0.22521,5
1666.95,0.22498,0.22498,0.22516,5
1667.05,0.22493,0.22493,0.2251,5
1667.15,0.22488,0.22488,0.22505,5
1667.25,0.22483,0.22483,0.225,5
1667.35,0.22478,0.22478,0.22497,5
1667.45,0.22473,0.22473,0.22492,5
1667.55,0.22468,0.22468,0.22487,5
1667.65,0.22463,0.22463,0.22482,5
1667.75,0.22458,0.22459,0.22477,5
1667.85,0.22453,0.22454,0.22472,5
1667.95,0.22448,0.22449,0.22468,5
1668.05,0.22444,0.22444,0.22463,5
1668.15,0.22439,0.2244,0.22458,5
1668.25,0.22434,0.22435,0.22454,5
1668.35,0.2243,0.22431,0.22449,5
1668.45,0.22425,0.22427,0.22444,5
1668.55,0.22421,0.22422,0.2244,5
1668.65,0.22417,0.22418,0.22435,5
1668.75,0.22413,0.22413,0.22431,5
1668.85,0.22408,0.22409,0.22426,5
1668.95,0.22404,0.22405,0.22422,5
1669.05,0.22399,0.224,0.22418,5
1669.15,0.22395,0.22396,0.22413,5
1669.25,0.22391,0.22392,0.22409,5
1669.35,0.22386,0.22387,0.22405,5
1669.45,0.22382,0.22383,0.224,5
1669.55,0.22378,0.22379,0.22396,5
1669.65,0.22374,0.22375,0.22392,5
1669.75,0.22369,0.2237,0.22388,5
1669.85,0.22365,0.22366,0.22385,5
1669.95,0.22361,0.22362,0.22381,5
1670.05,0.22357,0.22358,0.22376,5
1670.15,0.22353,0.22354,0.22372,5
1670.25,0.22349,0.2235,0.22368,5
1670.35,0.22345,0.22346,0.22364,5
1670.45,0.22341,0.22342,0.2236,5
1670.55,0.22337,0.22338,0.22356,5
1670.65,0.22333,0.22334,0.22352,5
1670.75,0.22329,0.2233,0.22349,5
1670.85,0.22325,0.22326,0.22345,5
1670.95,0.22321,0.22324,0.22341,5
1671.05,0.22318,0.2232,0.22337,5
1671.15,0.22314,0.22316,0.22333,5
1671.25,0.22311,0.22312,0.22329,5
1671.35,0.22307,0.22309,0.22326,5
1671.45,0.22303,0.22305,0.22322,5
1671.55,0.223,0.22301,0.22318,5
1671.65,0.22296,0.22297,0.22314,5
1671.75,0.22292,0.22294,0.22311,5
1671.85,0.22289,0.2229,0.22307,5
1671.95,0.22285,0.22287,0.22303,5
1672.05,0.22281,0.22283,0.223,5
1672.15,0.22278,0.22279,0.22296,5
1672.25,0.22274,0.22276,0.22293,5
1672.35,0.22271,0.22272,0.22289,5
1672.45,0.22267,0.22269,0.22286,5
1672.55,0.22264,0.22265,0.22282,5
1672.65,0.2226,0.22262,0.22279,5
1672.75,0.22257,0.22258,0.22276,5
1672.85,0.22253,0.22255,0.22273,5
1672.95,0.2225,0.22252,0.22269,5
1673.05,0.22246,0.22248,0.22266,5
1673.15,0.22243,0.22245,0.22262,5
1673.25,0.2224,0.22242,0.22259,5
1673.35,0.22236,0.22238,0.22256,5
1673.45,0.22233,0.22235,0.22252,5
1673.55,0.2223,0.22232,0.22249,5
1673.65,0.22226,0.22228,0.22246,5
1673.75,0.22223,0.22225,0.22242,5
1673.85,0.2222,0.22222,0.22239,5
1673.95,0.22216,0.22219,0.22236,5
1674.05,0.22213,0.22216,0.22233,5
1674.15,0.2221,0.22213,0.22229,5
1674.25,0.22207,0.2221,0.22226,5
1674.35,0.22204,0.22207,0.22223,5
1674.45,0.22201,0.22204,0.2222,5
1674.55,0.22198,0.222,0.22217,5
1674.65,0.22195,0.22197,0.22213,5
1674.75,0.22192,0.22194,0.2221,5
1674.85,0.22189,0.22191,0.22207,5
1674.95,0.22186,0.22188,0.22204,5
1675.05,0.22182,0.22185,0.22201,5
1675.15,0.22179,0.22182,0.22198,5
1675.25,0.22176,0.22179,0.22195,5
1675.35,0.22173,0.22176,0.22192,5
1675.45,0.2217,0.22173,0.22188,5
1675.55,0.22167,0.2217,0.22185,5
1675.65,0.22164,0.22167,0.22182,5
1675.75,0.22161,0.22164,0.22179,5
1675.85,0.22158,0.2216,0.22176,5
1675.95,0.22155,0.22157,0.22173,5
1676.05,0.22152,0.22155,0.2217,5
1676.15,0.22149,0.22152,0.22167,5
1676.25,0.22146,0.22149,0.22165,5
1676.35,0.22143,0.22146,0.22162,5
1676.45,0.2214,0.22143,0.22159,5
1676.55,0.22137,0.2214,0.22156,5
1676.65,0.22134,0.22137,0.22153,5
1676.75,0.22131,0.22134,0.2215,5
1676.85,0.22128,0.22131,0.22147,5
1676.95,0.22125,0.22128,0.22144,5
1677.05,0.22122,0.22125,0.22141,5
1677.15,0.22119,0.22122,0.22138,5
1677.25,0.22116,0.22119,0.22135,5
1677.35,0.22113,0.22116,0.22132,5
1677.45,0.2211,0.22113,0.22129,5
1677.55,0.22107,0.2211,0.22126,5
1677.65,0.22104,0.22108,0.22124,5
1677.75,0.22101,0.22106,0.22121,5
1677.85,0.22098,0.22103,0.22118,5
1677.95,0.22096,0.221,0.22115,5
1678.05,0.22094,0.22097,0.22112,5
1678.15,0.22091,0.22094,0.22109,5
1678.25,0.22088,0.22091,0.22106,5
1678.35,0.22085,0.22088,0.22103,5
1678.45,0.22082,0.22085,0.221,5
1678.55,0.22079,0.22082,0.22097,5
1678.65,0.22076,0.22079,0.22094,5
1678.75,0.22071,0.22075,0.2209,5
1678.85,0.22067,0.22071,0.22086,5
1678.95,0.22063,0.22067,0.22081,5
1679.05,0.22059,0.22062,0.22077,5
1679.15,0.22054,0.22058,0.22073,5
1679.25,0.2205,0.22054,0.22069,5
1679.35,0.22046,0.2205,0.22064,5
1679.45,0.22042,0.22046,0.2206,5
1679.55,0.22038,0.22041,0.22057,5
1679.65,0.22033,0.22037,0.22053,5
1679.75,0.22029,0.22033,0.22049,5
1679.85,0.22025,0.22029,0.22044,5
1679.95,0.22021,0.22024,0.2204,5
1680.05,0.22016,0.2202,0.22036,5
1680.15,0.22012,0.22016,0.22032,5
1680.25,0.22008,0.22012,0.22027,5
1680.35,0.22004,0.22008,0.22023,5
1680.45,0.21999,0.22003,0.22019,5
1680.55,0.21995,0.22,0.22015,5
1680.65,0.21991,0.21996,0.22011,5
1680.75,0.21987,0.21992,0.22006,5
1680.85,0.21983,0.21988,0.22002,5
1680.95,0.21979,0.21983,0.21998,5
1681.05,0.21975,0.21979,0.21994,5
1681.15,0.21971,0.21975,0.21989,5
1681.25,0.21966,0.21971,0.21985,5
1681.35,0.21962,0.21966,0.21981,5
1681.45,0.21958,0.21962,0.21977,5
1681.55,0.21954,0.21958,0.21972,5
1681.65,0.21949,0.21954,0.21968,5
1681.75,0.21945,0.2195,0.21964,5
1681.85,0.21941,0.21945,0.2196,5
1681.95,0.21937,0.21941,0.21956,5
1682.05,0.21932,0.21937,0.21951,5
1682.15,0.21928,0.21933,0.21947,5
1682.25,0.21924,0.21928,0.21944,5
1682.35,0.2192,0.21924,0.2194,5
1682.45,0.21915,0.2192,0.21935,5
1682.55,0.21911,0.21916,0.21931,5
1682.65,0.21907,0.21912,0.21927,5
1682.75,0.21903,0.21907,0.21923,5
1682.85,0.21898,0.21903,0.21918,5
1682.95,0.21894,0.21899,0.21914,5
1683.05,0.2189,0.21895,0.2191,5
1683.15,0.21886,0.21891,0.21906,5
1683.25,0.21881,0.21887,0.21902,5
1683.35,0.21878,0.21883,0.21897,5
1683.45,0.21874,0.21879,0.21893,5
1683.55,0.21869,0.21874,0.21889,5
1683.65,0.21865,0.2187,0.21885,5
1683.75,0.21861,0.21866,0.2188,5
1683.85,0.21857,0.21862,0.21876,5
1683.95,0.21852,0.21858,0.21872,5
1684.05,0.21848,0.21853,0.21868,5
1684.15,0.21844,0.21849,0.21863,5
1684.25,0.2184,0.21845,0.21859,5
1684.35,0.21835,0.21841,0.21855,5
1684.45,0.21831,0.21836,0.21851,5
1684.55,0.21827,0.21832,0.21846,5
1684.65,0.21823,0.21828,0.21842,5
1684.75,0.21818,0.21824,0.21838,5
1684.85,0.21814,0.21819,0.21835,5
1684.95,0.2181,0.21815,0.2183,5
1685.05,0.21806,0.21811,0.21826,5
1685.15,0.21801,0.21807,0.21822,5
1685.25,0.21797,0.21802,0.21818,5
1685.35,0.21793,0.21798,0.21813,5
1685.45,0.21788,0.21794,0.21809,5
1685.55,0.21784,0.2179,0.21805,5
1685.65,0.2178,0.21785,0.21801,5
1685.75,0.21776,0.21782,0.21796,5
1685.85,0.21771,0.21778,0.21792,5
1685.95,0.21768,0.21774,0.21788,5
1686.05,0.21764,0.2177,0.21784,5
1686.15,0.2176,0.21765,0.21779,5
1686.25,0.21755,0.21761,0.21775,5
1686.35,0.21751,0.21757,0.21771,5
1686.45,0.21747,0.21753,0.21767,5
1686.55,0.21742,0.21748,0.21762,5
1686.65,0.21738,0.21744,0.21758,5
1686.75,0.21734,0.2174,0.21754,5
1686.85,0.2173,0.21736,0.2175,5
1686.95,0.21725,0.21731,0.21745,5
1687.05,0.21721,0.21727,0.21741,5
1687.15,0.21717,0.21723,0.21737,5
1687.25,0.21712,0.21719,0.21733,5
1687.35,0.21708,0.21714,0.21728,5
1687.45,0.21704,0.2171,0.21725,5
1687.55,0.217,0.21706,0.21721,5
1687.65,0.21695,0.21702,0.21717,5
1687.75,0.21691,0.21697,0.21712,5
1687.85,0.21687,0.21693,0.21708,5
1687.95,0.21683,0.21689,0.21704,5
1688.05,0.21678,0.21684,0.217,5
1688.15,0.21674,0.2168,0.21695,5
1688.25,0.2167,0.21676,0.21691,5
1688.35,0.21665,0.21673,0.21687,5
1688.45,0.21661,0.21668,0.21683,5
1688.55,0.21658,0.21664,0.21678,5
1688.65,0.21654,0.2166,0.21674,5
1688.75,0.21649,0.21656,0.2167,5
1688.85,0.21645,0.21651,0.21666,5
1688.95,0.21641,0.21647,0.21661,5
1689.05,0.21636,0.21643,0.21657,5
1689.15,0.21632,0.21639,0.21653,5
1689.25,0.21628,0.21634,0.21649,5
1689.35,0.21624,0.2163,0.21644,5
1689.45,0.21619,0.21626,0.2164,5
1689.55,0.21615,0.21622,0.21636,5
1689.65,0.21611,0.21617,0.21631,5
1689.75,0.21606,0.21613,0.21627,5
1689.85,0.21602,0.21609,0.21623,5
1689.95,0.21598,0.21605,0.21619,5
1690.05,0.21593,0.216,0.21615,5
1690.15,0.21589,0.21596,0.21611,5
1690.25,0.21585,0.21592,0.21607,5
1690.35,0.21581,0.21587,0.21603,5
1690.45,0.21576,0.21583,0.21598,5
1690.55,0.21572,0.21579,0.21594,5
1690.65,0.21568,0.21575,0.2159,5
1690.75,0.21563,0.2157,0.21586,5
1690.85,0.21559,0.21567,0.21581,5
1690.95,0.21555,0.21563,0.21577,5
1691.05,0.21552,0.21559,0.21573,5
1691.15,0.21547,0.21554,0.21568,5
1691.25,0.21543,0.2155,0.21564,5
1691.35,0.21539,0.21546,0.2156,5
1691.45,0.21534,0.21541,0.21556,5
1691.55,0.2153,0.21537,0.21551,5
1691.65,0.21526,0.21533,0.21547,5
1691.75,0.21521,0.21529,0.21543,5
1691.85,0.21517,0.21524,0.21539,5
1691.95,0.21513,0.2152,0.21534,5
1692.05,0.21509,0.21516,0.2153,5
1692.15,0.21504,0.21512,0.21526,5
1692.25,0.215,0.21507,0.21521,5
1692.35,0.21496,0.21503,0.21517,5
1692.45,0.21491,0.21499,0.21513,5
1692.55,0.21487,0.21494,0.21509,5
1692.65,0.21483,0.2149,0.21505,5
1692.75,0.21478,0.21486,0.21501,5
1692.85,0.21474,0.21482,0.21497,5
1692.95,0.2147,0.21477,0.21492,5
1693.05,0.21465,0.21473,0.21488,5
1693.15,0.21461,0.21469,0.21484,5
1693.25,0.21457,0.21464,0.2148,5
1693.35,0.21453,0.2146,0.21475,5
1693.45,0.21448,0.21457,0.21471,5
1693.55,0.21444,0.21453,0.21467,5
1693.65,0.21441,0.21448,0.21462,5
1693.75,0.21436,0.21444,0.21458,5
1693.85,0.21432,0.2144,0.21454,5
1693.95,0.21428,0.21435,0.2145,5
1694.05,0.21423,0.21431,0.21445,5
1694.15,0.21419,0.21427,0.21441,5
1694.25,0.21415,0.21422,0.21437,5
1694.35,0.2141,0.21418,0.21432,5
1694.45,0.21406,0.21414,0.21428,5
1694.55,0.21401,0.21409,0.21424,5
1694.65,0.21397,0.21405,0.21419,5
1694.75,0.21393,0.21401,0.21415,5
1694.85,0.21388,0.21396,0.21411,5
1694.95,0.21384,0.21392,0.21406,5
1695.05,0.2138,0.21388,0.21402,5
1695.15,0.21375,0.21383,0.21398,5
1695.25,0.21371,0.21379,0.21394,5
1695.35,0.21367,0.21375,0.2139,5
1695.45,0.21362,0.2137,0.21386,5
1695.55,0.21358,0.21366,0.21381,5
1695.65,0.21353,0.21362,0.21377,5
1695.75,0.21349,0.21357,0.21372,5
1695.85,0.21345,0.21353,0.21368,5
1695.95,0.2134,0.21349,0.21364,5
1696.05,0.21336,0.21345,0.21359,5
1696.15,0.21333,0.21341,0.21355,5
1696.25,0.21328,0.21336,0.21351,5
1696.35,0.21324,0.21332,0.21346,5
1696.45,0.2132,0.21328,0.21342,5
1696.55,0.21315,0.21323,0.21338,5
1696.65,0.21311,0.21319,0.21333,5
1696.75,0.21306,0.21315,0.21329,5
1696.85,0.21302,0.2131,0.21325,5
1696.95,0.21298,0.21306,0.2132,5
1697.05,0.21293,0.21302,0.21316,5
1697.15,0.21289,0.21297,0.21312,5
1697.25,0.21285,0.21293,0.21307,5
1697.35,0.2128,0.21289,0.21303,5
1697.45,0.21276,0.21284,0.21299,5
1697.55,0.21271,0.2128,0.21294,5
1697.65,0.21267,0.21275,0.2129,5
1697.75,0.21263,0.21271,0.21287,5
1697.85,0.21258,0.21267,0.21282,5
1697.95,0.21254,0.21262,0.21278,5
1698.05,0.2125,0.21258,0.21274,5
1698.15,0.21245,0.21254,0.21269,5
1698.25,0.21241,0.21249,0.21265,5
1698.35,0.21236,0.21245,0.2126,5
1698.45,0.21232,0.21242,0.21256,5
1698.55,0.21228,0.21237,0.21252,5
1698.65,0.21224,0.21233,0.21247,5
1698.75,0.2122,0.21229,0.21243,5
1698.85,0.21216,0.21224,0.21239,5
1698.95,0.21211,0.2122,0.21234,5
1699.05,0.21207,0.21215,0.2123,5
1699.15,0.21202,0.21211,0.21226,5
1699.25,0.21198,0.21207,0.21221,5
1699.35,0.21194,0.21202,0.21217,5
1699.45,0.21189,0.21198,0.21213,5
1699.55,0.21185,0.21194,0.21208,5
1699.65,0.21181,0.21189,0.21204,5
1699.75,0.21176,0.21185,0.212,5
1699.85,0.21172,0.21181,0.21195,5
1699.95,0.21168,0.21176,0.21191,5
1700.05,0.21163,0.21172,0.21186,5
1700.15,0.21159,0.21167,0.21182,5
1700.25,0.21154,0.21163,0.21178,5
1700.35,0.2115,0.21159,0.21174,5
1700.45,0.21146,0.21154,0.2117,5
1700.55,0.21141,0.2115,0.21166,5
1700.65,0.21137,0.21146,0.21161,5
1700.75,0.21133,0.21141,0.21157,5
1700.85,0.21128,0.21137,0.21153,5
1700.95,0.21124,0.21134,0.21148,5
1701.05,0.21119,0.21129,0.21144,5
1701.15,0.21116,0.21125,0.2114,5
1701.25,0.21112,0.2112,0.21135,5
1701.35,0.21107,0.21116,0.21131,5
1701.45,0.21103,0.21112,0.21127,5
1701.55,0.21099,0.21107,0.21122,5
1701.65,0.21094,0.21103,0.21118,5
1701.75,0.2109,0.21099,0.21113,5
1701.85,0.21085,0.21094,0.21109,5
1701.95,0.21081,0.2109,0.21105,5
1702.05,0.21077,0.21086,0.211,5
1702.15,0.21072,0.21081,0.21096,5
1702.25,0.21068,0.21077,0.21092,5
1702.35,0.21064,0.21072,0.21087,5
1702.45,0.21059,0.21068,0.21083,5
1702.55,0.21055,0.21064,0.21079,5
1702.65,0.2105,0.21059,0.21074,5
1702.75,0.21046,0.21055,0.2107,5
1702.85,0.21042,0.21051,0.21067,5
1702.95,0.21037,0.21046,0.21062,5
1703.05,0.21033,0.21042,0.21058,5
1703.15,0.21029,0.21038,0.21054,5
1703.25,0.21024,0.21033,0.21049,5
1703.35,0.2102,0.21029,0.21045,5
1703.45,0.21015,0.21025,0.2104,5
1703.55,0.21011,0.21021,0.21036,5
1703.65,0.21008,0.21017,0.21032,5
1703.75,0.21003,0.21012,0.21027,5
1703.85,0.20999,0.21008,0.21023,5
1703.95,0.20995,0.21004,0.21019,5
1704.05,0.2099,0.20999,0.21014,5
1704.15,0.20986,0.20995,0.2101,5
1704.25,0.20981,0.20991,0.21006,5
1704.35,0.20977,0.20986,0.21001,5
1704.45,0.20973,0.20982,0.20997,5
1704.55,0.20968,0.20977,0.20993,5
1704.65,0.20964,0.20973,0.20988,5
1704.75,0.2096,0.20969,0.20984,5
1704.85,0.20955,0.20964,0.2098,5
1704.95,0.20951,0.2096,0.20975,5
1705.05,0.20947,0.20956,0.20971,5
1705.15,0.20942,0.20951,0.20967,5
1705.25,0.20938,0.20947,0.20962,5
1705.35,0.20933,0.20943,0.20958,5
1705.45,0.20929,0.20938,0.20954,5
1705.55,0.20925,0.20934,0.2095,5
1705.65,0.2092,0.20929,0.20946,5
1705.75,0.20916,0.20925,0.20941,5
1705.85,0.20912,0.20921,0.20937,5
1705.95,0.20907,0.20917,0.20933,5
1706.05,0.20903,0.20913,0.20928,5
1706.15,0.209,0.20909,0.20924,5
1706.25,0.20895,0.20904,0.2092,5
1706.35,0.20891,0.209,0.20915,5
1706.45,0.20886,0.20896,0.20911,5
1706.55,0.20882,0.20891,0.20907,5
1706.65,0.20878,0.20887,0.20902,5
1706.75,0.20873,0.20882,0.20898,5
1706.85,0.20869,0.20878,0.20894,5
1706.95,0.20865,0.20874,0.20889,5
1707.05,0.2086,0.20869,0.20885,5
1707.15,0.20856,0.20865,0.20881,5
1707.25,0.20852,0.20861,0.20876,5
1707.35,0.20847,0.20856,0.20872,5
1707.45,0.20843,0.20852,0.20868,5
1707.55,0.20838,0.20848,0.20863,5
1707.65,0.20834,0.20843,0.20859,5
1707.75,0.2083,0.20839,0.20854,5
1707.85,0.20825,0.20835,0.2085,5
1707.95,0.20821,0.2083,0.20847,5
1708.05,0.20817,0.20826,0.20842,5
1708.15,0.20812,0.20821,0.20838,5
1708.25,0.20808,0.20817,0.20834,5
1708.35,0.20804,0.20813,0.20829,5
1708.45,0.20799,0.20809,0.20825,5
1708.55,0.20795,0.20805,0.20821,5
1708.65,0.20792,0.20801,0.20816,5
1708.75,0.20787,0.20796,0.20812,5
1708.85,0.20783,0.20792,0.20808,5
1708.95,0.20779,0.20788,0.20803,5
1709.05,0.20774,0.20783,0.20799,5
1709.15,0.2077,0.20779,0.20795,5
1709.25,0.20765,0.20774,0.2079,5
1709.35,0.20761,0.2077,0.20786,5
1709.45,0.20757,0.20766,0.20782,5
1709.55,0.20752,0.20761,0.20777,5
1709.65,0.20748,0.20757,0.20773,5
1709.75,0.20744,0.20753,0.20768,5
1709.85,0.20739,0.20748,0.20764,5
1709.95,0.20735,0.20744,0.2076,5
1710.05,0.2073,0.20739,0.20755,5
1710.15,0.20726,0.20735,0.20751,5
1710.25,0.20722,0.20731,0.20747,5
1710.35,0.20717,0.20726,0.20742,5
1710.45,0.20713,0.20722,0.20738,5
1710.55,0.20709,0.20717,0.20735,5
1710.65,0.20704,0.20713,0.2073,5
1710.75,0.207,0.20709,0.20726,5
1710.85,0.20695,0.20704,0.20721,5
1710.95,0.20691,0.20701,0.20717,5
1711.05,0.20687,0.20697,0.20713,5
1711.15,0.20683,0.20692,0.20708,5
1711.25,0.20679,0.20688,0.20704,5
1711.35,0.20675,0.20683,0.207,5
1711.45,0.2067,0.20679,0.20695,5
1711.55,0.20666,0.20675,0.20691,5
1711.65,0.20662,0.2067,0.20687,5
1711.75,0.20657,0.20666,0.20682,5
1711.85,0.20653,0.20662,0.20678,5
1711.95,0.20649,0.20657,0.20673,5
1712.05,0.20644,0.20653,0.20669,5
1712.15,0.2064,0.20648,0.20665,5
1712.25,0.20635,0.20644,0.2066,5
1712.35,0.20631,0.2064,0.20656,5
1712.45,0.20627,0.20635,0.20652,5
1712.55,0.20622,0.20631,0.20647,5
1712.65,0.20618,0.20627,0.20643,5
1712.75,0.20614,0.20622,0.20639,5
1712.85,0.20609,0.20618,0.20634,5
1712.95,0.20605,0.20614,0.2063,5
1713.05,0.20601,0.20609,0.20627,5
1713.15,0.20596,0.20605,0.20622,5
1713.25,0.20592,0.206,0.20618,5
1713.35,0.20588,0.20596,0.20614,5
1713.45,0.20583,0.20593,0.20609,5
1713.55,0.20579,0.20588,0.20605,5
1713.65,0.20575,0.20584,0.20601,5
1713.75,0.20571,0.2058,0.20596,5
1713.85,0.20567,0.20575,0.20592,5
1713.95,0.20563,0.20571,0.20588,5
1714.05,0.20558,0.20567,0.20583,5
1714.15,0.20554,0.20562,0.20579,5
1714.25,0.2055,0.20558,0.20575,5
1714.35,0.20545,0.20554,0.2057,5
1714.45,0.20541,0.20549,0.20566,5
1714.55,0.20537,0.20545,0.20562,5
1714.65,0.20532,0.2054,0.20557,5
1714.75,0.20528,0.20536,0.20553,5
1714.85,0.20524,0.20532,0.20549,5
1714.95,0.20519,0.20527,0.20544,5
1715.05,0.20515,0.20523,0.2054,5
1715.15,0.20511,0.20519,0.20536,5
1715.25,0.20506,0.20514,0.20531,5
1715.35,0.20502,0.2051,0.20527,5
1715.45,0.20498,0.20506,0.20523,5
1715.55,0.20493,0.20501,0.20518,5
1715.65,0.20489,0.20497,0.20515,5
1715.75,0.20485,0.20493,0.20511,5
1715.85,0.2048,0.20488,0.20506,5
1715.95,0.20476,0.20485,0.20502,5
1716.05,0.20472,0.20481,0.20498,5
1716.15,0.20467,0.20476,0.20493,5
1716.25,0.20464,0.20472,0.20489,5
1716.35,0.2046,0.20468,0.20485,5
1716.45,0.20455,0.20463,0.2048,5
1716.55,0.20451,0.20459,0.20476,5
1716.65,0.20447,0.20455,0.20472,5
1716.75,0.20442,0.2045,0.20467,5
1716.85,0.20438,0.20446,0.20463,5
1716.95,0.20434,0.20442,0.20459,5
1717.05,0.2043,0.20437,0.20454,5
1717.15,0.20425,0.20433,0.2045,5
1717.25,0.20421,0.20429,0.20446,5
1717.35,0.20417,0.20424,0.20442,5
1717.45,0.20412,0.2042,0.20437,5
1717.55,0.20408,0.20416,0.20433,5
1717.65,0.20404,0.20411,0.20429,5
1717.75,0.20399,0.20407,0.20424,5
1717.85,0.20395,0.20403,0.2042,5
1717.95,0.20391,0.20398,0.20416,5
1718.05,0.20387,0.20394,0.20411,5
1718.15,0.20382,0.2039,0.20407,5
1718.25,0.20378,0.20385,0.20404,5
1718.35,0.20374,0.20381,0.204,5
1718.45,0.20369,0.20378,0.20395,5
1718.55,0.20365,0.20374,0.20391,5
1718.65,0.20361,0.20369,0.20387,5
1718.75,0.20358,0.20365,0.20382,5
1718.85,0.20353,0.20361,0.20378,5
1718.95,0.20349,0.20356,0.20374,5
1719.05,0.20345,0.20352,0.20369,5
1719.15,0.2034,0.20348,0.20365,5
1719.25,0.20336,0.20343,0.20361,5
1719.35,0.20332,0.20339,0.20357,5
1719.45,0.20328,0.20335,0.20352,5
1719.55,0.20323,0.20331,0.20348,5
1719.65,0.20319,0.20326,0.20344,5
1719.75,0.20315,0.20322,0.20339,5
1719.85,0.2031,0.20318,0.20335,5
1719.95,0.20306,0.20313,0.20331,5
1720.05,0.20302,0.20309,0.20327,5
1720.15,0.20298,0.20305,0.20322,5
1720.25,0.20293,0.203,0.20318,5
1720.35,0.20289,0.20296,0.20314,5
1720.45,0.20285,0.20292,0.2031,5
1720.55,0.20281,0.20288,0.20305,5
1720.65,0.20276,0.20283,0.20301,5
1720.75,0.20272,0.20279,0.20297,5
1720.85,0.20268,0.20275,0.20293,5
1720.95,0.20264,0.2027,0.20289,5
1721.05,0.20259,0.20267,0.20285,5
1721.15,0.20255,0.20263,0.20281,5
1721.25,0.20251,0.20259,0.20276,5
1721.35,0.20248,0.20254,0.20272,5
1721.45,0.20243,0.2025,0.20268,5
1721.55,0.20239,0.20246,0.20264,5
1721.65,0.20235,0.20242,0.20259,5
1721.75,0.20231,0.20237,0.20255,5
1721.85,0.20226,0.20233,0.20251,5
1721.95,0.20222,0.20229,0.20247,5
1722.05,0.20218,0.20224,0.20242,5
1722.15,0.20214,0.2022,0.20238,5
1722.25,0.20209,0.20216,0.20234,5
1722.35,0.20205,0.20212,0.2023,5
1722.45,0.20201,0.20207,0.20225,5
1722.55,0.20197,0.20203,0.20221,5
1722.65,0.20193,0.20199,0.20217,5
1722.75,0.20188,0.20195,0.20213,5
1722.85,0.20184,0.2019,0.20208,5
1722.95,0.2018,0.20186,0.20204,5
1723.05,0.20176,0.20182,0.202,5
1723.15,0.20171,0.20178,0.20196,5
1723.25,0.20167,0.20173,0.20191,5
1723.35,0.20163,0.20169,0.20187,5
1723.45,0.20159,0.20165,0.20184,5
1723.55,0.20155,0.20162,0.2018,5
1723.65,0.2015,0.20157,0.20176,5
1723.75,0.20146,0.20153,0.20171,5
1723.85,0.20142,0.20149,0.20167,5
1723.95,0.20139,0.20145,0.20163,5
1724.05,0.20135,0.20141,0.20159,5
1724.15,0.2013,0.20136,0.20154,5
1724.25,0.20126,0.20132,0.2015,5
1724.35,0.20122,0.20128,0.20146,5
1724.45,0.20118,0.20124,0.20142,5
1724.55,0.20114,0.20119,0.20138,5
1724.65,0.20109,0.20115,0.20133,5
1724.75,0.20105,0.20111,0.20129,5
1724.85,0.20101,0.20107,0.20125,5
1724.95,0.20097,0.20103,0.20121,5
1725.05,0.20093,0.20098,0.20117,5
1725.15,0.20088,0.20094,0.20112,5
1725.25,0.20084,0.2009,0.20108,5
1725.35,0.2008,0.20086,0.20104,5
1725.45,0.20076,0.20082,0.201,5
1725.55,0.20072,0.20077,0.20095,5
1725.65,0.20068,0.20073,0.20091,5
1725.75,0.20063,0.20069,0.20087,5
1725.85,0.20059,0.20065,0.20083,5
1725.95,0.20055,0.20061,0.20079,5
1726.05,0.20051,0.20056,0.20076,5
1726.15,0.20047,0.20053,0.20071,5
1726.25,0.20043,0.20049,0.20067,5
1726.35,0.20038,0.20045,0.20063,5
1726.45,0.20034,0.20041,0.20059,5
1726.55,0.20031,0.20036,0.20055,5
1726.65,0.20027,0.20032,0.2005,5
1726.75,0.20023,0.20028,0.20046,5
1726.85,0.20019,0.20024,0.20042,5
1726.95,0.20014,0.2002,0.20038,5
1727.05,0.2001,0.20015,0.20034,5
1727.15,0.20006,0.20011,0.2003,5
1727.25,0.20002,0.20007,0.20025,5
1727.35,0.19998,0.20003,0.20021,5
1727.45,0.19994,0.19999,0.20017,5
1727.55,0.1999,0.19995,0.20013,5
1727.65,0.19985,0.1999,0.20009,5
1727.75,0.19981,0.19986,0.20005,5
1727.85,0.19977,0.19982,0.2,5
1727.95,0.19973,0.19978,0.19996,5
1728.05,0.19969,0.19974,0.19992,5
1728.15,0.19965,0.1997,0.19988,5
1728.25,0.19961,0.19965,0.19984,5
1728.35,0.19956,0.19961,0.1998,5
1728.45,0.19952,0.19957,0.19975,5
1728.55,0.19948,0.19953,0.19971,5
1728.65,0.19944,0.19949,0.19967,5
1728.75,0.1994,0.19946,0.19964,5
1728.85,0.19936,0.19941,0.1996,5
1728.95,0.19932,0.19937,0.19956,5
1729.05,0.19928,0.19933,0.19952,5
1729.15,0.19924,0.19929,0.19947,5
1729.25,0.1992,0.19925,0.19943,5
1729.35,0.19916,0.19921,0.19939,5
1729.45,0.19912,0.19917,0.19935,5
1729.55,0.19908,0.19913,0.19931,5
1729.65,0.19904,0.19908,0.19927,5
1729.75,0.199,0.19904,0.19923,5
1729.85,0.19896,0.199,0.19918,5
1729.95,0.19892,0.19896,0.19914,5
1730.05,0.19888,0.19892,0.1991,5
1730.15,0.19883,0.19888,0.19906,5
1730.25,0.19879,0.19884,0.19902,5
1730.35,0.19875,0.19879,0.19898,5
1730.45,0.19871,0.19875,0.19894,5
1730.55,0.19867,0.19871,0.1989,5
1730.65,0.19863,0.19867,0.19885,5
1730.75,0.19859,0.19863,0.19881,5
1730.85,0.19855,0.19859,0.19877,5
1730.95,0.19851,0.19855,0.19873,5
1731.05,0.19847,0.19851,0.19869,5
1731.15,0.19843,0.19847,0.19865,5
1731.25,0.19839,0.19842,0.19861,5
1731.35,0.19834,0.19838,0.19857,5
1731.45,0.1983,0.19835,0.19854,5
1731.55,0.19826,0.19831,0.1985,5
1731.65,0.19822,0.19827,0.19845,5
1731.75,0.19818,0.19823,0.19841,5
1731.85,0.19815,0.19819,0.19837,5
1731.95,0.19811,0.19815,0.19833,5
1732.05,0.19807,0.19811,0.19829,5
1732.15,0.19803,0.19807,0.19825,5
1732.25,0.19799,0.19802,0.19821,5
1732.35,0.19795,0.19798,0.19817,5
1732.45,0.19791,0.19794,0.19813,5
1732.55,0.19787,0.1979,0.19809,5
1732.65,0.19783,0.19786,0.19804,5
1732.75,0.19779,0.19782,0.198,5
1732.85,0.19774,0.19778,0.19796,5
1732.95,0.1977,0.19774,0.19792,5
1733.05,0.19766,0.1977,0.19788,5
1733.15,0.19762,0.19766,0.19784,5
1733.25,0.19758,0.19762,0.1978,5
1733.35,0.19754,0.19758,0.19776,5
1733.45,0.1975,0.19753,0.19772,5
1733.55,0.19746,0.19749,0.19768,5
1733.65,0.19742,0.19745,0.19764,5
1733.75,0.19738,0.19741,0.1976,5
1733.85,0.19734,0.19737,0.19756,5
1733.95,0.1973,0.19733,0.19751,5
1734.05,0.19726,0.1973,0.19747,5
1734.15,0.19722,0.19726,0.19744,5
1734.25,0.19718,0.19722,0.1974,5
1734.35,0.19714,0.19718,0.19736,5
1734.45,0.1971,0.19714,0.19732,5
1734.55,0.19707,0.1971,0.19728,5
1734.65,0.19703,0.19706,0.19724,5
1734.75,0.19699,0.19702,0.1972,5
1734.85,0.19695,0.19698,0.19716,5
1734.95,0.19691,0.19694,0.19712,5
1735.05,0.19687,0.1969,0.19708,5
1735.15,0.19683,0.19686,0.19704,5
1735.25,0.19679,0.19682,0.197,5
1735.35,0.19675,0.19677,0.19696,5
1735.45,0.19671,0.19673,0.19692,5
1735.55,0.19667,0.19669,0.19688,5
1735.65,0.19663,0.19665,0.19684,5
1735.75,0.19659,0.19661,0.1968,5
1735.85,0.19655,0.19657,0.19676,5
1735.95,0.19651,0.19653,0.19671,5
1736.05,0.19647,0.19649,0.19667,5
1736.15,0.19643,0.19645,0.19663,5
1736.25,0.19639,0.19641,0.19659,5
1736.35,0.19635,0.19637,0.19655,5
1736.45,0.19631,0.19633,0.19651,5
1736.55,0.19627,0.19629,0.19647,5
1736.65,0.19623,0.19625,0.19643,5
1736.75,0.19619,0.19622,0.19639,5
1736.85,0.19615,0.19618,0.19636,5
1736.95,0.19611,0.19614,0.19632,5
1737.05,0.19607,0.1961,0.19628,5
1737.15,0.19603,0.19606,0.19624,5
1737.25,0.19599,0.19602,0.1962,5
1737.35,0.19596,0.19598,0.19616,5
1737.45,0.19592,0.19594,0.19612,5
1737.55,0.19588,0.1959,0.19608,5
1737.65,0.19584,0.19586,0.19604,5
1737.75,0.1958,0.19582,0.196,5
1737.85,0.19576,0.19578,0.19596,5
1737.95,0.19572,0.19574,0.19592,5
1738.05,0.19568,0.1957,0.19588,5
1738.15,0.19564,0.19566,0.19584,5
1738.25,0.1956,0.19562,0.1958,5
1738.35,0.19556,0.19558,0.19576,5
1738.45,0.19552,0.19554,0.19572,5
1738.55,0.19548,0.1955,0.19568,5
1738.65,0.19544,0.19546,0.19564,5
1738.75,0.1954,0.19542,0.1956,5
1738.85,0.19536,0.19538,0.19556,5
1738.95,0.19532,0.19534,0.19552,5
1739.05,0.19529,0.1953,0.19548,5
1739.15,0.19525,0.19526,0.19544,5
1739.25,0.19521,0.19522,0.1954,5
1739.35,0.19517,0.19518,0.19536,5
1739.45,0.19513,0.19515,0.19532,5
1739.55,0.19509,0.19512,0.19528,5
1739.65,0.19505,0.19508,0.19525,5
1739.75,0.19501,0.19504,0.19521,5
1739.85,0.19497,0.195,0.19517,5
1739.95,0.19493,0.19496,0.19513,5
1740.05,0.1949,0.19492,0.19509,5
1740.15,0.19486,0.19488,0.19505,5
1740.25,0.19482,0.19484,0.19502,5
1740.35,0.19478,0.1948,0.19498,5
1740.45,0.19474,0.19476,0.19494,5
1740.55,0.1947,0.19472,0.1949,5
1740.65,0.19467,0.19468,0.19486,5
1740.75,0.19463,0.19464,0.19482,5
1740.85,0.19459,0.1946,0.19478,5
1740.95,0.19455,0.19456,0.19474,5
1741.05,0.19451,0.19452,0.1947,5
1741.15,0.19447,0.19448,0.19466,5
1741.25,0.19443,0.19445,0.19462,5
1741.35,0.19439,0.19441,0.19458,5
1741.45,0.19435,0.19437,0.19454,5
1741.55,0.19431,0.19433,0.1945,5
1741.65,0.19427,0.19429,0.19446,5
1741.75,0.19423,0.19425,0.19442,5
1741.85,0.1942,0.19421,0.19438,5
1741.95,0.19416,0.19417,0.19434,5
1742.05,0.19412,0.19413,0.1943,5
1742.15,0.19408,0.19409,0.19426,5
1742.25,0.19404,0.19405,0.19423,5
1742.35,0.194,0.19402,0.19419,5
1742.45,0.19396,0.19398,0.19416,5
1742.55,0.19392,0.19395,0.19412,5
1742.65,0.19388,0.19391,0.19408,5
1742.75,0.19384,0.19387,0.19404,5
1742.85,0.19381,0.19383,0.194,5
1742.95,0.19378,0.19379,0.19396,5
1743.05,0.19374,0.19375,0.19392,5
1743.15,0.1937,0.19371,0.19388,5
1743.25,0.19366,0.19367,0.19384,5
1743.35,0.19362,0.19363,0.1938,5
1743.45,0.19358,0.19359,0.19376,5
1743.55,0.19354,0.19356,0.19372,5
1743.65,0.1935,0.19352,0.19369,5
1743.75,0.19347,0.19348,0.19365,5
1743.85,0.19343,0.19344,0.19361,5
1743.95,0.19339,0.1934,0.19357,5
1744.05,0.19335,0.19336,0.19353,5
1744.15,0.19331,0.19332,0.19349,5
1744.25,0.19327,0.19328,0.19345,5
1744.35,0.19323,0.19324,0.19341,5
1744.45,0.19319,0.19321,0.19337,5
1744.55,0.19316,0.19317,0.19333,5
1744.65,0.19312,0.19313,0.19329,5
1744.75,0.19308,0.19309,0.19325,5
1744.85,0.19304,0.19305,0.19322,5
1744.95,0.193,0.19301,0.19318,5
1745.05,0.19296,0.19297,0.19314,5
1745.15,0.19292,0.19294,0.1931,5
1745.25,0.19289,0.19291,0.19307,5
1745.35,0.19285,0.19287,0.19303,5
1745.45,0.19281,0.19283,0.19299,5
1745.55,0.19277,0.19279,0.19295,5
1745.65,0.19273,0.19275,0.19291,5
1745.75,0.1927,0.19271,0.19288,5
1745.85,0.19266,0.19267,0.19284,5
1745.95,0.19263,0.19264,0.1928,5
1746.05,0.19259,0.1926,0.19276,5
1746.15,0.19255,0.19256,0.19272,5
1746.25,0.19251,0.19252,0.19268,5
1746.35,0.19247,0.19248,0.19264,5
1746.45,0.19243,0.19244,0.1926,5
1746.55,0.19239,0.1924,0.19256,5
1746.65,0.19236,0.19237,0.19253,5
1746.75,0.19232,0.19233,0.19249,5
1746.85,0.19228,0.19229,0.19245,5
1746.95,0.19224,0.19225,0.19241,5
1747.05,0.1922,0.19221,0.19237,5
1747.15,0.19216,0.19217,0.19233,5
1747.25,0.19213,0.19213,0.19229,5
1747.35,0.19209,0.1921,0.19225,5
1747.45,0.19205,0.19206,0.19222,5
1747.55,0.19201,0.19202,0.19218,5
1747.65,0.19197,0.19198,0.19214,5
1747.75,0.19193,0.19194,0.1921,5
1747.85,0.19189,0.1919,0.19206,5
1747.95,0.19186,0.19188,0.19202,5
1748.05,0.19182,0.19184,0.19198,5
1748.15,0.19178,0.1918,0.19195,5
1748.25,0.19174,0.19176,0.19192,5
1748.35,0.1917,0.19172,0.19188,5
1748.45,0.19166,0.19168,0.19184,5
1748.55,0.19164,0.19165,0.1918,5
1748.65,0.1916,0.19161,0.19176,5
1748.75,0.19156,0.19157,0.19172,5
1748.85,0.19152,0.19153,0.19168,5
1748.95,0.19148,0.19149,0.19165,5
1749.05,0.19145,0.19145,0.19161,5
1749.15,0.19141,0.19142,0.19157,5
1749.25,0.19137,0.19138,0.19153,5
1749.35,0.19133,0.19134,0.19149,5
1749.45,0.19129,0.1913,0.19145,5
1749.55,0.19125,0.19126,0.19141,5
1749.65,0.19122,0.19122,0.19138,5
1749.75,0.19118,0.19119,0.19134,5
1749.85,0.19114,0.19115,0.1913,5
1749.95,0.1911,0.19111,0.19126,5
1750.05,0.19106,0.19107,0.19122,5
1750.15,0.19103,0.19103,0.19118,5
1750.25,0.19099,0.191,0.19114,5
1750.35,0.19095,0.19096,0.19111,5
1750.45,0.19091,0.19092,0.19107,5
1750.55,0.19087,0.19088,0.19103,5
1750.65,0.19083,0.19084,0.19099,5
1750.75,0.1908,0.19081,0.19095,5
1750.85,0.19076,0.19078,0.19091,5
1750.95,0.19072,0.19074,0.19088,5
1751.05,0.19068,0.1907,0.19085,5
1751.15,0.19064,0.19066,0.19081,5
1751.25,0.19061,0.19063,0.19077,5
1751.35,0.19057,0.19059,0.19073,5
1751.45,0.19054,0.19055,0.19069,5
1751.55,0.1905,0.19051,0.19066,5
1751.65,0.19046,0.19047,0.19062,5
1751.75,0.19043,0.19044,0.19058,5
1751.85,0.19039,0.1904,0.19054,5
1751.95,0.19035,0.19036,0.1905,5
1752.05,0.19031,0.19032,0.19046,5
1752.15,0.19027,0.19028,0.19043,5
1752.25,0.19024,0.19025,0.19039,5
1752.35,0.1902,0.19021,0.19035,5
1752.45,0.19016,0.19017,0.19031,5
1752.55,0.19012,0.19013,0.19027,5
1752.65,0.19008,0.19009,0.19023,5
1752.75,0.19005,0.19006,0.1902,5
1752.85,0.19001,0.19002,0.19016,5
1752.95,0.18997,0.18998,0.19012,5
1753.05,0.18993,0.18994,0.19008,5
1753.15,0.18989,0.1899,0.19004,5
1753.25,0.18986,0.18987,0.19,5
1753.35,0.18982,0.18983,0.18997,5
1753.45,0.18978,0.18979,0.18993,5
1753.55,0.18974,0.18975,0.18989,5
1753.65,0.18971,0.18973,0.18985,5
1753.75,0.18967,0.18969,0.18981,5
1753.85,0.18963,0.18965,0.18978,5
1753.95,0.18959,0.18961,0.18975,5
1754.05,0.18955,0.18957,0.18971,5
1754.15,0.18951,0.18953,0.18967,5
1754.25,0.18948,0.1895,0.18963,5
1754.35,0.18945,0.18946,0.18959,5
1754.45,0.18941,0.18942,0.18955,5
1754.55,0.18937,0.18938,0.18952,5
1754.65,0.18933,0.18934,0.18948,5
1754.75,0.1893,0.18931,0.18944,5
1754.85,0.18926,0.18927,0.1894,5
1754.95,0.18922,0.18923,0.18936,5
1755.05,0.18918,0.18919,0.18932,5
1755.15,0.18914,0.18915,0.18928,5
1755.25,0.1891,0.18912,0.18925,5
1755.35,0.18907,0.18908,0.18921,5
1755.45,0.18903,0.18904,0.18917,5
1755.55,0.18899,0.189,0.18913,5
1755.65,0.18895,0.18896,0.18909,5
1755.75,0.18891,0.18893,0.18905,5
1755.85,0.18888,0.18889,0.18902,5
1755.95,0.18884,0.18885,0.18898,5
1756.05,0.1888,0.18881,0.18894,5
1756.15,0.18876,0.18877,0.1889,5
1756.25,0.18872,0.18874,0.18886,5
1756.35,0.18868,0.1887,0.18882,5
1756.45,0.18865,0.18866,0.18879,5
1756.55,0.18861,0.18863,0.18875,5
1756.65,0.18857,0.18859,0.18871,5
1756.75,0.18853,0.18856,0.18867,5
1756.85,0.18849,0.18852,0.18864,5
1756.95,0.18846,0.18848,0.1886,5
1757.05,0.18842,0.18844,0.18857,5
1757.15,0.18838,0.1884,0.18853,5
1757.25,0.18835,0.18837,0.18849,5
1757.35,0.18831,0.18833,0.18845,5
1757.45,0.18828,0.18829,0.18841,5
1757.55,0.18824,0.18825,0.18837,5
1757.65,0.1882,0.18821,0.18834,5
1757.75,0.18816,0.18818,0.1883,5
1757.85,0.18812,0.18814,0.18826,5
1757.95,0.18809,0.1881,0.18822,5
1758.05,0.18805,0.18806,0.18818,5
1758.15,0.18801,0.18802,0.18814,5
1758.25,0.18797,0.18799,0.18811,5
1758.35,0.18793,0.18795,0.18807,5
1758.45,0.18789,0.18791,0.18803,5
1758.55,0.18786,0.18787,0.18799,5
1758.65,0.18782,0.18784,0.18795,5
1758.75,0.18778,0.1878,0.18791,5
1758.85,0.18774,0.18776,0.18788,5
1758.95,0.1877,0.18772,0.18784,5
1759.05,0.18767,0.18768,0.1878,5
1759.15,0.18763,0.18765,0.18776,5
1759.25,0.18759,0.18761,0.18772,5
1759.35,0.18755,0.18757,0.18769,5
1759.45,0.18751,0.18754,0.18765,5
1759.55,0.18748,0.18751,0.18761,5
1759.65,0.18744,0.18747,0.18757,5
1759.75,0.1874,0.18743,0.18754,5
1759.85,0.18736,0.18739,0.1875,5
1759.95,0.18732,0.18735,0.18747,5
1760.05,0.1873,0.18732,0.18743,5
1760.15,0.18726,0.18728,0.18739,5
1760.25,0.18722,0.18724,0.18735,5
1760.35,0.18718,0.1872,0.18731,5
1760.45,0.18714,0.18717,0.18728,5
1760.55,0.18711,0.18713,0.18724,5
1760.65,0.18707,0.18709,0.1872,5
1760.75,0.18703,0.18705,0.18716,5
1760.85,0.18699,0.18701,0.18712,5
1760.95,0.18696,0.18698,0.18708,5
1761.05,0.18692,0.18694,0.18705,5
1761.15,0.18688,0.1869,0.18701,5
1761.25,0.18684,0.18686,0.18697,5
1761.35,0.1868,0.18683,0.18693,5
1761.45,0.18677,0.18679,0.18689,5
1761.55,0.18673,0.18675,0.18686,5
1761.65,0.18669,0.18671,0.18682,5
1761.75,0.18665,0.18668,0.18678,5
1761.85,0.18661,0.18664,0.18674,5
1761.95,0.18658,0.1866,0.1867,5
1762.05,0.18654,0.18656,0.18667,5
1762.15,0.1865,0.18652,0.18663,5
1762.25,0.18646,0.18649,0.18659,5
1762.35,0.18642,0.18646,0.18655,5
1762.45,0.18639,0.18642,0.18651,5
1762.55,0.18635,0.18638,0.18648,5
1762.65,0.18631,0.18635,0.18645,5
1762.75,0.18627,0.18631,0.18641,5
1762.85,0.18624,0.18627,0.18637,5
1762.95,0.18621,0.18623,0.18633,5
1763.05,0.18617,0.1862,0.1863,5
1763.15,0.18613,0.18616,0.18626,5
1763.25,0.18609,0.18612,0.18622,5
1763.35,0.18606,0.18608,0.18618,5
1763.45,0.18602,0.18605,0.18614,5
1763.55,0.18598,0.18601,0.1861,5
1763.65,0.18594,0.18597,0.18607,5
1763.75,0.1859,0.18593,0.18603,5
1763.85,0.18587,0.1859,0.18599,5
1763.95,0.18583,0.18586,0.18595,5
1764.05,0.18579,0.18582,0.18591,5
1764.15,0.18575,0.18578,0.18588,5
1764.25,0.18571,0.18575,0.18584,5
1764.35,0.18568,0.18571,0.1858,5
1764.45,0.18564,0.18567,0.18576,5
1764.55,0.1856,0.18563,0.18572,5
1764.65,0.18556,0.18559,0.18569,5
1764.75,0.18553,0.18556,0.18565,5
1764.85,0.18549,0.18552,0.18561,5
1764.95,0.18545,0.18548,0.18557,5
1765.05,0.18541,0.18544,0.18554,5
1765.15,0.18537,0.18541,0.1855,5
1765.25,0.18534,0.18538,0.18546,5
1765.35,0.1853,0.18534,0.18542,5
1765.45,0.18526,0.1853,0.18538,5
1765.55,0.18522,0.18527,0.18536,5
1765.65,0.18519,0.18523,0.18532,5
1765.75,0.18515,0.18519,0.18528,5
1765.85,0.18512,0.18515,0.18524,5
1765.95,0.18508,0.18512,0.1852,5
1766.05,0.18504,0.18508,0.18517,5
1766.15,0.18501,0.18504,0.18513,5
1766.25,0.18497,0.185,0.18509,5
1766.35,0.18493,0.18497,0.18505,5
1766.45,0.18489,0.18493,0.18501,5
1766.55,0.18485,0.18489,0.18498,5
1766.65,0.18482,0.18485,0.18494,5
1766.75,0.18478,0.18482,0.1849,5
1766.85,0.18474,0.18478,0.18486,5
1766.95,0.1847,0.18474,0.18482,5
1767.05,0.18467,0.1847,0.18479,5
1767.15,0.18463,0.18467,0.18475,5
1767.25,0.18459,0.18463,0.18471,5
1767.35,0.18455,0.18459,0.18467,5
1767.45,0.18451,0.18455,0.18464,5
1767.55,0.18448,0.18452,0.1846,5
1767.65,0.18444,0.18448,0.18456,5
1767.75,0.1844,0.18444,0.18452,5
1767.85,0.18436,0.1844,0.18448,5
1767.95,0.18433,0.18437,0.18445,5
1768.05,0.18429,0.18433,0.18441,5
1768.15,0.18425,0.1843,0.18437,5
1768.25,0.18421,0.18426,0.18433,5
1768.35,0.18417,0.18423,0.18429,5
1768.45,0.18414,0.18419,0.18427,5
1768.55,0.1841,0.18415,0.18423,5
1768.65,0.18406,0.18411,0.18419,5
1768.75,0.18403,0.18408,0.18415,5
1768.85,0.18399,0.18404,0.18411,5
1768.95,0.18396,0.184,0.18407,5
1769.05,0.18392,0.18396,0.18404,5
1769.15,0.18388,0.18392,0.184,5
1769.25,0.18384,0.18389,0.18396,5
1769.35,0.1838,0.18385,0.18392,5
1769.45,0.18376,0.18381,0.18388,5
1769.55,0.18373,0.18377,0.18384,5
1769.65,0.18369,0.18373,0.18381,5
1769.75,0.18365,0.1837,0.18377,5
1769.85,0.18361,0.18366,0.18373,5
1769.95,0.18357,0.18362,0.18369,5
1770.05,0.18353,0.18358,0.18365,5
1770.15,0.1835,0.18354,0.18361,5
1770.25,0.18346,0.18351,0.18358,5
1770.35,0.18342,0.18347,0.18354,5
1770.45,0.18338,0.18343,0.1835,5
1770.55,0.18334,0.18339,0.18346,5
1770.65,0.1833,0.18335,0.18342,5
1770.75,0.18327,0.18332,0.18338,5
1770.85,0.18323,0.18328,0.18335,5
1770.95,0.18319,0.18324,0.18331,5
1771.05,0.18315,0.18321,0.18327,5
1771.15,0.18311,0.18317,0.18323,5
1771.25,0.18307,0.18314,0.18319,5
1771.35,0.18304,0.1831,0.18316,5
1771.45,0.183,0.18306,0.18313,5
1771.55,0.18296,0.18302,0.18309,5
1771.65,0.18293,0.18298,0.18305,5
1771.75,0.18289,0.18295,0.18301,5
1771.85,0.18285,0.18291,0.18297,5
1771.95,0.18282,0.18287,0.18294,5
1772.05,0.18278,0.18283,0.1829,5
1772.15,0.18274,0.1828,0.18286,5
1772.25,0.1827,0.18276,0.18282,5
1772.35,0.18266,0.18272,0.18278,5
1772.45,0.18262,0.18268,0.18274,5
1772.55,0.18259,0.18264,0.18271,5
1772.65,0.18255,0.18261,0.18267,5
1772.75,0.18251,0.18257,0.18263,5
1772.85,0.18247,0.18253,0.18259,5
1772.95,0.18243,0.18249,0.18255,5
1773.05,0.1824,0.18245,0.18251,5
1773.15,0.18236,0.18242,0.18248,5
1773.25,0.18232,0.18238,0.18244,5
1773.35,0.18228,0.18234,0.1824,5
1773.45,0.18224,0.1823,0.18236,5
1773.55,0.1822,0.18227,0.18232,5
1773.65,0.18217,0.18223,0.18229,5
1773.75,0.18213,0.18219,0.18225,5
1773.85,0.18209,0.18216,0.18221,5
1773.95,0.18205,0.18212,0.18217,5
1774.05,0.18201,0.18209,0.18213,5
1774.15,0.18197,0.18205,0.1821,5
1774.25,0.18194,0.18201,0.18207,5
1774.35,0.1819,0.18197,0.18203,5
1774.45,0.18187,0.18193,0.18199,5
1774.55,0.18183,0.1819,0.18195,5
1774.65,0.18179,0.18186,0.18191,5
1774.75,0.18176,0.18182,0.18188,5
1774.85,0.18172,0.18178,0.18184,5
1774.95,0.18168,0.18175,0.1818,5
1775.05,0.18164,0.18171,0.18176,5
1775.15,0.1816,0.18167,0.18172,5
1775.25,0.18156,0.18163,0.18169,5
1775.35,0.18153,0.18159,0.18165,5
1775.45,0.18149,0.18156,0.18161,5
1775.55,0.18145,0.18152,0.18157,5
1775.65,0.18141,0.18148,0.18153,5
1775.75,0.18137,0.18144,0.1815,5
1775.85,0.18134,0.18141,0.18146,5
1775.95,0.1813,0.18137,0.18142,5
1776.05,0.18126,0.18133,0.18138,5
1776.15,0.18122,0.18129,0.18134,5
1776.25,0.18118,0.18125,0.18131,5
1776.35,0.18115,0.18122,0.18127,5
1776.45,0.18111,0.18118,0.18123,5
1776.55,0.18107,0.18114,0.18119,5
1776.65,0.18103,0.1811,0.18115,5
1776.75,0.18099,0.18108,0.18112,5
1776.85,0.18096,0.18104,0.18108,5
1776.95,0.18092,0.181,0.18104,5
1777.05,0.18088,0.18096,0.181,5
1777.15,0.18084,0.18093,0.18097,5
1777.25,0.1808,0.18089,0.18094,5
1777.35,0.18077,0.18085,0.1809,5
1777.45,0.18074,0.18081,0.18086,5
1777.55,0.1807,0.18077,0.18082,5
1777.65,0.18066,0.18074,0.18078,5
1777.75,0.18062,0.1807,0.18075,5
1777.85,0.18058,0.18066,0.18071,5
1777.95,0.18055,0.18062,0.18067,5
1778.05,0.18051,0.18059,0.18063,5
1778.15,0.18047,0.18055,0.18059,5
1778.25,0.18043,0.18051,0.18056,5
1778.35,0.18039,0.18047,0.18052,5
1778.45,0.18036,0.18044,0.18048,5
1778.55,0.18032,0.1804,0.18044,5
1778.65,0.18028,0.18036,0.1804,5
1778.75,0.18024,0.18032,0.18037,5
1778.85,0.1802,0.18029,0.18033,5
1778.95,0.18017,0.18025,0.18029,5
1779.05,0.18013,0.18021,0.18025,5
1779.15,0.18009,0.18017,0.18021,5
1779.25,0.18005,0.18014,0.18018,5
1779.35,0.18001,0.1801,0.18014,5
1779.45,0.17998,0.18006,0.1801,5
1779.55,0.17994,0.18002,0.18006,5
1779.65,0.1799,0.18,0.18003,5
1779.75,0.17986,0.17996,0.17999,5
1779.85,0.17983,0.17992,0.17995,5
1779.95,0.17979,0.17988,0.17991,5
1780.05,0.17975,0.17984,0.17987,5
1780.15,0.17971,0.17981,0.17985,5
1780.25,0.17968,0.17977,0.17981,5
1780.35,0.17965,0.17973,0.17977,5
1780.45,0.17961,0.17969,0.17973,5
1780.55,0.17957,0.17966,0.1797,5
1780.65,0.17953,0.17962,0.17966,5
1780.75,0.17949,0.17958,0.17962,5
1780.85,0.17946,0.17955,0.17958,5
1780.95,0.17942,0.17951,0.17955,5
1781.05,0.17938,0.17947,0.17951,5
1781.15,0.17934,0.17943,0.17947,5
1781.25,0.17931,0.1794,0.17943,5
1781.35,0.17927,0.17936,0.17939,5
1781.45,0.17923,0.17932,0.17936,5
1781.55,0.17919,0.17928,0.17932,5
1781.65,0.17915,0.17925,0.17928,5
1781.75,0.17912,0.17921,0.17924,5
1781.85,0.17908,0.17917,0.17921,5
1781.95,0.17904,0.17913,0.17917,5
1782.05,0.179,0.1791,0.17913,5
1782.15,0.17897,0.17906,0.17909,5
1782.25,0.17893,0.17902,0.17906,5
1782.35,0.17889,0.17898,0.17902,5
1782.45,0.17885,0.17895,0.17898,5
1782.55,0.17881,0.17892,0.17894,5
1782.65,0.17878,0.17888,0.17891,5
1782.75,0.17874,0.17884,0.17887,5
1782.85,0.1787,0.17881,0.17883,5
1782.95,0.17866,0.17877,0.17879,5
1783.05,0.17863,0.17873,0.17877,5
1783.15,0.1786,0.1787,0.17873,5
1783.25,0.17856,0.17866,0.17869,5
1783.35,0.17852,0.17862,0.17865,5
1783.45,0.17848,0.17858,0.17861,5
1783.55,0.17845,0.17854,0.17858,5
1783.65,0.17841,0.17851,0.17854,5
1783.75,0.17837,0.17847,0.1785,5
1783.85,0.17833,0.17843,0.17846,5
1783.95,0.1783,0.17839,0.17843,5
1784.05,0.17826,0.17836,0.17839,5
1784.15,0.17822,0.17832,0.17835,5
1784.25,0.17818,0.17828,0.17831,5
1784.35,0.17814,0.17824,0.17828,5
1784.45,0.17811,0.17821,0.17824,5
1784.55,0.17807,0.17817,0.1782,5
1784.65,0.17803,0.17813,0.17816,5
1784.75,0.17799,0.17809,0.17812,5
1784.85,0.17795,0.17806,0.17809,5
1784.95,0.17792,0.17802,0.17805,5
1785.05,0.17788,0.17798,0.17801,5
1785.15,0.17784,0.17794,0.17797,5
1785.25,0.1778,0.17791,0.17794,5
1785.35,0.17777,0.17787,0.1779,5
1785.45,0.17773,0.17784,0.17786,5
1785.55,0.17769,0.17781,0.17782,5
1785.65,0.17765,0.17777,0.17779,5
1785.75,0.17761,0.17773,0.17775,5
1785.85,0.17758,0.17769,0.17771,5
1785.95,0.17754,0.17766,0.17767,5
1786.05,0.17751,0.17762,0.17765,5
1786.15,0.17747,0.17758,0.17761,5
1786.25,0.17744,0.17754,0.17757,5
1786.35,0.1774,0.17751,0.17753,5
1786.45,0.17736,0.17747,0.1775,5
1786.55,0.17732,0.17743,0.17746,5
1786.65,0.17729,0.17739,0.17742,5
1786.75,0.17725,0.17736,0.17738,5
1786.85,0.17721,0.17732,0.17735,5
1786.95,0.17717,0.17728,0.17731,5
1787.05,0.17714,0.17725,0.17727,5
1787.15,0.1771,0.17721,0.17723,5
1787.25,0.17706,0.17717,0.1772,5
1787.35,0.17702,0.17713,0.17716,5
1787.45,0.17698,0.1771,0.17712,5
1787.55,0.17695,0.17706,0.17709,5
1787.65,0.17691,0.17702,0.17705,5
1787.75,0.17687,0.17698,0.17701,5
1787.85,0.17683,0.17695,0.17697,5
1787.95,0.1768,0.17691,0.17694,5
1788.05,0.17676,0.17687,0.1769,5
1788.15,0.17672,0.17684,0.17686,5
1788.25,0.17669,0.1768,0.17682,5
1788.35,0.17665,0.17676,0.17679,5
1788.45,0.17661,0.17673,0.17675,5
1788.55,0.17657,0.1767,0.17671,5
1788.65,0.17654,0.17666,0.17668,5
1788.75,0.1765,0.17662,0.17664,5
1788.85,0.17646,0.17659,0.1766,5
1788.95,0.17643,0.17655,0.17657,5
1789.05,0.1764,0.17651,0.17654,5
1789.15,0.17636,0.17648,0.1765,5
1789.25,0.17632,0.17644,0.17646,5
1789.35,0.17628,0.1764,0.17643,5
1789.45,0.17625,0.17636,0.17639,5
1789.55,0.17621,0.17633,0.17635,5
1789.65,0.17617,0.17629,0.17631,5
1789.75,0.17613,0.17625,0.17628,5
1789.85,0.1761,0.17622,0.17624,5
1789.95,0.17606,0.17618,0.1762,5
1790.05,0.17602,0.17614,0.17617,5
1790.15,0.17599,0.17611,0.17613,5
1790.25,0.17595,0.17607,0.17609,5
1790.35,0.17591,0.17603,0.17606,5
1790.45,0.17587,0.176,0.17602,5
1790.55,0.17584,0.17596,0.17598,5
1790.65,0.1758,0.17592,0.17595,5
1790.75,0.17576,0.17588,0.17591,5
1790.85,0.17573,0.17585,0.17587,5
1790.95,0.17569,0.17581,0.17583,5
1791.05,0.17565,0.17577,0.1758,5
1791.15,0.17561,0.17574,0.17576,5
1791.25,0.17558,0.1757,0.17572,5
1791.35,0.17554,0.17567,0.17569,5
1791.45,0.1755,0.17564,0.17565,5
1791.55,0.17547,0.1756,0.17561,5
1791.65,0.17543,0.17556,0.17558,5
1791.75,0.17539,0.17553,0.17554,5
1791.85,0.17536,0.17549,0.1755,5
1791.95,0.17533,0.17545,0.17547,5
1792.05,0.17529,0.17542,0.17544,5
1792.15,0.17525,0.17538,0.1754,5
1792.25,0.17522,0.17534,0.17537,5
1792.35,0.17518,0.17531,0.17533,5
1792.45,0.17514,0.17527,0.17529,5
1792.55,0.17511,0.17523,0.17526,5
1792.65,0.17507,0.1752,0.17522,5
1792.75,0.17503,0.17516,0.17518,5
1792.85,0.175,0.17512,0.17515,5
1792.95,0.17496,0.17509,0.17511,5
1793.05,0.17492,0.17505,0.17507,5
1793.15,0.17489,0.17501,0.17504,5
1793.25,0.17485,0.17498,0.175,5
1793.35,0.17481,0.17494,0.17496,5
1793.45,0.17478,0.1749,0.17493,5
1793.55,0.17474,0.17487,0.17489,5
1793.65,0.1747,0.17483,0.17485,5
1793.75,0.17467,0.17479,0.17482,5
1793.85,0.17463,0.17476,0.17478,5
1793.95,0.17459,0.17472,0.17474,5
1794.05,0.17456,0.17469,0.17471,5
1794.15,0.17452,0.17465,0.17467,5
1794.25,0.17448,0.17461,0.17464,5
1794.35,0.17445,0.17459,0.1746,5
1794.45,0.17441,0.17455,0.17456,5
1794.55,0.17437,0.17451,0.17453,5
1794.65,0.17434,0.17448,0.17449,5
1794.75,0.1743,0.17444,0.17445,5
1794.85,0.17427,0.1744,0.17442,5
1794.95,0.17424,0.17437,0.17438,5
1795.05,0.1742,0.17433,0.17436,5
1795.15,0.17416,0.1743,0.17432,5
1795.25,0.17413,0.17426,0.17428,5
1795.35,0.17409,0.17422,0.17425,5
1795.45,0.17406,0.17419,0.17421,5
1795.55,0.17402,0.17415,0.17417,5
1795.65,0.17398,0.17411,0.17414,5
1795.75,0.17395,0.17408,0.1741,5
1795.85,0.17391,0.17404,0.17407,5
1795.95,0.17387,0.17401,0.17403,5
1796.05,0.17384,0.17397,0.17399,5
1796.15,0.1738,0.17393,0.17396,5
1796.25,0.17376,0.1739,0.17392,5
1796.35,0.17373,0.17386,0.17389,5
1796.45,0.17369,0.17383,0.17385,5
1796.55,0.17366,0.17379,0.17381,5
1796.65,0.17362,0.17375,0.17378,5
1796.75,0.17358,0.17372,0.17374,5
1796.85,0.17355,0.17368,0.17371,5
1796.95,0.17351,0.17365,0.17367,5
1797.05,0.17348,0.17361,0.17363,5
1797.15,0.17344,0.17357,0.1736,5
1797.25,0.1734,0.17354,0.17356,5
1797.35,0.17337,0.17351,0.17353,5
1797.45,0.17333,0.17348,0.17349,5
1797.55,0.17329,0.17344,0.17345,5
1797.65,0.17326,0.1734,0.17342,5
1797.75,0.17322,0.17337,0.17338,5
1797.85,0.17319,0.17333,0.17335,5
1797.95,0.17316,0.1733,0.17331,5
1798.05,0.17313,0.17326,0.17328,5
1798.15,0.17309,0.17322,0.17325,5
1798.25,0.17305,0.17319,0.17321,5
1798.35,0.17302,0.17315,0.17318,5
1798.45,0.17298,0.17312,0.17314,5
1798.55,0.17295,0.17308,0.17311,5
1798.65,0.17291,0.17305,0.17307,5
1798.75,0.17287,0.17301,0.17304,5
1798.85,0.17284,0.17297,0.173,5
1798.95,0.1728,0.17294,0.17296,5
1799.05,0.17277,0.1729,0.17293,5
1799.15,0.17273,0.17287,0.17289,5
1799.25,0.1727,0.17283,0.17286,5
1799.35,0.17266,0.1728,0.17282,5
1799.45,0.17262,0.17276,0.17279,5
1799.55,0.17259,0.17272,0.17275,5
1799.65,0.17255,0.17269,0.17272,5
1799.75,0.17252,0.17265,0.17268,5
1799.85,0.17248,0.17262,0.17265,5
1799.95,0.17245,0.17258,0.17261,5
1800.05,0.17241,0.17255,0.17257,5
1800.15,0.17238,0.17251,0.17254,5
1800.25,0.17234,0.17248,0.1725,5
1800.35,0.1723,0.17244,0.17247,5
1800.45,0.17227,0.17241,0.17243,5
1800.55,0.17223,0.17238,0.1724,5
1800.65,0.1722,0.17234,0.17236,5
1800.75,0.17216,0.17231,0.17233,5
1800.85,0.17213,0.17227,0.17229,5
1800.95,0.1721,0.17224,0.17226,5
1801.05,0.17207,0.1722,0.17222,5
1801.15,0.17203,0.17217,0.17219,5
1801.25,0.172,0.17213,0.17216,5
1801.35,0.17196,0.1721,0.17213,5
1801.45,0.17193,0.17206,0.17209,5
1801.55,0.17189,0.17203,0.17206,5
1801.65,0.17185,0.17199,0.17202,5
1801.75,0.17182,0.17196,0.17199,5
1801.85,0.17178,0.17192,0.17195,5
1801.95,0.17175,0.17188,0.17192,5
1802.05,0.17171,0.17185,0.17188,5
1802.15,0.17168,0.17181,0.17185,5
1802.25,0.17164,0.17178,0.17181,5
1802.35,0.17161,0.17174,0.17178,5
1802.45,0.17157,0.17171,0.17174,5
1802.55,0.17154,0.17167,0.17171,5
1802.65,0.1715,0.17164,0.17167,5
1802.75,0.17147,0.1716,0.17164,5
1802.85,0.17143,0.17157,0.1716,5
1802.95,0.1714,0.17153,0.17157,5
1803.05,0.17136,0.1715,0.17153,5
1803.15,0.17133,0.17146,0.1715,5
1803.25,0.17129,0.17143,0.17146,5
1803.35,0.17126,0.17139,0.17143,5
1803.45,0.17122,0.17136,0.17139,5
1803.55,0.17119,0.17133,0.17136,5
1803.65,0.17115,0.1713,0.17132,5
1803.75,0.17112,0.17126,0.17129,5
1803.85,0.17108,0.17123,0.17125,5
1803.95,0.17105,0.17119,0.17122,5
1804.05,0.17101,0.17116,0.17118,5
1804.15,0.17099,0.17112,0.17115,5
1804.25,0.17095,0.17109,0.17111,5
1804.35,0.17092,0.17105,0.17108,5
1804.45,0.17089,0.17102,0.17106,5
1804.55,0.17085,0.17098,0.17102,5
1804.65,0.17082,0.17095,0.17099,5
1804.75,0.17078,0.17091,0.17095,5
1804.85,0.17075,0.17088,0.17092,5
1804.95,0.17071,0.17084,0.17088,5
1805.05,0.17068,0.17081,0.17085,5
1805.15,0.17064,0.17078,0.17081,5
1805.25,0.17061,0.17074,0.17078,5
1805.35,0.17057,0.17071,0.17074,5
1805.45,0.17054,0.17067,0.17071,5
1805.55,0.1705,0.17064,0.17068,5
1805.65,0.17047,0.1706,0.17064,5
1805.75,0.17044,0.17057,0.17061,5
1805.85,0.1704,0.17053,0.17057,5
1805.95,0.17037,0.1705,0.17054,5
1806.05,0.17033,0.17046,0.1705,5
1806.15,0.1703,0.17043,0.17047,5
1806.25,0.17026,0.17039,0.17044,5
1806.35,0.17023,0.17036,0.1704,5
1806.45,0.17019,0.17033,0.17037,5
1806.55,0.17016,0.17029,0.17033,5
1806.65,0.17013,0.17027,0.1703,5
1806.75,0.17009,0.17023,0.17026,5
1806.85,0.17006,0.1702,0.17023,5
1806.95,0.17002,0.17016,0.1702,5
1807.05,0.16999,0.17013,0.17016,5
1807.15,0.16995,0.17009,0.17013,5
1807.25,0.16992,0.17006,0.17009,5
1807.35,0.1699,0.17002,0.17006,5
1807.45,0.16986,0.16999,0.17003,5
1807.55,0.16983,0.16996,0.16999,5
1807.65,0.16979,0.16992,0.16997,5
1807.75,0.16976,0.16989,0.16993,5
1807.85,0.16973,0.16985,0.1699,5
1807.95,0.16969,0.16982,0.16987,5
1808.05,0.16966,0.16978,0.16983,5
1808.15,0.16962,0.16975,0.1698,5
1808.25,0.16959,0.16972,0.16976,5
1808.35,0.16956,0.16968,0.16973,5
1808.45,0.16952,0.16965,0.1697,5
1808.55,0.16949,0.16961,0.16966,5
1808.65,0.16945,0.16958,0.16963,5
1808.75,0.16942,0.16954,0.16959,5
1808.85,0.16939,0.16951,0.16956,5
1808.95,0.16935,0.16948,0.16953,5
1809.05,0.16932,0.16944,0.16949,5
1809.15,0.16928,0.16941,0.16946,5
1809.25,0.16925,0.16937,0.16942,5
1809.35,0.16922,0.16934,0.16939,5
1809.45,0.16918,0.16931,0.16936,5
1809.55,0.16915,0.16927,0.16932,5
1809.65,0.16911,0.16924,0.16929,5
1809.75,0.16908,0.1692,0.16926,5
1809.85,0.16905,0.16918,0.16922,5
1809.95,0.16901,0.16915,0.16919,5
1810.05,0.16898,0.16911,0.16915,5
1810.15,0.16895,0.16908,0.16912,5
1810.25,0.16891,0.16904,0.16909,5
1810.35,0.16888,0.16901,0.16905,5
1810.45,0.16885,0.16898,0.16902,5
1810.55,0.16882,0.16894,0.16899,5
1810.65,0.16879,0.16891,0.16895,5
1810.75,0.16875,0.16887,0.16892,5
1810.85,0.16872,0.16884,0.16889,5
1810.95,0.16869,0.16881,0.16886,5
1811.05,0.16865,0.16877,0.16883,5
1811.15,0.16862,0.16874,0.1688,5
1811.25,0.16859,0.1687,0.16876,5
1811.35,0.16855,0.16867,0.16873,5
1811.45,0.16852,0.16864,0.16869,5
1811.55,0.16849,0.1686,0.16866,5
1811.65,0.16845,0.16857,0.16863,5
1811.75,0.16842,0.16854,0.16859,5
1811.85,0.16839,0.1685,0.16856,5
1811.95,0.16835,0.16847,0.16853,5
1812.05,0.16832,0.16843,0.16849,5
1812.15,0.16829,0.1684,0.16846,5
1812.25,0.16825,0.16837,0.16843,5
1812.35,0.16822,0.16833,0.16839,5
1812.45,0.16819,0.1683,0.16836,5
1812.55,0.16815,0.16827,0.16833,5
1812.65,0.16812,0.16823,0.16829,5
1812.75,0.16809,0.1682,0.16826,5
1812.85,0.16805,0.16816,0.16823,5
1812.95,0.16802,0.16813,0.16819,5
1813.05,0.16799,0.16811,0.16816,5
1813.15,0.16795,0.16807,0.16813,5
1813.25,0.16792,0.16804,0.1681,5
1813.35,0.16789,0.16801,0.16806,5
1813.45,0.16785,0.16797,0.16803,5
1813.55,0.16782,0.16794,0.168,5
1813.65,0.16779,0.16791,0.16796,5
1813.75,0.16776,0.16787,0.16793,5
1813.85,0.16773,0.16784,0.1679,5
1813.95,0.1677,0.16781,0.16786,5
1814.05,0.16767,0.16777,0.16783,5
1814.15,0.16763,0.16774,0.1678,5
1814.25,0.1676,0.1677,0.16777,5
1814.35,0.16757,0.16767,0.16774,5
1814.45,0.16753,0.16764,0.16771,5
1814.55,0.1675,0.1676,0.16767,5
1814.65,0.16747,0.16757,0.16764,5
1814.75,0.16744,0.16754,0.16761,5
1814.85,0.1674,0.1675,0.16758,5
1814.95,0.16737,0.16747,0.16754,5
1815.05,0.16734,0.16744,0.16751,5
1815.15,0.1673,0.1674,0.16748,5
1815.25,0.16727,0.16737,0.16744,5
1815.35,0.16724,0.16734,0.16741,5
1815.45,0.16721,0.1673,0.16738,5
1815.55,0.16717,0.16727,0.16735,5
1815.65,0.16714,0.16724,0.16731,5
1815.75,0.16711,0.1672,0.16728,5
1815.85,0.16707,0.16717,0.16725,5
1815.95,0.16704,0.16714,0.16721,5
1816.05,0.16701,0.1671,0.16718,5
1816.15,0.16698,0.16707,0.16715,5
1816.25,0.16694,0.16704,0.16712,5
1816.35,0.16691,0.16701,0.16708,5
1816.45,0.16688,0.16698,0.16705,5
1816.55,0.16685,0.16695,0.16702,5
1816.65,0.16681,0.16691,0.16698,5
1816.75,0.16678,0.16688,0.16695,5
1816.85,0.16675,0.16685,0.16692,5
1816.95,0.16672,0.16682,0.16689,5
1817.05,0.16668,0.16678,0.16685,5
1817.15,0.16666,0.16675,0.16682,5
1817.25,0.16663,0.16672,0.16679,5
1817.35,0.1666,0.16668,0.16676,5
1817.45,0.16656,0.16665,0.16672,5
1817.55,0.16653,0.16662,0.16669,5
1817.65,0.1665,0.16658,0.16667,5
1817.75,0.16647,0.16655,0.16664,5
1817.85,0.16643,0.16652,0.1666,5
1817.95,0.1664,0.16648,0.16657,5
1818.05,0.16637,0.16645,0.16654,5
1818.15,0.16634,0.16642,0.16651,5
1818.25,0.1663,0.16639,0.16647,5
1818.35,0.16627,0.16635,0.16644,5
1818.45,0.16624,0.16632,0.16641,5
1818.55,0.16621,0.16629,0.16638,5
1818.65,0.16618,0.16625,0.16634,5
1818.75,0.16614,0.16622,0.16631,5
1818.85,0.16611,0.16619,0.16628,5
1818.95,0.16608,0.16616,0.16625,5
1819.05,0.16605,0.16612,0.16621,5
1819.15,0.16601,0.16609,0.16618,5
1819.25,0.16598,0.16606,0.16615,5
1819.35,0.16595,0.16602,0.16612,5
1819.45,0.16592,0.16599,0.16608,5
1819.55,0.16589,0.16596,0.16605,5
1819.65,0.16585,0.16594,0.16602,5
1819.75,0.16582,0.1659,0.16599,5
1819.85,0.16579,0.16587,0.16596,5
1819.95,0.16576,0.16584,0.16592,5
1820.05,0.16572,0.1658,0.16589,5
1820.15,0.16569,0.16577,0.16586,5
1820.25,0.16566,0.16574,0.16583,5
1820.35,0.16563,0.16571,0.16579,5
1820.45,0.1656,0.16567,0.16576,5
1820.55,0.16557,0.16564,0.16573,5
1820.65,0.16554,0.16561,0.1657,5
1820.75,0.16551,0.16558,0.16566,5
1820.85,0.16548,0.16554,0.16563,5
1820.95,0.16545,0.16551,0.1656,5
1821.05,0.16541,0.16548,0.16557,5
1821.15,0.16538,0.16544,0.16555,5
1821.25,0.16535,0.16541,0.16551,5
1821.35,0.16532,0.16538,0.16548,5
1821.45,0.16529,0.16535,0.16545,5
1821.55,0.16525,0.16531,0.16542,5
1821.65,0.16522,0.16528,0.16539,5
1821.75,0.16519,0.16525,0.16535,5
1821.85,0.16516,0.16522,0.16532,5
1821.95,0.16513,0.16518,0.16529,5
1822.05,0.1651,0.16515,0.16526,5
1822.15,0.16506,0.16512,0.16523,5
1822.25,0.16503,0.16509,0.16519,5
1822.35,0.165,0.16505,0.16516,5
1822.45,0.16497,0.16502,0.16513,5
1822.55,0.16494,0.16499,0.1651,5
1822.65,0.1649,0.16496,0.16506,5
1822.75,0.16487,0.16492,0.16503,5
1822.85,0.16484,0.16489,0.165,5
1822.95,0.16481,0.16486,0.16497,5
1823.05,0.16478,0.16484,0.16494,5
1823.15,0.16475,0.1648,0.16491,5
1823.25,0.16471,0.16477,0.16487,5
1823.35,0.16468,0.16474,0.16484,5
1823.45,0.16465,0.16471,0.16481,5
1823.55,0.16462,0.16467,0.16478,5
1823.65,0.16459,0.16464,0.16475,5
1823.75,0.16456,0.16461,0.16471,5
1823.85,0.16452,0.16458,0.16468,5
1823.95,0.1645,0.16454,0.16465,5
1824.05,0.16447,0.16451,0.16462,5
1824.15,0.16444,0.16448,0.16459,5
1824.25,0.16441,0.16445,0.16455,5
1824.35,0.16438,0.16442,0.16452,5
1824.45,0.16435,0.16438,0.16449,5
1824.55,0.16431,0.16435,0.16447,5
1824.65,0.16428,0.16432,0.16444,5
1824.75,0.16425,0.16429,0.16441,5
1824.85,0.16422,0.16425,0.16437,5
1824.95,0.16419,0.16422,0.16434,5
1825.05,0.16416,0.16419,0.16431,5
1825.15,0.16412,0.16416,0.16428,5
1825.25,0.16409,0.16412,0.16425,5
1825.35,0.16406,0.16409,0.16421,5
1825.45,0.16403,0.16406,0.16418,5
1825.55,0.164,0.16403,0.16415,5
1825.65,0.16397,0.164,0.16412,5
1825.75,0.16394,0.16396,0.16409,5
1825.85,0.1639,0.16393,0.16406,5
1825.95,0.16387,0.1639,0.16402,5
1826.05,0.16384,0.16387,0.16399,5
1826.15,0.16381,0.16384,0.16396,5
1826.25,0.16378,0.1638,0.16393,5
1826.35,0.16375,0.16378,0.1639,5
1826.45,0.16372,0.16375,0.16387,5
1826.55,0.16368,0.16372,0.16383,5
1826.65,0.16365,0.16368,0.1638,5
1826.75,0.16362,0.16365,0.16377,5
1826.85,0.16359,0.16362,0.16374,5
1826.95,0.16356,0.16359,0.16371,5
1827.05,0.16353,0.16355,0.16367,5
1827.15,0.16349,0.16352,0.16364,5
1827.25,0.16346,0.16349,0.16361,5
1827.35,0.16343,0.16346,0.16358,5
1827.45,0.16341,0.16342,0.16355,5
1827.55,0.16338,0.16339,0.16351,5
1827.65,0.16335,0.16336,0.16348,5
1827.75,0.16332,0.16333,0.16345,5
1827.85,0.16328,0.16329,0.16342,5
1827.95,0.16325,0.16326,0.16339,5
1828.05,0.16322,0.16323,0.16336,5
1828.15,0.16319,0.1632,0.16333,5
1828.25,0.16316,0.16316,0.1633,5
1828.35,0.16313,0.16313,0.16327,5
1828.45,0.16309,0.1631,0.16324,5
1828.55,0.16306,0.16307,0.16321,5
1828.65,0.16303,0.16304,0.16317,5
1828.75,0.163,0.163,0.16314,5
1828.85,0.16297,0.16297,0.16311,5
1828.95,0.16294,0.16294,0.16308,5
1829.05,0.16291,0.16291,0.16305,5
1829.15,0.16287,0.16287,0.16301,5
1829.25,0.16284,0.16284,0.16298,5
1829.35,0.16281,0.16281,0.16295,5
1829.45,0.16278,0.16278,0.16292,5
1829.55,0.16275,0.16275,0.16289,5
1829.65,0.16272,0.16271,0.16286,5
1829.75,0.16269,0.16269,0.16282,5
1829.85,0.16265,0.16266,0.16279,5
1829.95,0.16262,0.16263,0.16276,5
1830.05,0.16259,0.16259,0.16273,5
1830.15,0.16256,0.16256,0.1627,5
1830.25,0.16253,0.16253,0.16267,5
1830.35,0.1625,0.1625,0.16263,5
1830.45,0.16247,0.16247,0.1626,5
1830.55,0.16244,0.16243,0.16257,5
1830.65,0.1624,0.1624,0.16254,5
1830.75,0.16237,0.16237,0.16251,5
1830.85,0.16234,0.16234,0.16247,5
1830.95,0.16232,0.1623,0.16244,5
1831.05,0.16229,0.16227,0.16241,5
1831.15,0.16226,0.16224,0.16238,5
1831.25,0.16223,0.16221,0.16235,5
1831.35,0.1622,0.16218,0.16232,5
1831.45,0.16216,0.16214,0.16228,5
1831.55,0.16213,0.16211,0.16226,5
1831.65,0.1621,0.16208,0.16223,5
1831.75,0.16207,0.16205,0.1622,5
1831.85,0.16204,0.16202,0.16217,5
1831.95,0.16201,0.16198,0.16214,5
1832.05,0.16198,0.16195,0.16211,5
1832.15,0.16195,0.16192,0.16207,5
1832.25,0.16191,0.16189,0.16204,5
1832.35,0.16188,0.16186,0.16201,5
1832.45,0.16185,0.16182,0.16198,5
1832.55,0.16182,0.16179,0.16195,5
1832.65,0.16179,0.16176,0.16192,5
1832.75,0.16176,0.16173,0.16188,5
1832.85,0.16173,0.1617,0.16185,5
1832.95,0.1617,0.16166,0.16182,5
1833.05,0.16167,0.16163,0.16179,5
1833.15,0.16163,0.16161,0.16176,5
1833.25,0.1616,0.16158,0.16173,5
1833.35,0.16157,0.16155,0.1617,5
1833.45,0.16154,0.16151,0.16166,5
1833.55,0.16151,0.16148,0.16163,5
1833.65,0.16148,0.16145,0.1616,5
1833.75,0.16145,0.16142,0.16157,5
1833.85,0.16142,0.16139,0.16154,5
1833.95,0.16139,0.16136,0.16151,5
1834.05,0.16136,0.16132,0.16148,5
1834.15,0.16132,0.16129,0.16144,5
1834.25,0.16129,0.16126,0.16141,5
1834.35,0.16126,0.16123,0.16138,5
1834.45,0.16124,0.1612,0.16135,5
1834.55,0.16121,0.16116,0.16132,5
1834.65,0.16118,0.16113,0.16129,5
1834.75,0.16115,0.1611,0.16126,5
1834.85,0.16112,0.16107,0.16122,5
1834.95,0.16109,0.16104,0.16119,5
1835.05,0.16106,0.16101,0.16117,5
1835.15,0.16103,0.16097,0.16114,5
1835.25,0.16099,0.16094,0.16111,5
1835.35,0.16096,0.16091,0.16108,5
1835.45,0.16093,0.16088,0.16105,5
1835.55,0.1609,0.16085,0.16101,5
1835.65,0.16087,0.16082,0.16098,5
1835.75,0.16084,0.16078,0.16095,5
1835.85,0.16081,0.16075,0.16092,5
1835.95,0.16078,0.16072,0.16089,5
1836.05,0.16075,0.16069,0.16086,5
1836.15,0.16072,0.16066,0.16083,5
1836.25,0.16069,0.16063,0.1608,5
1836.35,0.16065,0.16059,0.16076,5
1836.45,0.16062,0.16056,0.16073,5
1836.55,0.16059,0.16054,0.1607,5
1836.65,0.16056,0.16051,0.16067,5
1836.75,0.16053,0.16048,0.16064,5
1836.85,0.1605,0.16045,0.16061,5
1836.95,0.16047,0.16041,0.16058,5
1837.05,0.16044,0.16038,0.16055,5
1837.15,0.16041,0.16035,0.16051,5
1837.25,0.16038,0.16032,0.16048,5
1837.35,0.16035,0.16029,0.16045,5
1837.45,0.16032,0.16026,0.16042,5
1837.55,0.16029,0.16022,0.16039,5
1837.65,0.16025,0.16019,0.16036,5
1837.75,0.16022,0.16016,0.16033,5
1837.85,0.16019,0.16013,0.1603,5
1837.95,0.16016,0.1601,0.16026,5
1838.05,0.16014,0.16007,0.16023,5
1838.15,0.16011,0.16004,0.1602,5
1838.25,0.16008,0.16,0.16017,5
1838.35,0.16005,0.15997,0.16014,5
1838.45,0.16002,0.15994,0.16011,5
1838.55,0.15999,0.15991,0.16008,5
1838.65,0.15996,0.15988,0.16006,5
1838.75,0.15993,0.15985,0.16003,5
1838.85,0.1599,0.15982,0.15999,5
1838.95,0.15987,0.15978,0.15996,5
1839.05,0.15984,0.15975,0.15993,5
1839.15,0.15981,0.15972,0.1599,5
1839.25,0.15977,0.15969,0.15987,5
1839.35,0.15974,0.15966,0.15984,5
1839.45,0.15971,0.15963,0.15981,5
1839.55,0.15968,0.1596,0.15978,5
1839.65,0.15965,0.15957,0.15975,5
1839.75,0.15962,0.15953,0.15972,5
1839.85,0.15959,0.1595,0.15968,5
1839.95,0.15956,0.15947,0.15965,5
1840.05,0.15953,0.15945,0.15962,5
1840.15,0.1595,0.15942,0.15959,5
1840.25,0.15947,0.15939,0.15956,5
1840.35,0.15944,0.15936,0.15953,5
1840.45,0.15941,0.15933,0.1595,5
1840.55,0.15938,0.15929,0.15947,5
1840.65,0.15935,0.15926,0.15944,5
1840.75,0.15932,0.15923,0.15941,5
1840.85,0.15929,0.1592,0.15937,5
1840.95,0.15925,0.15917,0.15934,5
1841.05,0.15922,0.15914,0.15931,5
1841.15,0.15919,0.15911,0.15928,5
1841.25,0.15916,0.15907,0.15925,5
1841.35,0.15913,0.15904,0.15922,5
1841.45,0.1591,0.15901,0.15919,5
1841.55,0.15907,0.15898,0.15915,5
1841.65,0.15905,0.15895,0.15912,5
1841.75,0.15902,0.15892,0.15909,5
1841.85,0.15899,0.15888,0.15906,5
1841.95,0.15896,0.15885,0.15903,5
1842.05,0.15892,0.15882,0.159,5
1842.15,0.15889,0.15879,0.15897,5
1842.25,0.15886,0.15876,0.15894,5
1842.35,0.15883,0.15873,0.15891,5
1842.45,0.1588,0.1587,0.15888,5
1842.55,0.15877,0.15866,0.15885,5
1842.65,0.15874,0.15863,0.15882,5
1842.75,0.15871,0.1586,0.15879,5
1842.85,0.15868,0.15857,0.15876,5
1842.95,0.15865,0.15854,0.15873,5
1843.05,0.15862,0.15851,0.15869,5
1843.15,0.15858,0.15848,0.15866,5
1843.25,0.15855,0.15844,0.15863,5
1843.35,0.15852,0.15841,0.1586,5
1843.45,0.15849,0.15838,0.15857,5
1843.55,0.15846,0.15836,0.15854,5
1843.65,0.15843,0.15833,0.15851,5
1843.75,0.1584,0.1583,0.15848,5
1843.85,0.15837,0.15827,0.15844,5
1843.95,0.15834,0.15823,0.15841,5
1844.05,0.15831,0.1582,0.15838,5
1844.15,0.15828,0.15817,0.15835,5
1844.25,0.15825,0.15814,0.15832,5
1844.35,0.15822,0.15811,0.15829,5
1844.45,0.15819,0.15808,0.15826,5
1844.55,0.15815,0.15805,0.15823,5
1844.65,0.15812,0.15802,0.1582,5
1844.75,0.15809,0.15799,0.15816,5
1844.85,0.15806,0.15795,0.15813,5
1844.95,0.15803,0.15792,0.1581,5
1845.05,0.158,0.15789,0.15807,5
1845.15,0.15798,0.15786,0.15804,5
1845.25,0.15795,0.15783,0.15801,5
1845.35,0.15792,0.1578,0.15798,5
1845.45,0.15789,0.15777,0.15795,5
1845.55,0.15786,0.15774,0.15792,5
1845.65,0.15783,0.1577,0.15788,5
1845.75,0.1578,0.15767,0.15786,5
1845.85,0.15777,0.15764,0.15783,5
1845.95,0.15774,0.15761,0.1578,5
1846.05,0.15771,0.15758,0.15777,5
1846.15,0.15768,0.15755,0.15774,5
1846.25,0.15764,0.15752,0.15771,5
1846.35,0.15761,0.15749,0.15768,5
1846.45,0.15758,0.15746,0.15765,5
1846.55,0.15755,0.15743,0.15762,5
1846.65,0.15752,0.1574,0.15759,5
1846.75,0.15749,0.15736,0.15755,5
1846.85,0.15746,0.15733,0.15752,5
1846.95,0.15743,0.1573,0.15749,5
1847.05,0.1574,0.15728,0.15746,5
1847.15,0.15737,0.15725,0.15743,5
1847.25,0.15734,0.15722,0.1574,5
1847.35,0.15731,0.15719,0.15737,5
1847.45,0.15728,0.15716,0.15734,5
1847.55,0.15725,0.15713,0.15731,5
1847.65,0.15722,0.1571,0.15728,5
1847.75,0.15719,0.15707,0.15725,5
1847.85,0.15716,0.15704,0.15722,5
1847.95,0.15713,0.157,0.15718,5
1848.05,0.1571,0.15697,0.15715,5
1848.15,0.15707,0.15694,0.15712,5
1848.25,0.15704,0.15691,0.15709,5
1848.35,0.15701,0.15688,0.15706,5
1848.45,0.15698,0.15685,0.15703,5
1848.55,0.15695,0.15682,0.157,5
1848.65,0.15692,0.15679,0.15697,5
1848.75,0.15689,0.15676,0.15694,5
1848.85,0.15687,0.15673,0.15691,5
1848.95,0.15684,0.1567,0.15688,5
1849.05,0.15681,0.15667,0.15685,5
1849.15,0.15678,0.15664,0.15682,5
1849.25,0.15675,0.15661,0.15679,5
1849.35,0.15672,0.15658,0.15677,5
1849.45,0.15668,0.15655,0.15674,5
1849.55,0.15665,0.15652,0.1567,5
1849.65,0.15662,0.15648,0.15667,5
1849.75,0.15659,0.15645,0.15664,5
1849.85,0.15656,0.15642,0.15661,5
1849.95,0.15653,0.15639,0.15658,5
1850.05,0.1565,0.15636,0.15655,5
1850.15,0.15647,0.15633,0.15652,5
1850.25,0.15644,0.1563,0.15649,5
1850.35,0.15641,0.15627,0.15646,5
1850.45,0.15638,0.15624,0.15643,5
1850.55,0.15635,0.15622,0.1564,5
1850.65,0.15632,0.15619,0.15637,5
1850.75,0.15629,0.15616,0.15634,5
1850.85,0.15626,0.15613,0.15631,5
1850.95,0.15623,0.1561,0.15628,5
1851.05,0.1562,0.15607,0.15625,5
1851.15,0.15617,0.15604,0.15622,5
1851.25,0.15615,0.15601,0.15619,5
1851.35,0.15612,0.15598,0.15616,5
1851.45,0.15609,0.15595,0.15613,5
1851.55,0.15606,0.15592,0.1561,5
1851.65,0.15603,0.15589,0.15607,5
1851.75,0.156,0.15586,0.15604,5
1851.85,0.15597,0.15583,0.15601,5
1851.95,0.15594,0.1558,0.15598,5
1852.05,0.15591,0.15577,0.15595,5
1852.15,0.15588,0.15574,0.15592,5
1852.25,0.15585,0.15571,0.15589,5
1852.35,0.15582,0.15568,0.15586,5
1852.45,0.1558,0.15565,0.15583,5
1852.55,0.15577,0.15562,0.1558,5
1852.65,0.15574,0.15559,0.15577,5
1852.75,0.15571,0.15556,0.15574,5
1852.85,0.15568,0.15553,0.15571,5
1852.95,0.15565,0.1555,0.15568,5
1853.05,0.15562,0.15547,0.15566,5
1853.15,0.15559,0.15544,0.15563,5
1853.25,0.15556,0.15541,0.1556,5
1853.35,0.15553,0.15538,0.15557,5
1853.45,0.1555,0.15535,0.15554,5
1853.55,0.15547,0.15532,0.15551,5
1853.65,0.15544,0.15529,0.15548,5
1853.75,0.15541,0.15526,0.15545,5
1853.85,0.15538,0.15523,0.15542,5
1853.95,0.15535,0.1552,0.15539,5
1854.05,0.15532,0.15517,0.15536,5
1854.15,0.15529,0.15514,0.15533,5
1854.25,0.15527,0.15512,0.1553,5
1854.35,0.15524,0.15509,0.15527,5
1854.45,0.15521,0.15506,0.15524,5
1854.55,0.15518,0.15503,0.15521,5
1854.65,0.15515,0.15501,0.15518,5
1854.75,0.15512,0.15498,0.15515,5
1854.85,0.15509,0.15495,0.15512,5
1854.95,0.15506,0.15492,0.15509,5
1855.05,0.15503,0.15489,0.15506,5
1855.15,0.155,0.15486,0.15503,5
1855.25,0.15497,0.15483,0.155,5
1855.35,0.15494,0.1548,0.15497,5
1855.45,0.15491,0.15477,0.15494,5
1855.55,0.15488,0.15474,0.15491,5
1855.65,0.15485,0.15471,0.15488,5
1855.75,0.15482,0.15468,0.15485,5
1855.85,0.1548,0.15465,0.15482,5
1855.95,0.15477,0.15462,0.15479,5
1856.05,0.15474,0.15459,0.15476,5
1856.15,0.15472,0.15457,0.15473,5
1856.25,0.15469,0.15454,0.1547,5
1856.35,0.15466,0.15451,0.15467,5
1856.45,0.15463,0.15448,0.15464,5
1856.55,0.1546,0.15445,0.15461,5
1856.65,0.15457,0.15442,0.15459,5
1856.75,0.15454,0.15439,0.15457,5
1856.85,0.15451,0.15436,0.15454,5
1856.95,0.15448,0.15433,0.15451,5
1857.05,0.15446,0.1543,0.15448,5
1857.15,0.15443,0.15427,0.15445,5
1857.25,0.1544,0.15425,0.15442,5
1857.35,0.15437,0.15422,0.15439,5
1857.45,0.15434,0.15419,0.15436,5
1857.55,0.15431,0.15416,0.15433,5
1857.65,0.15428,0.15413,0.1543,5
1857.75,0.15425,0.1541,0.15427,5
1857.85,0.15422,0.15407,0.15424,5
1857.95,0.1542,0.15405,0.15421,5
1858.05,0.15417,0.15402,0.15419,5
1858.15,0.15414,0.154,0.15416,5
1858.25,0.15411,0.15397,0.15413,5
1858.35,0.15408,0.15394,0.1541,5
1858.45,0.15405,0.15391,0.15407,5
1858.55,0.15402,0.15388,0.15404,5
1858.65,0.15399,0.15385,0.15401,5
1858.75,0.15396,0.15382,0.15398,5
1858.85,0.15394,0.1538,0.15395,5
1858.95,0.15391,0.15377,0.15392,5
1859.05,0.15388,0.15374,0.1539,5
1859.15,0.15385,0.15371,0.15387,5
1859.25,0.15382,0.15368,0.15384,5
1859.35,0.15379,0.15365,0.15381,5
1859.45,0.15376,0.15362,0.15378,5
1859.55,0.15374,0.1536,0.15375,5
1859.65,0.15371,0.15357,0.15372,5
1859.75,0.15368,0.15354,0.15369,5
1859.85,0.15365,0.15351,0.15366,5
1859.95,0.15363,0.15348,0.15364,5
1860.05,0.1536,0.15345,0.15361,5
1860.15,0.15357,0.15343,0.15358,5
1860.25,0.15355,0.1534,0.15355,5
1860.35,0.15352,0.15337,0.15352,5
1860.45,0.15349,0.15334,0.15349,5
1860.55,0.15346,0.15331,0.15347,5
1860.65,0.15343,0.15328,0.15344,5
1860.75,0.1534,0.15326,0.15342,5
1860.85,0.15338,0.15323,0.15339,5
1860.95,0.15335,0.1532,0.15336,5
1861.05,0.15332,0.15317,0.15333,5
1861.15,0.15329,0.15314,0.1533,5
1861.25,0.15326,0.15312,0.15327,5
1861.35,0.15323,0.15309,0.15324,5
1861.45,0.15321,0.15306,0.15322,5
1861.55,0.15318,0.15303,0.15319,5
1861.65,0.15315,0.153,0.15316,5
1861.75,0.15312,0.15298,0.15313,5
1861.85,0.15309,0.15296,0.1531,5
1861.95,0.15306,0.15293,0.15307,5
1862.05,0.15304,0.1529,0.15304,5
1862.15,0.15301,0.15287,0.15302,5
1862.25,0.15298,0.15285,0.15299,5
1862.35,0.15295,0.15282,0.15296,5
1862.45,0.15292,0.15279,0.15293,5
1862.55,0.1529,0.15276,0.1529,5
1862.65,0.15287,0.15273,0.15288,5
1862.75,0.15284,0.15271,0.15285,5
1862.85,0.15281,0.15268,0.15282,5
1862.95,0.15278,0.15265,0.15279,5
1863.05,0.15276,0.15262,0.15276,5
1863.15,0.15273,0.1526,0.15273,5
1863.25,0.1527,0.15257,0.15271,5
1863.35,0.15267,0.15254,0.15268,5
1863.45,0.15264,0.15251,0.15265,5
1863.55,0.15262,0.15249,0.15262,5
1863.65,0.15259,0.15246,0.15259,5
1863.75,0.15256,0.15243,0.15257,5
1863.85,0.15254,0.1524,0.15254,5
1863.95,0.15251,0.15238,0.15251,5
1864.05,0.15249,0.15235,0.15248,5
1864.15,0.15246,0.15232,0.15245,5
1864.25,0.15243,0.15229,0.15243,5
1864.35,0.1524,0.15227,0.1524,5
1864.45,0.15238,0.15224,0.15237,5
1864.55,0.15235,0.15221,0.15235,5
1864.65,0.15232,0.15218,0.15232,5
1864.75,0.15229,0.15216,0.1523,5
1864.85,0.15227,0.15213,0.15227,5
1864.95,0.15224,0.1521,0.15224,5
1865.05,0.15221,0.15207,0.15221,5
1865.15,0.15218,0.15205,0.15219,5
1865.25,0.15216,0.15202,0.15216,5
1865.35,0.15213,0.15199,0.15213,5
1865.45,0.1521,0.15197,0.1521,5
1865.55,0.15207,0.15194,0.15207,5
1865.65,0.15205,0.15191,0.15205,5
1865.75,0.15202,0.15189,0.15202,5
1865.85,0.15199,0.15187,0.15199,5
1865.95,0.15196,0.15184,0.15196,5
1866.05,0.15194,0.15181,0.15194,5
1866.15,0.15191,0.15179,0.15191,5
1866.25,0.15188,0.15176,0.15188,5
1866.35,0.15185,0.15173,0.15185,5
1866.45,0.15183,0.15171,0.15183,5
1866.55,0.1518,0.15168,0.1518,5
1866.65,0.15177,0.15165,0.15177,5
1866.75,0.15174,0.15163,0.15174,5
1866.85,0.15172,0.1516,0.15172,5
1866.95,0.15169,0.15157,0.15169,5
1867.05,0.15166,0.15154,0.15166,5
1867.15,0.15164,0.15152,0.15163,5
1867.25,0.15161,0.15149,0.15161,5
1867.35,0.15158,0.15146,0.15158,5
1867.45,0.15155,0.15144,0.15155,5
1867.55,0.15153,0.15141,0.15153,5
1867.65,0.1515,0.15138,0.1515,5
1867.75,0.15147,0.15136,0.15147,5
1867.85,0.15146,0.15133,0.15144,5
1867.95,0.15143,0.1513,0.15142,5
1868.05,0.1514,0.15128,0.15139,5
1868.15,0.15138,0.15125,0.15136,5
1868.25,0.15135,0.15122,0.15134,5
1868.35,0.15132,0.1512,0.15131,5
1868.45,0.15129,0.15117,0.15128,5
1868.55,0.15127,0.15115,0.15126,5
1868.65,0.15124,0.15112,0.15124,5
1868.75,0.15121,0.15109,0.15121,5
1868.85,0.15119,0.15107,0.15118,5
1868.95,0.15116,0.15104,0.15116,5
1869.05,0.15113,0.15101,0.15113,5
1869.15,0.15111,0.15099,0.1511,5
1869.25,0.15108,0.15096,0.15108,5
1869.35,0.15105,0.15094,0.15105,5
1869.45,0.15103,0.15091,0.15102,5
1869.55,0.151,0.15088,0.151,5
1869.65,0.15098,0.15086,0.15097,5
1869.75,0.15095,0.15083,0.15094,5
1869.85,0.15092,0.15081,0.15092,5
1869.95,0.1509,0.15079,0.15089,5
1870.05,0.15087,0.15076,0.15086,5
1870.15,0.15084,0.15074,0.15084,5
1870.25,0.15082,0.15071,0.15081,5
1870.35,0.15079,0.15069,0.15079,5
1870.45,0.15076,0.15066,0.15076,5
1870.55,0.15074,0.15064,0.15073,5
1870.65,0.15071,0.15061,0.15071,5
1870.75,0.15069,0.15058,0.15068,5
1870.85,0.15066,0.15056,0.15065,5
1870.95,0.15063,0.15053,0.15063,5
1871.05,0.15061,0.15051,0.1506,5
1871.15,0.15058,0.15048,0.15058,5
1871.25,0.15056,0.15046,0.15055,5
1871.35,0.15053,0.15043,0.15052,5
1871.45,0.1505,0.1504,0.1505,5
1871.55,0.15048,0.15038,0.15047,5
1871.65,0.15045,0.15035,0.15044,5
1871.75,0.15043,0.15033,0.15042,5
1871.85,0.1504,0.1503,0.15039,5
1871.95,0.15038,0.15028,0.15037,5
1872.05,0.15036,0.15025,0.15034,5
1872.15,0.15033,0.15023,0.15031,5
1872.25,0.15031,0.1502,0.15029,5
1872.35,0.15028,0.15018,0.15026,5
1872.45,0.15025,0.15015,0.15024,5
1872.55,0.15023,0.15012,0.15021,5
1872.65,0.1502,0.1501,0.15018,5
1872.75,0.15018,0.15007,0.15017,5
1872.85,0.15015,0.15005,0.15014,5
1872.95,0.15013,0.15002,0.15012,5
1873.05,0.1501,0.15,0.15009,5
1873.15,0.15007,0.14997,0.15007,5
1873.25,0.15005,0.14995,0.15004,5
1873.35,0.15002,0.14992,0.15001,5
1873.45,0.15,0.1499,0.14999,5
1873.55,0.14997,0.14987,0.14996,5
1873.65,0.14995,0.14985,0.14994,5
1873.75,0.14992,0.14982,0.14991,5
1873.85,0.14989,0.1498,0.14989,5
1873.95,0.14987,0.14977,0.14986,5
1874.05,0.14984,0.14975,0.14983,5
1874.15,0.14982,0.14973,0.14981,5
1874.25,0.14979,0.14971,0.14978,5
1874.35,0.14977,0.14968,0.14976,5
1874.45,0.14974,0.14966,0.14973,5
1874.55,0.14972,0.14963,0.14971,5
1874.65,0.14969,0.14961,0.14968,5
1874.75,0.14966,0.14958,0.14966,5
1874.85,0.14964,0.14956,0.14963,5
1874.95,0.14961,0.14953,0.1496,5
1875.05,0.14959,0.14951,0.14958,5
1875.15,0.14956,0.14948,0.14955,5
1875.25,0.14954,0.14946,0.14953,5
1875.35,0.14951,0.14943,0.1495,5
1875.45,0.14949,0.14941,0.14948,5
1875.55,0.14946,0.14938,0.14945,5
1875.65,0.14944,0.14936,0.14943,5
1875.75,0.14941,0.14933,0.1494,5
1875.85,0.14939,0.14931,0.14938,5
1875.95,0.14936,0.14928,0.14935,5
1876.05,0.14933,0.14926,0.14932,5
1876.15,0.14931,0.14923,0.1493,5
1876.25,0.14929,0.14921,0.14927,5
1876.35,0.14927,0.14918,0.14925,5
1876.45,0.14924,0.14916,0.14922,5
1876.55,0.14922,0.14913,0.1492,5
1876.65,0.14919,0.14911,0.14917,5
1876.75,0.14917,0.14909,0.14915,5
1876.85,0.14914,0.14906,0.14912,5
1876.95,0.14912,0.14904,0.1491,5
1877.05,0.14909,0.14901,0.14907,5
1877.15,0.14907,0.14899,0.14906,5
1877.25,0.14904,0.14896,0.14903,5
1877.35,0.14902,0.14894,0.14901,5
1877.45,0.14899,0.14891,0.14898,5
1877.55,0.14897,0.14889,0.14896,5
1877.65,0.14894,0.14886,0.14893,5
1877.75,0.14892,0.14884,0.14891,5
1877.85,0.14889,0.14881,0.14888,5
1877.95,0.14887,0.14879,0.14886,5
1878.05,0.14884,0.14877,0.14883,5
1878.15,0.14882,0.14874,0.14881,5
1878.25,0.14879,0.14872,0.14878,5
1878.35,0.14877,0.14869,0.14876,5
1878.45,0.14874,0.14867,0.14873,5
1878.55,0.14872,0.14865,0.14871,5
1878.65,0.14869,0.14863,0.14868,5
1878.75,0.14867,0.1486,0.14866,5
1878.85,0.14864,0.14858,0.14863,5
1878.95,0.14862,0.14856,0.14861,5
1879.05,0.14859,0.14853,0.14858,5
1879.15,0.14857,0.14851,0.14856,5
1879.25,0.14854,0.14848,0.14853,5
1879.35,0.14852,0.14846,0.14851,5
1879.45,0.14849,0.14843,0.14848,5
1879.55,0.14847,0.14841,0.14846,5
1879.65,0.14844,0.14838,0.14843,5
1879.75,0.14842,0.14836,0.14841,5
1879.85,0.14839,0.14834,0.14838,5
1879.95,0.14837,0.14831,0.14836,5
1880.05,0.14834,0.14829,0.14833,5
1880.15,0.14832,0.14826,0.14831,5
1880.25,0.1483,0.14824,0.14828,5
1880.35,0.14827,0.14821,0.14826,5
1880.45,0.14825,0.14819,0.14823,5
1880.55,0.14822,0.14817,0.14821,5
1880.65,0.14821,0.14814,0.14818,5
1880.75,0.14818,0.14812,0.14816,5
1880.85,0.14816,0.14809,0.14813,5
1880.95,0.14813,0.14807,0.14811,5
1881.05,0.14811,0.14804,0.14809,5
1881.15,0.14808,0.14802,0.14806,5
1881.25,0.14806,0.148,0.14804,5
1881.35,0.14803,0.14797,0.14801,5
1881.45,0.14801,0.14795,0.14799,5
1881.55,0.14798,0.14792,0.14797,5
1881.65,0.14796,0.1479,0.14795,5
1881.75,0.14793,0.14787,0.14792,5
1881.85,0.14791,0.14785,0.1479,5
1881.95,0.14789,0.14783,0.14787,5
1882.05,0.14786,0.1478,0.14785,5
1882.15,0.14784,0.14778,0.14782,5
1882.25,0.14781,0.14775,0.1478,5
1882.35,0.14779,0.14773,0.14778,5
1882.45,0.14776,0.14771,0.14775,5
1882.55,0.14774,0.14768,0.14773,5
1882.65,0.14771,0.14766,0.1477,5
1882.75,0.14769,0.14763,0.14768,5
1882.85,0.14766,0.14761,0.14765,5
1882.95,0.14764,0.14758,0.14763,5
1883.05,0.14762,0.14757,0.1476,5
1883.15,0.14759,0.14755,0.14758,5
1883.25,0.14757,0.14752,0.14755,5
1883.35,0.14754,0.1475,0.14753,5
1883.45,0.14752,0.14747,0.14751,5
1883.55,0.14749,0.14745,0.14748,5
1883.65,0.14747,0.14743,0.14746,5
1883.75,0.14744,0.1474,0.14743,5
1883.85,0.14742,0.14738,0.14741,5
1883.95,0.14739,0.14735,0.14738,5
1884.05,0.14737,0.14733,0.14736,5
1884.15,0.14735,0.1473,0.14733,5
1884.25,0.14732,0.14728,0.14731,5
1884.35,0.1473,0.14726,0.14728,5
1884.45,0.14727,0.14723,0.14726,5
1884.55,0.14725,0.14721,0.14724,5
1884.65,0.14722,0.14718,0.14721,5
1884.75,0.1472,0.14716,0.14719,5
1884.85,0.14717,0.14713,0.14716,5
1884.95,0.14715,0.14711,0.14714,5
1885.05,0.14713,0.14709,0.14711,5
1885.15,0.14711,0.14706,0.14709,5
1885.25,0.14709,0.14704,0.14706,5
1885.35,0.14706,0.14701,0.14704,5
1885.45,0.14704,0.14699,0.14702,5
1885.55,0.14701,0.14697,0.14699,5
1885.65,0.14699,0.14694,0.14697,5
1885.75,0.14696,0.14692,0.14694,5
1885.85,0.14694,0.14689,0.14692,5
1885.95,0.14692,0.14687,0.14689,5
1886.05,0.14689,0.14684,0.14687,5
1886.15,0.14687,0.14682,0.14685,5
1886.25,0.14684,0.1468,0.14683,5
1886.35,0.14682,0.14677,0.14681,5
1886.45,0.14679,0.14675,0.14678,5
1886.55,0.14677,0.14672,0.14676,5
1886.65,0.14675,0.1467,0.14673,5
1886.75,0.14672,0.14668,0.14671,5
1886.85,0.1467,0.14665,0.14668,5
1886.95,0.14667,0.14663,0.14666,5
1887.05,0.14665,0.1466,0.14664,5
1887.15,0.14662,0.14658,0.14661,5
1887.25,0.1466,0.14655,0.14659,5
1887.35,0.14657,0.14653,0.14656,5
1887.45,0.14655,0.14651,0.14654,5
1887.55,0.14653,0.14649,0.14651,5
1887.65,0.1465,0.14647,0.14649,5
1887.75,0.14648,0.14644,0.14646,5
1887.85,0.14645,0.14642,0.14644,5
1887.95,0.14643,0.1464,0.14642,5
1888.05,0.1464,0.14637,0.14639,5
1888.15,0.14638,0.14635,0.14637,5
1888.25,0.14636,0.14632,0.14634,5
1888.35,0.14633,0.1463,0.14632,5
1888.45,0.14631,0.14627,0.14629,5
1888.55,0.14628,0.14625,0.14627,5
1888.65,0.14626,0.14623,0.14625,5
1888.75,0.14623,0.1462,0.14622,5
1888.85,0.14621,0.14618,0.1462,5
1888.95,0.14618,0.14615,0.14617,5
1889.05,0.14616,0.14613,0.14615,5
1889.15,0.14614,0.14611,0.14612,5
1889.25,0.14611,0.14608,0.1461,5
1889.35,0.14609,0.14606,0.14607,5
1889.45,0.14606,0.14603,0.14605,5
1889.55,0.14604,0.14601,0.14603,5
1889.65,0.14602,0.14598,0.146,5
1889.75,0.146,0.14596,0.14598,5
1889.85,0.14598,0.14594,0.14595,5
1889.95,0.14595,0.14591,0.14593,5
1890.05,0.14593,0.14589,0.1459,5
1890.15,0.1459,0.14586,0.14588,5
1890.25,0.14588,0.14584,0.14586,5
1890.35,0.14585,0.14581,0.14583,5
1890.45,0.14583,0.14579,0.14581,5
1890.55,0.1458,0.14577,0.14578,5
1890.65,0.14578,0.14574,0.14577,5
1890.75,0.14576,0.14572,0.14574,5
1890.85,0.14573,0.14569,0.14572,5
1890.95,0.14571,0.14567,0.14569,5
1891.05,0.14568,0.14564,0.14567,5
1891.15,0.14566,0.14562,0.14565,5
1891.25,0.14563,0.1456,0.14562,5
1891.35,0.14561,0.14557,0.1456,5
1891.45,0.14559,0.14555,0.14557,5
1891.55,0.14556,0.14552,0.14555,5
1891.65,0.14554,0.1455,0.14552,5
1891.75,0.14551,0.14547,0.1455,5
1891.85,0.14549,0.14545,0.14548,5
1891.95,0.14546,0.14543,0.14545,5
1892.05,0.14544,0.1454,0.14543,5
1892.15,0.14541,0.14539,0.1454,5
1892.25,0.14539,0.14536,0.14538,5
1892.35,0.14537,0.14534,0.14535,5
1892.45,0.14534,0.14531,0.14533,5
1892.55,0.14532,0.14529,0.1453,5
1892.65,0.14529,0.14526,0.14528,5
1892.75,0.14527,0.14524,0.14526,5
1892.85,0.14524,0.14522,0.14523,5
1892.95,0.14522,0.14519,0.14521,5
1893.05,0.14519,0.14517,0.14518,5
1893.15,0.14517,0.14514,0.14516,5
1893.25,0.14515,0.14512,0.14513,5
1893.35,0.14512,0.14509,0.14511,5
1893.45,0.1451,0.14507,0.14508,5
1893.55,0.14507,0.14504,0.14506,5
1893.65,0.14505,0.14502,0.14503,5
1893.75,0.14502,0.145,0.14501,5
1893.85,0.145,0.14497,0.14499,5
1893.95,0.14497,0.14495,0.14496,5
1894.05,0.14495,0.14492,0.14494,5
1894.15,0.14493,0.1449,0.14491,5
1894.25,0.14491,0.14487,0.14489,5
1894.35,0.14489,0.14485,0.14486,5
1894.45,0.14486,0.14482,0.14484,5
1894.55,0.14484,0.1448,0.14481,5
1894.65,0.14481,0.14477,0.14479,5
1894.75,0.14479,0.14475,0.14476,5
1894.85,0.14476,0.14473,0.14474,5
1894.95,0.14474,0.1447,0.14472,5
1895.05,0.14471,0.14468,0.14469,5
1895.15,0.14469,0.14465,0.14467,5
1895.25,0.14466,0.14463,0.14465,5
1895.35,0.14464,0.1446,0.14463,5
1895.45,0.14461,0.14458,0.1446,5
1895.55,0.14459,0.14455,0.14458,5
1895.65,0.14456,0.14453,0.14455,5
1895.75,0.14454,0.1445,0.14453,5
1895.85,0.14452,0.14448,0.1445,5
1895.95,0.14449,0.14445,0.14448,5
1896.05,0.14447,0.14443,0.14445,5
1896.15,0.14444,0.1444,0.14443,5
1896.25,0.14442,0.14438,0.1444,5
1896.35,0.14439,0.14435,0.14438,5
1896.45,0.14437,0.14433,0.14436,5
1896.55,0.14434,0.14432,0.14433,5
1896.65,0.14432,0.14429,0.14431,5
1896.75,0.14429,0.14427,0.14428,5
1896.85,0.14427,0.14424,0.14426,5
1896.95,0.14424,0.14422,0.14423,5
1897.05,0.14422,0.14419,0.14421,5
1897.15,0.14419,0.14416,0.14418,5
1897.25,0.14417,0.14414,0.14415,5
1897.35,0.14414,0.14411,0.14413,5
1897.45,0.14412,0.14409,0.1441,5
1897.55,0.14409,0.14406,0.14408,5
1897.65,0.14406,0.14404,0.14405,5
1897.75,0.14404,0.14401,0.14403,5
1897.85,0.14401,0.14398,0.144,5
1897.95,0.14399,0.14396,0.14398,5
1898.05,0.14396,0.14393,0.14395,5
1898.15,0.14394,0.14391,0.14392,5
1898.25,0.14391,0.14388,0.1439,5
1898.35,0.14389,0.14386,0.14387,5
1898.45,0.14387,0.14383,0.14385,5
1898.55,0.14384,0.1438,0.14382,5
1898.65,0.14382,0.14378,0.1438,5
1898.75,0.14379,0.14375,0.14377,5
1898.85,0.14377,0.14373,0.14375,5
1898.95,0.14374,0.1437,0.14372,5
1899.05,0.14372,0.14367,0.14369,5
1899.15,0.14369,0.14365,0.14367,5
1899.25,0.14367,0.14362,0.14364,5
1899.35,0.14364,0.1436,0.14362,5
1899.45,0.14361,0.14357,0.14359,5
1899.55,0.14359,0.14354,0.14357,5
1899.65,0.14356,0.14352,0.14355,5
1899.75,0.14354,0.14349,0.14352,5
1899.85,0.14351,0.14347,0.1435,5
1899.95,0.14348,0.14344,0.14347,5
1900.05,0.14346,0.14341,0.14345,5
1900.15,0.14343,0.14339,0.14342,5
1900.25,0.14341,0.14336,0.14339,5
1900.35,0.14338,0.14334,0.14337,5
1900.45,0.14336,0.14331,0.14334,5
1900.55,0.14333,0.14328,0.14332,5
1900.65,0.1433,0.14326,0.14329,5
1900.75,0.14328,0.14324,0.14327,5
1900.85,0.14325,0.14322,0.14324,5
1900.95,0.14323,0.14319,0.14321,5
1901.05,0.1432,0.14316,0.14319,5
1901.15,0.14317,0.14314,0.14316,5
1901.25,0.14315,0.14311,0.14314,5
1901.35,0.14312,0.14309,0.14311,5
1901.45,0.1431,0.14306,0.14308,5
1901.55,0.14307,0.14303,0.14306,5
1901.65,0.14305,0.14301,0.14303,5
1901.75,0.14302,0.14298,0.14301,5
1901.85,0.14299,0.14295,0.14298,5
1901.95,0.14297,0.14293,0.14295,5
1902.05,0.14294,0.1429,0.14293,5
1902.15,0.14292,0.14287,0.1429,5
1902.25,0.14289,0.14285,0.14288,5
1902.35,0.14286,0.14282,0.14285,5
1902.45,0.14284,0.1428,0.14282,5
1902.55,0.14281,0.14277,0.1428,5
1902.65,0.14279,0.14274,0.14277,5
1902.75,0.14277,0.14272,0.14275,5
1902.85,0.14274,0.14269,0.14272,5
1902.95,0.14272,0.14266,0.14269,5
1903.05,0.14269,0.14264,0.14267,5
1903.15,0.14266,0.14261,0.14264,5
1903.25,0.14264,0.14258,0.14261,5
1903.35,0.14261,0.14256,0.14259,5
1903.45,0.14259,0.14253,0.14256,5
1903.55,0.14256,0.14251,0.14254,5
1903.65,0.14253,0.14248,0.14251,5
1903.75,0.14251,0.14245,0.14248,5
1903.85,0.14248,0.14243,0.14247,5
1903.95,0.14246,0.1424,0.14244,5
1904.05,0.14243,0.14237,0.14242,5
1904.15,0.1424,0.14235,0.14239,5
1904.25,0.14238,0.14232,0.14236,5
1904.35,0.14235,0.14229,0.14234,5
1904.45,0.14232,0.14227,0.14231,5
1904.55,0.1423,0.14224,0.14228,5
1904.65,0.14227,0.14221,0.14226,5
1904.75,0.14225,0.14219,0.14223,5
1904.85,0.14222,0.14216,0.14221,5
1904.95,0.14219,0.14214,0.14218,5
1905.05,0.14217,0.14212,0.14215,5
1905.15,0.14214,0.14209,0.14213,5
1905.25,0.14211,0.14206,0.1421,5
1905.35,0.14209,0.14204,0.14207,5
1905.45,0.14206,0.14201,0.14205,5
1905.55,0.14204,0.14198,0.14202,5
1905.65,0.14201,0.14196,0.14199,5
1905.75,0.14198,0.14193,0.14197,5
1905.85,0.14196,0.1419,0.14194,5
1905.95,0.14193,0.14188,0.14192,5
1906.05,0.1419,0.14185,0.14189,5
1906.15,0.14188,0.14182,0.14186,5
1906.25,0.14185,0.1418,0.14184,5
1906.35,0.14182,0.14177,0.14181,5
1906.45,0.1418,0.14174,0.14178,5
1906.55,0.14177,0.14172,0.14176,5
1906.65,0.14175,0.14169,0.14173,5
1906.75,0.14172,0.14166,0.1417,5
1906.85,0.14169,0.14164,0.14168,5
1906.95,0.14168,0.14161,0.14165,5
1907.05,0.14165,0.14158,0.14162,5
1907.15,0.14162,0.14156,0.1416,5
1907.25,0.1416,0.14153,0.14157,5
1907.35,0.14157,0.1415,0.14154,5
1907.45,0.14154,0.14147,0.14152,5
1907.55,0.14152,0.14145,0.14149,5
1907.65,0.14149,0.14142,0.14147,5
1907.75,0.14146,0.14139,0.14144,5
1907.85,0.14144,0.14137,0.14141,5
1907.95,0.14141,0.14134,0.14139,5
1908.05,0.14138,0.14131,0.14136,5
1908.15,0.14136,0.14129,0.14134,5
1908.25,0.14133,0.14126,0.14132,5
1908.35,0.1413,0.14123,0.14129,5
1908.45,0.14128,0.14121,0.14126,5
1908.55,0.14125,0.14118,0.14124,5
1908.65,0.14122,0.14115,0.14121,5
1908.75,0.1412,0.14112,0.14118,5
1908.85,0.14117,0.1411,0.14116,5
1908.95,0.14114,0.14108,0.14113,5
1909.05,0.14112,0.14105,0.1411,5
1909.15,0.14109,0.14103,0.14108,5
1909.25,0.14106,0.141,0.14105,5
1909.35,0.14104,0.14097,0.14102,5
1909.45,0.14101,0.14094,0.141,5
1909.55,0.14098,0.14092,0.14097,5
1909.65,0.14096,0.14089,0.14094,5
1909.75,0.14093,0.14086,0.14091,5
1909.85,0.1409,0.14084,0.14089,5
1909.95,0.14088,0.14081,0.14086,5
1910.05,0.14085,0.14078,0.14083,5
1910.15,0.14082,0.14075,0.14081,5
1910.25,0.1408,0.14073,0.14078,5
1910.35,0.14077,0.1407,0.14075,5
1910.45,0.14074,0.14067,0.14073,5
1910.55,0.14072,0.14065,0.1407,5
1910.65,0.14069,0.14062,0.14067,5
1910.75,0.14066,0.14059,0.14065,5
1910.85,0.14064,0.14056,0.14062,5
1910.95,0.14061,0.14054,0.14059,5
1911.05,0.14059,0.14051,0.14056,5
1911.15,0.14056,0.14048,0.14054,5
1911.25,0.14054,0.14045,0.14051,5
1911.35,0.14051,0.14043,0.14048,5
1911.45,0.14048,0.1404,0.14045,5
1911.55,0.14045,0.14037,0.14043,5
1911.65,0.14043,0.14034,0.1404,5
1911.75,0.1404,0.14031,0.14037,5
1911.85,0.14037,0.14029,0.14034,5
1911.95,0.14034,0.14026,0.14032,5
1912.05,0.14032,0.14023,0.14029,5
1912.15,0.14029,0.1402,0.14026,5
1912.25,0.14026,0.14017,0.14024,5
1912.35,0.14023,0.14015,0.14022,5
1912.45,0.14021,0.14012,0.14019,5
1912.55,0.14018,0.14009,0.14016,5
1912.65,0.14015,0.14006,0.14013,5
1912.75,0.14012,0.14003,0.14011,5
1912.85,0.1401,0.14001,0.14008,5
1912.95,0.14007,0.13999,0.14005,5
1913.05,0.14004,0.13996,0.14002,5
1913.15,0.14001,0.13993,0.14,5
1913.25,0.13999,0.1399,0.13997,5
1913.35,0.13996,0.13988,0.13994,5
1913.45,0.13993,0.13985,0.13991,5
1913.55,0.1399,0.13982,0.13989,5
1913.65,0.13988,0.13979,0.13986,5
1913.75,0.13985,0.13977,0.13983,5
1913.85,0.13982,0.13974,0.1398,5
1913.95,0.13979,0.13971,0.13977,5
1914.05,0.13977,0.13968,0.13975,5
1914.15,0.13974,0.13965,0.13972,5
1914.25,0.13971,0.13963,0.13969,5
1914.35,0.13968,0.1396,0.13966,5
1914.45,0.13965,0.13957,0.13964,5
1914.55,0.13963,0.13954,0.13961,5
1914.65,0.1396,0.13951,0.13958,5
1914.75,0.13957,0.13949,0.13955,5
1914.85,0.13954,0.13946,0.13953,5
1914.95,0.13952,0.13943,0.1395,5
1915.05,0.1395,0.1394,0.13947,5
1915.15,0.13947,0.13937,0.13944,5
1915.25,0.13944,0.13935,0.13941,5
1915.35,0.13942,0.13932,0.13939,5
1915.45,0.13939,0.13929,0.13936,5
1915.55,0.13936,0.13926,0.13933,5
1915.65,0.13933,0.13923,0.1393,5
1915.75,0.13931,0.1392,0.13928,5
1915.85,0.13928,0.13918,0.13925,5
1915.95,0.13925,0.13915,0.13922,5
1916.05,0.13922,0.13912,0.13919,5
1916.15,0.13919,0.13909,0.13916,5
1916.25,0.13917,0.13906,0.13915,5
1916.35,0.13914,0.13904,0.13912,5
1916.45,0.13911,0.13901,0.13909,5
1916.55,0.13908,0.13898,0.13906,5
1916.65,0.13906,0.13895,0.13904,5
1916.75,0.13903,0.13892,0.13901,5
1916.85,0.139,0.13891,0.13898,5
1916.95,0.13897,0.13888,0.13895,5
1917.05,0.13895,0.13885,0.13892,5
1917.15,0.13892,0.13882,0.1389,5
1917.25,0.13889,0.13879,0.13887,5
1917.35,0.13886,0.13877,0.13884,5
1917.45,0.13883,0.13874,0.13881,5
1917.55,0.13881,0.13871,0.13879,5
1917.65,0.13878,0.13868,0.13876,5
1917.75,0.13875,0.13865,0.13873,5
1917.85,0.13872,0.13863,0.1387,5
1917.95,0.1387,0.1386,0.13868,5
1918.05,0.13867,0.13857,0.13865,5
1918.15,0.13864,0.13854,0.13862,5
1918.25,0.13861,0.13851,0.13859,5
1918.35,0.13859,0.13849,0.13856,5
1918.45,0.13856,0.13846,0.13854,5
1918.55,0.13853,0.13843,0.13851,5
1918.65,0.1385,0.1384,0.13848,5
1918.75,0.13847,0.13837,0.13845,5
1918.85,0.13845,0.13835,0.13843,5
1918.95,0.13843,0.13832,0.1384,5
1919.05,0.1384,0.13829,0.13837,5
1919.15,0.13837,0.13826,0.13834,5
1919.25,0.13835,0.13823,0.13831,5
1919.35,0.13832,0.13821,0.13829,5
1919.45,0.13829,0.13818,0.13826,5
1919.55,0.13826,0.13815,0.13823,5
1919.65,0.13824,0.13812,0.1382,5
1919.75,0.13821,0.13809,0.13818,5
1919.85,0.13818,0.13807,0.13815,5
1919.95,0.13815,0.13804,0.13812,5
1920.05,0.13813,0.13801,0.13809,5
1920.15,0.1381,0.13798,0.13807,5
1920.25,0.13807,0.13796,0.13805,5
1920.35,0.13804,0.13793,0.13802,5
1920.45,0.13801,0.1379,0.13799,5
1920.55,0.13799,0.13787,0.13796,5
1920.65,0.13796,0.13784,0.13794,5
1920.75,0.13793,0.13783,0.13791,5
1920.85,0.1379,0.1378,0.13788,5
1920.95,0.13788,0.13777,0.13785,5
1921.05,0.13785,0.13774,0.13783,5
1921.15,0.13782,0.13771,0.1378,5
1921.25,0.13779,0.13769,0.13777,5
1921.35,0.13777,0.13766,0.13774,5
1921.45,0.13774,0.13763,0.13772,5
1921.55,0.13771,0.1376,0.13769,5
1921.65,0.13768,0.13758,0.13766,5
1921.75,0.13766,0.13755,0.13763,5
1921.85,0.13763,0.13752,0.13761,5
1921.95,0.1376,0.13749,0.13758,5
1922.05,0.13757,0.13746,0.13755,5
1922.15,0.13755,0.13744,0.13752,5
1922.25,0.13752,0.13741,0.1375,5
1922.35,0.13749,0.13738,0.13747,5
1922.45,0.13746,0.13735,0.13744,5
1922.55,0.13744,0.13733,0.13741,5
1922.65,0.13741,0.1373,0.13739,5
1922.75,0.13738,0.13727,0.13736,5
1922.85,0.13735,0.13724,0.13733,5
1922.95,0.13734,0.13721,0.1373,5
1923.05,0.13731,0.13719,0.13728,5
1923.15,0.13728,0.13716,0.13725,5
1923.25,0.13725,0.13713,0.13722,5
1923.35,0.13723,0.1371,0.13719,5
1923.45,0.1372,0.13708,0.13717,5
1923.55,0.13717,0.13705,0.13714,5
1923.65,0.13714,0.13702,0.13711,5
1923.75,0.13712,0.13699,0.13708,5
1923.85,0.13709,0.13697,0.13706,5
1923.95,0.13706,0.13694,0.13703,5
1924.05,0.13703,0.13691,0.137,5
1924.15,0.13701,0.13688,0.13697,5
1924.25,0.13698,0.13686,0.13696,5
1924.35,0.13695,0.13683,0.13693,5
1924.45,0.13692,0.1368,0.1369,5
1924.55,0.1369,0.13677,0.13687,5
1924.65,0.13687,0.13676,0.13685,5
1924.75,0.13684,0.13673,0.13682,5
1924.85,0.13682,0.1367,0.13679,5
1924.95,0.13679,0.13667,0.13676,5
1925.05,0.13676,0.13665,0.13674,5
1925.15,0.13673,0.13662,0.13671,5
1925.25,0.13671,0.13659,0.13668,5
1925.35,0.13668,0.13657,0.13666,5
1925.45,0.13665,0.13654,0.13663,5
1925.55,0.13662,0.13651,0.1366,5
1925.65,0.1366,0.13648,0.13657,5
1925.75,0.13657,0.13646,0.13655,5
1925.85,0.13654,0.13643,0.13652,5
1925.95,0.13652,0.1364,0.13649,5
1926.05,0.13649,0.13638,0.13647,5
1926.15,0.13646,0.13635,0.13644,5
1926.25,0.13643,0.13632,0.13641,5
1926.35,0.13641,0.13629,0.13638,5
1926.45,0.13638,0.13627,0.13636,5
1926.55,0.13635,0.13624,0.13633,5
1926.65,0.13633,0.13621,0.1363,5
1926.75,0.1363,0.13619,0.13628,5
1926.85,0.13627,0.13616,0.13625,5
1926.95,0.13625,0.13613,0.13622,5
1927.05,0.13623,0.1361,0.13619,5
1927.15,0.1362,0.13608,0.13617,5
1927.25,0.13617,0.13605,0.13614,5
1927.35,0.13615,0.13602,0.13611,5
1927.45,0.13612,0.136,0.13609,5
1927.55,0.13609,0.13597,0.13606,5
1927.65,0.13607,0.13594,0.13603,5
1927.75,0.13604,0.13592,0.13601,5
1927.85,0.13601,0.13589,0.13598,5
1927.95,0.13598,0.13586,0.13595,5
1928.05,0.13596,0.13583,0.13592,5
1928.15,0.13593,0.13581,0.1359,5
1928.25,0.1359,0.13578,0.13587,5
1928.35,0.13588,0.13575,0.13585,5
1928.45,0.13585,0.13573,0.13583,5
1928.55,0.13582,0.1357,0.1358,5
1928.65,0.1358,0.13568,0.13577,5
1928.75,0.13577,0.13566,0.13575,5
1928.85,0.13574,0.13563,0.13572,5
1928.95,0.13572,0.1356,0.13569,5
1929.05,0.13569,0.13558,0.13567,5
1929.15,0.13566,0.13555,0.13564,5
1929.25,0.13564,0.13552,0.13561,5
1929.35,0.13561,0.1355,0.13559,5
1929.45,0.13558,0.13547,0.13556,5
1929.55,0.13556,0.13544,0.13553,5
1929.65,0.13553,0.13542,0.13551,5
1929.75,0.1355,0.13539,0.13548,5
1929.85,0.13548,0.13536,0.13545,5
1929.95,0.13545,0.13534,0.13543,5
1930.05,0.13542,0.13531,0.1354,5
1930.15,0.1354,0.13529,0.13537,5
1930.25,0.13537,0.13526,0.13535,5
1930.35,0.13534,0.13523,0.13532,5
1930.45,0.13532,0.13521,0.13529,5
1930.55,0.13529,0.13518,0.13527,5
1930.65,0.13526,0.13515,0.13524,5
1930.75,0.13524,0.13513,0.13521,5
1930.85,0.13521,0.1351,0.13519,5
1930.95,0.13518,0.13507,0.13516,5
1931.05,0.13517,0.13505,0.13513,5
1931.15,0.13514,0.13502,0.13511,5
1931.25,0.13511,0.135,0.13508,5
1931.35,0.13509,0.13497,0.13506,5
1931.45,0.13506,0.13494,0.13503,5
1931.55,0.13503,0.13492,0.135,5
1931.65,0.13501,0.13489,0.13498,5
1931.75,0.13498,0.13486,0.13495,5
1931.85,0.13495,0.13484,0.13492,5
1931.95,0.13493,0.13481,0.1349,5
1932.05,0.1349,0.13479,0.13487,5
1932.15,0.13488,0.13476,0.13485,5
1932.25,0.13485,0.13473,0.13482,5
1932.35,0.13482,0.13471,0.13479,5
1932.45,0.1348,0.13468,0.13477,5
1932.55,0.13477,0.13466,0.13475,5
1932.65,0.13474,0.13463,0.13472,5
1932.75,0.13472,0.1346,0.1347,5
1932.85,0.13469,0.13459,0.13467,5
1932.95,0.13467,0.13456,0.13465,5
1933.05,0.13464,0.13454,0.13462,5
1933.15,0.13461,0.13451,0.13459,5
1933.25,0.13459,0.13448,0.13457,5
1933.35,0.13456,0.13446,0.13454,5
1933.45,0.13454,0.13443,0.13452,5
1933.55,0.13451,0.13441,0.13449,5
1933.65,0.13448,0.13438,0.13446,5
1933.75,0.13446,0.13435,0.13444,5
1933.85,0.13443,0.13433,0.13441,5
1933.95,0.1344,0.1343,0.13439,5
1934.05,0.13438,0.13428,0.13436,5
1934.15,0.13435,0.13425,0.13433,5
1934.25,0.13433,0.13423,0.13431,5
1934.35,0.1343,0.1342,0.13428,5
1934.45,0.13427,0.13418,0.13426,5
1934.55,0.13425,0.13415,0.13423,5
1934.65,0.13422,0.13412,0.1342,5
1934.75,0.1342,0.1341,0.13418,5
1934.85,0.13417,0.13407,0.13415,5
1934.95,0.13415,0.13405,0.13413,5
1935.05,0.13412,0.13402,0.1341,5
1935.15,0.13409,0.134,0.13408,5
1935.25,0.13408,0.13397,0.13405,5
1935.35,0.13405,0.13395,0.13402,5
1935.45,0.13403,0.13392,0.134,5
1935.55,0.134,0.13389,0.13397,5
1935.65,0.13398,0.13387,0.13395,5
1935.75,0.13395,0.13384,0.13392,5
1935.85,0.13392,0.13382,0.1339,5
1935.95,0.1339,0.13379,0.13387,5
1936.05,0.13387,0.13377,0.13385,5
1936.15,0.13385,0.13374,0.13382,5
1936.25,0.13382,0.13372,0.13379,5
1936.35,0.1338,0.13369,0.13377,5
1936.45,0.13377,0.13367,0.13374,5
1936.55,0.13375,0.13364,0.13372,5
1936.65,0.13372,0.13362,0.13369,5
1936.75,0.13369,0.13359,0.13367,5
1936.85,0.13367,0.13357,0.13365,5
1936.95,0.13364,0.13354,0.13363,5
1937.05,0.13362,0.13352,0.1336,5
1937.15,0.13359,0.1335,0.13358,5
1937.25,0.13357,0.13348,0.13355,5
1937.35,0.13354,0.13345,0.13353,5
1937.45,0.13352,0.13343,0.1335,5
1937.55,0.13349,0.1334,0.13348,5
1937.65,0.13347,0.13338,0.13345,5
1937.75,0.13344,0.13335,0.13343,5
1937.85,0.13342,0.13333,0.1334,5
1937.95,0.13339,0.1333,0.13338,5
1938.05,0.13336,0.13328,0.13335,5
1938.15,0.13334,0.13325,0.13333,5
1938.25,0.13331,0.13323,0.1333,5
1938.35,0.13329,0.13321,0.13328,5
1938.45,0.13326,0.13318,0.13325,5
1938.55,0.13324,0.13316,0.13323,5
1938.65,0.13322,0.13313,0.1332,5
1938.75,0.13319,0.13311,0.13318,5
1938.85,0.13317,0.13308,0.13315,5
1938.95,0.13314,0.13306,0.13313,5
1939.05,0.13312,0.13304,0.1331,5
1939.15,0.13309,0.13301,0.13308,5
1939.25,0.13307,0.13299,0.13305,5
1939.35,0.13304,0.13296,0.13303,5
1939.45,0.13302,0.13294,0.13301,5
1939.55,0.133,0.13291,0.13298,5
1939.65,0.13298,0.13289,0.13296,5
1939.75,0.13295,0.13287,0.13293,5
1939.85,0.13293,0.13284,0.13291,5
1939.95,0.1329,0.13282,0.13288,5
1940.05,0.13288,0.13279,0.13286,5
1940.15,0.13285,0.13277,0.13283,5
1940.25,0.13283,0.13275,0.13281,5
1940.35,0.13281,0.13272,0.13279,5
1940.45,0.13278,0.1327,0.13276,5
1940.55,0.13276,0.13267,0.13274,5
1940.65,0.13273,0.13265,0.13271,5
1940.75,0.13271,0.13263,0.13269,5
1940.85,0.13268,0.1326,0.13267,5
1940.95,0.13266,0.13258,0.13264,5
1941.05,0.13263,0.13256,0.13262,5
1941.15,0.13261,0.13253,0.13259,5
1941.25,0.13259,0.13251,0.13257,5
1941.35,0.13256,0.13249,0.13255,5
1941.45,0.13254,0.13246,0.13253,5
1941.55,0.13251,0.13244,0.13251,5
1941.65,0.13249,0.13242,0.13248,5
1941.75,0.13246,0.1324,0.13246,5
1941.85,0.13244,0.13238,0.13243,5
1941.95,0.13242,0.13235,0.13241,5
1942.05,0.13239,0.13233,0.13239,5
1942.15,0.13237,0.13231,0.13236,5
1942.25,0.13234,0.13228,0.13234,5
1942.35,0.13232,0.13226,0.13232,5
1942.45,0.1323,0.13224,0.13229,5
1942.55,0.13227,0.13221,0.13227,5
1942.65,0.13225,0.13219,0.13224,5
1942.75,0.13222,0.13217,0.13222,5
1942.85,0.1322,0.13214,0.1322,5
1942.95,0.13218,0.13212,0.13217,5
1943.05,0.13215,0.1321,0.13215,5
1943.15,0.13213,0.13207,0.13213,5
1943.25,0.1321,0.13205,0.1321,5
1943.35,0.13208,0.13203,0.13208,5
1943.45,0.13206,0.132,0.13205,5
1943.55,0.13203,0.13198,0.13203,5
1943.65,0.13201,0.13196,0.13201,5
1943.75,0.13198,0.13193,0.13198,5
1943.85,0.13196,0.13191,0.13196,5
1943.95,0.13194,0.13189,0.13194,5
1944.05,0.13192,0.13187,0.13191,5
1944.15,0.1319,0.13184,0.13189,5
1944.25,0.13188,0.13182,0.13187,5
1944.35,0.13185,0.1318,0.13184,5
1944.45,0.13183,0.13177,0.13182,5
1944.55,0.13181,0.13175,0.1318,5
1944.65,0.13178,0.13173,0.13177,5
1944.75,0.13176,0.1317,0.13175,5
1944.85,0.13173,0.13168,0.13173,5
1944.95,0.13171,0.13166,0.1317,5
1945.05,0.13169,0.13164,0.13168,5
1945.15,0.13166,0.13161,0.13166,5
1945.25,0.13164,0.13159,0.13163,5
1945.35,0.13162,0.13157,0.13161,5
1945.45,0.13159,0.13155,0.13159,5
1945.55,0.13157,0.13152,0.13156,5
1945.65,0.13155,0.1315,0.13154,5
1945.75,0.13152,0.13148,0.13152,5
1945.85,0.1315,0.13145,0.13149,5
1945.95,0.13148,0.13143,0.13147,5
1946.05,0.13145,0.13141,0.13146,5
1946.15,0.13143,0.13139,0.13144,5
1946.25,0.13141,0.13136,0.13141,5
1946.35,0.13138,0.13135,0.13139,5
1946.45,0.13136,0.13133,0.13137,5
1946.55,0.13134,0.13131,0.13134,5
1946.65,0.13131,0.13128,0.13132,5
1946.75,0.13129,0.13126,0.1313,5
1946.85,0.13127,0.13124,0.13127,5
1946.95,0.13124,0.13122,0.13125,5
1947.05,0.13122,0.13119,0.13123,5
1947.15,0.1312,0.13117,0.13121,5
1947.25,0.13117,0.13115,0.13118,5
1947.35,0.13115,0.13113,0.13116,5
1947.45,0.13113,0.13111,0.13114,5
1947.55,0.13111,0.13108,0.13112,5
1947.65,0.13108,0.13106,0.13109,5
1947.75,0.13106,0.13104,0.13107,5
1947.85,0.13104,0.13102,0.13105,5
1947.95,0.13101,0.13099,0.13102,5
1948.05,0.13099,0.13097,0.131,5
1948.15,0.13097,0.13095,0.13098,5
1948.25,0.13094,0.13093,0.13096,5
1948.35,0.13092,0.13091,0.13093,5
1948.45,0.1309,0.13088,0.13091,5
1948.55,0.13088,0.13086,0.13089,5
1948.65,0.13085,0.13084,0.13087,5
1948.75,0.13084,0.13082,0.13084,5
1948.85,0.13082,0.1308,0.13082,5
1948.95,0.13079,0.13077,0.1308,5
1949.05,0.13077,0.13075,0.13078,5
1949.15,0.13075,0.13073,0.13075,5
1949.25,0.13073,0.13071,0.13073,5
1949.35,0.1307,0.13069,0.13071,5
1949.45,0.13068,0.13066,0.13069,5
1949.55,0.13066,0.13064,0.13066,5
1949.65,0.13064,0.13062,0.13064,5
1949.75,0.13061,0.1306,0.13062,5
1949.85,0.13059,0.13058,0.1306,5
1949.95,0.13057,0.13056,0.13058,5
1950.05,0.13055,0.13053,0.13055,5
1950.15,0.13052,0.13051,0.13053,5
1950.25,0.1305,0.13049,0.13051,5
1950.35,0.13048,0.13047,0.13049,5
1950.45,0.13046,0.13045,0.13046,5
1950.55,0.13043,0.13043,0.13044,5
1950.65,0.13041,0.1304,0.13042,5
1950.75,0.13039,0.13038,0.1304,5
1950.85,0.13037,0.13036,0.13038,5
1950.95,0.13034,0.13034,0.13036,5
1951.05,0.13032,0.13032,0.13034,5
1951.15,0.1303,0.1303,0.13032,5
1951.25,0.13028,0.13027,0.1303,5
1951.35,0.13025,0.13026,0.13028,5
1951.45,0.13023,0.13024,0.13025,5
1951.55,0.13021,0.13022,0.13023,5
1951.65,0.13019,0.1302,0.13021,5
1951.75,0.13016,0.13018,0.13019,5
1951.85,0.13014,0.13016,0.13017,5
1951.95,0.13012,0.13013,0.13014,5
1952.05,0.1301,0.13011,0.13012,5
1952.15,0.13008,0.13009,0.1301,5
1952.25,0.13005,0.13007,0.13008,5
1952.35,0.13003,0.13005,0.13006,5
1952.45,0.13001,0.13003,0.13003,5
1952.55,0.12999,0.13001,0.13001,5
1952.65,0.12996,0.12998,0.12999,5
1952.75,0.12994,0.12996,0.12997,5
1952.85,0.12992,0.12994,0.12995,5
1952.95,0.1299,0.12992,0.12993,5
1953.05,0.12988,0.1299,0.1299,5
1953.15,0.12985,0.12988,0.12988,5
1953.25,0.12983,0.12986,0.12986,5
1953.35,0.12981,0.12984,0.12984,5
1953.45,0.12979,0.12981,0.12982,5
1953.55,0.12977,0.12979,0.1298,5
1953.65,0.12975,0.12977,0.12977,5
1953.75,0.12973,0.12975,0.12975,5
1953.85,0.12971,0.12973,0.12973,5
1953.95,0.12969,0.12971,0.12971,5
1954.05,0.12967,0.12969,0.12969,5
1954.15,0.12964,0.12967,0.12967,5
1954.25,0.12962,0.12964,0.12964,5
1954.35,0.1296,0.12962,0.12962,5
1954.45,0.12958,0.1296,0.1296,5
1954.55,0.12956,0.12958,0.12958,5
1954.65,0.12954,0.12956,0.12956,5
1954.75,0.12951,0.12954,0.12954,5
1954.85,0.12949,0.12952,0.12952,5
1954.95,0.12947,0.1295,0.12949,5
1955.05,0.12945,0.12948,0.12947,5
1955.15,0.12943,0.12946,0.12945,5
1955.25,0.1294,0.12944,0.12943,5
1955.35,0.12938,0.12941,0.12941,5
1955.45,0.12936,0.12939,0.12939,5
1955.55,0.12934,0.12937,0.12937,5
1955.65,0.12932,0.12935,0.12934,5
1955.75,0.1293,0.12933,0.12932,5
1955.85,0.12927,0.12931,0.1293,5
1955.95,0.12925,0.12929,0.12928,5
1956.05,0.12923,0.12927,0.12926,5
1956.15,0.12921,0.12925,0.12925,5
1956.25,0.12919,0.12923,0.12923,5
1956.35,0.12917,0.12921,0.12921,5
1956.45,0.12915,0.12919,0.12918,5
1956.55,0.12912,0.12917,0.12916,5
1956.65,0.1291,0.12915,0.12914,5
1956.75,0.12908,0.12913,0.12912,5
1956.85,0.12906,0.12911,0.1291,5
1956.95,0.12904,0.12909,0.12908,5
1957.05,0.12902,0.12907,0.12906,5
1957.15,0.129,0.12905,0.12904,5
1957.25,0.12897,0.12903,0.12902,5
1957.35,0.12895,0.12901,0.12899,5
1957.45,0.12893,0.12899,0.12897,5
1957.55,0.12891,0.12897,0.12895,5
1957.65,0.12889,0.12895,0.12893,5
1957.75,0.12887,0.12893,0.12891,5
1957.85,0.12885,0.12891,0.12889,5
1957.95,0.12882,0.12889,0.12887,5
1958.05,0.1288,0.12887,0.12885,5
1958.15,0.12878,0.12885,0.12883,5
1958.25,0.12876,0.12883,0.12881,5
1958.35,0.12874,0.1288,0.12878,5
1958.45,0.12872,0.12878,0.12876,5
1958.55,0.1287,0.12876,0.12874,5
1958.65,0.12868,0.12874,0.12872,5
1958.75,0.12866,0.12872,0.1287,5
1958.85,0.12864,0.1287,0.12868,5
1958.95,0.12862,0.12868,0.12866,5
1959.05,0.1286,0.12866,0.12864,5
1959.15,0.12858,0.12864,0.12862,5
1959.25,0.12856,0.12862,0.1286,5
1959.35,0.12854,0.1286,0.12858,5
1959.45,0.12852,0.12858,0.12856,5
1959.55,0.1285,0.12856,0.12854,5
1959.65,0.12848,0.12854,0.12851,5
1959.75,0.12845,0.12852,0.12849,5
1959.85,0.12843,0.1285,0.12847,5
1959.95,0.12841,0.12848,0.12845,5
1960.05,0.12839,0.12846,0.12843,5
1960.15,0.12837,0.12844,0.12841,5
1960.25,0.12835,0.12842,0.12839,5
1960.35,0.12833,0.1284,0.12837,5
1960.45,0.12831,0.12838,0.12835,5
1960.55,0.12829,0.12836,0.12833,5
1960.65,0.12827,0.12834,0.12831,5
1960.75,0.12825,0.12832,0.12829,5
1960.85,0.12822,0.1283,0.12827,5
1960.95,0.1282,0.12828,0.12825,5
1961.05,0.12818,0.12826,0.12823,5
1961.15,0.12816,0.12824,0.12821,5
1961.25,0.12814,0.12822,0.12818,5
1961.35,0.12812,0.1282,0.12816,5
1961.45,0.1281,0.12818,0.12815,5
1961.55,0.12808,0.12816,0.12813,5
1961.65,0.12806,0.12814,0.12811,5
1961.75,0.12804,0.12812,0.12809,5
1961.85,0.12802,0.12811,0.12807,5
1961.95,0.128,0.12809,0.12805,5
1962.05,0.12797,0.12807,0.12803,5
1962.15,0.12795,0.12805,0.12801,5
1962.25,0.12793,0.12803,0.12799,5
1962.35,0.12791,0.12801,0.12797,5
1962.45,0.12789,0.12799,0.12795,5
1962.55,0.12787,0.12797,0.12793,5
1962.65,0.12785,0.12795,0.12791,5
1962.75,0.12783,0.12793,0.12789,5
1962.85,0.12781,0.12791,0.12787,5
1962.95,0.12779,0.12789,0.12785,5
1963.05,0.12777,0.12787,0.12783,5
1963.15,0.12775,0.12785,0.12781,5
1963.25,0.12773,0.12783,0.12779,5
1963.35,0.12771,0.12781,0.12777,5
1963.45,0.12769,0.12779,0.12775,5
1963.55,0.12767,0.12777,0.12773,5
1963.65,0.12765,0.12775,0.12771,5
1963.75,0.12762,0.12773,0.12769,5
1963.85,0.1276,0.12771,0.12766,5
1963.95,0.12758,0.12769,0.12764,5
1964.05,0.12757,0.12767,0.12762,5
1964.15,0.12755,0.12765,0.1276,5
1964.25,0.12753,0.12763,0.12758,5
1964.35,0.12751,0.12761,0.12756,5
1964.45,0.12749,0.12759,0.12754,5
1964.55,0.12747,0.12757,0.12752,5
1964.65,0.12745,0.12755,0.1275,5
1964.75,0.12743,0.12753,0.12748,5
1964.85,0.12741,0.12751,0.12746,5
1964.95,0.12739,0.12749,0.12744,5
1965.05,0.12737,0.12747,0.12742,5
1965.15,0.12735,0.12745,0.1274,5
1965.25,0.12733,0.12743,0.12738,5
1965.35,0.12731,0.12741,0.12736,5
1965.45,0.12729,0.12739,0.12734,5
1965.55,0.12727,0.12737,0.12732,5
1965.65,0.12725,0.12735,0.1273,5
1965.75,0.12723,0.12733,0.12728,5
1965.85,0.12721,0.12731,0.12726,5
1965.95,0.12719,0.12729,0.12724,5
1966.05,0.12717,0.12727,0.12722,5
1966.15,0.12714,0.12725,0.1272,5
1966.25,0.12712,0.12723,0.12718,5
1966.35,0.1271,0.12721,0.12716,5
1966.45,0.12708,0.1272,0.12714,5
1966.55,0.12706,0.12718,0.12712,5
1966.65,0.12704,0.12716,0.1271,5
1966.75,0.12702,0.12714,0.12708,5
1966.85,0.127,0.12712,0.12706,5
1966.95,0.12698,0.1271,0.12705,5
1967.05,0.12696,0.12708,0.12703,5
1967.15,0.12694,0.12706,0.12701,5
1967.25,0.12692,0.12704,0.12699,5
1967.35,0.1269,0.12703,0.12697,5
1967.45,0.12688,0.12701,0.12695,5
1967.55,0.12686,0.12699,0.12693,5
1967.65,0.12684,0.12697,0.12691,5
1967.75,0.12682,0.12695,0.12689,5
1967.85,0.1268,0.12693,0.12687,5
1967.95,0.12678,0.12691,0.12685,5
1968.05,0.12676,0.12689,0.12683,5
1968.15,0.12674,0.12687,0.12681,5
1968.25,0.12672,0.12685,0.12679,5
1968.35,0.1267,0.12683,0.12677,5
1968.45,0.12668,0.12681,0.12675,5
1968.55,0.12666,0.12679,0.12673,5
1968.65,0.12664,0.12677,0.12671,5
1968.75,0.12662,0.12675,0.12669,5
1968.85,0.1266,0.12673,0.12667,5
1968.95,0.12658,0.12671,0.12665,5
1969.05,0.12656,0.12669,0.12663,5
1969.15,0.12654,0.12667,0.12661,5
1969.25,0.12652,0.12665,0.12659,5
1969.35,0.1265,0.12663,0.12657,5
1969.45,0.12649,0.12661,0.12655,5
1969.55,0.12647,0.12659,0.12653,5
1969.65,0.12645,0.12657,0.12651,5
1969.75,0.12643,0.12656,0.12649,5
1969.85,0.12641,0.12654,0.12647,5
1969.95,0.12639,0.12652,0.12645,5
1970.05,0.12637,0.1265,0.12643,5
1970.15,0.12635,0.12648,0.12641,5
1970.25,0.12633,0.12646,0.12639,5
1970.35,0.12631,0.12644,0.12637,5
1970.45,0.12629,0.12642,0.12635,5
1970.55,0.12627,0.1264,0.12633,5
1970.65,0.12625,0.12638,0.12631,5
1970.75,0.12623,0.12636,0.12629,5
1970.85,0.12621,0.12634,0.12627,5
1970.95,0.12619,0.12632,0.12625,5
1971.05,0.12617,0.1263,0.12623,5
1971.15,0.12615,0.12628,0.12621,5
1971.25,0.12613,0.12626,0.12619,5
1971.35,0.12611,0.12624,0.12617,5
1971.45,0.12609,0.12622,0.12615,5
1971.55,0.12607,0.1262,0.12613,5
1971.65,0.12605,0.12618,0.12611,5
1971.75,0.12603,0.12616,0.12609,5
1971.85,0.12601,0.12615,0.12607,5
1971.95,0.12599,0.12613,0.12605,5
1972.05,0.12597,0.12611,0.12603,5
1972.15,0.12595,0.12609,0.12601,5
1972.25,0.12593,0.12607,0.12599,5
1972.35,0.12591,0.12605,0.12597,5
1972.45,0.12589,0.12603,0.12596,5
1972.55,0.12587,0.12601,0.12594,5
1972.65,0.12585,0.12599,0.12592,5
1972.75,0.12583,0.12597,0.1259,5
1972.85,0.12581,0.12595,0.12588,5
1972.95,0.12579,0.12594,0.12586,5
1973.05,0.12577,0.12592,0.12584,5
1973.15,0.12575,0.1259,0.12582,5
1973.25,0.12573,0.12588,0.1258,5
1973.35,0.12571,0.12586,0.12578,5
1973.45,0.12569,0.12585,0.12576,5
1973.55,0.12567,0.12583,0.12574,5
1973.65,0.12565,0.12581,0.12572,5
1973.75,0.12563,0.12579,0.12571,5
1973.85,0.12561,0.12577,0.12569,5
1973.95,0.12559,0.12575,0.12567,5
1974.05,0.12557,0.12573,0.12565,5
1974.15,0.12556,0.12571,0.12563,5
1974.25,0.12554,0.12569,0.12561,5
1974.35,0.12552,0.12567,0.12559,5
1974.45,0.1255,0.12565,0.12557,5
1974.55,0.12548,0.12563,0.12555,5
1974.65,0.12546,0.12561,0.12553,5
1974.75,0.12544,0.12559,0.12551,5
1974.85,0.12542,0.12557,0.12549,5
1974.95,0.12541,0.12556,0.12547,5
1975.05,0.12539,0.12554,0.12545,5
1975.15,0.12537,0.12552,0.12543,5
1975.25,0.12535,0.1255,0.12541,5
1975.35,0.12533,0.12548,0.12539,5
1975.45,0.12531,0.12546,0.12537,5
1975.55,0.12529,0.12544,0.12535,5
1975.65,0.12527,0.12542,0.12533,5
1975.75,0.12525,0.1254,0.12531,5
1975.85,0.12523,0.12538,0.12529,5
1975.95,0.12521,0.12536,0.12527,5
1976.05,0.12519,0.12534,0.12525,5
1976.15,0.12517,0.12532,0.12523,5
1976.25,0.12515,0.12531,0.12522,5
1976.35,0.12514,0.12529,0.1252,5
1976.45,0.12512,0.12527,0.12518,5
1976.55,0.1251,0.12525,0.12516,5
1976.65,0.12508,0.12523,0.12514,5
1976.75,0.12506,0.12521,0.12512,5
1976.85,0.12504,0.12519,0.1251,5
1976.95,0.12502,0.12517,0.12508,5
1977.05,0.125,0.12515,0.12506,5
1977.15,0.12498,0.12513,0.12504,5
1977.25,0.12496,0.12511,0.12502,5
1977.35,0.12494,0.12509,0.125,5
1977.45,0.12492,0.12508,0.12498,5
1977.55,0.1249,0.12506,0.12496,5
1977.65,0.12488,0.12504,0.12494,5
1977.75,0.12486,0.12502,0.12492,5
1977.85,0.12484,0.125,0.1249,5
1977.95,0.12483,0.12498,0.12488,5
1978.05,0.12481,0.12496,0.12486,5
1978.15,0.12479,0.12494,0.12486,5
1978.25,0.12477,0.12492,0.12484,5
1978.35,0.12475,0.1249,0.12482,5
1978.45,0.12473,0.12488,0.1248,5
1978.55,0.12471,0.12487,0.12478,5
1978.65,0.12469,0.12486,0.12476,5
1978.75,0.12467,0.12484,0.12474,5
1978.85,0.12465,0.12482,0.12472,5
1978.95,0.12463,0.1248,0.1247,5
1979.05,0.12461,0.12478,0.12468,5
1979.15,0.12459,0.12476,0.12466,5
1979.25,0.12457,0.12474,0.12464,5
1979.35,0.12455,0.12472,0.12462,5
1979.45,0.12453,0.1247,0.1246,5
1979.55,0.12452,0.12468,0.12458,5
1979.65,0.1245,0.12466,0.12456,5
1979.75,0.12448,0.12464,0.12454,5
1979.85,0.12446,0.12463,0.12452,5
1979.95,0.12444,0.12461,0.1245,5
1980.05,0.12442,0.12459,0.12448,5
1980.15,0.1244,0.12457,0.12446,5
1980.25,0.12438,0.12455,0.12444,5
1980.35,0.12436,0.12453,0.12443,5
1980.45,0.12434,0.12451,0.12441,5
1980.55,0.12432,0.12449,0.12439,5
1980.65,0.12431,0.12447,0.12437,5
1980.75,0.12429,0.12445,0.12435,5
1980.85,0.12427,0.12443,0.12433,5
1980.95,0.12426,0.12441,0.12431,5
1981.05,0.12424,0.1244,0.12429,5
1981.15,0.12422,0.12438,0.12427,5
1981.25,0.1242,0.12436,0.12425,5
1981.35,0.12418,0.12434,0.12423,5
1981.45,0.12416,0.12432,0.12421,5
1981.55,0.12414,0.1243,0.12419,5
1981.65,0.12412,0.12428,0.12417,5
1981.75,0.1241,0.12426,0.12415,5
1981.85,0.12408,0.12424,0.12413,5
1981.95,0.12406,0.12422,0.12411,5
1982.05,0.12404,0.1242,0.12409,5
1982.15,0.12402,0.12418,0.12407,5
1982.25,0.12401,0.12417,0.12405,5
1982.35,0.12399,0.12415,0.12404,5
1982.45,0.12397,0.12413,0.12402,5
1982.55,0.12395,0.12411,0.124,5
1982.65,0.12393,0.12409,0.12398,5
1982.75,0.12391,0.12407,0.12396,5
1982.85,0.12389,0.12405,0.12394,5
1982.95,0.12387,0.12403,0.12392,5
1983.05,0.12385,0.12401,0.1239,5
1983.15,0.12383,0.12399,0.12388,5
1983.25,0.12381,0.12397,0.12386,5
1983.35,0.1238,0.12396,0.12384,5
1983.45,0.12378,0.12394,0.12382,5
1983.55,0.12376,0.12392,0.1238,5
1983.65,0.12374,0.1239,0.12378,5
1983.75,0.12372,0.12388,0.12376,5
1983.85,0.1237,0.12386,0.12375,5
1983.95,0.12368,0.12384,0.12373,5
1984.05,0.12366,0.12382,0.12371,5
1984.15,0.12364,0.1238,0.1237,5
1984.25,0.12362,0.12378,0.12368,5
1984.35,0.1236,0.12377,0.12366,5
1984.45,0.12359,0.12376,0.12364,5
1984.55,0.12357,0.12374,0.12362,5
1984.65,0.12355,0.12372,0.1236,5
1984.75,0.12353,0.1237,0.12358,5
1984.85,0.12351,0.12368,0.12356,5
1984.95,0.12349,0.12366,0.12354,5
1985.05,0.12347,0.12364,0.12352,5
1985.15,0.12345,0.12362,0.1235,5
1985.25,0.12343,0.1236,0.12348,5
1985.35,0.12341,0.12358,0.12346,5
1985.45,0.12339,0.12357,0.12344,5
1985.55,0.12338,0.12355,0.12342,5
1985.65,0.12336,0.12353,0.1234,5
1985.75,0.12334,0.12351,0.12339,5
1985.85,0.12332,0.12349,0.12337,5
1985.95,0.1233,0.12347,0.12335,5
1986.05,0.12328,0.12345,0.12333,5
1986.15,0.12326,0.12343,0.12331,5
1986.25,0.12324,0.12341,0.12329,5
1986.35,0.12323,0.12339,0.12327,5
1986.45,0.12321,0.12338,0.12325,5
1986.55,0.1232,0.12336,0.12323,5
1986.65,0.12318,0.12334,0.12321,5
1986.75,0.12316,0.12332,0.12319,5
1986.85,0.12314,0.1233,0.12317,5
1986.95,0.12312,0.12328,0.12315,5
1987.05,0.1231,0.12326,0.12313,5
1987.15,0.12308,0.12324,0.12311,5
1987.25,0.12306,0.12322,0.1231,5
1987.35,0.12304,0.1232,0.12308,5
1987.45,0.12303,0.12319,0.12306,5
1987.55,0.12301,0.12317,0.12304,5
1987.65,0.12299,0.12315,0.12302,5
1987.75,0.12297,0.12313,0.123,5
1987.85,0.12295,0.12311,0.12298,5
1987.95,0.12293,0.12309,0.12296,5
1988.05,0.12291,0.12307,0.12294,5
1988.15,0.12289,0.12305,0.12292,5
1988.25,0.12287,0.12303,0.1229,5
1988.35,0.12285,0.12301,0.12288,5
1988.45,0.12284,0.123,0.12286,5
1988.55,0.12282,0.12298,0.12284,5
1988.65,0.1228,0.12296,0.12283,5
1988.75,0.12278,0.12294,0.12281,5
1988.85,0.12276,0.12292,0.12279,5
1988.95,0.12274,0.1229,0.12277,5
1989.05,0.12272,0.12288,0.12275,5
1989.15,0.1227,0.12286,0.12273,5
1989.25,0.12268,0.12284,0.12271,5
1989.35,0.12267,0.12283,0.12269,5
1989.45,0.12265,0.12281,0.12267,5
1989.55,0.12263,0.12279,0.12266,5
1989.65,0.12261,0.12277,0.12264,5
1989.75,0.12259,0.12275,0.12262,5
1989.85,0.12257,0.12273,0.1226,5
1989.95,0.12255,0.12271,0.12258,5
1990.05,0.12253,0.1227,0.12257,5
1990.15,0.12252,0.12268,0.12255,5
1990.25,0.1225,0.12266,0.12253,5
1990.35,0.12248,0.12265,0.12251,5
1990.45,0.12246,0.12263,0.12249,5
1990.55,0.12244,0.12261,0.12247,5
1990.65,0.12242,0.12259,0.12245,5
1990.75,0.1224,0.12257,0.12243,5
1990.85,0.12238,0.12255,0.12241,5
1990.95,0.12236,0.12253,0.12239,5
1991.05,0.12235,0.12251,0.12237,5
1991.15,0.12233,0.12249,0.12235,5
1991.25,0.12231,0.12248,0.12233,5
1991.35,0.12229,0.12246,0.12232,5
1991.45,0.12227,0.12244,0.1223,5
1991.55,0.12225,0.12242,0.12228,5
1991.65,0.12223,0.1224,0.12226,5
1991.75,0.12221,0.12238,0.12224,5
1991.85,0.12219,0.12236,0.12222,5
1991.95,0.12218,0.12234,0.1222,5
1992.05,0.12216,0.12232,0.12218,5
1992.15,0.12215,0.12231,0.12216,5
1992.25,0.12213,0.12229,0.12214,5
1992.35,0.12211,0.12227,0.12212,5
1992.45,0.12209,0.12225,0.1221,5
1992.55,0.12207,0.12223,0.12208,5
1992.65,0.12205,0.12221,0.12206,5
1992.75,0.12203,0.12219,0.12205,5
1992.85,0.12202,0.12217,0.12203,5
1992.95,0.122,0.12215,0.12201,5
1993.05,0.12198,0.12213,0.12199,5
1993.15,0.12196,0.12212,0.12197,5
1993.25,0.12194,0.1221,0.12195,5
1993.35,0.12192,0.12208,0.12193,5
1993.45,0.1219,0.12206,0.12191,5
1993.55,0.12188,0.12204,0.12189,5
1993.65,0.12186,0.12202,0.12187,5
1993.75,0.12185,0.122,0.12185,5
1993.85,0.12183,0.12198,0.12183,5
1993.95,0.12181,0.12196,0.12181,5
1994.05,0.12179,0.12194,0.12179,5
1994.15,0.12177,0.12193,0.12177,5
1994.25,0.12175,0.12191,0.12176,5
1994.35,0.12173,0.12189,0.12174,5
1994.45,0.12171,0.12187,0.12172,5
1994.55,0.12169,0.12185,0.1217,5
1994.65,0.12168,0.12183,0.12168,5
1994.75,0.12166,0.12181,0.12166,5
1994.85,0.12164,0.12179,0.12164,5
1994.95,0.12162,0.12177,0.12162,5
1995.05,0.1216,0.12175,0.1216,5
1995.15,0.12158,0.12174,0.12158,5
1995.25,0.12156,0.12172,0.12156,5
1995.35,0.12154,0.1217,0.12155,5
1995.45,0.12152,0.12168,0.12153,5
1995.55,0.12151,0.12166,0.12151,5
1995.65,0.12149,0.12164,0.1215,5
1995.75,0.12147,0.12162,0.12148,5
1995.85,0.12145,0.12161,0.12146,5
1995.95,0.12143,0.12159,0.12144,5
1996.05,0.12141,0.12157,0.12142,5
1996.15,0.12139,0.12156,0.1214,5
1996.25,0.12137,0.12154,0.12138,5
1996.35,0.12135,0.12152,0.12136,5
1996.45,0.12134,0.1215,0.12134,5
1996.55,0.12132,0.12148,0.12132,5
1996.65,0.1213,0.12146,0.1213,5
1996.75,0.12128,0.12144,0.12128,5
1996.85,0.12126,0.12142,0.12126,5
1996.95,0.12124,0.1214,0.12124,5
1997.05,0.12122,0.12139,0.12123,5
1997.15,0.1212,0.12137,0.12121,5
1997.25,0.12118,0.12135,0.12119,5
1997.35,0.12117,0.12133,0.12117,5
1997.45,0.12115,0.12131,0.12115,5
1997.55,0.12113,0.12129,0.12113,5
1997.65,0.12111,0.12127,0.12111,5
1997.75,0.12109,0.12125,0.12109,5
1997.85,0.12107,0.12123,0.12107,5
1997.95,0.12106,0.12121,0.12105,5
1998.05,0.12104,0.1212,0.12103,5
1998.15,0.12102,0.12118,0.12101,5
1998.25,0.12101,0.12116,0.12099,5
1998.35,0.12099,0.12114,0.12097,5
1998.45,0.12097,0.12112,0.12096,5
1998.55,0.12095,0.1211,0.12094,5
1998.65,0.12093,0.12108,0.12092,5
1998.75,0.12091,0.12106,0.1209,5
1998.85,0.12089,0.12104,0.12088,5
1998.95,0.12087,0.12102,0.12086,5
1999.05,0.12086,0.12101,0.12084,5
1999.15,0.12084,0.12099,0.12082,5
1999.25,0.12082,0.12097,0.1208,5
1999.35,0.1208,0.12095,0.12078,5
1999.45,0.12078,0.12093,0.12076,5
1999.55,0.12076,0.12091,0.12074,5
1999.65,0.12074,0.12089,0.12072,5
1999.75,0.12072,0.12087,0.1207,5
1999.85,0.1207,0.12085,0.12069,5
1999.95,0.12069,0.12083,0.12067,5
2000.05,0.12067,0.12081,0.12065,5
2000.15,0.12065,0.1208,0.12063,5
2000.25,0.12063,0.12078,0.12061,5
2000.35,0.12061,0.12076,0.12059,5
2000.45,0.12059,0.12074,0.12057,5
2000.55,0.12057,0.12072,0.12055,5
2000.65,0.12055,0.1207,0.12053,5
2000.75,0.12053,0.12068,0.12051,5
2000.85,0.12051,0.12066,0.12049,5
2000.95,0.1205,0.12064,0.12047,5
2001.05,0.12048,0.12062,0.12046,5
2001.15,0.12046,0.12061,0.12044,5
2001.25,0.12044,0.12059,0.12043,5
2001.35,0.12042,0.12057,0.12041,5
2001.45,0.1204,0.12055,0.12039,5
2001.55,0.12038,0.12054,0.12037,5
2001.65,0.12036,0.12052,0.12035,5
2001.75,0.12034,0.1205,0.12033,5
2001.85,0.12033,0.12048,0.12031,5
2001.95,0.12031,0.12046,0.12029,5
2002.05,0.12029,0.12044,0.12027,5
2002.15,0.12027,0.12043,0.12025,5
2002.25,0.12025,0.12041,0.12023,5
2002.35,0.12023,0.12039,0.12021,5
2002.45,0.12021,0.12037,0.12019,5
2002.55,0.12019,0.12035,0.12017,5
2002.65,0.12017,0.12033,0.12016,5
2002.75,0.12016,0.12031,0.12014,5
2002.85,0.12014,0.12029,0.12012,5
2002.95,0.12012,0.12027,0.1201,5
2003.05,0.1201,0.12025,0.12008,5
2003.15,0.12008,0.12023,0.12006,5
2003.25,0.12006,0.12022,0.12004,5
2003.35,0.12004,0.1202,0.12002,5
2003.45,0.12002,0.12018,0.12,5
2003.55,0.12,0.12016,0.11998,5
2003.65,0.11998,0.12014,0.11996,5
2003.75,0.11998,0.12012,0.11994,5
2003.85,0.11996,0.1201,0.11992,5
2003.95,0.11994,0.12008,0.1199,5
2004.05,0.11992,0.12006,0.11988,5
2004.15,0.1199,0.12004,0.11987,5
2004.25,0.11988,0.12002,0.11985,5
2004.35,0.11986,0.12001,0.11983,5
2004.45,0.11984,0.11999,0.11981,5
2004.55,0.11982,0.11997,0.11979,5
2004.65,0.11981,0.11995,0.11977,5
2004.75,0.11979,0.11993,0.11975,5
2004.85,0.11977,0.11991,0.11973,5
2004.95,0.11975,0.11989,0.11971,5
2005.05,0.11973,0.11987,0.11969,5
2005.15,0.11971,0.11985,0.11967,5
2005.25,0.11969,0.11983,0.11965,5
2005.35,0.11967,0.11981,0.11963,5
2005.45,0.11965,0.11979,0.11961,5
2005.55,0.11963,0.11977,0.11959,5
2005.65,0.11961,0.11976,0.11957,5
2005.75,0.11959,0.11974,0.11956,5
2005.85,0.11958,0.11972,0.11954,5
2005.95,0.11956,0.1197,0.11952,5
2006.05,0.11954,0.11968,0.1195,5
2006.15,0.11952,0.11966,0.11948,5
2006.25,0.1195,0.11964,0.11946,5
2006.35,0.11948,0.11962,0.11944,5
2006.45,0.11946,0.1196,0.11942,5
2006.55,0.11944,0.11958,0.1194,5
2006.65,0.11942,0.11956,0.11938,5
2006.75,0.1194,0.11954,0.11936,5
2006.85,0.11938,0.11952,0.11935,5
2006.95,0.11936,0.1195,0.11933,5
2007.05,0.11934,0.11948,0.11931,5
2007.15,0.11932,0.11946,0.11929,5
2007.25,0.11931,0.11945,0.11927,5
2007.35,0.11929,0.11944,0.11925,5
2007.45,0.11927,0.11942,0.11923,5
2007.55,0.11925,0.1194,0.11921,5
2007.65,0.11923,0.11938,0.11919,5
2007.75,0.11921,0.11936,0.11917,5
2007.85,0.11919,0.11934,0.11916,5
2007.95,0.11917,0.11932,0.11914,5
2008.05,0.11915,0.1193,0.11912,5
2008.15,0.11913,0.11928,0.1191,5
2008.25,0.11911,0.11926,0.11908,5
2008.35,0.11909,0.11924,0.11906,5
2008.45,0.11907,0.11922,0.11904,5
2008.55,0.11905,0.1192,0.11902,5
2008.65,0.11903,0.11918,0.119,5
2008.75,0.11902,0.11916,0.11898,5
2008.85,0.119,0.11914,0.11896,5
2008.95,0.11898,0.11912,0.11894,5
2009.05,0.11896,0.1191,0.11892,5
2009.15,0.11894,0.11908,0.1189,5
2009.25,0.11892,0.11907,0.11888,5
2009.35,0.1189,0.11905,0.11886,5
2009.45,0.11889,0.11903,0.11884,5
2009.55,0.11887,0.11901,0.11882,5
2009.65,0.11885,0.11899,0.1188,5
2009.75,0.11883,0.11897,0.11878,5
2009.85,0.11881,0.11895,0.11876,5
2009.95,0.11879,0.11893,0.11874,5
2010.05,0.11877,0.11891,0.11872,5
2010.15,0.11875,0.11889,0.11871,5
2010.25,0.11873,0.11887,0.11869,5
2010.35,0.11871,0.11885,0.11867,5
2010.45,0.1187,0.11883,0.11865,5
2010.55,0.11868,0.11881,0.11863,5
2010.65,0.11866,0.11879,0.11861,5
2010.75,0.11864,0.11877,0.11859,5
2010.85,0.11862,0.11875,0.11857,5
2010.95,0.1186,0.11873,0.11855,5
2011.05,0.11858,0.11871,0.11853,5
2011.15,0.11856,0.11869,0.11851,5
2011.25,0.11854,0.11867,0.11849,5
2011.35,0.11852,0.11865,0.11847,5
2011.45,0.1185,0.11864,0.11845,5
2011.55,0.11848,0.11862,0.11843,5
2011.65,0.11846,0.1186,0.11841,5
2011.75,0.11844,0.11858,0.11839,5
2011.85,0.11842,0.11856,0.11837,5
2011.95,0.1184,0.11854,0.11835,5
2012.05,0.11838,0.11852,0.11833,5
2012.15,0.11836,0.1185,0.11831,5
2012.25,0.11835,0.11848,0.11829,5
2012.35,0.11833,0.11846,0.11827,5
2012.45,0.11831,0.11844,0.11826,5
2012.55,0.11829,0.11842,0.11824,5
2012.65,0.11827,0.1184,0.11823,5
2012.75,0.11825,0.11838,0.11821,5
2012.85,0.11823,0.11837,0.11819,5
2012.95,0.11821,0.11835,0.11817,5
2013.05,0.11819,0.11833,0.11815,5
2013.15,0.11817,0.11831,0.11813,5
2013.25,0.11815,0.11829,0.11811,5
2013.35,0.11813,0.11827,0.11809,5
2013.45,0.11811,0.11825,0.11807,5
2013.55,0.11809,0.11823,0.11805,5
2013.65,0.11807,0.11821,0.11803,5
2013.75,0.11805,0.11819,0.11801,5
2013.85,0.11803,0.11817,0.11799,5
2013.95,0.11801,0.11815,0.11797,5
2014.05,0.11799,0.11813,0.11795,5
2014.15,0.11797,0.11811,0.11793,5
2014.25,0.11795,0.1181,0.11791,5
2014.35,0.11794,0.11808,0.11789,5
2014.45,0.11792,0.11806,0.11787,5
2014.55,0.1179,0.11804,0.11785,5
2014.65,0.11788,0.11802,0.11783,5
2014.75,0.11786,0.118,0.11781,5
2014.85,0.11784,0.11798,0.11779,5
2014.95,0.11782,0.11796,0.11777,5
2015.05,0.11781,0.11794,0.11775,5
2015.15,0.11779,0.11792,0.11773,5
2015.25,0.11777,0.1179,0.11771,5
2015.35,0.11775,0.11788,0.11769,5
2015.45,0.11773,0.11786,0.11767,5
2015.55,0.11771,0.11784,0.11765,5
2015.65,0.11769,0.11782,0.11763,5
2015.75,0.11767,0.1178,0.11762,5
2015.85,0.11765,0.11778,0.1176,5
2015.95,0.11763,0.11776,0.11758,5
2016.05,0.11761,0.11774,0.11756,5
2016.15,0.11759,0.11772,0.11754,5
2016.25,0.11757,0.1177,0.11752,5
2016.35,0.11755,0.11768,0.1175,5
2016.45,0.11753,0.11766,0.11748,5
2016.55,0.11751,0.11764,0.11746,5
2016.65,0.11749,0.11762,0.11744,5
2016.75,0.11747,0.1176,0.11742,5
2016.85,0.11746,0.11758,0.1174,5
2016.95,0.11744,0.11756,0.11738,5
2017.05,0.11742,0.11754,0.11736,5
2017.15,0.1174,0.11752,0.11734,5
2017.25,0.11738,0.1175,0.11732,5
2017.35,0.11736,0.11748,0.1173,5
2017.45,0.11734,0.11746,0.11728,5
2017.55,0.11732,0.11744,0.11726,5
2017.65,0.1173,0.11742,0.11724,5
2017.75,0.11728,0.1174,0.11722,5
2017.85,0.11726,0.11738,0.1172,5
2017.95,0.11724,0.11736,0.11718,5
2018.05,0.11722,0.11734,0.11716,5
2018.15,0.1172,0.11732,0.11715,5
2018.25,0.11718,0.1173,0.11713,5
2018.35,0.11716,0.11729,0.11711,5
2018.45,0.11714,0.11727,0.11709,5
2018.55,0.11712,0.11725,0.11707,5
2018.65,0.1171,0.11723,0.11705,5
2018.75,0.11708,0.11721,0.11703,5
2018.85,0.11706,0.11719,0.11701,5
2018.95,0.11704,0.11717,0.11699,5
2019.05,0.11702,0.11715,0.11697,5
2019.15,0.117,0.11713,0.11695,5
2019.25,0.11698,0.11711,0.11693,5
2019.35,0.11696,0.11709,0.11691,5
2019.45,0.11694,0.11707,0.11689,5
2019.55,0.11692,0.11705,0.11687,5
2019.65,0.1169,0.11703,0.11685,5
2019.75,0.11688,0.11701,0.11683,5
2019.85,0.11686,0.11699,0.11681,5
2019.95,0.11684,0.11697,0.11679,5
2020.05,0.11682,0.11695,0.11677,5
2020.15,0.1168,0.11693,0.11675,5
2020.25,0.11678,0.11691,0.11673,5
2020.35,0.11676,0.11689,0.11671,5
2020.45,0.11674,0.11687,0.11669,5
2020.55,0.11672,0.11685,0.11667,5
2020.65,0.11671,0.11683,0.11665,5
2020.75,0.11669,0.11681,0.11663,5
2020.85,0.11667,0.11679,0.11661,5
2020.95,0.11665,0.11677,0.11659,5
2021.05,0.11663,0.11675,0.11657,5
2021.15,0.11661,0.11673,0.11655,5
2021.25,0.11659,0.11671,0.11653,5
2021.35,0.11657,0.11669,0.11651,5
2021.45,0.11655,0.11667,0.11649,5
2021.55,0.11653,0.11665,0.11647,5
2021.65,0.11651,0.11663,0.11645,5
2021.75,0.11649,0.11661,0.11643,5
2021.85,0.11647,0.11659,0.11641,5
2021.95,0.11645,0.11657,0.11639,5
2022.05,0.11643,0.11655,0.11637,5
2022.15,0.11641,0.11653,0.11635,5
2022.25,0.11639,0.11651,0.11633,5
2022.35,0.11637,0.11649,0.11631,5
2022.45,0.11635,0.11647,0.11629,5
2022.55,0.11633,0.11645,0.11627,5
2022.65,0.11631,0.11643,0.11625,5
2022.75,0.11629,0.11641,0.11623,5
2022.85,0.11627,0.11639,0.11621,5
2022.95,0.11625,0.11637,0.11619,5
2023.05,0.11623,0.11635,0.11617,5
2023.15,0.11621,0.11633,0.11615,5
2023.25,0.11619,0.11631,0.11613,5
2023.35,0.11617,0.11629,0.11611,5
2023.45,0.11615,0.11626,0.11609,5
2023.55,0.11613,0.11624,0.11607,5
2023.65,0.11611,0.11622,0.11606,5
2023.75,0.11609,0.11621,0.11604,5
2023.85,0.11607,0.11619,0.11602,5
2023.95,0.11605,0.11617,0.116,5
2024.05,0.11603,0.11615,0.11598,5
2024.15,0.11601,0.11613,0.11596,5
2024.25,0.11599,0.11611,0.11594,5
2024.35,0.11597,0.11609,0.11592,5
2024.45,0.11595,0.11607,0.1159,5
2024.55,0.11593,0.11605,0.11588,5
2024.65,0.11591,0.11603,0.11586,5
2024.75,0.11589,0.11601,0.11584,5
2024.85,0.11587,0.11599,0.11582,5
2024.95,0.11585,0.11597,0.1158,5
2025.05,0.11583,0.11595,0.11578,5
2025.15,0.11581,0.11593,0.11576,5
2025.25,0.11579,0.11591,0.11574,5
2025.35,0.11577,0.11589,0.11572,5
2025.45,0.11575,0.11587,0.1157,5
2025.55,0.11573,0.11585,0.11568,5
2025.65,0.11571,0.11583,0.11566,5
2025.75,0.11569,0.11581,0.11564,5
2025.85,0.11567,0.11579,0.11562,5
2025.95,0.11565,0.11577,0.1156,5
2026.05,0.11564,0.11575,0.11558,5
2026.15,0.11562,0.11573,0.11556,5
2026.25,0.1156,0.11571,0.11554,5
2026.35,0.11558,0.11569,0.11552,5
2026.45,0.11556,0.11567,0.1155,5
2026.55,0.11554,0.11565,0.11548,5
2026.65,0.11552,0.11562,0.11546,5
2026.75,0.1155,0.1156,0.11544,5
2026.85,0.11548,0.11558,0.11542,5
2026.95,0.11546,0.11556,0.1154,5
2027.05,0.11544,0.11554,0.11538,5
2027.15,0.11542,0.11552,0.11536,5
2027.25,0.1154,0.1155,0.11534,5
2027.35,0.11538,0.11548,0.11532,5
2027.45,0.11536,0.11546,0.1153,5
2027.55,0.11534,0.11544,0.11527,5
2027.65,0.11532,0.11542,0.11525,5
2027.75,0.1153,0.1154,0.11523,5
2027.85,0.11528,0.11538,0.11521,5
2027.95,0.11526,0.11536,0.11519,5
2028.05,0.11524,0.11534,0.11517,5
2028.15,0.11522,0.11532,0.11515,5
2028.25,0.1152,0.1153,0.11513,5
2028.35,0.11518,0.11528,0.11511,5
2028.45,0.11516,0.11526,0.11509,5
2028.55,0.11514,0.11524,0.11507,5
2028.65,0.11512,0.11522,0.11505,5
2028.75,0.1151,0.1152,0.11503,5
2028.85,0.11508,0.11518,0.11501,5
2028.95,0.11506,0.11516,0.11499,5
2029.05,0.11504,0.11514,0.11497,5
2029.15,0.11501,0.11513,0.11496,5
2029.25,0.11499,0.1151,0.11494,5
2029.35,0.11497,0.11508,0.11492,5
2029.45,0.11495,0.11506,0.1149,5
2029.55,0.11493,0.11504,0.11488,5
2029.65,0.11491,0.11502,0.11486,5
2029.75,0.11489,0.115,0.11484,5
2029.85,0.11487,0.11498,0.11482,5
2029.95,0.11485,0.11496,0.1148,5
2030.05,0.11483,0.11494,0.11478,5
2030.15,0.11481,0.11492,0.11476,5
2030.25,0.11479,0.1149,0.11474,5
2030.35,0.11477,0.11488,0.11472,5
2030.45,0.11475,0.11486,0.1147,5
2030.55,0.11473,0.11484,0.11468,5
2030.65,0.11471,0.11482,0.11466,5
2030.75,0.11469,0.1148,0.11464,5
2030.85,0.11467,0.11478,0.11462,5
2030.95,0.11465,0.11476,0.1146,5
2031.05,0.11463,0.11474,0.11458,5
2031.15,0.11461,0.11472,0.11456,5
2031.25,0.11459,0.1147,0.11454,5
2031.35,0.11457,0.11468,0.11452,5
2031.45,0.11455,0.11466,0.1145,5
2031.55,0.11454,0.11463,0.11448,5
2031.65,0.11452,0.11461,0.11446,5
2031.75,0.1145,0.11459,0.11444,5
2031.85,0.11448,0.11457,0.11442,5
2031.95,0.11446,0.11455,0.11439,5
2032.05,0.11444,0.11453,0.11437,5
2032.15,0.11442,0.11451,0.11435,5
2032.25,0.1144,0.11449,0.11433,5
2032.35,0.11438,0.11447,0.11431,5
2032.45,0.11436,0.11445,0.11429,5
2032.55,0.11434,0.11443,0.11427,5
2032.65,0.11432,0.11441,0.11425,5
2032.75,0.1143,0.11439,0.11423,5
2032.85,0.11428,0.11437,0.11421,5
2032.95,0.11426,0.11435,0.11419,5
2033.05,0.11424,0.11433,0.11417,5
2033.15,0.11422,0.11431,0.11415,5
2033.25,0.1142,0.11429,0.11413,5
2033.35,0.11418,0.11426,0.11411,5
2033.45,0.11416,0.11424,0.11409,5
2033.55,0.11414,0.11422,0.11407,5
2033.65,0.11412,0.1142,0.11405,5
2033.75,0.11409,0.11418,0.11403,5
2033.85,0.11407,0.11416,0.11401,5
2033.95,0.11405,0.11414,0.11399,5
2034.05,0.11403,0.11412,0.11397,5
2034.15,0.11401,0.1141,0.11395,5
2034.25,0.11399,0.11408,0.11392,5
2034.35,0.11397,0.11406,0.1139,5
2034.45,0.11395,0.11405,0.11388,5
2034.55,0.11393,0.11403,0.11386,5
2034.65,0.11391,0.11401,0.11385,5
2034.75,0.11389,0.11399,0.11383,5
2034.85,0.11387,0.11397,0.11381,5
2034.95,0.11385,0.11394,0.11379,5
2035.05,0.11383,0.11392,0.11377,5
2035.15,0.11381,0.1139,0.11375,5
2035.25,0.11379,0.11388,0.11373,5
2035.35,0.11377,0.11386,0.11371,5
2035.45,0.11375,0.11384,0.11369,5
2035.55,0.11373,0.11382,0.11367,5
2035.65,0.11371,0.1138,0.11365,5
2035.75,0.11369,0.11378,0.11363,5
2035.85,0.11367,0.11376,0.11361,5
2035.95,0.11365,0.11374,0.11359,5
2036.05,0.11363,0.11372,0.11357,5
2036.15,0.11361,0.1137,0.11355,5
2036.25,0.11359,0.11368,0.11353,5
2036.35,0.11357,0.11366,0.11351,5
2036.45,0.11355,0.11364,0.11348,5
2036.55,0.11353,0.11362,0.11346,5
2036.65,0.11351,0.11359,0.11344,5
2036.75,0.11349,0.11357,0.11342,5
2036.85,0.11347,0.11355,0.1134,5
2036.95,0.11346,0.11353,0.11338,5
2037.05,0.11344,0.11351,0.11336,5
2037.15,0.11342,0.11349,0.11334,5
2037.25,0.1134,0.11347,0.11332,5
2037.35,0.11338,0.11345,0.1133,5
2037.45,0.11335,0.11343,0.11328,5
2037.55,0.11333,0.11341,0.11326,5
2037.65,0.11331,0.11339,0.11324,5
2037.75,0.11329,0.11337,0.11322,5
2037.85,0.11327,0.11335,0.1132,5
2037.95,0.11325,0.11333,0.11318,5
2038.05,0.11323,0.11331,0.11316,5
2038.15,0.11321,0.11329,0.11314,5
2038.25,0.11319,0.11327,0.11312,5
2038.35,0.11317,0.11324,0.1131,5
2038.45,0.11315,0.11322,0.11308,5
2038.55,0.11313,0.1132,0.11306,5
2038.65,0.11311,0.11318,0.11303,5
2038.75,0.11309,0.11316,0.11301,5
2038.85,0.11307,0.11314,0.11299,5
2038.95,0.11305,0.11312,0.11297,5
2039.05,0.11303,0.1131,0.11295,5
2039.15,0.11301,0.11308,0.11293,5
2039.25,0.11299,0.11306,0.11291,5
2039.35,0.11297,0.11304,0.11289,5
2039.45,0.11295,0.11302,0.11287,5
2039.55,0.11293,0.113,0.11285,5
2039.65,0.11291,0.11298,0.11283,5
2039.75,0.11289,0.11297,0.11281,5
2039.85,0.11287,0.11295,0.11279,5
2039.95,0.11285,0.11293,0.11277,5
2040.05,0.11283,0.1129,0.11276,5
2040.15,0.11281,0.11288,0.11274,5
2040.25,0.11279,0.11286,0.11272,5
2040.35,0.11277,0.11284,0.1127,5
2040.45,0.11275,0.11282,0.11268,5
2040.55,0.11273,0.1128,0.11266,5
2040.65,0.11271,0.11278,0.11264,5
2040.75,0.11269,0.11276,0.11262,5
2040.85,0.11267,0.11274,0.11259,5
2040.95,0.11265,0.11272,0.11257,5
2041.05,0.11263,0.1127,0.11255,5
2041.15,0.11261,0.11268,0.11253,5
2041.25,0.11259,0.11266,0.11251,5
2041.35,0.11256,0.11264,0.11249,5
2041.45,0.11254,0.11262,0.11247,5
2041.55,0.11252,0.1126,0.11245,5
2041.65,0.1125,0.11258,0.11243,5
2041.75,0.11248,0.11255,0.11241,5
2041.85,0.11246,0.11253,0.11239,5
2041.95,0.11244,0.11251,0.11237,5
2042.05,0.11242,0.11249,0.11235,5
2042.15,0.1124,0.11247,0.11233,5
2042.25,0.11238,0.11245,0.11231,5
2042.35,0.11237,0.11243,0.11229,5
2042.45,0.11235,0.11241,0.11227,5
2042.55,0.11233,0.11239,0.11225,5
2042.65,0.11231,0.11237,0.11223,5
2042.75,0.11229,0.11235,0.11221,5
2042.85,0.11227,0.11233,0.11219,5
2042.95,0.11225,0.11231,0.11217,5
2043.05,0.11223,0.11229,0.11215,5
2043.15,0.11221,0.11227,0.11213,5
2043.25,0.11219,0.11225,0.11211,5
2043.35,0.11217,0.11223,0.11208,5
2043.45,0.11215,0.11221,0.11206,5
2043.55,0.11213,0.11218,0.11204,5
2043.65,0.11211,0.11216,0.11202,5
2043.75,0.11209,0.11214,0.112,5
2043.85,0.11207,0.11212,0.11198,5
2043.95,0.11205,0.1121,0.11196,5
2044.05,0.11203,0.11208,0.11194,5
2044.15,0.11201,0.11206,0.11192,5
2044.25,0.11199,0.11204,0.1119,5
2044.35,0.11197,0.11202,0.11188,5
2044.45,0.11195,0.112,0.11186,5
2044.55,0.11193,0.11198,0.11184,5
2044.65,0.11191,0.11196,0.11182,5
2044.75,0.11189,0.11194,0.1118,5
2044.85,0.11187,0.11192,0.11178,5
2044.95,0.11185,0.1119,0.11176,5
2045.05,0.11183,0.11189,0.11174,5
2045.15,0.11181,0.11187,0.11172,5
2045.25,0.11179,0.11185,0.1117,5
2045.35,0.11177,0.11182,0.11168,5
2045.45,0.11175,0.1118,0.11166,5
2045.55,0.11173,0.11178,0.11165,5
2045.65,0.11171,0.11176,0.11163,5
2045.75,0.11169,0.11174,0.1116,5
2045.85,0.11166,0.11172,0.11158,5
2045.95,0.11164,0.1117,0.11156,5
2046.05,0.11162,0.11168,0.11154,5
2046.15,0.1116,0.11166,0.11152,5
2046.25,0.11158,0.11164,0.1115,5
2046.35,0.11156,0.11162,0.11148,5
2046.45,0.11154,0.1116,0.11146,5
2046.55,0.11152,0.11158,0.11144,5
2046.65,0.1115,0.11156,0.11142,5
2046.75,0.11148,0.11154,0.1114,5
2046.85,0.11146,0.11152,0.11138,5
2046.95,0.11144,0.1115,0.11136,5
2047.05,0.11142,0.11148,0.11134,5
2047.15,0.1114,0.11145,0.11132,5
2047.25,0.11138,0.11143,0.1113,5
2047.35,0.11136,0.11141,0.11128,5
2047.45,0.11134,0.11139,0.11126,5
2047.55,0.11132,0.11137,0.11124,5
2047.65,0.1113,0.11135,0.11122,5
2047.75,0.11129,0.11133,0.1112,5
2047.85,0.11127,0.11131,0.11118,5
2047.95,0.11125,0.11129,0.11116,5
2048.05,0.11123,0.11127,0.11114,5
2048.15,0.11121,0.11125,0.11111,5
2048.25,0.11119,0.11123,0.11109,5
2048.35,0.11117,0.11121,0.11107,5
2048.45,0.11115,0.11119,0.11105,5
2048.55,0.11113,0.11117,0.11103,5
2048.65,0.11111,0.11115,0.11101,5
2048.75,0.11109,0.11113,0.11099,5
2048.85,0.11107,0.11111,0.11097,5
2048.95,0.11105,0.11109,0.11095,5
2049.05,0.11103,0.11107,0.11093,5
2049.15,0.11101,0.11104,0.11091,5
2049.25,0.11099,0.11102,0.11089,5
2049.35,0.11097,0.111,0.11087,5
2049.45,0.11095,0.11098,0.11085,5
2049.55,0.11093,0.11096,0.11083,5
2049.65,0.11091,0.11094,0.11081,5
2049.75,0.11089,0.11092,0.11079,5
2049.85,0.11087,0.1109,0.11077,5
2049.95,0.11085,0.11088,0.11075,5
2050.05,0.11083,0.11086,0.11073,5
2050.15,0.11081,0.11084,0.11071,5
2050.25,0.11079,0.11082,0.11069,5
2050.35,0.11077,0.11081,0.11067,5
2050.45,0.11075,0.11079,0.11065,5
2050.55,0.11073,0.11077,0.11063,5
2050.65,0.11071,0.11075,0.11061,5
2050.75,0.11069,0.11073,0.11059,5
2050.85,0.11067,0.11071,0.11057,5
2050.95,0.11065,0.11069,0.11056,5
2051.05,0.11063,0.11067,0.11054,5
2051.15,0.11061,0.11065,0.11052,5
2051.25,0.11058,0.11062,0.11049,5
2051.35,0.11056,0.1106,0.11047,5
2051.45,0.11054,0.11058,0.11045,5
2051.55,0.11052,0.11056,0.11043,5
2051.65,0.1105,0.11054,0.11041,5
2051.75,0.11048,0.11052,0.11039,5
2051.85,0.11046,0.1105,0.11037,5
2051.95,0.11044,0.11048,0.11035,5
2052.05,0.11042,0.11046,0.11033,5
2052.15,0.1104,0.11044,0.11031,5
2052.25,0.11038,0.11042,0.11029,5
2052.35,0.11036,0.1104,0.11027,5
2052.45,0.11034,0.11038,0.11025,5
2052.55,0.11032,0.11036,0.11023,5
2052.65,0.1103,0.11034,0.11021,5
2052.75,0.11028,0.11032,0.11019,5
2052.85,0.11026,0.1103,0.11017,5
2052.95,0.11024,0.11028,0.11015,5
2053.05,0.11022,0.11026,0.11013,5
2053.15,0.11021,0.11024,0.11011,5
2053.25,0.11019,0.11022,0.11009,5
2053.35,0.11017,0.1102,0.11007,5
2053.45,0.11015,0.11018,0.11005,5
2053.55,0.11013,0.11016,0.11003,5
2053.65,0.11011,0.11014,0.11001,5
2053.75,0.11009,0.11011,0.10999,5
2053.85,0.11007,0.11009,0.10997,5
2053.95,0.11005,0.11007,0.10995,5
2054.05,0.11003,0.11005,0.10993,5
2054.15,0.11001,0.11003,0.10991,5
2054.25,0.10999,0.11001,0.10989,5
2054.35,0.10997,0.10999,0.10987,5
2054.45,0.10995,0.10997,0.10985,5
2054.55,0.10993,0.10995,0.10983,5
2054.65,0.10991,0.10993,0.10981,5
2054.75,0.10989,0.10991,0.10979,5
2054.85,0.10987,0.10989,0.10977,5
2054.95,0.10985,0.10987,0.10975,5
2055.05,0.10983,0.10985,0.10973,5
2055.15,0.10981,0.10983,0.10971,5
2055.25,0.10979,0.10981,0.10969,5
2055.35,0.10977,0.10979,0.10967,5
2055.45,0.10975,0.10977,0.10965,5
2055.55,0.10973,0.10975,0.10963,5
2055.65,0.10971,0.10973,0.10961,5
2055.75,0.10969,0.10972,0.10959,5
2055.85,0.10967,0.1097,0.10957,5
2055.95,0.10965,0.10968,0.10955,5
2056.05,0.10963,0.10966,0.10953,5
2056.15,0.10961,0.10964,0.10951,5
2056.25,0.10959,0.10962,0.10949,5
2056.35,0.10957,0.1096,0.10947,5
2056.45,0.10955,0.10958,0.10946,5
2056.55,0.10953,0.10956,0.10944,5
2056.65,0.10951,0.10954,0.10942,5
2056.75,0.10949,0.10951,0.1094,5
2056.85,0.10947,0.10949,0.10938,5
2056.95,0.10945,0.10947,0.10936,5
2057.05,0.10943,0.10945,0.10934,5
2057.15,0.10941,0.10943,0.10932,5
2057.25,0.10939,0.10941,0.1093,5
2057.35,0.10937,0.10939,0.10928,5
2057.45,0.10935,0.10937,0.10926,5
2057.55,0.10933,0.10935,0.10924,5
2057.65,0.10931,0.10933,0.10922,5
2057.75,0.10929,0.10931,0.1092,5
2057.85,0.10927,0.10929,0.10918,5
2057.95,0.10925,0.10927,0.10916,5
2058.05,0.10923,0.10925,0.10914,5
2058.15,0.10921,0.10923,0.10912,5
2058.25,0.10919,0.10921,0.1091,5
2058.35,0.10917,0.10919,0.10908,5
2058.45,0.10915,0.10917,0.10906,5
2058.55,0.10913,0.10915,0.10904,5
2058.65,0.10912,0.10913,0.10902,5
2058.75,0.1091,0.10911,0.109,5
2058.85,0.10908,0.10909,0.10898,5
2058.95,0.10906,0.10907,0.10896,5
2059.05,0.10904,0.10905,0.10894,5
2059.15,0.10902,0.10903,0.10892,5
2059.25,0.109,0.10901,0.1089,5
2059.35,0.10898,0.10899,0.10888,5
2059.45,0.10896,0.10897,0.10886,5
2059.55,0.10894,0.10894,0.10884,5
2059.65,0.10892,0.10892,0.10882,5
2059.75,0.1089,0.1089,0.1088,5
2059.85,0.10888,0.10888,0.10878,5
2059.95,0.10886,0.10886,0.10876,5
2060.05,0.10884,0.10884,0.10874,5
2060.15,0.10882,0.10882,0.10872,5
2060.25,0.1088,0.1088,0.1087,5
2060.35,0.10878,0.10878,0.10868,5
2060.45,0.10876,0.10876,0.10866,5
2060.55,0.10874,0.10874,0.10864,5
2060.65,0.10872,0.10872,0.10862,5
2060.75,0.1087,0.1087,0.1086,5
2060.85,0.10868,0.10868,0.10858,5
2060.95,0.10866,0.10866,0.10856,5
2061.05,0.10864,0.10865,0.10854,5
2061.15,0.10862,0.10863,0.10852,5
2061.25,0.1086,0.10861,0.1085,5
2061.35,0.10858,0.10859,0.10848,5
2061.45,0.10856,0.10857,0.10846,5
2061.55,0.10854,0.10855,0.10844,5
2061.65,0.10852,0.10853,0.10842,5
2061.75,0.1085,0.10851,0.1084,5
2061.85,0.10848,0.10849,0.10838,5
2061.95,0.10846,0.10847,0.10836,5
2062.05,0.10844,0.10845,0.10835,5
2062.15,0.10842,0.10843,0.10833,5
2062.25,0.1084,0.10841,0.10831,5
2062.35,0.10838,0.10839,0.10829,5
2062.45,0.10836,0.10837,0.10827,5
2062.55,0.10834,0.10835,0.10825,5
2062.65,0.10832,0.10833,0.10823,5
2062.75,0.1083,0.10831,0.10821,5
2062.85,0.10828,0.10829,0.10819,5
2062.95,0.10826,0.10827,0.10817,5
2063.05,0.10824,0.10825,0.10815,5
2063.15,0.10822,0.10823,0.10813,5
2063.25,0.1082,0.10821,0.10811,5
2063.35,0.10818,0.10819,0.10809,5
2063.45,0.10816,0.10816,0.10807,5
2063.55,0.10814,0.10814,0.10805,5
2063.65,0.10812,0.10812,0.10803,5
2063.75,0.1081,0.1081,0.10801,5
2063.85,0.10808,0.10808,0.10799,5
2063.95,0.10806,0.10806,0.10797,5
2064.05,0.10804,0.10804,0.10795,5
2064.15,0.10803,0.10802,0.10793,5
2064.25,0.10801,0.108,0.10791,5
2064.35,0.10799,0.10798,0.10789,5
2064.45,0.10797,0.10796,0.10787,5
2064.55,0.10795,0.10794,0.10785,5
2064.65,0.10793,0.10792,0.10784,5
2064.75,0.10791,0.1079,0.10782,5
2064.85,0.10789,0.10788,0.1078,5
2064.95,0.10787,0.10786,0.10778,5
2065.05,0.10785,0.10784,0.10776,5
2065.15,0.10783,0.10782,0.10774,5
2065.25,0.10781,0.1078,0.10772,5
2065.35,0.10779,0.10778,0.1077,5
2065.45,0.10777,0.10776,0.10768,5
2065.55,0.10775,0.10774,0.10766,5
2065.65,0.10773,0.10772,0.10764,5
2065.75,0.10771,0.1077,0.10762,5
2065.85,0.10769,0.10768,0.1076,5
2065.95,0.10767,0.10766,0.10758,5
2066.05,0.10765,0.10764,0.10756,5
2066.15,0.10763,0.10762,0.10754,5
2066.25,0.10761,0.1076,0.10752,5
2066.35,0.10759,0.10758,0.1075,5
2066.45,0.10757,0.10757,0.10748,5
2066.55,0.10755,0.10755,0.10746,5
2066.65,0.10753,0.10753,0.10744,5
2066.75,0.10751,0.10751,0.10742,5
2066.85,0.10749,0.10749,0.1074,5
2066.95,0.10747,0.10747,0.10738,5
2067.05,0.10745,0.10745,0.10736,5
2067.15,0.10743,0.10743,0.10735,5
2067.25,0.10741,0.10741,0.10733,5
2067.35,0.10739,0.10739,0.10731,5
2067.45,0.10737,0.10737,0.10729,5
2067.55,0.10735,0.10735,0.10727,5
2067.65,0.10733,0.10733,0.10726,5
2067.75,0.10731,0.10731,0.10724,5
2067.85,0.10729,0.10729,0.10722,5
2067.95,0.10727,0.10727,0.1072,5
2068.05,0.10725,0.10725,0.10718,5
2068.15,0.10723,0.10723,0.10716,5
2068.25,0.10721,0.10721,0.10714,5
2068.35,0.10719,0.10719,0.10712,5
2068.45,0.10717,0.10717,0.1071,5
2068.55,0.10715,0.10715,0.10708,5
2068.65,0.10713,0.10713,0.10706,5
2068.75,0.10711,0.10711,0.10704,5
2068.85,0.10709,0.10709,0.10702,5
2068.95,0.10707,0.10707,0.107,5
2069.05,0.10705,0.10705,0.10698,5
2069.15,0.10703,0.10703,0.10697,5
2069.25,0.10701,0.10701,0.10695,5
2069.35,0.10699,0.10699,0.10693,5
2069.45,0.10697,0.10697,0.10691,5
2069.55,0.10695,0.10695,0.10689,5
2069.65,0.10694,0.10693,0.10687,5
2069.75,0.10692,0.10691,0.10685,5
2069.85,0.1069,0.10689,0.10683,5
2069.95,0.10688,0.10687,0.10681,5
2070.05,0.10686,0.10685,0.10679,5
2070.15,0.10684,0.10683,0.10677,5
2070.25,0.10682,0.10681,0.10675,5
2070.35,0.1068,0.10679,0.10673,5
2070.45,0.10678,0.10677,0.10671,5
2070.55,0.10676,0.10675,0.10669,5
2070.65,0.10674,0.10673,0.10667,5
2070.75,0.10672,0.10671,0.10666,5
2070.85,0.1067,0.10669,0.10664,5
2070.95,0.10668,0.10667,0.10662,5
2071.05,0.10666,0.10665,0.1066,5
2071.15,0.10664,0.10663,0.10658,5
2071.25,0.10662,0.10661,0.10656,5
2071.35,0.1066,0.10659,0.10654,5
2071.45,0.10658,0.10657,0.10652,5
2071.55,0.10656,0.10655,0.1065,5
2071.65,0.10654,0.10653,0.10648,5
2071.75,0.10652,0.10651,0.10646,5
2071.85,0.1065,0.10649,0.10644,5
2071.95,0.10648,0.10648,0.10642,5
2072.05,0.10646,0.10646,0.1064,5
2072.15,0.10644,0.10644,0.10638,5
2072.25,0.10642,0.10642,0.10636,5
2072.35,0.1064,0.1064,0.10635,5
2072.45,0.10638,0.10638,0.10633,5
2072.55,0.10636,0.10636,0.10631,5
2072.65,0.10635,0.10634,0.10629,5
2072.75,0.10633,0.10632,0.10627,5
2072.85,0.10631,0.1063,0.10625,5
2072.95,0.10629,0.10628,0.10623,5
2073.05,0.10627,0.10626,0.10621,5
2073.15,0.10625,0.10624,0.10619,5
2073.25,0.10623,0.10622,0.10617,5
2073.35,0.10621,0.1062,0.10616,5
2073.45,0.10619,0.10618,0.10614,5
2073.55,0.10617,0.10616,0.10612,5
2073.65,0.10615,0.10614,0.1061,5
2073.75,0.10613,0.10612,0.10609,5
2073.85,0.10611,0.1061,0.10607,5
2073.95,0.10609,0.10608,0.10605,5
2074.05,0.10607,0.10606,0.10603,5
2074.15,0.10605,0.10604,0.10601,5
2074.25,0.10603,0.10602,0.10599,5
2074.35,0.10601,0.106,0.10597,5
2074.45,0.10599,0.10598,0.10595,5
2074.55,0.10597,0.10596,0.10593,5
2074.65,0.10595,0.10594,0.10591,5
2074.75,0.10593,0.10592,0.10589,5
2074.85,0.10591,0.1059,0.10587,5
2074.95,0.10589,0.10588,0.10586,5
2075.05,0.10587,0.10586,0.10584,5
2075.15,0.10586,0.10584,0.10582,5
2075.25,0.10584,0.10582,0.1058,5
2075.35,0.10582,0.1058,0.10578,5
2075.45,0.1058,0.10579,0.10576,5
2075.55,0.10578,0.10577,0.10574,5
2075.65,0.10576,0.10575,0.10572,5
2075.75,0.10574,0.10573,0.1057,5
2075.85,0.10572,0.10571,0.10568,5
2075.95,0.1057,0.10569,0.10566,5
2076.05,0.10568,0.10567,0.10564,5
2076.15,0.10566,0.10565,0.10563,5
2076.25,0.10564,0.10563,0.10561,5
2076.35,0.10562,0.10561,0.10559,5
2076.45,0.1056,0.10559,0.10557,5
2076.55,0.10558,0.10557,0.10555,5
2076.65,0.10557,0.10555,0.10553,5
2076.75,0.10555,0.10553,0.10551,5
2076.85,0.10553,0.10551,0.10549,5
2076.95,0.10551,0.10549,0.10547,5
2077.05,0.10549,0.10547,0.10545,5
2077.15,0.10547,0.10545,0.10544,5
2077.25,0.10545,0.10543,0.10542,5
2077.35,0.10543,0.10541,0.1054,5
2077.45,0.10541,0.1054,0.10538,5
2077.55,0.10539,0.10538,0.10536,5
2077.65,0.10537,0.10536,0.10534,5
2077.75,0.10535,0.10534,0.10532,5
2077.85,0.10533,0.10532,0.1053,5
2077.95,0.10531,0.1053,0.10528,5
2078.05,0.10529,0.10528,0.10526,5
2078.15,0.10527,0.10526,0.10525,5
2078.25,0.10525,0.10524,0.10523,5
2078.35,0.10523,0.10522,0.10521,5
2078.45,0.10521,0.1052,0.10519,5
2078.55,0.10519,0.10518,0.10517,5
2078.65,0.10517,0.10517,0.10515,5
2078.75,0.10515,0.10515,0.10513,5
2078.85,0.10513,0.10513,0.10511,5
2078.95,0.10511,0.10511,0.10509,5
2079.05,0.1051,0.10509,0.10508,5
2079.15,0.10508,0.10507,0.10506,5
2079.25,0.10506,0.10505,0.10505,5
2079.35,0.10504,0.10503,0.10503,5
2079.45,0.10502,0.10501,0.10501,5
2079.55,0.105,0.10499,0.10499,5
2079.65,0.10498,0.10497,0.10497,5
2079.75,0.10496,0.10495,0.10495,5
2079.85,0.10494,0.10493,0.10493,5
2079.95,0.10492,0.10491,0.10492,5
2080.05,0.1049,0.10489,0.1049,5
2080.15,0.10488,0.10487,0.10488,5
2080.25,0.10486,0.10485,0.10486,5
2080.35,0.10484,0.10483,0.10484,5
2080.45,0.10482,0.10481,0.10482,5
2080.55,0.1048,0.10479,0.1048,5
2080.65,0.10478,0.10477,0.10478,5
2080.75,0.10477,0.10476,0.10477,5
2080.85,0.10475,0.10474,0.10475,5
2080.95,0.10474,0.10472,0.10473,5
2081.05,0.10472,0.1047,0.10471,5
2081.15,0.1047,0.10468,0.10469,5
2081.25,0.10468,0.10466,0.10467,5
2081.35,0.10466,0.10464,0.10465,5
2081.45,0.10464,0.10462,0.10463,5
2081.55,0.10462,0.1046,0.10462,5
2081.65,0.1046,0.10458,0.1046,5
2081.75,0.10458,0.10456,0.10458,5
2081.85,0.10456,0.10454,0.10456,5
2081.95,0.10454,0.10452,0.10454,5
2082.05,0.10452,0.1045,0.10452,5
2082.15,0.1045,0.10448,0.1045,5
2082.25,0.10448,0.10446,0.10448,5
2082.35,0.10446,0.10445,0.10447,5
2082.45,0.10445,0.10443,0.10445,5
2082.55,0.10443,0.10441,0.10443,5
2082.65,0.10441,0.10439,0.10441,5
2082.75,0.10439,0.10437,0.10439,5
2082.85,0.10437,0.10435,0.10437,5
2082.95,0.10435,0.10433,0.10435,5
2083.05,0.10433,0.10432,0.10434,5
2083.15,0.10431,0.1043,0.10432,5
2083.25,0.10429,0.10428,0.1043,5
2083.35,0.10427,0.10426,0.10428,5
2083.45,0.10425,0.10424,0.10426,5
2083.55,0.10423,0.10422,0.10424,5
2083.65,0.10421,0.1042,0.10422,5
2083.75,0.10419,0.10418,0.1042,5
2083.85,0.10417,0.10417,0.10419,5
2083.95,0.10416,0.10415,0.10417,5
2084.05,0.10414,0.10413,0.10415,5
2084.15,0.10412,0.10411,0.10413,5
2084.25,0.1041,0.10409,0.10411,5
2084.35,0.10408,0.10407,0.10409,5
2084.45,0.10406,0.10405,0.10407,5
2084.55,0.10404,0.10403,0.10405,5
2084.65,0.10402,0.10401,0.10404,5
2084.75,0.104,0.10399,0.10402,5
2084.85,0.10398,0.10397,0.104,5
2084.95,0.10396,0.10395,0.10398,5
2085.05,0.10394,0.10393,0.10396,5
2085.15,0.10392,0.10392,0.10395,5
2085.25,0.10391,0.1039,0.10393,5
2085.35,0.10389,0.10388,0.10392,5
2085.45,0.10387,0.10386,0.1039,5
2085.55,0.10385,0.10384,0.10388,5
2085.65,0.10383,0.10382,0.10386,5
2085.75,0.10381,0.1038,0.10384,5
2085.85,0.10379,0.10378,0.10382,5
2085.95,0.10377,0.10376,0.1038,5
2086.05,0.10375,0.10374,0.10379,5
2086.15,0.10373,0.10372,0.10377,5
2086.25,0.10371,0.1037,0.10375,5
2086.35,0.1037,0.10369,0.10373,5
2086.45,0.10369,0.10367,0.10371,5
2086.55,0.10367,0.10365,0.10369,5
2086.65,0.10365,0.10363,0.10368,5
2086.75,0.10363,0.10361,0.10366,5
2086.85,0.10361,0.10359,0.10364,5
2086.95,0.10359,0.10357,0.10362,5
2087.05,0.10357,0.10355,0.1036,5
2087.15,0.10355,0.10353,0.10358,5
2087.25,0.10353,0.10351,0.10356,5
2087.35,0.10351,0.1035,0.10355,5
2087.45,0.1035,0.10348,0.10353,5
2087.55,0.10348,0.10346,0.10351,5
2087.65,0.10346,0.10344,0.10349,5
2087.75,0.10344,0.10342,0.10347,5
2087.85,0.10342,0.1034,0.10345,5
2087.95,0.1034,0.10338,0.10344,5
2088.05,0.10338,0.10336,0.10342,5
2088.15,0.10336,0.10334,0.1034,5
2088.25,0.10334,0.10332,0.10338,5
2088.35,0.10332,0.10331,0.10336,5
2088.45,0.10331,0.10329,0.10334,5
2088.55,0.10329,0.10327,0.10333,5
2088.65,0.10327,0.10325,0.10331,5
2088.75,0.10325,0.10324,0.10329,5
2088.85,0.10323,0.10322,0.10327,5
2088.95,0.10321,0.1032,0.10325,5
2089.05,0.10319,0.10318,0.10323,5
2089.15,0.10317,0.10316,0.10322,5
2089.25,0.10315,0.10315,0.1032,5
2089.35,0.10314,0.10313,0.10318,5
2089.45,0.10312,0.10311,0.10316,5
2089.55,0.1031,0.10309,0.10314,5
2089.65,0.10308,0.10307,0.10312,5
2089.75,0.10306,0.10305,0.10311,5
2089.85,0.10304,0.10303,0.10309,5
2089.95,0.10302,0.10301,0.10307,5
2090.05,0.103,0.10299,0.10305,5
2090.15,0.10298,0.10298,0.10303,5
2090.25,0.10297,0.10296,0.10301,5
2090.35,0.10295,0.10294,0.103,5
2090.45,0.10293,0.10292,0.10298,5
2090.55,0.10291,0.1029,0.10296,5
2090.65,0.10289,0.10288,0.10294,5
2090.75,0.10287,0.10286,0.10292,5
2090.85,0.10285,0.10284,0.10291,5
2090.95,0.10283,0.10283,0.10289,5
2091.05,0.10282,0.10281,0.10287,5
2091.15,0.1028,0.10279,0.10286,5
2091.25,0.10278,0.10277,0.10284,5
2091.35,0.10276,0.10275,0.10282,5
2091.45,0.10274,0.10273,0.10281,5
2091.55,0.10272,0.10271,0.10279,5
2091.65,0.1027,0.1027,0.10277,5
2091.75,0.10268,0.10268,0.10275,5
2091.85,0.10267,0.10266,0.10273,5
2091.95,0.10265,0.10264,0.10272,5
2092.05,0.10263,0.10262,0.1027,5
2092.15,0.10261,0.1026,0.10268,5
2092.25,0.1026,0.10258,0.10266,5
2092.35,0.10258,0.10257,0.10264,5
2092.45,0.10256,0.10255,0.10262,5
2092.55,0.10255,0.10253,0.10261,5
2092.65,0.10253,0.10251,0.10259,5
2092.75,0.10251,0.10249,0.10257,5
2092.85,0.10249,0.10247,0.10255,5
2092.95,0.10247,0.10245,0.10253,5
2093.05,0.10245,0.10244,0.10252,5
2093.15,0.10243,0.10242,0.1025,5
2093.25,0.10242,0.1024,0.10248,5
2093.35,0.1024,0.10238,0.10246,5
2093.45,0.10238,0.10236,0.10244,5
2093.55,0.10236,0.10234,0.10243,5
2093.65,0.10234,0.10233,0.10241,5
2093.75,0.10232,0.10231,0.10239,5
2093.85,0.1023,0.10229,0.10237,5
2093.95,0.10229,0.10227,0.10235,5
2094.05,0.10227,0.10225,0.10234,5
2094.15,0.10225,0.10223,0.10232,5
2094.25,0.10223,0.10221,0.1023,5
2094.35,0.10221,0.1022,0.10228,5
2094.45,0.10219,0.10218,0.10226,5
2094.55,0.10217,0.10216,0.10225,5
2094.65,0.10216,0.10215,0.10223,5
2094.75,0.10214,0.10213,0.10221,5
2094.85,0.10212,0.10211,0.10219,5
2094.95,0.1021,0.1021,0.10218,5
2095.05,0.10208,0.10208,0.10216,5
2095.15,0.10206,0.10206,0.10214,5
2095.25,0.10205,0.10204,0.10212,5
2095.35,0.10203,0.10202,0.1021,5
2095.45,0.10201,0.102,0.10209,5
2095.55,0.10199,0.10199,0.10207,5
2095.65,0.10197,0.10197,0.10205,5
2095.75,0.10195,0.10195,0.10203,5
2095.85,0.10193,0.10193,0.10201,5
2095.95,0.10192,0.10191,0.102,5
2096.05,0.1019,0.1019,0.10198,5
2096.15,0.10188,0.10188,0.10196,5
2096.25,0.10186,0.10186,0.10194,5
2096.35,0.10184,0.10184,0.10193,5
2096.45,0.10182,0.10182,0.10191,5
2096.55,0.10181,0.1018,0.10189,5
2096.65,0.10179,0.10179,0.10187,5
2096.75,0.10177,0.10177,0.10185,5
2096.85,0.10175,0.10175,0.10184,5
2096.95,0.10173,0.10173,0.10182,5
2097.05,0.10171,0.10171,0.1018,5
2097.15,0.1017,0.1017,0.10178,5
2097.25,0.10168,0.10168,0.10176,5
2097.35,0.10166,0.10166,0.10176,5
2097.45,0.10164,0.10164,0.10174,5
2097.55,0.10162,0.10162,0.10172,5
2097.65,0.10161,0.1016,0.1017,5
2097.75,0.10159,0.10159,0.10169,5
2097.85,0.10157,0.10157,0.10167,5
2097.95,0.10155,0.10155,0.10165,5
2098.05,0.10153,0.10153,0.10163,5
2098.15,0.10152,0.10151,0.10162,5
2098.25,0.10151,0.1015,0.1016,5
2098.35,0.10149,0.10148,0.10158,5
2098.45,0.10147,0.10146,0.10156,5
2098.55,0.10145,0.10144,0.10154,5
2098.65,0.10143,0.10142,0.10153,5
2098.75,0.10142,0.10141,0.10151,5
2098.85,0.1014,0.10139,0.10149,5
2098.95,0.10138,0.10137,0.10147,5
2099.05,0.10136,0.10135,0.10146,5
2099.15,0.10134,0.10134,0.10144,5
2099.25,0.10132,0.10132,0.10142,5
2099.35,0.10131,0.1013,0.1014,5
2099.45,0.10129,0.10128,0.10139,5
2099.55,0.10127,0.10126,0.10137,5
2099.65,0.10125,0.10125,0.10135,5
2099.75,0.10123,0.10123,0.10133,5
2099.85,0.10122,0.10121,0.10131,5
2099.95,0.1012,0.10119,0.1013,5
2100.05,0.10118,0.10117,0.10128,5
2100.15,0.10116,0.10116,0.10126,5
2100.25,0.10114,0.10114,0.10124,5
2100.35,0.10113,0.10112,0.10123,5
2100.45,0.10111,0.1011,0.10121,5
2100.55,0.10109,0.10109,0.10119,5
2100.65,0.10107,0.10108,0.10117,5
2100.75,0.10105,0.10106,0.10116,5
2100.85,0.10104,0.10104,0.10114,5
2100.95,0.10102,0.10102,0.10112,5
2101.05,0.101,0.10101,0.1011,5
2101.15,0.10098,0.10099,0.10109,5
2101.25,0.10096,0.10097,0.10107,5
2101.35,0.10095,0.10095,0.10105,5
2101.45,0.10093,0.10094,0.10103,5
2101.55,0.10091,0.10092,0.10102,5
2101.65,0.10089,0.1009,0.101,5
2101.75,0.10087,0.10088,0.10098,5
2101.85,0.10086,0.10086,0.10096,5
2101.95,0.10084,0.10085,0.10095,5
2102.05,0.10082,0.10083,0.10093,5
2102.15,0.1008,0.10081,0.10091,5
2102.25,0.10078,0.10079,0.10089,5
2102.35,0.10077,0.10078,0.10088,5
2102.45,0.10075,0.10076,0.10086,5
2102.55,0.10073,0.10074,0.10084,5
2102.65,0.10071,0.10072,0.10082,5
2102.75,0.1007,0.10071,0.10081,5
2102.85,0.10068,0.10069,0.10079,5
2102.95,0.10066,0.10067,0.10077,5
2103.05,0.10064,0.10065,0.10075,5
2103.15,0.10062,0.10064,0.10074,5
2103.25,0.10061,0.10062,0.10072,5
2103.35,0.10059,0.1006,0.1007,5
2103.45,0.10057,0.10058,0.10068,5
2103.55,0.10055,0.10057,0.10067,5
2103.65,0.10053,0.10055,0.10066,5
2103.75,0.10052,0.10053,0.10064,5
2103.85,0.1005,0.10051,0.10062,5
2103.95,0.10048,0.1005,0.10061,5
2104.05,0.10046,0.10048,0.10059,5
2104.15,0.10045,0.10046,0.10057,5
2104.25,0.10043,0.10044,0.10056,5
2104.35,0.10042,0.10043,0.10054,5
2104.45,0.1004,0.10041,0.10052,5
2104.55,0.10038,0.10039,0.1005,5
2104.65,0.10037,0.10037,0.10049,5
2104.75,0.10035,0.10036,0.10047,5
2104.85,0.10033,0.10034,0.10045,5
2104.95,0.10031,0.10032,0.10043,5
2105.05,0.1003,0.1003,0.10042,5
2105.15,0.10028,0.10029,0.1004,5
2105.25,0.10026,0.10027,0.10038,5
2105.35,0.10024,0.10025,0.10036,5
2105.45,0.10022,0.10023,0.10035,5
2105.55,0.10021,0.10022,0.10033,5
2105.65,0.10019,0.1002,0.10031,5
2105.75,0.10017,0.10018,0.1003,5
2105.85,0.10015,0.10016,0.10028,5
2105.95,0.10014,0.10015,0.10026,5
2106.05,0.10012,0.10013,0.10024,5
2106.15,0.1001,0.10011,0.10023,5
2106.25,0.10008,0.10009,0.10021,5
2106.35,0.10006,0.10008,0.10019,5
2106.45,0.10005,0.10006,0.10017,5
2106.55,0.10003,0.10004,0.10016,5
2106.65,0.10001,0.10003,0.10014,5
2106.75,0.099989,0.10001,0.10012,5
2106.85,0.099979,0.099995,0.1001,5
2106.95,0.099959,0.099975,0.10009,5
2107.05,0.09994,0.099965,0.10007,5
2107.15,0.09992,0.099945,0.10005,5
2107.25,0.09991,0.099926,0.10004,5
2107.35,0.09989,0.099906,0.10002,5
2107.45,0.09987,0.099896,0.1,5
2107.55,0.09985,0.099876,0.099981,5
2107.65,0.09984,0.099856,0.099971,5
2107.75,0.099821,0.099846,0.099951,5
2107.85,0.099801,0.099827,0.099932,5
2107.95,0.099781,0.099807,0.099922,5
2108.05,0.099761,0.099787,0.099902,5
2108.15,0.099751,0.099777,0.099882,5
2108.25,0.099731,0.099757,0.099862,5
2108.35,0.099712,0.099737,0.099852,5
2108.45,0.099692,0.099718,0.099833,5
2108.55,0.099682,0.099708,0.099813,5
2108.65,0.099662,0.099688,0.099793,5
2108.75,0.099642,0.099668,0.099783,5
2108.85,0.099622,0.099658,0.099763,5
2108.95,0.099613,0.099638,0.099743,5
2109.05,0.099593,0.099619,0.099733,5
2109.15,0.099573,0.099599,0.099714,5
2109.25,0.099553,0.099589,0.099694,5
2109.35,0.099533,0.099569,0.099674,5
2109.45,0.099523,0.099549,0.099664,5
2109.55,0.099504,0.099539,0.099644,5
2109.65,0.099484,0.099519,0.099624,5
2109.75,0.099464,0.0995,0.099615,5
2109.85,0.099454,0.09948,0.099595,5
2109.95,0.099434,0.09947,0.099575,5
2110.05,0.099414,0.09945,0.099555,5
2110.15,0.099395,0.09943,0.099545,5
2110.25,0.099385,0.09942,0.099525,5
2110.35,0.099365,0.099401,0.099506,5
2110.45,0.099345,0.099381,0.099486,5
2110.55,0.099325,0.099361,0.099476,5
2110.65,0.099315,0.099351,0.099456,5
2110.75,0.099295,0.099331,0.099436,5
2110.85,0.099276,0.099311,0.099426,5
2110.95,0.099256,0.099301,0.099406,5
2111.05,0.099246,0.099282,0.099387,5
2111.15,0.099226,0.099262,0.099367,5
2111.25,0.099206,0.099252,0.099357,5
2111.35,0.099186,0.099232,0.099337,5
2111.45,0.099167,0.099212,0.099317,5
2111.55,0.099157,0.099192,0.099307,5
2111.65,0.099137,0.099183,0.099287,5
2111.75,0.099117,0.099163,0.099268,5
2111.85,0.099097,0.099143,0.099248,5
2111.95,0.099084,0.099133,0.099238,5
2112.05,0.099067,0.099113,0.099218,5
2112.15,0.09905,0.099093,0.099198,5
2112.25,0.099032,0.099079,0.099188,5
2112.35,0.099015,0.099062,0.099169,5
2112.45,0.098997,0.099045,0.099149,5
2112.55,0.09898,0.099028,0.099129,5
2112.65,0.098963,0.099011,0.099119,5
2112.75,0.098945,0.098994,0.099099,5
2112.85,0.098928,0.098977,0.099082,5
2112.95,0.09891,0.098961,0.099065,5
2113.05,0.098893,0.098944,0.099049,5
2113.15,0.098875,0.098927,0.099032,5
2113.25,0.098859,0.09891,0.099015,5
2113.35,0.098841,0.098893,0.098997,5
2113.45,0.098824,0.098877,0.09898,5
2113.55,0.098806,0.098861,0.098963,5
2113.65,0.098789,0.098844,0.098947,5
2113.75,0.098771,0.098827,0.09893,5
2113.85,0.098753,0.09881,0.098913,5
2113.95,0.098737,0.098793,0.098896,5
2114.05,0.098719,0.098776,0.098879,5
2114.15,0.098702,0.098759,0.098862,5
2114.25,0.098684,0.098743,0.098845,5
2114.35,0.098667,0.098726,0.098828,5
2114.45,0.098649,0.098709,0.098811,5
2114.55,0.098633,0.098693,0.098794,5
2114.65,0.098615,0.098676,0.098777,5
2114.75,0.098598,0.098659,0.09876,5
2114.85,0.09858,0.098643,0.098743,5
2114.95,0.098563,0.098626,0.098727,5
2115.05,0.098545,0.098609,0.09871,5
2115.15,0.098529,0.098592,0.098693,5
2115.25,0.098511,0.098575,0.098676,5
2115.35,0.098494,0.098559,0.098659,5
2115.45,0.098476,0.098542,0.098641,5
2115.55,0.098459,0.098526,0.098625,5
2115.65,0.098441,0.098509,0.098608,5
2115.75,0.098425,0.098492,0.098591,5
2115.85,0.098407,0.098475,0.098574,5
2115.95,0.09839,0.098459,0.098557,5
2116.05,0.098372,0.098442,0.09854,5
2116.15,0.098355,0.098426,0.098523,5
2116.25,0.098337,0.098409,0.098507,5
2116.35,0.09832,0.098392,0.09849,5
2116.45,0.098303,0.098375,0.098473,5
2116.55,0.098286,0.098359,0.098456,5
2116.65,0.098268,0.098342,0.098439,5
2116.75,0.09825,0.098325,0.098422,5
2116.85,0.098233,0.098309,0.098405,5
2116.95,0.098215,0.098292,0.098388,5
2117.05,0.098199,0.098276,0.098371,5
2117.15,0.098181,0.098259,0.098354,5
2117.25,0.098164,0.098242,0.098337,5
2117.35,0.098146,0.098225,0.09832,5
2117.45,0.098129,0.098209,0.098303,5
2117.55,0.098111,0.098193,0.098287,5
2117.65,0.098095,0.098176,0.09827,5
2117.75,0.098077,0.098159,0.098253,5
2117.85,0.09806,0.098142,0.098236,5
2117.95,0.098042,0.098126,0.098219,5
2118.05,0.098025,0.098109,0.098202,5
2118.15,0.098007,0.098093,0.098185,5
2118.25,0.097991,0.098076,0.098169,5
2118.35,0.097973,0.098059,0.098152,5
2118.45,0.097956,0.098043,0.098135,5
2118.55,0.097938,0.098026,0.098117,5
2118.65,0.097921,0.098009,0.0981,5
2118.75,0.097903,0.097993,0.098083,5
2118.85,0.097886,0.097977,0.098067,5
2118.95,0.097869,0.09796,0.09805,5
2119.05,0.097852,0.097943,0.098033,5
2119.15,0.097834,0.097926,0.098016,5
2119.25,0.097817,0.09791,0.097999,5
2119.35,0.097799,0.097893,0.097982,5
2119.45,0.097782,0.097877,0.097965,5
2119.55,0.097765,0.09786,0.097949,5
2119.65,0.097748,0.097844,0.097932,5
2119.75,0.09773,0.097827,0.097915,5
2119.85,0.097713,0.09781,0.097898,5
2119.95,0.097695,0.097794,0.097881,5
2120.05,0.097678,0.097778,0.097864,5
2120.15,0.097661,0.097761,0.097848,5
2120.25,0.097644,0.097744,0.097831,5
2120.35,0.097626,0.097728,0.097814,5
2120.45,0.097609,0.097711,0.097796,5
2120.55,0.097591,0.097694,0.097779,5
2120.65,0.097574,0.097677,0.097762,5
2120.75,0.097557,0.097662,0.097745,5
2120.85,0.097539,0.097645,0.097729,5
2120.95,0.097522,0.097628,0.097712,5
2121.05,0.097504,0.097611,0.097694,5
2121.15,0.097486,0.097594,0.097677,5
2121.25,0.097468,0.097577,0.09766,5
2121.35,0.09745,0.097561,0.097642,5
2121.45,0.097434,0.097544,0.097626,5
2121.55,0.097416,0.097527,0.097609,5
2121.65,0.097398,0.09751,0.097592,5
2121.75,0.09738,0.097493,0.097574,5
2121.85,0.097362,0.097476,0.097557,5
2121.95,0.097345,0.09746,0.09754,5
2122.05,0.097328,0.097444,0.097523,5
2122.15,0.09731,0.097427,0.097506,5
2122.25,0.097292,0.09741,0.097489,5
2122.35,0.097274,0.097393,0.097471,5
2122.45,0.097256,0.097376,0.097454,5
2122.55,0.097239,0.097359,0.097437,5
2122.65,0.097222,0.097343,0.09742,5
2122.75,0.097204,0.097326,0.097403,5
2122.85,0.097186,0.097309,0.097386,5
2122.95,0.097168,0.097292,0.097369,5
2123.05,0.097151,0.097275,0.097351,5
2123.15,0.097133,0.097259,0.097334,5
2123.25,0.097116,0.097243,0.097317,5
2123.35,0.097098,0.097226,0.0973,5
2123.45,0.09708,0.097209,0.097283,5
2123.55,0.097062,0.097192,0.097266,5
2123.65,0.097045,0.097175,0.097248,5
2123.75,0.097027,0.097158,0.097231,5
2123.85,0.09701,0.097141,0.097214,5
2123.95,0.096992,0.097125,0.097197,5
2124.05,0.096974,0.097108,0.09718,5
2124.15,0.096956,0.097092,0.097163,5
2124.25,0.096939,0.097075,0.097146,5
2124.35,0.096921,0.097058,0.097128,5
2124.45,0.096904,0.097041,0.097111,5
2124.55,0.096886,0.097025,0.097094,5
2124.65,0.096868,0.097008,0.097077,5
2124.75,0.09685,0.096991,0.09706,5
2124.85,0.096833,0.096974,0.097043,5
2124.95,0.096815,0.096957,0.097025,5
2125.05,0.096797,0.09694,0.097008,5
2125.15,0.09678,0.096924,0.096991,5
2125.25,0.096762,0.096908,0.096975,5
2125.35,0.096744,0.096891,0.096957,5
2125.45,0.096727,0.096874,0.09694,5
2125.55,0.096709,0.096857,0.096923,5
2125.65,0.096691,0.09684,0.096905,5
2125.75,0.096674,0.096823,0.096888,5
2125.85,0.096656,0.096807,0.096871,5
2125.95,0.096638,0.096791,0.096854,5
2126.05,0.096621,0.096774,0.096837,5
2126.15,0.096603,0.096757,0.09682,5
2126.25,0.096585,0.09674,0.096802,5
2126.35,0.096568,0.096723,0.096785,5
2126.45,0.09655,0.096706,0.096768,5
2126.55,0.096532,0.09669,0.096752,5
2126.65,0.096515,0.096673,0.096734,5
2126.75,0.096497,0.096657,0.096717,5
2126.85,0.096479,0.09664,0.0967,5
2126.95,0.096462,0.096623,0.096682,5
2127.05,0.096444,0.096606,0.096665,5
2127.15,0.096426,0.09659,0.096648,5
2127.25,0.096409,0.096573,0.096631,5
2127.35,0.096391,0.096556,0.096614,5
2127.45,0.096373,0.09654,0.096597,5
2127.55,0.096356,0.096523,0.096579,5
2127.65,0.096338,0.096506,0.096562,5
2127.75,0.096321,0.096489,0.096545,5
2127.85,0.096303,0.096473,0.096529,5
2127.95,0.096285,0.096456,0.096511,5
2128.05,0.096267,0.096439,0.096494,5
2128.15,0.09625,0.096423,0.096477,5
2128.25,0.096232,0.096406,0.096459,5
2128.35,0.096215,0.096389,0.096442,5
2128.45,0.096197,0.096373,0.096425,5
2128.55,0.096179,0.096356,0.096408,5
2128.65,0.096161,0.096339,0.096391,5
2128.75,0.096144,0.096322,0.096374,5
2128.85,0.096126,0.096306,0.096357,5
2128.95,0.096109,0.096289,0.096339,5
2129.05,0.096091,0.096272,0.096322,5
2129.15,0.096073,0.096256,0.096306,5
2129.25,0.096055,0.096239,0.096288,5
2129.35,0.096037,0.096222,0.096271,5
2129.45,0.096021,0.096206,0.096254,5
2129.55,0.096003,0.096189,0.096237,5
2129.65,0.095985,0.096172,0.096219,5
2129.75,0.095967,0.096156,0.096203,5
2129.85,0.095949,0.096139,0.096186,5
2129.95,0.095931,0.096122,0.096168,5
2130.05,0.095915,0.096106,0.096151,5
2130.15,0.095897,0.096089,0.096134,5
2130.25,0.095879,0.096072,0.096117,5
2130.35,0.095861,0.096055,0.096099,5
2130.45,0.095843,0.096039,0.096083,5
2130.55,0.095826,0.096022,0.096066,5
2130.65,0.095809,0.096006,0.096048,5
2130.75,0.095791,0.095989,0.096031,5
2130.85,0.095773,0.095972,0.096014,5
2130.95,0.095755,0.095955,0.095997,5
2131.05,0.095738,0.095939,0.09598,5
2131.15,0.09572,0.095922,0.095963,5
2131.25,0.095703,0.095906,0.095946,5
2131.35,0.095685,0.095889,0.095928,5
2131.45,0.095667,0.095872,0.095911,5
2131.55,0.09565,0.095855,0.095894,5
2131.65,0.095632,0.095838,0.095877,5
2131.75,0.095614,0.095823,0.09586,5
2131.85,0.095597,0.095806,0.095843,5
2131.95,0.095579,0.095789,0.095826,5
2132.05,0.095562,0.095772,0.095809,5
2132.15,0.095544,0.095755,0.095791,5
2132.25,0.095526,0.095738,0.095774,5
2132.35,0.095508,0.095723,0.095758,5
2132.45,0.095492,0.095706,0.09574,5
2132.55,0.095474,0.095689,0.095723,5
2132.65,0.095456,0.095672,0.095706,5
2132.75,0.095438,0.095655,0.095689,5
2132.85,0.09542,0.095639,0.095671,5
2132.95,0.095403,0.095622,0.095655,5
2133.05,0.095386,0.095606,0.095638,5
2133.15,0.095368,0.095589,0.095621,5
2133.25,0.09535,0.095572,0.095603,5
2133.35,0.095332,0.095555,0.095586,5
2133.45,0.095314,0.095538,0.095568,5
2133.55,0.095296,0.095521,0.095551,5
2133.65,0.095278,0.095505,0.095534,5
2133.75,0.095261,0.095488,0.095517,5
2133.85,0.095243,0.095471,0.095499,5
2133.95,0.095225,0.095454,0.095482,5
2134.05,0.095207,0.095437,0.095465,5
2134.15,0.095189,0.09542,0.095447,5
2134.25,0.095171,0.095404,0.095431,5
2134.35,0.095154,0.095387,0.095413,5
2134.45,0.095136,0.09537,0.095396,5
2134.55,0.095118,0.095353,0.095378,5
2134.65,0.0951,0.095336,0.095361,5
2134.75,0.095082,0.095319,0.095343,5
2134.85,0.095064,0.095302,0.095326,5
2134.95,0.095047,0.095286,0.095309,5
2135.05,0.095029,0.095269,0.095292,5
2135.15,0.095011,0.095252,0.095274,5
2135.25,0.094993,0.095235,0.095257,5
2135.35,0.094975,0.095218,0.09524,5
2135.45,0.094957,0.095201,0.095222,5
2135.55,0.094941,0.095185,0.095206,5
2135.65,0.094923,0.095168,0.095188,5
2135.75,0.094905,0.095151,0.095171,5
2135.85,0.094887,0.095134,0.095153,5
2135.95,0.094869,0.095117,0.095136,5
2136.05,0.094851,0.0951,0.095118,5
2136.15,0.094834,0.095083,0.095102,5
2136.25,0.094816,0.095067,0.095085,5
2136.35,0.094798,0.09505,0.095067,5
2136.45,0.09478,0.095033,0.09505,5
2136.55,0.094762,0.095016,0.095032,5
2136.65,0.094744,0.094999,0.095015,5
2136.75,0.094727,0.094982,0.094998,5
2136.85,0.094709,0.094966,0.094981,5
2136.95,0.094692,0.094949,0.094964,5
2137.05,0.094674,0.094932,0.094946,5
2137.15,0.094656,0.094915,0.094929,5
2137.25,0.094638,0.094898,0.094912,5
2137.35,0.094621,0.094881,0.094894,5
2137.45,0.094603,0.094864,0.094878,5
2137.55,0.094585,0.094848,0.094861,5
2137.65,0.094567,0.094831,0.094843,5
2137.75,0.09455,0.094814,0.094826,5
2137.85,0.094532,0.094797,0.094808,5
2137.95,0.094515,0.09478,0.094791,5
2138.05,0.094497,0.094764,0.094775,5
2138.15,0.094479,0.094748,0.094757,5
2138.25,0.094461,0.094731,0.09474,5
2138.35,0.094444,0.094714,0.094723,5
2138.45,0.094426,0.094697,0.094705,5
2138.55,0.094408,0.09468,0.094688,5
2138.65,0.094391,0.094663,0.094671,5
2138.75,0.094373,0.094647,0.094655,5
2138.85,0.094356,0.09463,0.094637,5
2138.95,0.094338,0.094613,0.09462,5
2139.05,0.09432,0.094596,0.094603,5
2139.15,0.094302,0.09458,0.094585,5
2139.25,0.094286,0.094563,0.094568,5
2139.35,0.094268,0.094546,0.094552,5
2139.45,0.09425,0.09453,0.094534,5
2139.55,0.094232,0.094513,0.094517,5
2139.65,0.094215,0.094496,0.0945,5
2139.75,0.094197,0.094479,0.094483,5
2139.85,0.09418,0.094462,0.094465,5
2139.95,0.094163,0.094446,0.094448,5
2140.05,0.094145,0.09443,0.094432,5
2140.15,0.094127,0.094413,0.094415,5
2140.25,0.094109,0.094396,0.094397,5
2140.35,0.094092,0.094379,0.09438,5
2140.45,0.094075,0.094362,0.094363,5
2140.55,0.094057,0.094346,0.094346,5
2140.65,0.09404,0.094329,0.09433,5
2140.75,0.094022,0.094313,0.094312,5
2140.85,0.094005,0.094296,0.094295,5
2140.95,0.093987,0.094279,0.094278,5
2141.05,0.09397,0.094263,0.094261,5
2141.15,0.093953,0.094246,0.094244,5
2141.25,0.093935,0.094229,0.094227,5
2141.35,0.093918,0.094213,0.09421,5
2141.45,0.0939,0.094196,0.094193,5
2141.55,0.093882,0.09418,0.094176,5
2141.65,0.093865,0.094163,0.094159,5
2141.75,0.093848,0.094146,0.094142,5
2141.85,0.093831,0.094129,0.094125,5
2141.95,0.093813,0.094113,0.094109,5
2142.05,0.093796,0.094097,0.094091,5
2142.15,0.093778,0.09408,0.094074,5
2142.25,0.093761,0.094063,0.094057,5
2142.35,0.093744,0.094047,0.09404,5
2142.45,0.093727,0.09403,0.094023,5
2142.55,0.093709,0.094013,0.094006,5
2142.65,0.093692,0.093998,0.09399,5
2142.75,0.093674,0.093981,0.093973,5
2142.85,0.093657,0.093964,0.093956,5
2142.95,0.09364,0.093948,0.093939,5
2143.05,0.093623,0.093931,0.093922,5
2143.15,0.093606,0.093914,0.093905,5
2143.25,0.093588,0.093898,0.093889,5
2143.35,0.093571,0.093882,0.093872,5
2143.45,0.093553,0.093865,0.093855,5
2143.55,0.093537,0.093849,0.093838,5
2143.65,0.09352,0.093832,0.093821,5
2143.75,0.093502,0.093815,0.093804,5
2143.85,0.093485,0.093799,0.093787,5
2143.95,0.093468,0.093783,0.093771,5
2144.05,0.09345,0.093766,0.093754,5
2144.15,0.093433,0.09375,0.093737,5
2144.25,0.093417,0.093733,0.09372,5
2144.35,0.0934,0.093717,0.093703,5
2144.45,0.093382,0.0937,0.093686,5
2144.55,0.093365,0.093683,0.09367,5
2144.65,0.093348,0.093668,0.093653,5
2144.75,0.093331,0.093651,0.093636,5
2144.85,0.093314,0.093635,0.09362,5
2144.95,0.093297,0.093618,0.093603,5
2145.05,0.09328,0.093602,0.093586,5
2145.15,0.093263,0.093585,0.093569,5
2145.25,0.093246,0.093569,0.093553,5
2145.35,0.093228,0.093553,0.093536,5
2145.45,0.093212,0.093537,0.09352,5
2145.55,0.093195,0.09352,0.093503,5
2145.65,0.093178,0.093504,0.093486,5
2145.75,0.093161,0.093487,0.093469,5
2145.85,0.093144,0.093471,0.093453,5
2145.95,0.093127,0.093455,0.093436,5
2146.05,0.09311,0.093438,0.09342,5
2146.15,0.093094,0.093422,0.093403,5
2146.25,0.093077,0.093405,0.093386,5
2146.35,0.09306,0.093389,0.093369,5
2146.45,0.093043,0.093373,0.093353,5
2146.55,0.093026,0.093356,0.093337,5
2146.65,0.093009,0.093341,0.09332,5
2146.75,0.092993,0.093324,0.093303,5
2146.85,0.092976,0.093308,0.093287,5
2146.95,0.092959,0.093291,0.09327,5
2147.05,0.092942,0.093275,0.093253,5
2147.15,0.092925,0.093258,0.093237,5
2147.25,0.092908,0.093243,0.093221,5
2147.35,0.092891,0.093227,0.093204,5
2147.45,0.092875,0.09321,0.093188,5
2147.55,0.092858,0.093194,0.093171,5
2147.65,0.092842,0.093177,0.093154,5
2147.75,0.092825,0.093161,0.093138,5
2147.85,0.092808,0.093145,0.093122,5
2147.95,0.092791,0.093129,0.093105,5
2148.05,0.092775,0.093113,0.093089,5
2148.15,0.092759,0.093097,0.093072,5
2148.25,0.092742,0.09308,0.093056,5
2148.35,0.092725,0.093064,0.093039,5
2148.45,0.092708,0.093048,0.093023,5
2148.55,0.092692,0.093031,0.093007,5
2148.65,0.092675,0.093016,0.092991,5
2148.75,0.092659,0.093,0.092974,5
2148.85,0.092642,0.092983,0.092958,5
2148.95,0.092626,0.092967,0.092941,5
2149.05,0.092609,0.092951,0.092925,5
2149.15,0.092593,0.092935,0.092908,5
2149.25,0.092576,0.092918,0.092893,5
2149.35,0.09256,0.092903,0.092876,5
2149.45,0.092544,0.092887,0.09286,5
2149.55,0.092527,0.092871,0.092843,5
2149.65,0.092511,0.092855,0.092827,5
2149.75,0.092494,0.092838,0.092811,5
2149.85,0.092477,0.092822,0.092795,5
2149.95,0.092461,0.092807,0.092779,5
2150.05,0.092445,0.092791,0.092762,5
2150.15,0.092429,0.092775,0.092746,5
2150.25,0.092412,0.092759,0.09273,5
2150.35,0.092396,0.092742,0.092713,5
2150.45,0.09238,0.092726,0.092697,5
2150.55,0.092363,0.09271,0.092682,5
2150.65,0.092347,0.092695,0.092666,5
2150.75,0.092331,0.092679,0.092649,5
2150.85,0.092315,0.092663,0.092633,5
2150.95,0.092299,0.092647,0.092617,5
2151.05,0.092282,0.092631,0.092601,5
2151.15,0.092266,0.092615,0.092584,5
2151.25,0.09225,0.092599,0.092569,5
2151.35,0.092234,0.092584,0.092553,5
2151.45,0.092218,0.092568,0.092537,5
2151.55,0.092202,0.092552,0.092521,5
2151.65,0.092185,0.092536,0.092504,5
2151.75,0.092169,0.09252,0.092488,5
2151.85,0.092153,0.092504,0.092472,5
2151.95,0.092137,0.092488,0.092457,5
2152.05,0.092122,0.092473,0.092441,5
2152.15,0.092105,0.092457,0.092425,5
2152.25,0.092089,0.092441,0.092409,5
2152.35,0.092073,0.092425,0.092393,5
2152.45,0.092057,0.092409,0.092376,5
2152.55,0.092041,0.092393,0.09236,5
2152.65,0.092025,0.092378,0.092345,5
2152.75,0.09201,0.092362,0.092329,5
2152.85,0.091994,0.092347,0.092313,5
2152.95,0.091977,0.092331,0.092297,5
2153.05,0.091961,0.092315,0.092281,5
2153.15,0.091945,0.092299,0.092265,5
2153.25,0.091929,0.092283,0.092249,5
2153.35,0.091913,0.092268,0.092235,5
2153.45,0.091898,0.092253,0.092219,5
2153.55,0.091883,0.092237,0.092203,5
2153.65,0.091867,0.092221,0.092187,5
2153.75,0.091851,0.092205,0.092171,5
2153.85,0.091835,0.092189,0.092155,5
2153.95,0.091819,0.092174,0.092139,5
2154.05,0.091803,0.092159,0.092124,5
2154.15,0.091788,0.092143,0.092108,5
2154.25,0.091772,0.092127,0.092093,5
2154.35,0.091756,0.092112,0.092077,5
2154.45,0.091741,0.092096,0.092061,5
2154.55,0.091725,0.09208,0.092045,5
2154.65,0.091709,0.092065,0.092029,5
2154.75,0.091694,0.09205,0.092015,5
2154.85,0.091679,0.092034,0.091999,5
2154.95,0.091663,0.092019,0.091983,5
2155.05,0.091647,0.092003,0.091967,5
2155.15,0.091631,0.091988,0.091952,5
2155.25,0.091616,0.091972,0.091936,5
2155.35,0.0916,0.091956,0.09192,5
2155.45,0.091585,0.091942,0.091906,5
2155.55,0.09157,0.091926,0.09189,5
2155.65,0.091554,0.091911,0.091874,5
2155.75,0.091539,0.091895,0.091859,5
2155.85,0.091523,0.09188,0.091843,5
2155.95,0.091508,0.091864,0.091828,5
2156.05,0.091492,0.091849,0.091812,5
2156.15,0.091477,0.091834,0.091798,5
2156.25,0.091462,0.091819,0.091782,5
2156.35,0.091447,0.091803,0.091766,5
2156.45,0.091431,0.091788,0.091751,5
2156.55,0.091416,0.091772,0.091735,5
2156.65,0.0914,0.091757,0.09172,5
2156.75,0.091385,0.091741,0.091704,5
2156.85,0.091369,0.091727,0.09169,5
2156.95,0.091355,0.091712,0.091675,5
2157.05,0.09134,0.091696,0.091659,5
2157.15,0.091324,0.091681,0.091644,5
2157.25,0.091309,0.091665,0.091628,5
2157.35,0.091294,0.09165,0.091613,5
2157.45,0.091278,0.091635,0.091598,5
2157.55,0.091263,0.09162,0.091583,5
2157.65,0.091249,0.091605,0.091568,5
2157.75,0.091234,0.09159,0.091553,5
2157.85,0.091218,0.091575,0.091537,5
2157.95,0.091203,0.091559,0.091522,5
2158.05,0.091188,0.091544,0.091507,5
2158.15,0.091173,0.091529,0.091492,5
2158.25,0.091158,0.091514,0.091477,5
2158.35,0.091144,0.0915,0.091462,5
2158.45,0.091129,0.091485,0.091447,5
2158.55,0.091114,0.091469,0.091432,5
2158.65,0.0911,0.091454,0.091417,5
2158.75,0.091085,0.091439,0.091402,5
2158.85,0.09107,0.091424,0.091387,5
2158.95,0.091055,0.091409,0.091372,5
2159.05,0.091041,0.091395,0.091358,5
2159.15,0.091026,0.09138,0.091343,5
2159.25,0.091012,0.091365,0.091328,5
2159.35,0.090997,0.09135,0.091313,5
2159.45,0.090982,0.091335,0.091298,5
2159.55,0.090967,0.09132,0.091283,5
2159.65,0.090953,0.091305,0.091268,5
2159.75,0.090938,0.091291,0.091254,5
2159.85,0.090924,0.091276,0.091239,5
2159.95,0.090909,0.091261,0.091224,5
2160.05,0.090895,0.091246,0.091209,5
2160.15,0.09088,0.091231,0.091195,5
2160.25,0.090866,0.091217,0.09118,5
2160.35,0.090851,0.091202,0.091165,5
2160.45,0.090836,0.091188,0.09115,5
2160.55,0.090823,0.091173,0.091136,5
2160.65,0.090808,0.091158,0.091121,5
2160.75,0.090794,0.091143,0.091107,5
2160.85,0.090779,0.091128,0.091092,5
2160.95,0.090765,0.091114,0.091077,5
2161.05,0.09075,0.091099,0.091062,5
2161.15,0.090736,0.091084,0.091048,5
2161.25,0.090721,0.09107,0.091034,5
2161.35,0.090708,0.091055,0.091019,5
2161.45,0.090693,0.091041,0.091005,5
2161.55,0.090679,0.091026,0.09099,5
2161.65,0.090665,0.091011,0.090975,5
2161.75,0.09065,0.090997,0.090961,5
2161.85,0.090636,0.090982,0.090946,5
2161.95,0.090622,0.090968,0.090932,5
2162.05,0.090608,0.090954,0.090918,5
2162.15,0.090594,0.090939,0.090903,5
2162.25,0.09058,0.090924,0.090889,5
2162.35,0.090565,0.09091,0.090874,5
2162.45,0.090551,0.090895,0.09086,5
2162.55,0.090537,0.09088,0.090845,5
2162.65,0.090523,0.090866,0.090831,5
2162.75,0.090509,0.090852,0.090816,5
2162.85,0.090495,0.090838,0.090803,5
2162.95,0.090481,0.090823,0.090788,5
2163.05,0.090467,0.090808,0.090774,5
2163.15,0.090453,0.090794,0.090759,5
2163.25,0.090439,0.090779,0.090745,5
2163.35,0.090425,0.090765,0.090731,5
2163.45,0.090411,0.090751,0.090716,5
2163.55,0.090397,0.090737,0.090703,5
2163.65,0.090384,0.090722,0.090688,5
2163.75,0.090369,0.090708,0.090674,5
2163.85,0.090355,0.090693,0.09066,5
2163.95,0.090341,0.090679,0.090645,5
2164.05,0.090327,0.090664,0.090631,5
2164.15,0.090313,0.09065,0.090617,5
2164.25,0.090299,0.090637,0.090603,5
2164.35,0.090286,0.090622,0.090589,5
2164.45,0.090273,0.090608,0.090575,5
2164.55,0.090259,0.090593,0.090561,5
2164.65,0.090245,0.090579,0.090547,5
2164.75,0.090231,0.090565,0.090532,5
2164.85,0.090217,0.09055,0.090518,5
2164.95,0.090203,0.090537,0.090504,5
2165.05,0.090189,0.090523,0.09049,5
2165.15,0.090175,0.090508,0.090477,5
2165.25,0.090163,0.090494,0.090463,5
2165.35,0.090149,0.09048,0.090448,5
2165.45,0.090135,0.090465,0.090434,5
2165.55,0.090121,0.090451,0.09042,5
2165.65,0.090108,0.090437,0.090406,5
2165.75,0.090094,0.090424,0.090392,5
2165.85,0.09008,0.090409,0.090378,5
2165.95,0.090066,0.090395,0.090365,5
2166.05,0.090054,0.090381,0.090351,5
2166.15,0.09004,0.090367,0.090337,5
2166.25,0.090026,0.090352,0.090323,5
2166.35,0.090013,0.090338,0.090309,5
2166.45,0.089999,0.090324,0.090295,5
2166.55,0.089985,0.090311,0.090281,5
2166.65,0.089972,0.090297,0.090267,5
2166.75,0.089958,0.090283,0.090254,5
2166.85,0.089946,0.090269,0.09024,5
2166.95,0.089932,0.090254,0.090226,5
2167.05,0.089918,0.09024,0.090212,5
2167.15,0.089905,0.090226,0.090198,5
2167.25,0.089891,0.090213,0.090185,5
2167.35,0.089878,0.090199,0.090171,5
2167.45,0.089864,0.090185,0.090157,5
2167.55,0.089851,0.090171,0.090144,5
2167.65,0.089838,0.090157,0.09013,5
2167.75,0.089825,0.090143,0.090116,5
2167.85,0.089811,0.090129,0.090103,5
2167.95,0.089798,0.090115,0.090089,5
2168.05,0.089785,0.090102,0.090075,5
2168.15,0.089771,0.090088,0.090061,5
2168.25,0.089758,0.090074,0.090047,5
2168.35,0.089744,0.09006,0.090035,5
2168.45,0.089732,0.090046,0.090021,5
2168.55,0.089719,0.090032,0.090007,5
2168.65,0.089705,0.090018,0.089994,5
2168.75,0.089692,0.090004,0.08998,5
2168.85,0.089679,0.089991,0.089966,5
2168.95,0.089665,0.089977,0.089952,5
2169.05,0.089652,0.089963,0.089939,5
2169.15,0.089639,0.089949,0.089926,5
2169.25,0.089626,0.089935,0.089913,5
2169.35,0.089613,0.089921,0.089899,5
2169.45,0.0896,0.089908,0.089885,5
2169.55,0.089587,0.089894,0.089872,5
2169.65,0.089573,0.089881,0.089858,5
2169.75,0.08956,0.089867,0.089845,5
2169.85,0.089547,0.089853,0.089831,5
2169.95,0.089534,0.089839,0.089819,5
2170.05,0.089522,0.089825,0.089805,5
2170.15,0.089509,0.089812,0.089791,5
2170.25,0.089495,0.089798,0.089778,5
2170.35,0.089482,0.089784,0.089764,5
2170.45,0.089469,0.089771,0.089751,5
2170.55,0.089456,0.089757,0.089738,5
2170.65,0.089443,0.089744,0.089724,5
2170.75,0.08943,0.08973,0.089712,5
2170.85,0.089417,0.089716,0.089698,5
2170.95,0.089405,0.089702,0.089685,5
2171.05,0.089392,0.089689,0.089672,5
2171.15,0.089379,0.089675,0.089658,5
2171.25,0.089366,0.089662,0.089645,5
2171.35,0.089353,0.089649,0.089631,5
2171.45,0.08934,0.089635,0.089618,5
2171.55,0.089327,0.089621,0.089605,5
2171.65,0.089314,0.089608,0.089592,5
2171.75,0.089302,0.089594,0.089579,5
2171.85,0.089289,0.08958,0.089566,5
2171.95,0.089276,0.089567,0.089553,5
2172.05,0.089263,0.089554,0.089539,5
2172.15,0.08925,0.08954,0.089526,5
2172.25,0.089237,0.089527,0.089513,5
2172.35,0.089224,0.089513,0.089499,5
2172.45,0.089211,0.0895,0.089487,5
2172.55,0.089198,0.089486,0.089474,5
2172.65,0.089186,0.089472,0.089461,5
2172.75,0.089173,0.089459,0.089448,5
2172.85,0.089161,0.089446,0.089434,5
2172.95,0.089148,0.089433,0.089421,5
2173.05,0.089135,0.089419,0.089408,5
2173.15,0.089122,0.089405,0.089395,5
2173.25,0.089109,0.089392,0.089383,5
2173.35,0.089096,0.089378,0.08937,5
2173.45,0.089085,0.089365,0.089356,5
2173.55,0.089072,0.089351,0.089343,5
2173.65,0.089059,0.089339,0.08933,5
2173.75,0.089046,0.089325,0.089317,5
2173.85,0.089033,0.089312,0.089304,5
2173.95,0.089021,0.089298,0.089291,5
2174.05,0.089008,0.089285,0.089278,5
2174.15,0.088995,0.089271,0.089266,5
2174.25,0.088982,0.089258,0.089253,5
2174.35,0.088971,0.089245,0.08924,5
2174.45,0.088958,0.089232,0.089227,5
2174.55,0.088945,0.089219,0.089214,5
2174.65,0.088933,0.089205,0.089201,5
2174.75,0.08892,0.089192,0.089188,5
2174.85,0.088907,0.089178,0.089175,5
2174.95,0.088895,0.089165,0.089163,5
2175.05,0.088882,0.089152,0.08915,5
2175.15,0.08887,0.089138,0.089137,5
2175.25,0.088858,0.089126,0.089124,5
2175.35,0.088845,0.089112,0.089111,5
2175.45,0.088832,0.089099,0.089098,5
2175.55,0.08882,0.089086,0.089085,5
2175.65,0.088807,0.089072,0.089072,5
2175.75,0.088795,0.089059,0.089059,5
2175.85,0.088782,0.089046,0.089047,5
2175.95,0.088769,0.089032,0.089034,5
2176.05,0.088758,0.08902,0.089021,5
2176.15,0.088745,0.089007,0.089008,5
2176.25,0.088733,0.088993,0.088996,5
2176.35,0.08872,0.08898,0.088983,5
2176.45,0.088708,0.088967,0.08897,5
2176.55,0.088695,0.088953,0.088957,5
2176.65,0.088682,0.08894,0.088944,5
2176.75,0.08867,0.088927,0.088932,5
2176.85,0.088657,0.088914,0.08892,5
2176.95,0.088646,0.088901,0.088907,5
2177.05,0.088633,0.088888,0.088894,5
2177.15,0.088621,0.088875,0.088881,5
2177.25,0.088608,0.088861,0.088868,5
2177.35,0.088596,0.088848,0.088856,5
2177.45,0.088583,0.088835,0.088843,5
2177.55,0.088571,0.088822,0.088831,5
2177.65,0.088558,0.088809,0.088818,5
2177.75,0.088546,0.088796,0.088805,5
2177.85,0.088534,0.088783,0.088793,5
2177.95,0.088522,0.08877,0.08878,5
2178.05,0.08851,0.088757,0.088767,5
2178.15,0.088497,0.088743,0.088754,5
2178.25,0.088485,0.08873,0.088742,5
2178.35,0.088472,0.088717,0.088729,5
2178.45,0.08846,0.088704,0.088717,5
2178.55,0.088447,0.088692,0.088705,5
2178.65,0.088436,0.088678,0.088692,5
2178.75,0.088424,0.088665,0.088679,5
2178.85,0.088411,0.088652,0.088667,5
2178.95,0.088399,0.088639,0.088654,5
2179.05,0.088386,0.088626,0.088641,5
2179.15,0.088374,0.088613,0.088629,5
2179.25,0.088362,0.088599,0.088616,5
2179.35,0.088349,0.088587,0.088604,5
2179.45,0.088337,0.088574,0.088592,5
2179.55,0.088326,0.088561,0.088579,5
2179.65,0.088313,0.088548,0.088566,5
2179.75,0.088301,0.088535,0.088554,5
2179.85,0.088288,0.088522,0.088541,5
2179.95,0.088276,0.088508,0.088528,5
2180.05,0.088264,0.088495,0.088516,5
2180.15,0.088251,0.088483,0.088504,5
2180.25,0.088239,0.08847,0.088492,5
2180.35,0.088227,0.088457,0.088479,5
2180.45,0.088215,0.088444,0.088467,5
2180.55,0.088203,0.088431,0.088454,5
2180.65,0.088191,0.088418,0.088441,5
2180.75,0.088178,0.088405,0.088429,5
2180.85,0.088166,0.088392,0.088416,5
2180.95,0.088154,0.088379,0.088404,5
2181.05,0.088142,0.088366,0.088392,5
2181.15,0.088129,0.088353,0.08838,5
2181.25,0.088117,0.08834,0.088367,5
2181.35,0.088106,0.088327,0.088355,5
2181.45,0.088093,0.088314,0.088342,5
2181.55,0.088081,0.088301,0.088329,5
2181.65,0.088069,0.088288,0.088317,5
2181.75,0.088056,0.088275,0.088304,5
2181.85,0.088044,0.088263,0.088292,5
2181.95,0.088032,0.08825,0.08828,5
2182.05,0.08802,0.088237,0.088268,5
2182.15,0.088007,0.088224,0.088255,5
2182.25,0.087996,0.088211,0.088243,5
2182.35,0.087984,0.088198,0.08823,5
2182.45,0.087971,0.088185,0.088218,5
2182.55,0.087959,0.088171,0.088205,5
2182.65,0.087946,0.088159,0.088193,5
2182.75,0.087934,0.088146,0.08818,5
2182.85,0.087921,0.088133,0.088168,5
2182.95,0.087909,0.08812,0.088156,5
2183.05,0.087897,0.088107,0.088143,5
2183.15,0.087885,0.088093,0.088131,5
2183.25,0.087873,0.08808,0.088118,5
2183.35,0.08786,0.088067,0.088106,5
2183.45,0.087848,0.088054,0.088093,5
2183.55,0.087835,0.088042,0.08808,5
2183.65,0.087823,0.088029,0.088068,5
2183.75,0.08781,0.088015,0.088056,5
2183.85,0.087798,0.088002,0.088044,5
2183.95,0.087786,0.087989,0.088031,5
2184.05,0.087774,0.087976,0.088019,5
2184.15,0.087762,0.087963,0.088006,5
2184.25,0.087749,0.08795,0.087994,5
2184.35,0.087737,0.087938,0.087981,5
2184.45,0.087724,0.087924,0.087969,5
2184.55,0.087712,0.087911,0.087956,5
2184.65,0.0877,0.087898,0.087945,5
2184.75,0.087687,0.087885,0.087932,5
2184.85,0.087676,0.087872,0.087919,5
2184.95,0.087663,0.087859,0.087907,5
2185.05,0.087651,0.087846,0.087894,5
2185.15,0.087638,0.087834,0.087882,5
2185.25,0.087626,0.087821,0.087869,5
2185.35,0.087614,0.087807,0.087857,5
2185.45,0.087601,0.087794,0.087844,5
2185.55,0.087589,0.087781,0.087833,5
2185.65,0.087576,0.087768,0.08782,5
2185.75,0.087565,0.087755,0.087808,5
2185.85,0.087553,0.087742,0.087795,5
2185.95,0.08754,0.087729,0.087783,5
2186.05,0.087528,0.087717,0.08777,5
2186.15,0.087515,0.087704,0.087758,5
2186.25,0.087503,0.087691,0.087746,5
2186.35,0.08749,0.087677,0.087734,5
2186.45,0.087478,0.087664,0.087722,5
2186.55,0.087466,0.087651,0.087709,5
2186.65,0.087454,0.087638,0.087697,5
2186.75,0.087442,0.087625,0.087684,5
2186.85,0.087429,0.087613,0.087672,5
2186.95,0.087417,0.0876,0.087659,5
2187.05,0.087405,0.087587,0.087647,5
2187.15,0.087392,0.087574,0.087634,5
2187.25,0.08738,0.087561,0.087623,5
2187.35,0.087368,0.087548,0.08761,5
2187.45,0.087355,0.087535,0.087598,5
2187.55,0.087344,0.087522,0.087586,5
2187.65,0.087331,0.08751,0.087573,5
2187.75,0.087319,0.087497,0.087561,5
2187.85,0.087307,0.087484,0.087548,5
2187.95,0.087294,0.08747,0.087536,5
2188.05,0.087282,0.087457,0.087523,5
2188.15,0.087269,0.087444,0.087512,5
2188.25,0.087257,0.087431,0.087499,5
2188.35,0.087245,0.087418,0.087487,5
2188.45,0.087233,0.087405,0.087475,5
2188.55,0.087221,0.087393,0.087462,5
2188.65,0.087208,0.08738,0.08745,5
2188.75,0.087196,0.087367,0.087437,5
2188.85,0.087184,0.087354,0.087425,5
2188.95,0.087171,0.087341,0.087412,5
2189.05,0.087159,0.087328,0.087401,5
2189.15,0.087147,0.087315,0.087388,5
2189.25,0.087134,0.087302,0.087376,5
2189.35,0.087123,0.08729,0.087364,5
2189.45,0.08711,0.087277,0.087351,5
2189.55,0.087098,0.087264,0.087339,5
2189.65,0.087086,0.087251,0.087326,5
2189.75,0.087073,0.087238,0.087314,5
2189.85,0.087061,0.087225,0.087301,5
2189.95,0.087048,0.087212,0.08729,5
2190.05,0.087036,0.087199,0.087278,5
2190.15,0.087025,0.087187,0.087265,5
2190.25,0.087012,0.087174,0.087253,5
2190.35,0.087,0.087161,0.08724,5
2190.45,0.086988,0.087148,0.087228,5
2190.55,0.086975,0.087135,0.087216,5
2190.65,0.086963,0.087122,0.087203,5
2190.75,0.08695,0.087109,0.087191,5
2190.85,0.086938,0.087096,0.087179,5
2190.95,0.086926,0.087083,0.087167,5
2191.05,0.086914,0.087071,0.087154,5
2191.15,0.086902,0.087058,0.087142,5
2191.25,0.086889,0.087045,0.08713,5
2191.35,0.086877,0.087032,0.087117,5
2191.45,0.086865,0.087019,0.087105,5
2191.55,0.086852,0.087006,0.087092,5
2191.65,0.08684,0.086993,0.08708,5
2191.75,0.086827,0.08698,0.087068,5
2191.85,0.086815,0.086968,0.087056,5
2191.95,0.086804,0.086955,0.087044,5
2192.05,0.086791,0.086942,0.087031,5
2192.15,0.086779,0.086929,0.087019,5
2192.25,0.086767,0.086916,0.087006,5
2192.35,0.086754,0.086903,0.086994,5
2192.45,0.086742,0.08689,0.086981,5
2192.55,0.086729,0.086877,0.086969,5
2192.65,0.086717,0.086864,0.086958,5
2192.75,0.086705,0.086852,0.086945,5
2192.85,0.086693,0.086839,0.086933,5
2192.95,0.086681,0.086826,0.08692,5
2193.05,0.086668,0.086813,0.086908,5
2193.15,0.086656,0.0868,0.086895,5
2193.25,0.086644,0.086787,0.086883,5
2193.35,0.086631,0.086774,0.08687,5
2193.45,0.086619,0.086761,0.086858,5
2193.55,0.086606,0.086749,0.086847,5
2193.65,0.086594,0.086736,0.086834,5
2193.75,0.086582,0.086723,0.086822,5
2193.85,0.08657,0.08671,0.086809,5
2193.95,0.086558,0.086697,0.086797,5
2194.05,0.086545,0.086684,0.086784,5
2194.15,0.086533,0.086671,0.086772,5
2194.25,0.08652,0.086658,0.086759,5
2194.35,0.086508,0.086646,0.086747,5
2194.45,0.086496,0.086633,0.086735,5
2194.55,0.086483,0.08662,0.086723,5
2194.65,0.086471,0.086607,0.08671,5
2194.75,0.086459,0.086594,0.086698,5
2194.85,0.086446,0.086581,0.086685,5
2194.95,0.086434,0.086568,0.086672,5
2195.05,0.086421,0.086555,0.08666,5
2195.15,0.086409,0.086542,0.086647,5
2195.25,0.086396,0.08653,0.086635,5
2195.35,0.086384,0.086516,0.086623,5
2195.45,0.086372,0.086503,0.08661,5
2195.55,0.086359,0.08649,0.086598,5
2195.65,0.086347,0.086477,0.086585,5
2195.75,0.086334,0.086464,0.086573,5
2195.85,0.086322,0.086451,0.08656,5
2195.95,0.086309,0.086438,0.086547,5
2196.05,0.086297,0.086426,0.086535,5
2196.15,0.086284,0.086413,0.086523,5
2196.25,0.086271,0.0864,0.08651,5
2196.35,0.08626,0.086387,0.086498,5
2196.45,0.086247,0.086374,0.086485,5
2196.55,0.086235,0.08636,0.086473,5
2196.65,0.086222,0.086347,0.08646,5
2196.75,0.086209,0.086334,0.086447,5
2196.85,0.086197,0.086322,0.086435,5
2196.95,0.086184,0.086309,0.086422,5
2197.05,0.086172,0.086296,0.08641,5
2197.15,0.086159,0.086283,0.086398,5
2197.25,0.086147,0.08627,0.086385,5
2197.35,0.086135,0.086257,0.086372,5
2197.45,0.086122,0.086244,0.08636,5
2197.55,0.08611,0.086231,0.086347,5
2197.65,0.086097,0.086218,0.086334,5
2197.75,0.086084,0.086206,0.086322,5
2197.85,0.086072,0.086192,0.086309,5
2197.95,0.086059,0.086179,0.086297,5
2198.05,0.086048,0.086166,0.086285,5
2198.15,0.086035,0.086153,0.086272,5
2198.25,0.086022,0.08614,0.086259,5
2198.35,0.08601,0.086127,0.086247,5
2198.45,0.085997,0.086114,0.086234,5
2198.55,0.085985,0.086102,0.086221,5
2198.65,0.085972,0.086089,0.086209,5
2198.75,0.085959,0.086076,0.086196,5
2198.85,0.085947,0.086063,0.086184,5
2198.95,0.085935,0.08605,0.086171,5
2199.05,0.085922,0.086036,0.086159,5
2199.15,0.08591,0.086023,0.086146,5
2199.25,0.085897,0.08601,0.086133,5
2199.35,0.085884,0.085998,0.086121,5
2199.45,0.085872,0.085985,0.086108,5
2199.55,0.085859,0.085972,0.086095,5
2199.65,0.085847,0.085959,0.086083,5
2199.75,0.085834,0.085946,0.086071,5
2199.85,0.085822,0.085933,0.086058,5
2199.95,0.08581,0.08592,0.086045,5
2200.05,0.085797,0.085907,0.086032,5
2200.15,0.085784,0.085894,0.08602,5
2200.25,0.085772,0.085882,0.086007,5
2200.35,0.085759,0.085868,0.085994,5
2200.45,0.085746,0.085855,0.085981,5
2200.55,0.085734,0.085842,0.08597,5
2200.65,0.085722,0.085829,0.085957,5
2200.75,0.085709,0.085816,0.085944,5
2200.85,0.085697,0.085803,0.085931,5
2200.95,0.085684,0.08579,0.085919,5
2201.05,0.085671,0.085778,0.085906,5
2201.15,0.085659,0.085765,0.085893,5
2201.25,0.085646,0.085752,0.08588,5
2201.35,0.085633,0.085739,0.085867,5
2201.45,0.085621,0.085726,0.085856,5
2201.55,0.085609,0.085713,0.085843,5
2201.65,0.085596,0.085699,0.08583,5
2201.75,0.085584,0.085686,0.085817,5
2201.85,0.085571,0.085674,0.085804,5
2201.95,0.085558,0.085661,0.085792,5
2202.05,0.085545,0.085648,0.085779,5
2202.15,0.085533,0.085635,0.085766,5
2202.25,0.08552,0.085622,0.085754,5
2202.35,0.085507,0.085609,0.085741,5
2202.45,0.085496,0.085596,0.085728,5
2202.55,0.085483,0.085583,0.085716,5
2202.65,0.08547,0.08557,0.085703,5
2202.75,0.085457,0.085558,0.08569,5
2202.85,0.085445,0.085544,0.085677,5
2202.95,0.085432,0.085531,0.085664,5
2203.05,0.085419,0.085518,0.085651,5
2203.15,0.085407,0.085505,0.085639,5
2203.25,0.085395,0.085492,0.085626,5
2203.35,0.085382,0.085479,0.085614,5
2203.45,0.085369,0.085466,0.085601,5
2203.55,0.085357,0.085454,0.085588,5
2203.65,0.085344,0.085441,0.085575,5
2203.75,0.085331,0.085428,0.085562,5
2203.85,0.085319,0.085415,0.085549,5
2203.95,0.085306,0.085402,0.085536,5
2204.05,0.085293,0.085388,0.085524,5
2204.15,0.085281,0.085375,0.085511,5
2204.25,0.085269,0.085362,0.085498,5
2204.35,0.085256,0.08535,0.085486,5
2204.45,0.085243,0.085337,0.085473,5
2204.55,0.08523,0.085324,0.08546,5
2204.65,0.085218,0.085311,0.085447,5
2204.75,0.085205,0.085298,0.085434,5
2204.85,0.085192,0.085285,0.085422,5
2204.95,0.085179,0.085272,0.085409,5
2205.05,0.085167,0.085259,0.085396,5
2205.15,0.085155,0.085246,0.085383,5
2205.25,0.085142,0.085233,0.08537,5
2205.35,0.085129,0.08522,0.085357,5
2205.45,0.085116,0.085207,0.085344,5
2205.55,0.085104,0.085194,0.085331,5
2205.65,0.085091,0.085181,0.085318,5
2205.75,0.085078,0.085168,0.085306,5
2205.85,0.085066,0.085155,0.085293,5
2205.95,0.085053,0.085142,0.08528,5
2206.05,0.085041,0.08513,0.085267,5
2206.15,0.085028,0.085117,0.085254,5
2206.25,0.085015,0.085104,0.085241,5
2206.35,0.085002,0.08509,0.085228,5
2206.45,0.08499,0.085077,0.085215,5
2206.55,0.084977,0.085064,0.085203,5
2206.65,0.084964,0.085051,0.08519,5
2206.75,0.084952,0.085038,0.085176,5
2206.85,0.084939,0.085026,0.085163,5
2206.95,0.084926,0.085013,0.08515,5
2207.05,0.084913,0.085,0.085137,5
2207.15,0.0849,0.084986,0.085124,5
2207.25,0.084888,0.084973,0.08511,5
2207.35,0.084875,0.08496,0.085097,5
2207.45,0.084862,0.084947,0.085085,5
2207.55,0.08485,0.084934,0.085072,5
2207.65,0.084837,0.084921,0.085058,5
2207.75,0.084824,0.084909,0.085045,5
2207.85,0.084811,0.084895,0.085032,5
2207.95,0.084798,0.084882,0.085019,5
2208.05,0.084786,0.084869,0.085005,5
2208.15,0.084773,0.084856,0.084992,5
2208.25,0.08476,0.084843,0.08498,5
2208.35,0.084747,0.08483,0.084966,5
2208.45,0.084735,0.084817,0.084953,5
2208.55,0.084722,0.084804,0.08494,5
2208.65,0.084709,0.084791,0.084927,5
2208.75,0.084696,0.084778,0.084913,5
2208.85,0.084683,0.084765,0.0849,5
2208.95,0.08467,0.084752,0.084887,5
2209.05,0.084657,0.084739,0.084874,5
2209.15,0.084645,0.084726,0.084861,5
2209.25,0.084633,0.084712,0.084848,5
2209.35,0.08462,0.0847,0.084834,5
2209.45,0.084607,0.084687,0.084821,5
2209.55,0.084594,0.084674,0.084808,5
2209.65,0.084581,0.084661,0.084794,5
2209.75,0.084568,0.084648,0.084781,5
2209.85,0.084555,0.084634,0.084767,5
2209.95,0.084542,0.084621,0.084755,5
2210.05,0.084529,0.084608,0.084742,5
2210.15,0.084517,0.084595,0.084728,5
2210.25,0.084504,0.084583,0.084715,5
2210.35,0.084491,0.08457,0.084702,5
2210.45,0.084478,0.084556,0.084688,5
2210.55,0.084465,0.084543,0.084675,5
2210.65,0.084452,0.08453,0.084661,5
2210.75,0.084439,0.084517,0.084649,5
2210.85,0.084426,0.084504,0.084635,5
2210.95,0.084414,0.084491,0.084622,5
2211.05,0.084401,0.084478,0.084609,5
2211.15,0.084388,0.084465,0.084595,5
2211.25,0.084375,0.084452,0.084582,5
2211.35,0.084362,0.084439,0.084568,5
2211.45,0.084349,0.084426,0.084555,5
2211.55,0.084336,0.084412,0.084542,5
2211.65,0.084323,0.084399,0.084529,5
2211.75,0.084311,0.084386,0.084515,5
2211.85,0.084298,0.084374,0.084502,5
2211.95,0.084285,0.084361,0.084488,5
2212.05,0.084272,0.084348,0.084475,5
2212.15,0.084259,0.084334,0.084461,5
2212.25,0.084246,0.084321,0.084448,5
2212.35,0.084233,0.084308,0.084434,5
2212.45,0.08422,0.084295,0.084422,5
2212.55,0.084207,0.084282,0.084408,5
2212.65,0.084195,0.084269,0.084395,5
2212.75,0.084182,0.084256,0.084381,5
2212.85,0.084169,0.084243,0.084368,5
2212.95,0.084156,0.08423,0.084354,5
2213.05,0.084143,0.084217,0.084341,5
2213.15,0.08413,0.084203,0.084327,5
2213.25,0.084117,0.08419,0.084315,5
2213.35,0.084104,0.084177,0.084301,5
2213.45,0.084092,0.084164,0.084287,5
2213.55,0.084079,0.084151,0.084274,5
2213.65,0.084065,0.084138,0.08426,5
2213.75,0.084052,0.084125,0.084247,5
2213.85,0.084039,0.084112,0.084233,5
2213.95,0.084026,0.084099,0.084219,5
2214.05,0.084013,0.084085,0.084207,5
2214.15,0.084,0.084072,0.084193,5
2214.25,0.083987,0.084059,0.08418,5
2214.35,0.083975,0.084047,0.084166,5
2214.45,0.083962,0.084033,0.084152,5
2214.55,0.083949,0.08402,0.084139,5
2214.65,0.083935,0.084007,0.084125,5
2214.75,0.083922,0.083994,0.084112,5
2214.85,0.083909,0.08398,0.084099,5
2214.95,0.083896,0.083967,0.084085,5
2215.05,0.083883,0.083954,0.084072,5
2215.15,0.083871,0.083942,0.084058,5
2215.25,0.083858,0.083928,0.084044,5
2215.35,0.083845,0.083915,0.084031,5
2215.45,0.083831,0.083902,0.084017,5
2215.55,0.083818,0.083889,0.084003,5
2215.65,0.083805,0.083875,0.083991,5
2215.75,0.083792,0.083862,0.083977,5
2215.85,0.083779,0.083849,0.083963,5
2215.95,0.083767,0.083837,0.083949,5
2216.05,0.083753,0.083823,0.083936,5
2216.15,0.08374,0.08381,0.083922,5
2216.25,0.083727,0.083797,0.083908,5
2216.35,0.083714,0.083783,0.083895,5
2216.45,0.083701,0.08377,0.083882,5
2216.55,0.083688,0.083757,0.083868,5
2216.65,0.083674,0.083744,0.083854,5
2216.75,0.083661,0.08373,0.083841,5
2216.85,0.083649,0.083718,0.083827,5
2216.95,0.083636,0.083705,0.083813,5
2217.05,0.083622,0.083691,0.083799,5
2217.15,0.083609,0.083678,0.083786,5
2217.25,0.083596,0.083665,0.083773,5
2217.35,0.083583,0.083652,0.083759,5
2217.45,0.08357,0.083638,0.083745,5
2217.55,0.083556,0.083625,0.083731,5
2217.65,0.083544,0.083613,0.083718,5
2217.75,0.083531,0.083599,0.083704,5
2217.85,0.083518,0.083586,0.08369,5
2217.95,0.083504,0.083573,0.083676,5
2218.05,0.083491,0.083559,0.083663,5
2218.15,0.083478,0.083546,0.08365,5
2218.25,0.083465,0.083533,0.083636,5
2218.35,0.083451,0.083519,0.083622,5
2218.45,0.083439,0.083507,0.083608,5
2218.55,0.083426,0.083494,0.083594,5
2218.65,0.083412,0.08348,0.08358,5
2218.75,0.083399,0.083467,0.083566,5
2218.85,0.083385,0.083453,0.083553,5
2218.95,0.083372,0.08344,0.083539,5
2219.05,0.083359,0.083426,0.083525,5
2219.15,0.083345,0.083413,0.083511,5
2219.25,0.083333,0.0834,0.083497,5
2219.35,0.083319,0.083387,0.083483,5
2219.45,0.083306,0.083374,0.083469,5
2219.55,0.083293,0.08336,0.083455,5
2219.65,0.083279,0.083347,0.083442,5
2219.75,0.083266,0.083333,0.083428,5
2219.85,0.083252,0.08332,0.083413,5
2219.95,0.083239,0.083306,0.083399,5
2220.05,0.083225,0.083294,0.083385,5
2220.15,0.083213,0.08328,0.083371,5
2220.25,0.083199,0.083267,0.083357,5
2220.35,0.083186,0.083253,0.083343,5
2220.45,0.083172,0.08324,0.08333,5
2220.55,0.083159,0.083226,0.083316,5
2220.65,0.083145,0.083213,0.083302,5
2220.75,0.083132,0.083199,0.083288,5
2220.85,0.083118,0.083187,0.083273,5
2220.95,0.083106,0.083173,0.083259,5
2221.05,0.083092,0.08316,0.083245,5
2221.15,0.083079,0.083146,0.083231,5
2221.25,0.083065,0.083133,0.083218,5
2221.35,0.083052,0.083119,0.083204,5
2221.45,0.083038,0.083106,0.08319,5
2221.55,0.083025,0.083092,0.083175,5
2221.65,0.083011,0.08308,0.083161,5
2221.75,0.082999,0.083066,0.083147,5
2221.85,0.082985,0.083053,0.083133,5
2221.95,0.082972,0.083039,0.083119,5
2222.05,0.082958,0.083025,0.083106,5
2222.15,0.082945,0.083012,0.083091,5
2222.25,0.082931,0.082998,0.083077,5
2222.35,0.082917,0.082985,0.083063,5
2222.45,0.082904,0.082972,0.083049,5
2222.55,0.082891,0.082959,0.083035,5
2222.65,0.082878,0.082945,0.08302,5
2222.75,0.082864,0.082932,0.083006,5
2222.85,0.082851,0.082918,0.082993,5
2222.95,0.082837,0.082904,0.082979,5
2223.05,0.082823,0.082891,0.082965,5
2223.15,0.08281,0.082877,0.08295,5
2223.25,0.082796,0.082864,0.082936,5
2223.35,0.082784,0.082851,0.082922,5
2223.45,0.08277,0.082837,0.082908,5
2223.55,0.082756,0.082824,0.082894,5
2223.65,0.082743,0.08281,0.08288,5
2223.75,0.082729,0.082797,0.082866,5
2223.85,0.082715,0.082783,0.082852,5
2223.95,0.082702,0.082769,0.082837,5
2224.05,0.082688,0.082756,0.082823,5
2224.15,0.082675,0.082743,0.082809,5
2224.25,0.082662,0.08273,0.082795,5
2224.35,0.082648,0.082716,0.082781,5
2224.45,0.082635,0.082702,0.082767,5
2224.55,0.082621,0.082689,0.082753,5
2224.65,0.082607,0.082675,0.082739,5
2224.75,0.082594,0.082661,0.082724,5
2224.85,0.08258,0.082648,0.08271,5
2224.95,0.082567,0.082635,0.082696,5
2225.05,0.082553,0.082621,0.082681,5
2225.15,0.08254,0.082608,0.082668,5
2225.25,0.082526,0.082594,0.082654,5
2225.35,0.082512,0.08258,0.08264,5
2225.45,0.082499,0.082567,0.082625,5
2225.55,0.082485,0.082553,0.082611,5
2225.65,0.082471,0.08254,0.082597,5
2225.75,0.082459,0.082527,0.082582,5
2225.85,0.082445,0.082513,0.082568,5
2225.95,0.082431,0.082499,0.082555,5
2226.05,0.082417,0.082486,0.08254,5
2226.15,0.082404,0.082472,0.082526,5
2226.25,0.08239,0.082458,0.082512,5
2226.35,0.082376,0.082445,0.082498,5
2226.45,0.082362,0.082432,0.082483,5
2226.55,0.08235,0.082418,0.082469,5
2226.65,0.082336,0.082404,0.082455,5
2226.75,0.082322,0.082391,0.082441,5
2226.85,0.082308,0.082377,0.082427,5
2226.95,0.082295,0.082363,0.082413,5
2227.05,0.082281,0.082349,0.082398,5
2227.15,0.082267,0.082336,0.082384,5
2227.25,0.082253,0.082323,0.08237,5
2227.35,0.082241,0.082309,0.082355,5
2227.45,0.082227,0.082295,0.082342,5
2227.55,0.082213,0.082282,0.082328,5
2227.65,0.082199,0.082268,0.082313,5
2227.75,0.082185,0.082254,0.082299,5
2227.85,0.082172,0.08224,0.082285,5
2227.95,0.082158,0.082227,0.08227,5
2228.05,0.082144,0.082214,0.082256,5
2228.15,0.082131,0.0822,0.082241,5
2228.25,0.082117,0.082186,0.082228,5
2228.35,0.082103,0.082172,0.082214,5
2228.45,0.08209,0.082159,0.082199,5
2228.55,0.082076,0.082145,0.082185,5
2228.65,0.082062,0.082131,0.082171,5
2228.75,0.082048,0.082117,0.082156,5
2228.85,0.082034,0.082104,0.082142,5
2228.95,0.082021,0.082091,0.082128,5
2229.05,0.082007,0.082077,0.082114,5
2229.15,0.081994,0.082063,0.0821,5
2229.25,0.08198,0.082049,0.082085,5
2229.35,0.081966,0.082035,0.082071,5
2229.45,0.081952,0.082022,0.082057,5
2229.55,0.081938,0.082008,0.082042,5
2229.65,0.081924,0.081995,0.082028,5
2229.75,0.081911,0.081981,0.082014,5
2229.85,0.081897,0.081967,0.082,5
2229.95,0.081884,0.081953,0.081986,5
2230.05,0.08187,0.081939,0.081971,5
2230.15,0.081856,0.081926,0.081957,5
2230.25,0.081842,0.081912,0.081943,5
2230.35,0.081828,0.081898,0.081928,5
2230.45,0.081814,0.081885,0.081914,5
2230.55,0.081801,0.081871,0.0819,5
2230.65,0.081787,0.081857,0.081886,5
2230.75,0.081773,0.081842,0.081871,5
2230.85,0.081758,0.081828,0.081857,5
2230.95,0.081744,0.081814,0.081842,5
2231.05,0.08173,0.0818,0.081828,5
2231.15,0.081716,0.081786,0.081813,5
2231.25,0.081703,0.081773,0.081799,5
2231.35,0.081689,0.081759,0.081785,5
2231.45,0.081675,0.081745,0.081771,5
2231.55,0.081661,0.081731,0.081756,5
2231.65,0.081646,0.081716,0.081742,5
2231.75,0.081632,0.081702,0.081727,5
2231.85,0.081618,0.081688,0.081713,5
2231.95,0.081604,0.081675,0.081698,5
2232.05,0.081591,0.081661,0.081684,5
2232.15,0.081577,0.081647,0.08167,5
2232.25,0.081563,0.081633,0.081656,5
2232.35,0.081548,0.081618,0.081641,5
2232.45,0.081534,0.081604,0.081627,5
2232.55,0.08152,0.08159,0.081612,5
2232.65,0.081506,0.081576,0.081598,5
2232.75,0.081492,0.081563,0.081583,5
2232.85,0.081478,0.081549,0.08157,5
2232.95,0.081464,0.081534,0.081555,5
2233.05,0.08145,0.08152,0.081541,5
2233.15,0.081436,0.081506,0.081526,5
2233.25,0.081422,0.081492,0.081512,5
2233.35,0.081408,0.081478,0.081497,5
2233.45,0.081393,0.081463,0.081483,5
2233.55,0.081379,0.08145,0.081468,5
2233.65,0.081366,0.081436,0.081455,5
2233.75,0.081352,0.081422,0.08144,5
2233.85,0.081337,0.081408,0.081426,5
2233.95,0.081323,0.081393,0.081411,5
2234.05,0.081309,0.081379,0.081397,5
2234.15,0.081295,0.081365,0.081382,5
2234.25,0.081281,0.081351,0.081368,5
2234.35,0.081267,0.081337,0.081354,5
2234.45,0.081253,0.081323,0.08134,5
2234.55,0.081239,0.081309,0.081325,5
2234.65,0.081225,0.081295,0.081311,5
2234.75,0.08121,0.081281,0.081296,5
2234.85,0.081196,0.081266,0.081282,5
2234.95,0.081182,0.081252,0.081267,5
2235.05,0.081168,0.081239,0.081253,5
2235.15,0.081154,0.081225,0.08124,5
2235.25,0.08114,0.08121,0.081225,5
2235.35,0.081126,0.081196,0.081211,5
2235.45,0.081112,0.081182,0.081196,5
2235.55,0.081097,0.081167,0.081182,5
2235.65,0.081083,0.081153,0.081167,5
2235.75,0.081069,0.081139,0.081153,5
2235.85,0.081055,0.081126,0.081138,5
2235.95,0.081041,0.081111,0.081125,5
2236.05,0.081027,0.081097,0.08111,5
2236.15,0.081013,0.081083,0.081096,5
2236.25,0.080998,0.081069,0.081081,5
2236.35,0.080984,0.081054,0.081067,5
2236.45,0.08097,0.08104,0.081052,5
2236.55,0.080956,0.081027,0.081038,5
2236.65,0.080942,0.081012,0.081024,5
2236.75,0.080928,0.080998,0.08101,5
2236.85,0.080914,0.080984,0.080996,5
2236.95,0.080899,0.080969,0.080981,5
2237.05,0.080885,0.080955,0.080967,5
2237.15,0.080871,0.080941,0.080952,5
2237.25,0.080856,0.080926,0.080938,5
2237.35,0.080842,0.080913,0.080923,5
2237.45,0.080829,0.080899,0.08091,5
2237.55,0.080815,0.080885,0.080896,5
2237.65,0.0808,0.08087,0.080881,5
2237.75,0.080786,0.080856,0.080867,5
2237.85,0.080772,0.080842,0.080852,5
2237.95,0.080757,0.080827,0.080838,5
2238.05,0.080743,0.080813,0.080824,5
2238.15,0.080729,0.0808,0.080809,5
2238.25,0.080715,0.080785,0.080796,5
2238.35,0.080701,0.080771,0.080781,5
2238.45,0.080687,0.080757,0.080767,5
2238.55,0.080672,0.080742,0.080752,5
2238.65,0.080658,0.080728,0.080738,5
2238.75,0.080644,0.080714,0.080724,5
2238.85,0.080629,0.0807,0.080709,5
2238.95,0.080616,0.080686,0.080695,5
2239.05,0.080602,0.080671,0.080682,5
2239.15,0.080587,0.080657,0.080667,5
2239.25,0.080573,0.080643,0.080653,5
2239.35,0.080559,0.080628,0.080638,5
2239.45,0.080544,0.080614,0.080624,5
2239.55,0.08053,0.0806,0.08061,5
2239.65,0.080516,0.080586,0.080595,5
2239.75,0.080502,0.080572,0.080582,5
2239.85,0.080488,0.080558,0.080568,5
2239.95,0.080474,0.080543,0.080553,5
2240.05,0.080459,0.080529,0.080539,5
2240.15,0.080445,0.080515,0.080525,5
2240.25,0.080431,0.0805,0.08051,5
2240.35,0.080416,0.080486,0.080496,5
2240.45,0.080402,0.080472,0.080482,5
2240.55,0.080389,0.080458,0.080468,5
2240.65,0.080374,0.080444,0.080454,5
2240.75,0.08036,0.080429,0.08044,5
2240.85,0.080346,0.080415,0.080425,5
2240.95,0.080331,0.080401,0.080411,5
2241.05,0.080317,0.080386,0.080397,5
2241.15,0.080303,0.080373,0.080382,5
2241.25,0.080289,0.080358,0.080368,5
2241.35,0.080275,0.080344,0.080355,5
2241.45,0.080261,0.08033,0.080341,5
2241.55,0.080246,0.080315,0.080326,5
2241.65,0.080232,0.080301,0.080312,5
2241.75,0.080217,0.080287,0.080298,5
2241.85,0.080203,0.080272,0.080284,5
2241.95,0.080189,0.080259,0.080269,5
2242.05,0.080175,0.080244,0.080255,5
2242.15,0.080161,0.08023,0.080242,5
2242.25,0.080147,0.080216,0.080228,5
2242.35,0.080132,0.080201,0.080213,5
2242.45,0.080118,0.080187,0.080199,5
2242.55,0.080103,0.080172,0.080185,5
2242.65,0.080089,0.080158,0.080171,5
2242.75,0.080076,0.080144,0.080156,5
2242.85,0.080061,0.080129,0.080143,5
2242.95,0.080047,0.080115,0.080129,5
2243.05,0.080032,0.0801,0.080115,5
2243.15,0.080018,0.080086,0.080101,5
2243.25,0.080003,0.080071,0.080086,5
2243.35,0.079989,0.080057,0.080072,5
2243.45,0.079975,0.080043,0.080058,5
2243.55,0.079961,0.080029,0.080044,5
2243.65,0.079947,0.080014,0.080031,5
2243.75,0.079932,0.08,0.080017,5
2243.85,0.079918,0.079985,0.080002,5
2243.95,0.079903,0.079971,0.079988,5
2244.05,0.079889,0.079956,0.079974,5
2244.15,0.079875,0.079943,0.07996,5
2244.25,0.07986,0.079928,0.079946,5
2244.35,0.079847,0.079914,0.079932,5
2244.45,0.079832,0.079899,0.079919,5
2244.55,0.079818,0.079885,0.079905,5
2244.65,0.079803,0.07987,0.079891,5
2244.75,0.079789,0.079856,0.079876,5
2244.85,0.079775,0.079841,0.079862,5
2244.95,0.07976,0.079828,0.079848,5
2245.05,0.079747,0.079813,0.079834,5
2245.15,0.079732,0.079799,0.07982,5
2245.25,0.079718,0.079784,0.079807,5
2245.35,0.079704,0.07977,0.079793,5
2245.45,0.079689,0.079755,0.079779,5
2245.55,0.079675,0.079741,0.079765,5
2245.65,0.07966,0.079727,0.079751,5
2245.75,0.079646,0.079713,0.079737,5
2245.85,0.079632,0.079698,0.079723,5
2245.95,0.079618,0.079684,0.079709,5
2246.05,0.079604,0.079669,0.079696,5
2246.15,0.079589,0.079655,0.079682,5
2246.25,0.079575,0.07964,0.079668,5
2246.35,0.07956,0.079626,0.079654,5
2246.45,0.079546,0.079612,0.07964,5
2246.55,0.079533,0.079598,0.079626,5
2246.65,0.079518,0.079583,0.079612,5
2246.75,0.079504,0.079569,0.079598,5
2246.85,0.07949,0.079554,0.079585,5
2246.95,0.079475,0.07954,0.079571,5
2247.05,0.079461,0.079525,0.079557,5
2247.15,0.079446,0.079512,0.079543,5
2247.25,0.079432,0.079497,0.079529,5
2247.35,0.079419,0.079483,0.079515,5
2247.45,0.079404,0.079468,0.079501,5
2247.55,0.07939,0.079454,0.079487,5
2247.65,0.079376,0.079439,0.079474,5
2247.75,0.079361,0.079425,0.07946,5
2247.85,0.079347,0.079411,0.079446,5
2247.95,0.079332,0.079397,0.079432,5
2248.05,0.079318,0.079383,0.079418,5
2248.15,0.079305,0.079368,0.079405,5
2248.25,0.07929,0.079354,0.079391,5
2248.35,0.079276,0.079339,0.079377,5
2248.45,0.079262,0.079325,0.079364,5
2248.55,0.079247,0.07931,0.07935,5
2248.65,0.079233,0.079297,0.079336,5
2248.75,0.079219,0.079283,0.079322,5
2248.85,0.079205,0.079268,0.079308,5
2248.95,0.079191,0.079254,0.079295,5
2249.05,0.079177,0.079239,0.079281,5
2249.15,0.079162,0.079225,0.079267,5
2249.25,0.079148,0.079211,0.079254,5
2249.35,0.079134,0.079196,0.07924,5
2249.45,0.079119,0.079183,0.079226,5
2249.55,0.079105,0.079168,0.079213,5
2249.65,0.079092,0.079154,0.079199,5
2249.75,0.079077,0.07914,0.079185,5
2249.85,0.079063,0.079125,0.079171,5
2249.95,0.079049,0.079111,0.079157,5
2250.05,0.079034,0.079096,0.079145,5
2250.15,0.07902,0.079082,0.079131,5
2250.25,0.079006,0.079069,0.079117,5
2250.35,0.078992,0.079054,0.079103,5
2250.45,0.078978,0.07904,0.07909,5
2250.55,0.078964,0.079026,0.079076,5
2250.65,0.07895,0.079011,0.079062,5
2250.75,0.078935,0.078997,0.079048,5
2250.85,0.078921,0.078983,0.079036,5
2250.95,0.078907,0.078969,0.079022,5
2251.05,0.078893,0.078955,0.079008,5
2251.15,0.078879,0.078941,0.078995,5
2251.25,0.078865,0.078926,0.078981,5
2251.35,0.078851,0.078912,0.078967,5
2251.45,0.078837,0.078898,0.078953,5
2251.55,0.078822,0.078883,0.07894,5
2251.65,0.078808,0.078869,0.078927,5
2251.75,0.078794,0.078856,0.078913,5
2251.85,0.07878,0.078841,0.0789,5
2251.95,0.078766,0.078827,0.078886,5
2252.05,0.078752,0.078813,0.078873,5
2252.15,0.078738,0.078798,0.078859,5
2252.25,0.078724,0.078784,0.078845,5
2252.35,0.07871,0.07877,0.078832,5
2252.45,0.078695,0.078756,0.078819,5
2252.55,0.078681,0.078742,0.078805,5
2252.65,0.078667,0.078728,0.078792,5
2252.75,0.078654,0.078714,0.078778,5
2252.85,0.07864,0.0787,0.078765,5
2252.95,0.078625,0.078685,0.078751,5
2253.05,0.078611,0.078671,0.078737,5
2253.15,0.078597,0.078657,0.078724,5
2253.25,0.078583,0.078644,0.078711,5
2253.35,0.078569,0.07863,0.078698,5
2253.45,0.078555,0.078615,0.078684,5
2253.55,0.078541,0.078601,0.078671,5
2253.65,0.078527,0.078587,0.078657,5
2253.75,0.078513,0.078573,0.078644,5
2253.85,0.078499,0.078559,0.07863,5
2253.95,0.078485,0.078544,0.078617,5
2254.05,0.078471,0.078531,0.078603,5
2254.15,0.078456,0.078517,0.078591,5
2254.25,0.078443,0.078503,0.078577,5
2254.35,0.078429,0.078489,0.078564,5
2254.45,0.078415,0.078475,0.07855,5
2254.55,0.078401,0.078461,0.078537,5
2254.65,0.078387,0.078446,0.078523,5
2254.75,0.078373,0.078432,0.07851,5
2254.85,0.078358,0.078419,0.078497,5
2254.95,0.078344,0.078405,0.078484,5
2255.05,0.078331,0.078391,0.078471,5
2255.15,0.078317,0.078377,0.078457,5
2255.25,0.078303,0.078363,0.078444,5
2255.35,0.078289,0.078349,0.078431,5
2255.45,0.078275,0.078335,0.078417,5
2255.55,0.078261,0.078322,0.078404,5
2255.65,0.078247,0.078308,0.07839,5
2255.75,0.078233,0.078294,0.078378,5
2255.85,0.07822,0.07828,0.078365,5
2255.95,0.078206,0.078266,0.078351,5
2256.05,0.078191,0.078252,0.078338,5
2256.15,0.078177,0.078238,0.078325,5
2256.25,0.078163,0.078224,0.078311,5
2256.35,0.078149,0.078211,0.078298,5
2256.45,0.078135,0.078197,0.078285,5
2256.55,0.078122,0.078183,0.078273,5
2256.65,0.078108,0.078169,0.078259,5
2256.75,0.078094,0.078155,0.078246,5
2256.85,0.07808,0.078141,0.078233,5
2256.95,0.078066,0.078127,0.078219,5
2257.05,0.078052,0.078113,0.078206,5
2257.15,0.078038,0.0781,0.078193,5
2257.25,0.078024,0.078086,0.07818,5
2257.35,0.078011,0.078072,0.078166,5
2257.45,0.077997,0.078058,0.078154,5
2257.55,0.077983,0.078044,0.078141,5
2257.65,0.077969,0.07803,0.078128,5
2257.75,0.077955,0.078016,0.078114,5
2257.85,0.077942,0.078003,0.078101,5
2257.95,0.077928,0.07799,0.078088,5
2258.05,0.077914,0.077976,0.078075,5
2258.15,0.077901,0.077962,0.078062,5
2258.25,0.077887,0.077948,0.078049,5
2258.35,0.077873,0.077934,0.078036,5
2258.45,0.077859,0.07792,0.078023,5
2258.55,0.077845,0.077907,0.07801,5
2258.65,0.077831,0.077893,0.077997,5
2258.75,0.077817,0.07788,0.077983,5
2258.85,0.077803,0.077866,0.07797,5
2258.95,0.07779,0.077852,0.077957,5
2259.05,0.077777,0.077838,0.077944,5
2259.15,0.077763,0.077825,0.077932,5
2259.25,0.077749,0.077811,0.077919,5
2259.35,0.077735,0.077797,0.077906,5
2259.45,0.077721,0.077783,0.077892,5
2259.55,0.077707,0.077771,0.077879,5
2259.65,0.077693,0.077757,0.077866,5
2259.75,0.077681,0.077743,0.077853,5
2259.85,0.077667,0.077729,0.07784,5
2259.95,0.077653,0.077716,0.077828,5
2260.05,0.077639,0.077702,0.077815,5
2260.15,0.077625,0.077688,0.077802,5
2260.25,0.077612,0.077675,0.077789,5
2260.35,0.077598,0.077662,0.077775,5
2260.45,0.077584,0.077648,0.077762,5
2260.55,0.077571,0.077634,0.077749,5
2260.65,0.077557,0.077621,0.077736,5
2260.75,0.077544,0.077607,0.077723,5
2260.85,0.07753,0.077593,0.077711,5
2260.95,0.077516,0.07758,0.077698,5
2261.05,0.077502,0.077567,0.077685,5
2261.15,0.077489,0.077553,0.077672,5
2261.25,0.077475,0.07754,0.077659,5
2261.35,0.077462,0.077526,0.077646,5
2261.45,0.077448,0.077512,0.077633,5
2261.55,0.077435,0.077499,0.07762,5
2261.65,0.077421,0.077485,0.077608,5
2261.75,0.077407,0.077472,0.077595,5
2261.85,0.077394,0.077459,0.077582,5
2261.95,0.07738,0.077445,0.077569,5
2262.05,0.077366,0.077432,0.077556,5
2262.15,0.077353,0.077418,0.077543,5
2262.25,0.07734,0.077405,0.07753,5
2262.35,0.077326,0.077391,0.077517,5
2262.45,0.077312,0.077378,0.077504,5
2262.55,0.077299,0.077364,0.077492,5
2262.65,0.077285,0.077351,0.077479,5
2262.75,0.077272,0.077338,0.077466,5
2262.85,0.077258,0.077325,0.077453,5
2262.95,0.077245,0.077311,0.07744,5
2263.05,0.077232,0.077298,0.077427,5
2263.15,0.077218,0.077284,0.077414,5
2263.25,0.077204,0.077271,0.077401,5
2263.35,0.077191,0.077257,0.077389,5
2263.45,0.077177,0.077244,0.077377,5
2263.55,0.077164,0.077231,0.077364,5
2263.65,0.07715,0.077218,0.077351,5
2263.75,0.077138,0.077204,0.077338,5
2263.85,0.077124,0.077191,0.077325,5
2263.95,0.07711,0.077177,0.077312,5
2264.05,0.077097,0.077164,0.077299,5
2264.15,0.077083,0.077151,0.077286,5
2264.25,0.07707,0.077137,0.077274,5
2264.35,0.077056,0.077125,0.077261,5
2264.45,0.077043,0.077111,0.077249,5
2264.55,0.07703,0.077098,0.077236,5
2264.65,0.077017,0.077085,0.077223,5
2264.75,0.077003,0.077071,0.07721,5
2264.85,0.07699,0.077058,0.077197,5
2264.95,0.076976,0.077045,0.077184,5
2265.05,0.076963,0.077031,0.077172,5
2265.15,0.076949,0.077019,0.077159,5
2265.25,0.076936,0.077006,0.077147,5
2265.35,0.076923,0.076992,0.077134,5
2265.45,0.07691,0.076979,0.077121,5
2265.55,0.076896,0.076966,0.077108,5
2265.65,0.076883,0.076952,0.077095,5
2265.75,0.07687,0.076939,0.077082,5
2265.85,0.076856,0.076926,0.077069,5
2265.95,0.076843,0.076914,0.077058,5
2266.05,0.076829,0.076901,0.077045,5
2266.15,0.076817,0.076887,0.077032,5
2266.25,0.076804,0.076874,0.077019,5
2266.35,0.07679,0.076861,0.077006,5
2266.45,0.076777,0.076848,0.076993,5
2266.55,0.076763,0.076835,0.07698,5
2266.65,0.07675,0.076822,0.076968,5
2266.75,0.076737,0.076809,0.076955,5
2266.85,0.076723,0.076796,0.076943,5
2266.95,0.07671,0.076783,0.07693,5
2267.05,0.076698,0.07677,0.076917,5
2267.15,0.076684,0.076757,0.076905,5
2267.25,0.076671,0.076744,0.076892,5
2267.35,0.076658,0.076731,0.076879,5
2267.45,0.076645,0.076718,0.076866,5
2267.55,0.076631,0.076705,0.076853,5
2267.65,0.076618,0.076693,0.076841,5
2267.75,0.076605,0.07668,0.076829,5
2267.85,0.076592,0.076667,0.076816,5
2267.95,0.076579,0.076653,0.076803,5
2268.05,0.076566,0.07664,0.07679,5
2268.15,0.076553,0.076627,0.076777,5
2268.25,0.076539,0.076614,0.076765,5
2268.35,0.076526,0.076601,0.076752,5
2268.45,0.076513,0.076589,0.076739,5
2268.55,0.0765,0.076576,0.076727,5
2268.65,0.076487,0.076563,0.076715,5
2268.75,0.076474,0.07655,0.076702,5
2268.85,0.076461,0.076537,0.076689,5
2268.95,0.076448,0.076524,0.076676,5
2269.05,0.076435,0.076512,0.076663,5
2269.15,0.076422,0.076499,0.076651,5
2269.25,0.076408,0.076486,0.076638,5
2269.35,0.076395,0.076474,0.076625,5
2269.45,0.076383,0.076461,0.076613,5
2269.55,0.07637,0.076448,0.076601,5
2269.65,0.076357,0.076435,0.076588,5
2269.75,0.076344,0.076422,0.076575,5
2269.85,0.07633,0.076409,0.076562,5
2269.95,0.076317,0.076396,0.07655,5
2270.05,0.076304,0.076383,0.076537,5
2270.15,0.076291,0.076371,0.076524,5
2270.25,0.076278,0.076358,0.076512,5
2270.35,0.076266,0.076346,0.0765,5
2270.45,0.076253,0.076333,0.076487,5
2270.55,0.07624,0.07632,0.076474,5
2270.65,0.076227,0.076307,0.076461,5
2270.75,0.076214,0.076294,0.076449,5
2270.85,0.076201,0.076281,0.076436,5
2270.95,0.076187,0.076269,0.076423,5
2271.05,0.076174,0.076257,0.07641,5
2271.15,0.076162,0.076244,0.076399,5
2271.25,0.076149,0.076231,0.076386,5
2271.35,0.076136,0.076218,0.076373,5
2271.45,0.076123,0.076205,0.07636,5
2271.55,0.07611,0.076193,0.076348,5
2271.65,0.076097,0.07618,0.076335,5
2271.75,0.076084,0.076167,0.076322,5
2271.85,0.076071,0.076155,0.076309,5
2271.95,0.076059,0.076142,0.076297,5
2272.05,0.076046,0.07613,0.076285,5
2272.15,0.076033,0.076117,0.076272,5
2272.25,0.07602,0.076104,0.07626,5
2272.35,0.076007,0.076091,0.076247,5
2272.45,0.075994,0.076079,0.076234,5
2272.55,0.075982,0.076066,0.076221,5
2272.65,0.075969,0.076054,0.076209,5
2272.75,0.075956,0.076041,0.076196,5
2272.85,0.075944,0.076029,0.076183,5
2272.95,0.075931,0.076016,0.076172,5
2273.05,0.075918,0.076003,0.076159,5
2273.15,0.075905,0.07599,0.076146,5
2273.25,0.075892,0.075978,0.076133,5
2273.35,0.075879,0.075965,0.076121,5
2273.45,0.075866,0.075952,0.076108,5
2273.55,0.075853,0.075941,0.076095,5
2273.65,0.075841,0.075928,0.076082,5
2273.75,0.075829,0.075915,0.076071,5
2273.85,0.075816,0.075903,0.076058,5
2273.95,0.075803,0.07589,0.076045,5
2274.05,0.07579,0.075877,0.076033,5
2274.15,0.075777,0.075865,0.07602,5
2274.25,0.075764,0.075852,0.076007,5
2274.35,0.075752,0.075839,0.075994,5
2274.45,0.075739,0.075828,0.075982,5
2274.55,0.075727,0.075815,0.075969,5
2274.65,0.075714,0.075802,0.075957,5
2274.75,0.075701,0.07579,0.075945,5
2274.85,0.075688,0.075777,0.075932,5
2274.95,0.075676,0.075764,0.075919,5
2275.05,0.075663,0.075752,0.075906,5
2275.15,0.07565,0.075739,0.075894,5
2275.25,0.075637,0.075727,0.075881,5
2275.35,0.075625,0.075715,0.075868,5
2275.45,0.075613,0.075702,0.075855,5
2275.55,0.0756,0.07569,0.075844,5
2275.65,0.075587,0.075677,0.075831,5
2275.75,0.075574,0.075664,0.075818,5
2275.85,0.075562,0.075652,0.075806,5
2275.95,0.075549,0.075639,0.075793,5
2276.05,0.075536,0.075627,0.07578,5
2276.15,0.075524,0.075615,0.075767,5
2276.25,0.075512,0.075602,0.075755,5
2276.35,0.075499,0.07559,0.075743,5
2276.45,0.075486,0.075577,0.07573,5
2276.55,0.075474,0.075565,0.075717,5
2276.65,0.075461,0.075552,0.075705,5
2276.75,0.075448,0.07554,0.075692,5
2276.85,0.075436,0.075527,0.075679,5
2276.95,0.075423,0.075514,0.075666,5
2277.05,0.07541,0.075503,0.075654,5
2277.15,0.075399,0.07549,0.075641,5
2277.25,0.075386,0.075478,0.075629,5
2277.35,0.075373,0.075465,0.075616,5
2277.45,0.075361,0.075452,0.075604,5
2277.55,0.075348,0.07544,0.075591,5
2277.65,0.075335,0.075427,0.075578,5
2277.75,0.075323,0.075415,0.075565,5
2277.85,0.07531,0.075403,0.075552,5
2277.95,0.075298,0.07539,0.075539,5
2278.05,0.075286,0.075378,0.075526,5
2278.15,0.075273,0.075365,0.075514,5
2278.25,0.07526,0.075352,0.075501,5
2278.35,0.075248,0.07534,0.075488,5
2278.45,0.075235,0.075327,0.075475,5
2278.55,0.075223,0.075315,0.075462,5
2278.65,0.07521,0.075302,0.075449,5
2278.75,0.075197,0.07529,0.075436,5
2278.85,0.075186,0.075278,0.075423,5
2278.95,0.075173,0.075265,0.075412,5
2279.05,0.075161,0.075252,0.075399,5
2279.15,0.075148,0.07524,0.075386,5
2279.25,0.075135,0.075227,0.075373,5
2279.35,0.075123,0.075215,0.07536,5
2279.45,0.07511,0.075202,0.075347,5
2279.55,0.075098,0.075189,0.075334,5
2279.65,0.075085,0.075178,0.075321,5
2279.75,0.075074,0.075165,0.075308,5
2279.85,0.075061,0.075153,0.075296,5
2279.95,0.075048,0.07514,0.075283,5
2280.05,0.075036,0.075127,0.07527,5
2280.15,0.075023,0.075115,0.075257,5
2280.25,0.075011,0.075102,0.075244,5
2280.35,0.074998,0.07509,0.075231,5
2280.45,0.074986,0.075078,0.075218,5
2280.55,0.074973,0.075066,0.075205,5
2280.65,0.074962,0.075053,0.075193,5
2280.75,0.074949,0.07504,0.07518,5
2280.85,0.074937,0.075028,0.075167,5
2280.95,0.074924,0.075015,0.075154,5
2281.05,0.074912,0.075003,0.075141,5
2281.15,0.074899,0.07499,0.075128,5
2281.25,0.074887,0.074978,0.075115,5
2281.35,0.074874,0.074966,0.075102,5
2281.45,0.074863,0.074954,0.075089,5
2281.55,0.07485,0.074941,0.075077,5
2281.65,0.074838,0.074928,0.075064,5
2281.75,0.074825,0.074916,0.075051,5
2281.85,0.074813,0.074903,0.075038,5
2281.95,0.074801,0.074891,0.075025,5
2282.05,0.074788,0.074878,0.075012,5
2282.15,0.074776,0.074866,0.074999,5
2282.25,0.074763,0.074854,0.074986,5
2282.35,0.074752,0.074842,0.074973,5
2282.45,0.074739,0.074829,0.074961,5
2282.55,0.074727,0.074816,0.074948,5
2282.65,0.074715,0.074804,0.074935,5
2282.75,0.074702,0.074791,0.074922,5
2282.85,0.07469,0.074779,0.074909,5
2282.95,0.074677,0.074766,0.074896,5
2283.05,0.074665,0.074755,0.074883,5
2283.15,0.074652,0.074742,0.07487,5
2283.25,0.074641,0.07473,0.074858,5
2283.35,0.074629,0.074717,0.074845,5
2283.45,0.074616,0.074705,0.074832,5
2283.55,0.074604,0.074692,0.074819,5
2283.65,0.074592,0.07468,0.074806,5
2283.75,0.074579,0.074667,0.074793,5
2283.85,0.074567,0.074655,0.07478,5
2283.95,0.074554,0.074643,0.074767,5
2284.05,0.074542,0.07463,0.074754,5
2284.15,0.074531,0.074618,0.074742,5
2284.25,0.074518,0.074605,0.074729,5
2284.35,0.074506,0.074593,0.074716,5
2284.45,0.074494,0.07458,0.074703,5
2284.55,0.074481,0.074568,0.07469,5
2284.65,0.074469,0.074555,0.074677,5
2284.75,0.074457,0.074543,0.074663,5
2284.85,0.074444,0.074531,0.07465,5
2284.95,0.074432,0.074519,0.074638,5
2285.05,0.074421,0.074506,0.074625,5
2285.15,0.074408,0.074494,0.074612,5
2285.25,0.074396,0.074481,0.074599,5
2285.35,0.074384,0.074469,0.074586,5
2285.45,0.074371,0.074456,0.074573,5
2285.55,0.074359,0.074444,0.07456,5
2285.65,0.074347,0.074432,0.074547,5
2285.75,0.074334,0.07442,0.074534,5
2285.85,0.074322,0.074407,0.074522,5
2285.95,0.074311,0.074395,0.074509,5
2286.05,0.074299,0.074382,0.074495,5
2286.15,0.074286,0.07437,0.074482,5
2286.25,0.074274,0.074357,0.074469,5
2286.35,0.074262,0.074345,0.074456,5
2286.45,0.074249,0.074332,0.074443,5
2286.55,0.074237,0.07432,0.07443,5
2286.65,0.074225,0.074308,0.074418,5
2286.75,0.074213,0.074295,0.074405,5
2286.85,0.074201,0.074283,0.074392,5
2286.95,0.074189,0.07427,0.074378,5
2287.05,0.074177,0.074258,0.074365,5
2287.15,0.074164,0.074245,0.074352,5
2287.25,0.074152,0.074233,0.074339,5
2287.35,0.07414,0.07422,0.074326,5
2287.45,0.074128,0.074209,0.074313,5
2287.55,0.074115,0.074196,0.074301,5
2287.65,0.074104,0.074184,0.074288,5
2287.75,0.074092,0.074171,0.074274,5
2287.85,0.07408,0.074159,0.074261,5
2287.95,0.074067,0.074146,0.074248,5
2288.05,0.074055,0.074134,0.074235,5
2288.15,0.074043,0.074121,0.074222,5
2288.25,0.074031,0.074109,0.074209,5
2288.35,0.074019,0.074097,0.074197,5
2288.45,0.074006,0.074085,0.074183,5
2288.55,0.073995,0.074072,0.07417,5
2288.65,0.073983,0.07406,0.074157,5
2288.75,0.073971,0.074047,0.074144,5
2288.85,0.073958,0.074034,0.074131,5
2288.95,0.073946,0.074022,0.074118,5
2289.05,0.073934,0.074009,0.074104,5
2289.15,0.073922,0.073997,0.074092,5
2289.25,0.073909,0.073985,0.074079,5
2289.35,0.073897,0.073972,0.074065,5
2289.45,0.073886,0.073959,0.074052,5
2289.55,0.073873,0.073947,0.074038,5
2289.65,0.073861,0.073934,0.074025,5
2289.75,0.073849,0.073921,0.074012,5
2289.85,0.073836,0.073908,0.073998,5
2289.95,0.073824,0.073896,0.073985,5
2290.05,0.073812,0.073884,0.073973,5
2290.15,0.0738,0.073871,0.073959,5
2290.25,0.073787,0.073859,0.073946,5
2290.35,0.073776,0.073846,0.073933,5
2290.45,0.073764,0.073833,0.073919,5
2290.55,0.073752,0.07382,0.073906,5
2290.65,0.073739,0.073808,0.073892,5
2290.75,0.073727,0.073795,0.073879,5
2290.85,0.073715,0.073783,0.073867,5
2290.95,0.073702,0.07377,0.073853,5
2291.05,0.07369,0.073758,0.07384,5
2291.15,0.073678,0.073745,0.073826,5
2291.25,0.073667,0.073732,0.073813,5
2291.35,0.073654,0.07372,0.0738,5
2291.45,0.073642,0.073707,0.073786,5
2291.55,0.07363,0.073694,0.073773,5
2291.65,0.073618,0.073681,0.07376,5
2291.75,0.073605,0.07367,0.073747,5
2291.85,0.073593,0.073657,0.073734,5
2291.95,0.073581,0.073644,0.07372,5
2292.05,0.073569,0.073631,0.073707,5
2292.15,0.073557,0.073619,0.073693,5
2292.25,0.073545,0.073606,0.07368,5
2292.35,0.073533,0.073593,0.073667,5
2292.45,0.073521,0.07358,0.073653,5
2292.55,0.073508,0.073568,0.073641,5
2292.65,0.073496,0.073556,0.073627,5
2292.75,0.073484,0.073543,0.073614,5
2292.85,0.073472,0.073531,0.073601,5
2292.95,0.073459,0.073518,0.073587,5
2293.05,0.073448,0.073505,0.073574,5
2293.15,0.073436,0.073492,0.07356,5
2293.25,0.073424,0.07348,0.073547,5
2293.35,0.073412,0.073467,0.073534,5
2293.45,0.073399,0.073455,0.073521,5
2293.55,0.073387,0.073442,0.073508,5
2293.65,0.073375,0.07343,0.073494,5
2293.75,0.073363,0.073417,0.073481,5
2293.85,0.07335,0.073404,0.073467,5
2293.95,0.073339,0.073391,0.073454,5
2294.05,0.073327,0.073379,0.07344,5
2294.15,0.073315,0.073366,0.073428,5
2294.25,0.073303,0.073353,0.073415,5
2294.35,0.07329,0.073342,0.073401,5
2294.45,0.073278,0.073329,0.073388,5
2294.55,0.073266,0.073316,0.073374,5
2294.65,0.073254,0.073303,0.073361,5
2294.75,0.073241,0.073291,0.073347,5
2294.85,0.07323,0.073278,0.073334,5
2294.95,0.073218,0.073265,0.073322,5
2295.05,0.073206,0.073252,0.073308,5
2295.15,0.073194,0.073241,0.073295,5
2295.25,0.073181,0.073228,0.073281,5
2295.35,0.073169,0.073215,0.073268,5
2295.45,0.073157,0.073202,0.073255,5
2295.55,0.073145,0.07319,0.073241,5
2295.65,0.073133,0.073177,0.073228,5
2295.75,0.073121,0.073164,0.073214,5
2295.85,0.073109,0.073152,0.073202,5
2295.95,0.073097,0.073139,0.073188,5
2296.05,0.073085,0.073127,0.073175,5
2296.15,0.073073,0.073114,0.073162,5
2296.25,0.07306,0.073102,0.073148,5
2296.35,0.073048,0.073089,0.073135,5
2296.45,0.073036,0.073076,0.073121,5
2296.55,0.073024,0.073064,0.073108,5
2296.65,0.073013,0.073051,0.073095,5
2296.75,0.073,0.073038,0.073082,5
2296.85,0.072988,0.073026,0.073069,5
2296.95,0.072976,0.073014,0.073055,5
2297.05,0.072964,0.073001,0.073042,5
2297.15,0.072952,0.072988,0.073028,5
2297.25,0.072939,0.072976,0.073015,5
2297.35,0.072927,0.072963,0.073001,5
2297.45,0.072915,0.07295,0.072989,5
2297.55,0.072904,0.072937,0.072976,5
2297.65,0.072892,0.072925,0.072962,5
2297.75,0.072879,0.072913,0.072949,5
2297.85,0.072867,0.0729,0.072935,5
2297.95,0.072855,0.072888,0.072922,5
2298.05,0.072843,0.072875,0.072909,5
2298.15,0.072831,0.072862,0.072895,5
2298.25,0.072818,0.072849,0.072883,5
2298.35,0.072806,0.072837,0.072869,5
2298.45,0.072795,0.072824,0.072856,5
2298.55,0.072783,0.072811,0.072843,5
2298.65,0.072771,0.0728,0.072829,5
2298.75,0.072758,0.072787,0.072816,5
2298.85,0.072746,0.072774,0.072802,5
2298.95,0.072734,0.072762,0.072789,5
2299.05,0.072722,0.072749,0.072776,5
2299.15,0.07271,0.072736,0.072763,5
2299.25,0.072698,0.072723,0.07275,5
2299.35,0.072686,0.072711,0.072736,5
2299.45,0.072674,0.072699,0.072723,5
2299.55,0.072662,0.072686,0.07271,5
2299.65,0.07265,0.072674,0.072696,5
2299.75,0.072638,0.072661,0.072683,5
2299.85,0.072625,0.072648,0.072669,5
2299.95,0.072613,0.072636,0.072657,5
2300.05,0.072601,0.072623,0.072644,5
2300.15,0.072589,0.07261,0.07263,5
2300.25,0.072578,0.072598,0.072617,5
2300.35,0.072565,0.072586,0.072604,5
2300.45,0.072553,0.072573,0.07259,5
2300.55,0.072541,0.072561,0.072577,5
2300.65,0.072529,0.072548,0.072563,5
2300.75,0.072516,0.072535,0.072551,5
2300.85,0.072504,0.072522,0.072537,5
2300.95,0.072492,0.072509,0.072524,5
2301.05,0.072479,0.072497,0.07251,5
2301.15,0.072468,0.072485,0.072497,5
2301.25,0.072456,0.072472,0.072484,5
2301.35,0.072443,0.072459,0.07247,5
2301.45,0.072431,0.072447,0.072457,5
2301.55,0.072419,0.072434,0.072443,5
2301.65,0.072406,0.072421,0.072431,5
2301.75,0.072394,0.072408,0.072418,5
2301.85,0.072382,0.072396,0.072404,5
2301.95,0.072369,0.072383,0.072391,5
2302.05,0.072358,0.072371,0.072377,5
2302.15,0.072346,0.072358,0.072364,5
2302.25,0.072333,0.072346,0.07235,5
2302.35,0.072321,0.072333,0.072337,5
2302.45,0.072309,0.07232,0.072325,5
2302.55,0.072296,0.072307,0.072311,5
2302.65,0.072284,0.072295,0.072298,5
2302.75,0.072272,0.072282,0.072285,5
2302.85,0.072259,0.07227,0.072271,5
2302.95,0.072248,0.072258,0.072258,5
2303.05,0.072236,0.072245,0.072244,5
2303.15,0.072223,0.072232,0.072231,5
2303.25,0.072211,0.072219,0.072219,5
2303.35,0.072199,0.072207,0.072205,5
2303.45,0.072186,0.072194,0.072192,5
2303.55,0.072174,0.072181,0.072179,5
2303.65,0.072162,0.072169,0.072165,5
2303.75,0.07215,0.072157,0.072152,5
2303.85,0.072138,0.072144,0.072139,5
2303.95,0.072126,0.072131,0.072125,5
2304.05,0.072113,0.072119,0.072113,5
2304.15,0.072101,0.072106,0.0721,5
2304.25,0.072089,0.072093,0.072086,5
2304.35,0.072076,0.072081,0.072073,5
2304.45,0.072064,0.072068,0.07206,5
2304.55,0.072052,0.072055,0.072046,5
2304.65,0.07204,0.072044,0.072033,5
2304.75,0.072028,0.072031,0.07202,5
2304.85,0.072016,0.072018,0.072006,5
2304.95,0.072003,0.072006,0.071994,5
2305.05,0.071991,0.071993,0.071981,5
2305.15,0.071979,0.07198,0.071967,5
2305.25,0.071966,0.071968,0.071954,5
2305.35,0.071954,0.071955,0.071941,5
2305.45,0.071942,0.071943,0.071928,5
2305.55,0.07193,0.071931,0.071914,5
2305.65,0.071918,0.071918,0.071901,5
2305.75,0.071906,0.071906,0.071889,5
2305.85,0.071893,0.071893,0.071876,5
2305.95,0.071881,0.07188,0.071862,5
2306.05,0.071869,0.071868,0.071849,5
2306.15,0.071856,0.071855,0.071836,5
2306.25,0.071844,0.071842,0.071823,5
2306.35,0.071832,0.071831,0.071809,5
2306.45,0.07182,0.071818,0.071796,5
2306.55,0.071808,0.071806,0.071783,5
2306.65,0.071796,0.071793,0.071771,5
2306.75,0.071784,0.07178,0.071757,5
2306.85,0.071771,0.071768,0.071744,5
2306.95,0.071759,0.071755,0.071731,5
2307.05,0.071747,0.071743,0.071718,5
2307.15,0.071734,0.07173,0.071705,5
2307.25,0.071722,0.071719,0.071691,5
2307.35,0.071711,0.071706,0.071678,5
2307.45,0.071698,0.071693,0.071666,5
2307.55,0.071686,0.071681,0.071653,5
2307.65,0.071674,0.071668,0.07164,5
2307.75,0.071661,0.071656,0.071627,5
2307.85,0.071649,0.071643,0.071613,5
2307.95,0.071637,0.071631,0.0716,5
2308.05,0.071625,0.071619,0.071587,5
2308.15,0.071612,0.071607,0.071574,5
2308.25,0.071601,0.071594,0.071562,5
2308.35,0.071589,0.071582,0.071549,5
2308.45,0.071576,0.071569,0.071536,5
2308.55,0.071564,0.071557,0.071523,5
2308.65,0.071552,0.071544,0.071509,5
2308.75,0.07154,0.071532,0.071496,5
2308.85,0.071527,0.071519,0.071483,5
2308.95,0.071515,0.071508,0.07147,5
2309.05,0.071503,0.071495,0.071457,5
2309.15,0.071491,0.071483,0.071445,5
2309.25,0.071479,0.07147,0.071432,5
2309.35,0.071467,0.071458,0.071419,5
2309.45,0.071455,0.071445,0.071406,5
2309.55,0.071442,0.071433,0.071393,5
2309.65,0.07143,0.07142,0.07138,5
2309.75,0.071418,0.071408,0.071367,5
2309.85,0.071405,0.071396,0.071354,5
2309.95,0.071393,0.071384,0.071342,5
2310.05,0.071382,0.071372,0.071329,5
2310.15,0.07137,0.071359,0.071316,5
2310.25,0.071357,0.071347,0.071303,5
2310.35,0.071345,0.071334,0.07129,5
2310.45,0.071333,0.071322,0.071277,5
2310.55,0.071321,0.07131,0.071264,5
2310.65,0.071308,0.071297,0.071251,5
2310.75,0.071296,0.071286,0.071238,5
2310.85,0.071284,0.071273,0.071226,5
2310.95,0.071272,0.071261,0.071213,5
2311.05,0.07126,0.071249,0.0712,5
2311.15,0.071248,0.071236,0.071187,5
2311.25,0.071236,0.071224,0.071174,5
2311.35,0.071223,0.071212,0.071161,5
2311.45,0.071211,0.071199,0.071148,5
2311.55,0.071199,0.071188,0.071135,5
2311.65,0.071187,0.071175,0.071123,5
2311.75,0.071174,0.071163,0.07111,5
2311.85,0.071163,0.071151,0.071098,5
2311.95,0.071151,0.071138,0.071085,5
2312.05,0.071139,0.071126,0.071072,5
2312.15,0.071126,0.071114,0.071059,5
2312.25,0.071114,0.071102,0.071046,5
2312.35,0.071102,0.071089,0.071033,5
2312.45,0.071089,0.071078,0.071021,5
2312.55,0.071077,0.071066,0.071009,5
2312.65,0.071065,0.071054,0.070996,5
2312.75,0.071053,0.071041,0.070983,5
2312.85,0.071041,0.071029,0.07097,5
2312.95,0.071029,0.071017,0.070958,5
2313.05,0.071016,0.071005,0.070945,5
2313.15,0.071004,0.070992,0.070932,5
2313.25,0.070992,0.07098,0.070919,5
2313.35,0.07098,0.070969,0.070907,5
2313.45,0.070967,0.070957,0.070895,5
2313.55,0.070956,0.070944,0.070882,5
2313.65,0.070944,0.070932,0.07087,5
2313.75,0.070931,0.07092,0.070857,5
2313.85,0.070919,0.070908,0.070844,5
2313.95,0.070907,0.070896,0.070831,5
2314.05,0.070894,0.070884,0.070819,5
2314.15,0.070882,0.070871,0.070806,5
2314.25,0.07087,0.07086,0.070793,5
2314.35,0.070858,0.070848,0.070782,5
2314.45,0.070846,0.070836,0.070769,5
2314.55,0.070834,0.070824,0.070756,5
2314.65,0.070822,0.070812,0.070744,5
2314.75,0.07081,0.0708,0.070731,5
2314.85,0.070797,0.070787,0.070719,5
2314.95,0.070785,0.070775,0.070706,5
2315.05,0.070773,0.070763,0.070693,5
2315.15,0.07076,0.070752,0.070682,5
2315.25,0.070748,0.07074,0.070669,5
2315.35,0.070737,0.070728,0.070657,5
2315.45,0.070725,0.070716,0.070644,5
2315.55,0.070712,0.070704,0.070631,5
2315.65,0.0707,0.070692,0.070619,5
2315.75,0.070688,0.07068,0.070606,5
2315.85,0.070676,0.070668,0.070594,5
2315.95,0.070663,0.070655,0.070581,5
2316.05,0.070651,0.070644,0.07057,5
2316.15,0.070639,0.070632,0.070557,5
2316.25,0.070628,0.07062,0.070545,5
2316.35,0.070616,0.070608,0.070532,5
2316.45,0.070603,0.070596,0.07052,5
2316.55,0.070591,0.070584,0.070507,5
2316.65,0.070579,0.070572,0.070495,5
2316.75,0.070567,0.07056,0.070482,5
2316.85,0.070554,0.070548,0.07047,5
2316.95,0.070542,0.070537,0.070458,5
2317.05,0.07053,0.070525,0.070446,5
2317.15,0.070519,0.070513,0.070433,5
2317.25,0.070507,0.070501,0.070421,5
2317.35,0.070494,0.070489,0.070409,5
2317.45,0.070482,0.070478,0.070396,5
2317.55,0.07047,0.070466,0.070384,5
2317.65,0.070458,0.070454,0.070371,5
2317.75,0.070446,0.070442,0.070359,5
2317.85,0.070433,0.070431,0.070348,5
2317.95,0.070421,0.070419,0.070335,5
2318.05,0.07041,0.070407,0.070323,5
2318.15,0.070398,0.070395,0.07031,5
2318.25,0.070386,0.070383,0.070298,5
2318.35,0.070374,0.070371,0.070286,5
2318.45,0.070361,0.070359,0.070273,5
2318.55,0.070349,0.070347,0.070261,5
2318.65,0.070337,0.070336,0.070249,5
2318.75,0.070325,0.070324,0.070237,5
2318.85,0.070313,0.070313,0.070225,5
2318.95,0.070302,0.070301,0.070213,5
2319.05,0.07029,0.070289,0.070201,5
2319.15,0.070277,0.070277,0.070188,5
2319.25,0.070265,0.070265,0.070176,5
2319.35,0.070253,0.070254,0.070164,5
2319.45,0.070241,0.070242,0.070151,5
2319.55,0.070229,0.07023,0.070139,5
2319.65,0.070217,0.070218,0.070128,5
2319.75,0.070205,0.070207,0.070116,5
2319.85,0.070194,0.070196,0.070103,5
2319.95,0.070181,0.070184,0.070091,5
2320.05,0.070169,0.070172,0.070079,5
2320.15,0.070157,0.07016,0.070067,5
2320.25,0.070145,0.070148,0.070055,5
2320.35,0.070133,0.070137,0.070042,5
2320.45,0.070121,0.070125,0.07003,5
2320.55,0.070109,0.070113,0.070019,5
2320.65,0.070097,0.070102,0.070007,5
2320.75,0.070086,0.070091,0.069995,5
2320.85,0.070074,0.070079,0.069983,5
2320.95,0.070062,0.070067,0.06997,5
2321.05,0.070049,0.070055,0.069958,5
2321.15,0.070037,0.070044,0.069946,5
2321.25,0.070025,0.070032,0.069934,5
2321.35,0.070013,0.07002,0.069922,5
2321.45,0.070001,0.070009,0.069911,5
2321.55,0.069989,0.069998,0.069899,5
2321.65,0.069978,0.069986,0.069887,5
2321.75,0.069966,0.069975,0.069874,5
2321.85,0.069954,0.069963,0.069862,5
2321.95,0.069942,0.069951,0.06985,5
2322.05,0.06993,0.06994,0.069838,5
2322.15,0.069918,0.069928,0.069826,5
2322.25,0.069906,0.069916,0.069814,5
2322.35,0.069894,0.069905,0.069802,5
2322.45,0.069882,0.069893,0.069791,5
2322.55,0.06987,0.069882,0.069779,5
2322.65,0.069859,0.069871,0.069767,5
2322.75,0.069847,0.069859,0.069755,5
2322.85,0.069835,0.069848,0.069743,5
2322.95,0.069823,0.069836,0.069731,5
2323.05,0.069811,0.069824,0.069719,5
2323.15,0.069799,0.069813,0.069707,5
2323.25,0.069787,0.069801,0.069695,5
2323.35,0.069775,0.06979,0.069684,5
2323.45,0.069763,0.069779,0.069672,5
2323.55,0.069752,0.069768,0.06966,5
2323.65,0.06974,0.069756,0.069648,5
2323.75,0.069728,0.069745,0.069636,5
2323.85,0.069716,0.069733,0.069624,5
2323.95,0.069704,0.069722,0.069613,5
2324.05,0.069692,0.06971,0.069601,5
2324.15,0.069681,0.069699,0.069589,5
2324.25,0.069669,0.069687,0.069578,5
2324.35,0.069657,0.069676,0.069566,5
2324.45,0.069646,0.069665,0.069554,5
2324.55,0.069634,0.069654,0.069542,5
2324.65,0.069622,0.069642,0.06953,5
2324.75,0.06961,0.069631,0.069519,5
2324.85,0.069598,0.069619,0.069507,5
2324.95,0.069586,0.069608,0.069495,5
2325.05,0.069574,0.069596,0.069483,5
2325.15,0.069563,0.069585,0.069472,5
2325.25,0.069551,0.069574,0.06946,5
2325.35,0.06954,0.069563,0.069449,5
2325.45,0.069528,0.069552,0.069437,5
2325.55,0.069516,0.06954,0.069425,5
2325.65,0.069504,0.069529,0.069413,5
2325.75,0.069492,0.069517,0.069401,5
2325.85,0.06948,0.069506,0.06939,5
2325.95,0.069469,0.069495,0.069378,5
2326.05,0.069457,0.069483,0.069366,5
2326.15,0.069445,0.069472,0.069355,5
2326.25,0.069434,0.069461,0.069344,5
2326.35,0.069422,0.06945,0.069332,5
2326.45,0.06941,0.069439,0.06932,5
2326.55,0.069399,0.069427,0.069308,5
2326.65,0.069387,0.069416,0.069297,5
2326.75,0.069375,0.069405,0.069285,5
2326.85,0.069363,0.069393,0.069273,5
2326.95,0.069351,0.069382,0.069262,5
2327.05,0.06934,0.069371,0.069251,5
2327.15,0.069328,0.069359,0.069239,5
2327.25,0.069317,0.069349,0.069228,5
2327.35,0.069305,0.069338,0.069216,5
2327.45,0.069293,0.069327,0.069204,5
2327.55,0.069282,0.069315,0.069193,5
2327.65,0.06927,0.069304,0.069181,5
2327.75,0.069258,0.069293,0.069169,5
2327.85,0.069246,0.069281,0.069158,5
2327.95,0.069235,0.06927,0.069146,5
2328.05,0.069223,0.069259,0.069135,5
2328.15,0.069212,0.069248,0.069124,5
2328.25,0.0692,0.069237,0.069112,5
2328.35,0.069189,0.069226,0.069101,5
2328.45,0.069177,0.069215,0.069089,5
2328.55,0.069165,0.069203,0.069077,5
2328.65,0.069154,0.069192,0.069066,5
2328.75,0.069142,0.069181,0.069054,5
2328.85,0.06913,0.06917,0.069043,5
2328.95,0.069118,0.069159,0.069032,5
2329.05,0.069108,0.069147,0.06902,5
2329.15,0.069096,0.069136,0.069009,5
2329.25,0.069084,0.069126,0.068997,5
2329.35,0.069073,0.069115,0.068986,5
2329.45,0.069061,0.069103,0.068974,5
2329.55,0.069049,0.069092,0.068963,5
2329.65,0.069037,0.069081,0.068951,5
2329.75,0.069026,0.06907,0.06894,5
2329.85,0.069014,0.069059,0.068928,5
2329.95,0.069002,0.069047,0.068918,5
2330.05,0.068992,0.069036,0.068906,5
2330.15,0.06898,0.069026,0.068895,5
2330.25,0.068968,0.069015,0.068883,5
2330.35,0.068957,0.069004,0.068872,5
2330.45,0.068945,0.068993,0.06886,5
2330.55,0.068934,0.068981,0.068849,5
2330.65,0.068922,0.06897,0.068837,5
2330.75,0.06891,0.068959,0.068826,5
2330.85,0.068899,0.068948,0.068814,5
2330.95,0.068888,0.068937,0.068804,5
2331.05,0.068876,0.068926,0.068792,5
2331.15,0.068865,0.068916,0.068781,5
2331.25,0.068853,0.068904,0.068769,5
2331.35,0.068842,0.068893,0.068758,5
2331.45,0.06883,0.068882,0.068747,5
2331.55,0.068818,0.068871,0.068735,5
2331.65,0.068807,0.06886,0.068724,5
2331.75,0.068795,0.068849,0.068712,5
2331.85,0.068784,0.068838,0.068702,5
2331.95,0.068773,0.068827,0.06869,5
2332.05,0.068761,0.068816,0.068679,5
2332.15,0.06875,0.068805,0.068668,5
2332.25,0.068738,0.068794,0.068656,5
2332.35,0.068727,0.068783,0.068645,5
2332.45,0.068715,0.068772,0.068633,5
2332.55,0.068704,0.068761,0.068622,5
2332.65,0.068692,0.06875,0.068611,5
2332.75,0.06868,0.068739,0.068599,5
2332.85,0.06867,0.068728,0.068589,5
2332.95,0.068658,0.068717,0.068578,5
2333.05,0.068647,0.068706,0.068566,5
2333.15,0.068635,0.068696,0.068555,5
2333.25,0.068624,0.068685,0.068544,5
2333.35,0.068612,0.068674,0.068532,5
2333.45,0.068601,0.068662,0.068521,5
2333.55,0.068589,0.068651,0.06851,5
2333.65,0.068578,0.06864,0.068498,5
2333.75,0.068567,0.068629,0.068487,5
2333.85,0.068556,0.068618,0.068477,5
2333.95,0.068544,0.068607,0.068465,5
2334.05,0.068533,0.068596,0.068454,5
2334.15,0.068521,0.068586,0.068443,5
2334.25,0.06851,0.068575,0.068431,5
2334.35,0.068498,0.068564,0.06842,5
2334.45,0.068487,0.068553,0.068409,5
2334.55,0.068475,0.068542,0.068397,5
2334.65,0.068464,0.068531,0.068386,5
2334.75,0.068453,0.06852,0.068375,5
2334.85,0.068442,0.068509,0.068364,5
2334.95,0.06843,0.068498,0.068353,5
2335.05,0.068419,0.068487,0.068342,5
2335.15,0.068407,0.068477,0.06833,5
2335.25,0.068396,0.068466,0.068319,5
2335.35,0.068384,0.068454,0.068307,5
2335.45,0.068373,0.068443,0.068296,5
2335.55,0.068361,0.068432,0.068285,5
2335.65,0.06835,0.068421,0.068273,5
2335.75,0.068339,0.06841,0.068262,5
2335.85,0.068328,0.068399,0.068252,5
2335.95,0.068316,0.068388,0.06824,5
2336.05,0.068305,0.068378,0.068229,5
2336.15,0.068293,0.068367,0.068218,5
2336.25,0.068282,0.068356,0.068206,5
2336.35,0.068271,0.068345,0.068195,5
2336.45,0.068259,0.068334,0.068184,5
2336.55,0.068248,0.068323,0.068172,5
2336.65,0.068237,0.068312,0.068161,5
2336.75,0.068226,0.068301,0.068151,5
2336.85,0.068214,0.06829,0.068139,5
2336.95,0.068203,0.068279,0.068128,5
2337.05,0.068191,0.068269,0.068117,5
2337.15,0.06818,0.068257,0.068105,5
2337.25,0.068169,0.068246,0.068094,5
2337.35,0.068157,0.068235,0.068083,5
2337.45,0.068146,0.068224,0.068071,5
2337.55,0.068134,0.068213,0.06806,5
2337.65,0.068124,0.068202,0.068049,5
2337.75,0.068113,0.068191,0.068039,5
2337.85,0.068101,0.06818,0.068027,5
2337.95,0.06809,0.068169,0.068016,5
2338.05,0.068078,0.068159,0.068005,5
2338.15,0.068067,0.068148,0.067993,5
2338.25,0.068056,0.068137,0.067982,5
2338.35,0.068044,0.068126,0.067971,5
2338.45,0.068033,0.068115,0.06796,5
2338.55,0.068022,0.068104,0.067948,5
2338.65,0.068011,0.068093,0.067937,5
2338.75,0.068,0.068082,0.067927,5
2338.85,0.067988,0.068071,0.067916,5
2338.95,0.067977,0.06806,0.067904,5
2339.05,0.067966,0.06805,0.067893,5
2339.15,0.067954,0.068039,0.067882,5
2339.25,0.067943,0.068028,0.067871,5
2339.35,0.067932,0.068017,0.06786,5
2339.45,0.06792,0.068006,0.067848,5
2339.55,0.06791,0.067995,0.067837,5
2339.65,0.067899,0.067984,0.067826,5
2339.75,0.067887,0.067973,0.067816,5
2339.85,0.067876,0.067962,0.067805,5
2339.95,0.067865,0.067951,0.067793,5
2340.05,0.067853,0.067941,0.067782,5
2340.15,0.067842,0.06793,0.067771,5
2340.25,0.067831,0.067919,0.06776,5
2340.35,0.067819,0.067908,0.067749,5
2340.45,0.067808,0.067897,0.067737,5
2340.55,0.067798,0.067886,0.067726,5
2340.65,0.067787,0.067875,0.067715,5
2340.75,0.067775,0.067864,0.067705,5
2340.85,0.067764,0.067854,0.067694,5
2340.95,0.067753,0.067843,0.067683,5
2341.05,0.067741,0.067833,0.067671,5
2341.15,0.06773,0.067822,0.06766,5
2341.25,0.067719,0.067811,0.067649,5
2341.35,0.067708,0.0678,0.067638,5
2341.45,0.067697,0.067789,0.067627,5
2341.55,0.067686,0.067778,0.067616,5
2341.65,0.067675,0.067767,0.067605,5
2341.75,0.067664,0.067756,0.067594,5
2341.85,0.067652,0.067745,0.067583,5
2341.95,0.067641,0.067734,0.067572,5
2342.05,0.06763,0.067724,0.067561,5
2342.15,0.067619,0.067713,0.06755,5
2342.25,0.067607,0.067702,0.067539,5
2342.35,0.067596,0.067691,0.067528,5
2342.45,0.067586,0.06768,0.067517,5
2342.55,0.067575,0.067669,0.067505,5
2342.65,0.067563,0.067658,0.067494,5
2342.75,0.067552,0.067647,0.067484,5
2342.85,0.067541,0.067636,0.067473,5
2342.95,0.06753,0.067625,0.067462,5
2343.05,0.067518,0.067615,0.067451,5
2343.15,0.067507,0.067604,0.06744,5
2343.25,0.067496,0.067594,0.067429,5
2343.35,0.067485,0.067583,0.067418,5
2343.45,0.067475,0.067572,0.067407,5
2343.55,0.067463,0.067561,0.067396,5
2343.65,0.067452,0.06755,0.067385,5
2343.75,0.067441,0.067539,0.067374,5
2343.85,0.06743,0.067528,0.067363,5
2343.95,0.067419,0.067517,0.067352,5
2344.05,0.067407,0.067507,0.067341,5
2344.15,0.067396,0.067496,0.06733,5
2344.25,0.067385,0.067485,0.067319,5
2344.35,0.067374,0.067474,0.067308,5
2344.45,0.067364,0.067463,0.067297,5
2344.55,0.067353,0.067452,0.067286,5
2344.65,0.067341,0.067441,0.067275,5
2344.75,0.06733,0.06743,0.067265,5
2344.85,0.067319,0.067419,0.067254,5
2344.95,0.067308,0.067408,0.067243,5
2345.05,0.067297,0.067399,0.067232,5
2345.15,0.067286,0.067388,0.067221,5
2345.25,0.067275,0.067377,0.06721,5
2345.35,0.067264,0.067366,0.067199,5
2345.45,0.067253,0.067355,0.067188,5
2345.55,0.067242,0.067344,0.067177,5
2345.65,0.067231,0.067333,0.067166,5
2345.75,0.06722,0.067322,0.067156,5
2345.85,0.067209,0.067311,0.067145,5
2345.95,0.067198,0.0673,0.067134,5
2346.05,0.067186,0.06729,0.067123,5
2346.15,0.067175,0.067279,0.067112,5
2346.25,0.067164,0.067268,0.067101,5
2346.35,0.067154,0.067257,0.067089,5
2346.45,0.067142,0.067246,0.067078,5
2346.55,0.067131,0.067235,0.067067,5
2346.65,0.06712,0.067223,0.067056,5
2346.75,0.067109,0.067212,0.067046,5
2346.85,0.067097,0.067201,0.067035,5
2346.95,0.067086,0.06719,0.067024,5
2347.05,0.067075,0.06718,0.067013,5
2347.15,0.067064,0.067169,0.067002,5
2347.25,0.067053,0.067158,0.066991,5
2347.35,0.067042,0.067147,0.06698,5
2347.45,0.067031,0.067136,0.066969,5
2347.55,0.06702,0.067125,0.066958,5
2347.65,0.067009,0.067114,0.066947,5
2347.75,0.066998,0.067103,0.066937,5
2347.85,0.066986,0.067092,0.066925,5
2347.95,0.066975,0.067081,0.066914,5
2348.05,0.066964,0.06707,0.066903,5
2348.15,0.066953,0.067059,0.066892,5
2348.25,0.066942,0.067048,0.066881,5
2348.35,0.066931,0.067037,0.06687,5
2348.45,0.06692,0.067026,0.066859,5
2348.55,0.066909,0.067015,0.066848,5
2348.65,0.066898,0.067004,0.066837,5
2348.75,0.066887,0.066993,0.066827,5
2348.85,0.066876,0.066982,0.066816,5
2348.95,0.066864,0.066972,0.066805,5
2349.05,0.066853,0.066961,0.066794,5
2349.15,0.066842,0.06695,0.066783,5
2349.25,0.066831,0.066938,0.066772,5
2349.35,0.066821,0.066927,0.066761,5
2349.45,0.06681,0.066916,0.06675,5
2349.55,0.066799,0.066905,0.066739,5
2349.65,0.066787,0.066894,0.066728,5
2349.75,0.066776,0.066883,0.066718,5
2349.85,0.066765,0.066872,0.066707,5
2349.95,0.066754,0.066862,0.066697,5
2350.05,0.066743,0.066851,0.066686,5
2350.15,0.066732,0.06684,0.066675,5
2350.25,0.066721,0.066829,0.066664,5
2350.35,0.066711,0.066818,0.066653,5
2350.45,0.0667,0.066807,0.066642,5
2350.55,0.066688,0.066796,0.066631,5
2350.65,0.066677,0.066785,0.06662,5
2350.75,0.066666,0.066773,0.06661,5
2350.85,0.066655,0.066762,0.066599,5
2350.95,0.066644,0.066752,0.066588,5
2351.05,0.066633,0.066741,0.066577,5
2351.15,0.066622,0.06673,0.066566,5
2351.25,0.066612,0.066719,0.066555,5
2351.35,0.066601,0.066708,0.066545,5
2351.45,0.06659,0.066697,0.066534,5
2351.55,0.066579,0.066686,0.066523,5
2351.65,0.066568,0.066675,0.066512,5
2351.75,0.066557,0.066664,0.066502,5
2351.85,0.066545,0.066653,0.066491,5
2351.95,0.066534,0.066643,0.06648,5
2352.05,0.066523,0.066632,0.066469,5
2352.15,0.066512,0.066621,0.066459,5
2352.25,0.066502,0.066609,0.066448,5
2352.35,0.066491,0.066598,0.066437,5
2352.45,0.06648,0.066587,0.066426,5
2352.55,0.066469,0.066576,0.066415,5
2352.65,0.066458,0.066565,0.066404,5
2352.75,0.066447,0.066554,0.066393,5
2352.85,0.066436,0.066543,0.066384,5
2352.95,0.066425,0.066533,0.066373,5
2353.05,0.066414,0.066522,0.066362,5
2353.15,0.066403,0.066511,0.066351,5
2353.25,0.066393,0.0665,0.06634,5
2353.35,0.066382,0.066489,0.06633,5
2353.45,0.066371,0.066478,0.066319,5
2353.55,0.06636,0.066467,0.066308,5
2353.65,0.066349,0.066456,0.066297,5
2353.75,0.066338,0.066445,0.066286,5
2353.85,0.066327,0.066434,0.066277,5
2353.95,0.066316,0.066424,0.066266,5
2354.05,0.066305,0.066413,0.066255,5
2354.15,0.066294,0.066402,0.066244,5
2354.25,0.066285,0.06639,0.066234,5
2354.35,0.066274,0.066379,0.066223,5
2354.45,0.066263,0.066368,0.066212,5
2354.55,0.066252,0.066357,0.066201,5
2354.65,0.066241,0.066346,0.066191,5
2354.75,0.06623,0.066335,0.06618,5
2354.85,0.066219,0.066324,0.06617,5
2354.95,0.066208,0.066314,0.06616,5
2355.05,0.066197,0.066303,0.066149,5
2355.15,0.066186,0.066292,0.066138,5
2355.25,0.066176,0.066281,0.066127,5
2355.35,0.066165,0.06627,0.066117,5
2355.45,0.066154,0.066259,0.066106,5
2355.55,0.066144,0.066248,0.066095,5
2355.65,0.066133,0.066237,0.066085,5
2355.75,0.066122,0.066226,0.066074,5
2355.85,0.066111,0.066216,0.066063,5
2355.95,0.0661,0.066205,0.066054,5
2356.05,0.066089,0.066194,0.066043,5
2356.15,0.066078,0.066183,0.066032,5
2356.25,0.066068,0.066172,0.066022,5
2356.35,0.066058,0.066161,0.066011,5
2356.45,0.066047,0.06615,0.066,5
2356.55,0.066036,0.066139,0.06599,5
2356.65,0.066025,0.066128,0.065979,5
2356.75,0.066014,0.066117,0.065969,5
2356.85,0.066003,0.066107,0.065958,5
2356.95,0.065993,0.066096,0.065948,5
2357.05,0.065982,0.066085,0.065938,5
2357.15,0.065971,0.066074,0.065927,5
2357.25,0.065961,0.066063,0.065917,5
2357.35,0.06595,0.066051,0.065906,5
2357.45,0.065939,0.06604,0.065895,5
2357.55,0.065928,0.066029,0.065885,5
2357.65,0.065918,0.066018,0.065874,5
2357.75,0.065907,0.066007,0.065864,5
2357.85,0.065896,0.065997,0.065853,5
2357.95,0.065885,0.065986,0.065842,5
2358.05,0.065874,0.065975,0.065833,5
2358.15,0.065863,0.065963,0.065822,5
2358.25,0.065853,0.065952,0.065812,5
2358.35,0.065843,0.065941,0.065801,5
2358.45,0.065832,0.06593,0.065791,5
2358.55,0.065821,0.065919,0.06578,5
2358.65,0.06581,0.065908,0.06577,5
2358.75,0.065799,0.065897,0.065759,5
2358.85,0.065789,0.065887,0.065749,5
2358.95,0.065778,0.065876,0.065738,5
2359.05,0.065767,0.065865,0.065729,5
2359.15,0.065756,0.065853,0.065718,5
2359.25,0.065745,0.065842,0.065708,5
2359.35,0.065736,0.065831,0.065697,5
2359.45,0.065725,0.06582,0.065687,5
2359.55,0.065714,0.065809,0.065676,5
2359.65,0.065703,0.065798,0.065666,5
2359.75,0.065693,0.065787,0.065655,5
2359.85,0.065682,0.065777,0.065645,5
2359.95,0.065671,0.065766,0.065634,5
2360.05,0.06566,0.065755,0.065624,5
2360.15,0.06565,0.065744,0.065615,5
2360.25,0.065639,0.065733,0.065604,5
2360.35,0.065629,0.065721,0.065594,5
2360.45,0.065619,0.06571,0.065583,5
2360.55,0.065608,0.065699,0.065573,5
2360.65,0.065597,0.065688,0.065563,5
2360.75,0.065586,0.065677,0.065552,5
2360.85,0.065576,0.065667,0.065542,5
2360.95,0.065565,0.065656,0.065531,5
2361.05,0.065554,0.065645,0.065521,5
2361.15,0.065544,0.065634,0.065512,5
2361.25,0.065533,0.065623,0.065501,5
2361.35,0.065523,0.065612,0.065491,5
2361.45,0.065513,0.065601,0.065481,5
2361.55,0.065502,0.06559,0.06547,5
2361.65,0.065491,0.065579,0.06546,5
2361.75,0.065481,0.065568,0.06545,5
2361.85,0.06547,0.065558,0.065439,5
2361.95,0.06546,0.065547,0.065429,5
2362.05,0.065449,0.065536,0.065419,5
2362.15,0.065438,0.065525,0.065408,5
2362.25,0.065428,0.065514,0.065399,5
2362.35,0.065418,0.065503,0.065389,5
2362.45,0.065408,0.065492,0.065378,5
2362.55,0.065397,0.065481,0.065368,5
2362.65,0.065386,0.06547,0.065358,5
2362.75,0.065376,0.065459,0.065348,5
2362.85,0.065365,0.065449,0.065337,5
2362.95,0.065355,0.065438,0.065327,5
2363.05,0.065344,0.065427,0.065317,5
2363.15,0.065334,0.065416,0.065307,5
2363.25,0.065323,0.065405,0.065296,5
2363.35,0.065312,0.065394,0.065287,5
2363.45,0.065303,0.065383,0.065277,5
2363.55,0.065292,0.065372,0.065267,5
2363.65,0.065282,0.065361,0.065256,5
2363.75,0.065271,0.065351,0.065246,5
2363.85,0.065261,0.06534,0.065236,5
2363.95,0.06525,0.065329,0.065226,5
2364.05,0.06524,0.065318,0.065216,5
2364.15,0.065229,0.065307,0.065205,5
2364.25,0.065219,0.065296,0.065195,5
2364.35,0.065208,0.065285,0.065185,5
2364.45,0.065199,0.065274,0.065176,5
2364.55,0.065188,0.065263,0.065166,5
2364.65,0.065178,0.065252,0.065155,5
2364.75,0.065168,0.065242,0.065145,5
2364.85,0.065157,0.065231,0.065135,5
2364.95,0.065147,0.06522,0.065125,5
2365.05,0.065136,0.06521,0.065115,5
2365.15,0.065126,0.065199,0.065105,5
2365.25,0.065115,0.065188,0.065095,5
2365.35,0.065105,0.065177,0.065085,5
2365.45,0.065095,0.065166,0.065074,5
2365.55,0.065085,0.065155,0.065065,5
2365.65,0.065075,0.065144,0.065055,5
2365.75,0.065064,0.065134,0.065045,5
2365.85,0.065054,0.065123,0.065035,5
2365.95,0.065044,0.065113,0.065025,5
2366.05,0.065033,0.065102,0.065015,5
2366.15,0.065023,0.065091,0.065005,5
2366.25,0.065013,0.06508,0.064995,5
2366.35,0.065002,0.065069,0.064985,5
2366.45,0.064992,0.065058,0.064975,5
2366.55,0.064983,0.065047,0.064965,5
2366.65,0.064972,0.065036,0.064956,5
2366.75,0.064962,0.065027,0.064946,5
2366.85,0.064952,0.065016,0.064936,5
2366.95,0.064941,0.065005,0.064926,5
2367.05,0.064931,0.064994,0.064916,5
2367.15,0.064921,0.064983,0.064906,5
2367.25,0.064911,0.064972,0.064896,5
2367.35,0.0649,0.064962,0.064886,5
2367.45,0.06489,0.064951,0.064876,5
2367.55,0.06488,0.06494,0.064866,5
2367.65,0.064871,0.064929,0.064856,5
2367.75,0.06486,0.064919,0.064847,5
2367.85,0.06485,0.064909,0.064837,5
2367.95,0.06484,0.064898,0.064827,5
2368.05,0.06483,0.064887,0.064817,5
2368.15,0.064819,0.064876,0.064807,5
2368.25,0.064809,0.064866,0.064797,5
2368.35,0.064799,0.064855,0.064787,5
2368.45,0.064789,0.064844,0.064777,5
2368.55,0.064779,0.064833,0.064767,5
2368.65,0.064769,0.064822,0.064757,5
2368.75,0.06476,0.064812,0.064747,5
2368.85,0.064749,0.064802,0.064738,5
2368.95,0.064739,0.064791,0.064729,5
2369.05,0.064729,0.06478,0.064719,5
2369.15,0.064719,0.06477,0.064709,5
2369.25,0.064709,0.064759,0.064699,5
2369.35,0.064699,0.064748,0.064689,5
2369.45,0.064689,0.064737,0.064679,5
2369.55,0.064679,0.064727,0.064669,5
2369.65,0.064669,0.064716,0.06466,5
2369.75,0.064659,0.064705,0.06465,5
2369.85,0.064649,0.064696,0.06464,5
2369.95,0.064639,0.064685,0.064631,5
2370.05,0.064629,0.064674,0.064621,5
2370.15,0.064619,0.064663,0.064611,5
2370.25,0.064609,0.064653,0.064602,5
2370.35,0.064599,0.064642,0.064592,5
2370.45,0.064589,0.064631,0.064582,5
2370.55,0.064579,0.064621,0.064572,5
2370.65,0.064569,0.06461,0.064562,5
2370.75,0.064559,0.064599,0.064553,5
2370.85,0.064549,0.06459,0.064543,5
2370.95,0.06454,0.064579,0.064533,5
2371.05,0.06453,0.064568,0.064523,5
2371.15,0.06452,0.064558,0.064515,5
2371.25,0.06451,0.064547,0.064505,5
2371.35,0.064501,0.064537,0.064495,5
2371.45,0.064491,0.064526,0.064485,5
2371.55,0.064481,0.064515,0.064476,5
2371.65,0.064471,0.064505,0.064466,5
2371.75,0.064461,0.064494,0.064456,5
2371.85,0.064451,0.064485,0.064446,5
2371.95,0.064441,0.064474,0.064437,5
2372.05,0.064432,0.064463,0.064427,5
2372.15,0.064422,0.064453,0.064417,5
2372.25,0.064412,0.064442,0.064409,5
2372.35,0.064402,0.064432,0.064399,5
2372.45,0.064393,0.064421,0.064389,5
2372.55,0.064383,0.064411,0.06438,5
2372.65,0.064373,0.0644,0.06437,5
2372.75,0.064363,0.064389,0.06436,5
2372.85,0.064353,0.064379,0.064351,5
2372.95,0.064343,0.064369,0.064341,5
2373.05,0.064334,0.064359,0.064331,5
2373.15,0.064325,0.064348,0.064322,5
2373.25,0.064315,0.064338,0.064312,5
2373.35,0.064305,0.064327,0.064302,5
2373.45,0.064295,0.064317,0.064294,5
2373.55,0.064285,0.064306,0.064284,5
2373.65,0.064276,0.064296,0.064274,5
2373.75,0.064266,0.064285,0.064265,5
2373.85,0.064256,0.064275,0.064255,5
2373.95,0.064246,0.064266,0.064246,5
2374.05,0.064237,0.064255,0.064236,5
2374.15,0.064227,0.064245,0.064226,5
2374.25,0.064218,0.064234,0.064217,5
2374.35,0.064208,0.064224,0.064207,5
2374.45,0.064199,0.064213,0.064198,5
2374.55,0.064189,0.064203,0.064189,5
2374.65,0.064179,0.064192,0.064179,5
2374.75,0.06417,0.064182,0.06417,5
2374.85,0.06416,0.064172,0.06416,5
2374.95,0.06415,0.064162,0.064151,5
2375.05,0.06414,0.064152,0.064141,5
2375.15,0.064131,0.064142,0.064132,5
2375.25,0.064121,0.064131,0.064122,5
2375.35,0.064112,0.064121,0.064112,5
2375.45,0.064103,0.06411,0.064103,5
2375.55,0.064093,0.0641,0.064093,5
2375.65,0.064083,0.06409,0.064084,5
2375.75,0.064074,0.064079,0.064075,5
2375.85,0.064064,0.064069,0.064066,5
2375.95,0.064055,0.064059,0.064056,5
2376.05,0.064045,0.064049,0.064047,5
2376.15,0.064035,0.064039,0.064037,5
2376.25,0.064026,0.064029,0.064028,5
2376.35,0.064016,0.064019,0.064018,5
2376.45,0.064007,0.064008,0.064009,5
2376.55,0.063998,0.063998,0.063999,5
2376.65,0.063988,0.063988,0.06399,5
2376.75,0.063979,0.063977,0.06398,5
2376.85,0.063969,0.063967,0.063972,5
2376.95,0.06396,0.063957,0.063962,5
2377.05,0.06395,0.063947,0.063953,5
2377.15,0.06394,0.063937,0.063943,5
2377.25,0.063931,0.063927,0.063934,5
2377.35,0.063921,0.063917,0.063924,5
2377.45,0.063912,0.063907,0.063915,5
2377.55,0.063902,0.063897,0.063905,5
2377.65,0.063894,0.063886,0.063896,5
2377.75,0.063884,0.063876,0.063886,5
2377.85,0.063875,0.063866,0.063877,5
2377.95,0.063865,0.063856,0.063868,5
2378.05,0.063856,0.063846,0.063859,5
2378.15,0.063846,0.063837,0.06385,5
2378.25,0.063837,0.063826,0.06384,5
2378.35,0.063827,0.063816,0.063831,5
2378.45,0.063818,0.063806,0.063821,5
2378.55,0.063808,0.063796,0.063812,5
2378.65,0.063799,0.063786,0.063803,5
2378.75,0.06379,0.063776,0.063793,5
2378.85,0.063781,0.063766,0.063784,5
2378.95,0.063772,0.063756,0.063774,5
2379.05,0.063762,0.063745,0.063765,5
2379.15,0.063753,0.063735,0.063756,5
2379.25,0.063743,0.063726,0.063747,5
2379.35,0.063734,0.063716,0.063738,5
2379.45,0.063724,0.063706,0.063728,5
2379.55,0.063715,0.063696,0.063719,5
2379.65,0.063706,0.063686,0.063709,5
2379.75,0.063696,0.063676,0.0637,5
2379.85,0.063687,0.063666,0.06369,5
2379.95,0.063678,0.063656,0.063681,5
2380.05,0.063669,0.063646,0.063671,5
2380.15,0.06366,0.063636,0.063662,5
2380.25,0.06365,0.063626,0.063652,5
2380.35,0.063641,0.063617,0.063643,5
2380.45,0.063631,0.063607,0.063634,5
2380.55,0.063622,0.063597,0.063625,5
2380.65,0.063613,0.063587,0.063615,5
2380.75,0.063603,0.063577,0.063606,5
2380.85,0.063594,0.063567,0.063596,5
2380.95,0.063584,0.063557,0.063587,5
2381.05,0.063575,0.063547,0.063577,5
2381.15,0.063567,0.063537,0.063568,5
2381.25,0.063557,0.063527,0.063558,5
2381.35,0.063548,0.063517,0.063549,5
2381.45,0.063539,0.063508,0.063539,5
2381.55,0.063529,0.063498,0.063531,5
2381.65,0.06352,0.063489,0.063521,5
2381.75,0.063511,0.063479,0.063512,5
2381.85,0.063502,0.063469,0.063503,5
2381.95,0.063492,0.063459,0.063493,5
2382.05,0.063483,0.063449,0.063484,5
2382.15,0.063474,0.063439,0.063474,5
2382.25,0.063464,0.063429,0.063465,5
2382.35,0.063456,0.063419,0.063455,5
2382.45,0.063447,0.06341,0.063446,5
2382.55,0.063438,0.063401,0.063437,5
2382.65,0.063428,0.063391,0.063427,5
2382.75,0.063419,0.063381,0.063419,5
2382.85,0.06341,0.063371,0.063409,5
2382.95,0.063401,0.063362,0.0634,5
2383.05,0.063391,0.063352,0.063391,5
2383.15,0.063382,0.063342,0.063381,5
2383.25,0.063373,0.063332,0.063372,5
2383.35,0.063364,0.063323,0.063362,5
2383.45,0.063355,0.063313,0.063353,5
2383.55,0.063346,0.063303,0.063344,5
2383.65,0.063337,0.063294,0.063334,5
2383.75,0.063328,0.063285,0.063325,5
2383.85,0.063319,0.063275,0.063315,5
2383.95,0.063309,0.063265,0.063307,5
2384.05,0.0633,0.063255,0.063298,5
2384.15,0.063291,0.063246,0.063288,5
2384.25,0.063282,0.063236,0.063279,5
2384.35,0.063273,0.063226,0.06327,5
2384.45,0.063264,0.063217,0.06326,5
2384.55,0.063254,0.063207,0.063251,5
2384.65,0.063246,0.063197,0.063242,5
2384.75,0.063237,0.063189,0.063232,5
2384.85,0.063228,0.063179,0.063223,5
2384.95,0.063219,0.06317,0.063214,5
2385.05,0.06321,0.06316,0.063204,5
2385.15,0.063201,0.06315,0.063196,5
2385.25,0.063191,0.063141,0.063187,5
2385.35,0.063182,0.063131,0.063177,5
2385.45,0.063173,0.063122,0.063168,5
2385.55,0.063164,0.063112,0.063159,5
2385.65,0.063155,0.063102,0.06315,5
2385.75,0.063146,0.063093,0.06314,5
2385.85,0.063138,0.063083,0.063131,5
2385.95,0.063129,0.063075,0.063122,5
2386.05,0.06312,0.063065,0.063112,5
2386.15,0.063111,0.063056,0.063103,5
2386.25,0.063101,0.063046,0.063094,5
2386.35,0.063092,0.063037,0.063086,5
2386.45,0.063083,0.063027,0.063076,5
2386.55,0.063074,0.063018,0.063067,5
2386.65,0.063065,0.063008,0.063058,5
2386.75,0.063056,0.062999,0.063048,5
2386.85,0.063047,0.062989,0.063039,5
2386.95,0.063038,0.06298,0.06303,5
2387.05,0.063029,0.062972,0.063021,5
2387.15,0.063021,0.062962,0.063012,5
2387.25,0.063012,0.062953,0.063002,5
2387.35,0.063003,0.062943,0.062993,5
2387.45,0.062994,0.062934,0.062984,5
2387.55,0.062985,0.062924,0.062976,5
2387.65,0.062976,0.062915,0.062966,5
2387.75,0.062967,0.062906,0.062957,5
2387.85,0.062958,0.062896,0.062948,5
2387.95,0.062949,0.062887,0.062939,5
2388.05,0.06294,0.062878,0.06293,5
2388.15,0.062931,0.062868,0.06292,5
2388.25,0.062922,0.06286,0.062911,5
2388.35,0.062914,0.062851,0.062902,5
2388.45,0.062905,0.062841,0.062893,5
2388.55,0.062896,0.062832,0.062884,5
2388.65,0.062887,0.062823,0.062875,5
2388.75,0.062878,0.062813,0.062866,5
2388.85,0.062869,0.062804,0.062857,5
2388.95,0.06286,0.062795,0.062848,5
2389.05,0.062851,0.062785,0.062839,5
2389.15,0.062843,0.062776,0.06283,5
2389.25,0.062834,0.062767,0.062821,5
2389.35,0.062825,0.062758,0.062812,5
2389.45,0.062816,0.062749,0.062802,5
2389.55,0.062808,0.06274,0.062793,5
2389.65,0.062799,0.062731,0.062784,5
2389.75,0.06279,0.062722,0.062775,5
2389.85,0.062781,0.062713,0.062766,5
2389.95,0.062772,0.062703,0.062758,5
2390.05,0.062763,0.062694,0.062749,5
2390.15,0.062754,0.062685,0.06274,5
2390.25,0.062746,0.062676,0.062731,5
2390.35,0.062737,0.062667,0.062721,5
2390.45,0.062728,0.062658,0.062712,5
2390.55,0.062719,0.062648,0.062703,5
2390.65,0.06271,0.06264,0.062694,5
2390.75,0.062702,0.062631,0.062685,5
2390.85,0.062693,0.062622,0.062675,5
2390.95,0.062683,0.062612,0.062666,5
2391.05,0.062674,0.062603,0.062657,5
2391.15,0.062665,0.062594,0.062649,5
2391.25,0.062656,0.062585,0.062639,5
2391.35,0.062647,0.062576,0.06263,5
2391.45,0.062638,0.062567,0.062621,5
2391.55,0.062629,0.062557,0.062612,5
2391.65,0.06262,0.062548,0.062602,5
2391.75,0.062611,0.06254,0.062593,5
2391.85,0.062602,0.062531,0.062584,5
2391.95,0.062594,0.062522,0.062575,5
2392.05,0.062585,0.062513,0.062566,5
2392.15,0.062576,0.062504,0.062556,5
2392.25,0.062567,0.062495,0.062547,5
2392.35,0.062558,0.062486,0.062539,5
2392.45,0.062549,0.062476,0.06253,5
2392.55,0.06254,0.062467,0.062521,5
2392.65,0.062531,0.062458,0.062512,5
2392.75,0.062523,0.062449,0.062502,5
2392.85,0.062514,0.06244,0.062493,5
2392.95,0.062505,0.062432,0.062484,5
2393.05,0.062496,0.062423,0.062475,5
2393.15,0.062487,0.062414,0.062466,5
2393.25,0.062479,0.062405,0.062457,5
2393.35,0.06247,0.062396,0.062448,5
2393.45,0.062461,0.062387,0.062439,5
2393.55,0.062452,0.062378,0.06243,5
2393.65,0.062443,0.062369,0.062421,5
2393.75,0.062434,0.06236,0.062412,5
2393.85,0.062425,0.062352,0.062403,5
2393.95,0.062417,0.062343,0.062394,5
2394.05,0.062408,0.062334,0.062385,5
2394.15,0.062399,0.062325,0.062376,5
2394.25,0.06239,0.062317,0.062367,5
2394.35,0.062381,0.062308,0.062358,5
2394.45,0.062373,0.062299,0.062349,5
2394.55,0.062364,0.06229,0.06234,5
2394.65,0.062355,0.062282,0.062331,5
2394.75,0.062347,0.062273,0.062322,5
2394.85,0.062338,0.062264,0.062314,5
2394.95,0.062329,0.062255,0.062305,5
2395.05,0.06232,0.062246,0.062296,5
2395.15,0.062311,0.062237,0.062287,5
2395.25,0.062303,0.062229,0.062278,5
2395.35,0.062294,0.06222,0.062269,5
2395.45,0.062285,0.062212,0.06226,5
2395.55,0.062276,0.062203,0.062251,5
2395.65,0.062268,0.062195,0.062243,5
2395.75,0.06226,0.062186,0.062234,5
2395.85,0.062251,0.062177,0.062225,5
2395.95,0.062242,0.062168,0.062216,5
2396.05,0.062233,0.06216,0.062208,5
2396.15,0.062225,0.062151,0.062199,5
2396.25,0.062216,0.062142,0.06219,5
2396.35,0.062207,0.062134,0.062181,5
2396.45,0.062199,0.062125,0.062173,5
2396.55,0.06219,0.062116,0.062164,5
2396.65,0.062181,0.062108,0.062155,5
2396.75,0.062172,0.0621,0.062146,5
2396.85,0.062164,0.062092,0.062137,5
2396.95,0.062156,0.062083,0.062129,5
2397.05,0.062147,0.062074,0.06212,5
2397.15,0.062139,0.062066,0.062111,5
2397.25,0.06213,0.062057,0.062102,5
2397.35,0.062122,0.062049,0.062095,5
2397.45,0.062113,0.06204,0.062086,5
2397.55,0.062104,0.062032,0.062077,5
2397.65,0.062096,0.062023,0.062069,5
2397.75,0.062087,0.062015,0.06206,5
2397.85,0.062078,0.062006,0.062051,5
2397.95,0.06207,0.061999,0.062043,5
2398.05,0.062061,0.06199,0.062034,5
2398.15,0.062053,0.061982,0.062025,5
2398.25,0.062045,0.061973,0.062017,5
2398.35,0.062037,0.061965,0.062008,5
2398.45,0.062028,0.061957,0.061999,5
2398.55,0.062019,0.061948,0.061992,5
2398.65,0.062011,0.06194,0.061983,5
2398.75,0.062002,0.061931,0.061975,5
2398.85,0.061994,0.061923,0.061966,5
2398.95,0.061985,0.061915,0.061958,5
2399.05,0.061977,0.061906,0.061949,5
2399.15,0.061968,0.061898,0.061941,5
2399.25,0.06196,0.061891,0.061932,5
2399.35,0.061951,0.061882,0.061924,5
2399.45,0.061944,0.061874,0.061915,5
2399.55,0.061936,0.061866,0.061907,5
2399.65,0.061927,0.061857,0.061898,5
2399.75,0.061919,0.061849,0.06189,5
2399.85,0.06191,0.061841,0.061882,5
2399.95,0.061902,0.061833,0.061874,5
