tempo_s,strain_H1,strain_L1
-1.999756,-4.964709e-19,-1.370799e-18
-1.999512,-4.530871e-19,-1.396113e-18
-1.999268,-4.591335e-19,-1.437067e-18
-1.999023,-4.979485e-19,-1.448611e-18
-1.998779,-4.965721e-19,-1.451674e-18
-1.998535,-4.491742e-19,-1.476376e-18
-1.998291,-4.448845e-19,-1.475909e-18
-1.998047,-4.917627e-19,-1.428170e-18
-1.997803,-4.908688e-19,-1.396862e-18
-1.997559,-4.466424e-19,-1.423041e-18
-1.997314,-4.386892e-19,-1.464283e-18
-1.997070,-4.734821e-19,-1.475279e-18
-1.996826,-4.875556e-19,-1.479312e-18
-1.996582,-4.444608e-19,-1.500414e-18
-1.996338,-4.200706e-19,-1.502961e-18
-1.996094,-4.648647e-19,-1.455630e-18
-1.995850,-4.812822e-19,-1.416899e-18
-1.995605,-4.362546e-19,-1.444946e-18
-1.995361,-4.178048e-19,-1.490728e-18
-1.995117,-4.476432e-19,-1.503251e-18
-1.994873,-4.717519e-19,-1.504170e-18
-1.994629,-4.393090e-19,-1.522625e-18
-1.994385,-3.983950e-19,-1.526159e-18
-1.994141,-4.347140e-19,-1.476757e-18
-1.993896,-4.663780e-19,-1.436624e-18
-1.993652,-4.260474e-19,-1.462821e-18
-1.993408,-3.971106e-19,-1.508860e-18
-1.993164,-4.172719e-19,-1.524072e-18
-1.992920,-4.490818e-19,-1.524704e-18
-1.992676,-4.294587e-19,-1.543169e-18
-1.992432,-3.799419e-19,-1.546787e-18
-1.992188,-3.997808e-19,-1.497725e-18
-1.991943,-4.435896e-19,-1.453042e-18
-1.991699,-4.166131e-19,-1.478403e-18
-1.991455,-3.761905e-19,-1.530141e-18
-1.991211,-3.871108e-19,-1.543128e-18
-1.990967,-4.193899e-19,-1.540046e-18
-1.990723,-4.146549e-19,-1.556330e-18
-1.990479,-3.647389e-19,-1.561634e-18
-1.990234,-3.602968e-19,-1.513204e-18
-1.989990,-4.126614e-19,-1.464148e-18
-1.989746,-4.030891e-19,-1.492260e-18
-1.989502,-3.524725e-19,-1.544865e-18
-1.989258,-3.555206e-19,-1.557387e-18
-1.989014,-3.870241e-19,-1.554634e-18
-1.988770,-3.927682e-19,-1.567291e-18
-1.988525,-3.492027e-19,-1.573610e-18
-1.988281,-3.241282e-19,-1.525550e-18
-1.988037,-3.746179e-19,-1.472713e-18
-1.987793,-3.840254e-19,-1.496798e-18
-1.987549,-3.297238e-19,-1.551652e-18
-1.987305,-3.206013e-19,-1.567958e-18
-1.987061,-3.472434e-19,-1.561960e-18
-1.986816,-3.657189e-19,-1.573007e-18
-1.986572,-3.325215e-19,-1.579510e-18
-1.986328,-2.894442e-19,-1.532435e-18
-1.986084,-3.314051e-19,-1.478121e-18
-1.985840,-3.593208e-19,-1.499822e-18
-1.985596,-3.086672e-19,-1.558673e-18
-1.985352,-2.846841e-19,-1.573382e-18
-1.985107,-3.082712e-19,-1.563262e-18
-1.984863,-3.306954e-19,-1.573794e-18
-1.984619,-3.093276e-19,-1.578979e-18
-1.984375,-2.605655e-19,-1.533355e-18
-1.984131,-2.812657e-19,-1.477424e-18
-1.983887,-3.276819e-19,-1.496181e-18
-1.983643,-2.886138e-19,-1.558509e-18
-1.983398,-2.458939e-19,-1.574275e-18
-1.983154,-2.688562e-19,-1.562491e-18
-1.982910,-2.940589e-19,-1.570477e-18
-1.982666,-2.826505e-19,-1.573469e-18
-1.982422,-2.340113e-19,-1.529405e-18
-1.982178,-2.318673e-19,-1.471680e-18
-1.981934,-2.845338e-19,-1.488015e-18
-1.981689,-2.645574e-19,-1.550950e-18
-1.981445,-2.122807e-19,-1.568881e-18
-1.981201,-2.243076e-19,-1.554965e-18
-1.980957,-2.511190e-19,-1.557918e-18
-1.980713,-2.499671e-19,-1.563383e-18
-1.980469,-2.085134e-19,-1.523822e-18
-1.980225,-1.849159e-19,-1.463646e-18
-1.979980,-2.368664e-19,-1.475104e-18
-1.979736,-2.427337e-19,-1.541991e-18
-1.979492,-1.795908e-19,-1.562331e-18
-1.979248,-1.772178e-19,-1.541073e-18
-1.979004,-2.093964e-19,-1.542195e-18
-1.978760,-2.113908e-19,-1.547165e-18
-1.978516,-1.808591e-19,-1.507061e-18
-1.978271,-1.440942e-19,-1.448783e-18
-1.978027,-1.809012e-19,-1.455936e-18
-1.977783,-2.104892e-19,-1.524408e-18
-1.977539,-1.505388e-19,-1.549304e-18
-1.977295,-1.301353e-19,-1.523810e-18
-1.977051,-1.643648e-19,-1.521610e-18
-1.976807,-1.732711e-19,-1.524633e-18
-1.976562,-1.494695e-19,-1.487539e-18
-1.976318,-1.065639e-19,-1.432168e-18
-1.976074,-1.262297e-19,-1.432070e-18
-1.975830,-1.692736e-19,-1.500629e-18
-1.975586,-1.233756e-19,-1.529151e-18
-1.975342,-8.385508e-20,-1.499732e-18
-1.975098,-1.131132e-19,-1.494184e-18
-1.974854,-1.314062e-19,-1.496609e-18
-1.974609,-1.143408e-19,-1.460974e-18
-1.974365,-7.300959e-20,-1.407544e-18
-1.974121,-7.155971e-20,-1.407056e-18
-1.973877,-1.229205e-19,-1.473003e-18
-1.973633,-9.999851e-20,-1.504652e-18
-1.973389,-4.241465e-20,-1.475222e-18
-1.973145,-6.240463e-20,-1.460697e-18
-1.972900,-8.661800e-20,-1.462602e-18
-1.972656,-7.355669e-20,-1.429336e-18
-1.972412,-3.937355e-20,-1.375173e-18
-1.972168,-1.800521e-20,-1.375133e-18
-1.971924,-6.709208e-20,-1.438606e-18
-1.971680,-7.140393e-20,-1.472846e-18
-1.971436,-3.314487e-21,-1.443950e-18
-1.971191,-9.738544e-21,-1.422139e-18
-1.970947,-4.282435e-20,-1.423870e-18
-1.970703,-3.413886e-20,-1.392417e-18
-1.970459,-6.928186e-21,-1.340444e-18
-1.970215,2.538890e-20,-1.340031e-18
-1.969971,-8.898786e-21,-1.398217e-18
-1.969727,-3.625602e-20,-1.436661e-18
-1.969482,2.923422e-20,-1.406582e-18
-1.969238,4.601017e-20,-1.378148e-18
-1.968994,4.343117e-21,-1.378332e-18
-1.968750,8.173554e-21,-1.349415e-18
-1.968506,3.198804e-20,-1.303612e-18
-1.968262,6.085402e-20,-1.297330e-18
-1.968018,5.001562e-20,-1.353107e-18
-1.967773,7.117091e-21,-1.396448e-18
-1.967529,5.248985e-20,-1.365170e-18
-1.967285,9.541347e-20,-1.331176e-18
-1.967041,5.551536e-20,-1.327824e-18
-1.966797,4.726779e-20,-1.300732e-18
-1.966553,7.132838e-20,-1.253535e-18
-1.966309,9.853190e-20,-1.252674e-18
-1.966064,1.045959e-19,-1.306079e-18
-1.965820,5.651378e-20,-1.344907e-18
-1.965576,7.717666e-20,-1.321326e-18
-1.965332,1.386248e-19,-1.278809e-18
-1.965088,1.083423e-19,-1.271909e-18
-1.964844,8.622872e-20,-1.251403e-18
-1.964600,1.097959e-19,-1.204509e-18
-1.964355,1.318672e-19,-1.203537e-18
-1.964111,1.508411e-19,-1.252797e-18
-1.963867,1.125226e-19,-1.295275e-18
-1.963623,1.042737e-19,-1.273386e-18
-1.963379,1.752411e-19,-1.223772e-18
-1.963135,1.663115e-19,-1.212232e-18
-1.962891,1.255340e-19,-1.192678e-18
-1.962646,1.493844e-19,-1.152358e-18
-1.962402,1.695444e-19,-1.150730e-18
-1.962158,1.889634e-19,-1.198559e-18
-1.961914,1.692868e-19,-1.240908e-18
-1.961670,1.378311e-19,-1.219662e-18
-1.961426,2.006793e-19,-1.169171e-18
-1.961182,2.201048e-19,-1.149428e-18
-1.960938,1.694413e-19,-1.131870e-18
-1.960693,1.837755e-19,-1.095985e-18
-1.960449,2.102900e-19,-1.093773e-18
-1.960205,2.256228e-19,-1.142748e-18
-1.959961,2.233537e-19,-1.183420e-18
-1.959717,1.824262e-19,-1.164690e-18
-1.959473,2.207893e-19,-1.111534e-18
-1.959229,2.701528e-19,-1.084998e-18
-1.958984,2.196929e-19,-1.072044e-18
-1.958740,2.150760e-19,-1.039553e-18
-1.958496,2.522555e-19,-1.038306e-18
-1.958252,2.586797e-19,-1.086205e-18
-1.958008,2.686867e-19,-1.124603e-18
-1.957764,2.361932e-19,-1.108045e-18
-1.957520,2.428336e-19,-1.053905e-18
-1.957275,3.103364e-19,-1.021346e-18
-1.957031,2.774335e-19,-1.006780e-18
-1.956787,2.474254e-19,-9.828757e-19
-1.956543,2.910874e-19,-9.833788e-19
-1.956299,2.983626e-19,-1.026433e-18
-1.956055,3.062562e-19,-1.066930e-18
-1.955811,2.901984e-19,-1.051620e-18
-1.955566,2.706648e-19,-9.960931e-19
-1.955322,3.369887e-19,-9.596612e-19
-1.955078,3.373300e-19,-9.436589e-19
-1.954834,2.841447e-19,-9.223099e-19
-1.954590,3.213449e-19,-9.248225e-19
-1.954346,3.425885e-19,-9.693699e-19
-1.954102,3.414666e-19,-1.007641e-18
-1.953857,3.419636e-19,-9.927807e-19
-1.953613,3.095746e-19,-9.386329e-19
-1.953369,3.566882e-19,-8.964500e-19
-1.953125,3.890623e-19,-8.803437e-19
-1.952881,3.291331e-19,-8.655303e-19
-1.952637,3.463499e-19,-8.689578e-19
-1.952393,3.830996e-19,-9.138484e-19
-1.952148,3.756405e-19,-9.519649e-19
-1.951904,3.819914e-19,-9.368269e-19
-1.951660,3.573265e-19,-8.823709e-19
-1.951416,3.744354e-19,-8.336676e-19
-1.951172,4.294470e-19,-8.165095e-19
-1.950928,3.857148e-19,-8.087923e-19
-1.950684,3.681363e-19,-8.144001e-19
-1.950439,4.176494e-19,-8.567341e-19
-1.950195,4.144809e-19,-8.956427e-19
-1.949951,4.133169e-19,-8.838682e-19
-1.949707,4.035329e-19,-8.272215e-19
-1.949463,3.949954e-19,-7.736005e-19
-1.949219,4.545952e-19,-7.553391e-19
-1.948975,4.404513e-19,-7.512422e-19
-1.948730,3.919424e-19,-7.601737e-19
-1.948486,4.422023e-19,-8.014345e-19
-1.948242,4.567749e-19,-8.405181e-19
-1.947998,4.409902e-19,-8.295396e-19
-1.947754,4.437166e-19,-7.738779e-19
-1.947510,4.254633e-19,-7.189508e-19
-1.947266,4.684528e-19,-6.969289e-19
-1.947021,4.868178e-19,-6.980696e-19
-1.946777,4.271951e-19,-7.116015e-19
-1.946533,4.543070e-19,-7.498039e-19
-1.946289,4.934892e-19,-7.883616e-19
-1.946045,4.692041e-19,-7.795966e-19
-1.945801,4.719883e-19,-7.244686e-19
-1.945557,4.628830e-19,-6.636706e-19
-1.945312,4.799062e-19,-6.389287e-19
-1.945068,5.208207e-19,-6.465770e-19
-1.944824,4.718376e-19,-6.625866e-19
-1.944580,4.654804e-19,-7.009183e-19
-1.944336,5.181145e-19,-7.418874e-19
-1.944092,5.011637e-19,-7.322131e-19
-1.943848,4.954301e-19,-6.763183e-19
-1.943604,4.944169e-19,-6.149663e-19
-1.943359,4.916265e-19,-5.875787e-19
-1.943115,5.396904e-19,-5.964817e-19
-1.942871,5.167862e-19,-6.169913e-19
-1.942627,4.798153e-19,-6.532065e-19
-1.942383,5.327513e-19,-6.939242e-19
-1.942139,5.366178e-19,-6.889350e-19
-1.941895,5.147824e-19,-6.306985e-19
-1.941650,5.211325e-19,-5.688019e-19
-1.941406,5.127826e-19,-5.397088e-19
-1.941162,5.484288e-19,-5.504301e-19
-1.940918,5.521162e-19,-5.783220e-19
-1.940674,5.024740e-19,-6.125176e-19
-1.940430,5.346580e-19,-6.532131e-19
-1.940186,5.637306e-19,-6.487682e-19
-1.939941,5.374791e-19,-5.909119e-19
-1.939697,5.378123e-19,-5.283624e-19
-1.939453,5.358571e-19,-4.937702e-19
-1.939209,5.540322e-19,-5.064163e-19
-1.938965,5.781448e-19,-5.400399e-19
-1.938721,5.321760e-19,-5.741754e-19
-1.938477,5.333163e-19,-6.116162e-19
-1.938232,5.823024e-19,-6.130932e-19
-1.937988,5.603436e-19,-5.575112e-19
-1.937744,5.491612e-19,-4.894823e-19
-1.937500,5.549429e-19,-4.557538e-19
-1.937256,5.578457e-19,-4.690264e-19
-1.937012,5.897203e-19,-5.075490e-19
-1.936768,5.622767e-19,-5.422804e-19
-1.936523,5.400763e-19,-5.741314e-19
-1.936279,5.866002e-19,-5.801551e-19
-1.936035,5.834599e-19,-5.278910e-19
-1.935791,5.607269e-19,-4.566896e-19
-1.935547,5.657629e-19,-4.201277e-19
-1.935303,5.683337e-19,-4.348220e-19
-1.935059,5.923038e-19,-4.797521e-19
-1.934814,5.841769e-19,-5.167173e-19
-1.934570,5.483040e-19,-5.452733e-19
-1.934326,5.804811e-19,-5.546544e-19
-1.934082,6.008968e-19,-5.034799e-19
-1.933838,5.722258e-19,-4.275384e-19
-1.933594,5.716938e-19,-3.923575e-19
-1.933350,5.753635e-19,-4.061897e-19
-1.933105,5.927649e-19,-4.534163e-19
-1.932861,5.992260e-19,-4.924832e-19
-1.932617,5.599626e-19,-5.178174e-19
-1.932373,5.747551e-19,-5.315938e-19
-1.932129,6.059867e-19,-4.859102e-19
-1.931885,5.824558e-19,-4.066237e-19
-1.931641,5.732416e-19,-3.682954e-19
-1.931396,5.768653e-19,-3.860894e-19
-1.931152,5.885436e-19,-4.335624e-19
-1.930908,6.037326e-19,-4.748036e-19
-1.930664,5.717648e-19,-4.995285e-19
-1.930420,5.654340e-19,-5.100294e-19
-1.930176,6.031903e-19,-4.722670e-19
-1.929932,5.939547e-19,-3.920348e-19
-1.929688,5.735313e-19,-3.489096e-19
-1.929443,5.747797e-19,-3.700160e-19
-1.929199,5.837357e-19,-4.200568e-19
-1.928955,6.026414e-19,-4.650291e-19
-1.928711,5.797014e-19,-4.871467e-19
-1.928467,5.574614e-19,-4.963550e-19
-1.928223,5.909011e-19,-4.659147e-19
-1.927979,5.964259e-19,-3.830707e-19
-1.927734,5.717840e-19,-3.362603e-19
-1.927490,5.688547e-19,-3.602903e-19
-1.927246,5.771992e-19,-4.110551e-19
-1.927002,5.954117e-19,-4.573723e-19
-1.926758,5.832097e-19,-4.793223e-19
-1.926514,5.517773e-19,-4.888047e-19
-1.926270,5.752317e-19,-4.630152e-19
-1.926025,5.922223e-19,-3.843113e-19
-1.925781,5.693851e-19,-3.321653e-19
-1.925537,5.605194e-19,-3.549491e-19
-1.925293,5.621804e-19,-4.126424e-19
-1.925049,5.821922e-19,-4.586436e-19
-1.924805,5.825047e-19,-4.787659e-19
-1.924561,5.463271e-19,-4.865159e-19
-1.924316,5.586911e-19,-4.663176e-19
-1.924072,5.829395e-19,-3.907677e-19
-1.923828,5.639835e-19,-3.324887e-19
-1.923584,5.512017e-19,-3.576830e-19
-1.923340,5.488538e-19,-4.175650e-19
-1.923096,5.641438e-19,-4.638496e-19
-1.922852,5.755283e-19,-4.848476e-19
-1.922607,5.394358e-19,-4.916766e-19
-1.922363,5.355293e-19,-4.755039e-19
-1.922119,5.663255e-19,-4.039047e-19
-1.921875,5.552449e-19,-3.407373e-19
-1.921631,5.398018e-19,-3.634140e-19
-1.921387,5.343547e-19,-4.271259e-19
-1.921143,5.424222e-19,-4.739131e-19
-1.920898,5.629500e-19,-4.948081e-19
-1.920654,5.350922e-19,-5.001957e-19
-1.920410,5.114396e-19,-4.885768e-19
-1.920166,5.419351e-19,-4.225645e-19
-1.919922,5.433217e-19,-3.551919e-19
-1.919678,5.210408e-19,-3.771126e-19
-1.919434,5.155737e-19,-4.448188e-19
-1.919189,5.166262e-19,-4.902837e-19
-1.918945,5.384144e-19,-5.083221e-19
-1.918701,5.258399e-19,-5.152419e-19
-1.918457,4.878121e-19,-5.049432e-19
-1.918213,5.145105e-19,-4.438370e-19
-1.917969,5.267253e-19,-3.759692e-19
-1.917725,4.997024e-19,-3.919215e-19
-1.917480,4.975321e-19,-4.641750e-19
-1.917236,4.896437e-19,-5.109857e-19
-1.916992,5.051967e-19,-5.278692e-19
-1.916748,5.104702e-19,-5.350972e-19
-1.916504,4.653356e-19,-5.254601e-19
-1.916260,4.765712e-19,-4.709408e-19
-1.916016,5.039960e-19,-4.013253e-19
-1.915771,4.774345e-19,-4.125873e-19
-1.915527,4.665058e-19,-4.867262e-19
-1.915283,4.640824e-19,-5.343681e-19
-1.915039,4.693710e-19,-5.499166e-19
-1.914795,4.854357e-19,-5.563691e-19
-1.914551,4.483929e-19,-5.493551e-19
-1.914307,4.326990e-19,-5.009373e-19
-1.914062,4.731566e-19,-4.335622e-19
-1.913818,4.545948e-19,-4.381793e-19
-1.913574,4.292137e-19,-5.151799e-19
-1.913330,4.370151e-19,-5.672358e-19
-1.913086,4.304192e-19,-5.760431e-19
-1.912842,4.487433e-19,-5.830081e-19
-1.912598,4.303002e-19,-5.779510e-19
-1.912354,3.920228e-19,-5.317647e-19
-1.912109,4.303081e-19,-4.678983e-19
-1.911865,4.313958e-19,-4.689465e-19
-1.911621,3.933720e-19,-5.434243e-19
-1.911377,4.025205e-19,-5.974776e-19
-1.911133,3.955858e-19,-6.074921e-19
-1.910889,4.030494e-19,-6.142168e-19
-1.910645,4.049170e-19,-6.095867e-19
-1.910400,3.568674e-19,-5.687750e-19
-1.910156,3.753627e-19,-5.070910e-19
-1.909912,4.014451e-19,-5.015173e-19
-1.909668,3.617732e-19,-5.780299e-19
-1.909424,3.553954e-19,-6.322193e-19
-1.909180,3.594358e-19,-6.382838e-19
-1.908936,3.602476e-19,-6.477857e-19
-1.908691,3.693990e-19,-6.430749e-19
-1.908447,3.290391e-19,-6.071101e-19
-1.908203,3.207011e-19,-5.502627e-19
-1.907959,3.614657e-19,-5.405249e-19
-1.907715,3.329922e-19,-6.144711e-19
-1.907471,3.058317e-19,-6.728717e-19
-1.907227,3.221868e-19,-6.764998e-19
-1.906982,3.147573e-19,-6.810154e-19
-1.906738,3.233820e-19,-6.817356e-19
-1.906494,3.028325e-19,-6.472925e-19
-1.906250,2.697597e-19,-5.938222e-19
-1.906006,3.112392e-19,-5.841987e-19
-1.905762,3.056324e-19,-6.509835e-19
-1.905518,2.608210e-19,-7.128151e-19
-1.905273,2.750809e-19,-7.147234e-19
-1.905029,2.754058e-19,-7.170000e-19
-1.904785,2.737249e-19,-7.224873e-19
-1.904541,2.672875e-19,-6.899410e-19
-1.904297,2.285839e-19,-6.403037e-19
-1.904053,2.505530e-19,-6.271998e-19
-1.903809,2.704446e-19,-6.919515e-19
-1.903564,2.221140e-19,-7.558112e-19
-1.903320,2.194617e-19,-7.541057e-19
-1.903076,2.364647e-19,-7.557077e-19
-1.902832,2.256209e-19,-7.625241e-19
-1.902588,2.245571e-19,-7.345513e-19
-1.902344,1.923176e-19,-6.882665e-19
-1.902100,1.901870e-19,-6.763528e-19
-1.901855,2.269507e-19,-7.382453e-19
-1.901611,1.893201e-19,-7.988225e-19
-1.901367,1.629897e-19,-7.990407e-19
-1.901123,1.889939e-19,-7.975224e-19
-1.900879,1.814579e-19,-8.068866e-19
-1.900635,1.744583e-19,-7.825499e-19
-1.900391,1.567928e-19,-7.358165e-19
-1.900146,1.370329e-19,-7.261775e-19
-1.899902,1.700135e-19,-7.827156e-19
-1.899658,1.594565e-19,-8.437860e-19
-1.899414,1.152891e-19,-8.458448e-19
-1.899170,1.323523e-19,-8.374081e-19
-1.898926,1.399396e-19,-8.517925e-19
-1.898682,1.240696e-19,-8.314364e-19
-1.898438,1.139543e-19,-7.860686e-19
-1.898193,9.073278e-20,-7.808389e-19
-1.897949,1.074155e-19,-8.308585e-19
-1.897705,1.199390e-19,-8.891150e-19
-1.897461,7.401966e-20,-8.933684e-19
-1.897217,7.129629e-20,-8.818745e-19
-1.896973,9.604430e-20,-8.957999e-19
-1.896729,7.886778e-20,-8.814885e-19
-1.896484,6.427817e-20,-8.398249e-19
-1.896240,4.879651e-20,-8.339787e-19
-1.895996,4.869839e-20,-8.829468e-19
-1.895752,7.027947e-20,-9.389728e-19
-1.895508,3.855358e-20,-9.436707e-19
-1.895264,1.317427e-20,-9.280149e-19
-1.895020,4.151534e-20,-9.408262e-19
-1.894775,3.466920e-20,-9.348476e-19
-1.894531,1.255185e-20,-8.931077e-19
-1.894287,3.900952e-21,-8.867314e-19
-1.894043,-2.228544e-21,-9.347087e-19
-1.893799,1.611346e-20,-9.861128e-19
-1.893555,4.240671e-22,-9.925938e-19
-1.893311,-3.639970e-20,-9.759404e-19
-1.893066,-1.907142e-20,-9.881331e-19
-1.892822,-7.297278e-21,-9.863189e-19
-1.892578,-3.356957e-20,-9.488687e-19
-1.892334,-4.755779e-20,-9.441552e-19
-1.892090,-4.985031e-20,-9.885830e-19
-1.891846,-4.099842e-20,-1.036871e-18
-1.891602,-4.329141e-20,-1.042928e-18
-1.891357,-7.791354e-20,-1.024439e-18
-1.891113,-7.833313e-20,-1.035036e-18
-1.890869,-5.395589e-20,-1.039271e-18
-1.890625,-7.468344e-20,-1.003920e-18
-1.890381,-1.000021e-19,-9.976536e-19
-1.890137,-9.772020e-20,-1.043497e-18
-1.889893,-9.197143e-20,-1.089167e-18
-1.889648,-9.342249e-20,-1.094265e-18
-1.889404,-1.161118e-19,-1.073251e-18
-1.889160,-1.309257e-19,-1.081776e-18
-1.888916,-1.101315e-19,-1.091596e-18
-1.888672,-1.137143e-19,-1.059462e-18
-1.888428,-1.466957e-19,-1.050917e-18
-1.888184,-1.480032e-19,-1.096645e-18
-1.887939,-1.394584e-19,-1.138055e-18
-1.887695,-1.434823e-19,-1.138671e-18
-1.887451,-1.558532e-19,-1.121522e-18
-1.887207,-1.768837e-19,-1.128256e-18
-1.886963,-1.680567e-19,-1.139096e-18
-1.886719,-1.552655e-19,-1.114836e-18
-1.886475,-1.868036e-19,-1.106071e-18
-1.886230,-2.025616e-19,-1.149224e-18
-1.885986,-1.855404e-19,-1.188889e-18
-1.885742,-1.893304e-19,-1.188919e-18
-1.885498,-2.028557e-19,-1.169423e-18
-1.885254,-2.172727e-19,-1.172068e-18
-1.885010,-2.218619e-19,-1.186889e-18
-1.884766,-2.025214e-19,-1.167339e-18
-1.884521,-2.207739e-19,-1.156939e-18
-1.884277,-2.521848e-19,-1.198779e-18
-1.884033,-2.356175e-19,-1.238039e-18
-1.883789,-2.308774e-19,-1.235142e-18
-1.883545,-2.488654e-19,-1.214966e-18
-1.883301,-2.592121e-19,-1.218180e-18
-1.883057,-2.673714e-19,-1.232588e-18
-1.882812,-2.547117e-19,-1.217302e-18
-1.882568,-2.563481e-19,-1.208035e-18
-1.882324,-2.929801e-19,-1.246149e-18
-1.882080,-2.891915e-19,-1.281720e-18
-1.881836,-2.690690e-19,-1.277455e-18
-1.881592,-2.909522e-19,-1.258509e-18
-1.881348,-3.038560e-19,-1.259503e-18
-1.881104,-3.064816e-19,-1.274686e-18
-1.880859,-3.077821e-19,-1.265647e-18
-1.880615,-2.970535e-19,-1.258565e-18
-1.880371,-3.244799e-19,-1.293595e-18
-1.880127,-3.420127e-19,-1.328758e-18
-1.879883,-3.139197e-19,-1.321804e-18
-1.879639,-3.262622e-19,-1.299101e-18
-1.879395,-3.476824e-19,-1.300169e-18
-1.879150,-3.431090e-19,-1.313816e-18
-1.878906,-3.506880e-19,-1.310743e-18
-1.878662,-3.417855e-19,-1.306843e-18
-1.878418,-3.546366e-19,-1.335758e-18
-1.878174,-3.851140e-19,-1.369081e-18
-1.877930,-3.596115e-19,-1.361269e-18
-1.877686,-3.576513e-19,-1.340133e-18
-1.877441,-3.891494e-19,-1.339675e-18
-1.877197,-3.830275e-19,-1.352222e-18
-1.876953,-3.858066e-19,-1.354552e-18
-1.876709,-3.875401e-19,-1.349905e-18
-1.876465,-3.838444e-19,-1.377587e-18
-1.876221,-4.160035e-19,-1.410027e-18
-1.875977,-4.092483e-19,-1.397814e-18
-1.875732,-3.879734e-19,-1.376341e-18
-1.875488,-4.203216e-19,-1.376990e-18
-1.875244,-4.235920e-19,-1.388147e-18
-1.875000,-4.158038e-19,-1.392838e-18
-1.874756,-4.272012e-19,-1.393539e-18
-1.874512,-4.165414e-19,-1.417834e-18
-1.874268,-4.394635e-19,-1.447095e-18
-1.874023,-4.534378e-19,-1.437352e-18
-1.873779,-4.209455e-19,-1.412094e-18
-1.873535,-4.408666e-19,-1.412069e-18
-1.873291,-4.622819e-19,-1.423309e-18
-1.873047,-4.431956e-19,-1.427058e-18
-1.872803,-4.547341e-19,-1.432537e-18
-1.872559,-4.552134e-19,-1.456686e-18
-1.872314,-4.569473e-19,-1.481736e-18
-1.872070,-4.857203e-19,-1.469603e-18
-1.871826,-4.599629e-19,-1.444709e-18
-1.871582,-4.555687e-19,-1.445032e-18
-1.871338,-4.956054e-19,-1.456063e-18
-1.871094,-4.768363e-19,-1.460891e-18
-1.870850,-4.748570e-19,-1.469651e-18
-1.870605,-4.884619e-19,-1.492434e-18
-1.870361,-4.777800e-19,-1.512174e-18
-1.870117,-5.043923e-19,-1.501577e-18
-1.869873,-4.964989e-19,-1.475072e-18
-1.869629,-4.741335e-19,-1.473377e-18
-1.869385,-5.109107e-19,-1.485162e-18
-1.869141,-5.093670e-19,-1.490406e-18
-1.868896,-4.919766e-19,-1.504128e-18
-1.868652,-5.115970e-19,-1.526259e-18
-1.868408,-5.052941e-19,-1.541730e-18
-1.868164,-5.149690e-19,-1.529963e-18
-1.867920,-5.278453e-19,-1.503954e-18
-1.867676,-4.977853e-19,-1.501867e-18
-1.867432,-5.180842e-19,-1.512450e-18
-1.867188,-5.384289e-19,-1.517796e-18
-1.866943,-5.109554e-19,-1.531195e-18
-1.866699,-5.259322e-19,-1.554560e-18
-1.866455,-5.303812e-19,-1.567895e-18
-1.866211,-5.243955e-19,-1.553970e-18
-1.865967,-5.472007e-19,-1.528458e-18
-1.865723,-5.262998e-19,-1.526146e-18
-1.865479,-5.240777e-19,-1.537219e-18
-1.865234,-5.561073e-19,-1.539890e-18
-1.864990,-5.367848e-19,-1.556793e-18
-1.864746,-5.346261e-19,-1.582926e-18
-1.864502,-5.491345e-19,-1.590129e-18
-1.864258,-5.378525e-19,-1.574210e-18
-1.864014,-5.565240e-19,-1.549377e-18
-1.863770,-5.512225e-19,-1.546163e-18
-1.863525,-5.316475e-19,-1.557414e-18
-1.863281,-5.626542e-19,-1.562327e-18
-1.863037,-5.578523e-19,-1.577478e-18
-1.862793,-5.421630e-19,-1.603278e-18
-1.862549,-5.625298e-19,-1.611831e-18
-1.862305,-5.545183e-19,-1.592335e-18
-1.862061,-5.604128e-19,-1.568989e-18
-1.861816,-5.698770e-19,-1.565550e-18
-1.861572,-5.447039e-19,-1.572832e-18
-1.861328,-5.632172e-19,-1.577438e-18
-1.861084,-5.753608e-19,-1.591704e-18
-1.860840,-5.500507e-19,-1.619945e-18
-1.860596,-5.663453e-19,-1.626899e-18
-1.860352,-5.682792e-19,-1.602667e-18
-1.860107,-5.605793e-19,-1.580799e-18
-1.859863,-5.787382e-19,-1.577845e-18
-1.859619,-5.587603e-19,-1.586953e-18
-1.859375,-5.607298e-19,-1.591676e-18
-1.859131,-5.847968e-19,-1.602466e-18
-1.858887,-5.616341e-19,-1.631813e-18
-1.858643,-5.648656e-19,-1.638878e-18
-1.858398,-5.768517e-19,-1.610646e-18
-1.858154,-5.633044e-19,-1.589421e-18
-1.857910,-5.763970e-19,-1.587405e-18
-1.857666,-5.699712e-19,-1.593030e-18
-1.857422,-5.581954e-19,-1.599789e-18
-1.857178,-5.809482e-19,-1.610592e-18
-1.856934,-5.705908e-19,-1.637095e-18
-1.856689,-5.607329e-19,-1.646664e-18
-1.856445,-5.769144e-19,-1.617191e-18
-1.856201,-5.664008e-19,-1.593276e-18
-1.855957,-5.714575e-19,-1.593055e-18
-1.855713,-5.771043e-19,-1.597833e-18
-1.855469,-5.560322e-19,-1.601038e-18
-1.855225,-5.708727e-19,-1.610671e-18
-1.854980,-5.768208e-19,-1.637366e-18
-1.854736,-5.560267e-19,-1.646285e-18
-1.854492,-5.704666e-19,-1.614393e-18
-1.854248,-5.683480e-19,-1.590601e-18
-1.854004,-5.613187e-19,-1.592976e-18
-1.853760,-5.740991e-19,-1.596795e-18
-1.853516,-5.563090e-19,-1.599623e-18
-1.853271,-5.601968e-19,-1.609452e-18
-1.853027,-5.721254e-19,-1.632015e-18
-1.852783,-5.529588e-19,-1.642279e-18
-1.852539,-5.600058e-19,-1.610969e-18
-1.852295,-5.629447e-19,-1.582682e-18
-1.852051,-5.524041e-19,-1.587561e-18
-1.851807,-5.629629e-19,-1.590470e-18
-1.851562,-5.522149e-19,-1.589687e-18
-1.851318,-5.449144e-19,-1.601196e-18
-1.851074,-5.607387e-19,-1.622351e-18
-1.850830,-5.495319e-19,-1.631239e-18
-1.850586,-5.457880e-19,-1.600852e-18
-1.850342,-5.535214e-19,-1.571346e-18
-1.850098,-5.411681e-19,-1.578041e-18
-1.849854,-5.482669e-19,-1.582372e-18
-1.849609,-5.458349e-19,-1.577099e-18
-1.849365,-5.298922e-19,-1.585643e-18
-1.849121,-5.437905e-19,-1.605571e-18
-1.848877,-5.395796e-19,-1.613723e-18
-1.848633,-5.277608e-19,-1.583518e-18
-1.848389,-5.361061e-19,-1.553820e-18
-1.848145,-5.278645e-19,-1.560552e-18
-1.847900,-5.297414e-19,-1.565541e-18
-1.847656,-5.328777e-19,-1.560087e-18
-1.847412,-5.153658e-19,-1.566970e-18
-1.847168,-5.236150e-19,-1.587070e-18
-1.846924,-5.253068e-19,-1.593803e-18
-1.846680,-5.095045e-19,-1.564762e-18
-1.846436,-5.185281e-19,-1.534533e-18
-1.846191,-5.119154e-19,-1.539083e-18
-1.845947,-5.038232e-19,-1.547595e-18
-1.845703,-5.163592e-19,-1.538107e-18
-1.845459,-4.986900e-19,-1.542938e-18
-1.845215,-4.951757e-19,-1.562303e-18
-1.844971,-5.068532e-19,-1.565239e-18
-1.844727,-4.909782e-19,-1.539344e-18
-1.844482,-4.940660e-19,-1.509762e-18
-1.844238,-4.934484e-19,-1.516237e-18
-1.843994,-4.790427e-19,-1.525254e-18
-1.843750,-4.917097e-19,-1.511446e-18
-1.843506,-4.815185e-19,-1.516291e-18
-1.843262,-4.652186e-19,-1.534056e-18
-1.843018,-4.802776e-19,-1.533952e-18
-1.842773,-4.716499e-19,-1.510477e-18
-1.842529,-4.639046e-19,-1.481512e-18
-1.842285,-4.688580e-19,-1.486107e-18
-1.842041,-4.544317e-19,-1.499183e-18
-1.841797,-4.605085e-19,-1.485098e-18
-1.841553,-4.598835e-19,-1.485502e-18
-1.841309,-4.387333e-19,-1.503728e-18
-1.841064,-4.494183e-19,-1.502437e-18
-1.840820,-4.468423e-19,-1.478774e-18
-1.840576,-4.335921e-19,-1.451760e-18
-1.840332,-4.400456e-19,-1.454985e-18
-1.840088,-4.260074e-19,-1.470473e-18
-1.839844,-4.236315e-19,-1.455949e-18
-1.839600,-4.329678e-19,-1.448636e-18
-1.839355,-4.094235e-19,-1.467862e-18
-1.839111,-4.104286e-19,-1.467167e-18
-1.838867,-4.192580e-19,-1.441831e-18
-1.838623,-4.021391e-19,-1.418577e-18
-1.838379,-4.070773e-19,-1.420377e-18
-1.838135,-3.986573e-19,-1.436786e-18
-1.837891,-3.869055e-19,-1.424298e-18
-1.837646,-4.006322e-19,-1.412162e-18
-1.837402,-3.808215e-19,-1.429264e-18
-1.837158,-3.702259e-19,-1.427687e-18
-1.836914,-3.861935e-19,-1.401206e-18
-1.836670,-3.687171e-19,-1.380595e-18
-1.836426,-3.653273e-19,-1.384504e-18
-1.836182,-3.688056e-19,-1.400920e-18
-1.835938,-3.500812e-19,-1.388038e-18
-1.835693,-3.613778e-19,-1.371552e-18
-1.835449,-3.559991e-19,-1.387758e-18
-1.835205,-3.306835e-19,-1.388524e-18
-1.834961,-3.472049e-19,-1.359902e-18
-1.834717,-3.405470e-19,-1.341877e-18
-1.834473,-3.245106e-19,-1.346685e-18
-1.834229,-3.331322e-19,-1.362502e-18
-1.833984,-3.148540e-19,-1.350934e-18
-1.833740,-3.160472e-19,-1.328012e-18
-1.833496,-3.233314e-19,-1.341941e-18
-1.833252,-2.940557e-19,-1.344314e-18
-1.833008,-3.024651e-19,-1.314258e-18
-1.832764,-3.080324e-19,-1.297858e-18
-1.832520,-2.853208e-19,-1.305601e-18
-1.832275,-2.936018e-19,-1.322468e-18
-1.832031,-2.820377e-19,-1.311713e-18
-1.831787,-2.744610e-19,-1.286418e-18
-1.831543,-2.864480e-19,-1.294588e-18
-1.831299,-2.594167e-19,-1.297763e-18
-1.831055,-2.569424e-19,-1.268983e-18
-1.830811,-2.706229e-19,-1.252054e-18
-1.830566,-2.494631e-19,-1.261617e-18
-1.830322,-2.487046e-19,-1.279553e-18
-1.830078,-2.456400e-19,-1.271005e-18
-1.829834,-2.319152e-19,-1.242631e-18
-1.829590,-2.439311e-19,-1.246003e-18
-1.829346,-2.293940e-19,-1.251316e-18
-1.829102,-2.105770e-19,-1.222360e-18
-1.828857,-2.280544e-19,-1.205576e-18
-1.828613,-2.155220e-19,-1.219029e-18
-1.828369,-2.023964e-19,-1.235377e-18
-1.828125,-2.093926e-19,-1.226798e-18
-1.827881,-1.896273e-19,-1.197169e-18
-1.827637,-1.960548e-19,-1.194427e-18
-1.827393,-1.963969e-19,-1.201376e-18
-1.827148,-1.677524e-19,-1.173965e-18
-1.826904,-1.818987e-19,-1.157286e-18
-1.826660,-1.796170e-19,-1.174104e-18
-1.826416,-1.598300e-19,-1.190574e-18
-1.826172,-1.665843e-19,-1.184059e-18
-1.825928,-1.523766e-19,-1.152596e-18
-1.825684,-1.503598e-19,-1.142072e-18
-1.825439,-1.542696e-19,-1.150874e-18
-1.825195,-1.291722e-19,-1.126179e-18
-1.824951,-1.314336e-19,-1.106967e-18
-1.824707,-1.383557e-19,-1.128029e-18
-1.824463,-1.184680e-19,-1.146153e-18
-1.824219,-1.185333e-19,-1.138086e-18
-1.823975,-1.141742e-19,-1.109355e-18
-1.823730,-1.018644e-19,-1.092649e-18
-1.823486,-1.119015e-19,-1.099300e-18
-1.823242,-9.253310e-20,-1.081687e-18
-1.822998,-7.976190e-20,-1.059459e-18
-1.822754,-9.741563e-20,-1.080193e-18
-1.822510,-7.778976e-20,-1.102674e-18
-1.822266,-6.972837e-20,-1.093342e-18
-1.822021,-7.150573e-20,-1.064382e-18
-1.821777,-5.350492e-20,-1.041214e-18
-1.821533,-6.382905e-20,-1.045041e-18
-1.821289,-5.340688e-20,-1.034760e-18
-1.821045,-3.134059e-20,-1.010610e-18
-1.820801,-4.793360e-20,-1.032351e-18
-1.820557,-3.941632e-20,-1.060620e-18
-1.820312,-2.171253e-20,-1.051203e-18
-1.820068,-2.767710e-20,-1.020635e-18
-1.819824,-1.186811e-20,-9.937067e-19
-1.819580,-1.129820e-20,-9.954331e-19
-1.819336,-1.359432e-20,-9.883948e-19
-1.819092,1.343226e-20,-9.673411e-19
-1.818848,4.269637e-21,-9.862782e-19
-1.818604,2.148102e-21,-1.016797e-18
-1.818359,2.624628e-20,-1.009074e-18
-1.818115,2.155941e-20,-9.782379e-19
-1.817871,2.982041e-20,-9.514936e-19
-1.817627,3.754249e-20,-9.460141e-19
-1.817383,3.155068e-20,-9.440316e-19
-1.817139,5.423643e-20,-9.269417e-19
-1.816895,5.713043e-20,-9.423180e-19
-1.816650,4.564305e-20,-9.776895e-19
-1.816406,6.822748e-20,-9.692633e-19
-1.816162,7.096706e-20,-9.365846e-19
-1.815918,6.988475e-20,-9.077982e-19
-1.815674,8.907769e-20,-8.970863e-19
-1.815430,7.938598e-20,-8.990914e-19
-1.815186,9.188264e-20,-8.868310e-19
-1.814941,1.100516e-19,-9.001828e-19
-1.814697,9.136251e-20,-9.379337e-19
-1.814453,1.068621e-19,-9.336260e-19
-1.814209,1.203501e-19,-9.002962e-19
-1.813965,1.138668e-19,-8.708183e-19
-1.813721,1.328107e-19,-8.562292e-19
-1.813477,1.279500e-19,-8.587309e-19
-1.813232,1.311757e-19,-8.529784e-19
-1.812988,1.561710e-19,-8.627292e-19
-1.812744,1.415710e-19,-8.993616e-19
-1.812500,1.469004e-19,-9.010340e-19
-1.812256,1.680072e-19,-8.654146e-19
-1.812012,1.590273e-19,-8.326258e-19
-1.811768,1.724085e-19,-8.161567e-19
-1.811523,1.785257e-19,-8.202160e-19
-1.811279,1.702843e-19,-8.223610e-19
-1.811035,1.965373e-19,-8.306141e-19
-1.810791,1.941645e-19,-8.650112e-19
-1.810547,1.853276e-19,-8.722252e-19
-1.810303,2.114883e-19,-8.366416e-19
-1.810059,2.052265e-19,-8.006390e-19
-1.809814,2.101867e-19,-7.800870e-19
-1.809570,2.295493e-19,-7.845009e-19
-1.809326,2.142114e-19,-7.923655e-19
-1.809082,2.316619e-19,-8.015957e-19
-1.808838,2.443316e-19,-8.347622e-19
-1.808594,2.270011e-19,-8.450031e-19
-1.808350,2.488055e-19,-8.117310e-19
-1.808105,2.544082e-19,-7.733292e-19
-1.807861,2.457307e-19,-7.523993e-19
-1.807617,2.705056e-19,-7.564249e-19
-1.807373,2.639639e-19,-7.670655e-19
-1.807129,2.640095e-19,-7.779139e-19
-1.806885,2.907585e-19,-8.079262e-19
-1.806641,2.729285e-19,-8.230828e-19
-1.806396,2.822528e-19,-7.888831e-19
-1.806152,3.041825e-19,-7.477104e-19
-1.805908,2.857822e-19,-7.274640e-19
-1.805664,3.052983e-19,-7.291975e-19
-1.805420,3.120160e-19,-7.468762e-19
-1.805176,2.989597e-19,-7.600494e-19
-1.804932,3.264345e-19,-7.853810e-19
-1.804688,3.210330e-19,-8.035527e-19
-1.804443,3.170326e-19,-7.732450e-19
-1.804199,3.421186e-19,-7.274856e-19
-1.803955,3.303046e-19,-7.038477e-19
-1.803711,3.377270e-19,-7.076484e-19
-1.803467,3.566686e-19,-7.261138e-19
-1.803223,3.397936e-19,-7.422987e-19
-1.802979,3.549704e-19,-7.673926e-19
-1.802734,3.688070e-19,-7.856393e-19
-1.802490,3.520126e-19,-7.585861e-19
-1.802246,3.734362e-19,-7.132172e-19
-1.802002,3.763713e-19,-6.884506e-19
-1.801758,3.673169e-19,-6.905877e-19
-1.801514,3.946466e-19,-7.124857e-19
-1.801270,3.827114e-19,-7.318616e-19
-1.801025,3.821136e-19,-7.519327e-19
-1.800781,4.088791e-19,-7.698925e-19
-1.800537,3.928847e-19,-7.478618e-19
-1.800293,4.009823e-19,-6.986166e-19
-1.800049,4.152764e-19,-6.720325e-19
-1.799805,4.029316e-19,-6.759667e-19
-1.799561,4.232792e-19,-6.984570e-19
-1.799316,4.249127e-19,-7.225196e-19
-1.799072,4.100964e-19,-7.410758e-19
-1.798828,4.356276e-19,-7.578270e-19
-1.798584,4.342614e-19,-7.400390e-19
-1.798340,4.258820e-19,-6.898439e-19
-1.798096,4.487573e-19,-6.605011e-19
-1.797852,4.399173e-19,-6.640429e-19
-1.797607,4.466798e-19,-6.884473e-19
-1.797363,4.636997e-19,-7.148551e-19
-1.797119,4.418176e-19,-7.332953e-19
-1.796875,4.587735e-19,-7.485469e-19
-1.796631,4.734024e-19,-7.342015e-19
-1.796387,4.544873e-19,-6.843866e-19
-1.796143,4.729092e-19,-6.512788e-19
-1.795898,4.739116e-19,-6.577464e-19
-1.795654,4.688741e-19,-6.838577e-19
-1.795410,4.920001e-19,-7.116861e-19
-1.795166,4.784827e-19,-7.285462e-19
-1.794922,4.790330e-19,-7.406851e-19
-1.794678,5.024882e-19,-7.295474e-19
-1.794434,4.881374e-19,-6.804334e-19
-1.794189,4.920307e-19,-6.464108e-19
-1.793945,5.048752e-19,-6.522690e-19
-1.793701,4.963816e-19,-6.805906e-19
-1.793457,5.128508e-19,-7.113457e-19
-1.793213,5.105337e-19,-7.265451e-19
-1.792969,4.974811e-19,-7.376509e-19
-1.792725,5.228069e-19,-7.300766e-19
-1.792480,5.223845e-19,-6.832555e-19
-1.792236,5.112646e-19,-6.431294e-19
-1.791992,5.262046e-19,-6.507253e-19
-1.791748,5.251521e-19,-6.829206e-19
-1.791504,5.321575e-19,-7.103961e-19
-1.791260,5.382170e-19,-7.276402e-19
-1.791016,5.214452e-19,-7.370474e-19
-1.790771,5.376227e-19,-7.307604e-19
-1.790527,5.516326e-19,-6.874771e-19
-1.790283,5.354495e-19,-6.444126e-19
-1.790039,5.411743e-19,-6.540297e-19
-1.789795,5.489564e-19,-6.881317e-19
-1.789551,5.506072e-19,-7.160403e-19
-1.789307,5.589419e-19,-7.331351e-19
-1.789062,5.472527e-19,-7.380492e-19
-1.788818,5.506702e-19,-7.329402e-19
-1.788574,5.712229e-19,-6.942000e-19
-1.788330,5.604374e-19,-6.479279e-19
-1.788086,5.559164e-19,-6.557826e-19
-1.787842,5.670023e-19,-6.940693e-19
-1.787598,5.687992e-19,-7.224010e-19
-1.787354,5.754458e-19,-7.390984e-19
-1.787109,5.677048e-19,-7.443293e-19
-1.786865,5.636934e-19,-7.390512e-19
-1.786621,5.848568e-19,-7.040786e-19
-1.786377,5.817528e-19,-6.558695e-19
-1.786133,5.684667e-19,-6.609936e-19
-1.785889,5.798661e-19,-7.055389e-19
-1.785645,5.876385e-19,-7.331830e-19
-1.785400,5.886616e-19,-7.460776e-19
-1.785156,5.833297e-19,-7.513386e-19
-1.784912,5.777045e-19,-7.452750e-19
-1.784668,5.936126e-19,-7.150580e-19
-1.784424,5.966933e-19,-6.683427e-19
-1.784180,5.852447e-19,-6.680135e-19
-1.783936,5.852399e-19,-7.176971e-19
-1.783691,5.961815e-19,-7.487685e-19
-1.783447,6.049409e-19,-7.558330e-19
-1.783203,5.931287e-19,-7.619807e-19
-1.782959,5.875411e-19,-7.551391e-19
-1.782715,6.010843e-19,-7.257560e-19
-1.782471,6.068400e-19,-6.795522e-19
-1.782227,5.990247e-19,-6.768307e-19
-1.781982,5.895727e-19,-7.301724e-19
-1.781738,6.001773e-19,-7.624154e-19
-1.781494,6.145212e-19,-7.690731e-19
-1.781250,6.011560e-19,-7.722989e-19
-1.781006,5.895845e-19,-7.664457e-19
-1.780762,6.022991e-19,-7.411870e-19
-1.780518,6.118224e-19,-6.949622e-19
-1.780273,6.039559e-19,-6.903287e-19
-1.780029,5.957284e-19,-7.444565e-19
-1.779785,5.992300e-19,-7.819481e-19
-1.779541,6.150322e-19,-7.815843e-19
-1.779297,6.121500e-19,-7.822639e-19
-1.779053,5.907522e-19,-7.803534e-19
-1.778809,5.990831e-19,-7.537518e-19
-1.778564,6.137892e-19,-7.128808e-19
-1.778320,6.057047e-19,-7.054342e-19
-1.778076,5.963381e-19,-7.584849e-19
-1.777832,5.935425e-19,-8.012191e-19
-1.777588,6.108878e-19,-7.973553e-19
-1.777344,6.160510e-19,-7.955055e-19
-1.777100,5.886807e-19,-7.946253e-19
-1.776855,5.918439e-19,-7.704942e-19
-1.776611,6.143944e-19,-7.290880e-19
-1.776367,6.052638e-19,-7.183648e-19
-1.776123,5.929791e-19,-7.731406e-19
-1.775879,5.910483e-19,-8.201793e-19
-1.775635,5.999673e-19,-8.141704e-19
-1.775391,6.132362e-19,-8.082788e-19
-1.775146,5.882229e-19,-8.103796e-19
-1.774902,5.768323e-19,-7.882480e-19
-1.774658,6.061742e-19,-7.479388e-19
-1.774414,6.023262e-19,-7.376056e-19
-1.774170,5.858537e-19,-7.897820e-19
-1.773926,5.851471e-19,-8.402314e-19
-1.773682,5.868478e-19,-8.340306e-19
-1.773438,6.046216e-19,-8.208680e-19
-1.773193,5.911029e-19,-8.230894e-19
-1.772949,5.642995e-19,-8.042464e-19
-1.772705,5.901241e-19,-7.656873e-19
-1.772461,6.003968e-19,-7.545306e-19
-1.772217,5.751880e-19,-8.046397e-19
-1.771973,5.710133e-19,-8.599242e-19
-1.771729,5.758262e-19,-8.544755e-19
-1.771484,5.889080e-19,-8.351038e-19
-1.771240,5.875450e-19,-8.352742e-19
-1.770996,5.528626e-19,-8.205626e-19
-1.770752,5.653581e-19,-7.846436e-19
-1.770508,5.943800e-19,-7.704351e-19
-1.770264,5.672023e-19,-8.185799e-19
-1.770020,5.534940e-19,-8.773627e-19
-1.769775,5.628498e-19,-8.726505e-19
-1.769531,5.674970e-19,-8.462488e-19
-1.769287,5.761230e-19,-8.491651e-19
-1.769043,5.458264e-19,-8.377332e-19
-1.768799,5.363518e-19,-8.005959e-19
-1.768555,5.770266e-19,-7.908009e-19
-1.768311,5.601815e-19,-8.356460e-19
-1.768066,5.311668e-19,-8.936517e-19
-1.767822,5.439195e-19,-8.928668e-19
-1.767578,5.503156e-19,-8.594009e-19
-1.767334,5.585358e-19,-8.583152e-19
-1.767090,5.369390e-19,-8.525706e-19
-1.766846,5.106771e-19,-8.164025e-19
-1.766602,5.488498e-19,-8.050133e-19
-1.766357,5.514406e-19,-8.497482e-19
-1.766113,5.082832e-19,-9.095237e-19
-1.765869,5.169229e-19,-9.113695e-19
-1.765625,5.304111e-19,-8.739289e-19
-1.765381,5.288995e-19,-8.683988e-19
-1.765137,5.211992e-19,-8.664082e-19
-1.764893,4.906852e-19,-8.338901e-19
-1.764648,5.119276e-19,-8.201955e-19
-1.764404,5.373978e-19,-8.634170e-19
-1.764160,4.920948e-19,-9.228160e-19
-1.763916,4.835710e-19,-9.270894e-19
-1.763672,5.086785e-19,-8.882450e-19
-1.763428,5.034266e-19,-8.775171e-19
-1.763184,4.966240e-19,-8.797725e-19
-1.762939,4.707013e-19,-8.509576e-19
-1.762695,4.712677e-19,-8.368683e-19
-1.762451,5.099140e-19,-8.792658e-19
-1.762207,4.786800e-19,-9.371788e-19
-1.761963,4.472961e-19,-9.434299e-19
-1.761719,4.767965e-19,-9.013158e-19
-1.761475,4.792196e-19,-8.868220e-19
-1.761230,4.686250e-19,-8.926306e-19
-1.760986,4.505652e-19,-8.652161e-19
-1.760742,4.363567e-19,-8.510074e-19
-1.760498,4.732813e-19,-8.926579e-19
-1.760254,4.636754e-19,-9.512428e-19
-1.760010,4.154970e-19,-9.596007e-19
-1.759766,4.351991e-19,-9.160764e-19
-1.759521,4.541755e-19,-8.980883e-19
-1.759277,4.368846e-19,-9.044449e-19
-1.759033,4.215075e-19,-8.825773e-19
-1.758789,4.064529e-19,-8.671920e-19
-1.758545,4.292819e-19,-9.056071e-19
-1.758301,4.419485e-19,-9.649052e-19
-1.758057,3.930853e-19,-9.749567e-19
-1.757812,3.899077e-19,-9.324563e-19
-1.757568,4.226040e-19,-9.082334e-19
-1.757324,4.080672e-19,-9.162215e-19
-1.757080,3.874891e-19,-9.010224e-19
-1.756836,3.740821e-19,-8.850956e-19
-1.756592,3.852578e-19,-9.227785e-19
-1.756348,4.097241e-19,-9.779840e-19
-1.756104,3.709388e-19,-9.907615e-19
-1.755859,3.452946e-19,-9.490674e-19
-1.755615,3.813879e-19,-9.175499e-19
-1.755371,3.828380e-19,-9.284538e-19
-1.755127,3.537123e-19,-9.173069e-19
-1.754883,3.399949e-19,-9.014725e-19
-1.754639,3.458548e-19,-9.373329e-19
-1.754395,3.677250e-19,-9.919035e-19
-1.754150,3.464382e-19,-1.007433e-18
-1.753906,3.061157e-19,-9.658727e-19
-1.753662,3.329393e-19,-9.325949e-19
-1.753418,3.531250e-19,-9.418377e-19
-1.753174,3.179159e-19,-9.345840e-19
-1.752930,3.006651e-19,-9.195281e-19
-1.752686,3.061392e-19,-9.534180e-19
-1.752441,3.225346e-19,-1.009530e-18
-1.752197,3.171237e-19,-1.022564e-18
-1.751953,2.732246e-19,-9.817180e-19
-1.751709,2.803964e-19,-9.466101e-19
-1.751465,3.130754e-19,-9.534599e-19
-1.751221,2.876963e-19,-9.541604e-19
-1.750977,2.579742e-19,-9.394777e-19
-1.750732,2.621769e-19,-9.687187e-19
-1.750488,2.792322e-19,-1.026119e-18
-1.750244,2.781787e-19,-1.038749e-18
-1.750000,2.405132e-19,-9.993965e-19
-1.749756,2.307232e-19,-9.620760e-19
-1.749512,2.642402e-19,-9.648801e-19
-1.749268,2.568248e-19,-9.712192e-19
-1.749023,2.165895e-19,-9.575146e-19
-1.748779,2.135314e-19,-9.840403e-19
-1.748535,2.347487e-19,-1.041722e-18
-1.748291,2.353173e-19,-1.053784e-18
-1.748047,2.035799e-19,-1.016317e-18
-1.747803,1.829398e-19,-9.795257e-19
-1.747559,2.101625e-19,-9.816762e-19
-1.747314,2.201430e-19,-9.892103e-19
-1.747070,1.794145e-19,-9.779995e-19
-1.746826,1.619132e-19,-1.002649e-18
-1.746582,1.855272e-19,-1.057028e-18
-1.746338,1.932624e-19,-1.071722e-18
-1.746094,1.646828e-19,-1.033979e-18
-1.745850,1.387570e-19,-9.948787e-19
-1.745605,1.547999e-19,-9.961963e-19
-1.745361,1.741520e-19,-1.006339e-18
-1.745117,1.435574e-19,-9.995328e-19
-1.744873,1.118171e-19,-1.020338e-18
-1.744629,1.307548e-19,-1.073122e-18
-1.744385,1.492998e-19,-1.090327e-18
-1.744141,1.235847e-19,-1.051556e-18
-1.743896,9.256061e-20,-1.013008e-18
-1.743652,1.025624e-19,-1.011819e-18
-1.743408,1.253799e-19,-1.023314e-18
-1.743164,1.076210e-19,-1.020982e-18
-1.742920,6.853615e-20,-1.036682e-18
-1.742676,7.335537e-20,-1.088573e-18
-1.742432,1.032665e-19,-1.107893e-18
-1.742188,8.369677e-20,-1.069292e-18
-1.741943,4.607302e-20,-1.032725e-18
-1.741699,5.070430e-20,-1.029352e-18
-1.741455,7.142102e-20,-1.042564e-18
-1.741211,6.578460e-20,-1.044822e-18
-1.740967,2.889190e-20,-1.056554e-18
-1.740723,1.766127e-20,-1.103127e-18
-1.740479,5.137914e-20,-1.125566e-18
-1.740234,4.720543e-20,-1.088142e-18
-1.739990,1.554889e-21,-1.048419e-18
-1.739746,-1.743089e-21,-1.046443e-18
-1.739502,2.260941e-20,-1.061432e-18
-1.739258,1.846925e-20,-1.064940e-18
-1.739014,-8.598040e-21,-1.075859e-18
-1.738770,-3.234193e-20,-1.119813e-18
-1.738525,-9.956238e-21,-1.142432e-18
-1.738281,8.696211e-21,-1.106290e-18
-1.738037,-3.846489e-20,-1.067082e-18
-1.737793,-5.516698e-20,-1.064423e-18
-1.737549,-2.645371e-20,-1.079738e-18
-1.737305,-2.791172e-20,-1.085227e-18
-1.737061,-4.906694e-20,-1.094974e-18
-1.736816,-7.572811e-20,-1.133925e-18
-1.736572,-6.851339e-20,-1.158106e-18
-1.736328,-3.757235e-20,-1.127530e-18
-1.736084,-7.279706e-20,-1.085673e-18
-1.735840,-1.094745e-19,-1.082043e-18
-1.735596,-7.950709e-20,-1.101166e-18
-1.735352,-7.029498e-20,-1.108004e-18
-1.735107,-9.450378e-20,-1.116980e-18
-1.734863,-1.166672e-19,-1.150978e-18
-1.734619,-1.225484e-19,-1.173286e-18
-1.734375,-9.023371e-20,-1.145891e-18
-1.734131,-1.024570e-19,-1.104132e-18
-1.733887,-1.553725e-19,-1.099390e-18
-1.733643,-1.368473e-19,-1.120429e-18
-1.733398,-1.128701e-19,-1.131171e-18
-1.733154,-1.386357e-19,-1.137026e-18
-1.732910,-1.597664e-19,-1.165532e-18
-1.732666,-1.696529e-19,-1.191140e-18
-1.732422,-1.481540e-19,-1.165684e-18
-1.732178,-1.397593e-19,-1.122947e-18
-1.731934,-1.923949e-19,-1.118562e-18
-1.731689,-1.958734e-19,-1.139200e-18
-1.731445,-1.565723e-19,-1.150569e-18
-1.731201,-1.763793e-19,-1.157369e-18
-1.730957,-2.037008e-19,-1.181201e-18
-1.730713,-2.117200e-19,-1.203493e-18
-1.730469,-2.042982e-19,-1.185338e-18
-1.730225,-1.826431e-19,-1.144186e-18
-1.729980,-2.223192e-19,-1.136253e-18
-1.729736,-2.517187e-19,-1.160821e-18
-1.729492,-2.077178e-19,-1.175683e-18
-1.729248,-2.123064e-19,-1.180845e-18
-1.729004,-2.497748e-19,-1.199848e-18
-1.728760,-2.530730e-19,-1.218924e-18
-1.728516,-2.515067e-19,-1.203464e-18
-1.728271,-2.326216e-19,-1.164979e-18
-1.728027,-2.495281e-19,-1.154765e-18
-1.727783,-2.969834e-19,-1.179488e-18
-1.727539,-2.657650e-19,-1.197139e-18
-1.727295,-2.450414e-19,-1.202504e-18
-1.727051,-2.891448e-19,-1.217900e-18
-1.726807,-3.000979e-19,-1.234609e-18
-1.726562,-2.938431e-19,-1.223699e-18
-1.726318,-2.835447e-19,-1.187380e-18
-1.726074,-2.829996e-19,-1.175428e-18
-1.725830,-3.299821e-19,-1.200206e-18
-1.725586,-3.246174e-19,-1.221046e-18
-1.725342,-2.834127e-19,-1.225291e-18
-1.725098,-3.181418e-19,-1.233879e-18
-1.724854,-3.458277e-19,-1.248857e-18
-1.724609,-3.326806e-19,-1.241588e-18
-1.724365,-3.293167e-19,-1.210168e-18
-1.724121,-3.236465e-19,-1.197639e-18
-1.723877,-3.569121e-19,-1.221039e-18
-1.723633,-3.767591e-19,-1.244809e-18
-1.723389,-3.297938e-19,-1.249335e-18
-1.723145,-3.434985e-19,-1.254301e-18
-1.722900,-3.878493e-19,-1.264533e-18
-1.722656,-3.740805e-19,-1.258576e-18
-1.722412,-3.655962e-19,-1.231459e-18
-1.722168,-3.650553e-19,-1.216901e-18
-1.721924,-3.818476e-19,-1.238742e-18
-1.721680,-4.147868e-19,-1.266216e-18
-1.721436,-3.827159e-19,-1.269798e-18
-1.721191,-3.665406e-19,-1.269689e-18
-1.720947,-4.194495e-19,-1.279308e-18
-1.720703,-4.207321e-19,-1.275872e-18
-1.720459,-3.977124e-19,-1.252666e-18
-1.720215,-4.040918e-19,-1.238834e-18
-1.719971,-4.124580e-19,-1.258264e-18
-1.719727,-4.424684e-19,-1.286458e-18
-1.719482,-4.324982e-19,-1.291331e-18
-1.719238,-3.975773e-19,-1.287292e-18
-1.718994,-4.384106e-19,-1.290529e-18
-1.718750,-4.628413e-19,-1.288060e-18
-1.718506,-4.363439e-19,-1.270795e-18
-1.718262,-4.354452e-19,-1.258130e-18
-1.718018,-4.436045e-19,-1.275770e-18
-1.717773,-4.677027e-19,-1.307298e-18
-1.717529,-4.744814e-19,-1.312447e-18
-1.717285,-4.374743e-19,-1.301774e-18
-1.717041,-4.560439e-19,-1.302672e-18
-1.716797,-4.967495e-19,-1.300950e-18
-1.716553,-4.750001e-19,-1.287891e-18
-1.716309,-4.613690e-19,-1.274728e-18
-1.716064,-4.763402e-19,-1.288661e-18
-1.715820,-4.910465e-19,-1.321620e-18
-1.715576,-5.068526e-19,-1.326912e-18
-1.715332,-4.799634e-19,-1.315055e-18
-1.715088,-4.724402e-19,-1.310965e-18
-1.714844,-5.228089e-19,-1.309440e-18
-1.714600,-5.164412e-19,-1.300993e-18
-1.714355,-4.884055e-19,-1.289811e-18
-1.714111,-5.021067e-19,-1.303364e-18
-1.713867,-5.160520e-19,-1.334384e-18
-1.713623,-5.307937e-19,-1.341889e-18
-1.713379,-5.181242e-19,-1.325198e-18
-1.713135,-4.949540e-19,-1.316716e-18
-1.712891,-5.319840e-19,-1.316398e-18
-1.712646,-5.538783e-19,-1.309438e-18
-1.712402,-5.186816e-19,-1.301911e-18
-1.712158,-5.174167e-19,-1.312647e-18
-1.711914,-5.430683e-19,-1.345500e-18
-1.711670,-5.514854e-19,-1.355541e-18
-1.711426,-5.466423e-19,-1.333850e-18
-1.711182,-5.257922e-19,-1.320717e-18
-1.710938,-5.411974e-19,-1.317730e-18
-1.710693,-5.773488e-19,-1.315207e-18
-1.710449,-5.520868e-19,-1.313533e-18
-1.710205,-5.320919e-19,-1.320901e-18
-1.709961,-5.595864e-19,-1.348907e-18
-1.709717,-5.724522e-19,-1.362062e-18
-1.709473,-5.691449e-19,-1.337948e-18
-1.709229,-5.515091e-19,-1.319757e-18
-1.708984,-5.517527e-19,-1.320830e-18
-1.708740,-5.895790e-19,-1.319583e-18
-1.708496,-5.826157e-19,-1.318316e-18
-1.708252,-5.513388e-19,-1.328990e-18
-1.708008,-5.684248e-19,-1.355014e-18
-1.707764,-5.909230e-19,-1.366795e-18
-1.707520,-5.850349e-19,-1.342202e-18
-1.707275,-5.707192e-19,-1.318658e-18
-1.707031,-5.655831e-19,-1.317226e-18
-1.706787,-5.912719e-19,-1.318654e-18
-1.706543,-6.052934e-19,-1.320752e-18
-1.706299,-5.711829e-19,-1.331257e-18
-1.706055,-5.702378e-19,-1.354739e-18
-1.705811,-6.043843e-19,-1.368600e-18
-1.705566,-6.013621e-19,-1.342454e-18
-1.705322,-5.840111e-19,-1.312874e-18
-1.705078,-5.776213e-19,-1.311715e-18
-1.704834,-5.939818e-19,-1.316753e-18
-1.704590,-6.151105e-19,-1.319832e-18
-1.704346,-5.904626e-19,-1.329556e-18
-1.704102,-5.736437e-19,-1.351704e-18
-1.703857,-6.026132e-19,-1.363811e-18
-1.703613,-6.150150e-19,-1.337376e-18
-1.703369,-5.948303e-19,-1.306152e-18
-1.703125,-5.845232e-19,-1.303319e-18
-1.702881,-5.977901e-19,-1.310800e-18
-1.702637,-6.157986e-19,-1.316465e-18
-1.702393,-6.080009e-19,-1.327360e-18
-1.702148,-5.819222e-19,-1.347768e-18
-1.701904,-5.949310e-19,-1.358685e-18
-1.701660,-6.207431e-19,-1.333470e-18
-1.701416,-6.033740e-19,-1.294839e-18
-1.701172,-5.865628e-19,-1.288910e-18
-1.700928,-5.974156e-19,-1.303041e-18
-1.700684,-6.128033e-19,-1.308801e-18
-1.700439,-6.141820e-19,-1.319609e-18
-1.700195,-5.896380e-19,-1.339720e-18
-1.699951,-5.862011e-19,-1.348008e-18
-1.699707,-6.199916e-19,-1.325285e-18
-1.699463,-6.149486e-19,-1.284402e-18
-1.699219,-5.841263e-19,-1.273925e-18
-1.698975,-5.938487e-19,-1.291078e-18
-1.698730,-6.114924e-19,-1.298128e-18
-1.698486,-6.120173e-19,-1.310020e-18
-1.698242,-5.947888e-19,-1.328802e-18
-1.697998,-5.782680e-19,-1.334455e-18
-1.697754,-6.067573e-19,-1.314361e-18
-1.697510,-6.185411e-19,-1.268584e-18
-1.697266,-5.843222e-19,-1.255009e-18
-1.697021,-5.837435e-19,-1.277545e-18
-1.696777,-6.036033e-19,-1.287848e-18
-1.696533,-6.068936e-19,-1.299572e-18
-1.696289,-5.963837e-19,-1.316639e-18
-1.696045,-5.744676e-19,-1.322610e-18
-1.695801,-5.874168e-19,-1.300748e-18
-1.695557,-6.134167e-19,-1.252166e-18
-1.695312,-5.871195e-19,-1.236661e-18
-1.695068,-5.668377e-19,-1.260475e-18
-1.694824,-5.919810e-19,-1.272007e-18
-1.694580,-5.981467e-19,-1.281516e-18
-1.694336,-5.866439e-19,-1.301966e-18
-1.694092,-5.723349e-19,-1.305900e-18
-1.693848,-5.684569e-19,-1.283008e-18
-1.693604,-6.002608e-19,-1.237269e-18
-1.693359,-5.894855e-19,-1.215994e-18
-1.693115,-5.523110e-19,-1.242027e-18
-1.692871,-5.726531e-19,-1.258060e-18
-1.692627,-5.867926e-19,-1.266006e-18
-1.692383,-5.730445e-19,-1.284527e-18
-1.692139,-5.610890e-19,-1.288635e-18
-1.691895,-5.511185e-19,-1.264713e-18
-1.691650,-5.741695e-19,-1.216211e-18
-1.691406,-5.830193e-19,-1.194651e-18
-1.691162,-5.418391e-19,-1.220969e-18
-1.690918,-5.443278e-19,-1.241340e-18
-1.690674,-5.748416e-19,-1.247760e-18
-1.690430,-5.606862e-19,-1.265125e-18
-1.690186,-5.448549e-19,-1.271455e-18
-1.689941,-5.342211e-19,-1.244650e-18
-1.689697,-5.433010e-19,-1.196812e-18
-1.689453,-5.666635e-19,-1.171864e-18
-1.689209,-5.316241e-19,-1.196376e-18
-1.688965,-5.122929e-19,-1.221707e-18
-1.688721,-5.487814e-19,-1.226173e-18
-1.688477,-5.445945e-19,-1.241393e-18
-1.688232,-5.222866e-19,-1.249725e-18
-1.687988,-5.167408e-19,-1.220699e-18
-1.687744,-5.170936e-19,-1.172878e-18
-1.687500,-5.377941e-19,-1.149851e-18
-1.687256,-5.233142e-19,-1.170952e-18
-1.687012,-4.872579e-19,-1.199594e-18
-1.686768,-5.121657e-19,-1.207168e-18
-1.686523,-5.272466e-19,-1.216924e-18
-1.686279,-4.974256e-19,-1.224737e-18
-1.686035,-4.884452e-19,-1.197454e-18
-1.685791,-4.891204e-19,-1.148439e-18
-1.685547,-5.031260e-19,-1.122752e-18
-1.685303,-5.047038e-19,-1.144228e-18
-1.685059,-4.633467e-19,-1.178307e-18
-1.684814,-4.714362e-19,-1.184381e-18
-1.684570,-5.025677e-19,-1.191278e-18
-1.684326,-4.741502e-19,-1.200274e-18
-1.684082,-4.575063e-19,-1.172071e-18
-1.683838,-4.617124e-19,-1.123574e-18
-1.683594,-4.650073e-19,-1.096375e-18
-1.683350,-4.751418e-19,-1.116662e-18
-1.683105,-4.423114e-19,-1.152660e-18
-1.682861,-4.271609e-19,-1.158985e-18
-1.682617,-4.648446e-19,-1.162477e-18
-1.682373,-4.540276e-19,-1.170072e-18
-1.682129,-4.224496e-19,-1.145141e-18
-1.681885,-4.246848e-19,-1.096445e-18
-1.681641,-4.316757e-19,-1.068033e-18
-1.681396,-4.408740e-19,-1.088684e-18
-1.681152,-4.189451e-19,-1.127630e-18
-1.680908,-3.899944e-19,-1.135931e-18
-1.680664,-4.196111e-19,-1.134682e-18
-1.680420,-4.279423e-19,-1.140678e-18
-1.680176,-3.895499e-19,-1.116636e-18
-1.679932,-3.848756e-19,-1.070464e-18
-1.679688,-3.934699e-19,-1.042247e-18
-1.679443,-3.994624e-19,-1.056784e-18
-1.679199,-3.910708e-19,-1.100291e-18
-1.678955,-3.547862e-19,-1.111436e-18
-1.678711,-3.694434e-19,-1.103773e-18
-1.678467,-3.965851e-19,-1.112293e-18
-1.678223,-3.593005e-19,-1.090918e-18
-1.677979,-3.401424e-19,-1.042833e-18
-1.677734,-3.533376e-19,-1.015458e-18
-1.677490,-3.580939e-19,-1.030038e-18
-1.677246,-3.542334e-19,-1.071826e-18
-1.677002,-3.213172e-19,-1.085048e-18
-1.676758,-3.178031e-19,-1.076541e-18
-1.676514,-3.506033e-19,-1.079224e-18
-1.676270,-3.297149e-19,-1.060840e-18
-1.676025,-2.979916e-19,-1.016183e-18
-1.675781,-3.077229e-19,-9.880891e-19
-1.675537,-3.154552e-19,-1.003958e-18
-1.675293,-3.125281e-19,-1.044812e-18
-1.675049,-2.881896e-19,-1.060992e-18
-1.674805,-2.700727e-19,-1.051704e-18
-1.674561,-2.993099e-19,-1.049026e-18
-1.674316,-2.966628e-19,-1.034789e-18
-1.674072,-2.543088e-19,-9.913202e-19
-1.673828,-2.556139e-19,-9.632203e-19
-1.673584,-2.710754e-19,-9.792398e-19
-1.673340,-2.669115e-19,-1.018438e-18
-1.673096,-2.497942e-19,-1.038290e-18
-1.672852,-2.240527e-19,-1.025811e-18
-1.672607,-2.416825e-19,-1.020190e-18
-1.672363,-2.586686e-19,-1.008405e-18
-1.672119,-2.168113e-19,-9.679291e-19
-1.671875,-2.020578e-19,-9.423828e-19
-1.671631,-2.227167e-19,-9.552837e-19
-1.671387,-2.213695e-19,-9.926333e-19
-1.671143,-2.055678e-19,-1.016041e-18
-1.670898,-1.797882e-19,-1.003780e-18
-1.670654,-1.842631e-19,-9.907343e-19
-1.670410,-2.095014e-19,-9.817189e-19
-1.670166,-1.800039e-19,-9.473206e-19
-1.669922,-1.493331e-19,-9.206772e-19
-1.669678,-1.679918e-19,-9.363185e-19
-1.669434,-1.756307e-19,-9.725928e-19
-1.669189,-1.590286e-19,-9.965642e-19
-1.668945,-1.353032e-19,-9.841475e-19
-1.668701,-1.299079e-19,-9.668484e-19
-1.668457,-1.544150e-19,-9.597016e-19
-1.668213,-1.394354e-19,-9.281232e-19
-1.667969,-1.003340e-19,-9.024272e-19
-1.667725,-1.105407e-19,-9.167937e-19
-1.667480,-1.257160e-19,-9.526902e-19
-1.667236,-1.116196e-19,-9.770329e-19
-1.666992,-8.929786e-20,-9.656127e-19
-1.666748,-7.685274e-20,-9.457606e-19
-1.666504,-9.707239e-20,-9.359548e-19
-1.666260,-9.852934e-20,-9.123939e-19
-1.666016,-5.563966e-20,-8.875743e-19
-1.665771,-5.064210e-20,-8.999843e-19
-1.665527,-7.463766e-20,-9.377023e-19
-1.665283,-6.481900e-20,-9.591229e-19
-1.665039,-4.162703e-20,-9.495047e-19
-1.664795,-2.597777e-20,-9.266127e-19
-1.664551,-3.683967e-20,-9.128727e-19
-1.664307,-5.083635e-20,-8.957394e-19
-1.664062,-1.433211e-20,-8.760830e-19
-1.663818,5.930270e-21,-8.891851e-19
-1.663574,-2.104344e-20,-9.252277e-19
-1.663330,-1.799810e-20,-9.467765e-19
-1.663086,7.020434e-21,-9.365872e-19
-1.662842,2.189464e-20,-9.102200e-19
-1.662598,2.093475e-20,-8.970099e-19
-1.662354,3.332137e-21,-8.834559e-19
-1.662109,2.495409e-20,-8.653541e-19
-1.661865,5.931935e-20,-8.775650e-19
-1.661621,4.067160e-20,-9.130857e-19
-1.661377,2.840276e-20,-9.333043e-19
-1.661133,5.445465e-20,-9.242187e-19
-1.660889,7.348005e-20,-8.978508e-19
-1.660645,7.250994e-20,-8.799549e-19
-1.660400,5.767948e-20,-8.702704e-19
-1.660156,6.817388e-20,-8.597198e-19
-1.659912,1.060755e-19,-8.714709e-19
-1.659668,1.012727e-19,-9.052726e-19
-1.659424,8.127299e-20,-9.250070e-19
-1.659180,9.891986e-20,-9.135045e-19
-1.658936,1.224502e-19,-8.856139e-19
-1.658691,1.282555e-19,-8.663185e-19
-1.658447,1.146687e-19,-8.587031e-19
-1.658203,1.141438e-19,-8.552017e-19
-1.657959,1.502866e-19,-8.666687e-19
-1.657715,1.599791e-19,-8.975887e-19
-1.657471,1.340509e-19,-9.188966e-19
-1.657227,1.442508e-19,-9.070897e-19
-1.656982,1.726827e-19,-8.782583e-19
-1.656738,1.782895e-19,-8.557854e-19
-1.656494,1.718399e-19,-8.500677e-19
-1.656250,1.654164e-19,-8.531409e-19
-1.656006,1.931960e-19,-8.634267e-19
-1.655762,2.170735e-19,-8.929688e-19
-1.655518,1.904041e-19,-9.139553e-19
-1.655273,1.897320e-19,-8.993192e-19
-1.655029,2.224108e-19,-8.684814e-19
-1.654785,2.293483e-19,-8.453283e-19
-1.654541,2.238517e-19,-8.433162e-19
-1.654297,2.190247e-19,-8.516008e-19
-1.654053,2.335250e-19,-8.636191e-19
-1.653809,2.647287e-19,-8.907380e-19
-1.653564,2.522622e-19,-9.101145e-19
-1.653320,2.357876e-19,-8.965877e-19
-1.653076,2.660654e-19,-8.619003e-19
-1.652832,2.834545e-19,-8.359042e-19
-1.652588,2.752946e-19,-8.363970e-19
-1.652344,2.689846e-19,-8.501755e-19
-1.652100,2.794798e-19,-8.642462e-19
-1.651855,3.081093e-19,-8.888155e-19
-1.651611,3.073949e-19,-9.106472e-19
-1.651367,2.862234e-19,-8.952651e-19
-1.651123,3.043181e-19,-8.562917e-19
-1.650879,3.312924e-19,-8.316575e-19
-1.650635,3.252237e-19,-8.330759e-19
-1.650391,3.197715e-19,-8.501434e-19
-1.650146,3.251597e-19,-8.680556e-19
-1.649902,3.465951e-19,-8.894969e-19
-1.649658,3.628982e-19,-9.056203e-19
-1.649414,3.363982e-19,-8.911361e-19
-1.649170,3.413206e-19,-8.526746e-19
-1.648926,3.772092e-19,-8.252296e-19
-1.648682,3.736964e-19,-8.285686e-19
-1.648438,3.639071e-19,-8.498893e-19
-1.648193,3.701636e-19,-8.715505e-19
-1.647949,3.862176e-19,-8.930655e-19
-1.647705,4.026990e-19,-9.077858e-19
-1.647461,3.905160e-19,-8.915922e-19
-1.647217,3.809699e-19,-8.509664e-19
-1.646973,4.122329e-19,-8.218464e-19
-1.646729,4.245116e-19,-8.254682e-19
-1.646484,4.064257e-19,-8.526621e-19
-1.646240,4.119901e-19,-8.766864e-19
-1.645996,4.252036e-19,-8.953386e-19
-1.645752,4.395710e-19,-9.087242e-19
-1.645508,4.396574e-19,-8.945043e-19
-1.645264,4.204409e-19,-8.519486e-19
-1.645020,4.432188e-19,-8.175108e-19
-1.644775,4.671389e-19,-8.240967e-19
-1.644531,4.497003e-19,-8.566104e-19
-1.644287,4.496935e-19,-8.829448e-19
-1.644043,4.635615e-19,-9.006794e-19
-1.643799,4.750440e-19,-9.111847e-19
-1.643555,4.826686e-19,-8.958484e-19
-1.643311,4.640704e-19,-8.516978e-19
-1.643066,4.720983e-19,-8.164858e-19
-1.642822,5.055862e-19,-8.236138e-19
-1.642578,4.925798e-19,-8.600313e-19
-1.642334,4.805462e-19,-8.914929e-19
-1.642090,4.999470e-19,-9.079648e-19
-1.641846,5.089762e-19,-9.177465e-19
-1.641602,5.152660e-19,-9.024658e-19
-1.641357,5.078780e-19,-8.549621e-19
-1.641113,5.014964e-19,-8.185473e-19
-1.640869,5.331561e-19,-8.262462e-19
-1.640625,5.368029e-19,-8.658656e-19
-1.640381,5.128369e-19,-9.005005e-19
-1.640137,5.299793e-19,-9.158601e-19
-1.639893,5.446314e-19,-9.239337e-19
-1.639648,5.445937e-19,-9.100808e-19
-1.639404,5.470342e-19,-8.610955e-19
-1.639160,5.337806e-19,-8.209618e-19
-1.638916,5.531315e-19,-8.303778e-19
-1.638672,5.739607e-19,-8.727324e-19
-1.638428,5.483654e-19,-9.114465e-19
-1.638184,5.535549e-19,-9.265797e-19
-1.637939,5.753409e-19,-9.291607e-19
-1.637695,5.722680e-19,-9.164689e-19
-1.637451,5.756211e-19,-8.668371e-19
-1.637207,5.678057e-19,-8.222232e-19
-1.636963,5.718514e-19,-8.340887e-19
-1.636719,5.988460e-19,-8.815634e-19
-1.636475,5.839928e-19,-9.217610e-19
-1.636230,5.728771e-19,-9.380781e-19
-1.635986,5.994865e-19,-9.393610e-19
-1.635742,5.989110e-19,-9.249086e-19
-1.635498,5.967490e-19,-8.767869e-19
-1.635254,5.991902e-19,-8.279592e-19
-1.635010,5.909739e-19,-8.384415e-19
-1.634766,6.163469e-19,-8.890993e-19
-1.634521,6.176765e-19,-9.324521e-19
-1.634277,5.925977e-19,-9.496686e-19
-1.634033,6.139721e-19,-9.459584e-19
-1.633789,6.252672e-19,-9.327244e-19
-1.633545,6.136964e-19,-8.866806e-19
-1.633301,6.202532e-19,-8.339278e-19
-1.633057,6.135140e-19,-8.424673e-19
-1.632812,6.221299e-19,-8.980074e-19
-1.632568,6.426204e-19,-9.440244e-19
-1.632324,6.164112e-19,-9.594248e-19
-1.632080,6.198585e-19,-9.558294e-19
-1.631836,6.467511e-19,-9.401201e-19
-1.631592,6.295702e-19,-8.946519e-19
-1.631348,6.338860e-19,-8.395968e-19
-1.631104,6.345792e-19,-8.458468e-19
-1.630859,6.270486e-19,-9.072582e-19
-1.630615,6.539645e-19,-9.554207e-19
-1.630371,6.386021e-19,-9.718208e-19
-1.630127,6.251005e-19,-9.659412e-19
-1.629883,6.551677e-19,-9.482321e-19
-1.629639,6.457999e-19,-9.049628e-19
-1.629395,6.386248e-19,-8.479694e-19
-1.629150,6.509659e-19,-8.501463e-19
-1.628906,6.384110e-19,-9.136583e-19
-1.628662,6.538333e-19,-9.666751e-19
-1.628418,6.603507e-19,-9.799701e-19
-1.628174,6.319083e-19,-9.725156e-19
-1.627930,6.518307e-19,-9.563778e-19
-1.627686,6.617968e-19,-9.140633e-19
-1.627441,6.407739e-19,-8.574113e-19
-1.627197,6.541900e-19,-8.546422e-19
-1.626953,6.480897e-19,-9.203512e-19
-1.626709,6.472743e-19,-9.786154e-19
-1.626465,6.686579e-19,-9.911244e-19
-1.626221,6.440867e-19,-9.824750e-19
-1.625977,6.438962e-19,-9.633319e-19
-1.625732,6.684594e-19,-9.211778e-19
-1.625488,6.485913e-19,-8.649051e-19
-1.625244,6.497853e-19,-8.588746e-19
-1.625000,6.565711e-19,-9.262133e-19
-1.624756,6.424669e-19,-9.882957e-19
-1.624512,6.617984e-19,-1.002133e-18
-1.624268,6.545662e-19,-9.928310e-19
-1.624023,6.353523e-19,-9.717597e-19
-1.623779,6.616976e-19,-9.317863e-19
-1.623535,6.559764e-19,-8.756588e-19
-1.623291,6.418550e-19,-8.654635e-19
-1.623047,6.552490e-19,-9.330169e-19
-1.622803,6.439372e-19,-9.980052e-19
-1.622559,6.499814e-19,-1.011193e-18
-1.622314,6.583575e-19,-9.982270e-19
-1.622070,6.320203e-19,-9.777709e-19
-1.621826,6.462653e-19,-9.405904e-19
-1.621582,6.571779e-19,-8.848717e-19
-1.621338,6.339538e-19,-8.703466e-19
-1.621094,6.445228e-19,-9.380298e-19
-1.620850,6.410602e-19,-1.010179e-18
-1.620605,6.343265e-19,-1.021218e-18
-1.620361,6.516562e-19,-1.005268e-18
-1.620117,6.322271e-19,-9.863956e-19
-1.619873,6.277542e-19,-9.482729e-19
-1.619629,6.470456e-19,-8.934838e-19
-1.619385,6.295745e-19,-8.784594e-19
-1.619141,6.269678e-19,-9.413809e-19
-1.618896,6.336437e-19,-1.017392e-18
-1.618652,6.201010e-19,-1.033896e-18
-1.618408,6.320817e-19,-1.014298e-18
-1.618164,6.266483e-19,-9.944432e-19
-1.617920,6.074277e-19,-9.584841e-19
-1.617676,6.281769e-19,-9.061104e-19
-1.617432,6.234226e-19,-8.878462e-19
-1.617188,6.069511e-19,-9.472686e-19
-1.616943,6.183914e-19,-1.025632e-18
-1.616699,6.076733e-19,-1.043961e-18
-1.616455,6.096210e-19,-1.020815e-18
-1.616211,6.168695e-19,-9.992159e-19
-1.615967,5.901122e-19,-9.689930e-19
-1.615723,5.982314e-19,-9.152746e-19
-1.615479,6.100149e-19,-8.962923e-19
-1.615234,5.887803e-19,-9.560617e-19
-1.614990,5.920813e-19,-1.035355e-18
-1.614746,5.889366e-19,-1.056151e-18
-1.614502,5.833797e-19,-1.030916e-18
-1.614258,5.960820e-19,-1.010820e-18
-1.614014,5.770909e-19,-9.789003e-19
-1.613770,5.687877e-19,-9.280679e-19
-1.613525,5.848287e-19,-9.091737e-19
-1.613281,5.720254e-19,-9.624651e-19
-1.613037,5.626902e-19,-1.045610e-18
-1.612793,5.643801e-19,-1.067101e-18
-1.612549,5.571719e-19,-1.041260e-18
-1.612305,5.642200e-19,-1.021833e-18
-1.612061,5.562220e-19,-9.918444e-19
-1.611816,5.382680e-19,-9.447311e-19
-1.611572,5.522649e-19,-9.227221e-19
-1.611328,5.497935e-19,-9.741384e-19
-1.611084,5.325870e-19,-1.056919e-18
-1.610840,5.347198e-19,-1.079388e-18
-1.610596,5.284838e-19,-1.053199e-18
-1.610352,5.317631e-19,-1.030409e-18
-1.610107,5.314745e-19,-1.003654e-18
-1.609863,5.072901e-19,-9.604433e-19
-1.609619,5.139740e-19,-9.384345e-19
-1.609375,5.212425e-19,-9.862924e-19
-1.609131,5.032607e-19,-1.067773e-18
-1.608887,4.998926e-19,-1.095229e-18
-1.608643,4.962128e-19,-1.067062e-18
-1.608398,4.967184e-19,-1.043307e-18
-1.608154,4.991168e-19,-1.022438e-18
-1.607910,4.790974e-19,-9.776773e-19
-1.607666,4.743619e-19,-9.536537e-19
-1.607422,4.859962e-19,-1.001989e-18
-1.607178,4.755782e-19,-1.081748e-18
-1.606934,4.628677e-19,-1.109272e-18
-1.606689,4.594819e-19,-1.082573e-18
-1.606445,4.596982e-19,-1.058218e-18
-1.606201,4.633830e-19,-1.037379e-18
-1.605957,4.468603e-19,-9.992062e-19
-1.605713,4.345284e-19,-9.751607e-19
-1.605469,4.468874e-19,-1.017671e-18
-1.605225,4.431017e-19,-1.097992e-18
-1.604980,4.272212e-19,-1.124761e-18
-1.604736,4.194258e-19,-1.095695e-18
-1.604492,4.204568e-19,-1.072303e-18
-1.604248,4.262617e-19,-1.054582e-18
-1.604004,4.118023e-19,-1.018035e-18
-1.603760,3.942860e-19,-9.952130e-19
-1.603516,4.029227e-19,-1.036136e-18
-1.603271,4.049830e-19,-1.112841e-18
-1.603027,3.889137e-19,-1.143163e-18
-1.602783,3.797739e-19,-1.114711e-18
-1.602539,3.779453e-19,-1.087094e-18
-1.602295,3.850187e-19,-1.073393e-18
-1.602051,3.766231e-19,-1.040886e-18
-1.601807,3.520841e-19,-1.015966e-18
-1.601562,3.590122e-19,-1.055362e-18
-1.601318,3.649701e-19,-1.129888e-18
-1.601074,3.486737e-19,-1.157783e-18
-1.600830,3.382156e-19,-1.131156e-18
-1.600586,3.320092e-19,-1.104782e-18
-1.600342,3.390361e-19,-1.091358e-18
-1.600098,3.369773e-19,-1.062651e-18
-1.599854,3.111377e-19,-1.039953e-18
-1.599609,3.083251e-19,-1.075279e-18
-1.599365,3.217211e-19,-1.146651e-18
-1.599121,3.093074e-19,-1.176370e-18
-1.598877,2.938563e-19,-1.147523e-18
-1.598633,2.888244e-19,-1.119370e-18
-1.598389,2.903131e-19,-1.109434e-18
-1.598145,2.959972e-19,-1.083684e-18
-1.597900,2.710787e-19,-1.061686e-18
-1.597656,2.568809e-19,-1.094305e-18
-1.597412,2.757344e-19,-1.163723e-18
-1.597168,2.637410e-19,-1.193882e-18
-1.596924,2.458490e-19,-1.165677e-18
-1.596680,2.426059e-19,-1.135573e-18
-1.596436,2.389766e-19,-1.127687e-18
-1.596191,2.484737e-19,-1.108651e-18
-1.595947,2.300296e-19,-1.085070e-18
-1.595703,2.064476e-19,-1.113938e-18
-1.595459,2.254230e-19,-1.181403e-18
-1.595215,2.235941e-19,-1.209485e-18
-1.594971,2.010739e-19,-1.181110e-18
-1.594727,1.947873e-19,-1.150399e-18
-1.594482,1.887750e-19,-1.146276e-18
-1.594238,1.968333e-19,-1.132015e-18
-1.593994,1.901786e-19,-1.109292e-18
-1.593750,1.579135e-19,-1.135392e-18
-1.593506,1.679067e-19,-1.199156e-18
-1.593262,1.800139e-19,-1.228630e-18
-1.593018,1.539631e-19,-1.197968e-18
-1.592773,1.455836e-19,-1.166007e-18
-1.592529,1.422875e-19,-1.164341e-18
-1.592285,1.434544e-19,-1.152131e-18
-1.592041,1.486572e-19,-1.134018e-18
-1.591797,1.167435e-19,-1.156545e-18
-1.591553,1.088872e-19,-1.215611e-18
-1.591309,1.329944e-19,-1.244316e-18
-1.591064,1.120658e-19,-1.215035e-18
-1.590820,9.040428e-20,-1.183946e-18
-1.590576,9.653136e-20,-1.182284e-18
-1.590332,9.347155e-20,-1.176715e-18
-1.590088,9.761605e-20,-1.158283e-18
-1.589844,7.803383e-20,-1.176832e-18
-1.589600,5.351812e-20,-1.234170e-18
-1.589355,8.141442e-20,-1.261444e-18
-1.589111,7.501810e-20,-1.231773e-18
-1.588867,3.859723e-20,-1.197419e-18
-1.588623,4.746005e-20,-1.198463e-18
-1.588379,4.732833e-20,-1.197966e-18
-1.588135,4.183420e-20,-1.182029e-18
-1.587891,3.746093e-20,-1.199007e-18
-1.587646,6.358436e-21,-1.252330e-18
-1.587402,1.992242e-20,-1.279254e-18
-1.587158,3.535836e-20,-1.249407e-18
-1.586914,-4.400894e-21,-1.213023e-18
-1.586670,-7.992144e-21,-1.213337e-18
-1.586426,3.192695e-21,-1.218847e-18
-1.586182,-7.340614e-21,-1.207150e-18
-1.585938,-7.689514e-21,-1.218743e-18
-1.585693,-3.438474e-20,-1.266678e-18
-1.585449,-3.850762e-20,-1.294819e-18
-1.585205,-1.064790e-20,-1.265794e-18
-1.584961,-4.305790e-20,-1.227870e-18
-1.584717,-6.451383e-20,-1.231589e-18
-1.584473,-4.528435e-20,-1.240611e-18
-1.584229,-5.377870e-20,-1.230138e-18
-1.583984,-5.771110e-20,-1.241819e-18
-1.583740,-7.244394e-20,-1.282190e-18
-1.583496,-9.211482e-20,-1.307119e-18
-1.583252,-6.347610e-20,-1.280474e-18
-1.583008,-7.410048e-20,-1.240306e-18
-1.582764,-1.154299e-19,-1.244237e-18
-1.582520,-9.736751e-20,-1.257174e-18
-1.582275,-9.307638e-20,-1.251796e-18
-1.582031,-1.093733e-19,-1.261944e-18
-1.581787,-1.126541e-19,-1.298966e-18
-1.581543,-1.372470e-19,-1.322886e-18
-1.581299,-1.228186e-19,-1.293624e-18
-1.581055,-1.097637e-19,-1.254173e-18
-1.580811,-1.574188e-19,-1.256991e-18
-1.580566,-1.537093e-19,-1.273761e-18
-1.580322,-1.314118e-19,-1.272332e-18
-1.580078,-1.549383e-19,-1.278618e-18
-1.579834,-1.598630e-19,-1.313254e-18
-1.579590,-1.727778e-19,-1.332971e-18
-1.579346,-1.787501e-19,-1.305813e-18
-1.579102,-1.543727e-19,-1.267683e-18
-1.578857,-1.867216e-19,-1.267885e-18
-1.578613,-2.107975e-19,-1.290341e-18
-1.578369,-1.774100e-19,-1.290120e-18
-1.578125,-1.895495e-19,-1.294970e-18
-1.577881,-2.105290e-19,-1.326596e-18
-1.577637,-2.084339e-19,-1.341390e-18
-1.577393,-2.238388e-19,-1.315017e-18
-1.577148,-2.069779e-19,-1.275849e-18
-1.576904,-2.134246e-19,-1.275203e-18
-1.576660,-2.555441e-19,-1.301140e-18
-1.576416,-2.279302e-19,-1.305821e-18
-1.576172,-2.210642e-19,-1.310150e-18
-1.575928,-2.559524e-19,-1.335387e-18
-1.575684,-2.501648e-19,-1.349649e-18
-1.575439,-2.603371e-19,-1.323343e-18
-1.575195,-2.568101e-19,-1.283063e-18
-1.574951,-2.464112e-19,-1.283120e-18
-1.574707,-2.883810e-19,-1.309374e-18
-1.574463,-2.816947e-19,-1.318717e-18
-1.574219,-2.540964e-19,-1.321304e-18
-1.573975,-2.871408e-19,-1.341762e-18
-1.573730,-2.958463e-19,-1.354830e-18
-1.573486,-2.895303e-19,-1.327236e-18
-1.573242,-3.011862e-19,-1.288583e-18
-1.572998,-2.871051e-19,-1.286560e-18
-1.572754,-3.089987e-19,-1.315736e-18
-1.572510,-3.318082e-19,-1.330311e-18
-1.572266,-2.943647e-19,-1.330406e-18
-1.572021,-3.093589e-19,-1.346795e-18
-1.571777,-3.398910e-19,-1.353784e-18
-1.571533,-3.233303e-19,-1.325660e-18
-1.571289,-3.322594e-19,-1.289827e-18
-1.571045,-3.285494e-19,-1.285202e-18
-1.570801,-3.317148e-19,-1.314828e-18
-1.570557,-3.669771e-19,-1.333434e-18
-1.570312,-3.400914e-19,-1.333630e-18
-1.570068,-3.291807e-19,-1.347114e-18
-1.569824,-3.720363e-19,-1.352390e-18
-1.569580,-3.627362e-19,-1.323242e-18
-1.569336,-3.572349e-19,-1.286904e-18
-1.569092,-3.684604e-19,-1.282584e-18
-1.568848,-3.595140e-19,-1.311476e-18
-1.568604,-3.879220e-19,-1.333533e-18
-1.568359,-3.846545e-19,-1.334944e-18
-1.568115,-3.551026e-19,-1.339959e-18
-1.567871,-3.925689e-19,-1.343300e-18
-1.567627,-4.029573e-19,-1.315673e-18
-1.567383,-3.792784e-19,-1.278293e-18
-1.567139,-3.951967e-19,-1.274077e-18
-1.566895,-3.952820e-19,-1.303007e-18
-1.566650,-4.024337e-19,-1.330364e-18
-1.566406,-4.192262e-19,-1.330442e-18
-1.566162,-3.887759e-19,-1.331899e-18
-1.565918,-4.016936e-19,-1.333009e-18
-1.565674,-4.368047e-19,-1.300212e-18
-1.565430,-4.095076e-19,-1.265159e-18
-1.565186,-4.124118e-19,-1.261468e-18
-1.564941,-4.274319e-19,-1.289945e-18
-1.564697,-4.191470e-19,-1.317738e-18
-1.564453,-4.417006e-19,-1.318865e-18
-1.564209,-4.261343e-19,-1.320341e-18
-1.563965,-4.141823e-19,-1.317069e-18
-1.563721,-4.561960e-19,-1.286236e-18
-1.563477,-4.428350e-19,-1.249790e-18
-1.563232,-4.266415e-19,-1.245846e-18
-1.562988,-4.504808e-19,-1.275300e-18
-1.562744,-4.433749e-19,-1.303498e-18
-1.562500,-4.528797e-19,-1.306688e-18
-1.562256,-4.567685e-19,-1.299588e-18
-1.562012,-4.327920e-19,-1.295515e-18
-1.561768,-4.634159e-19,-1.266265e-18
-1.561523,-4.747548e-19,-1.228244e-18
-1.561279,-4.426137e-19,-1.226087e-18
-1.561035,-4.619337e-19,-1.254578e-18
-1.560791,-4.719803e-19,-1.283824e-18
-1.560547,-4.636618e-19,-1.288681e-18
-1.560303,-4.768740e-19,-1.281308e-18
-1.560059,-4.567255e-19,-1.271842e-18
-1.559814,-4.633229e-19,-1.242001e-18
-1.559570,-4.941435e-19,-1.205652e-18
-1.559326,-4.657715e-19,-1.200744e-18
-1.559082,-4.653536e-19,-1.230439e-18
-1.558838,-4.889274e-19,-1.260909e-18
-1.558594,-4.759586e-19,-1.265713e-18
-1.558350,-4.852303e-19,-1.257533e-18
-1.558105,-4.804788e-19,-1.246475e-18
-1.557861,-4.693189e-19,-1.215958e-18
-1.557617,-5.019526e-19,-1.180542e-18
-1.557373,-4.894430e-19,-1.176354e-18
-1.557129,-4.676332e-19,-1.205445e-18
-1.556885,-4.969199e-19,-1.237288e-18
-1.556641,-4.904568e-19,-1.241973e-18
-1.556396,-4.835103e-19,-1.227511e-18
-1.556152,-4.948979e-19,-1.214354e-18
-1.555908,-4.768747e-19,-1.187530e-18
-1.555664,-4.964305e-19,-1.151152e-18
-1.555420,-5.075616e-19,-1.146755e-18
-1.555176,-4.750669e-19,-1.177320e-18
-1.554932,-4.939595e-19,-1.208356e-18
-1.554688,-5.042805e-19,-1.214415e-18
-1.554443,-4.857578e-19,-1.198967e-18
-1.554199,-4.987149e-19,-1.182598e-18
-1.553955,-4.885808e-19,-1.156555e-18
-1.553711,-4.881398e-19,-1.120833e-18
-1.553467,-5.107937e-19,-1.115428e-18
-1.553223,-4.853809e-19,-1.145468e-18
-1.552979,-4.832485e-19,-1.176639e-18
-1.552734,-5.083236e-19,-1.183768e-18
-1.552490,-4.902748e-19,-1.165873e-18
-1.552246,-4.912431e-19,-1.147135e-18
-1.552002,-4.974123e-19,-1.125447e-18
-1.551758,-4.837143e-19,-1.089683e-18
-1.551514,-5.034175e-19,-1.082002e-18
-1.551270,-4.973726e-19,-1.113228e-18
-1.551025,-4.756679e-19,-1.144851e-18
-1.550781,-4.993060e-19,-1.152100e-18
-1.550537,-4.954587e-19,-1.130362e-18
-1.550293,-4.806250e-19,-1.109364e-18
-1.550049,-4.939156e-19,-1.089231e-18
-1.549805,-4.829976e-19,-1.055199e-18
-1.549561,-4.873665e-19,-1.047514e-18
-1.549316,-4.999826e-19,-1.078130e-18
-1.549072,-4.742106e-19,-1.111148e-18
-1.548828,-4.840037e-19,-1.116766e-18
-1.548584,-4.960817e-19,-1.094083e-18
-1.548340,-4.727542e-19,-1.072161e-18
-1.548096,-4.841183e-19,-1.051827e-18
-1.547852,-4.823724e-19,-1.022132e-18
-1.547607,-4.720332e-19,-1.012690e-18
-1.547363,-4.885604e-19,-1.040387e-18
-1.547119,-4.720653e-19,-1.074318e-18
-1.546875,-4.681003e-19,-1.079470e-18
-1.546631,-4.847580e-19,-1.056755e-18
-1.546387,-4.681350e-19,-1.032563e-18
-1.546143,-4.679133e-19,-1.013515e-18
-1.545898,-4.744247e-19,-9.889133e-19
-1.545654,-4.619378e-19,-9.777813e-19
-1.545410,-4.709215e-19,-1.004372e-18
-1.545166,-4.690745e-19,-1.039956e-18
-1.544922,-4.531719e-19,-1.042923e-18
-1.544678,-4.656868e-19,-1.017745e-18
-1.544434,-4.617955e-19,-9.912124e-19
-1.544189,-4.484296e-19,-9.736005e-19
-1.543945,-4.595705e-19,-9.534076e-19
-1.543701,-4.521976e-19,-9.411341e-19
-1.543457,-4.482519e-19,-9.655277e-19
-1.543213,-4.561647e-19,-1.002110e-18
-1.542969,-4.426164e-19,-1.005842e-18
-1.542725,-4.447759e-19,-9.798740e-19
-1.542480,-4.456345e-19,-9.525419e-19
-1.542236,-4.317083e-19,-9.358267e-19
-1.541992,-4.396060e-19,-9.194227e-19
-1.541748,-4.359319e-19,-9.084938e-19
-1.541504,-4.259960e-19,-9.291800e-19
-1.541260,-4.340400e-19,-9.640311e-19
-1.541016,-4.265380e-19,-9.681774e-19
-1.540771,-4.202327e-19,-9.411099e-19
-1.540527,-4.237772e-19,-9.121359e-19
-1.540283,-4.145735e-19,-8.970967e-19
-1.540039,-4.153293e-19,-8.847013e-19
-1.539795,-4.169277e-19,-8.744251e-19
-1.539551,-4.045469e-19,-8.929260e-19
-1.539307,-4.079092e-19,-9.277288e-19
-1.539062,-4.084944e-19,-9.331005e-19
-1.538818,-3.946121e-19,-9.037753e-19
-1.538574,-3.963692e-19,-8.731421e-19
-1.538330,-3.936712e-19,-8.584014e-19
-1.538086,-3.881040e-19,-8.491941e-19
-1.537842,-3.905673e-19,-8.424125e-19
-1.537598,-3.804674e-19,-8.574751e-19
-1.537354,-3.797332e-19,-8.904858e-19
-1.537109,-3.833578e-19,-8.962401e-19
-1.536865,-3.713777e-19,-8.665551e-19
-1.536621,-3.670643e-19,-8.368022e-19
-1.536377,-3.668693e-19,-8.223836e-19
-1.536133,-3.627074e-19,-8.173739e-19
-1.535889,-3.614095e-19,-8.133481e-19
-1.535645,-3.528231e-19,-8.261072e-19
-1.535400,-3.491291e-19,-8.563503e-19
-1.535156,-3.520405e-19,-8.631177e-19
-1.534912,-3.442838e-19,-8.318216e-19
-1.534668,-3.386873e-19,-7.970219e-19
-1.534424,-3.350020e-19,-7.883361e-19
-1.534180,-3.332544e-19,-7.878571e-19
-1.533936,-3.342720e-19,-7.846850e-19
-1.533691,-3.228700e-19,-7.978366e-19
-1.533447,-3.176868e-19,-8.246660e-19
-1.533203,-3.221228e-19,-8.319682e-19
-1.532959,-3.157624e-19,-8.005871e-19
-1.532715,-3.069485e-19,-7.651682e-19
-1.532471,-3.003993e-19,-7.565387e-19
-1.532227,-2.991696e-19,-7.586819e-19
-1.531982,-3.033383e-19,-7.579925e-19
-1.531738,-2.920855e-19,-7.700449e-19
-1.531494,-2.821396e-19,-7.963471e-19
-1.531250,-2.881037e-19,-8.016595e-19
-1.531006,-2.840266e-19,-7.711603e-19
-1.530762,-2.758338e-19,-7.354819e-19
-1.530518,-2.677420e-19,-7.288419e-19
-1.530273,-2.629848e-19,-7.368694e-19
-1.530029,-2.715172e-19,-7.381030e-19
-1.529785,-2.598249e-19,-7.503293e-19
-1.529541,-2.435477e-19,-7.713989e-19
-1.529297,-2.524888e-19,-7.751711e-19
-1.529053,-2.500670e-19,-7.465097e-19
-1.528809,-2.392643e-19,-7.094933e-19
-1.528564,-2.350443e-19,-7.042061e-19
-1.528320,-2.266941e-19,-7.157399e-19
-1.528076,-2.305742e-19,-7.214796e-19
-1.527832,-2.305595e-19,-7.327454e-19
-1.527588,-2.093336e-19,-7.523695e-19
-1.527344,-2.099119e-19,-7.561458e-19
-1.527100,-2.173701e-19,-7.245917e-19
-1.526855,-2.025733e-19,-6.887153e-19
-1.526611,-1.973740e-19,-6.846899e-19
-1.526367,-1.910740e-19,-6.994333e-19
-1.526123,-1.873770e-19,-7.096575e-19
-1.525879,-1.965395e-19,-7.198886e-19
-1.525635,-1.753301e-19,-7.370381e-19
-1.525391,-1.650948e-19,-7.382575e-19
-1.525146,-1.835877e-19,-7.088358e-19
-1.524902,-1.676012e-19,-6.743502e-19
-1.524658,-1.536457e-19,-6.700606e-19
-1.524414,-1.553669e-19,-6.906793e-19
-1.524170,-1.463467e-19,-7.040723e-19
-1.523926,-1.550203e-19,-7.128041e-19
-1.523682,-1.437620e-19,-7.283275e-19
-1.523438,-1.192237e-19,-7.287688e-19
-1.523193,-1.387292e-19,-6.974258e-19
-1.522949,-1.360593e-19,-6.628215e-19
-1.522705,-1.110548e-19,-6.604354e-19
-1.522461,-1.145849e-19,-6.834224e-19
-1.522217,-1.092089e-19,-7.010498e-19
-1.521973,-1.115469e-19,-7.105336e-19
-1.521729,-1.099700e-19,-7.245094e-19
-1.521484,-7.952363e-20,-7.227783e-19
-1.521240,-9.030668e-20,-6.911358e-19
-1.520996,-1.016215e-19,-6.570932e-19
-1.520752,-7.130565e-20,-6.554943e-19
-1.520508,-6.955346e-20,-6.833670e-19
-1.520264,-7.077534e-20,-7.030532e-19
-1.520020,-6.456620e-20,-7.116045e-19
-1.519775,-7.177329e-20,-7.250367e-19
-1.519531,-4.619655e-20,-7.211798e-19
-1.519287,-3.901338e-20,-6.869743e-19
-1.519043,-6.337352e-20,-6.531242e-19
-1.518799,-4.019420e-20,-6.569062e-19
-1.518555,-2.269152e-20,-6.887478e-19
-1.518311,-3.126605e-20,-7.099470e-19
-1.518066,-2.402730e-20,-7.201683e-19
-1.517822,-2.834754e-20,-7.308508e-19
-1.517578,-1.316075e-20,-7.240311e-19
-1.517334,8.704068e-21,-6.909240e-19
-1.517090,-1.721981e-20,-6.563986e-19
-1.516846,-1.093519e-20,-6.595838e-19
-1.516602,2.123944e-20,-6.954787e-19
-1.516357,1.073908e-20,-7.204574e-19
-1.516113,1.136045e-20,-7.306710e-19
-1.515869,1.571055e-20,-7.403923e-19
-1.515625,1.884042e-20,-7.324535e-19
-1.515381,4.740943e-20,-6.962535e-19
-1.515137,3.158142e-20,-6.629265e-19
-1.514893,1.933808e-20,-6.686636e-19
-1.514648,5.879856e-20,-7.070613e-19
-1.514404,5.778625e-20,-7.361972e-19
-1.514160,4.756483e-20,-7.447220e-19
-1.513916,5.634582e-20,-7.521568e-19
-1.513672,5.591972e-20,-7.435354e-19
-1.513428,8.079313e-20,-7.065707e-19
-1.513184,7.940078e-20,-6.742617e-19
-1.512939,5.488339e-20,-6.817510e-19
-1.512695,8.699908e-20,-7.215584e-19
-1.512451,1.037658e-19,-7.543409e-19
-1.512207,8.473487e-20,-7.655053e-19
-1.511963,9.196728e-20,-7.690437e-19
-1.511719,9.626053e-20,-7.607105e-19
-1.511475,1.091165e-19,-7.218479e-19
-1.511230,1.246381e-19,-6.851668e-19
-1.510986,9.750050e-20,-6.970849e-19
-1.510742,1.093779e-19,-7.402682e-19
-1.510498,1.454412e-19,-7.763261e-19
-1.510254,1.247476e-19,-7.865878e-19
-1.510010,1.221117e-19,-7.886138e-19
-1.509766,1.351828e-19,-7.812358e-19
-1.509521,1.392669e-19,-7.395357e-19
-1.509277,1.601718e-19,-7.051248e-19
-1.509033,1.411706e-19,-7.162612e-19
-1.508789,1.355179e-19,-7.616746e-19
-1.508545,1.794618e-19,-8.036182e-19
-1.508301,1.704287e-19,-8.097439e-19
-1.508057,1.528648e-19,-8.105513e-19
-1.507812,1.694797e-19,-8.025731e-19
-1.507568,1.743216e-19,-7.587641e-19
-1.507324,1.901699e-19,-7.256350e-19
-1.507080,1.845185e-19,-7.387998e-19
-1.506836,1.646998e-19,-7.871609e-19
-1.506592,2.015150e-19,-8.315264e-19
-1.506348,2.142977e-19,-8.401748e-19
-1.506104,1.862973e-19,-8.366990e-19
-1.505859,1.978405e-19,-8.261735e-19
-1.505615,2.100174e-19,-7.870634e-19
-1.505371,2.196565e-19,-7.483638e-19
-1.505127,2.248029e-19,-7.603747e-19
-1.504883,2.002736e-19,-8.147513e-19
-1.504639,2.218846e-19,-8.584204e-19
-1.504395,2.520735e-19,-8.700169e-19
-1.504150,2.241714e-19,-8.645010e-19
-1.503906,2.207410e-19,-8.513083e-19
-1.503662,2.415169e-19,-8.147977e-19
-1.503418,2.493691e-19,-7.753726e-19
-1.503174,2.551205e-19,-7.890908e-19
-1.502930,2.364674e-19,-8.447502e-19
-1.502686,2.433951e-19,-8.911137e-19
-1.502441,2.804897e-19,-9.032133e-19
-1.502197,2.642050e-19,-8.940612e-19
-1.501953,2.460114e-19,-8.797386e-19
-1.501709,2.681964e-19,-8.421533e-19
-1.501465,2.791453e-19,-8.033607e-19
-1.501221,2.812398e-19,-8.170707e-19
-1.500977,2.699389e-19,-8.763743e-19
-1.500732,2.638951e-19,-9.265458e-19
-1.500488,2.992325e-19,-9.369297e-19
-1.500244,3.014945e-19,-9.274707e-19
-1.500000,2.722063e-19,-9.113261e-19
-1.499756,2.882339e-19,-8.742214e-19
-1.499512,3.058218e-19,-8.354569e-19
-1.499268,3.081709e-19,-8.475027e-19
-1.499023,3.019511e-19,-9.086454e-19
-1.498779,2.871446e-19,-9.588559e-19
-1.498535,3.154447e-19,-9.719601e-19
-1.498291,3.317011e-19,-9.624886e-19
-1.498047,3.012851e-19,-9.419374e-19
-1.497803,3.035013e-19,-9.059797e-19
-1.497559,3.258999e-19,-8.677097e-19
-1.497314,3.319240e-19,-8.810603e-19
-1.497070,3.257724e-19,-9.451748e-19
-1.496826,3.120065e-19,-9.965471e-19
-1.496582,3.296455e-19,-1.009336e-18
-1.496338,3.539919e-19,-9.980654e-19
-1.496094,3.330896e-19,-9.760934e-19
-1.495850,3.197797e-19,-9.385403e-19
-1.495605,3.413402e-19,-9.021715e-19
-1.495361,3.542438e-19,-9.149369e-19
-1.495117,3.479918e-19,-9.781805e-19
-1.494873,3.314864e-19,-1.034265e-18
-1.494629,3.395961e-19,-1.047419e-18
-1.494385,3.711855e-19,-1.034528e-18
-1.494141,3.581345e-19,-1.009576e-18
-1.493896,3.340117e-19,-9.732460e-19
-1.493652,3.537587e-19,-9.402745e-19
-1.493408,3.713890e-19,-9.500200e-19
-1.493164,3.686209e-19,-1.013764e-18
-1.492920,3.526015e-19,-1.071765e-18
-1.492676,3.502867e-19,-1.083972e-18
-1.492432,3.814289e-19,-1.068780e-18
-1.492188,3.806442e-19,-1.043377e-18
-1.491943,3.511181e-19,-1.007771e-18
-1.491699,3.589859e-19,-9.747144e-19
-1.491455,3.824234e-19,-9.856225e-19
-1.491211,3.838833e-19,-1.049995e-18
-1.490967,3.682076e-19,-1.109028e-18
-1.490723,3.610190e-19,-1.122581e-18
-1.490479,3.855611e-19,-1.106421e-18
-1.490234,3.986556e-19,-1.078531e-18
-1.489990,3.700471e-19,-1.041313e-18
-1.489746,3.649617e-19,-1.009393e-18
-1.489502,3.917640e-19,-1.021081e-18
-1.489258,3.976036e-19,-1.083173e-18
-1.489014,3.823127e-19,-1.144320e-18
-1.488770,3.689267e-19,-1.159435e-18
-1.488525,3.865593e-19,-1.139659e-18
-1.488281,4.097282e-19,-1.112069e-18
-1.488037,3.856876e-19,-1.073556e-18
-1.487793,3.692704e-19,-1.042053e-18
-1.487549,3.934613e-19,-1.057220e-18
-1.487305,4.059738e-19,-1.118831e-18
-1.487061,3.951224e-19,-1.178364e-18
-1.486816,3.761483e-19,-1.191743e-18
-1.486572,3.845141e-19,-1.173385e-18
-1.486328,4.147530e-19,-1.142201e-18
-1.486084,4.006050e-19,-1.103646e-18
-1.485840,3.729958e-19,-1.075470e-18
-1.485596,3.892654e-19,-1.088303e-18
-1.485352,4.095174e-19,-1.152680e-18
-1.485107,4.034536e-19,-1.210454e-18
-1.484863,3.831876e-19,-1.224316e-18
-1.484619,3.818214e-19,-1.206466e-18
-1.484375,4.126348e-19,-1.170872e-18
-1.484131,4.104772e-19,-1.133164e-18
-1.483887,3.756507e-19,-1.103951e-18
-1.483643,3.850074e-19,-1.118407e-18
-1.483398,4.101762e-19,-1.181605e-18
-1.483154,4.060486e-19,-1.238188e-18
-1.482910,3.872263e-19,-1.253030e-18
-1.482666,3.780896e-19,-1.233449e-18
-1.482422,4.026704e-19,-1.198863e-18
-1.482178,4.133081e-19,-1.159165e-18
-1.481934,3.810484e-19,-1.131778e-18
-1.481689,3.763446e-19,-1.147477e-18
-1.481445,4.024216e-19,-1.208312e-18
-1.481201,4.054650e-19,-1.266481e-18
-1.480957,3.882294e-19,-1.279107e-18
-1.480713,3.746030e-19,-1.256640e-18
-1.480469,3.904869e-19,-1.222767e-18
-1.480225,4.107677e-19,-1.183019e-18
-1.479980,3.855093e-19,-1.154535e-18
-1.479736,3.640283e-19,-1.173106e-18
-1.479492,3.878514e-19,-1.235300e-18
-1.479248,4.027465e-19,-1.290589e-18
-1.479004,3.859791e-19,-1.304004e-18
-1.478760,3.662448e-19,-1.280114e-18
-1.478516,3.759600e-19,-1.243230e-18
-1.478271,4.019114e-19,-1.204613e-18
-1.478027,3.862464e-19,-1.177224e-18
-1.477783,3.577081e-19,-1.195659e-18
-1.477539,3.733524e-19,-1.256553e-18
-1.477295,3.939941e-19,-1.310544e-18
-1.477051,3.815451e-19,-1.323162e-18
-1.476807,3.584076e-19,-1.298739e-18
-1.476562,3.603204e-19,-1.261917e-18
-1.476318,3.843501e-19,-1.223284e-18
-1.476074,3.831070e-19,-1.197071e-18
-1.475830,3.517282e-19,-1.216470e-18
-1.475586,3.515767e-19,-1.277234e-18
-1.475342,3.809448e-19,-1.331488e-18
-1.475098,3.773255e-19,-1.341367e-18
-1.474854,3.497062e-19,-1.313801e-18
-1.474609,3.432883e-19,-1.277382e-18
-1.474365,3.681445e-19,-1.239176e-18
-1.474121,3.772328e-19,-1.215211e-18
-1.473877,3.434021e-19,-1.234827e-18
-1.473633,3.324978e-19,-1.294190e-18
-1.473389,3.604548e-19,-1.349957e-18
-1.473145,3.678762e-19,-1.359004e-18
-1.472900,3.426723e-19,-1.330274e-18
-1.472656,3.254894e-19,-1.292716e-18
-1.472412,3.477521e-19,-1.254358e-18
-1.472168,3.654787e-19,-1.230002e-18
-1.471924,3.359116e-19,-1.249577e-18
-1.471680,3.150718e-19,-1.310761e-18
-1.471436,3.378859e-19,-1.363369e-18
-1.471191,3.552261e-19,-1.370786e-18
-1.470947,3.338519e-19,-1.341671e-18
-1.470703,3.075497e-19,-1.301929e-18
-1.470459,3.234281e-19,-1.265503e-18
-1.470215,3.470785e-19,-1.244386e-18
-1.469971,3.270545e-19,-1.263306e-18
-1.469727,2.996142e-19,-1.324248e-18
-1.469482,3.106301e-19,-1.377143e-18
-1.469238,3.346982e-19,-1.381214e-18
-1.468994,3.242788e-19,-1.351380e-18
-1.468750,2.921342e-19,-1.312364e-18
-1.468506,2.965053e-19,-1.275029e-18
-1.468262,3.266609e-19,-1.254601e-18
-1.468018,3.157433e-19,-1.274993e-18
-1.467773,2.819813e-19,-1.335178e-18
-1.467529,2.848776e-19,-1.388074e-18
-1.467285,3.112308e-19,-1.392421e-18
-1.467041,3.101690e-19,-1.359048e-18
-1.466797,2.760661e-19,-1.318677e-18
-1.466553,2.693362e-19,-1.282135e-18
-1.466309,3.018626e-19,-1.263488e-18
-1.466064,3.012537e-19,-1.284548e-18
-1.465820,2.667041e-19,-1.342253e-18
-1.465576,2.601007e-19,-1.393595e-18
-1.465332,2.817559e-19,-1.396831e-18
-1.465088,2.920362e-19,-1.363490e-18
-1.464844,2.653077e-19,-1.322183e-18
-1.464600,2.398286e-19,-1.285622e-18
-1.464355,2.685717e-19,-1.270636e-18
-1.464111,2.863861e-19,-1.292426e-18
-1.463867,2.492146e-19,-1.348600e-18
-1.463623,2.322409e-19,-1.401318e-18
-1.463379,2.536020e-19,-1.403439e-18
-1.463135,2.679728e-19,-1.365540e-18
-1.462891,2.497538e-19,-1.324033e-18
-1.462646,2.179162e-19,-1.288954e-18
-1.462402,2.329907e-19,-1.272884e-18
-1.462158,2.635427e-19,-1.296617e-18
-1.461914,2.339668e-19,-1.352585e-18
-1.461670,2.051787e-19,-1.402001e-18
-1.461426,2.239802e-19,-1.405976e-18
-1.461182,2.402451e-19,-1.366953e-18
-1.460938,2.309596e-19,-1.322260e-18
-1.460693,1.973381e-19,-1.289546e-18
-1.460449,1.948050e-19,-1.275169e-18
-1.460205,2.369457e-19,-1.299520e-18
-1.459961,2.208739e-19,-1.354419e-18
-1.459717,1.756782e-19,-1.401906e-18
-1.459473,1.900002e-19,-1.405226e-18
-1.459229,2.132617e-19,-1.364960e-18
-1.458984,2.076654e-19,-1.320676e-18
-1.458740,1.794871e-19,-1.285900e-18
-1.458496,1.611508e-19,-1.273493e-18
-1.458252,1.981401e-19,-1.302401e-18
-1.458008,2.065969e-19,-1.354953e-18
-1.457764,1.536639e-19,-1.400539e-18
-1.457520,1.536467e-19,-1.403134e-18
-1.457275,1.846983e-19,-1.362018e-18
-1.457031,1.822188e-19,-1.316958e-18
-1.456787,1.604866e-19,-1.282471e-18
-1.456543,1.333375e-19,-1.269257e-18
-1.456299,1.571992e-19,-1.298363e-18
-1.456055,1.864259e-19,-1.352392e-18
-1.455811,1.364958e-19,-1.394750e-18
-1.455566,1.159757e-19,-1.398152e-18
-1.455322,1.539476e-19,-1.356598e-18
-1.455078,1.560771e-19,-1.309599e-18
-1.454834,1.369673e-19,-1.277828e-18
-1.454590,1.117161e-19,-1.263630e-18
-1.454346,1.170178e-19,-1.292624e-18
-1.454102,1.599486e-19,-1.348751e-18
-1.453857,1.255493e-19,-1.388309e-18
-1.453613,8.030071e-20,-1.388780e-18
-1.453369,1.190152e-19,-1.347713e-18
-1.453125,1.334067e-19,-1.298979e-18
-1.452881,1.107922e-19,-1.268338e-18
-1.452637,8.850436e-20,-1.256778e-18
-1.452393,8.123566e-20,-1.285104e-18
-1.452148,1.210687e-19,-1.343540e-18
-1.451904,1.149715e-19,-1.379759e-18
-1.451660,5.590664e-20,-1.377007e-18
-1.451416,7.534699e-20,-1.339695e-18
-1.451172,1.117285e-19,-1.288648e-18
-1.450928,8.845034e-20,-1.257664e-18
-1.450684,6.382895e-20,-1.246697e-18
-1.450439,5.271759e-20,-1.274085e-18
-1.450195,8.080032e-20,-1.332498e-18
-1.449951,9.798899e-20,-1.366430e-18
-1.449707,3.734614e-20,-1.365589e-18
-1.449463,3.073162e-20,-1.328413e-18
-1.449219,8.293508e-20,-1.275563e-18
-1.448975,6.774923e-20,-1.245110e-18
-1.448730,3.581443e-20,-1.235465e-18
-1.448486,2.601688e-20,-1.263181e-18
-1.448242,4.291633e-20,-1.320892e-18
-1.447998,7.361949e-20,-1.354933e-18
-1.447754,2.717680e-20,-1.350359e-18
-1.447510,-9.249851e-21,-1.313334e-18
-1.447266,4.627961e-20,-1.261181e-18
-1.447021,5.102462e-20,-1.229672e-18
-1.446777,7.968740e-21,-1.223921e-18
-1.446533,-5.526989e-22,-1.250664e-18
-1.446289,7.874295e-21,-1.307930e-18
-1.446045,3.762090e-20,-1.343085e-18
-1.445801,1.877099e-20,-1.335273e-18
-1.445557,-3.694258e-20,-1.298376e-18
-1.445312,8.256325e-22,-1.248788e-18
-1.445068,3.533687e-20,-1.216514e-18
-1.444824,-1.094955e-20,-1.208339e-18
-1.444580,-3.049792e-20,-1.234598e-18
-1.444336,-2.144007e-20,-1.292598e-18
-1.444092,1.493173e-21,-1.328077e-18
-1.443848,3.892328e-21,-1.319376e-18
-1.443604,-5.598004e-20,-1.282161e-18
-1.443359,-4.705106e-20,-1.232508e-18
-1.443115,9.705958e-21,-1.199959e-18
-1.442871,-2.494661e-20,-1.196392e-18
-1.442627,-6.012923e-20,-1.221655e-18
-1.442383,-4.790122e-20,-1.276224e-18
-1.442139,-2.806522e-20,-1.314136e-18
-1.441895,-1.754720e-20,-1.301543e-18
-1.441650,-6.723884e-20,-1.263971e-18
-1.441406,-8.583210e-20,-1.219802e-18
-1.441162,-2.439568e-20,-1.184159e-18
-1.440918,-3.369104e-20,-1.181400e-18
-1.440674,-8.829698e-20,-1.208309e-18
-1.440430,-8.108015e-20,-1.257137e-18
-1.440186,-5.654166e-20,-1.299718e-18
-1.439941,-4.342560e-20,-1.288655e-18
-1.439697,-7.626748e-20,-1.246308e-18
-1.439453,-1.138761e-19,-1.205448e-18
-1.439209,-6.362843e-20,-1.170008e-18
-1.438965,-4.214058e-20,-1.166293e-18
-1.438721,-1.008272e-19,-1.193943e-18
-1.438477,-1.128861e-19,-1.240030e-18
-1.438232,-8.300844e-20,-1.280683e-18
-1.437988,-6.730034e-20,-1.271064e-18
-1.437744,-9.061643e-20,-1.229689e-18
-1.437500,-1.353642e-19,-1.188950e-18
-1.437256,-1.056612e-19,-1.155587e-18
-1.437012,-6.032210e-20,-1.152304e-18
-1.436768,-1.088180e-19,-1.178709e-18
-1.436523,-1.440384e-19,-1.224997e-18
-1.436279,-1.093729e-19,-1.264093e-18
-1.436035,-8.740105e-20,-1.253428e-18
-1.435791,-1.053417e-19,-1.212781e-18
-1.435547,-1.481053e-19,-1.172994e-18
-1.435303,-1.413638e-19,-1.140540e-18
-1.435059,-8.643846e-20,-1.136122e-18
-1.434814,-1.136129e-19,-1.162547e-18
-1.434570,-1.681817e-19,-1.206598e-18
-1.434326,-1.415956e-19,-1.244828e-18
-1.434082,-1.101084e-19,-1.237053e-18
-1.433838,-1.217536e-19,-1.195911e-18
-1.433594,-1.601068e-19,-1.155735e-18
-1.433350,-1.706807e-19,-1.124261e-18
-1.433105,-1.175417e-19,-1.121248e-18
-1.432861,-1.168154e-19,-1.147429e-18
-1.432617,-1.805235e-19,-1.187108e-18
-1.432373,-1.739954e-19,-1.222268e-18
-1.432129,-1.318817e-19,-1.216974e-18
-1.431885,-1.368596e-19,-1.176600e-18
-1.431641,-1.740662e-19,-1.136494e-18
-1.431396,-1.939221e-19,-1.107968e-18
-1.431152,-1.511885e-19,-1.104715e-18
-1.430908,-1.296832e-19,-1.130841e-18
-1.430664,-1.870191e-19,-1.168497e-18
-1.430420,-2.043299e-19,-1.200841e-18
-1.430176,-1.569930e-19,-1.200298e-18
-1.429932,-1.457268e-19,-1.159807e-18
-1.429688,-1.850665e-19,-1.118216e-18
-1.429443,-2.125109e-19,-1.092582e-18
-1.429199,-1.805448e-19,-1.088422e-18
-1.428955,-1.469620e-19,-1.112694e-18
-1.428711,-1.890753e-19,-1.145940e-18
-1.428467,-2.277292e-19,-1.180292e-18
-1.428223,-1.890094e-19,-1.180625e-18
-1.427979,-1.588328e-19,-1.137585e-18
-1.427734,-1.918949e-19,-1.102180e-18
-1.427490,-2.297143e-19,-1.076038e-18
-1.427246,-2.076515e-19,-1.068336e-18
-1.427002,-1.628467e-19,-1.095488e-18
-1.426758,-1.914011e-19,-1.126956e-18
-1.426514,-2.417955e-19,-1.153313e-18
-1.426270,-2.175842e-19,-1.156410e-18
-1.426025,-1.759967e-19,-1.118186e-18
-1.425781,-1.952831e-19,-1.078812e-18
-1.425537,-2.419805e-19,-1.058711e-18
-1.425293,-2.334241e-19,-1.052979e-18
-1.425049,-1.834149e-19,-1.074098e-18
-1.424805,-1.941423e-19,-1.107066e-18
-1.424561,-2.481368e-19,-1.131186e-18
-1.424316,-2.407988e-19,-1.133406e-18
-1.424072,-1.934464e-19,-1.099298e-18
-1.423828,-1.965431e-19,-1.060816e-18
-1.423584,-2.470515e-19,-1.040428e-18
-1.423340,-2.537876e-19,-1.033197e-18
-1.423096,-2.010081e-19,-1.053835e-18
-1.422852,-1.977040e-19,-1.085255e-18
-1.422607,-2.518555e-19,-1.104947e-18
-1.422363,-2.585153e-19,-1.108386e-18
-1.422119,-2.149627e-19,-1.079608e-18
-1.421875,-2.003105e-19,-1.041101e-18
-1.421631,-2.444179e-19,-1.021161e-18
-1.421387,-2.713383e-19,-1.016670e-18
-1.421143,-2.212790e-19,-1.034468e-18
-1.420898,-1.967654e-19,-1.063298e-18
-1.420654,-2.511630e-19,-1.080930e-18
-1.420410,-2.710456e-19,-1.082222e-18
-1.420166,-2.305900e-19,-1.056596e-18
-1.419922,-2.081840e-19,-1.019984e-18
-1.419678,-2.397666e-19,-1.001192e-18
-1.419434,-2.796505e-19,-9.989089e-19
-1.419189,-2.446759e-19,-1.013323e-18
-1.418945,-2.002380e-19,-1.041282e-18
-1.418701,-2.434917e-19,-1.057597e-18
-1.418457,-2.796883e-19,-1.057238e-18
-1.418213,-2.464884e-19,-1.037092e-18
-1.417969,-2.135712e-19,-1.000654e-18
-1.417725,-2.330723e-19,-9.828068e-19
-1.417480,-2.801332e-19,-9.818145e-19
-1.417236,-2.636105e-19,-9.912442e-19
-1.416992,-2.072319e-19,-1.017271e-18
-1.416748,-2.316172e-19,-1.032282e-18
-1.416504,-2.857348e-19,-1.030460e-18
-1.416260,-2.604586e-19,-1.014484e-18
-1.416016,-2.185170e-19,-9.810304e-19
-1.415771,-2.298928e-19,-9.631628e-19
-1.415527,-2.718936e-19,-9.652215e-19
-1.415283,-2.783652e-19,-9.732537e-19
-1.415039,-2.191578e-19,-9.943798e-19
-1.414795,-2.172439e-19,-1.007918e-18
-1.414551,-2.823630e-19,-1.004658e-18
-1.414307,-2.722612e-19,-9.909708e-19
-1.414062,-2.240174e-19,-9.632421e-19
-1.413818,-2.262108e-19,-9.445234e-19
-1.413574,-2.639429e-19,-9.463589e-19
-1.413330,-2.819747e-19,-9.550707e-19
-1.413086,-2.340982e-19,-9.722516e-19
-1.412842,-2.069459e-19,-9.861122e-19
-1.412598,-2.684396e-19,-9.821428e-19
-1.412354,-2.844115e-19,-9.707088e-19
-1.412109,-2.272414e-19,-9.458211e-19
-1.411865,-2.194532e-19,-9.263079e-19
-1.411621,-2.545336e-19,-9.313472e-19
-1.411377,-2.791136e-19,-9.369588e-19
-1.411133,-2.487774e-19,-9.491164e-19
-1.410889,-2.006503e-19,-9.620425e-19
-1.410645,-2.491507e-19,-9.587038e-19
-1.410400,-2.907625e-19,-9.482902e-19
-1.410156,-2.352672e-19,-9.284390e-19
-1.409912,-2.120298e-19,-9.133371e-19
-1.409668,-2.437991e-19,-9.157140e-19
-1.409424,-2.702400e-19,-9.225592e-19
-1.409180,-2.549817e-19,-9.309775e-19
-1.408936,-2.015332e-19,-9.398542e-19
-1.408691,-2.243422e-19,-9.387571e-19
-1.408447,-2.846771e-19,-9.277049e-19
-1.408203,-2.452924e-19,-9.119305e-19
-1.407959,-2.013263e-19,-8.982878e-19
-1.407715,-2.311183e-19,-9.019895e-19
-1.407471,-2.621197e-19,-9.092939e-19
-1.407227,-2.547283e-19,-9.122623e-19
-1.406982,-2.073680e-19,-9.197678e-19
-1.406738,-2.040330e-19,-9.204809e-19
-1.406494,-2.683709e-19,-9.121242e-19
-1.406250,-2.548671e-19,-8.970916e-19
-1.406006,-1.924756e-19,-8.862497e-19
-1.405762,-2.117751e-19,-8.904109e-19
-1.405518,-2.521610e-19,-8.950846e-19
-1.405273,-2.491596e-19,-8.958394e-19
-1.405029,-2.098496e-19,-9.002491e-19
-1.404785,-1.899799e-19,-9.009161e-19
-1.404541,-2.427768e-19,-8.926727e-19
-1.404297,-2.590519e-19,-8.832135e-19
-1.404053,-1.952478e-19,-8.769720e-19
-1.403809,-1.883128e-19,-8.789653e-19
-1.403564,-2.384800e-19,-8.844244e-19
-1.403320,-2.431017e-19,-8.830561e-19
-1.403076,-2.041624e-19,-8.819234e-19
-1.402832,-1.781237e-19,-8.823327e-19
-1.402588,-2.157539e-19,-8.779962e-19
-1.402344,-2.517384e-19,-8.714128e-19
-1.402100,-1.986112e-19,-8.651538e-19
-1.401855,-1.684408e-19,-8.674747e-19
-1.401611,-2.174673e-19,-8.735006e-19
-1.401367,-2.345718e-19,-8.675386e-19
-1.401123,-2.002890e-19,-8.632284e-19
-1.400879,-1.682594e-19,-8.666263e-19
-1.400635,-1.894217e-19,-8.643831e-19
-1.400391,-2.358581e-19,-8.582959e-19
-1.400146,-2.021940e-19,-8.555171e-19
-1.399902,-1.511092e-19,-8.592320e-19
-1.399658,-1.888033e-19,-8.632962e-19
-1.399414,-2.238483e-19,-8.551635e-19
-1.399170,-1.927217e-19,-8.461684e-19
-1.398926,-1.575642e-19,-8.492322e-19
-1.398682,-1.677753e-19,-8.510124e-19
-1.398438,-2.124633e-19,-8.464400e-19
-1.398193,-2.026203e-19,-8.437767e-19
-1.397949,-1.439963e-19,-8.504508e-19
-1.397705,-1.582529e-19,-8.556773e-19
-1.397461,-2.062420e-19,-8.451648e-19
-1.397217,-1.874366e-19,-8.332087e-19
-1.396973,-1.441657e-19,-8.343691e-19
-1.396729,-1.460256e-19,-8.389448e-19
-1.396484,-1.874567e-19,-8.359282e-19
-1.396240,-1.908442e-19,-8.373046e-19
-1.395996,-1.386416e-19,-8.435377e-19
-1.395752,-1.314177e-19,-8.450303e-19
-1.395508,-1.810476e-19,-8.360549e-19
-1.395264,-1.818641e-19,-8.186713e-19
-1.395020,-1.327670e-19,-8.213670e-19
-1.394775,-1.243188e-19,-8.309321e-19
-1.394531,-1.624314e-19,-8.271724e-19
-1.394287,-1.764559e-19,-8.300592e-19
-1.394043,-1.334425e-19,-8.382801e-19
-1.393799,-1.072989e-19,-8.406311e-19
-1.393555,-1.505088e-19,-8.271329e-19
-1.393311,-1.704911e-19,-8.067383e-19
-1.393066,-1.242659e-19,-8.073024e-19
-1.392822,-9.902256e-20,-8.189757e-19
-1.392578,-1.354053e-19,-8.210525e-19
-1.392334,-1.604314e-19,-8.234240e-19
-1.392090,-1.218225e-19,-8.329151e-19
-1.391846,-8.802754e-20,-8.367738e-19
-1.391602,-1.177920e-19,-8.222505e-19
-1.391357,-1.511087e-19,-7.997428e-19
-1.391113,-1.169823e-19,-7.980844e-19
-1.390869,-7.412332e-20,-8.132062e-19
-1.390625,-1.019259e-19,-8.179872e-19
-1.390381,-1.379690e-19,-8.192330e-19
-1.390137,-1.091670e-19,-8.295192e-19
-1.389893,-6.996167e-20,-8.342855e-19
-1.389648,-8.511137e-20,-8.174695e-19
-1.389404,-1.217970e-19,-7.921137e-19
-1.389160,-1.071436e-19,-7.900655e-19
-1.388916,-5.797906e-20,-8.084552e-19
-1.388672,-6.732126e-20,-8.174544e-19
-1.388428,-1.121027e-19,-8.194541e-19
-1.388184,-9.322712e-20,-8.289465e-19
-1.387939,-4.946982e-20,-8.318534e-19
-1.387695,-5.627353e-20,-8.143851e-19
-1.387451,-8.946110e-20,-7.884236e-19
-1.387207,-9.141400e-20,-7.833517e-19
-1.386963,-4.483215e-20,-8.031652e-19
-1.386719,-3.224912e-20,-8.160547e-19
-1.386475,-8.162244e-20,-8.186725e-19
-1.386230,-8.113873e-20,-8.296913e-19
-1.385986,-3.004612e-20,-8.345488e-19
-1.385742,-2.853324e-20,-8.159326e-19
-1.385498,-5.827089e-20,-7.897556e-19
-1.385254,-6.633260e-20,-7.821770e-19
-1.385010,-3.324827e-20,-8.011513e-19
-1.384766,-9.435280e-22,-8.202909e-19
-1.384521,-4.304464e-20,-8.229829e-19
-1.384277,-6.563857e-20,-8.303091e-19
-1.384033,-1.179855e-20,-8.359671e-19
-1.383789,2.123044e-21,-8.165868e-19
-1.383545,-2.909494e-20,-7.891381e-19
-1.383301,-4.010207e-20,-7.816061e-19
-1.383057,-1.839346e-20,-8.016313e-19
-1.382812,1.996604e-20,-8.251075e-19
-1.382568,5.705408e-23,-8.289438e-19
-1.382324,-4.419036e-20,-8.345639e-19
-1.382080,-2.380505e-21,-8.416593e-19
-1.381836,3.563239e-20,-8.215781e-19
-1.381592,3.351776e-22,-7.918456e-19
-1.381348,-1.449169e-20,-7.848610e-19
-1.381104,3.316656e-21,-8.049906e-19
-1.380859,3.469332e-20,-8.295702e-19
-1.380615,3.537561e-20,-8.361655e-19
-1.380371,-1.358004e-20,-8.414018e-19
-1.380127,7.128914e-21,-8.487841e-19
-1.379883,6.114435e-20,-8.302702e-19
-1.379639,3.438494e-20,-7.998386e-19
-1.379395,8.376487e-21,-7.916571e-19
-1.379150,2.601225e-20,-8.107407e-19
-1.378906,5.199584e-20,-8.384827e-19
-1.378662,6.575581e-20,-8.483637e-19
-1.378418,2.545562e-20,-8.498130e-19
-1.378174,1.741881e-20,-8.551270e-19
-1.377930,7.997466e-20,-8.370516e-19
-1.377686,7.229692e-20,-8.057572e-19
-1.377441,2.891500e-20,-8.001788e-19
-1.377197,4.745182e-20,-8.196375e-19
-1.376953,7.145127e-20,-8.471476e-19
-1.376709,8.631813e-20,-8.609469e-19
-1.376465,6.548514e-20,-8.613676e-19
-1.376221,3.374540e-20,-8.657675e-19
-1.375977,8.804123e-20,-8.486291e-19
-1.375732,1.103475e-19,-8.152804e-19
-1.375488,5.701103e-20,-8.100268e-19
-1.375244,6.612445e-20,-8.297768e-19
-1.375000,9.624795e-20,-8.581661e-19
-1.374756,1.052206e-19,-8.742980e-19
-1.374512,9.932960e-20,-8.737124e-19
-1.374268,6.166678e-20,-8.754275e-19
-1.374023,9.324320e-20,-8.604270e-19
-1.373779,1.395831e-19,-8.296649e-19
-1.373535,9.204972e-20,-8.224168e-19
-1.373291,8.010853e-20,-8.447890e-19
-1.373047,1.190666e-19,-8.739902e-19
-1.372803,1.262511e-19,-8.872580e-19
-1.372559,1.270691e-19,-8.872816e-19
-1.372314,9.788896e-20,-8.865257e-19
-1.372070,9.970261e-20,-8.712566e-19
-1.371826,1.607681e-19,-8.418206e-19
-1.371582,1.343144e-19,-8.337295e-19
-1.371338,9.502784e-20,-8.576708e-19
-1.371094,1.376080e-19,-8.873441e-19
-1.370850,1.502132e-19,-9.021901e-19
-1.370605,1.450845e-19,-9.026934e-19
-1.370361,1.321374e-19,-8.997638e-19
-1.370117,1.156008e-19,-8.858860e-19
-1.369873,1.703246e-19,-8.554846e-19
-1.369629,1.753735e-19,-8.474953e-19
-1.369385,1.163711e-19,-8.738379e-19
-1.369141,1.462427e-19,-9.014413e-19
-1.368896,1.803680e-19,-9.171294e-19
-1.368652,1.640275e-19,-9.177855e-19
-1.368408,1.573630e-19,-9.099148e-19
-1.368164,1.407960e-19,-8.971560e-19
-1.367920,1.738658e-19,-8.710160e-19
-1.367676,2.046692e-19,-8.618784e-19
-1.367432,1.483596e-19,-8.912807e-19
-1.367188,1.518896e-19,-9.201234e-19
-1.366943,2.013359e-19,-9.317479e-19
-1.366699,1.897077e-19,-9.319055e-19
-1.366455,1.782611e-19,-9.225166e-19
-1.366211,1.682189e-19,-9.089573e-19
-1.365967,1.804691e-19,-8.836405e-19
-1.365723,2.239681e-19,-8.756450e-19
-1.365479,1.880584e-19,-9.048399e-19
-1.365234,1.580782e-19,-9.347176e-19
-1.364990,2.121916e-19,-9.469498e-19
-1.364746,2.166766e-19,-9.458429e-19
-1.364502,1.933750e-19,-9.360342e-19
-1.364258,1.925180e-19,-9.195909e-19
-1.364014,1.923382e-19,-8.983248e-19
-1.363770,2.326247e-19,-8.928142e-19
-1.363525,2.242552e-19,-9.201127e-19
-1.363281,1.755692e-19,-9.510413e-19
-1.363037,2.163653e-19,-9.607912e-19
-1.362793,2.440292e-19,-9.597299e-19
-1.362549,2.140504e-19,-9.481097e-19
-1.362305,2.089171e-19,-9.308057e-19
-1.362061,2.109027e-19,-9.113256e-19
-1.361816,2.371501e-19,-9.065358e-19
-1.361572,2.495858e-19,-9.373596e-19
-1.361328,2.031306e-19,-9.686114e-19
-1.361084,2.152849e-19,-9.772947e-19
-1.360840,2.606016e-19,-9.738895e-19
-1.360596,2.391867e-19,-9.596987e-19
-1.360352,2.223405e-19,-9.421136e-19
-1.360107,2.291439e-19,-9.249367e-19
-1.359863,2.451331e-19,-9.214740e-19
-1.359619,2.656775e-19,-9.514364e-19
-1.359375,2.300289e-19,-9.859558e-19
-1.359131,2.192709e-19,-9.920344e-19
-1.358887,2.700278e-19,-9.858910e-19
-1.358643,2.640891e-19,-9.737410e-19
-1.358398,2.359790e-19,-9.526741e-19
-1.358154,2.426517e-19,-9.385923e-19
-1.357910,2.557653e-19,-9.394670e-19
-1.357666,2.771138e-19,-9.668752e-19
-1.357422,2.576548e-19,-1.003686e-18
-1.357178,2.294635e-19,-1.009732e-18
-1.356934,2.721997e-19,-9.987727e-19
-1.356689,2.874268e-19,-9.844710e-19
-1.356445,2.515663e-19,-9.636413e-19
-1.356201,2.513702e-19,-9.518532e-19
-1.355957,2.673789e-19,-9.554655e-19
-1.355713,2.843314e-19,-9.840783e-19
-1.355469,2.777219e-19,-1.020871e-18
-1.355225,2.461402e-19,-1.026823e-18
-1.354980,2.723355e-19,-1.011774e-18
-1.354736,3.013158e-19,-9.952642e-19
-1.354492,2.720807e-19,-9.754422e-19
-1.354248,2.599571e-19,-9.625985e-19
-1.354004,2.750117e-19,-9.697568e-19
-1.353760,2.925577e-19,-9.995325e-19
-1.353516,2.922144e-19,-1.035585e-18
-1.353271,2.622179e-19,-1.043587e-18
-1.353027,2.710211e-19,-1.023960e-18
-1.352783,3.069560e-19,-1.005897e-18
-1.352539,2.916948e-19,-9.867985e-19
-1.352295,2.677830e-19,-9.745846e-19
-1.352051,2.802449e-19,-9.858773e-19
-1.351807,2.991308e-19,-1.015926e-18
-1.351562,3.028569e-19,-1.053690e-18
-1.351318,2.776006e-19,-1.059776e-18
-1.351074,2.717172e-19,-1.036278e-18
-1.350830,3.089186e-19,-1.015663e-18
-1.350586,3.058807e-19,-9.934810e-19
-1.350342,2.769167e-19,-9.847230e-19
-1.350098,2.820553e-19,-1.000540e-18
-1.349854,3.005933e-19,-1.032211e-18
-1.349609,3.111082e-19,-1.068097e-18
-1.349365,2.899329e-19,-1.074906e-18
-1.349121,2.750280e-19,-1.049711e-18
-1.348877,3.070181e-19,-1.024042e-18
-1.348633,3.164808e-19,-1.001958e-18
-1.348389,2.880937e-19,-9.927247e-19
-1.348145,2.810966e-19,-1.012673e-18
-1.347900,3.002760e-19,-1.045853e-18
-1.347656,3.139950e-19,-1.080903e-18
-1.347412,2.966659e-19,-1.089887e-18
-1.347168,2.764271e-19,-1.060701e-18
-1.346924,3.019296e-19,-1.032113e-18
-1.346680,3.195340e-19,-1.010481e-18
-1.346436,2.938808e-19,-1.002399e-18
-1.346191,2.830438e-19,-1.025605e-18
-1.345947,2.970080e-19,-1.062504e-18
-1.345703,3.136000e-19,-1.095461e-18
-1.345459,3.071823e-19,-1.102180e-18
-1.345215,2.788434e-19,-1.072584e-18
-1.344971,2.918768e-19,-1.036851e-18
-1.344727,3.201788e-19,-1.015201e-18
-1.344482,3.001110e-19,-1.009606e-18
-1.344238,2.810754e-19,-1.034956e-18
-1.343994,2.907604e-19,-1.076012e-18
-1.343750,3.080585e-19,-1.104498e-18
-1.343506,3.096385e-19,-1.113398e-18
-1.343262,2.808891e-19,-1.085502e-18
-1.343018,2.830895e-19,-1.043282e-18
-1.342773,3.155421e-19,-1.018869e-18
-1.342529,3.040558e-19,-1.015379e-18
-1.342285,2.805781e-19,-1.044529e-18
-1.342041,2.852657e-19,-1.087554e-18
-1.341797,3.013910e-19,-1.116555e-18
-1.341553,3.102071e-19,-1.122391e-18
-1.341309,2.838239e-19,-1.093523e-18
-1.341064,2.704030e-19,-1.048927e-18
-1.340820,3.064161e-19,-1.022346e-18
-1.340576,3.071454e-19,-1.021561e-18
-1.340332,2.764619e-19,-1.051687e-18
-1.340088,2.796272e-19,-1.098761e-18
-1.339844,2.920638e-19,-1.128462e-18
-1.339600,3.027947e-19,-1.131598e-18
-1.339355,2.908308e-19,-1.103048e-18
-1.339111,2.646725e-19,-1.052636e-18
-1.338867,2.917217e-19,-1.021776e-18
-1.338623,3.072176e-19,-1.023596e-18
-1.338379,2.732188e-19,-1.056464e-18
-1.338135,2.706333e-19,-1.107802e-18
-1.337891,2.842572e-19,-1.137278e-18
-1.337646,2.935107e-19,-1.138036e-18
-1.337402,2.903679e-19,-1.110112e-18
-1.337158,2.596816e-19,-1.057132e-18
-1.336914,2.746483e-19,-1.022089e-18
-1.336670,3.045694e-19,-1.025879e-18
-1.336426,2.732526e-19,-1.063487e-18
-1.336182,2.590408e-19,-1.115262e-18
-1.335938,2.770851e-19,-1.145949e-18
-1.335693,2.819300e-19,-1.143863e-18
-1.335449,2.846747e-19,-1.113122e-18
-1.335205,2.603359e-19,-1.061901e-18
-1.334961,2.545522e-19,-1.022286e-18
-1.334717,2.931904e-19,-1.026444e-18
-1.334473,2.772964e-19,-1.069526e-18
-1.334229,2.469971e-19,-1.121722e-18
-1.333984,2.652744e-19,-1.153722e-18
-1.333740,2.735745e-19,-1.151243e-18
-1.333496,2.746110e-19,-1.117992e-18
-1.333252,2.601670e-19,-1.065158e-18
-1.333008,2.414223e-19,-1.021792e-18
-1.332764,2.737871e-19,-1.024943e-18
-1.332520,2.769222e-19,-1.070581e-18
-1.332275,2.361923e-19,-1.127244e-18
-1.332031,2.475165e-19,-1.161119e-18
-1.331787,2.651750e-19,-1.154303e-18
-1.331543,2.592891e-19,-1.122092e-18
-1.331299,2.525873e-19,-1.069419e-18
-1.331055,2.309102e-19,-1.021715e-18
-1.330811,2.506768e-19,-1.025752e-18
-1.330566,2.726624e-19,-1.074274e-18
-1.330322,2.322494e-19,-1.133945e-18
-1.330078,2.275287e-19,-1.167623e-18
-1.329834,2.518386e-19,-1.160449e-18
-1.329590,2.468411e-19,-1.126452e-18
-1.329346,2.417172e-19,-1.071741e-18
-1.329102,2.224400e-19,-1.024307e-18
-1.328857,2.278083e-19,-1.024705e-18
-1.328613,2.581254e-19,-1.077414e-18
-1.328369,2.292463e-19,-1.142576e-18
-1.328125,2.069390e-19,-1.175602e-18
-1.327881,2.340581e-19,-1.168486e-18
-1.327637,2.350356e-19,-1.131030e-18
-1.327393,2.252127e-19,-1.076144e-18
-1.327148,2.146950e-19,-1.026730e-18
-1.326904,2.077409e-19,-1.024294e-18
-1.326660,2.363232e-19,-1.082308e-18
-1.326416,2.246605e-19,-1.147842e-18
-1.326172,1.890037e-19,-1.181556e-18
-1.325928,2.120086e-19,-1.175970e-18
-1.325684,2.239298e-19,-1.136299e-18
-1.325439,2.092550e-19,-1.083525e-18
-1.325195,2.021564e-19,-1.031450e-18
-1.324951,1.891930e-19,-1.025418e-18
-1.324707,2.119662e-19,-1.087225e-18
-1.324463,2.192996e-19,-1.156139e-18
-1.324219,1.759940e-19,-1.190184e-18
-1.323975,1.851894e-19,-1.184656e-18
-1.323730,2.100822e-19,-1.144113e-18
-1.323486,1.943410e-19,-1.088845e-18
-1.323242,1.842849e-19,-1.038078e-18
-1.322998,1.746543e-19,-1.030914e-18
-1.322754,1.878254e-19,-1.091620e-18
-1.322510,2.033680e-19,-1.166524e-18
-1.322266,1.673056e-19,-1.200330e-18
-1.322021,1.600133e-19,-1.192981e-18
-1.321777,1.891807e-19,-1.152808e-18
-1.321533,1.827065e-19,-1.095941e-18
-1.321289,1.660037e-19,-1.044928e-18
-1.321045,1.572933e-19,-1.034985e-18
-1.320801,1.622765e-19,-1.095324e-18
-1.320557,1.822862e-19,-1.175118e-18
-1.320312,1.592335e-19,-1.211758e-18
-1.320068,1.345667e-19,-1.202517e-18
-1.319824,1.636527e-19,-1.160942e-18
-1.319580,1.673355e-19,-1.104850e-18
-1.319336,1.462656e-19,-1.055336e-18
-1.319092,1.400663e-19,-1.045672e-18
-1.318848,1.388027e-19,-1.103807e-18
-1.318604,1.583627e-19,-1.185979e-18
-1.318359,1.492835e-19,-1.222477e-18
-1.318115,1.157335e-19,-1.212764e-18
-1.317871,1.341117e-19,-1.173540e-18
-1.317627,1.494643e-19,-1.112757e-18
-1.317383,1.275295e-19,-1.063320e-18
-1.317139,1.174663e-19,-1.054758e-18
-1.316895,1.182862e-19,-1.110471e-18
-1.316650,1.312607e-19,-1.196758e-18
-1.316406,1.322043e-19,-1.236710e-18
-1.316162,9.856532e-20,-1.223937e-18
-1.315918,1.048065e-19,-1.184059e-18
-1.315674,1.291795e-19,-1.125795e-18
-1.315430,1.111116e-19,-1.073890e-18
-1.315186,9.591748e-20,-1.064214e-18
-1.314941,9.306744e-20,-1.119445e-18
-1.314697,1.044938e-19,-1.205913e-18
-1.314453,1.129536e-19,-1.248840e-18
-1.314209,8.148763e-20,-1.235825e-18
-1.313965,7.403748e-20,-1.196311e-18
-1.313721,1.025989e-19,-1.139097e-18
-1.313477,9.396102e-20,-1.086837e-18
-1.313232,7.380682e-20,-1.076653e-18
-1.312988,7.193081e-20,-1.132629e-18
-1.312744,7.813558e-20,-1.219922e-18
-1.312500,9.040795e-20,-1.263115e-18
-1.312256,6.769228e-20,-1.247788e-18
-1.312012,4.705765e-20,-1.207675e-18
-1.311768,7.421017e-20,-1.152474e-18
-1.311523,7.549576e-20,-1.099221e-18
-1.311279,5.248420e-20,-1.089198e-18
-1.311035,4.748314e-20,-1.142573e-18
-1.310791,5.275211e-20,-1.231018e-18
-1.310547,6.530735e-20,-1.278300e-18
-1.310303,5.042356e-20,-1.260769e-18
-1.310059,2.504982e-20,-1.223163e-18
-1.309814,4.513954e-20,-1.169249e-18
-1.309570,5.810599e-20,-1.113299e-18
-1.309326,3.387632e-20,-1.105014e-18
-1.309082,2.329879e-20,-1.156290e-18
-1.308838,2.729439e-20,-1.242285e-18
-1.308594,3.958984e-20,-1.292845e-18
-1.308350,3.475328e-20,-1.273792e-18
-1.308105,3.160914e-21,-1.235108e-18
-1.307861,1.429245e-20,-1.185754e-18
-1.307617,3.710288e-20,-1.129564e-18
-1.307373,1.289542e-20,-1.121015e-18
-1.307129,2.247152e-21,-1.172406e-18
-1.306885,7.224427e-21,-1.256315e-18
-1.306641,1.300631e-20,-1.309546e-18
-1.306396,1.669057e-20,-1.290602e-18
-1.306152,-1.051652e-20,-1.248278e-18
-1.305908,-1.367604e-20,-1.200370e-18
-1.305664,1.172540e-20,-1.145539e-18
-1.305420,-1.218175e-21,-1.134452e-18
-1.305176,-2.054597e-20,-1.186429e-18
-1.304932,-1.814034e-20,-1.270241e-18
-1.304688,-1.191343e-20,-1.322903e-18
-1.304443,-3.520130e-21,-1.305776e-18
-1.304199,-2.555704e-20,-1.261012e-18
-1.303955,-4.019859e-20,-1.217686e-18
-1.303711,-1.124255e-20,-1.166040e-18
-1.303467,-1.449765e-20,-1.151680e-18
-1.303223,-4.063985e-20,-1.204261e-18
-1.302979,-3.885271e-20,-1.283269e-18
-1.302734,-3.345891e-20,-1.337439e-18
-1.302490,-2.716404e-20,-1.321549e-18
-1.302246,-3.893892e-20,-1.273025e-18
-1.302002,-6.179762e-20,-1.235523e-18
-1.301758,-4.115999e-20,-1.185121e-18
-1.301514,-2.966506e-20,-1.169143e-18
-1.301270,-5.898874e-20,-1.222410e-18
-1.301025,-6.198462e-20,-1.299588e-18
-1.300781,-5.311002e-20,-1.353935e-18
-1.300537,-4.993631e-20,-1.339236e-18
-1.300293,-5.359208e-20,-1.287838e-18
-1.300049,-8.144924e-20,-1.250390e-18
-1.299805,-7.064974e-20,-1.204653e-18
-1.299561,-4.690713e-20,-1.184268e-18
-1.299316,-7.443241e-20,-1.236419e-18
-1.299072,-8.741729e-20,-1.314749e-18
-1.298828,-7.392992e-20,-1.363768e-18
-1.298584,-7.254979e-20,-1.353845e-18
-1.298340,-7.419307e-20,-1.302505e-18
-1.298096,-9.472930e-20,-1.263044e-18
-1.297852,-9.854926e-20,-1.227430e-18
-1.297607,-6.990382e-20,-1.204637e-18
-1.297363,-8.498362e-20,-1.250743e-18
-1.297119,-1.095855e-19,-1.331760e-18
-1.296875,-9.634151e-20,-1.379352e-18
-1.296631,-9.274515e-20,-1.366914e-18
-1.296387,-9.612518e-20,-1.315219e-18
-1.296143,-1.097533e-19,-1.277761e-18
-1.295898,-1.222754e-19,-1.245533e-18
-1.295654,-9.766155e-20,-1.222839e-18
-1.295410,-9.922574e-20,-1.266795e-18
-1.295166,-1.297271e-19,-1.347754e-18
-1.294922,-1.208544e-19,-1.393388e-18
-1.294678,-1.102533e-19,-1.381973e-18
-1.294434,-1.169453e-19,-1.330933e-18
-1.294189,-1.248091e-19,-1.288533e-18
-1.293945,-1.402429e-19,-1.262382e-18
-1.293701,-1.249873e-19,-1.243688e-18
-1.293457,-1.144238e-19,-1.280186e-18
-1.293213,-1.445323e-19,-1.358727e-18
-1.292969,-1.481345e-19,-1.403919e-18
-1.292725,-1.315086e-19,-1.393076e-18
-1.292480,-1.353505e-19,-1.344005e-18
-1.292236,-1.435518e-19,-1.300759e-18
-1.291992,-1.570209e-19,-1.280144e-18
-1.291748,-1.503792e-19,-1.265353e-18
-1.291504,-1.332985e-19,-1.295139e-18
-1.291260,-1.556298e-19,-1.372054e-18
-1.291016,-1.680305e-19,-1.416167e-18
-1.290771,-1.512455e-19,-1.404140e-18
-1.290527,-1.515147e-19,-1.355199e-18
-1.290283,-1.624539e-19,-1.308746e-18
-1.290039,-1.736305e-19,-1.294337e-18
-1.289795,-1.720318e-19,-1.283159e-18
-1.289551,-1.529961e-19,-1.308043e-18
-1.289307,-1.653788e-19,-1.381911e-18
-1.289062,-1.884291e-19,-1.424909e-18
-1.288818,-1.742207e-19,-1.412706e-18
-1.288574,-1.650108e-19,-1.364557e-18
-1.288330,-1.753979e-19,-1.318312e-18
-1.288086,-1.876042e-19,-1.303216e-18
-1.287842,-1.910470e-19,-1.298885e-18
-1.287598,-1.717767e-19,-1.320070e-18
-1.287354,-1.773048e-19,-1.385468e-18
-1.287109,-2.023603e-19,-1.431859e-18
-1.286865,-1.937263e-19,-1.416993e-18
-1.286621,-1.809162e-19,-1.369434e-18
-1.286377,-1.880573e-19,-1.324677e-18
-1.286133,-2.027109e-19,-1.311597e-18
-1.285889,-2.058993e-19,-1.312946e-18
-1.285645,-1.885907e-19,-1.329845e-18
-1.285400,-1.892032e-19,-1.389792e-18
-1.285156,-2.116469e-19,-1.434062e-18
-1.284912,-2.094206e-19,-1.419287e-18
-1.284668,-1.967920e-19,-1.370888e-18
-1.284424,-2.012860e-19,-1.325821e-18
-1.284180,-2.113395e-19,-1.315130e-18
-1.283936,-2.199120e-19,-1.320436e-18
-1.283691,-2.078918e-19,-1.337345e-18
-1.283447,-1.989588e-19,-1.390267e-18
-1.283203,-2.226808e-19,-1.432989e-18
-1.282959,-2.251991e-19,-1.417600e-18
-1.282715,-2.084524e-19,-1.369712e-18
-1.282471,-2.117337e-19,-1.325148e-18
-1.282227,-2.199706e-19,-1.312455e-18
-1.281982,-2.293561e-19,-1.325211e-18
-1.281738,-2.240123e-19,-1.340626e-18
-1.281494,-2.082770e-19,-1.384108e-18
-1.281250,-2.266583e-19,-1.427053e-18
-1.281006,-2.389257e-19,-1.411069e-18
-1.280762,-2.222852e-19,-1.363029e-18
-1.280518,-2.227016e-19,-1.320633e-18
-1.280273,-2.282131e-19,-1.309479e-18
-1.280029,-2.363847e-19,-1.325162e-18
-1.279785,-2.376308e-19,-1.341528e-18
-1.279541,-2.155751e-19,-1.378853e-18
-1.279297,-2.288725e-19,-1.418390e-18
-1.279053,-2.491379e-19,-1.403020e-18
-1.278809,-2.298295e-19,-1.353187e-18
-1.278564,-2.301031e-19,-1.312198e-18
-1.278320,-2.370243e-19,-1.299834e-18
-1.278076,-2.389615e-19,-1.319496e-18
-1.277832,-2.488130e-19,-1.339269e-18
-1.277588,-2.289194e-19,-1.367058e-18
-1.277344,-2.285779e-19,-1.403347e-18
-1.277100,-2.563250e-19,-1.390358e-18
-1.276855,-2.411840e-19,-1.340455e-18
-1.276611,-2.306866e-19,-1.299367e-18
-1.276367,-2.418652e-19,-1.287635e-18
-1.276123,-2.424621e-19,-1.309684e-18
-1.275879,-2.515938e-19,-1.331547e-18
-1.275635,-2.379477e-19,-1.355015e-18
-1.275391,-2.256213e-19,-1.384626e-18
-1.275146,-2.565156e-19,-1.373813e-18
-1.274902,-2.508456e-19,-1.323534e-18
-1.274658,-2.310947e-19,-1.282849e-18
-1.274414,-2.475440e-19,-1.273045e-18
-1.274170,-2.451892e-19,-1.296444e-18
-1.273926,-2.496856e-19,-1.325522e-18
-1.273682,-2.487658e-19,-1.339992e-18
-1.273438,-2.250381e-19,-1.361155e-18
-1.273193,-2.502677e-19,-1.354434e-18
-1.272949,-2.579132e-19,-1.302269e-18
-1.272705,-2.273608e-19,-1.261706e-18
-1.272461,-2.446389e-19,-1.253863e-18
-1.272217,-2.497303e-19,-1.277967e-18
-1.271973,-2.418330e-19,-1.308435e-18
-1.271729,-2.527925e-19,-1.320435e-18
-1.271484,-2.320748e-19,-1.336532e-18
-1.271240,-2.385463e-19,-1.330334e-18
-1.270996,-2.615807e-19,-1.279305e-18
-1.270752,-2.329646e-19,-1.237634e-18
-1.270508,-2.350665e-19,-1.232317e-18
-1.270264,-2.521556e-19,-1.257385e-18
-1.270020,-2.368424e-19,-1.290164e-18
-1.269775,-2.472613e-19,-1.298704e-18
-1.269531,-2.374955e-19,-1.306123e-18
-1.269287,-2.259332e-19,-1.302903e-18
-1.269043,-2.588892e-19,-1.251816e-18
-1.268799,-2.401745e-19,-1.207735e-18
-1.268555,-2.219771e-19,-1.207303e-18
-1.268311,-2.517501e-19,-1.234475e-18
-1.268066,-2.381004e-19,-1.268490e-18
-1.267822,-2.351388e-19,-1.275729e-18
-1.267578,-2.430309e-19,-1.275780e-18
-1.267334,-2.198943e-19,-1.270178e-18
-1.267090,-2.439195e-19,-1.224942e-18
-1.266846,-2.468724e-19,-1.177574e-18
-1.266602,-2.136439e-19,-1.175650e-18
-1.266357,-2.395989e-19,-1.208334e-18
-1.266113,-2.414800e-19,-1.239445e-18
-1.265869,-2.240523e-19,-1.247431e-18
-1.265625,-2.383166e-19,-1.242016e-18
-1.265381,-2.210619e-19,-1.232387e-18
-1.265137,-2.279492e-19,-1.194517e-18
-1.264893,-2.467844e-19,-1.145176e-18
-1.264648,-2.117459e-19,-1.143149e-18
-1.264404,-2.214924e-19,-1.179077e-18
-1.264160,-2.432667e-19,-1.211518e-18
-1.263916,-2.158553e-19,-1.217916e-18
-1.263672,-2.260051e-19,-1.205221e-18
-1.263428,-2.247710e-19,-1.195022e-18
-1.263184,-2.106774e-19,-1.158742e-18
-1.262939,-2.392267e-19,-1.108157e-18
-1.262695,-2.162177e-19,-1.107546e-18
-1.262451,-2.023116e-19,-1.146390e-18
-1.262207,-2.381177e-19,-1.180503e-18
-1.261963,-2.140984e-19,-1.185264e-18
-1.261719,-2.078365e-19,-1.167777e-18
-1.261475,-2.235982e-19,-1.154421e-18
-1.261230,-2.003280e-19,-1.123259e-18
-1.260986,-2.202776e-19,-1.073191e-18
-1.260742,-2.185960e-19,-1.066893e-18
-1.260498,-1.874151e-19,-1.109598e-18
-1.260254,-2.215073e-19,-1.145476e-18
-1.260010,-2.157963e-19,-1.146633e-18
-1.259766,-1.895784e-19,-1.126205e-18
-1.259521,-2.139167e-19,-1.111698e-18
-1.259277,-1.969888e-19,-1.083051e-18
-1.259033,-1.963884e-19,-1.033103e-18
-1.258789,-2.148902e-19,-1.028239e-18
-1.258545,-1.816426e-19,-1.073991e-18
-1.258301,-1.962491e-19,-1.110916e-18
-1.258057,-2.116616e-19,-1.109681e-18
-1.257812,-1.767534e-19,-1.083703e-18
-1.257568,-1.928074e-19,-1.066208e-18
-1.257324,-1.946543e-19,-1.042474e-18
-1.257080,-1.763975e-19,-9.942614e-19
-1.256836,-1.988739e-19,-9.825711e-19
-1.256592,-1.782731e-19,-1.032772e-18
-1.256348,-1.710028e-19,-1.074108e-18
-1.256104,-2.004127e-19,-1.068972e-18
-1.255859,-1.687897e-19,-1.041244e-18
-1.255615,-1.652167e-19,-1.020926e-18
-1.255371,-1.870333e-19,-1.000839e-18
-1.255127,-1.605380e-19,-9.554618e-19
-1.254883,-1.736902e-19,-9.386932e-19
-1.254639,-1.747255e-19,-9.890980e-19
-1.254395,-1.478327e-19,-1.034681e-18
-1.254150,-1.780087e-19,-1.026602e-18
-1.253906,-1.655787e-19,-9.941317e-19
-1.253662,-1.399311e-19,-9.746729e-19
-1.253418,-1.685887e-19,-9.552395e-19
-1.253174,-1.523678e-19,-9.144282e-19
-1.252930,-1.456962e-19,-8.978559e-19
-1.252686,-1.605274e-19,-9.452662e-19
-1.252441,-1.341099e-19,-9.972515e-19
-1.252197,-1.486987e-19,-9.873991e-19
-1.251953,-1.552699e-19,-9.482659e-19
-1.251709,-1.216624e-19,-9.280068e-19
-1.251465,-1.419366e-19,-9.109733e-19
-1.251221,-1.445924e-19,-8.722058e-19
-1.250977,-1.223302e-19,-8.525229e-19
-1.250732,-1.384518e-19,-9.011259e-19
-1.250488,-1.234813e-19,-9.557367e-19
-1.250244,-1.201234e-19,-9.454060e-19
-1.250000,-1.390713e-19,-9.033255e-19
-1.249756,-1.069487e-19,-8.800005e-19
-1.249512,-1.110214e-19,-8.683493e-19
-1.249268,-1.297892e-19,-8.322882e-19
-1.249023,-1.019489e-19,-8.082956e-19
-1.248779,-1.102059e-19,-8.552943e-19
-1.248535,-1.127166e-19,-9.148091e-19
-1.248291,-9.614868e-20,-9.040046e-19
-1.248047,-1.147717e-19,-8.544889e-19
-1.247803,-9.696121e-20,-8.334317e-19
-1.247559,-8.341803e-20,-8.241471e-19
-1.247314,-1.100763e-19,-7.903922e-19
-1.247070,-8.924721e-20,-7.687178e-19
-1.246826,-8.025559e-20,-8.103498e-19
-1.246582,-9.458275e-20,-8.736906e-19
-1.246338,-7.680696e-20,-8.669089e-19
-1.246094,-8.593184e-20,-8.108266e-19
-1.245850,-8.242779e-20,-7.871468e-19
-1.245605,-6.075758e-20,-7.822274e-19
-1.245361,-8.360919e-20,-7.523613e-19
-1.245117,-7.712231e-20,-7.272340e-19
-1.244873,-5.627278e-20,-7.662600e-19
-1.244629,-7.172848e-20,-8.333339e-19
-1.244385,-6.168557e-20,-8.284823e-19
-1.244141,-5.977658e-20,-7.698861e-19
-1.243896,-6.636918e-20,-7.434116e-19
-1.243652,-4.104677e-20,-7.434994e-19
-1.243408,-5.229918e-20,-7.182968e-19
-1.243164,-6.064207e-20,-6.905490e-19
-1.242920,-3.471269e-20,-7.273952e-19
-1.242676,-4.451606e-20,-7.948045e-19
-1.242432,-4.712973e-20,-7.923949e-19
-1.242188,-3.451902e-20,-7.302285e-19
-1.241943,-4.332757e-20,-7.003731e-19
-1.241699,-2.644824e-20,-7.067743e-19
-1.241455,-2.503260e-20,-6.864196e-19
-1.241211,-4.279557e-20,-6.581363e-19
-1.240967,-1.845760e-20,-6.918605e-19
-1.240723,-1.426357e-20,-7.604473e-19
-1.240479,-2.782069e-20,-7.618752e-19
-1.240234,-1.534945e-20,-6.969258e-19
-1.239990,-1.744175e-20,-6.639796e-19
-1.239746,-8.526128e-21,-6.734989e-19
-1.239502,1.022075e-21,-6.572196e-19
-1.239258,-2.000744e-20,-6.288615e-19
-1.239014,-4.102250e-21,-6.589150e-19
-1.238770,1.163031e-20,-7.260978e-19
-1.238525,-6.440993e-21,-7.329977e-19
-1.238281,1.001615e-21,-6.667983e-19
-1.238037,6.156896e-21,-6.292171e-19
-1.237793,9.787276e-21,-6.435287e-19
-1.237549,2.363224e-20,-6.329136e-19
-1.237305,5.719917e-21,-6.055277e-19
-1.237061,1.264349e-20,-6.303326e-19
-1.236816,3.528870e-20,-6.966932e-19
-1.236572,1.759281e-20,-7.083870e-19
-1.236328,1.911712e-20,-6.397896e-19
-1.236084,3.010702e-20,-5.984688e-19
-1.235840,2.861852e-20,-6.176819e-19
-1.235596,4.300350e-20,-6.137576e-19
-1.235352,3.149749e-20,-5.846653e-19
-1.235107,2.564174e-20,-6.069098e-19
-1.234863,5.637891e-20,-6.727645e-19
-1.234619,4.612796e-20,-6.863768e-19
-1.234375,3.404416e-20,-6.208862e-19
-1.234131,5.329810e-20,-5.734816e-19
-1.233887,5.004428e-20,-5.943134e-19
-1.233643,5.923058e-20,-5.990172e-19
-1.233398,6.082043e-20,-5.674466e-19
-1.233154,4.305051e-20,-5.854075e-19
-1.232910,7.058799e-20,-6.496416e-19
-1.232666,7.406031e-20,-6.667730e-19
-1.232422,5.100866e-20,-6.026488e-19
-1.232178,6.856321e-20,-5.510126e-19
-1.231934,7.404394e-20,-5.748039e-19
-1.231689,7.533894e-20,-5.871993e-19
-1.231445,8.207001e-20,-5.584687e-19
-1.231201,6.475543e-20,-5.704524e-19
-1.230957,8.368279e-20,-6.316001e-19
-1.230713,1.012375e-19,-6.521930e-19
-1.230469,7.302819e-20,-5.891501e-19
-1.230225,8.165460e-20,-5.343218e-19
-1.229980,9.798106e-20,-5.583289e-19
-1.229736,9.319593e-20,-5.800232e-19
-1.229492,1.022413e-19,-5.516055e-19
-1.229248,8.836545e-20,-5.591338e-19
-1.229004,9.312394e-20,-6.209258e-19
-1.228760,1.219907e-19,-6.396060e-19
-1.228516,9.888992e-20,-5.805432e-19
-1.228271,9.366346e-20,-5.269044e-19
-1.228027,1.190372e-19,-5.474437e-19
-1.227783,1.137247e-19,-5.750991e-19
-1.227539,1.184393e-19,-5.497814e-19
-1.227295,1.143735e-19,-5.517002e-19
-1.227051,1.057777e-19,-6.106497e-19
-1.226807,1.381072e-19,-6.321965e-19
-1.226562,1.269236e-19,-5.742802e-19
-1.226318,1.035460e-19,-5.186955e-19
-1.226074,1.354546e-19,-5.416907e-19
-1.225830,1.381885e-19,-5.771823e-19
-1.225586,1.311260e-19,-5.545646e-19
-1.225342,1.371188e-19,-5.511469e-19
-1.225098,1.248190e-19,-6.074284e-19
-1.224854,1.493470e-19,-6.296236e-19
-1.224609,1.572131e-19,-5.736731e-19
-1.224365,1.235207e-19,-5.179271e-19
-1.224121,1.441537e-19,-5.383369e-19
-1.223877,1.621491e-19,-5.803275e-19
-1.223633,1.480666e-19,-5.627614e-19
-1.223389,1.547275e-19,-5.536368e-19
-1.223145,1.474071e-19,-6.086567e-19
-1.222900,1.560040e-19,-6.318887e-19
-1.222656,1.810526e-19,-5.761424e-19
-1.222412,1.508194e-19,-5.232249e-19
-1.222168,1.499690e-19,-5.431598e-19
-1.221924,1.862292e-19,-5.887897e-19
-1.221680,1.716941e-19,-5.754570e-19
-1.221436,1.666108e-19,-5.611104e-19
-1.221191,1.719872e-19,-6.123024e-19
-1.220947,1.685173e-19,-6.363710e-19
-1.220703,1.949256e-19,-5.817057e-19
-1.220459,1.788680e-19,-5.307052e-19
-1.220215,1.577891e-19,-5.505688e-19
-1.219971,1.980382e-19,-5.984680e-19
-1.219727,1.972311e-19,-5.932421e-19
-1.219482,1.791777e-19,-5.765070e-19
-1.219238,1.908133e-19,-6.200594e-19
-1.218994,1.871580e-19,-6.474995e-19
-1.218750,2.047787e-19,-5.944329e-19
-1.218506,2.052291e-19,-5.414424e-19
-1.218262,1.737684e-19,-5.616060e-19
-1.218018,2.036640e-19,-6.126448e-19
-1.217773,2.218614e-19,-6.147208e-19
-1.217529,1.938889e-19,-5.945662e-19
-1.217285,2.001978e-19,-6.297368e-19
-1.217041,2.060605e-19,-6.605724e-19
-1.216797,2.127978e-19,-6.107155e-19
-1.216553,2.253434e-19,-5.575336e-19
-1.216309,1.959396e-19,-5.797701e-19
-1.216064,2.039112e-19,-6.330203e-19
-1.215820,2.408149e-19,-6.378146e-19
-1.215576,2.173010e-19,-6.154908e-19
-1.215332,2.063032e-19,-6.449020e-19
-1.215088,2.222282e-19,-6.773069e-19
-1.214844,2.231187e-19,-6.302930e-19
-1.214600,2.348884e-19,-5.754093e-19
-1.214355,2.182826e-19,-5.986224e-19
-1.214111,2.063877e-19,-6.562480e-19
-1.213867,2.469168e-19,-6.667542e-19
-1.213623,2.417452e-19,-6.440094e-19
-1.213379,2.133040e-19,-6.672323e-19
-1.213135,2.311940e-19,-7.003273e-19
-1.212891,2.405941e-19,-6.541330e-19
-1.212646,2.414868e-19,-5.990566e-19
-1.212402,2.359858e-19,-6.249512e-19
-1.212158,2.180068e-19,-6.823754e-19
-1.211914,2.453966e-19,-6.961941e-19
-1.211670,2.612538e-19,-6.738650e-19
-1.211426,2.271284e-19,-6.905941e-19
-1.211182,2.318109e-19,-7.223831e-19
-1.210938,2.538042e-19,-6.810598e-19
-1.210693,2.496116e-19,-6.277209e-19
-1.210449,2.464473e-19,-6.524361e-19
-1.210205,2.325590e-19,-7.150117e-19
-1.209961,2.438398e-19,-7.334856e-19
-1.209717,2.726694e-19,-7.087185e-19
-1.209473,2.454954e-19,-7.187743e-19
-1.209229,2.309928e-19,-7.493184e-19
-1.208984,2.605359e-19,-7.134091e-19
-1.208740,2.613839e-19,-6.580805e-19
-1.208496,2.514502e-19,-6.815868e-19
-1.208252,2.456443e-19,-7.488962e-19
-1.208008,2.453581e-19,-7.716341e-19
-1.207764,2.742713e-19,-7.484303e-19
-1.207520,2.662917e-19,-7.523241e-19
-1.207275,2.344708e-19,-7.814123e-19
-1.207031,2.603956e-19,-7.502323e-19
-1.206787,2.773735e-19,-6.938051e-19
-1.206543,2.579043e-19,-7.175952e-19
-1.206299,2.535682e-19,-7.875430e-19
-1.206055,2.525161e-19,-8.108511e-19
-1.205811,2.726028e-19,-7.891201e-19
-1.205566,2.818954e-19,-7.871678e-19
-1.205322,2.446591e-19,-8.109223e-19
-1.205078,2.524087e-19,-7.880796e-19
-1.204834,2.857004e-19,-7.337419e-19
-1.204590,2.695742e-19,-7.532375e-19
-1.204346,2.556551e-19,-8.265557e-19
-1.204102,2.613741e-19,-8.528687e-19
-1.203857,2.735595e-19,-8.328906e-19
-1.203613,2.870000e-19,-8.254267e-19
-1.203369,2.617996e-19,-8.438071e-19
-1.203125,2.486162e-19,-8.268838e-19
-1.202881,2.853447e-19,-7.742826e-19
-1.202637,2.838865e-19,-7.907658e-19
-1.202393,2.562095e-19,-8.660633e-19
-1.202148,2.652537e-19,-8.982287e-19
-1.201904,2.766512e-19,-8.774973e-19
-1.201660,2.869752e-19,-8.661213e-19
-1.201416,2.770943e-19,-8.829785e-19
-1.201172,2.499281e-19,-8.673423e-19
-1.200928,2.796442e-19,-8.182390e-19
-1.200684,2.998014e-19,-8.317291e-19
-1.200439,2.623476e-19,-9.070298e-19
-1.200195,2.610775e-19,-9.429567e-19
-1.199951,2.812628e-19,-9.231599e-19
-1.199707,2.861459e-19,-9.068826e-19
-1.199463,2.849458e-19,-9.172657e-19
-1.199219,2.576334e-19,-9.080560e-19
-1.198975,2.674079e-19,-8.629995e-19
-1.198730,3.042987e-19,-8.730476e-19
-1.198486,2.762958e-19,-9.485822e-19
-1.198242,2.564799e-19,-9.883747e-19
-1.197998,2.838472e-19,-9.710084e-19
-1.197754,2.889970e-19,-9.510153e-19
-1.197510,2.847913e-19,-9.555365e-19
-1.197266,2.702694e-19,-9.485806e-19
-1.197021,2.617687e-19,-9.103031e-19
-1.196777,2.975951e-19,-9.153133e-19
-1.196533,2.913604e-19,-9.914295e-19
-1.196289,2.529391e-19,-1.035270e-18
-1.196045,2.785950e-19,-1.015823e-18
-1.195801,2.960465e-19,-9.966496e-19
-1.195557,2.812648e-19,-9.956490e-19
-1.195312,2.771759e-19,-9.900039e-19
-1.195068,2.622934e-19,-9.579203e-19
-1.194824,2.860982e-19,-9.597721e-19
-1.194580,3.046174e-19,-1.032718e-18
-1.194336,2.582491e-19,-1.081234e-18
-1.194092,2.642496e-19,-1.062967e-18
-1.193848,2.990219e-19,-1.037796e-18
-1.193604,2.839041e-19,-1.035502e-18
-1.193359,2.760230e-19,-1.029198e-18
-1.193115,2.673967e-19,-1.003459e-18
-1.192871,2.753766e-19,-1.006794e-18
-1.192627,3.055624e-19,-1.073661e-18
-1.192383,2.709992e-19,-1.127313e-18
-1.192139,2.522143e-19,-1.110821e-18
-1.191895,2.979621e-19,-1.082784e-18
-1.191650,2.910298e-19,-1.077228e-18
-1.191406,2.695271e-19,-1.067534e-18
-1.191162,2.709840e-19,-1.048624e-18
-1.190918,2.683595e-19,-1.054405e-18
-1.190674,2.978683e-19,-1.114930e-18
-1.190430,2.834930e-19,-1.170969e-18
-1.190186,2.449300e-19,-1.157909e-18
-1.189941,2.840339e-19,-1.126375e-18
-1.189697,2.993920e-19,-1.118442e-18
-1.189453,2.682355e-19,-1.109481e-18
-1.189209,2.674102e-19,-1.095648e-18
-1.188965,2.690351e-19,-1.102622e-18
-1.188721,2.860558e-19,-1.155501e-18
-1.188477,2.914781e-19,-1.213220e-18
-1.188232,2.473108e-19,-1.204821e-18
-1.187988,2.646491e-19,-1.168322e-18
-1.187744,3.028480e-19,-1.156688e-18
-1.187500,2.685545e-19,-1.149242e-18
-1.187256,2.581745e-19,-1.137862e-18
-1.187012,2.690743e-19,-1.146854e-18
-1.186768,2.737287e-19,-1.199459e-18
-1.186523,2.907724e-19,-1.256343e-18
-1.186279,2.560739e-19,-1.252010e-18
-1.186035,2.459223e-19,-1.212481e-18
-1.185791,2.953285e-19,-1.195251e-18
-1.185547,2.772439e-19,-1.190340e-18
-1.185303,2.480659e-19,-1.182711e-18
-1.185059,2.628463e-19,-1.193900e-18
-1.184814,2.663904e-19,-1.239169e-18
-1.184570,2.792650e-19,-1.293518e-18
-1.184326,2.614342e-19,-1.295343e-18
-1.184082,2.340634e-19,-1.254641e-18
-1.183838,2.766130e-19,-1.234308e-18
-1.183594,2.831654e-19,-1.228245e-18
-1.183350,2.406008e-19,-1.224674e-18
-1.183105,2.501425e-19,-1.239297e-18
-1.182861,2.618055e-19,-1.282977e-18
-1.182617,2.644873e-19,-1.333315e-18
-1.182373,2.640862e-19,-1.333485e-18
-1.182129,2.275195e-19,-1.294971e-18
-1.181885,2.495724e-19,-1.270471e-18
-1.181641,2.839679e-19,-1.264999e-18
-1.181396,2.392484e-19,-1.264786e-18
-1.181152,2.308805e-19,-1.279178e-18
-1.180908,2.532931e-19,-1.324120e-18
-1.180664,2.533098e-19,-1.371081e-18
-1.180420,2.567987e-19,-1.374567e-18
-1.180176,2.259144e-19,-1.338006e-18
-1.179932,2.273579e-19,-1.308064e-18
-1.179688,2.722247e-19,-1.301658e-18
-1.179443,2.424354e-19,-1.303622e-18
-1.179199,2.125637e-19,-1.321639e-18
-1.178955,2.384176e-19,-1.362344e-18
-1.178711,2.430783e-19,-1.403990e-18
-1.178467,2.405215e-19,-1.411100e-18
-1.178223,2.225109e-19,-1.375108e-18
-1.177979,2.075691e-19,-1.340620e-18
-1.177734,2.507702e-19,-1.335423e-18
-1.177490,2.441232e-19,-1.341267e-18
-1.177246,1.977788e-19,-1.362307e-18
-1.177002,2.186803e-19,-1.401933e-18
-1.176758,2.338890e-19,-1.436622e-18
-1.176514,2.265585e-19,-1.445177e-18
-1.176270,2.174657e-19,-1.411107e-18
-1.176025,1.927768e-19,-1.372081e-18
-1.175781,2.234749e-19,-1.366349e-18
-1.175537,2.417490e-19,-1.375376e-18
-1.175293,1.894716e-19,-1.398579e-18
-1.175049,1.926752e-19,-1.435207e-18
-1.174805,2.225739e-19,-1.468776e-18
-1.174561,2.128586e-19,-1.477183e-18
-1.174316,2.050767e-19,-1.444049e-18
-1.174072,1.847991e-19,-1.405242e-18
-1.173828,1.959163e-19,-1.396237e-18
-1.173584,2.302080e-19,-1.409058e-18
-1.173340,1.911617e-19,-1.434268e-18
-1.173096,1.693462e-19,-1.467232e-18
-1.172852,2.043146e-19,-1.496428e-18
-1.172607,2.039463e-19,-1.502998e-18
-1.172363,1.893008e-19,-1.472575e-18
-1.172119,1.750915e-19,-1.430386e-18
-1.171875,1.760731e-19,-1.421400e-18
-1.171631,2.112555e-19,-1.440889e-18
-1.171387,1.892856e-19,-1.464568e-18
-1.171143,1.515963e-19,-1.496424e-18
-1.170898,1.832327e-19,-1.523677e-18
-1.170654,1.939709e-19,-1.526389e-18
-1.170410,1.750437e-19,-1.499004e-18
-1.170166,1.651031e-19,-1.454935e-18
-1.169922,1.563996e-19,-1.441010e-18
-1.169678,1.866013e-19,-1.464943e-18
-1.169434,1.856495e-19,-1.492964e-18
-1.169189,1.379961e-19,-1.520384e-18
-1.168945,1.547233e-19,-1.544242e-18
-1.168701,1.805052e-19,-1.547566e-18
-1.168457,1.639319e-19,-1.521055e-18
-1.168213,1.499722e-19,-1.476616e-18
-1.167969,1.404113e-19,-1.460500e-18
-1.167725,1.623194e-19,-1.488135e-18
-1.167480,1.771178e-19,-1.517670e-18
-1.167236,1.305531e-19,-1.541516e-18
-1.166992,1.262637e-19,-1.563650e-18
-1.166748,1.629615e-19,-1.562523e-18
-1.166504,1.515102e-19,-1.535823e-18
-1.166260,1.331727e-19,-1.492935e-18
-1.166016,1.249219e-19,-1.474333e-18
-1.165771,1.355584e-19,-1.503663e-18
-1.165527,1.598136e-19,-1.537743e-18
-1.165283,1.257272e-19,-1.559815e-18
-1.165039,1.025047e-19,-1.575998e-18
-1.164795,1.382795e-19,-1.574869e-18
-1.164551,1.402397e-19,-1.548933e-18
-1.164307,1.175673e-19,-1.503255e-18
-1.164062,1.066544e-19,-1.484895e-18
-1.163818,1.108463e-19,-1.516643e-18
-1.163574,1.376350e-19,-1.552512e-18
-1.163330,1.190909e-19,-1.572208e-18
-1.163086,7.993841e-20,-1.585116e-18
-1.162842,1.092594e-19,-1.583365e-18
-1.162598,1.263801e-19,-1.556962e-18
-1.162354,1.001028e-19,-1.512733e-18
-1.162109,8.974085e-20,-1.492617e-18
-1.161865,8.837393e-20,-1.523687e-18
-1.161621,1.108036e-19,-1.565642e-18
-1.161377,1.104985e-19,-1.582966e-18
-1.161133,6.332476e-20,-1.589356e-18
-1.160889,7.655329e-20,-1.585618e-18
-1.160645,1.081381e-19,-1.559434e-18
-1.160400,8.483165e-20,-1.517061e-18
-1.160156,6.827838e-20,-1.492374e-18
-1.159912,6.563354e-20,-1.525054e-18
-1.159668,8.197899e-20,-1.574487e-18
-1.159424,9.533800e-20,-1.587294e-18
-1.159180,5.048731e-20,-1.589083e-18
-1.158936,4.554885e-20,-1.585922e-18
-1.158691,8.704957e-20,-1.559127e-18
-1.158447,6.941186e-20,-1.518444e-18
-1.158203,4.830560e-20,-1.492389e-18
-1.157959,4.582688e-20,-1.522621e-18
-1.157715,5.269901e-20,-1.576458e-18
-1.157471,7.489813e-20,-1.590091e-18
-1.157227,4.085750e-20,-1.584760e-18
-1.156982,1.454163e-20,-1.580032e-18
-1.156738,5.733814e-20,-1.555487e-18
-1.156494,5.699689e-20,-1.512735e-18
-1.156250,2.512030e-20,-1.489208e-18
-1.156006,2.362741e-20,-1.518959e-18
-1.155762,2.940316e-20,-1.572928e-18
-1.155518,4.940145e-20,-1.590897e-18
-1.155273,3.161484e-20,-1.577305e-18
-1.155029,-9.823800e-21,-1.569431e-18
-1.154785,2.381896e-20,-1.546262e-18
-1.154541,4.267570e-20,-1.502173e-18
-1.154297,4.025556e-21,-1.479802e-18
-1.154053,-2.809774e-21,-1.508780e-18
-1.153809,4.809132e-21,-1.567045e-18
-1.153564,1.772954e-20,-1.584901e-18
-1.153320,1.768285e-20,-1.566550e-18
-1.153076,-2.525891e-20,-1.556949e-18
-1.152832,-1.588563e-20,-1.533846e-18
-1.152588,2.308019e-20,-1.491820e-18
-1.152344,-1.004806e-20,-1.469371e-18
-1.152100,-3.068792e-20,-1.494560e-18
-1.151855,-1.742738e-20,-1.554131e-18
-1.151611,-1.139904e-20,-1.576800e-18
-1.151367,-2.744578e-21,-1.551720e-18
-1.151123,-3.991032e-20,-1.536966e-18
-1.150879,-5.192694e-20,-1.517574e-18
-1.150635,-4.032406e-21,-1.475971e-18
-1.150391,-2.223552e-20,-1.451395e-18
-1.150146,-5.486116e-20,-1.475988e-18
-1.149902,-4.449366e-20,-1.537402e-18
-1.149658,-3.809822e-20,-1.562361e-18
-1.149414,-2.609129e-20,-1.533365e-18
-1.149170,-5.206364e-20,-1.511314e-18
-1.148926,-8.196649e-20,-1.494449e-18
-1.148682,-3.949637e-20,-1.453531e-18
-1.148438,-3.368538e-20,-1.427992e-18
-1.148193,-7.868482e-20,-1.456007e-18
-1.147949,-7.399764e-20,-1.514746e-18
-1.147705,-5.958764e-20,-1.541576e-18
-1.147461,-5.532684e-20,-1.513308e-18
-1.147217,-6.638260e-20,-1.486317e-18
-1.146973,-1.017105e-19,-1.468625e-18
-1.146729,-7.797037e-20,-1.429073e-18
-1.146484,-4.941218e-20,-1.405541e-18
-1.146240,-9.371211e-20,-1.431684e-18
-1.145996,-1.047749e-19,-1.487732e-18
-1.145752,-8.210150e-20,-1.517867e-18
-1.145508,-8.030806e-20,-1.486807e-18
-1.145264,-8.678214e-20,-1.452582e-18
-1.145020,-1.188870e-19,-1.438839e-18
-1.144775,-1.134407e-19,-1.400342e-18
-1.144531,-7.306543e-20,-1.373617e-18
-1.144287,-1.023816e-19,-1.402539e-18
-1.144043,-1.338120e-19,-1.457978e-18
-1.143799,-1.103335e-19,-1.488718e-18
-1.143555,-1.005696e-19,-1.458888e-18
-1.143311,-1.068075e-19,-1.418137e-18
-1.143066,-1.326981e-19,-1.402107e-18
-1.142822,-1.443873e-19,-1.369020e-18
-1.142578,-1.034584e-19,-1.340611e-18
-1.142334,-1.115232e-19,-1.366393e-18
-1.142090,-1.552973e-19,-1.423980e-18
-1.141846,-1.387137e-19,-1.454439e-18
-1.141602,-1.206862e-19,-1.425314e-18
-1.141357,-1.275288e-19,-1.382270e-18
-1.141113,-1.453467e-19,-1.363577e-18
-1.140869,-1.641207e-19,-1.334059e-18
-1.140625,-1.328253e-19,-1.305826e-18
-1.140381,-1.213915e-19,-1.330345e-18
-1.140137,-1.677900e-19,-1.386847e-18
-1.139893,-1.682092e-19,-1.416610e-18
-1.139648,-1.398130e-19,-1.389372e-18
-1.139404,-1.442513e-19,-1.340685e-18
-1.139160,-1.631151e-19,-1.319621e-18
-1.138916,-1.819013e-19,-1.294804e-18
-1.138672,-1.626615e-19,-1.266067e-18
-1.138428,-1.377210e-19,-1.290601e-18
-1.138184,-1.749992e-19,-1.346622e-18
-1.137939,-1.926466e-19,-1.375369e-18
-1.137695,-1.611547e-19,-1.349313e-18
-1.137451,-1.581218e-19,-1.298157e-18
-1.137207,-1.758314e-19,-1.273320e-18
-1.136963,-1.978067e-19,-1.250700e-18
-1.136719,-1.888554e-19,-1.223636e-18
-1.136475,-1.555630e-19,-1.245037e-18
-1.136230,-1.822724e-19,-1.301783e-18
-1.135986,-2.140066e-19,-1.330401e-18
-1.135742,-1.866318e-19,-1.304309e-18
-1.135498,-1.698940e-19,-1.253853e-18
-1.135254,-1.888534e-19,-1.224587e-18
-1.135010,-2.111380e-19,-1.205251e-18
-1.134766,-2.083358e-19,-1.181593e-18
-1.134521,-1.771942e-19,-1.199251e-18
-1.134277,-1.853819e-19,-1.254997e-18
-1.134033,-2.269040e-19,-1.282040e-18
-1.133789,-2.128770e-19,-1.256448e-18
-1.133545,-1.846687e-19,-1.206550e-18
-1.133301,-2.003858e-19,-1.173409e-18
-1.133057,-2.235114e-19,-1.155386e-18
-1.132812,-2.285613e-19,-1.134981e-18
-1.132568,-1.995829e-19,-1.151089e-18
-1.132324,-1.932379e-19,-1.205472e-18
-1.132080,-2.361959e-19,-1.232548e-18
-1.131836,-2.338630e-19,-1.207985e-18
-1.131592,-2.018029e-19,-1.158520e-18
-1.131348,-2.095797e-19,-1.122399e-18
-1.131104,-2.336645e-19,-1.104349e-18
-1.130859,-2.451427e-19,-1.087990e-18
-1.130615,-2.216141e-19,-1.102587e-18
-1.130371,-2.043159e-19,-1.154010e-18
-1.130127,-2.421373e-19,-1.181217e-18
-1.129883,-2.553301e-19,-1.156536e-18
-1.129639,-2.220148e-19,-1.108272e-18
-1.129395,-2.178631e-19,-1.073189e-18
-1.129150,-2.420057e-19,-1.057087e-18
-1.128906,-2.583479e-19,-1.041131e-18
-1.128662,-2.413051e-19,-1.053966e-18
-1.128418,-2.156482e-19,-1.104961e-18
-1.128174,-2.436499e-19,-1.131389e-18
-1.127930,-2.704311e-19,-1.106684e-18
-1.127686,-2.417016e-19,-1.057416e-18
-1.127441,-2.270235e-19,-1.021243e-18
-1.127197,-2.508743e-19,-1.005564e-18
-1.126953,-2.701037e-19,-9.928752e-19
-1.126709,-2.596004e-19,-1.006755e-18
-1.126465,-2.308186e-19,-1.055386e-18
-1.126221,-2.455944e-19,-1.081096e-18
-1.125977,-2.817810e-19,-1.055198e-18
-1.125732,-2.605032e-19,-1.010599e-18
-1.125488,-2.352388e-19,-9.737470e-19
-1.125244,-2.556371e-19,-9.552506e-19
-1.125000,-2.784113e-19,-9.496598e-19
-1.124756,-2.743114e-19,-9.608662e-19
-1.124512,-2.464568e-19,-1.005539e-18
-1.124268,-2.467396e-19,-1.032640e-18
-1.124023,-2.859618e-19,-1.005296e-18
-1.123779,-2.803003e-19,-9.616824e-19
-1.123535,-2.469806e-19,-9.285910e-19
-1.123291,-2.573313e-19,-9.109454e-19
-1.123047,-2.811561e-19,-9.045269e-19
-1.122803,-2.849050e-19,-9.189160e-19
-1.122559,-2.599214e-19,-9.604962e-19
-1.122314,-2.469696e-19,-9.844503e-19
-1.122070,-2.858750e-19,-9.593761e-19
-1.121826,-2.932873e-19,-9.153856e-19
-1.121582,-2.565992e-19,-8.831777e-19
-1.121338,-2.578137e-19,-8.658066e-19
-1.121094,-2.839887e-19,-8.606716e-19
-1.120850,-2.940475e-19,-8.758926e-19
-1.120605,-2.717378e-19,-9.155594e-19
-1.120361,-2.495721e-19,-9.380048e-19
-1.120117,-2.816176e-19,-9.136215e-19
-1.119873,-3.020203e-19,-8.732823e-19
-1.119629,-2.649688e-19,-8.419250e-19
-1.119385,-2.555950e-19,-8.245262e-19
-1.119141,-2.833388e-19,-8.223959e-19
-1.118896,-2.949256e-19,-8.376534e-19
-1.118652,-2.797236e-19,-8.725151e-19
-1.118408,-2.547894e-19,-8.934346e-19
-1.118164,-2.717854e-19,-8.694800e-19
-1.117920,-3.038554e-19,-8.301628e-19
-1.117676,-2.770277e-19,-8.028172e-19
-1.117432,-2.538580e-19,-7.855511e-19
-1.117188,-2.793612e-19,-7.858814e-19
-1.116943,-2.951910e-19,-8.038927e-19
-1.116699,-2.837463e-19,-8.345845e-19
-1.116455,-2.575985e-19,-8.533997e-19
-1.116211,-2.624566e-19,-8.308699e-19
-1.115967,-2.999726e-19,-7.915570e-19
-1.115723,-2.857819e-19,-7.650949e-19
-1.115479,-2.507346e-19,-7.502620e-19
-1.115234,-2.707503e-19,-7.497641e-19
-1.114990,-2.926798e-19,-7.696473e-19
-1.114746,-2.836855e-19,-7.995278e-19
-1.114502,-2.621907e-19,-8.138769e-19
-1.114258,-2.548800e-19,-7.953577e-19
-1.114014,-2.875402e-19,-7.574898e-19
-1.113770,-2.912108e-19,-7.315292e-19
-1.113525,-2.505733e-19,-7.214122e-19
-1.113281,-2.567549e-19,-7.205428e-19
-1.113037,-2.869869e-19,-7.411512e-19
-1.112793,-2.824445e-19,-7.699676e-19
-1.112549,-2.607169e-19,-7.790289e-19
-1.112305,-2.473377e-19,-7.604734e-19
-1.112061,-2.739365e-19,-7.256028e-19
-1.111816,-2.916013e-19,-7.021664e-19
-1.111572,-2.516363e-19,-6.933114e-19
-1.111328,-2.429381e-19,-6.954195e-19
-1.111084,-2.755893e-19,-7.176883e-19
-1.110840,-2.776573e-19,-7.422995e-19
-1.110596,-2.569008e-19,-7.488319e-19
-1.110352,-2.391520e-19,-7.310343e-19
-1.110107,-2.571469e-19,-6.991112e-19
-1.109863,-2.838800e-19,-6.770150e-19
-1.109619,-2.528289e-19,-6.681196e-19
-1.109375,-2.286903e-19,-6.737990e-19
-1.109131,-2.617513e-19,-6.968819e-19
-1.108887,-2.724768e-19,-7.199613e-19
-1.108643,-2.486544e-19,-7.231768e-19
-1.108398,-2.328871e-19,-7.046081e-19
-1.108154,-2.409189e-19,-6.783610e-19
-1.107910,-2.676414e-19,-6.568218e-19
-1.107666,-2.523002e-19,-6.509681e-19
-1.107422,-2.170914e-19,-6.606480e-19
-1.107178,-2.397226e-19,-6.820655e-19
-1.106934,-2.628953e-19,-7.035549e-19
-1.106689,-2.407164e-19,-7.020403e-19
-1.106445,-2.211770e-19,-6.820664e-19
-1.106201,-2.254588e-19,-6.589252e-19
-1.105957,-2.504463e-19,-6.405889e-19
-1.105713,-2.460411e-19,-6.360604e-19
-1.105469,-2.069136e-19,-6.472320e-19
-1.105225,-2.172560e-19,-6.719706e-19
-1.104980,-2.479680e-19,-6.915977e-19
-1.104736,-2.334459e-19,-6.853966e-19
-1.104492,-2.092792e-19,-6.656579e-19
-1.104248,-2.070022e-19,-6.463448e-19
-1.104004,-2.304880e-19,-6.306562e-19
-1.103760,-2.355220e-19,-6.259589e-19
-1.103516,-2.011592e-19,-6.382604e-19
-1.103271,-1.965941e-19,-6.649153e-19
-1.103027,-2.272046e-19,-6.835782e-19
-1.102783,-2.256569e-19,-6.740068e-19
-1.102539,-1.962916e-19,-6.517434e-19
-1.102295,-1.890235e-19,-6.380187e-19
-1.102051,-2.087405e-19,-6.262169e-19
-1.101807,-2.210445e-19,-6.206837e-19
-1.101562,-1.935152e-19,-6.379238e-19
-1.101318,-1.754787e-19,-6.669301e-19
-1.101074,-2.044359e-19,-6.807315e-19
-1.100830,-2.135115e-19,-6.678461e-19
-1.100586,-1.850735e-19,-6.437794e-19
-1.100342,-1.699950e-19,-6.305834e-19
-1.100098,-1.873761e-19,-6.258603e-19
-1.099854,-2.062755e-19,-6.200379e-19
-1.099609,-1.811648e-19,-6.354980e-19
-1.099365,-1.577347e-19,-6.701749e-19
-1.099121,-1.826571e-19,-6.840705e-19
-1.098877,-1.967638e-19,-6.668641e-19
-1.098633,-1.726613e-19,-6.407689e-19
-1.098389,-1.526273e-19,-6.307864e-19
-1.098145,-1.644376e-19,-6.281363e-19
-1.097900,-1.863302e-19,-6.244131e-19
-1.097656,-1.718196e-19,-6.424822e-19
-1.097412,-1.418416e-19,-6.771311e-19
-1.097168,-1.555150e-19,-6.914823e-19
-1.096924,-1.799834e-19,-6.695560e-19
-1.096680,-1.626374e-19,-6.395730e-19
-1.096436,-1.358907e-19,-6.341009e-19
-1.096191,-1.422067e-19,-6.366884e-19
-1.095947,-1.651137e-19,-6.350486e-19
-1.095703,-1.591891e-19,-6.530171e-19
-1.095459,-1.246402e-19,-6.902115e-19
-1.095215,-1.296106e-19,-7.044934e-19
-1.094971,-1.592925e-19,-6.765764e-19
-1.094727,-1.456968e-19,-6.450029e-19
-1.094482,-1.203380e-19,-6.392686e-19
-1.094238,-1.207055e-19,-6.456847e-19
-1.093994,-1.394324e-19,-6.482294e-19
-1.093750,-1.435874e-19,-6.651562e-19
-1.093506,-1.117234e-19,-7.038380e-19
-1.093262,-1.043071e-19,-7.185412e-19
-1.093018,-1.337779e-19,-6.893245e-19
-1.092773,-1.309979e-19,-6.540558e-19
-1.092529,-1.026811e-19,-6.483886e-19
-1.092285,-9.534995e-20,-6.628107e-19
-1.092041,-1.126346e-19,-6.659151e-19
-1.091797,-1.240037e-19,-6.809637e-19
-1.091553,-9.778203e-20,-7.237608e-19
-1.091309,-7.860699e-20,-7.385253e-19
-1.091064,-1.082400e-19,-7.057936e-19
-1.090820,-1.146014e-19,-6.656296e-19
-1.090576,-8.374739e-20,-6.604053e-19
-1.090332,-7.251453e-20,-6.810361e-19
-1.090088,-8.483853e-20,-6.873352e-19
-1.089844,-1.002927e-19,-7.024147e-19
-1.089600,-8.150309e-20,-7.439018e-19
-1.089355,-5.317854e-20,-7.615616e-19
-1.089111,-7.630558e-20,-7.259528e-19
-1.088867,-9.287613e-20,-6.807187e-19
-1.088623,-6.328522e-20,-6.768566e-19
-1.088379,-4.815751e-20,-6.984094e-19
-1.088135,-5.907961e-20,-7.091425e-19
-1.087891,-7.368208e-20,-7.241029e-19
-1.087646,-6.447621e-20,-7.655178e-19
-1.087402,-3.119902e-20,-7.864364e-19
-1.087158,-4.152702e-20,-7.463212e-19
-1.086914,-7.090054e-20,-7.004790e-19
-1.086670,-4.388015e-20,-6.977518e-19
-1.086426,-2.042844e-20,-7.194180e-19
-1.086182,-3.238196e-20,-7.354508e-19
-1.085938,-4.405427e-20,-7.495455e-19
-1.085693,-4.267284e-20,-7.896848e-19
-1.085449,-1.292721e-20,-8.123542e-19
-1.085205,-8.455288e-21,-7.697206e-19
-1.084961,-4.263185e-20,-7.186888e-19
-1.084717,-2.787222e-20,-7.143389e-19
-1.084473,5.235289e-21,-7.425071e-19
-1.084229,-4.093112e-21,-7.611228e-19
-1.083984,-1.591861e-20,-7.747226e-19
-1.083740,-1.542550e-20,-8.154794e-19
-1.083496,5.260089e-21,-8.386906e-19
-1.083252,2.278718e-20,-7.960054e-19
-1.083008,-8.956455e-21,-7.409409e-19
-1.082764,-1.236630e-20,-7.347956e-19
-1.082520,3.019407e-20,-7.640070e-19
-1.082275,2.687637e-20,-7.869125e-19
-1.082031,8.408281e-21,-8.003785e-19
-1.081787,9.690836e-21,-8.375243e-19
-1.081543,2.551902e-20,-8.654572e-19
-1.081299,4.920895e-20,-8.227886e-19
-1.081055,2.613375e-20,-7.620322e-19
-1.080811,7.937313e-21,-7.576405e-19
-1.080566,4.939037e-20,-7.889453e-19
-1.080322,6.047789e-20,-8.132553e-19
-1.080078,3.471337e-20,-8.293488e-19
-1.079834,3.347156e-20,-8.642791e-19
-1.079590,4.789218e-20,-8.923172e-19
-1.079346,6.888335e-20,-8.492170e-19
-1.079102,6.195078e-20,-7.844935e-19
-1.078857,3.292964e-20,-7.793938e-19
-1.078613,6.093349e-20,-8.111662e-19
-1.078369,8.983868e-20,-8.391481e-19
-1.078125,6.392917e-20,-8.571472e-19
-1.077881,5.824547e-20,-8.894514e-19
-1.077637,7.103897e-20,-9.188277e-19
-1.077393,8.849975e-20,-8.775190e-19
-1.077148,9.353395e-20,-8.077499e-19
-1.076904,6.059379e-20,-7.997872e-19
-1.076660,7.490636e-20,-8.349561e-19
-1.076416,1.141906e-19,-8.625507e-19
-1.076172,9.343192e-20,-8.828047e-19
-1.075928,7.767651e-20,-9.151973e-19
-1.075684,9.195031e-20,-9.404148e-19
-1.075439,1.086518e-19,-9.043561e-19
-1.075195,1.174235e-19,-8.326534e-19
-1.074951,9.392302e-20,-8.211863e-19
-1.074707,8.953169e-20,-8.610288e-19
-1.074463,1.325725e-19,-8.888388e-19
-1.074219,1.294288e-19,-9.108713e-19
-1.073975,9.592510e-20,-9.408218e-19
-1.073730,1.127281e-19,-9.645326e-19
-1.073486,1.311629e-19,-9.314745e-19
-1.073242,1.354783e-19,-8.554956e-19
-1.072998,1.244299e-19,-8.415354e-19
-1.072754,1.078246e-19,-8.837987e-19
-1.072510,1.439444e-19,-9.132730e-19
-1.072266,1.594416e-19,-9.347484e-19
-1.072021,1.237712e-19,-9.661109e-19
-1.071777,1.279579e-19,-9.887193e-19
-1.071533,1.538273e-19,-9.557601e-19
-1.071289,1.586021e-19,-8.817095e-19
-1.071045,1.478993e-19,-8.623241e-19
-1.070801,1.329248e-19,-9.054447e-19
-1.070557,1.550864e-19,-9.363101e-19
-1.070312,1.813120e-19,-9.565305e-19
-1.070068,1.507280e-19,-9.904772e-19
-1.069824,1.417337e-19,-1.010852e-18
-1.069580,1.729957e-19,-9.773932e-19
-1.069336,1.769395e-19,-9.056265e-19
-1.069092,1.714853e-19,-8.838474e-19
-1.068848,1.582540e-19,-9.275918e-19
-1.068604,1.649485e-19,-9.607066e-19
-1.068359,2.013294e-19,-9.795935e-19
-1.068115,1.838586e-19,-1.012822e-18
-1.067871,1.556128e-19,-1.032070e-18
-1.067627,1.843709e-19,-1.000454e-18
-1.067383,2.015771e-19,-9.289868e-19
-1.067139,1.897835e-19,-9.022084e-19
-1.066895,1.776323e-19,-9.461197e-19
-1.066650,1.797502e-19,-9.818112e-19
-1.066406,2.114867e-19,-9.990011e-19
-1.066162,2.113693e-19,-1.032347e-18
-1.065918,1.759737e-19,-1.052527e-18
-1.065674,1.943940e-19,-1.020158e-18
-1.065430,2.228690e-19,-9.509537e-19
-1.065186,2.082902e-19,-9.213065e-19
-1.064941,1.976509e-19,-9.629287e-19
-1.064697,1.977108e-19,-1.002931e-18
-1.064453,2.201278e-19,-1.015588e-18
-1.064209,2.334370e-19,-1.048935e-18
-1.063965,1.986682e-19,-1.071761e-18
-1.063721,2.007460e-19,-1.036650e-18
-1.063477,2.366251e-19,-9.719130e-19
-1.063232,2.309486e-19,-9.409406e-19
-1.062988,2.117983e-19,-9.798073e-19
-1.062744,2.133168e-19,-1.023317e-18
-1.062500,2.346616e-19,-1.034986e-18
-1.062256,2.486038e-19,-1.065343e-18
-1.062012,2.247338e-19,-1.088324e-18
-1.061768,2.114314e-19,-1.054922e-18
-1.061523,2.444104e-19,-9.897469e-19
-1.061279,2.541171e-19,-9.564732e-19
-1.061035,2.299678e-19,-9.933339e-19
-1.060791,2.256039e-19,-1.038143e-18
-1.060547,2.442212e-19,-1.051064e-18
-1.060303,2.630554e-19,-1.078890e-18
-1.060059,2.467660e-19,-1.103000e-18
-1.059814,2.250721e-19,-1.071151e-18
-1.059570,2.525972e-19,-1.006116e-18
-1.059326,2.726007e-19,-9.745774e-19
-1.059082,2.502094e-19,-1.009437e-18
-1.058838,2.391118e-19,-1.054771e-18
-1.058594,2.552650e-19,-1.066806e-18
-1.058350,2.740208e-19,-1.089262e-18
-1.058105,2.666137e-19,-1.114321e-18
-1.057861,2.433103e-19,-1.084898e-18
-1.057617,2.568382e-19,-1.021278e-18
-1.057373,2.849405e-19,-9.898571e-19
-1.057129,2.701786e-19,-1.022423e-18
-1.056885,2.500848e-19,-1.067545e-18
-1.056641,2.645123e-19,-1.080961e-18
-1.056396,2.876945e-19,-1.101530e-18
-1.056152,2.839208e-19,-1.125012e-18
-1.055908,2.604722e-19,-1.098709e-18
-1.055664,2.641957e-19,-1.036215e-18
-1.055420,2.924510e-19,-1.004089e-18
-1.055176,2.910868e-19,-1.034078e-18
-1.054932,2.653312e-19,-1.077717e-18
-1.054688,2.699439e-19,-1.093270e-18
-1.054443,2.974924e-19,-1.110181e-18
-1.054199,2.995507e-19,-1.132281e-18
-1.053955,2.754479e-19,-1.108331e-18
-1.053711,2.720503e-19,-1.048966e-18
-1.053467,3.002109e-19,-1.018603e-18
-1.053223,3.080942e-19,-1.044037e-18
-1.052979,2.823542e-19,-1.089573e-18
-1.052734,2.750900e-19,-1.105293e-18
-1.052490,3.026110e-19,-1.116860e-18
-1.052246,3.148849e-19,-1.138885e-18
-1.052002,2.885750e-19,-1.117430e-18
-1.051758,2.794219e-19,-1.058819e-18
-1.051514,3.053066e-19,-1.029170e-18
-1.051270,3.161806e-19,-1.054735e-18
-1.051025,2.966620e-19,-1.098595e-18
-1.050781,2.843809e-19,-1.115693e-18
-1.050537,3.056048e-19,-1.124513e-18
-1.050293,3.226943e-19,-1.143901e-18
-1.050049,3.040612e-19,-1.125390e-18
-1.049805,2.862796e-19,-1.070308e-18
-1.049561,3.057439e-19,-1.043650e-18
-1.049316,3.246333e-19,-1.063597e-18
-1.049072,3.074350e-19,-1.103584e-18
-1.048828,2.905551e-19,-1.123829e-18
-1.048584,3.051834e-19,-1.129524e-18
-1.048340,3.286049e-19,-1.145561e-18
-1.048096,3.155200e-19,-1.131373e-18
-1.047852,2.893760e-19,-1.079407e-18
-1.047607,3.058834e-19,-1.053384e-18
-1.047363,3.282196e-19,-1.074670e-18
-1.047119,3.173219e-19,-1.112616e-18
-1.046875,2.977177e-19,-1.132827e-18
-1.046631,3.026391e-19,-1.137090e-18
-1.046387,3.276129e-19,-1.148421e-18
-1.046143,3.237427e-19,-1.136551e-18
-1.045898,2.965550e-19,-1.088254e-18
-1.045654,3.021493e-19,-1.063066e-18
-1.045410,3.278484e-19,-1.082965e-18
-1.045166,3.235097e-19,-1.118812e-18
-1.044922,3.025771e-19,-1.139296e-18
-1.044678,3.009094e-19,-1.143365e-18
-1.044434,3.223577e-19,-1.152241e-18
-1.044189,3.324829e-19,-1.140932e-18
-1.043945,3.044769e-19,-1.097411e-18
-1.043701,2.947714e-19,-1.073876e-18
-1.043457,3.254680e-19,-1.093555e-18
-1.043213,3.283040e-19,-1.126174e-18
-1.042969,3.035426e-19,-1.144072e-18
-1.042725,2.980928e-19,-1.149157e-18
-1.042480,3.174159e-19,-1.153609e-18
-1.042236,3.323203e-19,-1.143352e-18
-1.041992,3.088255e-19,-1.107545e-18
-1.041748,2.912629e-19,-1.084530e-18
-1.041504,3.194912e-19,-1.104672e-18
-1.041260,3.313227e-19,-1.135948e-18
-1.041016,3.066364e-19,-1.152057e-18
-1.040771,2.958751e-19,-1.158471e-18
-1.040527,3.109638e-19,-1.157508e-18
-1.040283,3.291010e-19,-1.145504e-18
-1.040039,3.155973e-19,-1.115536e-18
-1.039795,2.882272e-19,-1.096007e-18
-1.039551,3.065091e-19,-1.114539e-18
-1.039307,3.314876e-19,-1.143175e-18
-1.039062,3.096377e-19,-1.158584e-18
-1.038818,2.920323e-19,-1.163508e-18
-1.038574,3.048742e-19,-1.162379e-18
-1.038330,3.228221e-19,-1.150814e-18
-1.038086,3.188764e-19,-1.123658e-18
-1.037842,2.907459e-19,-1.108350e-18
-1.037598,2.950222e-19,-1.126292e-18
-1.037354,3.250053e-19,-1.150660e-18
-1.037109,3.135386e-19,-1.164946e-18
-1.036865,2.875918e-19,-1.170924e-18
-1.036621,2.959460e-19,-1.166047e-18
-1.036377,3.172486e-19,-1.153419e-18
-1.036133,3.174300e-19,-1.130554e-18
-1.035889,2.924746e-19,-1.120418e-18
-1.035645,2.858826e-19,-1.140220e-18
-1.035400,3.140358e-19,-1.161058e-18
-1.035156,3.173141e-19,-1.173672e-18
-1.034912,2.865377e-19,-1.179545e-18
-1.034668,2.868202e-19,-1.172420e-18
-1.034424,3.107377e-19,-1.156498e-18
-1.034180,3.120779e-19,-1.139300e-18
-1.033936,2.919121e-19,-1.134704e-18
-1.033691,2.786527e-19,-1.148831e-18
-1.033447,3.007381e-19,-1.168974e-18
-1.033203,3.160380e-19,-1.181061e-18
-1.032959,2.881047e-19,-1.184288e-18
-1.032715,2.769306e-19,-1.177982e-18
-1.032471,3.015341e-19,-1.161069e-18
-1.032227,3.102580e-19,-1.145109e-18
-1.031982,2.910107e-19,-1.145532e-18
-1.031738,2.740510e-19,-1.162684e-18
-1.031494,2.894005e-19,-1.179434e-18
-1.031250,3.094934e-19,-1.188648e-18
-1.031006,2.886914e-19,-1.191425e-18
-1.030762,2.670274e-19,-1.182866e-18
-1.030518,2.869601e-19,-1.165776e-18
-1.030273,3.039347e-19,-1.152204e-18
-1.030029,2.888732e-19,-1.156813e-18
-1.029785,2.683034e-19,-1.175361e-18
-1.029541,2.771923e-19,-1.190436e-18
-1.029297,3.010962e-19,-1.197807e-18
-1.029053,2.891778e-19,-1.199492e-18
-1.028809,2.614117e-19,-1.190298e-18
-1.028564,2.719984e-19,-1.170191e-18
-1.028320,2.966520e-19,-1.158043e-18
-1.028076,2.855674e-19,-1.167435e-18
-1.027832,2.605813e-19,-1.187561e-18
-1.027588,2.634570e-19,-1.200402e-18
-1.027344,2.864570e-19,-1.204475e-18
-1.027100,2.867991e-19,-1.206176e-18
-1.026855,2.582764e-19,-1.197620e-18
-1.026611,2.567511e-19,-1.175230e-18
-1.026367,2.854228e-19,-1.163971e-18
-1.026123,2.821195e-19,-1.179998e-18
-1.025879,2.540439e-19,-1.200702e-18
-1.025635,2.524650e-19,-1.210584e-18
-1.025391,2.738341e-19,-1.213316e-18
-1.025146,2.777636e-19,-1.211835e-18
-1.024902,2.535185e-19,-1.202924e-18
-1.024658,2.420075e-19,-1.179927e-18
-1.024414,2.663568e-19,-1.170332e-18
-1.024170,2.753980e-19,-1.191326e-18
-1.023926,2.507610e-19,-1.213090e-18
-1.023682,2.395560e-19,-1.220549e-18
-1.023438,2.574020e-19,-1.222927e-18
-1.023193,2.696391e-19,-1.221113e-18
-1.022949,2.500954e-19,-1.209770e-18
-1.022705,2.312635e-19,-1.187310e-18
-1.022461,2.474028e-19,-1.176256e-18
-1.022217,2.658572e-19,-1.198513e-18
-1.021973,2.456321e-19,-1.224881e-18
-1.021729,2.229661e-19,-1.230199e-18
-1.021484,2.391419e-19,-1.227835e-18
-1.021240,2.567249e-19,-1.227123e-18
-1.020996,2.410779e-19,-1.215737e-18
-1.020752,2.209737e-19,-1.189815e-18
-1.020508,2.286876e-19,-1.183280e-18
-1.020264,2.505393e-19,-1.208015e-18
-1.020020,2.405067e-19,-1.235315e-18
-1.019775,2.121796e-19,-1.242439e-18
-1.019531,2.205731e-19,-1.235246e-18
-1.019287,2.423026e-19,-1.233232e-18
-1.019043,2.316292e-19,-1.221006e-18
-1.018799,2.093131e-19,-1.194778e-18
-1.018555,2.091580e-19,-1.187163e-18
-1.018311,2.303805e-19,-1.214445e-18
-1.018066,2.327070e-19,-1.246578e-18
-1.017822,2.002346e-19,-1.250105e-18
-1.017578,1.975084e-19,-1.244559e-18
-1.017334,2.277269e-19,-1.241390e-18
-1.017090,2.201060e-19,-1.225675e-18
-1.016846,1.955167e-19,-1.198919e-18
-1.016602,1.939062e-19,-1.191967e-18
-1.016357,2.079292e-19,-1.222730e-18
-1.016113,2.187596e-19,-1.253143e-18
-1.015869,1.917103e-19,-1.257715e-18
-1.015625,1.744057e-19,-1.248765e-18
-1.015381,2.042457e-19,-1.243212e-18
-1.015137,2.075723e-19,-1.230967e-18
-1.014893,1.806339e-19,-1.202238e-18
-1.014648,1.756516e-19,-1.197491e-18
-1.014404,1.870706e-19,-1.229389e-18
-1.014160,1.994476e-19,-1.262399e-18
-1.013916,1.834233e-19,-1.268281e-18
-1.013672,1.555617e-19,-1.254343e-18
-1.013428,1.756386e-19,-1.250079e-18
-1.013184,1.948714e-19,-1.236929e-18
-1.012939,1.670141e-19,-1.205238e-18
-1.012695,1.526267e-19,-1.199878e-18
-1.012451,1.659763e-19,-1.234717e-18
-1.012207,1.767588e-19,-1.270614e-18
-1.011963,1.700689e-19,-1.272009e-18
-1.011719,1.407359e-19,-1.260179e-18
-1.011475,1.459755e-19,-1.256018e-18
-1.011230,1.770602e-19,-1.239291e-18
-1.010986,1.560687e-19,-1.211095e-18
-1.010742,1.312546e-19,-1.203782e-18
-1.010498,1.445050e-19,-1.237614e-18
-1.010254,1.547391e-19,-1.276680e-18
-1.010010,1.542103e-19,-1.278408e-18
-1.009766,1.288715e-19,-1.262623e-18
-1.009521,1.166677e-19,-1.255855e-18
-1.009277,1.517068e-19,-1.244454e-18
-1.009033,1.479595e-19,-1.214190e-18
-1.008789,1.122309e-19,-1.203998e-18
-1.008545,1.194961e-19,-1.243236e-18
-1.008301,1.347174e-19,-1.283646e-18
-1.008057,1.340778e-19,-1.284097e-18
-1.007812,1.181909e-19,-1.266006e-18
-1.007568,9.773625e-20,-1.260954e-18
-1.007324,1.220164e-19,-1.250006e-18
-1.007080,1.363756e-19,-1.215732e-18
-1.006836,9.702935e-20,-1.205507e-18
-1.006592,9.188925e-20,-1.245311e-18
-1.006348,1.167461e-19,-1.287467e-18
-1.006104,1.154066e-19,-1.287391e-18
-1.005859,1.029512e-19,-1.267747e-18
-1.005615,8.174329e-20,-1.262725e-18
-1.005371,9.202555e-20,-1.252258e-18
-1.005127,1.200710e-19,-1.219132e-18
-1.004883,8.882611e-20,-1.207978e-18
-1.004639,6.802683e-20,-1.248184e-18
-1.004395,9.583379e-20,-1.289309e-18
-1.004150,9.746836e-20,-1.288808e-18
-1.003906,8.350638e-20,-1.268986e-18
-1.003662,6.872609e-20,-1.260936e-18
-1.003418,6.561130e-20,-1.250635e-18
-1.003174,9.523138e-20,-1.220310e-18
-1.002930,8.266165e-20,-1.208267e-18
-1.002686,4.688441e-20,-1.246916e-18
-1.002441,6.901672e-20,-1.291133e-18
-1.002197,8.336949e-20,-1.290597e-18
-1.001953,6.708958e-20,-1.268860e-18
-1.001709,5.482243e-20,-1.260882e-18
-1.001465,4.498614e-20,-1.251517e-18
-1.001221,6.823355e-20,-1.220693e-18
-1.000977,7.276395e-20,-1.205634e-18
-1.000732,3.236844e-20,-1.243390e-18
-1.000488,3.980406e-20,-1.289498e-18
-1.000244,6.627859e-20,-1.288991e-18
-1.000000,5.162512e-20,-1.263104e-18
-0.999756,3.726764e-20,-1.255327e-18
-0.999512,2.768476e-20,-1.250465e-18
-0.999268,4.030784e-20,-1.220153e-18
-0.999023,6.019614e-20,-1.202700e-18
-0.998779,2.380846e-20,-1.239734e-18
-0.998535,9.754345e-21,-1.285040e-18
-0.998291,4.436242e-20,-1.284543e-18
-0.998047,3.798724e-20,-1.259461e-18
-0.997803,1.685025e-20,-1.248377e-18
-0.997559,1.037027e-20,-1.244602e-18
-0.997314,1.501045e-20,-1.217909e-18
-0.997070,3.634390e-20,-1.198360e-18
-0.996826,1.635852e-20,-1.233997e-18
-0.996582,-1.251181e-20,-1.280590e-18
-0.996338,1.625142e-20,-1.280936e-18
-0.996094,2.696840e-20,-1.254372e-18
-0.995850,-1.365567e-21,-1.241706e-18
-0.995605,-8.238176e-21,-1.237952e-18
-0.995361,-4.916270e-21,-1.215194e-18
-0.995117,8.679141e-21,-1.195091e-18
-0.994873,7.180117e-21,-1.223878e-18
-0.994629,-2.995578e-20,-1.272556e-18
-0.994385,-1.636930e-20,-1.273541e-18
-0.994141,1.238420e-20,-1.243223e-18
-0.993896,-1.584403e-20,-1.233372e-18
-0.993652,-2.989883e-20,-1.230860e-18
-0.993408,-2.392972e-20,-1.208486e-18
-0.993164,-1.437415e-20,-1.189929e-18
-0.992920,-8.233804e-21,-1.216199e-18
-0.992676,-4.167915e-20,-1.261680e-18
-0.992432,-4.476844e-20,-1.264364e-18
-0.992188,-1.071256e-20,-1.234087e-18
-0.991943,-2.676806e-20,-1.221392e-18
-0.991699,-5.292485e-20,-1.222120e-18
-0.991455,-4.646376e-20,-1.201071e-18
-0.991211,-3.804443e-20,-1.181394e-18
-0.990967,-2.861169e-20,-1.207453e-18
-0.990723,-4.884045e-20,-1.251118e-18
-0.990479,-7.056204e-20,-1.254443e-18
-0.990234,-3.797096e-20,-1.225111e-18
-0.989990,-3.599416e-20,-1.210647e-18
-0.989746,-6.954556e-20,-1.211665e-18
-0.989502,-6.668963e-20,-1.194057e-18
-0.989258,-5.745573e-20,-1.174829e-18
-0.989014,-5.084261e-20,-1.197464e-18
-0.988770,-6.136099e-20,-1.236534e-18
-0.988525,-8.907286e-20,-1.241516e-18
-0.988281,-6.680769e-20,-1.214057e-18
-0.988037,-4.764712e-20,-1.195000e-18
-0.987793,-8.158192e-20,-1.198226e-18
-0.987549,-9.072129e-20,-1.185302e-18
-0.987305,-7.511445e-20,-1.167139e-18
-0.987061,-7.027703e-20,-1.186585e-18
-0.986816,-7.383362e-20,-1.222607e-18
-0.986572,-1.002893e-19,-1.228736e-18
-0.986328,-9.573975e-20,-1.199065e-18
-0.986084,-6.613859e-20,-1.181404e-18
-0.985840,-9.037623e-20,-1.185877e-18
-0.985596,-1.128385e-19,-1.173091e-18
-0.985352,-9.577197e-20,-1.156346e-18
-0.985107,-8.762629e-20,-1.173493e-18
-0.984863,-9.170167e-20,-1.208407e-18
-0.984619,-1.109214e-19,-1.212304e-18
-0.984375,-1.191413e-19,-1.184859e-18
-0.984131,-8.753582e-20,-1.168707e-18
-0.983887,-9.386366e-20,-1.169306e-18
-0.983643,-1.301070e-19,-1.162941e-18
-0.983398,-1.169670e-19,-1.149831e-18
-0.983154,-1.034038e-19,-1.161014e-18
-0.982910,-1.096634e-19,-1.191560e-18
-0.982666,-1.207917e-19,-1.193430e-18
-0.982422,-1.363143e-19,-1.168576e-18
-0.982178,-1.127773e-19,-1.152530e-18
-0.981934,-1.041139e-19,-1.153462e-18
-0.981689,-1.391554e-19,-1.150866e-18
-0.981445,-1.398629e-19,-1.138588e-18
-0.981201,-1.198195e-19,-1.149874e-18
-0.980957,-1.205062e-19,-1.177057e-18
-0.980713,-1.331170e-19,-1.177226e-18
-0.980469,-1.480901e-19,-1.152895e-18
-0.980225,-1.354241e-19,-1.137003e-18
-0.979980,-1.170667e-19,-1.137710e-18
-0.979736,-1.445489e-19,-1.136213e-18
-0.979492,-1.600426e-19,-1.128537e-18
-0.979248,-1.365704e-19,-1.137956e-18
-0.979004,-1.325791e-19,-1.160952e-18
-0.978760,-1.446349e-19,-1.157762e-18
-0.978516,-1.563796e-19,-1.135305e-18
-0.978271,-1.551824e-19,-1.121812e-18
-0.978027,-1.309570e-19,-1.121182e-18
-0.977783,-1.458512e-19,-1.124512e-18
-0.977539,-1.752480e-19,-1.117817e-18
-0.977295,-1.530179e-19,-1.124567e-18
-0.977051,-1.410480e-19,-1.143983e-18
-0.976807,-1.559868e-19,-1.137241e-18
-0.976562,-1.645646e-19,-1.115373e-18
-0.976318,-1.689261e-19,-1.103649e-18
-0.976074,-1.491196e-19,-1.106187e-18
-0.975830,-1.474451e-19,-1.110032e-18
-0.975586,-1.819685e-19,-1.105301e-18
-0.975342,-1.730072e-19,-1.112807e-18
-0.975098,-1.493526e-19,-1.128259e-18
-0.974854,-1.609369e-19,-1.120163e-18
-0.974609,-1.731547e-19,-1.098139e-18
-0.974365,-1.780498e-19,-1.088468e-18
-0.974121,-1.642575e-19,-1.090065e-18
-0.973877,-1.524430e-19,-1.094370e-18
-0.973633,-1.816568e-19,-1.097395e-18
-0.973389,-1.876577e-19,-1.101359e-18
-0.973145,-1.607032e-19,-1.110309e-18
-0.972900,-1.643524e-19,-1.103383e-18
-0.972656,-1.794657e-19,-1.079647e-18
-0.972412,-1.827586e-19,-1.070068e-18
-0.972168,-1.751609e-19,-1.075899e-18
-0.971924,-1.603057e-19,-1.081313e-18
-0.971680,-1.779698e-19,-1.083416e-18
-0.971436,-1.977896e-19,-1.090833e-18
-0.971191,-1.721200e-19,-1.097043e-18
-0.970947,-1.643668e-19,-1.083216e-18
-0.970703,-1.849715e-19,-1.060720e-18
-0.970459,-1.886013e-19,-1.052259e-18
-0.970215,-1.824189e-19,-1.058185e-18
-0.969971,-1.695321e-19,-1.067497e-18
-0.969727,-1.750287e-19,-1.073371e-18
-0.969482,-2.008916e-19,-1.079532e-18
-0.969238,-1.845739e-19,-1.081691e-18
-0.968994,-1.646319e-19,-1.066110e-18
-0.968750,-1.854326e-19,-1.042974e-18
-0.968506,-1.927042e-19,-1.036388e-18
-0.968262,-1.849598e-19,-1.045514e-18
-0.968018,-1.776546e-19,-1.051981e-18
-0.967773,-1.748613e-19,-1.060862e-18
-0.967529,-1.989647e-19,-1.070303e-18
-0.967285,-1.978887e-19,-1.063658e-18
-0.967041,-1.688633e-19,-1.045929e-18
-0.966797,-1.824566e-19,-1.024225e-18
-0.966553,-1.977342e-19,-1.018632e-18
-0.966309,-1.885766e-19,-1.029377e-18
-0.966064,-1.817866e-19,-1.036852e-18
-0.965820,-1.765866e-19,-1.049842e-18
-0.965576,-1.933927e-19,-1.058906e-18
-0.965332,-2.026347e-19,-1.050862e-18
-0.965088,-1.764944e-19,-1.028665e-18
-0.964844,-1.778244e-19,-1.004635e-18
-0.964600,-2.001105e-19,-1.001588e-18
-0.964355,-1.946677e-19,-1.012148e-18
-0.964111,-1.853086e-19,-1.022665e-18
-0.963867,-1.813451e-19,-1.038606e-18
-0.963623,-1.879751e-19,-1.048411e-18
-0.963379,-2.059080e-19,-1.036247e-18
-0.963135,-1.877907e-19,-1.010901e-18
-0.962891,-1.717349e-19,-9.880377e-19
-0.962646,-1.965461e-19,-9.857531e-19
-0.962402,-1.991274e-19,-9.984803e-19
-0.962158,-1.859655e-19,-1.008903e-18
-0.961914,-1.841893e-19,-1.027784e-18
-0.961670,-1.861561e-19,-1.038605e-18
-0.961426,-2.026621e-19,-1.020965e-18
-0.961182,-1.967910e-19,-9.934259e-19
-0.960938,-1.730744e-19,-9.703380e-19
-0.960693,-1.899115e-19,-9.682117e-19
-0.960449,-2.036654e-19,-9.831762e-19
-0.960205,-1.876523e-19,-9.961775e-19
-0.959961,-1.836203e-19,-1.016268e-18
-0.959717,-1.864184e-19,-1.029558e-18
-0.959473,-1.962606e-19,-1.010631e-18
-0.959229,-1.999695e-19,-9.766260e-19
-0.958984,-1.764742e-19,-9.543659e-19
-0.958740,-1.817689e-19,-9.541124e-19
-0.958496,-2.031904e-19,-9.676005e-19
-0.958252,-1.892387e-19,-9.832762e-19
-0.958008,-1.816198e-19,-1.005195e-18
-0.957764,-1.865577e-19,-1.020842e-18
-0.957520,-1.897552e-19,-1.000209e-18
-0.957275,-1.975677e-19,-9.607739e-19
-0.957031,-1.809266e-19,-9.402970e-19
-0.956787,-1.722521e-19,-9.419277e-19
-0.956543,-1.978558e-19,-9.559680e-19
-0.956299,-1.910223e-19,-9.721191e-19
-0.956055,-1.735326e-19,-9.959557e-19
-0.955811,-1.840289e-19,-1.012840e-18
-0.955566,-1.846920e-19,-9.877333e-19
-0.955322,-1.898384e-19,-9.448883e-19
-0.955078,-1.862220e-19,-9.250564e-19
-0.954834,-1.653877e-19,-9.282154e-19
-0.954590,-1.838381e-19,-9.434194e-19
-0.954346,-1.923662e-19,-9.617077e-19
-0.954102,-1.696767e-19,-9.864530e-19
-0.953857,-1.751807e-19,-1.005277e-18
-0.953613,-1.802247e-19,-9.810152e-19
-0.953369,-1.787407e-19,-9.313043e-19
-0.953125,-1.828534e-19,-9.104060e-19
-0.952881,-1.644213e-19,-9.189330e-19
-0.952637,-1.672700e-19,-9.316988e-19
-0.952393,-1.893541e-19,-9.492876e-19
-0.952148,-1.702221e-19,-9.783264e-19
-0.951904,-1.615043e-19,-9.981132e-19
-0.951660,-1.743398e-19,-9.724778e-19
-0.951416,-1.704983e-19,-9.188481e-19
-0.951172,-1.738581e-19,-8.982872e-19
-0.950928,-1.622928e-19,-9.094567e-19
-0.950684,-1.532004e-19,-9.210307e-19
-0.950439,-1.769086e-19,-9.403621e-19
-0.950195,-1.683087e-19,-9.694055e-19
-0.949951,-1.499875e-19,-9.910708e-19
-0.949707,-1.638776e-19,-9.665700e-19
-0.949463,-1.649446e-19,-9.051357e-19
-0.949219,-1.606614e-19,-8.828942e-19
-0.948975,-1.592751e-19,-8.987438e-19
-0.948730,-1.460316e-19,-9.117450e-19
-0.948486,-1.577610e-19,-9.295241e-19
-0.948242,-1.652979e-19,-9.602519e-19
-0.947998,-1.414673e-19,-9.856594e-19
-0.947754,-1.480355e-19,-9.602131e-19
-0.947510,-1.582732e-19,-8.963851e-19
-0.947266,-1.477895e-19,-8.705867e-19
-0.947021,-1.507480e-19,-8.887721e-19
-0.946777,-1.387288e-19,-9.044989e-19
-0.946533,-1.393648e-19,-9.207009e-19
-0.946289,-1.580278e-19,-9.538866e-19
-0.946045,-1.369153e-19,-9.802537e-19
-0.945801,-1.320994e-19,-9.548198e-19
-0.945557,-1.481985e-19,-8.872842e-19
-0.945312,-1.368256e-19,-8.580078e-19
-0.945068,-1.364953e-19,-8.818753e-19
-0.944824,-1.333963e-19,-9.004803e-19
-0.944580,-1.237428e-19,-9.122364e-19
-0.944336,-1.414869e-19,-9.458108e-19
-0.944092,-1.339513e-19,-9.752755e-19
-0.943848,-1.166935e-19,-9.490962e-19
-0.943604,-1.336958e-19,-8.781276e-19
-0.943359,-1.293014e-19,-8.458338e-19
-0.943115,-1.207354e-19,-8.734546e-19
-0.942871,-1.271248e-19,-8.948047e-19
-0.942627,-1.125757e-19,-9.048633e-19
-0.942383,-1.195571e-19,-9.392454e-19
-0.942139,-1.289306e-19,-9.707530e-19
-0.941895,-1.060031e-19,-9.463692e-19
-0.941650,-1.126279e-19,-8.727755e-19
-0.941406,-1.216496e-19,-8.373029e-19
-0.941162,-1.078873e-19,-8.669330e-19
-0.940918,-1.133704e-19,-8.917308e-19
-0.940674,-1.056574e-19,-9.000713e-19
-0.940430,-1.010274e-19,-9.317593e-19
-0.940186,-1.172423e-19,-9.654758e-19
-0.939941,-9.995802e-20,-9.422303e-19
-0.939697,-9.467612e-20,-8.674551e-19
-0.939453,-1.104394e-19,-8.287100e-19
-0.939209,-9.684294e-20,-8.601669e-19
-0.938965,-9.546794e-20,-8.897508e-19
-0.938721,-9.681770e-20,-8.963350e-19
-0.938477,-8.488533e-20,-9.268613e-19
-0.938232,-1.003822e-19,-9.622357e-19
-0.937988,-9.590900e-20,-9.402321e-19
-0.937744,-7.758016e-20,-8.625037e-19
-0.937500,-9.429428e-20,-8.196834e-19
-0.937256,-8.994129e-20,-8.536716e-19
-0.937012,-7.903537e-20,-8.866809e-19
-0.936768,-8.729513e-20,-8.932904e-19
-0.936523,-7.444341e-20,-9.211260e-19
-0.936279,-7.938259e-20,-9.576483e-19
-0.936035,-8.808894e-20,-9.396465e-19
-0.935791,-6.751842e-20,-8.606943e-19
-0.935547,-7.464197e-20,-8.155257e-19
-0.935303,-7.946811e-20,-8.501992e-19
-0.935059,-6.570836e-20,-8.866684e-19
-0.934814,-7.326897e-20,-8.921568e-19
-0.934570,-6.680005e-20,-9.160270e-19
-0.934326,-6.108114e-20,-9.542149e-19
-0.934082,-7.556186e-20,-9.366885e-19
-0.933838,-6.272004e-20,-8.575219e-19
-0.933594,-5.658697e-20,-8.104680e-19
-0.933350,-6.876341e-20,-8.442380e-19
-0.933105,-5.656140e-20,-8.878100e-19
-0.932861,-5.567250e-20,-8.928849e-19
-0.932617,-5.866225e-20,-9.127682e-19
-0.932373,-4.663113e-20,-9.515916e-19
-0.932129,-5.935167e-20,-9.343941e-19
-0.931885,-5.844545e-20,-8.570942e-19
-0.931641,-4.114218e-20,-8.067139e-19
-0.931396,-5.252820e-20,-8.393058e-19
-0.931152,-5.143637e-20,-8.893570e-19
-0.930908,-4.296887e-20,-8.931144e-19
-0.930664,-4.689792e-20,-9.091933e-19
-0.930420,-3.684265e-20,-9.498332e-19
-0.930176,-3.986361e-20,-9.349058e-19
-0.929932,-4.961077e-20,-8.577201e-19
-0.929688,-3.207862e-20,-8.048883e-19
-0.929443,-3.293029e-20,-8.387550e-19
-0.929199,-4.191694e-20,-8.913527e-19
-0.928955,-3.018429e-20,-8.951359e-19
-0.928711,-3.393876e-20,-9.089644e-19
-0.928467,-2.937822e-20,-9.477871e-19
-0.928223,-2.392881e-20,-9.350804e-19
-0.927979,-3.856259e-20,-8.575939e-19
-0.927734,-2.627474e-20,-8.042194e-19
-0.927490,-1.723784e-20,-8.375640e-19
-0.927246,-2.748854e-20,-8.922421e-19
-0.927002,-2.135640e-20,-9.009241e-19
-0.926758,-2.099184e-20,-9.106033e-19
-0.926514,-1.662427e-20,-9.471759e-19
-0.926270,-9.679649e-21,-9.369565e-19
-0.926025,-2.413267e-20,-8.599442e-19
-0.925781,-1.887636e-20,-8.072582e-19
-0.925537,-2.922013e-21,-8.372853e-19
-0.925293,-1.266151e-20,-8.951839e-19
-0.925049,-1.263538e-20,-9.081194e-19
-0.924805,-6.928269e-21,-9.109022e-19
-0.924561,-7.167319e-21,-9.478092e-19
-0.924316,3.268818e-21,-9.411793e-19
-0.924072,-4.028560e-21,-8.629964e-19
-0.923828,-1.007516e-20,-8.102422e-19
-0.923584,8.100962e-21,-8.407155e-19
-0.923340,6.400955e-21,-9.028045e-19
-0.923096,-2.321701e-22,-9.166727e-19
-0.922852,7.078569e-21,-9.162687e-19
-0.922607,6.015034e-21,-9.498131e-19
-0.922363,1.418557e-20,-9.440971e-19
-0.922119,1.377860e-20,-8.686156e-19
-0.921875,1.560241e-21,-8.120534e-19
-0.921631,1.588779e-20,-8.447190e-19
-0.921387,2.409738e-20,-9.098895e-19
-0.921143,1.464050e-20,-9.246628e-19
-0.920898,1.799233e-20,-9.232724e-19
-0.920654,2.176272e-20,-9.519007e-19
-0.920410,2.733841e-20,-9.500142e-19
-0.920166,3.061582e-20,-8.754326e-19
-0.919922,1.770428e-20,-8.179611e-19
-0.919678,2.309278e-20,-8.506022e-19
-0.919434,3.912323e-20,-9.151959e-19
-0.919189,3.200385e-20,-9.349554e-19
-0.918945,2.831370e-20,-9.305118e-19
-0.918701,3.502021e-20,-9.555020e-19
-0.918457,4.179248e-20,-9.551215e-19
-0.918213,4.725499e-20,-8.820395e-19
-0.917969,3.420312e-20,-8.267931e-19
-0.917725,3.463512e-20,-8.585696e-19
-0.917480,5.369588e-20,-9.251988e-19
-0.917236,4.926281e-20,-9.461610e-19
-0.916992,4.288436e-20,-9.402090e-19
-0.916748,4.867567e-20,-9.620221e-19
-0.916504,5.307385e-20,-9.595936e-19
-0.916260,5.982199e-20,-8.901830e-19
-0.916016,5.186841e-20,-8.337316e-19
-0.915771,4.455208e-20,-8.653763e-19
-0.915527,6.409039e-20,-9.353682e-19
-0.915283,6.876907e-20,-9.566170e-19
-0.915039,5.499038e-20,-9.489417e-19
-0.914795,5.956431e-20,-9.682910e-19
-0.914551,6.576925e-20,-9.675497e-19
-0.914307,7.109308e-20,-9.000149e-19
-0.914062,7.155116e-20,-8.436362e-19
-0.913818,5.634176e-20,-8.734924e-19
-0.913574,7.022738e-20,-9.446241e-19
-0.913330,8.459093e-20,-9.700453e-19
-0.913086,6.816702e-20,-9.584472e-19
-0.912842,7.024842e-20,-9.740252e-19
-0.912598,7.768159e-20,-9.756857e-19
-0.912354,8.213946e-20,-9.100719e-19
-0.912109,8.671323e-20,-8.524013e-19
-0.911865,6.933258e-20,-8.833258e-19
-0.911621,7.649787e-20,-9.571580e-19
-0.911377,9.805056e-20,-9.831808e-19
-0.911133,8.451136e-20,-9.714137e-19
-0.910889,7.821945e-20,-9.808162e-19
-0.910645,8.702788e-20,-9.813348e-19
-0.910400,9.211605e-20,-9.204363e-19
-0.910156,9.738659e-20,-8.629145e-19
-0.909912,8.405171e-20,-8.932555e-19
-0.909668,8.117565e-20,-9.658441e-19
-0.909424,1.063790e-19,-9.961572e-19
-0.909180,1.024112e-19,-9.853071e-19
-0.908936,8.704771e-20,-9.888872e-19
-0.908691,9.629640e-20,-9.909951e-19
-0.908447,1.031329e-19,-9.336059e-19
-0.908203,1.077668e-19,-8.750267e-19
-0.907959,9.917324e-20,-9.034358e-19
-0.907715,8.616482e-20,-9.793965e-19
-0.907471,1.099487e-19,-1.011195e-18
-0.907227,1.181005e-19,-9.979165e-19
-0.906982,9.548381e-20,-9.973930e-19
-0.906738,1.015858e-19,-9.969696e-19
-0.906494,1.133492e-19,-9.455476e-19
-0.906250,1.155316e-19,-8.882161e-19
-0.906006,1.146639e-19,-9.140976e-19
-0.905762,9.702425e-20,-9.930461e-19
-0.905518,1.106805e-19,-1.026046e-18
-0.905273,1.331930e-19,-1.011122e-18
-0.905029,1.093346e-19,-1.007383e-18
-0.904785,1.053286e-19,-1.005578e-18
-0.904541,1.216064e-19,-9.567695e-19
-0.904297,1.222307e-19,-8.990977e-19
-0.904053,1.230917e-19,-9.229245e-19
-0.903809,1.095612e-19,-1.002675e-18
-0.903564,1.107381e-19,-1.039962e-18
-0.903320,1.385306e-19,-1.025646e-18
-0.903076,1.276128e-19,-1.015570e-18
-0.902832,1.091381e-19,-1.014084e-18
-0.902588,1.264342e-19,-9.687641e-19
-0.902344,1.333017e-19,-9.120246e-19
-0.902100,1.290411e-19,-9.374968e-19
-0.901855,1.209722e-19,-1.013466e-18
-0.901611,1.146675e-19,-1.051453e-18
-0.901367,1.384479e-19,-1.041551e-18
-0.901123,1.423016e-19,-1.024586e-18
-0.900879,1.157797e-19,-1.019211e-18
-0.900635,1.253166e-19,-9.811854e-19
-0.900391,1.422269e-19,-9.253080e-19
-0.900146,1.378197e-19,-9.469522e-19
-0.899902,1.309266e-19,-1.025119e-18
-0.899658,1.209402e-19,-1.065679e-18
-0.899414,1.390850e-19,-1.054023e-18
-0.899170,1.557537e-19,-1.034391e-18
-0.898926,1.259446e-19,-1.027469e-18
-0.898682,1.234886e-19,-9.901412e-19
-0.898438,1.479013e-19,-9.369621e-19
-0.898193,1.447849e-19,-9.564417e-19
-0.897949,1.369291e-19,-1.032696e-18
-0.897705,1.282979e-19,-1.076332e-18
-0.897461,1.358713e-19,-1.067369e-18
-0.897217,1.599329e-19,-1.044498e-18
-0.896973,1.424823e-19,-1.031805e-18
-0.896729,1.240419e-19,-1.000719e-18
-0.896484,1.496863e-19,-9.522837e-19
-0.896240,1.547182e-19,-9.674454e-19
-0.895996,1.402776e-19,-1.043944e-18
-0.895752,1.367077e-19,-1.088764e-18
-0.895508,1.373664e-19,-1.079279e-18
-0.895264,1.587430e-19,-1.053208e-18
-0.895020,1.549105e-19,-1.036851e-18
-0.894775,1.270627e-19,-1.007593e-18
-0.894531,1.484365e-19,-9.633422e-19
-0.894287,1.640823e-19,-9.777760e-19
-0.894043,1.473476e-19,-1.051161e-18
-0.893799,1.439439e-19,-1.098811e-18
-0.893555,1.415331e-19,-1.092315e-18
-0.893311,1.565230e-19,-1.062895e-18
-0.893066,1.674693e-19,-1.043467e-18
-0.892822,1.365146e-19,-1.016147e-18
-0.892578,1.400146e-19,-9.757822e-19
-0.892334,1.687141e-19,-9.865288e-19
-0.892090,1.559100e-19,-1.057007e-18
-0.891846,1.451484e-19,-1.108265e-18
-0.891602,1.476501e-19,-1.100818e-18
-0.891357,1.554833e-19,-1.070906e-18
-0.891113,1.712635e-19,-1.048766e-18
-0.890869,1.515973e-19,-1.022866e-18
-0.890625,1.380097e-19,-9.894590e-19
-0.890381,1.688663e-19,-9.970084e-19
-0.890137,1.691954e-19,-1.064647e-18
-0.889893,1.468319e-19,-1.117883e-18
-0.889648,1.505691e-19,-1.110993e-18
-0.889404,1.577488e-19,-1.078406e-18
-0.889160,1.709782e-19,-1.051382e-18
-0.888916,1.644716e-19,-1.027126e-18
-0.888672,1.375032e-19,-9.989598e-19
-0.888428,1.623955e-19,-1.005345e-18
-0.888184,1.803107e-19,-1.069173e-18
-0.887939,1.529136e-19,-1.123526e-18
-0.887695,1.511793e-19,-1.119034e-18
-0.887451,1.607305e-19,-1.086818e-18
-0.887207,1.690414e-19,-1.056113e-18
-0.886963,1.729290e-19,-1.031576e-18
-0.886719,1.460492e-19,-1.009279e-18
-0.886475,1.523863e-19,-1.013305e-18
-0.886230,1.836891e-19,-1.073437e-18
-0.885986,1.623971e-19,-1.128463e-18
-0.885742,1.453161e-19,-1.124093e-18
-0.885498,1.619972e-19,-1.091690e-18
-0.885254,1.704650e-19,-1.060213e-18
-0.885010,1.738481e-19,-1.035733e-18
-0.884766,1.542652e-19,-1.016540e-18
-0.884521,1.467936e-19,-1.023549e-18
-0.884277,1.816010e-19,-1.078026e-18
-0.884033,1.726342e-19,-1.131271e-18
-0.883789,1.439528e-19,-1.131705e-18
-0.883545,1.582601e-19,-1.096859e-18
-0.883301,1.698843e-19,-1.060373e-18
-0.883057,1.701250e-19,-1.035474e-18
-0.882812,1.599488e-19,-1.021813e-18
-0.882568,1.438695e-19,-1.029821e-18
-0.882324,1.686210e-19,-1.079200e-18
-0.882080,1.799971e-19,-1.130948e-18
-0.881836,1.459966e-19,-1.134519e-18
-0.881592,1.488460e-19,-1.101180e-18
-0.881348,1.688676e-19,-1.062267e-18
-0.881104,1.677532e-19,-1.038123e-18
-0.880859,1.626454e-19,-1.028250e-18
-0.880615,1.427911e-19,-1.035327e-18
-0.880371,1.541449e-19,-1.079181e-18
-0.880127,1.797067e-19,-1.132167e-18
-0.879883,1.500457e-19,-1.136343e-18
-0.879639,1.379522e-19,-1.100385e-18
-0.879395,1.643162e-19,-1.063500e-18
-0.879150,1.656594e-19,-1.037451e-18
-0.878906,1.579154e-19,-1.029872e-18
-0.878662,1.464098e-19,-1.043057e-18
-0.878418,1.436506e-19,-1.081227e-18
-0.878174,1.715361e-19,-1.129769e-18
-0.877930,1.592728e-19,-1.137538e-18
-0.877686,1.293582e-19,-1.101674e-18
-0.877441,1.518884e-19,-1.061970e-18
-0.877197,1.629547e-19,-1.036132e-18
-0.876953,1.524468e-19,-1.031274e-18
-0.876709,1.449643e-19,-1.044889e-18
-0.876465,1.342005e-19,-1.080129e-18
-0.876221,1.586942e-19,-1.127782e-18
-0.875977,1.639401e-19,-1.136113e-18
-0.875732,1.263224e-19,-1.101331e-18
-0.875488,1.377282e-19,-1.063288e-18
-0.875244,1.612257e-19,-1.035373e-18
-0.875000,1.490232e-19,-1.033298e-18
-0.874756,1.387570e-19,-1.050052e-18
-0.874512,1.296038e-19,-1.079319e-18
-0.874268,1.427508e-19,-1.123632e-18
-0.874023,1.606897e-19,-1.135311e-18
-0.873779,1.278860e-19,-1.099842e-18
-0.873535,1.206397e-19,-1.059160e-18
-0.873291,1.527669e-19,-1.035399e-18
-0.873047,1.473461e-19,-1.034389e-18
-0.872803,1.339050e-19,-1.052451e-18
-0.872559,1.279194e-19,-1.081272e-18
-0.872314,1.310099e-19,-1.118683e-18
-0.872070,1.529793e-19,-1.133111e-18
-0.871826,1.337225e-19,-1.099499e-18
-0.871582,1.101526e-19,-1.055948e-18
-0.871338,1.399466e-19,-1.033587e-18
-0.871094,1.462982e-19,-1.033984e-18
-0.870850,1.259371e-19,-1.053429e-18
-0.870605,1.220082e-19,-1.078677e-18
-0.870361,1.241085e-19,-1.111918e-18
-0.870117,1.411842e-19,-1.130001e-18
-0.869873,1.360147e-19,-1.097789e-18
-0.869629,1.054694e-19,-1.052481e-18
-0.869385,1.234040e-19,-1.032172e-18
-0.869141,1.441594e-19,-1.035196e-18
-0.868896,1.241848e-19,-1.056418e-18
-0.868652,1.156748e-19,-1.079672e-18
-0.868408,1.169616e-19,-1.107245e-18
-0.868164,1.274589e-19,-1.124200e-18
-0.867920,1.347074e-19,-1.094517e-18
-0.867676,1.051876e-19,-1.048617e-18
-0.867432,1.061213e-19,-1.027569e-18
-0.867188,1.381918e-19,-1.034257e-18
-0.866943,1.247754e-19,-1.057700e-18
-0.866699,1.071471e-19,-1.077250e-18
-0.866455,1.104136e-19,-1.100983e-18
-0.866211,1.178730e-19,-1.120127e-18
-0.865967,1.296196e-19,-1.091751e-18
-0.865723,1.071482e-19,-1.042611e-18
-0.865479,9.233130e-20,-1.023916e-18
-0.865234,1.250840e-19,-1.035269e-18
-0.864990,1.244827e-19,-1.057753e-18
-0.864746,1.003577e-19,-1.073677e-18
-0.864502,1.016285e-19,-1.092689e-18
-0.864258,1.081359e-19,-1.112229e-18
-0.864014,1.213533e-19,-1.089825e-18
-0.863770,1.103219e-19,-1.038460e-18
-0.863525,8.496425e-20,-1.019646e-18
-0.863281,1.082906e-19,-1.037449e-18
-0.863037,1.238064e-19,-1.059644e-18
-0.862793,9.851072e-20,-1.074050e-18
-0.862549,9.274993e-20,-1.089268e-18
-0.862305,1.014599e-19,-1.105456e-18
-0.862061,1.092039e-19,-1.085899e-18
-0.861816,1.062311e-19,-1.034531e-18
-0.861572,8.232244e-20,-1.015147e-18
-0.861328,9.254822e-20,-1.036069e-18
-0.861084,1.177312e-19,-1.060951e-18
-0.860840,9.747587e-20,-1.074363e-18
-0.860596,8.409669e-20,-1.084254e-18
-0.860352,9.197066e-20,-1.099064e-18
-0.860107,9.905064e-20,-1.084205e-18
-0.859863,1.037942e-19,-1.033378e-18
-0.859619,8.154415e-20,-1.011894e-18
-0.859375,7.619028e-20,-1.037556e-18
-0.859131,1.062448e-19,-1.064156e-18
-0.858887,9.881801e-20,-1.072761e-18
-0.858643,7.438565e-20,-1.079066e-18
-0.858398,8.206078e-20,-1.091551e-18
-0.858154,9.072249e-20,-1.080614e-18
-0.857910,9.407521e-20,-1.033080e-18
-0.857666,8.173342e-20,-1.010573e-18
-0.857422,6.636448e-20,-1.040080e-18
-0.857178,9.253407e-20,-1.069103e-18
-0.856934,9.880231e-20,-1.074863e-18
-0.856689,6.955963e-20,-1.077359e-18
-0.856445,7.094845e-20,-1.087938e-18
-0.856201,8.113555e-20,-1.078447e-18
-0.855957,8.736020e-20,-1.032181e-18
-0.855713,8.120432e-20,-1.008472e-18
-0.855469,5.774371e-20,-1.039688e-18
-0.855225,7.366321e-20,-1.074112e-18
-0.854980,9.541189e-20,-1.077018e-18
-0.854736,7.075702e-20,-1.074204e-18
-0.854492,5.885425e-20,-1.084831e-18
-0.854248,7.272904e-20,-1.077153e-18
-0.854004,7.851204e-20,-1.034426e-18
-0.853760,7.586419e-20,-1.009942e-18
-0.853516,5.528991e-20,-1.042082e-18
-0.853271,5.820735e-20,-1.081053e-18
-0.853027,8.532939e-20,-1.081701e-18
-0.852783,6.849987e-20,-1.072771e-18
-0.852539,5.075984e-20,-1.079819e-18
-0.852295,6.150020e-20,-1.076154e-18
-0.852051,6.721513e-20,-1.036777e-18
-0.851807,7.169379e-20,-1.008205e-18
-0.851562,5.374452e-20,-1.043472e-18
-0.851318,4.486867e-20,-1.089169e-18
-0.851074,7.369709e-20,-1.087040e-18
-0.850830,6.925755e-20,-1.073715e-18
-0.850586,4.264346e-20,-1.078607e-18
-0.850342,4.886503e-20,-1.075323e-18
-0.850098,5.940844e-20,-1.039449e-18
-0.849854,6.083946e-20,-1.010500e-18
-0.849609,5.126989e-20,-1.045347e-18
-0.849365,3.503356e-20,-1.096187e-18
-0.849121,5.732698e-20,-1.091908e-18
-0.848877,6.911589e-20,-1.072396e-18
-0.848633,3.743529e-20,-1.078987e-18
-0.848389,3.898657e-20,-1.075594e-18
-0.848145,5.221366e-20,-1.041911e-18
-0.847900,5.007171e-20,-1.016612e-18
-0.847656,4.919116e-20,-1.050790e-18
-0.847412,2.979571e-20,-1.103695e-18
-0.847168,3.964774e-20,-1.100972e-18
-0.846924,6.182266e-20,-1.076626e-18
-0.846680,3.657649e-20,-1.078137e-18
-0.846436,2.480607e-20,-1.077893e-18
-0.846191,4.162281e-20,-1.046060e-18
-0.845947,4.432118e-20,-1.021377e-18
-0.845703,4.384685e-20,-1.057172e-18
-0.845459,2.858671e-20,-1.112294e-18
-0.845215,2.440634e-20,-1.112010e-18
-0.844971,5.359692e-20,-1.081526e-18
-0.844727,3.988723e-20,-1.079583e-18
-0.844482,1.716494e-20,-1.081717e-18
-0.844238,3.255633e-20,-1.052766e-18
-0.843994,3.560458e-20,-1.028398e-18
-0.843750,3.700852e-20,-1.062563e-18
-0.843506,2.640242e-20,-1.120148e-18
-0.843262,1.302146e-20,-1.120450e-18
-0.843018,4.186983e-20,-1.088688e-18
-0.842773,4.311249e-20,-1.083472e-18
-0.842529,1.326482e-20,-1.084450e-18
-0.842285,2.140157e-20,-1.060081e-18
-0.842041,3.374167e-20,-1.037524e-18
-0.841797,3.196761e-20,-1.072542e-18
-0.841553,2.681720e-20,-1.132528e-18
-0.841309,1.048758e-20,-1.133053e-18
-0.841064,2.624417e-20,-1.097522e-18
-0.840820,4.502127e-20,-1.088460e-18
-0.840576,1.422886e-20,-1.090184e-18
-0.840332,1.076886e-20,-1.068100e-18
-0.840088,3.095889e-20,-1.048483e-18
-0.839844,2.637449e-20,-1.082197e-18
-0.839600,2.685241e-20,-1.142681e-18
-0.839355,1.371712e-20,-1.148926e-18
-0.839111,1.520465e-20,-1.107535e-18
-0.838867,4.366334e-20,-1.094070e-18
-0.838623,2.097272e-20,-1.099121e-18
-0.838379,3.898989e-21,-1.076734e-18
-0.838135,2.664161e-20,-1.059434e-18
-0.837891,2.571310e-20,-1.093372e-18
-0.837646,2.492606e-20,-1.153156e-18
-0.837402,1.760749e-20,-1.161380e-18
-0.837158,8.530797e-21,-1.117922e-18
-0.836914,3.700453e-20,-1.101365e-18
-0.836670,3.130794e-20,-1.106386e-18
-0.836426,3.021912e-21,-1.087502e-18
-0.836182,2.060188e-20,-1.072155e-18
-0.835938,2.856149e-20,-1.105431e-18
-0.835693,2.321231e-20,-1.166180e-18
-0.835449,2.108835e-20,-1.176470e-18
-0.835205,6.383310e-21,-1.130554e-18
-0.834961,2.729870e-20,-1.108741e-18
-0.834717,3.969122e-20,-1.116324e-18
-0.834473,5.744083e-21,-1.098045e-18
-0.834229,1.275136e-20,-1.081854e-18
-0.833984,3.223575e-20,-1.119353e-18
-0.833740,2.361960e-20,-1.179174e-18
-0.833496,2.373201e-20,-1.191010e-18
-0.833252,1.148824e-20,-1.144986e-18
-0.833008,1.719975e-20,-1.118536e-18
-0.832764,4.304406e-20,-1.126846e-18
-0.832520,1.591832e-20,-1.110013e-18
-0.832275,3.566231e-21,-1.094397e-18
-0.832031,3.129218e-20,-1.132708e-18
-0.831787,2.632292e-20,-1.191712e-18
-0.831543,2.337394e-20,-1.200712e-18
-0.831299,1.850096e-20,-1.156542e-18
-0.831055,1.071761e-20,-1.128922e-18
-0.830811,4.105282e-20,-1.134249e-18
-0.830566,2.880283e-20,-1.122864e-18
-0.830322,2.885669e-22,-1.107701e-18
-0.830078,2.830974e-20,-1.146759e-18
-0.829834,3.095744e-20,-1.206550e-18
-0.829590,2.109975e-20,-1.214362e-18
-0.829346,2.317796e-20,-1.171856e-18
-0.829102,1.035457e-20,-1.138700e-18
-0.828857,3.360445e-20,-1.143525e-18
-0.828613,3.956823e-20,-1.135379e-18
-0.828369,3.117181e-21,-1.118734e-18
-0.828125,1.903468e-20,-1.158373e-18
-0.827881,3.697945e-20,-1.218787e-18
-0.827637,2.239006e-20,-1.226825e-18
-0.827393,2.380531e-20,-1.184425e-18
-0.827148,1.581043e-20,-1.151229e-18
-0.826904,2.379208e-20,-1.153926e-18
-0.826660,4.377942e-20,-1.146792e-18
-0.826416,1.351092e-20,-1.132195e-18
-0.826172,7.806938e-21,-1.168984e-18
-0.825928,3.758604e-20,-1.230557e-18
-0.825684,2.798819e-20,-1.237508e-18
-0.825439,2.328668e-20,-1.194319e-18
-0.825195,2.136174e-20,-1.162597e-18
-0.824951,1.784240e-20,-1.161405e-18
-0.824707,4.461860e-20,-1.157196e-18
-0.824463,2.636746e-20,-1.145972e-18
-0.824219,3.365049e-21,-1.180134e-18
-0.823975,3.561957e-20,-1.243403e-18
-0.823730,3.298676e-20,-1.251500e-18
-0.823486,2.268281e-20,-1.204413e-18
-0.823242,2.594727e-20,-1.170688e-18
-0.822998,1.513144e-20,-1.171312e-18
-0.822754,3.955123e-20,-1.167327e-18
-0.822510,3.817182e-20,-1.154977e-18
-0.822266,3.959606e-21,-1.189697e-18
-0.822021,2.875745e-20,-1.251967e-18
-0.821777,4.316800e-20,-1.260148e-18
-0.821533,2.453830e-20,-1.214529e-18
-0.821289,2.736846e-20,-1.179771e-18
-0.821045,2.135004e-20,-1.179390e-18
-0.820801,3.247895e-20,-1.176165e-18
-0.820557,4.597706e-20,-1.167518e-18
-0.820312,1.278158e-20,-1.198177e-18
-0.820068,1.751897e-20,-1.256541e-18
-0.819824,4.716553e-20,-1.268462e-18
-0.819580,3.133950e-20,-1.219974e-18
-0.819336,2.618207e-20,-1.185509e-18
-0.819092,2.775247e-20,-1.185240e-18
-0.818848,2.783311e-20,-1.183587e-18
-0.818604,4.953599e-20,-1.178024e-18
-0.818359,2.957626e-20,-1.203446e-18
-0.818115,1.179332e-20,-1.265491e-18
-0.817871,4.440731e-20,-1.276722e-18
-0.817627,3.928061e-20,-1.224019e-18
-0.817383,2.625591e-20,-1.192477e-18
-0.817139,3.358225e-20,-1.190014e-18
-0.816895,2.738238e-20,-1.187917e-18
-0.816650,4.658911e-20,-1.182723e-18
-0.816406,4.178947e-20,-1.207591e-18
-0.816162,1.121664e-20,-1.266818e-18
-0.815918,4.087289e-20,-1.277887e-18
-0.815674,5.137665e-20,-1.229053e-18
-0.815430,2.849138e-20,-1.194566e-18
-0.815186,3.763876e-20,-1.193237e-18
-0.814941,3.250672e-20,-1.194220e-18
-0.814697,4.069432e-20,-1.188194e-18
-0.814453,5.304057e-20,-1.211943e-18
-0.814209,1.877880e-20,-1.266492e-18
-0.813965,2.949074e-20,-1.279827e-18
-0.813721,5.834388e-20,-1.231704e-18
-0.813477,3.602429e-20,-1.193065e-18
-0.813232,3.585420e-20,-1.193175e-18
-0.812988,3.862385e-20,-1.194849e-18
-0.812744,3.920035e-20,-1.191578e-18
-0.812500,5.952771e-20,-1.214106e-18
-0.812256,3.311060e-20,-1.265071e-18
-0.812012,2.375776e-20,-1.279919e-18
-0.811768,6.002339e-20,-1.230446e-18
-0.811523,4.810912e-20,-1.191980e-18
-0.811279,3.478956e-20,-1.193364e-18
-0.811035,4.401144e-20,-1.194573e-18
-0.810791,4.042721e-20,-1.192173e-18
-0.810547,5.695368e-20,-1.213558e-18
-0.810303,4.819901e-20,-1.261406e-18
-0.810059,2.296619e-20,-1.273096e-18
-0.809814,5.634253e-20,-1.226401e-18
-0.809570,6.217745e-20,-1.190174e-18
-0.809326,3.583255e-20,-1.189374e-18
-0.809082,4.843808e-20,-1.193718e-18
-0.808838,4.604353e-20,-1.193527e-18
-0.808594,5.365997e-20,-1.212633e-18
-0.808350,6.204723e-20,-1.254790e-18
-0.808105,2.859881e-20,-1.266584e-18
-0.807861,4.597077e-20,-1.223058e-18
-0.807617,7.288495e-20,-1.183375e-18
-0.807373,4.561358e-20,-1.184168e-18
-0.807129,4.536146e-20,-1.189505e-18
-0.806885,5.520793e-20,-1.189597e-18
-0.806641,5.473225e-20,-1.209131e-18
-0.806396,6.697595e-20,-1.246826e-18
-0.806152,4.427260e-20,-1.257341e-18
-0.805908,4.078473e-20,-1.215472e-18
-0.805664,7.751327e-20,-1.177201e-18
-0.805420,5.971425e-20,-1.177240e-18
-0.805176,4.362224e-20,-1.183165e-18
-0.804932,5.920906e-20,-1.183908e-18
-0.804688,5.795602e-20,-1.202756e-18
-0.804443,6.903863e-20,-1.236481e-18
-0.804199,5.894467e-20,-1.243609e-18
-0.803955,3.958065e-20,-1.204968e-18
-0.803711,7.158944e-20,-1.166312e-18
-0.803467,7.435102e-20,-1.167743e-18
-0.803223,4.778438e-20,-1.176501e-18
-0.802979,6.186920e-20,-1.177152e-18
-0.802734,6.488253e-20,-1.195731e-18
-0.802490,6.522667e-20,-1.225128e-18
-0.802246,7.019487e-20,-1.230198e-18
-0.802002,4.568044e-20,-1.191867e-18
-0.801758,6.209828e-20,-1.154992e-18
-0.801514,8.493797e-20,-1.157083e-18
-0.801270,5.585287e-20,-1.164313e-18
-0.801025,5.655661e-20,-1.167085e-18
-0.800781,7.109190e-20,-1.187495e-18
-0.800537,6.753900e-20,-1.211997e-18
-0.800293,7.382777e-20,-1.211658e-18
-0.800049,5.597478e-20,-1.177891e-18
-0.799805,5.588467e-20,-1.142564e-18
-0.799561,8.770580e-20,-1.142387e-18
-0.799316,6.871053e-20,-1.155260e-18
-0.799072,5.282451e-20,-1.157578e-18
-0.798828,7.121290e-20,-1.174278e-18
-0.798584,7.041918e-20,-1.197323e-18
-0.798340,7.332174e-20,-1.192139e-18
-0.798096,6.565461e-20,-1.159054e-18
-0.797852,5.170711e-20,-1.126684e-18
-0.797607,7.958765e-20,-1.128051e-18
-0.797363,8.286697e-20,-1.141398e-18
-0.797119,5.352663e-20,-1.145002e-18
-0.796875,6.499562e-20,-1.163119e-18
-0.796631,7.526320e-20,-1.182695e-18
-0.796387,6.986705e-20,-1.172470e-18
-0.796143,6.976335e-20,-1.138557e-18
-0.795898,5.383839e-20,-1.110726e-18
-0.795654,6.894846e-20,-1.112074e-18
-0.795410,8.878256e-20,-1.126374e-18
-0.795166,5.910492e-20,-1.130939e-18
-0.794922,5.743610e-20,-1.146754e-18
-0.794678,7.725083e-20,-1.166836e-18
-0.794434,7.207789e-20,-1.152075e-18
-0.794189,6.881250e-20,-1.117733e-18
-0.793945,5.782575e-20,-1.094009e-18
-0.793701,6.149724e-20,-1.095759e-18
-0.793457,8.551203e-20,-1.111648e-18
-0.793213,6.838074e-20,-1.118323e-18
-0.792969,5.102160e-20,-1.132295e-18
-0.792725,7.098030e-20,-1.147357e-18
-0.792480,7.370996e-20,-1.131150e-18
-0.792236,6.645056e-20,-1.095187e-18
-0.791992,6.102028e-20,-1.072474e-18
-0.791748,5.722861e-20,-1.079312e-18
-0.791504,7.829497e-20,-1.095922e-18
-0.791260,7.777618e-20,-1.104045e-18
-0.791016,5.134489e-20,-1.119041e-18
-0.790771,6.111370e-20,-1.131387e-18
-0.790527,7.729548e-20,-1.111920e-18
-0.790283,6.718122e-20,-1.073589e-18
-0.790039,6.042352e-20,-1.054118e-18
-0.789795,5.615154e-20,-1.062042e-18
-0.789551,6.841093e-20,-1.077693e-18
-0.789307,8.258343e-20,-1.089354e-18
-0.789062,5.596309e-20,-1.102666e-18
-0.788818,5.195088e-20,-1.112562e-18
-0.788574,7.658125e-20,-1.090436e-18
-0.788330,7.072740e-20,-1.049482e-18
-0.788086,6.083097e-20,-1.035040e-18
-0.787842,5.665928e-20,-1.045402e-18
-0.787598,6.136168e-20,-1.061351e-18
-0.787354,7.941307e-20,-1.074831e-18
-0.787109,6.619432e-20,-1.087858e-18
-0.786865,4.460770e-20,-1.095131e-18
-0.786621,6.526580e-20,-1.069492e-18
-0.786377,7.702868e-20,-1.026375e-18
-0.786133,5.749672e-20,-1.013589e-18
-0.785889,5.387844e-20,-1.028086e-18
-0.785645,6.075081e-20,-1.044839e-18
-0.785400,7.245189e-20,-1.060159e-18
-0.785156,7.160781e-20,-1.074356e-18
-0.784912,4.579208e-20,-1.078662e-18
-0.784668,5.606022e-20,-1.051077e-18
-0.784424,7.670253e-20,-1.006960e-18
-0.784180,5.929425e-20,-9.931314e-19
-0.783936,5.116733e-20,-1.010723e-18
-0.783691,5.619604e-20,-1.031201e-18
-0.783447,6.493042e-20,-1.044779e-18
-0.783203,7.229939e-20,-1.059705e-18
-0.782959,5.002649e-20,-1.061435e-18
-0.782715,4.421699e-20,-1.029986e-18
-0.782471,7.260038e-20,-9.874115e-19
-0.782227,6.781579e-20,-9.726630e-19
-0.781982,4.502494e-20,-9.954574e-19
-0.781738,5.136811e-20,-1.018142e-18
-0.781494,6.135764e-20,-1.030190e-18
-0.781250,6.639959e-20,-1.048975e-18
-0.781006,5.710718e-20,-1.047578e-18
-0.780762,3.715424e-20,-1.012334e-18
-0.780518,5.833909e-20,-9.690079e-19
-0.780273,7.226709e-20,-9.548251e-19
-0.780029,4.335544e-20,-9.791770e-19
-0.779785,4.229597e-20,-1.004562e-18
-0.779541,5.672592e-20,-1.020310e-18
-0.779297,6.180068e-20,-1.037670e-18
-0.779053,5.954216e-20,-1.037077e-18
-0.778809,3.489042e-20,-9.988103e-19
-0.778564,4.286109e-20,-9.512514e-19
-0.778320,7.144243e-20,-9.421380e-19
-0.778076,4.763276e-20,-9.663649e-19
-0.777832,3.020016e-20,-9.923215e-19
-0.777588,5.035958e-20,-1.010746e-18
-0.777344,5.541714e-20,-1.026539e-18
-0.777100,5.309932e-20,-1.025578e-18
-0.776855,3.739428e-20,-9.832561e-19
-0.776611,2.880737e-20,-9.361949e-19
-0.776367,6.198460e-20,-9.295900e-19
-0.776123,5.661663e-20,-9.536027e-19
-0.775879,2.216540e-20,-9.826600e-19
-0.775635,3.957506e-20,-1.002801e-18
-0.775391,5.358343e-20,-1.021043e-18
-0.775146,4.439733e-20,-1.018038e-18
-0.774902,3.728255e-20,-9.723921e-19
-0.774658,2.179014e-20,-9.245726e-19
-0.774414,4.204578e-20,-9.171993e-19
-0.774170,5.843816e-20,-9.442792e-19
-0.773926,2.102494e-20,-9.744851e-19
-0.773682,2.341238e-20,-9.976625e-19
-0.773438,4.994307e-20,-1.016778e-18
-0.773193,4.073414e-20,-1.012017e-18
-0.772949,3.338706e-20,-9.671539e-19
-0.772705,1.942331e-20,-9.159434e-19
-0.772461,2.586185e-20,-9.089963e-19
-0.772217,5.382340e-20,-9.387196e-19
-0.771973,2.548881e-20,-9.691146e-19
-0.771729,5.154428e-21,-9.934880e-19
-0.771484,3.738592e-20,-1.013899e-18
-0.771240,3.844258e-20,-1.007841e-18
-0.770996,2.306620e-20,-9.591625e-19
-0.770752,1.534654e-20,-9.087720e-19
-0.770508,1.227382e-20,-9.031304e-19
-0.770264,4.008617e-20,-9.335004e-19
-0.770020,3.205975e-20,-9.670373e-19
-0.769775,-5.482207e-21,-9.929444e-19
-0.769531,1.926006e-20,-1.014492e-18
-0.769287,3.653289e-20,-1.009042e-18
-0.769043,1.462122e-20,-9.581007e-19
-0.768799,9.280662e-21,-9.020497e-19
-0.768555,1.128724e-21,-8.988076e-19
-0.768311,1.970559e-20,-9.339852e-19
-0.768066,3.402405e-20,-9.638345e-19
-0.767822,-1.098188e-20,-9.908933e-19
-0.767578,-4.956011e-21,-1.015511e-18
-0.767334,3.176686e-20,-1.009301e-18
-0.767090,1.228679e-20,-9.582304e-19
-0.766846,-9.624226e-22,-9.030445e-19
-0.766602,-6.512192e-21,-8.983037e-19
-0.766357,3.593115e-21,-9.332938e-19
-0.766113,2.522187e-20,-9.666517e-19
-0.765869,-9.046846e-21,-9.931262e-19
-0.765625,-2.488624e-20,-1.017590e-18
-0.765381,1.389689e-20,-1.011916e-18
-0.765137,1.053057e-20,-9.584828e-19
-0.764893,-1.430996e-20,-9.008331e-19
-0.764648,-1.593653e-20,-8.990611e-19
-0.764404,-1.193438e-20,-9.375729e-19
-0.764160,1.013482e-20,-9.669561e-19
-0.763916,-4.125167e-21,-9.968822e-19
-0.763672,-4.030528e-20,-1.025002e-18
-0.763428,-6.516766e-21,-1.017979e-18
-0.763184,8.706837e-21,-9.661145e-19
-0.762939,-2.534462e-20,-9.043599e-19
-0.762695,-2.842310e-20,-8.998765e-19
-0.762451,-2.459299e-20,-9.410972e-19
-0.762207,-7.719653e-21,-9.725983e-19
-0.761963,-6.487590e-21,-1.001796e-18
-0.761719,-4.771542e-20,-1.030247e-18
-0.761475,-3.141064e-20,-1.024174e-18
-0.761230,2.778862e-21,-9.700389e-19
-0.760986,-2.647632e-20,-9.101834e-19
-0.760742,-4.335362e-20,-9.065453e-19
-0.760498,-3.587485e-20,-9.488470e-19
-0.760254,-2.460137e-20,-9.809457e-19
-0.760010,-1.310128e-20,-1.004600e-18
-0.759766,-4.907719e-20,-1.036113e-18
-0.759521,-5.739491e-20,-1.033867e-18
-0.759277,-1.198883e-20,-9.776197e-19
-0.759033,-2.618808e-20,-9.176403e-19
-0.758789,-5.828538e-20,-9.116827e-19
-0.758545,-4.989096e-20,-9.540481e-19
-0.758301,-3.792547e-20,-9.892622e-19
-0.758057,-2.321670e-20,-1.013813e-18
-0.757812,-4.590336e-20,-1.046234e-18
-0.757568,-7.387116e-20,-1.043663e-18
-0.757324,-3.188058e-20,-9.879927e-19
-0.757080,-2.352031e-20,-9.276548e-19
-0.756836,-6.671302e-20,-9.197013e-19
-0.756592,-6.409658e-20,-9.641310e-19
-0.756348,-4.938863e-20,-9.983440e-19
-0.756104,-3.773884e-20,-1.019448e-18
-0.755859,-4.719293e-20,-1.053791e-18
-0.755615,-8.308158e-20,-1.054221e-18
-0.755371,-5.556158e-20,-9.972264e-19
-0.755127,-2.588252e-20,-9.366672e-19
-0.754883,-6.559351e-20,-9.293282e-19
-0.754639,-7.985789e-20,-9.716996e-19
-0.754395,-5.921241e-20,-1.008804e-18
-0.754150,-4.805395e-20,-1.029239e-18
-0.753906,-5.301162e-20,-1.060864e-18
-0.753662,-8.707613e-20,-1.064127e-18
-0.753418,-7.999545e-20,-1.006734e-18
-0.753174,-3.670266e-20,-9.465091e-19
-0.752930,-6.115924e-20,-9.393420e-19
-0.752686,-9.395567e-20,-9.802836e-19
-0.752441,-7.381778e-20,-1.017589e-18
-0.752197,-5.739161e-20,-1.037490e-18
-0.751953,-5.809921e-20,-1.069336e-18
-0.751709,-8.547562e-20,-1.074318e-18
-0.751465,-9.687980e-20,-1.019132e-18
-0.751221,-5.257727e-20,-9.581478e-19
-0.750977,-5.731649e-20,-9.488746e-19
-0.750732,-1.024154e-19,-9.894172e-19
-0.750488,-9.165180e-20,-1.027174e-18
-0.750244,-6.803474e-20,-1.044317e-18
-0.750000,-6.507334e-20,-1.073033e-18
-0.749756,-8.650074e-20,-1.081928e-18
-0.749512,-1.099342e-19,-1.028177e-18
-0.749268,-7.240044e-20,-9.680263e-19
-0.749023,-5.701553e-20,-9.594085e-19
-0.748779,-1.040564e-19,-9.954034e-19
-0.748535,-1.068093e-19,-1.035956e-18
-0.748291,-8.085075e-20,-1.054620e-18
-0.748047,-7.265541e-20,-1.077788e-18
-0.747803,-8.841971e-20,-1.088569e-18
-0.747559,-1.206244e-19,-1.037053e-18
-0.747314,-9.396174e-20,-9.751284e-19
-0.747070,-6.172051e-20,-9.670243e-19
-0.746826,-1.013045e-19,-1.002269e-18
-0.746582,-1.231641e-19,-1.042466e-18
-0.746338,-9.640424e-20,-1.060181e-18
-0.746094,-7.866773e-20,-1.081456e-18
-0.745850,-9.222627e-20,-1.094957e-18
-0.745605,-1.224683e-19,-1.045535e-18
-0.745361,-1.136726e-19,-9.832750e-19
-0.745117,-7.392749e-20,-9.760362e-19
-0.744873,-9.535556e-20,-1.009010e-18
-0.744629,-1.348534e-19,-1.045232e-18
-0.744385,-1.130981e-19,-1.062983e-18
-0.744141,-8.954473e-20,-1.083246e-18
-0.743896,-9.616816e-20,-1.095929e-18
-0.743652,-1.243145e-19,-1.050423e-18
-0.743408,-1.327005e-19,-9.878844e-19
-0.743164,-8.689226e-20,-9.815809e-19
-0.742920,-9.107711e-20,-1.016474e-18
-0.742676,-1.401571e-19,-1.048248e-18
-0.742432,-1.283608e-19,-1.066190e-18
-0.742188,-9.961914e-20,-1.085104e-18
-0.741943,-9.956204e-20,-1.097134e-18
-0.741699,-1.257363e-19,-1.054503e-18
-0.741455,-1.440876e-19,-9.908568e-19
-0.741211,-1.058959e-19,-9.876209e-19
-0.740967,-9.132587e-20,-1.019682e-18
-0.740723,-1.392587e-19,-1.045762e-18
-0.740479,-1.443998e-19,-1.067995e-18
-0.740234,-1.101021e-19,-1.085545e-18
-0.739990,-1.038776e-19,-1.093677e-18
-0.739746,-1.234630e-19,-1.057271e-18
-0.739502,-1.502939e-19,-9.967642e-19
-0.739258,-1.264317e-19,-9.890159e-19
-0.739014,-9.109012e-20,-1.022136e-18
-0.738770,-1.325635e-19,-1.047713e-18
-0.738525,-1.575588e-19,-1.063394e-18
-0.738281,-1.229805e-19,-1.079863e-18
-0.738037,-1.079186e-19,-1.087901e-18
-0.737793,-1.223665e-19,-1.053758e-18
-0.737549,-1.519256e-19,-9.965345e-19
-0.737305,-1.431911e-19,-9.889512e-19
-0.737061,-9.678497e-20,-1.023632e-18
-0.736816,-1.214766e-19,-1.044764e-18
-0.736572,-1.641698e-19,-1.058376e-18
-0.736328,-1.353081e-19,-1.075855e-18
-0.736084,-1.113678e-19,-1.081092e-18
-0.735840,-1.220442e-19,-1.051415e-18
-0.735596,-1.490885e-19,-9.951691e-19
-0.735352,-1.561851e-19,-9.850679e-19
-0.735107,-1.095109e-19,-1.020103e-18
-0.734863,-1.102204e-19,-1.038739e-18
-0.734619,-1.632851e-19,-1.051416e-18
-0.734375,-1.508956e-19,-1.066427e-18
-0.734131,-1.135338e-19,-1.070675e-18
-0.733887,-1.189835e-19,-1.043873e-18
-0.733643,-1.450755e-19,-9.911468e-19
-0.733398,-1.592168e-19,-9.815729e-19
-0.733154,-1.238626e-19,-1.015217e-18
-0.732910,-1.025383e-19,-1.034171e-18
-0.732666,-1.546858e-19,-1.039941e-18
-0.732422,-1.638338e-19,-1.052489e-18
-0.732178,-1.168452e-19,-1.058130e-18
-0.731934,-1.156417e-19,-1.030932e-18
-0.731689,-1.396578e-19,-9.834074e-19
-0.731445,-1.582163e-19,-9.722808e-19
-0.731201,-1.367310e-19,-1.006340e-18
-0.730957,-9.907617e-20,-1.025508e-18
-0.730713,-1.403561e-19,-1.025592e-18
-0.730469,-1.700957e-19,-1.039942e-18
-0.730225,-1.257653e-19,-1.044994e-18
-0.729980,-1.122838e-19,-1.018442e-18
-0.729736,-1.337930e-19,-9.749021e-19
-0.729492,-1.542074e-19,-9.627104e-19
-0.729248,-1.457719e-19,-9.967743e-19
-0.729004,-1.008287e-19,-1.013232e-18
-0.728760,-1.216037e-19,-1.010129e-18
-0.728516,-1.689917e-19,-1.022250e-18
-0.728271,-1.332357e-19,-1.026381e-18
-0.728027,-1.047768e-19,-1.002546e-18
-0.727783,-1.253341e-19,-9.625880e-19
-0.727539,-1.458311e-19,-9.524256e-19
-0.727295,-1.483344e-19,-9.842859e-19
-0.727051,-1.079998e-19,-1.001801e-18
-0.726807,-1.045086e-19,-9.946326e-19
-0.726562,-1.595875e-19,-1.002567e-18
-0.726318,-1.454350e-19,-1.008829e-18
-0.726074,-9.930254e-20,-9.820582e-19
-0.725830,-1.117070e-19,-9.491855e-19
-0.725586,-1.384418e-19,-9.420759e-19
-0.725342,-1.443378e-19,-9.673319e-19
-0.725098,-1.106344e-19,-9.872780e-19
-0.724854,-9.065386e-20,-9.785877e-19
-0.724609,-1.398451e-19,-9.829495e-19
-0.724365,-1.499305e-19,-9.882174e-19
-0.724121,-9.913464e-20,-9.653803e-19
-0.723877,-9.679857e-20,-9.357861e-19
-0.723633,-1.281440e-19,-9.264904e-19
-0.723389,-1.372234e-19,-9.540878e-19
-0.723145,-1.130951e-19,-9.724413e-19
-0.722900,-8.113582e-20,-9.582162e-19
-0.722656,-1.129092e-19,-9.597091e-19
-0.722412,-1.493820e-19,-9.653618e-19
-0.722168,-1.020679e-19,-9.451694e-19
-0.721924,-7.652172e-20,-9.188178e-19
-0.721680,-1.119694e-19,-9.117708e-19
-0.721436,-1.279374e-19,-9.377014e-19
-0.721191,-1.123431e-19,-9.561949e-19
-0.720947,-7.764516e-20,-9.412800e-19
-0.720703,-9.008298e-20,-9.373029e-19
-0.720459,-1.376652e-19,-9.416853e-19
-0.720215,-1.072229e-19,-9.233985e-19
-0.719971,-6.442044e-20,-8.995473e-19
-0.719727,-9.241217e-20,-8.975854e-19
-0.719482,-1.174197e-19,-9.207803e-19
-0.719238,-1.047384e-19,-9.370310e-19
-0.718994,-7.256878e-20,-9.240783e-19
-0.718750,-6.833365e-20,-9.148092e-19
-0.718506,-1.169005e-19,-9.185360e-19
-0.718262,-1.120057e-19,-9.040687e-19
-0.718018,-5.556743e-20,-8.831417e-19
-0.717773,-7.025016e-20,-8.832959e-19
-0.717529,-1.065141e-19,-9.033867e-19
-0.717285,-9.579141e-20,-9.187106e-19
-0.717041,-6.814263e-20,-9.070292e-19
-0.716797,-5.353570e-20,-8.926867e-19
-0.716553,-9.044655e-20,-8.938853e-19
-0.716309,-1.077031e-19,-8.820224e-19
-0.716064,-5.305237e-20,-8.628961e-19
-0.715820,-4.518279e-20,-8.686456e-19
-0.715576,-8.837762e-20,-8.891676e-19
-0.715332,-9.066972e-20,-9.016685e-19
-0.715088,-6.085797e-20,-8.898557e-19
-0.714844,-4.020011e-20,-8.716209e-19
-0.714600,-6.812794e-20,-8.708739e-19
-0.714355,-9.808406e-20,-8.616351e-19
-0.714111,-5.628079e-20,-8.464636e-19
-0.713867,-2.477104e-20,-8.529690e-19
-0.713623,-6.179848e-20,-8.733105e-19
-0.713379,-8.334702e-20,-8.847777e-19
-0.713135,-5.443617e-20,-8.732119e-19
-0.712891,-2.385096e-20,-8.544722e-19
-0.712646,-4.334164e-20,-8.504472e-19
-0.712402,-8.202674e-20,-8.432903e-19
-0.712158,-5.450199e-20,-8.319112e-19
-0.711914,-1.165385e-20,-8.421523e-19
-0.711670,-3.656035e-20,-8.611781e-19
-0.711426,-6.806992e-20,-8.679856e-19
-0.711182,-4.765506e-20,-8.586913e-19
-0.710938,-1.318777e-20,-8.393986e-19
-0.710693,-1.952379e-20,-8.301575e-19
-0.710449,-5.888726e-20,-8.263636e-19
-0.710205,-5.232073e-20,-8.183209e-19
-0.709961,-1.440872e-21,-8.292946e-19
-0.709717,-6.791750e-21,-8.525654e-19
-0.709473,-5.085893e-20,-8.571328e-19
-0.709229,-4.107182e-20,-8.459315e-19
-0.708984,-1.665436e-21,-8.283028e-19
-0.708740,7.811561e-22,-8.147333e-19
-0.708496,-3.337769e-20,-8.106103e-19
-0.708252,-4.207331e-20,-8.079692e-19
-0.708008,3.415526e-21,-8.217268e-19
-0.707764,1.813773e-20,-8.446968e-19
-0.707520,-2.419560e-20,-8.471938e-19
-0.707275,-3.121526e-20,-8.363235e-19
-0.707031,7.838143e-21,-8.201064e-19
-0.706787,2.453851e-20,-8.030890e-19
-0.706543,-6.572090e-21,-7.983807e-19
-0.706299,-2.776024e-20,-8.018206e-19
-0.706055,1.126595e-20,-8.180572e-19
-0.705811,3.788069e-20,-8.406349e-19
-0.705566,5.922133e-21,-8.417967e-19
-0.705322,-1.781363e-20,-8.288423e-19
-0.705078,1.410127e-20,-8.118317e-19
-0.704834,4.743496e-20,-7.940894e-19
-0.704590,2.157310e-20,-7.886463e-19
-0.704346,-7.999903e-21,-7.956467e-19
-0.704102,1.982754e-20,-8.154508e-19
-0.703857,5.733831e-20,-8.372812e-19
-0.703613,3.955062e-20,-8.396837e-19
-0.703369,3.734657e-21,-8.257698e-19
-0.703125,2.407691e-20,-8.096490e-19
-0.702881,6.560143e-20,-7.920020e-19
-0.702637,5.125149e-20,-7.829241e-19
-0.702393,1.479422e-20,-7.941009e-19
-0.702148,3.074664e-20,-8.168253e-19
-0.701904,7.228209e-20,-8.385244e-19
-0.701660,6.793290e-20,-8.400805e-19
-0.701416,3.279618e-20,-8.249898e-19
-0.701172,3.591401e-20,-8.101309e-19
-0.700928,7.988172e-20,-7.915320e-19
-0.700684,8.506850e-20,-7.817558e-19
-0.700439,4.206137e-20,-7.964979e-19
-0.700195,4.266595e-20,-8.226175e-19
-0.699951,8.876310e-20,-8.421970e-19
-0.699707,9.695552e-20,-8.444807e-19
-0.699463,6.106961e-20,-8.284747e-19
-0.699219,4.966582e-20,-8.119440e-19
-0.698975,9.166277e-20,-7.951659e-19
-0.698730,1.135444e-19,-7.822747e-19
-0.698486,7.301028e-20,-7.997705e-19
-0.698242,5.921243e-20,-8.310322e-19
-0.697998,1.015540e-19,-8.499066e-19
-0.697754,1.223136e-19,-8.512473e-19
-0.697510,9.411266e-20,-8.359744e-19
-0.697266,6.996850e-20,-8.205435e-19
-0.697021,9.997028e-20,-8.037453e-19
-0.696777,1.361879e-19,-7.908975e-19
-0.696533,1.076086e-19,-8.078599e-19
-0.696289,7.593213e-20,-8.415728e-19
-0.696045,1.121280e-19,-8.613543e-19
-0.695801,1.448383e-19,-8.607272e-19
-0.695557,1.222105e-19,-8.464879e-19
-0.695312,9.579241e-20,-8.309784e-19
-0.695068,1.124155e-19,-8.138270e-19
-0.694824,1.535774e-19,-8.016481e-19
-0.694580,1.430827e-19,-8.195299e-19
-0.694336,9.911188e-20,-8.562488e-19
-0.694092,1.213160e-19,-8.767692e-19
-0.693848,1.645985e-19,-8.747069e-19
-0.693604,1.516194e-19,-8.610146e-19
-0.693359,1.219967e-19,-8.459428e-19
-0.693115,1.236932e-19,-8.284699e-19
-0.692871,1.638672e-19,-8.147749e-19
-0.692627,1.757553e-19,-8.348813e-19
-0.692383,1.281373e-19,-8.748397e-19
-0.692139,1.311194e-19,-8.946470e-19
-0.691895,1.811124e-19,-8.921199e-19
-0.691650,1.782732e-19,-8.794569e-19
-0.691406,1.496553e-19,-8.648525e-19
-0.691162,1.425535e-19,-8.469197e-19
-0.690918,1.738543e-19,-8.354573e-19
-0.690674,2.010528e-19,-8.549107e-19
-0.690430,1.599913e-19,-8.949101e-19
-0.690186,1.401191e-19,-9.163724e-19
-0.689941,1.916444e-19,-9.113071e-19
-0.689697,2.070202e-19,-8.998623e-19
-0.689453,1.754943e-19,-8.862497e-19
-0.689209,1.612691e-19,-8.690464e-19
-0.688965,1.834151e-19,-8.572451e-19
-0.688721,2.201810e-19,-8.761658e-19
-0.688477,1.973567e-19,-9.214702e-19
-0.688232,1.568843e-19,-9.420002e-19
-0.687988,1.977633e-19,-9.332122e-19
-0.687744,2.299113e-19,-9.235000e-19
-0.687500,2.001683e-19,-9.119218e-19
-0.687256,1.813026e-19,-8.933597e-19
-0.687012,1.939316e-19,-8.811944e-19
-0.686768,2.327734e-19,-9.008858e-19
-0.686523,2.298196e-19,-9.463912e-19
-0.686279,1.779018e-19,-9.683403e-19
-0.686035,2.004048e-19,-9.576427e-19
-0.685791,2.518480e-19,-9.495509e-19
-0.685547,2.267198e-19,-9.396800e-19
-0.685303,1.997506e-19,-9.190455e-19
-0.685059,2.099426e-19,-9.104389e-19
-0.684814,2.369774e-19,-9.306952e-19
-0.684570,2.531717e-19,-9.752996e-19
-0.684326,2.086831e-19,-9.989258e-19
-0.684082,2.008628e-19,-9.843308e-19
-0.683838,2.607002e-19,-9.751766e-19
-0.683594,2.546106e-19,-9.687280e-19
-0.683350,2.179894e-19,-9.475342e-19
-0.683105,2.229342e-19,-9.393119e-19
-0.682861,2.450536e-19,-9.599285e-19
-0.682617,2.704132e-19,-1.005497e-18
-0.682373,2.396039e-19,-1.029623e-18
-0.682129,2.071137e-19,-1.011413e-18
-0.681885,2.639133e-19,-1.003816e-18
-0.681641,2.819703e-19,-1.000539e-18
-0.681396,2.360304e-19,-9.794787e-19
-0.681152,2.329222e-19,-9.696680e-19
-0.680908,2.534745e-19,-9.900094e-19
-0.680664,2.796576e-19,-1.036391e-18
-0.680420,2.676341e-19,-1.060167e-18
-0.680176,2.216577e-19,-1.040904e-18
-0.679932,2.589249e-19,-1.030984e-18
-0.679688,3.025584e-19,-1.032541e-18
-0.679443,2.605039e-19,-1.013454e-18
-0.679199,2.432944e-19,-1.000295e-18
-0.678955,2.642114e-19,-1.024913e-18
-0.678711,2.839519e-19,-1.069132e-18
-0.678467,2.899338e-19,-1.089629e-18
-0.678223,2.433515e-19,-1.072768e-18
-0.677979,2.521347e-19,-1.058865e-18
-0.677734,3.145272e-19,-1.062358e-18
-0.677490,2.846001e-19,-1.046440e-18
-0.677246,2.510402e-19,-1.030300e-18
-0.677002,2.731290e-19,-1.056813e-18
-0.676758,2.914173e-19,-1.101980e-18
-0.676514,3.058258e-19,-1.121489e-18
-0.676270,2.696149e-19,-1.102457e-18
-0.676025,2.512976e-19,-1.086609e-18
-0.675781,3.145747e-19,-1.094256e-18
-0.675537,3.120858e-19,-1.080693e-18
-0.675293,2.628591e-19,-1.061918e-18
-0.675049,2.770472e-19,-1.088585e-18
-0.674805,2.994362e-19,-1.134146e-18
-0.674561,3.123879e-19,-1.151617e-18
-0.674316,2.943685e-19,-1.131371e-18
-0.674072,2.583548e-19,-1.113649e-18
-0.673828,3.087657e-19,-1.123262e-18
-0.673584,3.371716e-19,-1.113430e-18
-0.673340,2.788683e-19,-1.092936e-18
-0.673096,2.797354e-19,-1.119652e-18
-0.672852,3.098630e-19,-1.166817e-18
-0.672607,3.179336e-19,-1.181566e-18
-0.672363,3.135857e-19,-1.159630e-18
-0.672119,2.738627e-19,-1.139552e-18
-0.671875,2.968365e-19,-1.149300e-18
-0.671631,3.501671e-19,-1.144037e-18
-0.671387,3.058324e-19,-1.121478e-18
-0.671143,2.789524e-19,-1.146000e-18
-0.670898,3.143217e-19,-1.196436e-18
-0.670654,3.270375e-19,-1.209343e-18
-0.670410,3.263745e-19,-1.184371e-18
-0.670166,2.940756e-19,-1.164876e-18
-0.669922,2.887531e-19,-1.174640e-18
-0.669678,3.519086e-19,-1.172647e-18
-0.669434,3.330210e-19,-1.152641e-18
-0.669189,2.797195e-19,-1.172432e-18
-0.668945,3.134145e-19,-1.221721e-18
-0.668701,3.360859e-19,-1.235351e-18
-0.668457,3.317868e-19,-1.205227e-18
-0.668213,3.128099e-19,-1.185416e-18
-0.667969,2.892821e-19,-1.197322e-18
-0.667725,3.423946e-19,-1.198438e-18
-0.667480,3.566307e-19,-1.177817e-18
-0.667236,2.918888e-19,-1.195149e-18
-0.666992,3.053313e-19,-1.247138e-18
-0.666748,3.411999e-19,-1.257891e-18
-0.666504,3.361112e-19,-1.226114e-18
-0.666260,3.227682e-19,-1.205151e-18
-0.666016,2.947942e-19,-1.214495e-18
-0.665771,3.288145e-19,-1.219673e-18
-0.665527,3.673582e-19,-1.201479e-18
-0.665283,3.083253e-19,-1.214926e-18
-0.665039,2.951273e-19,-1.266344e-18
-0.664795,3.422781e-19,-1.279112e-18
-0.664551,3.416881e-19,-1.243340e-18
-0.664307,3.288042e-19,-1.222353e-18
-0.664062,3.042051e-19,-1.232193e-18
-0.663818,3.123901e-19,-1.239790e-18
-0.663574,3.664235e-19,-1.225465e-18
-0.663330,3.295773e-19,-1.233950e-18
-0.663086,2.857009e-19,-1.285113e-18
-0.662842,3.327600e-19,-1.296207e-18
-0.662598,3.468258e-19,-1.257925e-18
-0.662354,3.291817e-19,-1.234774e-18
-0.662109,3.105821e-19,-1.244033e-18
-0.661865,3.032733e-19,-1.257089e-18
-0.661621,3.544084e-19,-1.242719e-18
-0.661377,3.479432e-19,-1.251129e-18
-0.661133,2.844505e-19,-1.300887e-18
-0.660889,3.138483e-19,-1.312709e-18
-0.660645,3.488590e-19,-1.273177e-18
-0.660400,3.280497e-19,-1.243919e-18
-0.660156,3.118585e-19,-1.255120e-18
-0.659912,2.975360e-19,-1.269824e-18
-0.659668,3.342506e-19,-1.258481e-18
-0.659424,3.547716e-19,-1.264945e-18
-0.659180,2.914668e-19,-1.310416e-18
-0.658936,2.932204e-19,-1.325261e-18
-0.658691,3.427669e-19,-1.281878e-18
-0.658447,3.302690e-19,-1.253040e-18
-0.658203,3.085025e-19,-1.266138e-18
-0.657959,2.936710e-19,-1.281013e-18
-0.657715,3.138149e-19,-1.273287e-18
-0.657471,3.507318e-19,-1.277571e-18
-0.657227,3.029449e-19,-1.322306e-18
-0.656982,2.737678e-19,-1.334694e-18
-0.656738,3.263078e-19,-1.287901e-18
-0.656494,3.315478e-19,-1.259260e-18
-0.656250,3.024121e-19,-1.272573e-18
-0.656006,2.890534e-19,-1.288245e-18
-0.655762,2.979653e-19,-1.282814e-18
-0.655518,3.375371e-19,-1.289043e-18
-0.655273,3.133335e-19,-1.329764e-18
-0.655029,2.635560e-19,-1.341675e-18
-0.654785,3.019259e-19,-1.295130e-18
-0.654541,3.301858e-19,-1.263021e-18
-0.654297,2.985389e-19,-1.277768e-18
-0.654053,2.777687e-19,-1.292632e-18
-0.653809,2.835304e-19,-1.289384e-18
-0.653564,3.184637e-19,-1.296561e-18
-0.653320,3.149454e-19,-1.333600e-18
-0.653076,2.595536e-19,-1.347819e-18
-0.652832,2.763985e-19,-1.299378e-18
-0.652588,3.220892e-19,-1.265428e-18
-0.652344,2.957705e-19,-1.281073e-18
-0.652100,2.679192e-19,-1.295823e-18
-0.651855,2.710187e-19,-1.296766e-18
-0.651611,2.966927e-19,-1.305229e-18
-0.651367,3.102599e-19,-1.337606e-18
-0.651123,2.590547e-19,-1.350029e-18
-0.650879,2.493452e-19,-1.302290e-18
-0.650635,3.018686e-19,-1.263904e-18
-0.650391,2.943664e-19,-1.280224e-18
-0.650146,2.580424e-19,-1.299113e-18
-0.649902,2.538976e-19,-1.298244e-18
-0.649658,2.779495e-19,-1.309099e-18
-0.649414,2.993463e-19,-1.340516e-18
-0.649170,2.604993e-19,-1.349519e-18
-0.648926,2.313095e-19,-1.304688e-18
-0.648682,2.744177e-19,-1.262495e-18
-0.648438,2.892980e-19,-1.277372e-18
-0.648193,2.499932e-19,-1.300958e-18
-0.647949,2.348119e-19,-1.298438e-18
-0.647705,2.565346e-19,-1.310031e-18
-0.647461,2.832874e-19,-1.340787e-18
-0.647217,2.597491e-19,-1.346309e-18
-0.646973,2.149702e-19,-1.303321e-18
-0.646729,2.457333e-19,-1.260884e-18
-0.646484,2.801167e-19,-1.275305e-18
-0.646240,2.452398e-19,-1.300447e-18
-0.645996,2.187909e-19,-1.298772e-18
-0.645752,2.343651e-19,-1.310817e-18
-0.645508,2.621467e-19,-1.340960e-18
-0.645264,2.513746e-19,-1.344605e-18
-0.645020,2.054616e-19,-1.299207e-18
-0.644775,2.171071e-19,-1.256783e-18
-0.644531,2.589594e-19,-1.269984e-18
-0.644287,2.398021e-19,-1.295725e-18
-0.644043,2.030178e-19,-1.297049e-18
-0.643799,2.099868e-19,-1.308567e-18
-0.643555,2.420953e-19,-1.338386e-18
-0.643311,2.409384e-19,-1.342232e-18
-0.643066,1.963624e-19,-1.296237e-18
-0.642822,1.915954e-19,-1.252123e-18
-0.642578,2.331091e-19,-1.265050e-18
-0.642334,2.312311e-19,-1.293940e-18
-0.642090,1.909846e-19,-1.294638e-18
-0.641846,1.822718e-19,-1.304416e-18
-0.641602,2.150282e-19,-1.337036e-18
-0.641357,2.297179e-19,-1.337823e-18
-0.641113,1.883416e-19,-1.289883e-18
-0.640869,1.655415e-19,-1.249449e-18
-0.640625,2.067035e-19,-1.260216e-18
-0.640381,2.185785e-19,-1.289339e-18
-0.640137,1.804762e-19,-1.293196e-18
-0.639893,1.642933e-19,-1.302716e-18
-0.639648,1.857491e-19,-1.333151e-18
-0.639404,2.110902e-19,-1.332712e-18
-0.639160,1.802814e-19,-1.285774e-18
-0.638916,1.419355e-19,-1.242935e-18
-0.638672,1.768802e-19,-1.252248e-18
-0.638428,2.006301e-19,-1.284430e-18
-0.638184,1.702158e-19,-1.290613e-18
-0.637939,1.455273e-19,-1.297783e-18
-0.637695,1.569958e-19,-1.328261e-18
-0.637451,1.903218e-19,-1.329313e-18
-0.637207,1.723739e-19,-1.280957e-18
-0.636963,1.251029e-19,-1.240428e-18
-0.636719,1.432552e-19,-1.249165e-18
-0.636475,1.777341e-19,-1.279577e-18
-0.636230,1.569569e-19,-1.287510e-18
-0.635986,1.252033e-19,-1.294855e-18
-0.635742,1.276485e-19,-1.323023e-18
-0.635498,1.603456e-19,-1.322954e-18
-0.635254,1.614034e-19,-1.275140e-18
-0.635010,1.085870e-19,-1.234635e-18
-0.634766,1.099137e-19,-1.243842e-18
-0.634521,1.546545e-19,-1.273663e-18
-0.634277,1.413668e-19,-1.285679e-18
-0.634033,1.071688e-19,-1.293833e-18
-0.633789,1.011451e-19,-1.316528e-18
-0.633545,1.268213e-19,-1.318963e-18
-0.633301,1.433031e-19,-1.271633e-18
-0.633057,9.593006e-20,-1.229833e-18
-0.632812,7.458747e-20,-1.238839e-18
-0.632568,1.226044e-19,-1.266759e-18
-0.632324,1.246429e-19,-1.281074e-18
-0.632080,8.645607e-20,-1.289329e-18
-0.631836,7.633436e-20,-1.310898e-18
-0.631592,9.282532e-20,-1.314080e-18
-0.631348,1.192308e-19,-1.268024e-18
-0.631104,8.663961e-20,-1.228150e-18
-0.630859,4.388041e-20,-1.236410e-18
-0.630615,8.548166e-20,-1.265163e-18
-0.630371,1.047709e-19,-1.280264e-18
-0.630127,6.422085e-20,-1.286691e-18
-0.629883,4.933940e-20,-1.307483e-18
-0.629639,6.156420e-20,-1.310168e-18
-0.629395,8.495759e-20,-1.263903e-18
-0.629150,7.421703e-20,-1.223407e-18
-0.628906,2.279844e-20,-1.233885e-18
-0.628662,4.297907e-20,-1.262819e-18
-0.628418,8.345867e-20,-1.277519e-18
-0.628174,4.685175e-20,-1.285412e-18
-0.627930,2.282495e-20,-1.303688e-18
-0.627686,3.279544e-20,-1.305487e-18
-0.627441,4.977699e-20,-1.262064e-18
-0.627197,5.584866e-20,-1.223014e-18
-0.626953,6.721032e-21,-1.230696e-18
-0.626709,-1.325680e-22,-1.259187e-18
-0.626465,5.285075e-20,-1.274525e-18
-0.626221,3.456934e-20,-1.283542e-18
-0.625977,-5.011861e-21,-1.300533e-18
-0.625732,2.947028e-21,-1.299817e-18
-0.625488,1.969236e-20,-1.260979e-18
-0.625244,3.027632e-20,-1.221074e-18
-0.625000,-5.351339e-21,-1.229560e-18
-0.624756,-3.369948e-20,-1.260620e-18
-0.624512,1.519360e-20,-1.272568e-18
-0.624268,2.051578e-20,-1.284158e-18
-0.624023,-2.885738e-20,-1.300321e-18
-0.623779,-2.820731e-20,-1.294753e-18
-0.623535,-8.168711e-21,-1.257546e-18
-0.623291,1.753810e-21,-1.220404e-18
-0.623047,-1.831133e-20,-1.228847e-18
-0.622803,-5.873048e-20,-1.258347e-18
-0.622559,-2.600046e-20,-1.269044e-18
-0.622314,4.998458e-21,-1.281942e-18
-0.622070,-4.430331e-20,-1.299336e-18
-0.621826,-5.859874e-20,-1.291146e-18
-0.621582,-3.529607e-20,-1.253725e-18
-0.621338,-2.800162e-20,-1.220107e-18
-0.621094,-3.613629e-20,-1.227703e-18
-0.620850,-7.679792e-20,-1.256271e-18
-0.620605,-6.640209e-20,-1.267619e-18
-0.620361,-1.856396e-20,-1.278088e-18
-0.620117,-5.523218e-20,-1.293980e-18
-0.619873,-8.885395e-20,-1.285583e-18
-0.619629,-6.441982e-20,-1.249719e-18
-0.619385,-5.208910e-20,-1.219766e-18
-0.619141,-5.656518e-20,-1.227981e-18
-0.618896,-9.080805e-20,-1.253851e-18
-0.618652,-9.982187e-20,-1.265293e-18
-0.618408,-5.326828e-20,-1.276586e-18
-0.618164,-6.548573e-20,-1.290438e-18
-0.617920,-1.120668e-19,-1.280361e-18
-0.617676,-9.835320e-20,-1.244041e-18
-0.617432,-7.537671e-20,-1.215899e-18
-0.617188,-8.117418e-20,-1.223798e-18
-0.616943,-1.047667e-19,-1.249402e-18
-0.616699,-1.260061e-19,-1.260659e-18
-0.616455,-9.285188e-20,-1.270371e-18
-0.616211,-7.597264e-20,-1.285959e-18
-0.615967,-1.283543e-19,-1.273157e-18
-0.615723,-1.318582e-19,-1.237694e-18
-0.615479,-1.003658e-19,-1.214491e-18
-0.615234,-1.051246e-19,-1.220100e-18
-0.614990,-1.238577e-19,-1.246151e-18
-0.614746,-1.483760e-19,-1.256300e-18
-0.614502,-1.291734e-19,-1.260946e-18
-0.614258,-9.863667e-20,-1.278475e-18
-0.614014,-1.391266e-19,-1.265909e-18
-0.613770,-1.634872e-19,-1.227350e-18
-0.613525,-1.307431e-19,-1.208402e-18
-0.613281,-1.223271e-19,-1.217850e-18
-0.613037,-1.442493e-19,-1.240158e-18
-0.612793,-1.689811e-19,-1.250768e-18
-0.612549,-1.608625e-19,-1.256898e-18
-0.612305,-1.270877e-19,-1.268475e-18
-0.612061,-1.500372e-19,-1.256243e-18
-0.611816,-1.874929e-19,-1.219042e-18
-0.611572,-1.653784e-19,-1.198346e-18
-0.611328,-1.440346e-19,-1.212175e-18
-0.611084,-1.614575e-19,-1.232781e-18
-0.610840,-1.889988e-19,-1.240094e-18
-0.610596,-1.903688e-19,-1.246148e-18
-0.610352,-1.570709e-19,-1.256824e-18
-0.610107,-1.611459e-19,-1.245867e-18
-0.609863,-2.068361e-19,-1.206704e-18
-0.609619,-1.995972e-19,-1.188887e-18
-0.609375,-1.687009e-19,-1.205189e-18
-0.609131,-1.807840e-19,-1.223655e-18
-0.608887,-2.081220e-19,-1.231433e-18
-0.608643,-2.142030e-19,-1.234343e-18
-0.608398,-1.876994e-19,-1.244104e-18
-0.608154,-1.798727e-19,-1.232762e-18
-0.607910,-2.175760e-19,-1.191601e-18
-0.607666,-2.269336e-19,-1.176430e-18
-0.607422,-1.958383e-19,-1.194208e-18
-0.607178,-1.932105e-19,-1.213017e-18
-0.606934,-2.257128e-19,-1.220913e-18
-0.606689,-2.385243e-19,-1.220718e-18
-0.606445,-2.144829e-19,-1.227209e-18
-0.606201,-2.012204e-19,-1.216824e-18
-0.605957,-2.289168e-19,-1.176645e-18
-0.605713,-2.496703e-19,-1.160318e-18
-0.605469,-2.267670e-19,-1.180928e-18
-0.605225,-2.092148e-19,-1.198063e-18
-0.604980,-2.367713e-19,-1.201990e-18
-0.604736,-2.598136e-19,-1.202454e-18
-0.604492,-2.391314e-19,-1.207807e-18
-0.604248,-2.195882e-19,-1.197834e-18
-0.604004,-2.417364e-19,-1.157229e-18
-0.603760,-2.659987e-19,-1.142763e-18
-0.603516,-2.537132e-19,-1.166236e-18
-0.603271,-2.327535e-19,-1.180638e-18
-0.603027,-2.443662e-19,-1.184032e-18
-0.602783,-2.790184e-19,-1.183411e-18
-0.602539,-2.690517e-19,-1.185610e-18
-0.602295,-2.358043e-19,-1.174948e-18
-0.602051,-2.536070e-19,-1.135183e-18
-0.601807,-2.816950e-19,-1.119637e-18
-0.601562,-2.753120e-19,-1.146253e-18
-0.601318,-2.543289e-19,-1.162741e-18
-0.601074,-2.533982e-19,-1.161745e-18
-0.600830,-2.882096e-19,-1.162723e-18
-0.600586,-2.930939e-19,-1.160913e-18
-0.600342,-2.568832e-19,-1.146837e-18
-0.600098,-2.640769e-19,-1.112730e-18
-0.599854,-2.959292e-19,-1.096222e-18
-0.599609,-2.943629e-19,-1.122023e-18
-0.599365,-2.771629e-19,-1.138810e-18
-0.599121,-2.684866e-19,-1.136765e-18
-0.598877,-2.928081e-19,-1.136589e-18
-0.598633,-3.149132e-19,-1.132273e-18
-0.598389,-2.801375e-19,-1.118731e-18
-0.598145,-2.688200e-19,-1.086523e-18
-0.597900,-3.064199e-19,-1.069940e-18
-0.597656,-3.108412e-19,-1.096804e-18
-0.597412,-2.934100e-19,-1.116922e-18
-0.597168,-2.861015e-19,-1.111667e-18
-0.596924,-2.992710e-19,-1.108493e-18
-0.596680,-3.291810e-19,-1.104257e-18
-0.596436,-3.069327e-19,-1.087184e-18
-0.596191,-2.781319e-19,-1.057266e-18
-0.595947,-3.154440e-19,-1.042543e-18
-0.595703,-3.278776e-19,-1.068143e-18
-0.595459,-3.076166e-19,-1.090773e-18
-0.595215,-3.032816e-19,-1.082518e-18
-0.594971,-3.028405e-19,-1.078396e-18
-0.594727,-3.336601e-19,-1.075948e-18
-0.594482,-3.337531e-19,-1.054337e-18
-0.594238,-2.900726e-19,-1.025613e-18
-0.593994,-3.156702e-19,-1.013403e-18
-0.593750,-3.445436e-19,-1.038339e-18
-0.593506,-3.210525e-19,-1.061473e-18
-0.593262,-3.145212e-19,-1.050390e-18
-0.593018,-3.147731e-19,-1.044554e-18
-0.592773,-3.334002e-19,-1.041233e-18
-0.592529,-3.507096e-19,-1.018354e-18
-0.592285,-3.085492e-19,-9.934899e-19
-0.592041,-3.071201e-19,-9.823974e-19
-0.591797,-3.542827e-19,-1.003877e-18
-0.591553,-3.368442e-19,-1.030692e-18
-0.591309,-3.177720e-19,-1.019739e-18
-0.591064,-3.271786e-19,-1.008898e-18
-0.590820,-3.314078e-19,-1.008447e-18
-0.590576,-3.557726e-19,-9.819788e-19
-0.590332,-3.302389e-19,-9.533519e-19
-0.590088,-3.015664e-19,-9.480481e-19
-0.589844,-3.529121e-19,-9.690523e-19
-0.589600,-3.525468e-19,-9.945322e-19
-0.589355,-3.175580e-19,-9.850034e-19
-0.589111,-3.294091e-19,-9.720671e-19
-0.588867,-3.329899e-19,-9.706254e-19
-0.588623,-3.517151e-19,-9.443215e-19
-0.588379,-3.463150e-19,-9.154725e-19
-0.588135,-3.032583e-19,-9.129543e-19
-0.587891,-3.403993e-19,-9.351692e-19
-0.587646,-3.652101e-19,-9.561439e-19
-0.587402,-3.220234e-19,-9.470805e-19
-0.587158,-3.272231e-19,-9.340156e-19
-0.586914,-3.382587e-19,-9.304841e-19
-0.586670,-3.418204e-19,-9.063398e-19
-0.586426,-3.535182e-19,-8.763714e-19
-0.586182,-3.126261e-19,-8.763294e-19
-0.585938,-3.201955e-19,-9.002650e-19
-0.585693,-3.682329e-19,-9.217262e-19
-0.585449,-3.304940e-19,-9.149706e-19
-0.585205,-3.173576e-19,-8.970281e-19
-0.584961,-3.424395e-19,-8.909805e-19
-0.584717,-3.367797e-19,-8.700055e-19
-0.584473,-3.501630e-19,-8.388958e-19
-0.584229,-3.260717e-19,-8.385447e-19
-0.583984,-3.066721e-19,-8.639171e-19
-0.583740,-3.598428e-19,-8.814067e-19
-0.583496,-3.458043e-19,-8.747222e-19
-0.583252,-3.074233e-19,-8.588566e-19
-0.583008,-3.354998e-19,-8.508081e-19
-0.582764,-3.368674e-19,-8.304091e-19
-0.582520,-3.416778e-19,-7.999697e-19
-0.582275,-3.382158e-19,-8.011318e-19
-0.582031,-3.000219e-19,-8.263677e-19
-0.581787,-3.425715e-19,-8.416015e-19
-0.581543,-3.598059e-19,-8.348195e-19
-0.581299,-3.044762e-19,-8.166290e-19
-0.581055,-3.238681e-19,-8.092442e-19
-0.580811,-3.396543e-19,-7.907311e-19
-0.580566,-3.300632e-19,-7.599780e-19
-0.580322,-3.388146e-19,-7.632485e-19
-0.580078,-3.019249e-19,-7.908455e-19
-0.579834,-3.180792e-19,-8.073722e-19
-0.579590,-3.593995e-19,-8.012779e-19
-0.579346,-3.103579e-19,-7.819489e-19
-0.579102,-3.052059e-19,-7.722761e-19
-0.578857,-3.356278e-19,-7.554048e-19
-0.578613,-3.230932e-19,-7.259509e-19
-0.578369,-3.272571e-19,-7.268027e-19
-0.578125,-3.059701e-19,-7.549891e-19
-0.577881,-2.973685e-19,-7.713251e-19
-0.577637,-3.449152e-19,-7.627274e-19
-0.577393,-3.187137e-19,-7.435964e-19
-0.577148,-2.829708e-19,-7.331662e-19
-0.576904,-3.214813e-19,-7.189887e-19
-0.576660,-3.202842e-19,-6.916554e-19
-0.576416,-3.097599e-19,-6.927397e-19
-0.576172,-3.077124e-19,-7.255229e-19
-0.575928,-2.840153e-19,-7.367512e-19
-0.575684,-3.223541e-19,-7.272639e-19
-0.575439,-3.278512e-19,-7.139256e-19
-0.575195,-2.713654e-19,-6.987072e-19
-0.574951,-3.004951e-19,-6.853526e-19
-0.574707,-3.209704e-19,-6.616745e-19
-0.574463,-2.937034e-19,-6.626813e-19
-0.574219,-2.993152e-19,-6.964085e-19
-0.573975,-2.790695e-19,-7.070162e-19
-0.573730,-2.938728e-19,-6.979880e-19
-0.573486,-3.228781e-19,-6.847710e-19
-0.573242,-2.702354e-19,-6.688844e-19
-0.572998,-2.723490e-19,-6.562797e-19
-0.572754,-3.086598e-19,-6.362118e-19
-0.572510,-2.844852e-19,-6.367484e-19
-0.572266,-2.794546e-19,-6.677176e-19
-0.572021,-2.690942e-19,-6.807493e-19
-0.571777,-2.670372e-19,-6.688380e-19
-0.571533,-3.033406e-19,-6.553021e-19
-0.571289,-2.682134e-19,-6.433014e-19
-0.571045,-2.415859e-19,-6.296259e-19
-0.570801,-2.879875e-19,-6.131321e-19
-0.570557,-2.787115e-19,-6.162013e-19
-0.570312,-2.575886e-19,-6.460797e-19
-0.570068,-2.595603e-19,-6.591119e-19
-0.569824,-2.481812e-19,-6.460203e-19
-0.569580,-2.776352e-19,-6.335685e-19
-0.569336,-2.674704e-19,-6.202692e-19
-0.569092,-2.220223e-19,-6.056636e-19
-0.568848,-2.561210e-19,-5.951765e-19
-0.568604,-2.682572e-19,-5.986485e-19
-0.568359,-2.362310e-19,-6.276197e-19
-0.568115,-2.374501e-19,-6.411261e-19
-0.567871,-2.295139e-19,-6.246616e-19
-0.567627,-2.447303e-19,-6.166925e-19
-0.567383,-2.556132e-19,-6.057521e-19
-0.567139,-2.079859e-19,-5.866873e-19
-0.566895,-2.214042e-19,-5.809627e-19
-0.566650,-2.545329e-19,-5.901417e-19
-0.566406,-2.212430e-19,-6.139970e-19
-0.566162,-2.094319e-19,-6.255550e-19
-0.565918,-2.119712e-19,-6.108995e-19
-0.565674,-2.171980e-19,-6.007476e-19
-0.565430,-2.345188e-19,-5.924839e-19
-0.565186,-1.953122e-19,-5.747722e-19
-0.564941,-1.837681e-19,-5.716648e-19
-0.564697,-2.285340e-19,-5.850500e-19
-0.564453,-2.078292e-19,-6.064741e-19
-0.564209,-1.825386e-19,-6.187429e-19
-0.563965,-1.912542e-19,-6.029116e-19
-0.563721,-1.897316e-19,-5.917538e-19
-0.563477,-2.057572e-19,-5.861331e-19
-0.563232,-1.827645e-19,-5.681895e-19
-0.562988,-1.546221e-19,-5.677266e-19
-0.562744,-1.949595e-19,-5.853754e-19
-0.562500,-1.913451e-19,-6.043581e-19
-0.562256,-1.548952e-19,-6.138601e-19
-0.562012,-1.621209e-19,-6.010958e-19
-0.561768,-1.646908e-19,-5.884287e-19
-0.561523,-1.740104e-19,-5.834933e-19
-0.561279,-1.666306e-19,-5.693652e-19
-0.561035,-1.303257e-19,-5.674550e-19
-0.560791,-1.554201e-19,-5.909129e-19
-0.560547,-1.731787e-19,-6.107100e-19
-0.560303,-1.337530e-19,-6.126090e-19
-0.560059,-1.278760e-19,-6.015588e-19
-0.559814,-1.387295e-19,-5.900560e-19
-0.559570,-1.424758e-19,-5.860061e-19
-0.559326,-1.405762e-19,-5.741875e-19
-0.559082,-1.084106e-19,-5.741862e-19
-0.558838,-1.138046e-19,-6.027974e-19
-0.558594,-1.457752e-19,-6.231963e-19
-0.558350,-1.157001e-19,-6.222120e-19
-0.558105,-9.398607e-20,-6.084977e-19
-0.557861,-1.100299e-19,-5.979387e-19
-0.557617,-1.113954e-19,-5.965161e-19
-0.557373,-1.119827e-19,-5.851825e-19
-0.557129,-8.768872e-20,-5.866582e-19
-0.556885,-7.654704e-20,-6.175465e-19
-0.556641,-1.117876e-19,-6.407517e-19
-0.556396,-9.349378e-20,-6.347832e-19
-0.556152,-5.906891e-20,-6.189912e-19
-0.555908,-7.475267e-20,-6.132095e-19
-0.555664,-8.168160e-20,-6.108811e-19
-0.555420,-7.973207e-20,-6.015157e-19
-0.555176,-6.199343e-20,-6.045536e-19
-0.554932,-4.268669e-20,-6.390971e-19
-0.554688,-7.310281e-20,-6.646123e-19
-0.554443,-7.311743e-20,-6.515795e-19
-0.554199,-3.121054e-20,-6.344063e-19
-0.553955,-3.538623e-20,-6.297367e-19
-0.553711,-5.135551e-20,-6.290523e-19
-0.553467,-4.784278e-20,-6.226624e-19
-0.553223,-3.425396e-20,-6.262409e-19
-0.552979,-1.113722e-20,-6.647808e-19
-0.552734,-2.983299e-20,-6.928454e-19
-0.552490,-4.640166e-20,-6.766139e-19
-0.552246,-6.245923e-21,-6.562486e-19
-0.552002,2.496636e-21,-6.541154e-19
-0.551758,-1.781585e-20,-6.528427e-19
-0.551514,-1.598966e-20,-6.468063e-19
-0.551270,-4.747727e-21,-6.558090e-19
-0.551025,1.844336e-20,-6.936123e-19
-0.550781,9.800276e-21,-7.237830e-19
-0.550537,-1.312694e-20,-7.064567e-19
-0.550293,1.873209e-20,-6.791414e-19
-0.550049,4.008773e-20,-6.790695e-19
-0.549805,1.790413e-20,-6.828062e-19
-0.549561,1.344270e-20,-6.763706e-19
-0.549316,2.704082e-20,-6.860941e-19
-0.549072,4.536149e-20,-7.290299e-19
-0.548828,4.814339e-20,-7.608673e-19
-0.548584,2.206757e-20,-7.391425e-19
-0.548340,3.786681e-20,-7.071103e-19
-0.548096,7.510111e-20,-7.089314e-19
-0.547852,5.641772e-20,-7.127914e-19
-0.547607,4.270474e-20,-7.076224e-19
-0.547363,5.879804e-20,-7.219539e-19
-0.547119,7.251746e-20,-7.647381e-19
-0.546875,8.290914e-20,-8.007551e-19
-0.546631,6.151166e-20,-7.783081e-19
-0.546387,6.086547e-20,-7.410978e-19
-0.546143,1.032014e-19,-7.434500e-19
-0.545898,9.675858e-20,-7.489541e-19
-0.545654,7.272792e-20,-7.444744e-19
-0.545410,8.658936e-20,-7.602086e-19
-0.545166,1.047199e-19,-8.056931e-19
-0.544922,1.151641e-19,-8.415041e-19
-0.544678,9.884128e-20,-8.187067e-19
-0.544434,8.953207e-20,-7.757729e-19
-0.544189,1.282248e-19,-7.768067e-19
-0.543945,1.367827e-19,-7.890674e-19
-0.543701,1.063731e-19,-7.830822e-19
-0.543457,1.131531e-19,-8.011196e-19
-0.543213,1.359097e-19,-8.504229e-19
-0.542969,1.444874e-19,-8.861192e-19
-0.542725,1.356256e-19,-8.639215e-19
-0.542480,1.192663e-19,-8.160205e-19
-0.542236,1.492966e-19,-8.131946e-19
-0.541992,1.719850e-19,-8.288274e-19
-0.541748,1.426801e-19,-8.249024e-19
-0.541504,1.406743e-19,-8.420475e-19
-0.541260,1.645900e-19,-8.956963e-19
-0.541016,1.769963e-19,-9.343309e-19
-0.540771,1.717522e-19,-9.106376e-19
-0.540527,1.508301e-19,-8.580747e-19
-0.540283,1.734924e-19,-8.528139e-19
-0.540039,2.045917e-19,-8.729442e-19
-0.539795,1.805697e-19,-8.695860e-19
-0.539551,1.669152e-19,-8.868065e-19
-0.539307,1.907701e-19,-9.425768e-19
-0.539062,2.097050e-19,-9.802797e-19
-0.538818,2.032111e-19,-9.555946e-19
-0.538574,1.859506e-19,-9.003365e-19
-0.538330,1.984364e-19,-8.923312e-19
-0.538086,2.313720e-19,-9.159340e-19
-0.537842,2.215448e-19,-9.145943e-19
-0.537598,1.960775e-19,-9.302677e-19
-0.537354,2.150463e-19,-9.897448e-19
-0.537109,2.387259e-19,-1.031574e-18
-0.536865,2.354354e-19,-1.003852e-18
-0.536621,2.196945e-19,-9.430143e-19
-0.536377,2.210206e-19,-9.327616e-19
-0.536133,2.549028e-19,-9.584288e-19
-0.535889,2.575510e-19,-9.591748e-19
-0.535645,2.292899e-19,-9.734324e-19
-0.535400,2.377455e-19,-1.036094e-18
-0.535156,2.651228e-19,-1.079221e-18
-0.534912,2.686754e-19,-1.048759e-18
-0.534668,2.502716e-19,-9.897962e-19
-0.534424,2.461607e-19,-9.752050e-19
-0.534180,2.770043e-19,-1.000606e-18
-0.533936,2.905957e-19,-1.004472e-18
-0.533691,2.614980e-19,-1.016793e-18
-0.533447,2.578313e-19,-1.082319e-18
-0.533203,2.896415e-19,-1.125432e-18
-0.532959,2.988346e-19,-1.093003e-18
-0.532715,2.794426e-19,-1.030704e-18
-0.532471,2.732591e-19,-1.012842e-18
-0.532227,2.980482e-19,-1.038656e-18
-0.531982,3.167346e-19,-1.045558e-18
-0.531738,2.960947e-19,-1.058491e-18
-0.531494,2.805330e-19,-1.123175e-18
-0.531250,3.079988e-19,-1.172001e-18
-0.531006,3.278148e-19,-1.137879e-18
-0.530762,3.083660e-19,-1.070731e-18
-0.530518,2.941792e-19,-1.051570e-18
-0.530273,3.150186e-19,-1.076566e-18
-0.530029,3.413599e-19,-1.085357e-18
-0.529785,3.272073e-19,-1.097105e-18
-0.529541,3.031756e-19,-1.162918e-18
-0.529297,3.240210e-19,-1.213574e-18
-0.529053,3.506262e-19,-1.178260e-18
-0.528809,3.390209e-19,-1.108124e-18
-0.528564,3.167328e-19,-1.086647e-18
-0.528320,3.329800e-19,-1.112787e-18
-0.528076,3.622152e-19,-1.122331e-18
-0.527832,3.518974e-19,-1.133004e-18
-0.527588,3.270400e-19,-1.198999e-18
-0.527344,3.360296e-19,-1.252734e-18
-0.527100,3.679433e-19,-1.215498e-18
-0.526855,3.658644e-19,-1.142675e-18
-0.526611,3.370297e-19,-1.118844e-18
-0.526367,3.465493e-19,-1.143148e-18
-0.526123,3.783800e-19,-1.157261e-18
-0.525879,3.759862e-19,-1.165178e-18
-0.525635,3.509768e-19,-1.229014e-18
-0.525391,3.510709e-19,-1.291114e-18
-0.525146,3.813648e-19,-1.252743e-18
-0.524902,3.883088e-19,-1.173457e-18
-0.524658,3.606461e-19,-1.149800e-18
-0.524414,3.563388e-19,-1.171967e-18
-0.524170,3.883450e-19,-1.187140e-18
-0.523926,3.997224e-19,-1.195968e-18
-0.523682,3.725083e-19,-1.253971e-18
-0.523438,3.635480e-19,-1.320757e-18
-0.523193,3.922473e-19,-1.284885e-18
-0.522949,4.065233e-19,-1.199290e-18
-0.522705,3.839435e-19,-1.175629e-18
-0.522461,3.683273e-19,-1.197401e-18
-0.522217,3.977337e-19,-1.213445e-18
-0.521973,4.181770e-19,-1.223825e-18
-0.521729,3.909222e-19,-1.278434e-18
-0.521484,3.755394e-19,-1.346091e-18
-0.521240,3.981455e-19,-1.312519e-18
-0.520996,4.204923e-19,-1.222080e-18
-0.520752,4.046885e-19,-1.194416e-18
-0.520508,3.789969e-19,-1.218054e-18
-0.520264,4.027750e-19,-1.235181e-18
-0.520020,4.316290e-19,-1.244501e-18
-0.519775,4.094777e-19,-1.297771e-18
-0.519531,3.862265e-19,-1.366397e-18
-0.519287,4.034697e-19,-1.337413e-18
-0.519043,4.298969e-19,-1.243017e-18
-0.518799,4.208727e-19,-1.210740e-18
-0.518555,3.917418e-19,-1.238135e-18
-0.518311,4.022367e-19,-1.251878e-18
-0.518066,4.393006e-19,-1.260421e-18
-0.517822,4.267328e-19,-1.313283e-18
-0.517578,3.939365e-19,-1.379457e-18
-0.517334,4.084331e-19,-1.356627e-18
-0.517090,4.354893e-19,-1.258837e-18
-0.516846,4.324259e-19,-1.222323e-18
-0.516602,4.046995e-19,-1.252241e-18
-0.516357,4.026611e-19,-1.265962e-18
-0.516113,4.401103e-19,-1.273842e-18
-0.515869,4.407157e-19,-1.323408e-18
-0.515625,4.038486e-19,-1.389549e-18
-0.515381,4.046748e-19,-1.370739e-18
-0.515137,4.359335e-19,-1.271116e-18
-0.514893,4.439181e-19,-1.229400e-18
-0.514648,4.143599e-19,-1.259008e-18
-0.514404,4.007312e-19,-1.275644e-18
-0.514160,4.384708e-19,-1.282960e-18
-0.513916,4.519522e-19,-1.329234e-18
-0.513672,4.123793e-19,-1.396017e-18
-0.513428,4.021891e-19,-1.381088e-18
-0.513184,4.335362e-19,-1.282917e-18
-0.512939,4.467325e-19,-1.235301e-18
-0.512695,4.226255e-19,-1.264231e-18
-0.512451,4.010042e-19,-1.283988e-18
-0.512207,4.276280e-19,-1.287414e-18
-0.511963,4.555906e-19,-1.330955e-18
-0.511719,4.240705e-19,-1.395800e-18
-0.511475,3.986797e-19,-1.383638e-18
-0.511230,4.274593e-19,-1.288763e-18
-0.510986,4.476852e-19,-1.236735e-18
-0.510742,4.289706e-19,-1.264210e-18
-0.510498,4.027966e-19,-1.286672e-18
-0.510254,4.171695e-19,-1.290920e-18
-0.510010,4.522385e-19,-1.331908e-18
-0.509766,4.308662e-19,-1.393153e-18
-0.509521,3.949950e-19,-1.385406e-18
-0.509277,4.160977e-19,-1.293567e-18
-0.509033,4.446579e-19,-1.234270e-18
-0.508789,4.318965e-19,-1.261758e-18
-0.508545,4.024224e-19,-1.287921e-18
-0.508301,4.065859e-19,-1.289445e-18
-0.508057,4.451542e-19,-1.327411e-18
-0.507812,4.380448e-19,-1.388125e-18
-0.507568,3.920832e-19,-1.383961e-18
-0.507324,4.034686e-19,-1.293469e-18
-0.507080,4.383599e-19,-1.232674e-18
-0.506836,4.304905e-19,-1.259287e-18
-0.506592,4.039877e-19,-1.286195e-18
-0.506348,3.943352e-19,-1.288104e-18
-0.506104,4.289796e-19,-1.320781e-18
-0.505859,4.420224e-19,-1.379007e-18
-0.505615,3.941713e-19,-1.378373e-18
-0.505371,3.882051e-19,-1.289922e-18
-0.505127,4.266296e-19,-1.226391e-18
-0.504883,4.295481e-19,-1.250942e-18
-0.504639,4.008843e-19,-1.281286e-18
-0.504395,3.849659e-19,-1.283508e-18
-0.504150,4.123704e-19,-1.312867e-18
-0.503906,4.351029e-19,-1.368658e-18
-0.503662,3.944648e-19,-1.369653e-18
-0.503418,3.719816e-19,-1.286426e-18
-0.503174,4.115169e-19,-1.219599e-18
-0.502930,4.231964e-19,-1.240956e-18
-0.502686,3.965624e-19,-1.274271e-18
-0.502441,3.768606e-19,-1.273928e-18
-0.502197,3.896670e-19,-1.302384e-18
-0.501953,4.250296e-19,-1.355264e-18
-0.501709,3.996508e-19,-1.354401e-18
-0.501465,3.568495e-19,-1.280059e-18
-0.501221,3.892569e-19,-1.211971e-18
-0.500977,4.137191e-19,-1.229468e-18
-0.500732,3.893431e-19,-1.267044e-18
-0.500488,3.656344e-19,-1.265261e-18
-0.500244,3.699772e-19,-1.288736e-18
-0.500000,4.073429e-19,-1.339182e-18
-0.499756,3.976056e-19,-1.338587e-18
-0.499512,3.463221e-19,-1.267463e-18
-0.499268,3.651564e-19,-1.202238e-18
-0.499023,4.005400e-19,-1.214171e-18
-0.498779,3.810428e-19,-1.251771e-18
-0.498535,3.556960e-19,-1.256727e-18
-0.498291,3.508200e-19,-1.273413e-18
-0.498047,3.807031e-19,-1.319313e-18
-0.497803,3.919164e-19,-1.323234e-18
-0.497559,3.365194e-19,-1.254594e-18
-0.497314,3.333845e-19,-1.190600e-18
-0.497070,3.828720e-19,-1.199965e-18
-0.496826,3.702751e-19,-1.239120e-18
-0.496582,3.392979e-19,-1.244162e-18
-0.496338,3.325841e-19,-1.256071e-18
-0.496094,3.549915e-19,-1.300203e-18
-0.495850,3.794420e-19,-1.304513e-18
-0.495605,3.311674e-19,-1.242326e-18
-0.495361,3.042557e-19,-1.178726e-18
-0.495117,3.576955e-19,-1.185264e-18
-0.494873,3.607768e-19,-1.225463e-18
-0.494629,3.206564e-19,-1.231826e-18
-0.494385,3.107672e-19,-1.241520e-18
-0.494141,3.258914e-19,-1.279152e-18
-0.493896,3.559564e-19,-1.286278e-18
-0.493652,3.265922e-19,-1.224892e-18
-0.493408,2.792069e-19,-1.163876e-18
-0.493164,3.234219e-19,-1.171954e-18
-0.492920,3.472845e-19,-1.209006e-18
-0.492676,3.050282e-19,-1.220228e-18
-0.492432,2.910895e-19,-1.225256e-18
-0.492188,2.998367e-19,-1.260376e-18
-0.491943,3.257675e-19,-1.268490e-18
-0.491699,3.194333e-19,-1.209896e-18
-0.491455,2.602204e-19,-1.155906e-18
-0.491211,2.811876e-19,-1.157753e-18
-0.490967,3.306663e-19,-1.194241e-18
-0.490723,2.915041e-19,-1.209233e-18
-0.490479,2.640661e-19,-1.209951e-18
-0.490234,2.771874e-19,-1.240724e-18
-0.489990,2.951559e-19,-1.248866e-18
-0.489746,3.035551e-19,-1.196058e-18
-0.489502,2.505975e-19,-1.142459e-18
-0.489258,2.414967e-19,-1.146006e-18
-0.489014,3.046519e-19,-1.183004e-18
-0.488770,2.820952e-19,-1.196368e-18
-0.488525,2.366508e-19,-1.199146e-18
-0.488281,2.501385e-19,-1.220610e-18
-0.488037,2.642727e-19,-1.228137e-18
-0.487793,2.791297e-19,-1.182347e-18
-0.487549,2.436631e-19,-1.128398e-18
-0.487305,2.073654e-19,-1.133921e-18
-0.487061,2.660846e-19,-1.169196e-18
-0.486816,2.725127e-19,-1.184631e-18
-0.486572,2.147014e-19,-1.186806e-18
-0.486328,2.207417e-19,-1.204070e-18
-0.486084,2.396422e-19,-1.213242e-18
-0.485840,2.488039e-19,-1.168848e-18
-0.485596,2.310238e-19,-1.120380e-18
-0.485352,1.826666e-19,-1.125003e-18
-0.485107,2.198233e-19,-1.158220e-18
-0.484863,2.585469e-19,-1.177325e-18
-0.484619,1.989923e-19,-1.176393e-18
-0.484375,1.833009e-19,-1.187098e-18
-0.484131,2.138075e-19,-1.195505e-18
-0.483887,2.204705e-19,-1.157544e-18
-0.483643,2.128764e-19,-1.111531e-18
-0.483398,1.660762e-19,-1.115579e-18
-0.483154,1.751238e-19,-1.150294e-18
-0.482910,2.336917e-19,-1.170227e-18
-0.482666,1.887073e-19,-1.169547e-18
-0.482422,1.475496e-19,-1.174631e-18
-0.482178,1.829741e-19,-1.178403e-18
-0.481934,1.926438e-19,-1.146929e-18
-0.481689,1.870770e-19,-1.105238e-18
-0.481445,1.531072e-19,-1.107265e-18
-0.481201,1.354662e-19,-1.142914e-18
-0.480957,1.961696e-19,-1.162897e-18
-0.480713,1.823807e-19,-1.163419e-18
-0.480469,1.186865e-19,-1.166204e-18
-0.480225,1.458406e-19,-1.165112e-18
-0.479980,1.702159e-19,-1.139623e-18
-0.479736,1.577134e-19,-1.102598e-18
-0.479492,1.348909e-19,-1.102657e-18
-0.479248,1.042453e-19,-1.138460e-18
-0.479004,1.484997e-19,-1.159320e-18
-0.478760,1.725324e-19,-1.159214e-18
-0.478516,1.002862e-19,-1.158097e-18
-0.478271,1.023935e-19,-1.154018e-18
-0.478027,1.457786e-19,-1.132810e-18
-0.477783,1.316385e-19,-1.100574e-18
-0.477539,1.134234e-19,-1.100312e-18
-0.477295,8.266520e-20,-1.135762e-18
-0.477051,1.033863e-19,-1.159383e-18
-0.476807,1.500975e-19,-1.158962e-18
-0.476562,9.053807e-20,-1.153134e-18
-0.476318,5.849056e-20,-1.146806e-18
-0.476074,1.115306e-19,-1.128173e-18
-0.475830,1.136262e-19,-1.100354e-18
-0.475586,8.560965e-20,-1.099493e-18
-0.475342,6.285753e-20,-1.132993e-18
-0.475098,6.575143e-20,-1.159625e-18
-0.474854,1.155017e-19,-1.161067e-18
-0.474609,8.760524e-20,-1.150085e-18
-0.474365,2.602225e-20,-1.139182e-18
-0.474121,7.061005e-20,-1.126788e-18
-0.473877,9.662258e-20,-1.104123e-18
-0.473633,6.024796e-20,-1.102263e-18
-0.473389,3.926736e-20,-1.136168e-18
-0.473145,3.432129e-20,-1.163122e-18
-0.472900,7.532640e-20,-1.163302e-18
-0.472656,7.670450e-20,-1.150042e-18
-0.472412,7.436511e-21,-1.134990e-18
-0.472168,2.697360e-20,-1.120918e-18
-0.471924,7.409579e-20,-1.107063e-18
-0.471680,4.195094e-20,-1.107361e-18
-0.471436,1.313178e-20,-1.136129e-18
-0.471191,1.006078e-20,-1.167328e-18
-0.470947,3.736993e-20,-1.167800e-18
-0.470703,5.660527e-20,-1.150915e-18
-0.470459,-3.934036e-21,-1.133719e-18
-0.470215,-1.836808e-20,-1.119301e-18
-0.469971,4.192856e-20,-1.111683e-18
-0.469727,2.956617e-20,-1.112076e-18
-0.469482,-1.303580e-20,-1.136848e-18
-0.469238,-1.618563e-20,-1.171051e-18
-0.468994,2.693104e-21,-1.174625e-18
-0.468750,2.984178e-20,-1.155336e-18
-0.468506,-9.339321e-21,-1.133168e-18
-0.468262,-5.154295e-20,-1.119780e-18
-0.468018,1.642758e-21,-1.119253e-18
-0.467773,1.595644e-20,-1.120858e-18
-0.467529,-3.480151e-20,-1.140788e-18
-0.467285,-4.665234e-20,-1.176304e-18
-0.467041,-2.822141e-20,-1.181532e-18
-0.466797,-1.416963e-21,-1.157052e-18
-0.466553,-2.179350e-20,-1.132752e-18
-0.466309,-7.400889e-20,-1.119970e-18
-0.466064,-4.163332e-20,-1.122179e-18
-0.465820,-2.823532e-21,-1.127333e-18
-0.465576,-4.726457e-20,-1.144576e-18
-0.465332,-7.655912e-20,-1.178762e-18
-0.465088,-5.715864e-20,-1.190375e-18
-0.464844,-3.191804e-20,-1.166186e-18
-0.464600,-3.998487e-20,-1.133427e-18
-0.464355,-8.971998e-20,-1.121231e-18
-0.464111,-8.477048e-20,-1.128752e-18
-0.463867,-3.198852e-20,-1.135270e-18
-0.463623,-5.650851e-20,-1.150968e-18
-0.463379,-1.049024e-19,-1.184141e-18
-0.463135,-8.869305e-20,-1.197854e-18
-0.462891,-5.890511e-20,-1.171252e-18
-0.462646,-5.977894e-20,-1.136456e-18
-0.462402,-1.009797e-19,-1.124951e-18
-0.462158,-1.187004e-19,-1.135345e-18
-0.461914,-6.743508e-20,-1.146514e-18
-0.461670,-6.596209e-20,-1.159033e-18
-0.461426,-1.239693e-19,-1.190913e-18
-0.461182,-1.246292e-19,-1.207280e-18
-0.460938,-8.608459e-20,-1.178448e-18
-0.460693,-7.991391e-20,-1.141009e-18
-0.460449,-1.182476e-19,-1.127048e-18
-0.460205,-1.432393e-19,-1.141288e-18
-0.459961,-1.031124e-19,-1.156545e-18
-0.459717,-8.140325e-20,-1.165273e-18
-0.459473,-1.322154e-19,-1.194712e-18
-0.459229,-1.549706e-19,-1.215569e-18
-0.458984,-1.173935e-19,-1.190835e-18
-0.458740,-9.895294e-20,-1.147503e-18
-0.458496,-1.324206e-19,-1.132546e-18
-0.458252,-1.641875e-19,-1.150403e-18
-0.458008,-1.390929e-19,-1.167228e-18
-0.457764,-1.051173e-19,-1.175908e-18
-0.457520,-1.373961e-19,-1.199232e-18
-0.457275,-1.784324e-19,-1.223575e-18
-0.457031,-1.491499e-19,-1.200610e-18
-0.456787,-1.143622e-19,-1.153210e-18
-0.456543,-1.443838e-19,-1.139352e-18
-0.456299,-1.822919e-19,-1.156667e-18
-0.456055,-1.662001e-19,-1.178452e-18
-0.455811,-1.309473e-19,-1.186618e-18
-0.455566,-1.450607e-19,-1.206042e-18
-0.455322,-1.922310e-19,-1.233505e-18
-0.455078,-1.843178e-19,-1.211441e-18
-0.454834,-1.377307e-19,-1.160418e-18
-0.454590,-1.502325e-19,-1.142221e-18
-0.454346,-1.975332e-19,-1.162739e-18
-0.454102,-1.923035e-19,-1.187597e-18
-0.453857,-1.550960e-19,-1.195256e-18
-0.453613,-1.555042e-19,-1.211599e-18
-0.453369,-1.979982e-19,-1.238914e-18
-0.453125,-2.126966e-19,-1.222819e-18
-0.452881,-1.666605e-19,-1.169935e-18
-0.452637,-1.547016e-19,-1.150326e-18
-0.452393,-2.088100e-19,-1.172525e-18
-0.452148,-2.178319e-19,-1.197008e-18
-0.451904,-1.760495e-19,-1.203623e-18
-0.451660,-1.695007e-19,-1.216970e-18
-0.451416,-2.045740e-19,-1.245874e-18
-0.451172,-2.295545e-19,-1.231799e-18
-0.450928,-1.960915e-19,-1.176345e-18
-0.450684,-1.635967e-19,-1.154400e-18
-0.450439,-2.098870e-19,-1.178789e-18
-0.450195,-2.407701e-19,-1.205956e-18
-0.449951,-1.986303e-19,-1.212696e-18
-0.449707,-1.803463e-19,-1.222846e-18
-0.449463,-2.120570e-19,-1.250390e-18
-0.449219,-2.413033e-19,-1.241329e-18
-0.448975,-2.237509e-19,-1.184237e-18
-0.448730,-1.791909e-19,-1.158954e-18
-0.448486,-2.073013e-19,-1.183905e-18
-0.448242,-2.588737e-19,-1.210936e-18
-0.447998,-2.223427e-19,-1.217995e-18
-0.447754,-1.898276e-19,-1.224750e-18
-0.447510,-2.199849e-19,-1.253111e-18
-0.447266,-2.481387e-19,-1.249043e-18
-0.447021,-2.436267e-19,-1.190841e-18
-0.446777,-2.021282e-19,-1.162842e-18
-0.446533,-2.047911e-19,-1.191399e-18
-0.446289,-2.642455e-19,-1.219281e-18
-0.446045,-2.499806e-19,-1.223222e-18
-0.445801,-2.020724e-19,-1.229058e-18
-0.445557,-2.227912e-19,-1.252267e-18
-0.445312,-2.555871e-19,-1.252282e-18
-0.445068,-2.566373e-19,-1.197284e-18
-0.444824,-2.259435e-19,-1.162255e-18
-0.444580,-2.061592e-19,-1.194061e-18
-0.444336,-2.596931e-19,-1.221692e-18
-0.444092,-2.776617e-19,-1.224049e-18
-0.443848,-2.171329e-19,-1.231715e-18
-0.443604,-2.213419e-19,-1.251524e-18
-0.443359,-2.641208e-19,-1.253991e-18
-0.443115,-2.663275e-19,-1.201909e-18
-0.442871,-2.452007e-19,-1.164096e-18
-0.442627,-2.149432e-19,-1.193177e-18
-0.442383,-2.504001e-19,-1.223099e-18
-0.442139,-2.925147e-19,-1.224386e-18
-0.441895,-2.365702e-19,-1.226708e-18
-0.441650,-2.174066e-19,-1.247301e-18
-0.441406,-2.672522e-19,-1.252236e-18
-0.441162,-2.764880e-19,-1.203837e-18
-0.440918,-2.568700e-19,-1.164513e-18
-0.440674,-2.291205e-19,-1.190803e-18
-0.440430,-2.407681e-19,-1.226205e-18
-0.440186,-2.959968e-19,-1.223061e-18
-0.439941,-2.646374e-19,-1.220510e-18
-0.439697,-2.153723e-19,-1.242270e-18
-0.439453,-2.612078e-19,-1.247139e-18
-0.439209,-2.850616e-19,-1.203375e-18
-0.438965,-2.622334e-19,-1.159785e-18
-0.438721,-2.418648e-19,-1.184604e-18
-0.438477,-2.358117e-19,-1.222721e-18
-0.438232,-2.860771e-19,-1.216071e-18
-0.437988,-2.880699e-19,-1.212847e-18
-0.437744,-2.219629e-19,-1.233521e-18
-0.437500,-2.483459e-19,-1.242089e-18
-0.437256,-2.940506e-19,-1.200027e-18
-0.437012,-2.686682e-19,-1.154844e-18
-0.436768,-2.458271e-19,-1.178484e-18
-0.436523,-2.385706e-19,-1.216091e-18
-0.436279,-2.734768e-19,-1.209077e-18
-0.436035,-2.982013e-19,-1.200492e-18
-0.435791,-2.369523e-19,-1.221569e-18
-0.435547,-2.306178e-19,-1.230659e-18
-0.435303,-2.919822e-19,-1.191953e-18
-0.435059,-2.799856e-19,-1.151068e-18
-0.434814,-2.454820e-19,-1.169583e-18
-0.434570,-2.413894e-19,-1.206891e-18
-0.434326,-2.609588e-19,-1.200684e-18
-0.434082,-2.969578e-19,-1.187149e-18
-0.433838,-2.582966e-19,-1.205155e-18
-0.433594,-2.188214e-19,-1.216547e-18
-0.433350,-2.770829e-19,-1.182380e-18
-0.433105,-2.916396e-19,-1.140766e-18
-0.432861,-2.471164e-19,-1.156350e-18
-0.432617,-2.382626e-19,-1.193892e-18
-0.432373,-2.524903e-19,-1.188079e-18
-0.432129,-2.860437e-19,-1.171281e-18
-0.431885,-2.725367e-19,-1.187071e-18
-0.431641,-2.167173e-19,-1.202883e-18
-0.431396,-2.548106e-19,-1.171021e-18
-0.431152,-2.972226e-19,-1.128547e-18
-0.430908,-2.530017e-19,-1.142663e-18
-0.430664,-2.322933e-19,-1.180407e-18
-0.430420,-2.462724e-19,-1.174954e-18
-0.430176,-2.728663e-19,-1.151103e-18
-0.429932,-2.786693e-19,-1.163723e-18
-0.429688,-2.223989e-19,-1.184146e-18
-0.429443,-2.300574e-19,-1.156685e-18
-0.429199,-2.910231e-19,-1.114927e-18
-0.428955,-2.610695e-19,-1.125494e-18
-0.428711,-2.220578e-19,-1.163926e-18
-0.428467,-2.388556e-19,-1.160267e-18
-0.428223,-2.613769e-19,-1.131421e-18
-0.427979,-2.727946e-19,-1.140968e-18
-0.427734,-2.314958e-19,-1.160965e-18
-0.427490,-2.116767e-19,-1.137959e-18
-0.427246,-2.726232e-19,-1.100458e-18
-0.427002,-2.708693e-19,-1.105664e-18
-0.426758,-2.161038e-19,-1.143214e-18
-0.426514,-2.229765e-19,-1.140592e-18
-0.426270,-2.504454e-19,-1.108107e-18
-0.426025,-2.627283e-19,-1.114140e-18
-0.425781,-2.361078e-19,-1.138550e-18
-0.425537,-2.014710e-19,-1.122030e-18
-0.425293,-2.458973e-19,-1.082335e-18
-0.425049,-2.707284e-19,-1.087131e-18
-0.424805,-2.167420e-19,-1.123890e-18
-0.424561,-2.050600e-19,-1.119327e-18
-0.424316,-2.374949e-19,-1.085231e-18
-0.424072,-2.512785e-19,-1.087403e-18
-0.423828,-2.330463e-19,-1.110683e-18
-0.423584,-1.956438e-19,-1.098137e-18
-0.423340,-2.170793e-19,-1.065004e-18
-0.423096,-2.616953e-19,-1.068529e-18
-0.422852,-2.220404e-19,-1.100909e-18
-0.422607,-1.849248e-19,-1.098881e-18
-0.422363,-2.177636e-19,-1.061846e-18
-0.422119,-2.398458e-19,-1.056521e-18
-0.421875,-2.259201e-19,-1.083699e-18
-0.421631,-1.913993e-19,-1.076311e-18
-0.421387,-1.925763e-19,-1.043029e-18
-0.421143,-2.412052e-19,-1.044415e-18
-0.420898,-2.239722e-19,-1.072750e-18
-0.420654,-1.723250e-19,-1.072746e-18
-0.420410,-1.928590e-19,-1.036203e-18
-0.420166,-2.254981e-19,-1.025091e-18
-0.419922,-2.155683e-19,-1.052567e-18
-0.419678,-1.832107e-19,-1.052113e-18
-0.419434,-1.738852e-19,-1.021621e-18
-0.419189,-2.162341e-19,-1.022017e-18
-0.418945,-2.209437e-19,-1.048967e-18
-0.418701,-1.673177e-19,-1.046527e-18
-0.418457,-1.662890e-19,-1.007406e-18
-0.418213,-2.072347e-19,-9.922885e-19
-0.417969,-2.069539e-19,-1.019050e-18
-0.417725,-1.719462e-19,-1.023423e-18
-0.417480,-1.562754e-19,-9.978917e-19
-0.417236,-1.901438e-19,-9.957266e-19
-0.416992,-2.096282e-19,-1.019724e-18
-0.416748,-1.637232e-19,-1.019431e-18
-0.416504,-1.427864e-19,-9.794120e-19
-0.416260,-1.828501e-19,-9.593597e-19
-0.416016,-1.968155e-19,-9.830274e-19
-0.415771,-1.641607e-19,-9.938681e-19
-0.415527,-1.395448e-19,-9.723883e-19
-0.415283,-1.630447e-19,-9.683160e-19
-0.415039,-1.923825e-19,-9.884637e-19
-0.414795,-1.602109e-19,-9.853066e-19
-0.414551,-1.252049e-19,-9.497166e-19
-0.414307,-1.538231e-19,-9.241166e-19
-0.414062,-1.819294e-19,-9.439026e-19
-0.413818,-1.561604e-19,-9.630712e-19
-0.413574,-1.230219e-19,-9.451764e-19
-0.413330,-1.389447e-19,-9.411872e-19
-0.413086,-1.725827e-19,-9.585535e-19
-0.412842,-1.537378e-19,-9.543475e-19
-0.412598,-1.141789e-19,-9.180192e-19
-0.412354,-1.257089e-19,-8.895988e-19
-0.412109,-1.602988e-19,-9.052546e-19
-0.411865,-1.492938e-19,-9.256216e-19
-0.411621,-1.096688e-19,-9.180577e-19
-0.411377,-1.128328e-19,-9.121360e-19
-0.411133,-1.501802e-19,-9.244419e-19
-0.410889,-1.445839e-19,-9.217203e-19
-0.410645,-1.029805e-19,-8.842060e-19
-0.410400,-1.008143e-19,-8.560762e-19
-0.410156,-1.362362e-19,-8.671532e-19
-0.409912,-1.401590e-19,-8.890273e-19
-0.409668,-1.005922e-19,-8.890328e-19
-0.409424,-8.823171e-20,-8.820963e-19
-0.409180,-1.237738e-19,-8.912099e-19
-0.408936,-1.311710e-19,-8.860720e-19
-0.408691,-9.303703e-20,-8.494870e-19
-0.408447,-7.789068e-20,-8.189799e-19
-0.408203,-1.075661e-19,-8.275649e-19
-0.407959,-1.242332e-19,-8.554148e-19
-0.407715,-9.095215e-20,-8.593661e-19
-0.407471,-6.702675e-20,-8.530631e-19
-0.407227,-9.711937e-20,-8.605661e-19
-0.406982,-1.162762e-19,-8.525397e-19
-0.406738,-8.133572e-20,-8.166778e-19
-0.406494,-5.964178e-20,-7.851244e-19
-0.406250,-8.084941e-20,-7.898952e-19
-0.406006,-1.013111e-19,-8.157881e-19
-0.405762,-8.256405e-20,-8.266362e-19
-0.405518,-4.656974e-20,-8.245183e-19
-0.405273,-6.654260e-20,-8.270514e-19
-0.405029,-9.882561e-20,-8.201606e-19
-0.404785,-6.924205e-20,-7.831241e-19
-0.404541,-4.068176e-20,-7.495247e-19
-0.404297,-5.613011e-20,-7.529444e-19
-0.404053,-7.947503e-20,-7.788692e-19
-0.403809,-7.127892e-20,-7.973827e-19
-0.403564,-3.289281e-20,-7.955867e-19
-0.403320,-3.630727e-20,-7.956386e-19
-0.403076,-7.531178e-20,-7.853770e-19
-0.402832,-6.033336e-20,-7.479287e-19
-0.402588,-2.130478e-20,-7.179608e-19
-0.402344,-3.008217e-20,-7.165689e-19
-0.402100,-5.528586e-20,-7.428366e-19
-0.401855,-5.462734e-20,-7.677144e-19
-0.401611,-2.446607e-20,-7.692240e-19
-0.401367,-1.089044e-20,-7.660603e-19
-0.401123,-4.621528e-20,-7.548977e-19
-0.400879,-5.033217e-20,-7.196312e-19
-0.400635,-8.086853e-21,-6.848386e-19
-0.400391,-5.086437e-21,-6.827029e-19
-0.400146,-3.138774e-20,-7.081237e-19
-0.399902,-3.654209e-20,-7.359722e-19
-0.399658,-1.240247e-20,-7.439611e-19
-0.399414,9.646242e-21,-7.373262e-19
-0.399170,-1.590687e-20,-7.227825e-19
-0.398926,-3.520722e-20,-6.898240e-19
-0.398682,2.946435e-21,-6.564716e-19
-0.398438,1.879454e-20,-6.511293e-19
-0.398193,-8.650858e-21,-6.765335e-19
-0.397949,-1.733417e-20,-7.093395e-19
-0.397705,-6.097305e-22,-7.203608e-19
-0.397461,2.465550e-20,-7.108933e-19
-0.397217,1.348052e-20,-6.936918e-19
-0.396973,-1.746069e-20,-6.626887e-19
-0.396729,1.076368e-20,-6.289189e-19
-0.396484,4.125243e-20,-6.222652e-19
-0.396240,1.589135e-20,-6.472831e-19
-0.395996,1.080286e-21,-6.834547e-19
-0.395752,1.490663e-20,-7.006284e-19
-0.395508,3.644818e-20,-6.897386e-19
-0.395264,3.795947e-20,-6.692715e-19
-0.395020,6.868409e-21,-6.400109e-19
-0.394775,1.519965e-20,-6.057726e-19
-0.394531,5.443481e-20,-5.960609e-19
-0.394287,4.323118e-20,-6.209802e-19
-0.394043,1.733441e-20,-6.605380e-19
-0.393799,2.834606e-20,-6.820156e-19
-0.393555,5.090208e-20,-6.690968e-19
-0.393311,5.779880e-20,-6.455611e-19
-0.393066,3.442092e-20,-6.203691e-19
-0.392822,2.506242e-20,-5.859272e-19
-0.392578,6.400183e-20,-5.739218e-19
-0.392334,6.861959e-20,-6.008050e-19
-0.392090,3.555767e-20,-6.414829e-19
-0.391846,4.159170e-20,-6.660344e-19
-0.391602,6.288050e-20,-6.542788e-19
-0.391357,7.198663e-20,-6.265921e-19
-0.391113,5.890256e-20,-6.022722e-19
-0.390869,4.164345e-20,-5.716710e-19
-0.390625,7.070360e-20,-5.558588e-19
-0.390381,8.955885e-20,-5.809597e-19
-0.390137,6.021473e-20,-6.267868e-19
-0.389893,5.413465e-20,-6.537502e-19
-0.389648,7.497327e-20,-6.433150e-19
-0.389404,8.577931e-20,-6.144163e-19
-0.389160,8.012347e-20,-5.887660e-19
-0.388916,6.073431e-20,-5.604849e-19
-0.388672,7.469918e-20,-5.435579e-19
-0.388428,1.045060e-19,-5.656242e-19
-0.388184,8.523614e-20,-6.120520e-19
-0.387939,6.716958e-20,-6.450082e-19
-0.387695,8.575833e-20,-6.345690e-19
-0.387451,9.991792e-20,-6.006807e-19
-0.387207,9.911566e-20,-5.792012e-19
-0.386963,8.100426e-20,-5.533839e-19
-0.386719,8.210225e-20,-5.334712e-19
-0.386475,1.142298e-19,-5.567736e-19
-0.386230,1.064081e-19,-6.065217e-19
-0.385986,8.049775e-20,-6.404869e-19
-0.385742,9.514346e-20,-6.300602e-19
-0.385498,1.125422e-19,-5.953102e-19
-0.385254,1.114757e-19,-5.717309e-19
-0.385010,9.923705e-20,-5.484396e-19
-0.384766,9.347166e-20,-5.301599e-19
-0.384521,1.186855e-19,-5.491185e-19
-0.384277,1.272035e-19,-6.000258e-19
-0.384033,9.972212e-20,-6.398441e-19
-0.383789,9.977633e-20,-6.301795e-19
-0.383545,1.228768e-19,-5.922504e-19
-0.383301,1.243949e-19,-5.696340e-19
-0.383057,1.137231e-19,-5.505959e-19
-0.382812,1.061157e-19,-5.295563e-19
-0.382568,1.209404e-19,-5.447333e-19
-0.382324,1.389735e-19,-5.998482e-19
-0.382080,1.184949e-19,-6.409735e-19
-0.381836,1.071226e-19,-6.305111e-19
-0.381592,1.296952e-19,-5.928607e-19
-0.381348,1.368607e-19,-5.686945e-19
-0.381104,1.264502e-19,-5.554010e-19
-0.380859,1.175996e-19,-5.360710e-19
-0.380615,1.264256e-19,-5.479905e-19
-0.380371,1.454237e-19,-6.058091e-19
-0.380127,1.343683e-19,-6.485152e-19
-0.379883,1.168275e-19,-6.401940e-19
-0.379639,1.312696e-19,-6.002166e-19
-0.379395,1.447339e-19,-5.755781e-19
-0.379150,1.380885e-19,-5.668241e-19
-0.378906,1.286781e-19,-5.448247e-19
-0.378662,1.321897e-19,-5.539770e-19
-0.378418,1.506584e-19,-6.117852e-19
-0.378174,1.468862e-19,-6.600044e-19
-0.377930,1.284581e-19,-6.544333e-19
-0.377686,1.356056e-19,-6.100144e-19
-0.377441,1.492405e-19,-5.864731e-19
-0.377197,1.480842e-19,-5.815474e-19
-0.376953,1.389295e-19,-5.617457e-19
-0.376709,1.350849e-19,-5.675875e-19
-0.376465,1.503960e-19,-6.249769e-19
-0.376221,1.571169e-19,-6.770772e-19
-0.375977,1.389086e-19,-6.692109e-19
-0.375732,1.367297e-19,-6.251852e-19
-0.375488,1.530663e-19,-6.017100e-19
-0.375244,1.573345e-19,-5.994270e-19
-0.375000,1.474702e-19,-5.836063e-19
-0.374756,1.407579e-19,-5.855028e-19
-0.374512,1.520809e-19,-6.435352e-19
-0.374268,1.622702e-19,-6.997274e-19
-0.374023,1.500944e-19,-6.946058e-19
-0.373779,1.416648e-19,-6.471182e-19
-0.373535,1.529986e-19,-6.200345e-19
-0.373291,1.605935e-19,-6.242700e-19
-0.373047,1.564569e-19,-6.115223e-19
-0.372803,1.483498e-19,-6.099383e-19
-0.372559,1.525011e-19,-6.648124e-19
-0.372314,1.673437e-19,-7.233386e-19
-0.372070,1.594147e-19,-7.215579e-19
-0.371826,1.469713e-19,-6.741053e-19
-0.371582,1.547674e-19,-6.467376e-19
-0.371338,1.638828e-19,-6.521779e-19
-0.371094,1.633978e-19,-6.464631e-19
-0.370850,1.528490e-19,-6.409397e-19
-0.370605,1.532617e-19,-6.914163e-19
-0.370361,1.668426e-19,-7.567546e-19
-0.370117,1.659670e-19,-7.538178e-19
-0.369873,1.539722e-19,-7.049950e-19
-0.369629,1.539087e-19,-6.773998e-19
-0.369385,1.648607e-19,-6.849811e-19
-0.369141,1.689077e-19,-6.837415e-19
-0.368896,1.605966e-19,-6.757650e-19
-0.368652,1.549910e-19,-7.244496e-19
-0.368408,1.655137e-19,-7.930236e-19
-0.368164,1.706175e-19,-7.938106e-19
-0.367920,1.583749e-19,-7.427682e-19
-0.367676,1.549259e-19,-7.130914e-19
-0.367432,1.638154e-19,-7.232874e-19
-0.367188,1.696328e-19,-7.253635e-19
-0.366943,1.659492e-19,-7.175344e-19
-0.366699,1.579950e-19,-7.601053e-19
-0.366455,1.625891e-19,-8.297636e-19
-0.366211,1.710992e-19,-8.360953e-19
-0.365967,1.642623e-19,-7.828034e-19
-0.365723,1.573714e-19,-7.520260e-19
-0.365479,1.620163e-19,-7.651407e-19
-0.365234,1.671711e-19,-7.718019e-19
-0.364990,1.690884e-19,-7.647905e-19
-0.364746,1.607948e-19,-8.018972e-19
-0.364502,1.569487e-19,-8.714180e-19
-0.364258,1.702244e-19,-8.821580e-19
-0.364014,1.695647e-19,-8.286066e-19
-0.363770,1.558506e-19,-7.952303e-19
-0.363525,1.594000e-19,-8.109747e-19
-0.363281,1.685175e-19,-8.207059e-19
-0.363037,1.685046e-19,-8.133668e-19
-0.362793,1.644655e-19,-8.494837e-19
-0.362549,1.558189e-19,-9.180531e-19
-0.362305,1.619743e-19,-9.318191e-19
-0.362061,1.718371e-19,-8.793602e-19
-0.361816,1.591770e-19,-8.430716e-19
-0.361572,1.536237e-19,-8.586124e-19
-0.361328,1.639373e-19,-8.726669e-19
-0.361084,1.685051e-19,-8.664414e-19
-0.360840,1.638856e-19,-8.972488e-19
-0.360596,1.554854e-19,-9.653387e-19
-0.360352,1.592022e-19,-9.817618e-19
-0.360107,1.702113e-19,-9.297355e-19
-0.359863,1.635954e-19,-8.919148e-19
-0.359619,1.506857e-19,-9.078663e-19
-0.359375,1.576263e-19,-9.283315e-19
-0.359131,1.677865e-19,-9.233595e-19
-0.358887,1.630892e-19,-9.492373e-19
-0.358643,1.547359e-19,-1.015638e-18
-0.358398,1.533619e-19,-1.034700e-18
-0.358154,1.642781e-19,-9.829993e-19
-0.357910,1.661323e-19,-9.437280e-19
-0.357666,1.525286e-19,-9.597047e-19
-0.357422,1.533266e-19,-9.819869e-19
-0.357178,1.628850e-19,-9.819550e-19
-0.356934,1.639031e-19,-1.003903e-18
-0.356689,1.582521e-19,-1.065068e-18
-0.356445,1.501879e-19,-1.089294e-18
-0.356201,1.590457e-19,-1.039901e-18
-0.355957,1.667360e-19,-9.972295e-19
-0.355713,1.524541e-19,-1.013060e-18
-0.355469,1.473800e-19,-1.038468e-18
-0.355225,1.584513e-19,-1.037436e-18
-0.354980,1.642855e-19,-1.056968e-18
-0.354736,1.580909e-19,-1.116863e-18
-0.354492,1.497447e-19,-1.142739e-18
-0.354248,1.535289e-19,-1.095249e-18
-0.354004,1.646827e-19,-1.049731e-18
-0.353760,1.586265e-19,-1.065069e-18
-0.353516,1.437283e-19,-1.095114e-18
-0.353271,1.522468e-19,-1.097336e-18
-0.353027,1.643275e-19,-1.113526e-18
-0.352783,1.569650e-19,-1.170231e-18
-0.352539,1.477916e-19,-1.196361e-18
-0.352295,1.490589e-19,-1.150531e-18
-0.352051,1.602689e-19,-1.105222e-18
-0.351807,1.601202e-19,-1.118490e-18
-0.351562,1.454987e-19,-1.150074e-18
-0.351318,1.457035e-19,-1.153577e-18
-0.351074,1.614880e-19,-1.167616e-18
-0.350830,1.622236e-19,-1.222310e-18
-0.350586,1.464779e-19,-1.249327e-18
-0.350342,1.429967e-19,-1.205808e-18
-0.350098,1.550187e-19,-1.159190e-18
-0.349854,1.604214e-19,-1.170263e-18
-0.349609,1.464685e-19,-1.202676e-18
-0.349365,1.383684e-19,-1.209239e-18
-0.349121,1.558048e-19,-1.221776e-18
-0.348877,1.627951e-19,-1.270871e-18
-0.348633,1.463686e-19,-1.299197e-18
-0.348389,1.407038e-19,-1.259250e-18
-0.348145,1.518070e-19,-1.210727e-18
-0.347900,1.587614e-19,-1.219798e-18
-0.347656,1.480312e-19,-1.254983e-18
-0.347412,1.360297e-19,-1.264321e-18
-0.347168,1.473235e-19,-1.275393e-18
-0.346924,1.612637e-19,-1.321699e-18
-0.346680,1.482883e-19,-1.349410e-18
-0.346436,1.350879e-19,-1.310228e-18
-0.346191,1.452764e-19,-1.261024e-18
-0.345947,1.562536e-19,-1.268923e-18
-0.345703,1.500247e-19,-1.302816e-18
-0.345459,1.354477e-19,-1.316169e-18
-0.345215,1.389326e-19,-1.326750e-18
-0.344971,1.589706e-19,-1.365274e-18
-0.344727,1.535237e-19,-1.396189e-18
-0.344482,1.324576e-19,-1.359835e-18
-0.344238,1.385373e-19,-1.309190e-18
-0.343994,1.528254e-19,-1.316811e-18
-0.343750,1.507493e-19,-1.350224e-18
-0.343506,1.357659e-19,-1.365437e-18
-0.343262,1.315026e-19,-1.372997e-18
-0.343018,1.543864e-19,-1.409040e-18
-0.342773,1.575108e-19,-1.440007e-18
-0.342529,1.333220e-19,-1.403814e-18
-0.342285,1.345350e-19,-1.353998e-18
-0.342041,1.496572e-19,-1.359547e-18
-0.341797,1.511277e-19,-1.394011e-18
-0.341553,1.396494e-19,-1.411455e-18
-0.341309,1.290533e-19,-1.418686e-18
-0.341064,1.449051e-19,-1.452431e-18
-0.340820,1.592307e-19,-1.481751e-18
-0.340576,1.373272e-19,-1.449857e-18
-0.340332,1.259487e-19,-1.397557e-18
-0.340088,1.474947e-19,-1.398262e-18
-0.339844,1.530507e-19,-1.436466e-18
-0.339600,1.398186e-19,-1.453028e-18
-0.339355,1.307722e-19,-1.458462e-18
-0.339111,1.380172e-19,-1.489752e-18
-0.338867,1.581502e-19,-1.516640e-18
-0.338623,1.448565e-19,-1.490077e-18
-0.338379,1.232671e-19,-1.438489e-18
-0.338135,1.407117e-19,-1.436716e-18
-0.337891,1.540138e-19,-1.473796e-18
-0.337646,1.410376e-19,-1.490409e-18
-0.337402,1.296424e-19,-1.496317e-18
-0.337158,1.345140e-19,-1.522945e-18
-0.336914,1.534373e-19,-1.548995e-18
-0.336670,1.527705e-19,-1.523987e-18
-0.336426,1.252310e-19,-1.472764e-18
-0.336182,1.323206e-19,-1.468561e-18
-0.335938,1.561909e-19,-1.503464e-18
-0.335693,1.466185e-19,-1.524919e-18
-0.335449,1.318325e-19,-1.530407e-18
-0.335205,1.302081e-19,-1.552617e-18
-0.334961,1.481311e-19,-1.577209e-18
-0.334717,1.568966e-19,-1.555073e-18
-0.334473,1.292566e-19,-1.504261e-18
-0.334229,1.248098e-19,-1.494974e-18
-0.333984,1.533344e-19,-1.529655e-18
-0.333740,1.535928e-19,-1.551282e-18
-0.333496,1.306334e-19,-1.556243e-18
-0.333252,1.293754e-19,-1.574919e-18
-0.333008,1.462400e-19,-1.597120e-18
-0.332764,1.564231e-19,-1.578064e-18
-0.332520,1.402251e-19,-1.528764e-18
-0.332275,1.213770e-19,-1.520093e-18
-0.332031,1.438088e-19,-1.549984e-18
-0.331787,1.573797e-19,-1.571032e-18
-0.331543,1.356659e-19,-1.578081e-18
-0.331299,1.266613e-19,-1.592597e-18
-0.331055,1.411356e-19,-1.612431e-18
-0.330811,1.581445e-19,-1.596061e-18
-0.330566,1.457264e-19,-1.549291e-18
-0.330322,1.222119e-19,-1.534052e-18
-0.330078,1.374435e-19,-1.563649e-18
-0.329834,1.591964e-19,-1.587355e-18
-0.329590,1.439645e-19,-1.591847e-18
-0.329346,1.253332e-19,-1.606971e-18
-0.329102,1.371381e-19,-1.622694e-18
-0.328857,1.552005e-19,-1.609079e-18
-0.328613,1.502876e-19,-1.564822e-18
-0.328369,1.269379e-19,-1.543598e-18
-0.328125,1.297227e-19,-1.571874e-18
-0.327881,1.593058e-19,-1.594947e-18
-0.327637,1.502099e-19,-1.599372e-18
-0.327393,1.250147e-19,-1.611018e-18
-0.327148,1.346015e-19,-1.624502e-18
-0.326904,1.542371e-19,-1.614124e-18
-0.326660,1.545358e-19,-1.572910e-18
-0.326416,1.314685e-19,-1.550769e-18
-0.326172,1.243303e-19,-1.572585e-18
-0.325928,1.531603e-19,-1.597556e-18
-0.325684,1.575979e-19,-1.604602e-18
-0.325439,1.291519e-19,-1.610968e-18
-0.325195,1.288873e-19,-1.622425e-18
-0.324951,1.530679e-19,-1.614070e-18
-0.324707,1.580620e-19,-1.573646e-18
-0.324463,1.392011e-19,-1.548998e-18
-0.324219,1.247884e-19,-1.569369e-18
-0.323975,1.468412e-19,-1.592075e-18
-0.323730,1.643147e-19,-1.599557e-18
-0.323486,1.376555e-19,-1.605730e-18
-0.323242,1.240341e-19,-1.612831e-18
-0.322998,1.492706e-19,-1.607598e-18
-0.322754,1.627864e-19,-1.572730e-18
-0.322510,1.423672e-19,-1.542148e-18
-0.322266,1.274664e-19,-1.556566e-18
-0.322021,1.427813e-19,-1.582724e-18
-0.321777,1.630163e-19,-1.588023e-18
-0.321533,1.509292e-19,-1.591607e-18
-0.321289,1.268389e-19,-1.597500e-18
-0.321045,1.427914e-19,-1.590059e-18
-0.320801,1.668270e-19,-1.561574e-18
-0.320557,1.512075e-19,-1.532617e-18
-0.320312,1.305165e-19,-1.540193e-18
-0.320068,1.389059e-19,-1.565438e-18
-0.319824,1.624471e-19,-1.573077e-18
-0.319580,1.581313e-19,-1.574043e-18
-0.319336,1.313550e-19,-1.577452e-18
-0.319092,1.378838e-19,-1.570964e-18
-0.318848,1.656446e-19,-1.544641e-18
-0.318604,1.611254e-19,-1.516303e-18
-0.318359,1.342049e-19,-1.519350e-18
-0.318115,1.356090e-19,-1.541205e-18
-0.317871,1.625357e-19,-1.550353e-18
-0.317627,1.646460e-19,-1.551640e-18
-0.317383,1.373638e-19,-1.554217e-18
-0.317139,1.328262e-19,-1.547000e-18
-0.316895,1.618886e-19,-1.523612e-18
-0.316650,1.685737e-19,-1.497102e-18
-0.316406,1.398458e-19,-1.492696e-18
-0.316162,1.338676e-19,-1.512906e-18
-0.315918,1.595640e-19,-1.523415e-18
-0.315674,1.681929e-19,-1.520804e-18
-0.315430,1.461474e-19,-1.521948e-18
-0.315186,1.336857e-19,-1.514926e-18
-0.314941,1.561660e-19,-1.496911e-18
-0.314697,1.733318e-19,-1.472972e-18
-0.314453,1.501472e-19,-1.463251e-18
-0.314209,1.305678e-19,-1.481058e-18
-0.313965,1.536274e-19,-1.493082e-18
-0.313721,1.709163e-19,-1.490964e-18
-0.313477,1.519160e-19,-1.488675e-18
-0.313232,1.361156e-19,-1.482331e-18
-0.312988,1.485307e-19,-1.466747e-18
-0.312744,1.727409e-19,-1.443603e-18
-0.312500,1.621055e-19,-1.431741e-18
-0.312256,1.304718e-19,-1.443501e-18
-0.312012,1.472847e-19,-1.458108e-18
-0.311768,1.726699e-19,-1.456119e-18
-0.311523,1.568553e-19,-1.450176e-18
-0.311279,1.393318e-19,-1.447047e-18
-0.311035,1.437423e-19,-1.434732e-18
-0.310791,1.674377e-19,-1.412223e-18
-0.310547,1.694867e-19,-1.396650e-18
-0.310303,1.340784e-19,-1.404452e-18
-0.310059,1.379269e-19,-1.418410e-18
-0.309814,1.726883e-19,-1.417212e-18
-0.309570,1.647779e-19,-1.410389e-18
-0.309326,1.403878e-19,-1.405411e-18
-0.309082,1.414108e-19,-1.396934e-18
-0.308838,1.629537e-19,-1.378585e-18
-0.308594,1.726280e-19,-1.360386e-18
-0.308350,1.445005e-19,-1.363558e-18
-0.308105,1.308417e-19,-1.379542e-18
-0.307861,1.650407e-19,-1.381007e-18
-0.307617,1.718699e-19,-1.369414e-18
-0.307373,1.418491e-19,-1.365222e-18
-0.307129,1.400579e-19,-1.359985e-18
-0.306885,1.589691e-19,-1.341292e-18
-0.306641,1.727833e-19,-1.322662e-18
-0.306396,1.564077e-19,-1.320930e-18
-0.306152,1.281607e-19,-1.334459e-18
-0.305908,1.550672e-19,-1.336711e-18
-0.305664,1.799573e-19,-1.325743e-18
-0.305420,1.486022e-19,-1.322615e-18
-0.305176,1.350725e-19,-1.319974e-18
-0.304932,1.559196e-19,-1.304367e-18
-0.304688,1.694767e-19,-1.282413e-18
-0.304443,1.616053e-19,-1.278180e-18
-0.304199,1.335645e-19,-1.290187e-18
-0.303955,1.419917e-19,-1.290676e-18
-0.303711,1.802740e-19,-1.281271e-18
-0.303467,1.580020e-19,-1.275341e-18
-0.303223,1.301775e-19,-1.276256e-18
-0.302979,1.541040e-19,-1.265101e-18
-0.302734,1.688219e-19,-1.239833e-18
-0.302490,1.630277e-19,-1.234136e-18
-0.302246,1.406292e-19,-1.244239e-18
-0.302002,1.325784e-19,-1.246644e-18
-0.301758,1.701923e-19,-1.237796e-18
-0.301514,1.692883e-19,-1.232012e-18
-0.301270,1.304532e-19,-1.234730e-18
-0.301025,1.434518e-19,-1.223346e-18
-0.300781,1.671170e-19,-1.199357e-18
-0.300537,1.615074e-19,-1.187706e-18
-0.300293,1.467064e-19,-1.195983e-18
-0.300049,1.313175e-19,-1.200729e-18
-0.299805,1.579715e-19,-1.188782e-18
-0.299561,1.771601e-19,-1.185216e-18
-0.299316,1.336797e-19,-1.190685e-18
-0.299072,1.306436e-19,-1.183327e-18
-0.298828,1.644139e-19,-1.158875e-18
-0.298584,1.600428e-19,-1.142095e-18
-0.298340,1.459370e-19,-1.150567e-18
-0.298096,1.315295e-19,-1.153531e-18
-0.297852,1.429952e-19,-1.142354e-18
-0.297607,1.752065e-19,-1.139132e-18
-0.297363,1.461275e-19,-1.144859e-18
-0.297119,1.175029e-19,-1.141245e-18
-0.296875,1.555106e-19,-1.116002e-18
-0.296631,1.651908e-19,-1.097318e-18
-0.296387,1.412758e-19,-1.103348e-18
-0.296143,1.315835e-19,-1.108870e-18
-0.295898,1.332956e-19,-1.100236e-18
-0.295654,1.626239e-19,-1.094702e-18
-0.295410,1.550808e-19,-1.102288e-18
-0.295166,1.118695e-19,-1.101204e-18
-0.294922,1.395296e-19,-1.076896e-18
-0.294678,1.666089e-19,-1.053950e-18
-0.294434,1.385092e-19,-1.056143e-18
-0.294189,1.276258e-19,-1.063635e-18
-0.293945,1.280717e-19,-1.054500e-18
-0.293701,1.472314e-19,-1.049579e-18
-0.293457,1.590391e-19,-1.060741e-18
-0.293213,1.156357e-19,-1.062582e-18
-0.292969,1.181162e-19,-1.036817e-18
-0.292725,1.613248e-19,-1.012323e-18
-0.292480,1.408374e-19,-1.015494e-18
-0.292236,1.176622e-19,-1.021665e-18
-0.291992,1.246653e-19,-1.012505e-18
-0.291748,1.329783e-19,-1.007974e-18
-0.291504,1.512634e-19,-1.021943e-18
-0.291260,1.245244e-19,-1.024770e-18
-0.291016,9.982869e-20,-9.990007e-19
-0.290771,1.475349e-19,-9.736136e-19
-0.290527,1.477195e-19,-9.736640e-19
-0.290283,1.080738e-19,-9.834280e-19
-0.290039,1.136107e-19,-9.748393e-19
-0.289795,1.257239e-19,-9.688586e-19
-0.289551,1.398316e-19,-9.850786e-19
-0.289307,1.262902e-19,-9.909123e-19
-0.289062,9.342967e-20,-9.660381e-19
-0.288818,1.242470e-19,-9.369249e-19
-0.288574,1.472380e-19,-9.367544e-19
-0.288330,1.081217e-19,-9.445075e-19
-0.288086,1.003791e-19,-9.363785e-19
-0.287842,1.180012e-19,-9.344176e-19
-0.287598,1.250951e-19,-9.487898e-19
-0.287354,1.251457e-19,-9.594269e-19
-0.287109,9.181063e-20,-9.372855e-19
-0.286865,9.889924e-20,-9.037042e-19
-0.286621,1.420040e-19,-9.026375e-19
-0.286377,1.105813e-19,-9.122817e-19
-0.286133,8.170198e-20,-9.050139e-19
-0.285889,1.068260e-19,-9.011389e-19
-0.285645,1.159667e-19,-9.183949e-19
-0.285400,1.126944e-19,-9.319192e-19
-0.285156,9.385921e-20,-9.084726e-19
-0.284912,8.200731e-20,-8.740091e-19
-0.284668,1.206574e-19,-8.725152e-19
-0.284424,1.157422e-19,-8.834821e-19
-0.284180,7.003559e-20,-8.765434e-19
-0.283936,8.867466e-20,-8.725232e-19
-0.283691,1.062878e-19,-8.914754e-19
-0.283447,9.873502e-20,-9.071080e-19
-0.283203,9.182942e-20,-8.854030e-19
-0.282959,6.639852e-20,-8.488214e-19
-0.282715,9.479940e-20,-8.445352e-19
-0.282471,1.170309e-19,-8.578434e-19
-0.282227,6.392148e-20,-8.516752e-19
-0.281982,6.465113e-20,-8.466638e-19
-0.281738,9.703307e-20,-8.662541e-19
-0.281494,8.807952e-20,-8.837869e-19
-0.281250,7.721446e-20,-8.660087e-19
-0.281006,5.983652e-20,-8.283140e-19
-0.280762,7.004349e-20,-8.218007e-19
-0.280518,1.015777e-19,-8.363838e-19
-0.280273,6.645066e-20,-8.304250e-19
-0.280029,3.972233e-20,-8.284208e-19
-0.279785,7.784152e-20,-8.474440e-19
-0.279541,8.024594e-20,-8.640619e-19
-0.279297,5.991858e-20,-8.502954e-19
-0.279053,5.361145e-20,-8.111735e-19
-0.278809,4.898585e-20,-8.012702e-19
-0.278564,7.928861e-20,-8.178420e-19
-0.278320,6.927400e-20,-8.162587e-19
-0.278076,1.955263e-20,-8.129988e-19
-0.277832,4.997915e-20,-8.320788e-19
-0.277588,7.451167e-20,-8.504152e-19
-0.277344,4.342234e-20,-8.376292e-19
-0.277100,3.645826e-20,-7.998723e-19
-0.276855,3.429120e-20,-7.854874e-19
-0.276611,5.127145e-20,-8.036549e-19
-0.276367,6.261934e-20,-8.045079e-19
-0.276123,1.444389e-20,-7.979051e-19
-0.275879,1.808243e-20,-8.201165e-19
-0.275635,6.008235e-20,-8.400390e-19
-0.275391,3.611191e-20,-8.273660e-19
-0.275146,1.571829e-20,-7.920542e-19
-0.274902,2.146141e-20,-7.759760e-19
-0.274658,2.818117e-20,-7.945259e-19
-0.274414,4.480735e-20,-7.964904e-19
-0.274170,1.184912e-20,-7.909269e-19
-0.273926,-1.149724e-20,-8.133668e-19
-0.273682,3.666298e-20,-8.310361e-19
-0.273438,3.227194e-20,-8.206661e-19
-0.273193,-4.971260e-21,-7.868097e-19
-0.272949,3.978193e-21,-7.691053e-19
-0.272705,9.122809e-21,-7.853053e-19
-0.272461,2.151692e-20,-7.913623e-19
-0.272217,9.139092e-21,-7.887771e-19
-0.271973,-3.040448e-20,-8.069811e-19
-0.271729,3.634216e-21,-8.274395e-19
-0.271484,2.478693e-20,-8.174694e-19
-0.271240,-1.961996e-20,-7.831101e-19
-0.270996,-2.155782e-20,-7.646044e-19
-0.270752,-5.399217e-21,-7.785464e-19
-0.270508,-2.080225e-21,-7.894068e-19
-0.270264,-4.204451e-21,-7.858663e-19
-0.270020,-3.983893e-20,-8.023706e-19
-0.269775,-2.983014e-20,-8.233901e-19
-0.269531,9.158596e-21,-8.142556e-19
-0.269287,-2.582655e-20,-7.842146e-19
-0.269043,-4.842821e-20,-7.639415e-19
-0.268799,-2.491551e-20,-7.760723e-19
-0.268555,-2.299252e-20,-7.910280e-19
-0.268311,-2.347003e-20,-7.877513e-19
-0.268066,-4.795488e-20,-8.021942e-19
-0.267822,-6.143033e-20,-8.244555e-19
-0.267578,-1.704974e-20,-8.137502e-19
-0.267334,-2.917778e-20,-7.824277e-19
-0.267090,-7.097110e-20,-7.640818e-19
-0.266846,-5.039818e-20,-7.740843e-19
-0.266602,-3.769065e-20,-7.903693e-19
-0.266357,-4.613293e-20,-7.919918e-19
-0.266113,-6.051954e-20,-8.034654e-19
-0.265869,-8.262151e-20,-8.243137e-19
-0.265625,-5.300975e-20,-8.161256e-19
-0.265381,-3.670143e-20,-7.855547e-19
-0.265137,-8.709952e-20,-7.677524e-19
-0.264893,-8.510059e-20,-7.743540e-19
-0.264648,-5.468744e-20,-7.918535e-19
-0.264404,-6.859177e-20,-7.961226e-19
-0.264160,-7.877659e-20,-8.055642e-19
-0.263916,-9.800346e-20,-8.271767e-19
-0.263672,-8.715447e-20,-8.167696e-19
-0.263428,-5.425974e-20,-7.881774e-19
-0.263184,-9.566590e-20,-7.733045e-19
-0.262939,-1.171483e-19,-7.784540e-19
-0.262695,-8.039749e-20,-7.981756e-19
-0.262451,-8.498961e-20,-8.033197e-19
-0.262207,-1.037346e-19,-8.123915e-19
-0.261963,-1.152568e-19,-8.314919e-19
-0.261719,-1.158638e-19,-8.201501e-19
-0.261475,-8.328898e-20,-7.911494e-19
-0.261230,-1.023998e-19,-7.770414e-19
-0.260986,-1.418141e-19,-7.828899e-19
-0.260742,-1.110904e-19,-8.006152e-19
-0.260498,-9.844506e-20,-8.123127e-19
-0.260254,-1.253869e-19,-8.207274e-19
-0.260010,-1.365234e-19,-8.355627e-19
-0.259766,-1.384350e-19,-8.271055e-19
-0.259521,-1.165227e-19,-7.963430e-19
-0.259277,-1.164738e-19,-7.843490e-19
-0.259033,-1.597401e-19,-7.906694e-19
-0.258789,-1.480230e-19,-8.051116e-19
-0.258545,-1.153906e-19,-8.212371e-19
-0.258301,-1.424150e-19,-8.305672e-19
-0.258057,-1.609809e-19,-8.401624e-19
-0.257812,-1.557988e-19,-8.315316e-19
-0.257568,-1.463940e-19,-8.031541e-19
-0.257324,-1.344971e-19,-7.920352e-19
-0.257080,-1.679259e-19,-7.993038e-19
-0.256836,-1.813328e-19,-8.151846e-19
-0.256592,-1.439085e-19,-8.322428e-19
-0.256348,-1.536318e-19,-8.409998e-19
-0.256104,-1.831534e-19,-8.508152e-19
-0.255859,-1.815510e-19,-8.407358e-19
-0.255615,-1.696609e-19,-8.093008e-19
-0.255371,-1.559812e-19,-7.995931e-19
-0.255127,-1.807045e-19,-8.074846e-19
-0.254883,-2.046827e-19,-8.219381e-19
-0.254639,-1.722277e-19,-8.415379e-19
-0.254395,-1.655884e-19,-8.528449e-19
-0.254150,-1.998954e-19,-8.581443e-19
-0.253906,-2.064343e-19,-8.460058e-19
-0.253662,-1.920174e-19,-8.176135e-19
-0.253418,-1.800093e-19,-8.082980e-19
-0.253174,-1.936573e-19,-8.193524e-19
-0.252930,-2.234966e-19,-8.337031e-19
-0.252686,-2.045583e-19,-8.519330e-19
-0.252441,-1.803540e-19,-8.646580e-19
-0.252197,-2.125316e-19,-8.682900e-19
-0.251953,-2.304410e-19,-8.540785e-19
-0.251709,-2.130498e-19,-8.233575e-19
-0.251465,-2.018624e-19,-8.163347e-19
-0.251221,-2.078849e-19,-8.299531e-19
-0.250977,-2.370683e-19,-8.426692e-19
-0.250732,-2.325060e-19,-8.635033e-19
-0.250488,-2.015852e-19,-8.805475e-19
-0.250244,-2.244240e-19,-8.786021e-19
-0.250000,-2.513081e-19,-8.608074e-19
-0.249756,-2.370948e-19,-8.335861e-19
-0.249512,-2.206313e-19,-8.223992e-19
-0.249268,-2.254183e-19,-8.383031e-19
-0.249023,-2.506369e-19,-8.547903e-19
-0.248779,-2.528078e-19,-8.708031e-19
-0.248535,-2.263249e-19,-8.887970e-19
-0.248291,-2.327390e-19,-8.878952e-19
-0.248047,-2.649561e-19,-8.676571e-19
-0.247803,-2.619891e-19,-8.393219e-19
-0.247559,-2.393681e-19,-8.299676e-19
-0.247314,-2.417657e-19,-8.482464e-19
-0.247070,-2.619109e-19,-8.643094e-19
-0.246826,-2.740175e-19,-8.812730e-19
-0.246582,-2.528312e-19,-9.016727e-19
-0.246338,-2.417176e-19,-8.984668e-19
-0.246094,-2.760498e-19,-8.724777e-19
-0.245850,-2.842357e-19,-8.448549e-19
-0.245605,-2.577032e-19,-8.351132e-19
-0.245361,-2.537797e-19,-8.529354e-19
-0.245117,-2.754043e-19,-8.739226e-19
-0.244873,-2.907583e-19,-8.891537e-19
-0.244629,-2.717367e-19,-9.097302e-19
-0.244385,-2.577801e-19,-9.085807e-19
-0.244141,-2.853280e-19,-8.787776e-19
-0.243896,-3.000808e-19,-8.488074e-19
-0.243652,-2.791798e-19,-8.402938e-19
-0.243408,-2.664324e-19,-8.586012e-19
-0.243164,-2.840120e-19,-8.806145e-19
-0.242920,-3.037329e-19,-8.974254e-19
-0.242676,-2.910484e-19,-9.175342e-19
-0.242432,-2.719450e-19,-9.149973e-19
-0.242188,-2.898342e-19,-8.818008e-19
-0.241943,-3.123167e-19,-8.534471e-19
-0.241699,-2.988972e-19,-8.464604e-19
-0.241455,-2.786409e-19,-8.624674e-19
-0.241211,-2.900659e-19,-8.879674e-19
-0.240967,-3.157590e-19,-9.059748e-19
-0.240723,-3.069034e-19,-9.239130e-19
-0.240479,-2.831009e-19,-9.224432e-19
-0.240234,-2.959987e-19,-8.862784e-19
-0.239990,-3.196882e-19,-8.530374e-19
-0.239746,-3.116483e-19,-8.476451e-19
-0.239502,-2.910925e-19,-8.661621e-19
-0.239258,-2.937717e-19,-8.918662e-19
-0.239014,-3.189783e-19,-9.108096e-19
-0.238770,-3.222446e-19,-9.298184e-19
-0.238525,-2.944038e-19,-9.286314e-19
-0.238281,-2.974462e-19,-8.900598e-19
-0.238037,-3.275468e-19,-8.539278e-19
-0.237793,-3.221277e-19,-8.485212e-19
-0.237549,-2.998389e-19,-8.675831e-19
-0.237305,-2.996537e-19,-8.946575e-19
-0.237061,-3.187423e-19,-9.145691e-19
-0.236816,-3.301496e-19,-9.330841e-19
-0.236572,-3.062374e-19,-9.315916e-19
-0.236328,-2.973243e-19,-8.926059e-19
-0.236084,-3.285579e-19,-8.548520e-19
-0.235840,-3.310077e-19,-8.492247e-19
-0.235596,-3.088350e-19,-8.692106e-19
-0.235352,-3.045357e-19,-8.955656e-19
-0.235107,-3.174832e-19,-9.190931e-19
-0.234863,-3.346456e-19,-9.384064e-19
-0.234619,-3.169166e-19,-9.350439e-19
-0.234375,-2.967094e-19,-8.937581e-19
-0.234131,-3.237215e-19,-8.502894e-19
-0.233887,-3.379755e-19,-8.474561e-19
-0.233643,-3.142945e-19,-8.694372e-19
-0.233398,-3.036037e-19,-8.950211e-19
-0.233154,-3.160415e-19,-9.205043e-19
-0.232910,-3.324822e-19,-9.396132e-19
-0.232666,-3.249337e-19,-9.372775e-19
-0.232422,-2.998510e-19,-8.950132e-19
-0.232178,-3.159569e-19,-8.496415e-19
-0.231934,-3.404853e-19,-8.466815e-19
-0.231689,-3.179186e-19,-8.674997e-19
-0.231445,-3.018885e-19,-8.933776e-19
-0.231201,-3.138505e-19,-9.213990e-19
-0.230957,-3.257359e-19,-9.414478e-19
-0.230713,-3.273551e-19,-9.384957e-19
-0.230469,-3.041391e-19,-8.959227e-19
-0.230225,-3.034245e-19,-8.484137e-19
-0.229980,-3.369520e-19,-8.440127e-19
-0.229736,-3.234428e-19,-8.691412e-19
-0.229492,-2.957380e-19,-8.961589e-19
-0.229248,-3.101807e-19,-9.222041e-19
-0.229004,-3.214551e-19,-9.453121e-19
-0.228760,-3.214079e-19,-9.421074e-19
-0.228516,-3.053073e-19,-8.967512e-19
-0.228271,-2.930225e-19,-8.467728e-19
-0.228027,-3.250514e-19,-8.409349e-19
-0.227783,-3.261385e-19,-8.676388e-19
-0.227539,-2.887639e-19,-8.942933e-19
-0.227295,-2.970860e-19,-9.217847e-19
-0.227051,-3.168037e-19,-9.479712e-19
-0.226807,-3.134606e-19,-9.461404e-19
-0.226562,-3.029036e-19,-8.996987e-19
-0.226318,-2.882988e-19,-8.476646e-19
-0.226074,-3.066834e-19,-8.409546e-19
-0.225830,-3.237390e-19,-8.687091e-19
-0.225586,-2.887710e-19,-8.962345e-19
-0.225342,-2.780908e-19,-9.219355e-19
-0.225098,-3.066754e-19,-9.503224e-19
-0.224854,-3.049175e-19,-9.492028e-19
-0.224609,-2.898972e-19,-9.020138e-19
-0.224365,-2.804528e-19,-8.497408e-19
-0.224121,-2.873294e-19,-8.412061e-19
-0.223877,-3.111105e-19,-8.715566e-19
-0.223633,-2.864361e-19,-8.986914e-19
-0.223389,-2.613401e-19,-9.250284e-19
-0.223145,-2.904737e-19,-9.561195e-19
-0.222900,-2.946404e-19,-9.546504e-19
-0.222656,-2.763118e-19,-9.076845e-19
-0.222412,-2.682934e-19,-8.512529e-19
-0.222168,-2.688600e-19,-8.404767e-19
-0.221924,-2.900342e-19,-8.728948e-19
-0.221680,-2.786513e-19,-9.011992e-19
-0.221436,-2.440532e-19,-9.261778e-19
-0.221191,-2.637276e-19,-9.575997e-19
-0.220947,-2.835360e-19,-9.608592e-19
-0.220703,-2.615809e-19,-9.140648e-19
-0.220459,-2.512692e-19,-8.571980e-19
-0.220215,-2.519791e-19,-8.443545e-19
-0.219971,-2.647965e-19,-8.748718e-19
-0.219727,-2.685214e-19,-9.069863e-19
-0.219482,-2.315378e-19,-9.302591e-19
-0.219238,-2.343599e-19,-9.612810e-19
-0.218994,-2.645879e-19,-9.679793e-19
-0.218750,-2.438846e-19,-9.200555e-19
-0.218506,-2.288431e-19,-8.615967e-19
-0.218262,-2.340869e-19,-8.481100e-19
-0.218018,-2.388743e-19,-8.792282e-19
-0.217773,-2.461300e-19,-9.140112e-19
-0.217529,-2.198099e-19,-9.371618e-19
-0.217285,-2.058066e-19,-9.663026e-19
-0.217041,-2.374131e-19,-9.767126e-19
-0.216797,-2.329091e-19,-9.306002e-19
-0.216553,-2.027332e-19,-8.687039e-19
-0.216309,-2.075174e-19,-8.524932e-19
-0.216064,-2.172197e-19,-8.828341e-19
-0.215820,-2.175604e-19,-9.190382e-19
-0.215576,-2.040765e-19,-9.415910e-19
-0.215332,-1.800374e-19,-9.705583e-19
-0.215088,-2.014772e-19,-9.836372e-19
-0.214844,-2.163920e-19,-9.403236e-19
-0.214600,-1.796921e-19,-8.787573e-19
-0.214355,-1.781627e-19,-8.596643e-19
-0.214111,-1.941345e-19,-8.900313e-19
-0.213867,-1.898656e-19,-9.272953e-19
-0.213623,-1.826826e-19,-9.491709e-19
-0.213379,-1.580370e-19,-9.777004e-19
-0.213135,-1.653230e-19,-9.927927e-19
-0.212891,-1.908159e-19,-9.508534e-19
-0.212646,-1.614444e-19,-8.880095e-19
-0.212402,-1.434325e-19,-8.687640e-19
-0.212158,-1.638668e-19,-8.962307e-19
-0.211914,-1.648131e-19,-9.343895e-19
-0.211670,-1.532892e-19,-9.594055e-19
-0.211426,-1.357544e-19,-9.842680e-19
-0.211182,-1.325107e-19,-1.001693e-18
-0.210938,-1.594470e-19,-9.655985e-19
-0.210693,-1.434583e-19,-9.000021e-19
-0.210449,-1.113373e-19,-8.779949e-19
-0.210205,-1.310255e-19,-9.061995e-19
-0.209961,-1.383653e-19,-9.422608e-19
-0.209717,-1.235033e-19,-9.664015e-19
-0.209473,-1.097206e-19,-9.928114e-19
-0.209229,-1.006640e-19,-1.010946e-18
-0.208984,-1.210540e-19,-9.777275e-19
-0.208740,-1.203144e-19,-9.141976e-19
-0.208496,-8.535399e-20,-8.911525e-19
-0.208252,-9.189286e-20,-9.163055e-19
-0.208008,-1.121356e-19,-9.541523e-19
-0.207764,-9.460516e-20,-9.820868e-19
-0.207520,-7.689372e-20,-1.002618e-18
-0.207275,-7.165082e-20,-1.020000e-18
-0.207031,-8.135764e-20,-9.947631e-19
-0.206787,-9.063066e-20,-9.301575e-19
-0.206543,-5.912590e-20,-9.025684e-19
-0.206299,-5.049940e-20,-9.292270e-19
-0.206055,-7.798405e-20,-9.665502e-19
-0.205811,-6.634105e-20,-9.940663e-19
-0.205566,-4.551899e-20,-1.015843e-18
-0.205322,-3.964989e-20,-1.032244e-18
-0.205078,-4.405085e-20,-1.010526e-18
-0.204834,-5.876107e-20,-9.497879e-19
-0.204590,-3.447125e-20,-9.204169e-19
-0.204346,-1.189595e-20,-9.427359e-19
-0.204102,-3.908470e-20,-9.794637e-19
-0.203857,-3.938052e-20,-1.008177e-18
-0.203613,-1.014537e-20,-1.026796e-18
-0.203369,-4.246988e-21,-1.046046e-18
-0.203125,-1.102477e-20,-1.031523e-18
-0.202881,-1.976201e-20,-9.695619e-19
-0.202637,-8.686671e-21,-9.377377e-19
-0.202393,2.021693e-20,-9.605335e-19
-0.202148,4.383907e-21,-9.969107e-19
-0.201904,-1.302490e-20,-1.025566e-18
-0.201660,2.123264e-20,-1.044236e-18
-0.201416,3.374587e-20,-1.061017e-18
-0.201172,2.181170e-20,-1.048252e-18
-0.200928,1.881376e-20,-9.924480e-19
-0.200684,2.398002e-20,-9.574276e-19
-0.200439,5.023854e-20,-9.782961e-19
-0.200195,4.789481e-20,-1.014966e-18
-0.199951,2.192463e-20,-1.041635e-18
-0.199707,4.562921e-20,-1.063793e-18
-0.199463,7.129065e-20,-1.077401e-18
-0.199219,5.814582e-20,-1.066838e-18
-0.198975,5.036533e-20,-1.020112e-18
-0.198730,5.758555e-20,-9.795372e-19
-0.198486,7.801248e-20,-9.986593e-19
-0.198242,8.700593e-20,-1.036550e-18
-0.197998,6.117187e-20,-1.059355e-18
-0.197754,7.176709e-20,-1.083026e-18
-0.197510,1.052246e-19,-1.095751e-18
-0.197266,9.477116e-20,-1.088171e-18
-0.197021,8.499687e-20,-1.047339e-18
-0.196777,9.022703e-20,-1.006058e-18
-0.196533,1.064806e-19,-1.021198e-18
-0.196289,1.217263e-19,-1.058130e-18
-0.196045,1.001496e-19,-1.082166e-18
-0.195801,9.713902e-20,-1.103758e-18
-0.195557,1.333341e-19,-1.116776e-18
-0.195312,1.353566e-19,-1.110073e-18
-0.195068,1.169908e-19,-1.073762e-18
-0.194824,1.226834e-19,-1.034686e-18
-0.194580,1.375122e-19,-1.044663e-18
-0.194336,1.524037e-19,-1.081632e-18
-0.194092,1.419790e-19,-1.104745e-18
-0.193848,1.251892e-19,-1.123831e-18
-0.193604,1.598370e-19,-1.138127e-18
-0.193359,1.752900e-19,-1.134110e-18
-0.193115,1.486935e-19,-1.102345e-18
-0.192871,1.523196e-19,-1.064696e-18
-0.192627,1.678208e-19,-1.070372e-18
-0.192383,1.824486e-19,-1.106043e-18
-0.192139,1.799746e-19,-1.129445e-18
-0.191895,1.584416e-19,-1.145713e-18
-0.191650,1.827577e-19,-1.160698e-18
-0.191406,2.096074e-19,-1.157826e-18
-0.191162,1.885684e-19,-1.131613e-18
-0.190918,1.803124e-19,-1.097681e-18
-0.190674,1.972721e-19,-1.097461e-18
-0.190430,2.124156e-19,-1.134097e-18
-0.190186,2.108605e-19,-1.156789e-18
-0.189941,1.942488e-19,-1.168632e-18
-0.189697,2.070602e-19,-1.185085e-18
-0.189453,2.378103e-19,-1.183184e-18
-0.189209,2.254870e-19,-1.161139e-18
-0.188965,2.093249e-19,-1.128301e-18
-0.188721,2.268764e-19,-1.124131e-18
-0.188477,2.422569e-19,-1.159917e-18
-0.188232,2.445504e-19,-1.181753e-18
-0.187988,2.296823e-19,-1.191602e-18
-0.187744,2.296618e-19,-1.207059e-18
-0.187500,2.637422e-19,-1.208145e-18
-0.187256,2.619317e-19,-1.189781e-18
-0.187012,2.377712e-19,-1.160414e-18
-0.186768,2.519020e-19,-1.154764e-18
-0.186523,2.698690e-19,-1.184742e-18
-0.186279,2.730975e-19,-1.207119e-18
-0.186035,2.624951e-19,-1.215768e-18
-0.185791,2.554263e-19,-1.228277e-18
-0.185547,2.864509e-19,-1.231730e-18
-0.185303,2.986241e-19,-1.216314e-18
-0.185059,2.682021e-19,-1.190949e-18
-0.184814,2.725808e-19,-1.183437e-18
-0.184570,2.976565e-19,-1.209617e-18
-0.184326,2.987403e-19,-1.233724e-18
-0.184082,2.920036e-19,-1.238603e-18
-0.183838,2.816090e-19,-1.248980e-18
-0.183594,3.015920e-19,-1.255005e-18
-0.183350,3.271289e-19,-1.242431e-18
-0.183105,3.001295e-19,-1.220142e-18
-0.182861,2.925628e-19,-1.207894e-18
-0.182617,3.200249e-19,-1.230544e-18
-0.182373,3.242804e-19,-1.255460e-18
-0.182129,3.195156e-19,-1.258344e-18
-0.181885,3.086825e-19,-1.266760e-18
-0.181641,3.184367e-19,-1.276347e-18
-0.181396,3.500299e-19,-1.268325e-18
-0.181152,3.301519e-19,-1.246592e-18
-0.180908,3.087993e-19,-1.235368e-18
-0.180664,3.402196e-19,-1.253867e-18
-0.180420,3.473204e-19,-1.277577e-18
-0.180176,3.383487e-19,-1.279160e-18
-0.179932,3.358564e-19,-1.282306e-18
-0.179688,3.324878e-19,-1.294216e-18
-0.179443,3.646634e-19,-1.289227e-18
-0.179199,3.615968e-19,-1.272551e-18
-0.178955,3.272054e-19,-1.260057e-18
-0.178711,3.523615e-19,-1.272550e-18
-0.178467,3.691782e-19,-1.299153e-18
-0.178223,3.570682e-19,-1.299744e-18
-0.177979,3.550995e-19,-1.299244e-18
-0.177734,3.487670e-19,-1.312728e-18
-0.177490,3.739814e-19,-1.311163e-18
-0.177246,3.867550e-19,-1.295583e-18
-0.177002,3.480548e-19,-1.281829e-18
-0.176758,3.591427e-19,-1.291516e-18
-0.176514,3.903426e-19,-1.316343e-18
-0.176270,3.744073e-19,-1.316856e-18
-0.176025,3.706840e-19,-1.311854e-18
-0.175781,3.683137e-19,-1.326005e-18
-0.175537,3.788570e-19,-1.330603e-18
-0.175293,4.047522e-19,-1.318754e-18
-0.175049,3.720053e-19,-1.304879e-18
-0.174805,3.630253e-19,-1.309911e-18
-0.174561,4.025215e-19,-1.334336e-18
-0.174316,3.935414e-19,-1.335410e-18
-0.174072,3.806218e-19,-1.324753e-18
-0.173828,3.846538e-19,-1.337448e-18
-0.173584,3.872855e-19,-1.348994e-18
-0.173340,4.130219e-19,-1.339334e-18
-0.173096,3.976548e-19,-1.323813e-18
-0.172852,3.685860e-19,-1.326226e-18
-0.172607,4.067489e-19,-1.347791e-18
-0.172363,4.145714e-19,-1.352299e-18
-0.172119,3.863164e-19,-1.337522e-18
-0.171875,3.957342e-19,-1.345850e-18
-0.171631,3.973994e-19,-1.364087e-18
-0.171387,4.139611e-19,-1.358554e-18
-0.171143,4.192820e-19,-1.341481e-18
-0.170898,3.779825e-19,-1.340256e-18
-0.170654,4.019614e-19,-1.359516e-18
-0.170410,4.314156e-19,-1.363142e-18
-0.170166,3.983995e-19,-1.346921e-18
-0.169922,3.996817e-19,-1.353955e-18
-0.169678,4.090173e-19,-1.376958e-18
-0.169434,4.134558e-19,-1.374911e-18
-0.169189,4.285457e-19,-1.356262e-18
-0.168945,3.941074e-19,-1.354874e-18
-0.168701,3.934518e-19,-1.370917e-18
-0.168457,4.396923e-19,-1.374916e-18
-0.168213,4.143147e-19,-1.357594e-18
-0.167969,3.968453e-19,-1.359370e-18
-0.167725,4.190684e-19,-1.386023e-18
-0.167480,4.163759e-19,-1.389015e-18
-0.167236,4.300153e-19,-1.370037e-18
-0.166992,4.132425e-19,-1.365170e-18
-0.166748,3.893924e-19,-1.378612e-18
-0.166504,4.344574e-19,-1.383720e-18
-0.166260,4.305553e-19,-1.366142e-18
-0.166016,3.946947e-19,-1.363382e-18
-0.165771,4.172614e-19,-1.392455e-18
-0.165527,4.229841e-19,-1.401797e-18
-0.165283,4.237284e-19,-1.380550e-18
-0.165039,4.236982e-19,-1.372794e-18
-0.164795,3.933412e-19,-1.385040e-18
-0.164551,4.223325e-19,-1.388578e-18
-0.164307,4.435985e-19,-1.369878e-18
-0.164062,3.981999e-19,-1.364074e-18
-0.163818,4.089497e-19,-1.395870e-18
-0.163574,4.289999e-19,-1.412110e-18
-0.163330,4.171720e-19,-1.389674e-18
-0.163086,4.249407e-19,-1.378519e-18
-0.162842,4.005312e-19,-1.389888e-18
-0.162598,4.055487e-19,-1.392796e-18
-0.162354,4.448772e-19,-1.374778e-18
-0.162109,4.081353e-19,-1.366420e-18
-0.161865,3.949962e-19,-1.395507e-18
-0.161621,4.297405e-19,-1.415853e-18
-0.161377,4.183031e-19,-1.395205e-18
-0.161133,4.171355e-19,-1.379438e-18
-0.160889,4.097277e-19,-1.389336e-18
-0.160645,3.934812e-19,-1.394369e-18
-0.160400,4.330826e-19,-1.375555e-18
-0.160156,4.204695e-19,-1.364050e-18
-0.159912,3.826039e-19,-1.393821e-18
-0.159668,4.175251e-19,-1.419457e-18
-0.159424,4.207595e-19,-1.399328e-18
-0.159180,4.070964e-19,-1.379638e-18
-0.158936,4.105466e-19,-1.388350e-18
-0.158691,3.887690e-19,-1.392295e-18
-0.158447,4.155694e-19,-1.372665e-18
-0.158203,4.288901e-19,-1.359685e-18
-0.157959,3.807617e-19,-1.387244e-18
-0.157715,3.977138e-19,-1.417586e-18
-0.157471,4.220853e-19,-1.402954e-18
-0.157227,3.988848e-19,-1.378615e-18
-0.156982,4.006800e-19,-1.382940e-18
-0.156738,3.902248e-19,-1.389644e-18
-0.156494,3.946681e-19,-1.370157e-18
-0.156250,4.226528e-19,-1.353968e-18
-0.156006,3.843092e-19,-1.379049e-18
-0.155762,3.763633e-19,-1.412089e-18
-0.155518,4.170786e-19,-1.399845e-18
-0.155273,3.971455e-19,-1.370896e-18
-0.155029,3.865235e-19,-1.375556e-18
-0.154785,3.884757e-19,-1.382003e-18
-0.154541,3.793767e-19,-1.360316e-18
-0.154297,4.085853e-19,-1.346165e-18
-0.154053,3.890202e-19,-1.369180e-18
-0.153809,3.583260e-19,-1.403194e-18
-0.153564,3.979668e-19,-1.395326e-18
-0.153320,3.962524e-19,-1.363839e-18
-0.153076,3.720601e-19,-1.363775e-18
-0.152832,3.794453e-19,-1.370081e-18
-0.152588,3.704495e-19,-1.349800e-18
-0.152344,3.869474e-19,-1.333237e-18
-0.152100,3.887358e-19,-1.354279e-18
-0.151855,3.493298e-19,-1.390948e-18
-0.151611,3.744738e-19,-1.386950e-18
-0.151367,3.934945e-19,-1.354059e-18
-0.151123,3.597801e-19,-1.350385e-18
-0.150879,3.608789e-19,-1.357885e-18
-0.150635,3.624633e-19,-1.337220e-18
-0.150391,3.658984e-19,-1.320648e-18
-0.150146,3.771929e-19,-1.340417e-18
-0.149902,3.445580e-19,-1.374647e-18
-0.149658,3.473769e-19,-1.373473e-18
-0.149414,3.783914e-19,-1.338415e-18
-0.149170,3.545579e-19,-1.332056e-18
-0.148926,3.416741e-19,-1.342120e-18
-0.148682,3.476381e-19,-1.321768e-18
-0.148438,3.460061e-19,-1.303237e-18
-0.148193,3.601978e-19,-1.322967e-18
-0.147949,3.389712e-19,-1.358117e-18
-0.147705,3.220198e-19,-1.358709e-18
-0.147461,3.562667e-19,-1.324565e-18
-0.147217,3.478163e-19,-1.312044e-18
-0.146973,3.212142e-19,-1.323503e-18
-0.146729,3.309658e-19,-1.305669e-18
-0.146484,3.317925e-19,-1.282450e-18
-0.146240,3.379837e-19,-1.304114e-18
-0.145996,3.286979e-19,-1.338468e-18
-0.145752,3.045010e-19,-1.340482e-18
-0.145508,3.299686e-19,-1.307611e-18
-0.145264,3.369663e-19,-1.290574e-18
-0.145020,3.047545e-19,-1.303821e-18
-0.144775,3.062385e-19,-1.288540e-18
-0.144531,3.134208e-19,-1.263857e-18
-0.144287,3.154026e-19,-1.283019e-18
-0.144043,3.141843e-19,-1.317169e-18
-0.143799,2.875933e-19,-1.318531e-18
-0.143555,3.000903e-19,-1.286138e-18
-0.143311,3.226936e-19,-1.268601e-18
-0.143066,2.924597e-19,-1.280181e-18
-0.142822,2.817081e-19,-1.269103e-18
-0.142578,2.934685e-19,-1.243167e-18
-0.142334,2.949258e-19,-1.260029e-18
-0.142090,2.941957e-19,-1.297200e-18
-0.141846,2.725078e-19,-1.299437e-18
-0.141602,2.733829e-19,-1.267102e-18
-0.141357,2.990331e-19,-1.246414e-18
-0.141113,2.802522e-19,-1.256502e-18
-0.140869,2.602836e-19,-1.249320e-18
-0.140625,2.719539e-19,-1.221884e-18
-0.140381,2.740692e-19,-1.236516e-18
-0.140137,2.734302e-19,-1.274127e-18
-0.139893,2.594236e-19,-1.274619e-18
-0.139648,2.485635e-19,-1.245598e-18
-0.139404,2.745714e-19,-1.223172e-18
-0.139160,2.658937e-19,-1.231986e-18
-0.138916,2.382770e-19,-1.229661e-18
-0.138672,2.488120e-19,-1.199349e-18
-0.138428,2.541137e-19,-1.213974e-18
-0.138184,2.529230e-19,-1.253085e-18
-0.137939,2.423327e-19,-1.251197e-18
-0.137695,2.264790e-19,-1.219653e-18
-0.137451,2.481989e-19,-1.196448e-18
-0.137207,2.516008e-19,-1.205358e-18
-0.136963,2.226744e-19,-1.206272e-18
-0.136719,2.236038e-19,-1.178944e-18
-0.136475,2.323425e-19,-1.186854e-18
-0.136230,2.318285e-19,-1.228765e-18
-0.135986,2.239863e-19,-1.229940e-18
-0.135742,2.067313e-19,-1.194410e-18
-0.135498,2.194570e-19,-1.173849e-18
-0.135254,2.336035e-19,-1.178044e-18
-0.135010,2.055411e-19,-1.181005e-18
-0.134766,1.970110e-19,-1.159646e-18
-0.134521,2.121026e-19,-1.160178e-18
-0.134277,2.106743e-19,-1.200385e-18
-0.134033,2.061560e-19,-1.205546e-18
-0.133789,1.885922e-19,-1.167975e-18
-0.133545,1.890675e-19,-1.144058e-18
-0.133301,2.123157e-19,-1.151321e-18
-0.133057,1.890676e-19,-1.157212e-18
-0.132812,1.718619e-19,-1.135845e-18
-0.132568,1.880648e-19,-1.136874e-18
-0.132324,1.874929e-19,-1.174676e-18
-0.132080,1.849001e-19,-1.177710e-18
-0.131836,1.702225e-19,-1.139834e-18
-0.131592,1.627165e-19,-1.116071e-18
-0.131348,1.875490e-19,-1.120785e-18
-0.131104,1.764406e-19,-1.129155e-18
-0.130859,1.472639e-19,-1.113314e-18
-0.130615,1.620739e-19,-1.108980e-18
-0.130371,1.673239e-19,-1.145745e-18
-0.130127,1.560610e-19,-1.153885e-18
-0.129883,1.517420e-19,-1.113817e-18
-0.129639,1.380195e-19,-1.087410e-18
-0.129395,1.551538e-19,-1.093369e-18
-0.129150,1.617578e-19,-1.102415e-18
-0.128906,1.243036e-19,-1.088708e-18
-0.128662,1.324222e-19,-1.083670e-18
-0.128418,1.467305e-19,-1.114598e-18
-0.128174,1.335717e-19,-1.124627e-18
-0.127930,1.312049e-19,-1.084004e-18
-0.127686,1.156523e-19,-1.054040e-18
-0.127441,1.236942e-19,-1.062705e-18
-0.127197,1.387949e-19,-1.073232e-18
-0.126953,1.059425e-19,-1.065261e-18
-0.126709,9.904436e-20,-1.056872e-18
-0.126465,1.207959e-19,-1.082982e-18
-0.126221,1.111075e-19,-1.098447e-18
-0.125977,1.042434e-19,-1.053634e-18
-0.125732,9.777992e-20,-1.022248e-18
-0.125488,9.195225e-20,-1.031686e-18
-0.125244,1.136414e-19,-1.040993e-18
-0.125000,9.398607e-20,-1.038326e-18
-0.124756,6.694416e-20,-1.030883e-18
-0.124512,9.504345e-20,-1.052553e-18
-0.124268,8.942387e-20,-1.068283e-18
-0.124023,7.303199e-20,-1.026380e-18
-0.123779,7.599444e-20,-9.912939e-19
-0.123535,6.326302e-20,-9.996516e-19
-0.123291,8.125370e-20,-1.011783e-18
-0.123047,7.828283e-20,-1.011805e-18
-0.122803,4.166075e-20,-1.006109e-18
-0.122559,6.068607e-20,-1.021186e-18
-0.122314,7.284904e-20,-1.035435e-18
-0.122070,4.928466e-20,-9.962285e-19
-0.121826,4.856853e-20,-9.568431e-19
-0.121582,4.381841e-20,-9.659018e-19
-0.121338,4.705617e-20,-9.809599e-19
-0.121094,5.658190e-20,-9.823966e-19
-0.120850,2.389457e-20,-9.808257e-19
-0.120605,2.237779e-20,-9.921065e-19
-0.120361,4.972873e-20,-1.003340e-18
-0.120117,2.644645e-20,-9.676579e-19
-0.119873,1.850774e-20,-9.238162e-19
-0.119629,2.490326e-20,-9.310564e-19
-0.119385,1.692815e-20,-9.502297e-19
-0.119141,3.159067e-20,-9.529525e-19
-0.118896,1.016882e-20,-9.537791e-19
-0.118652,-1.160760e-20,-9.617657e-19
-0.118408,2.050146e-20,-9.706303e-19
-0.118164,9.816304e-21,-9.399784e-19
-0.117920,-1.395521e-20,-8.929778e-19
-0.117676,-2.168198e-21,-8.969156e-19
-0.117432,-6.438186e-21,-9.217084e-19
-0.117188,-2.478662e-21,-9.263313e-19
-0.116943,-9.444500e-21,-9.277479e-19
-0.116699,-3.669945e-20,-9.343224e-19
-0.116455,-1.481283e-20,-9.372372e-19
-0.116211,-5.454000e-21,-9.087542e-19
-0.115967,-3.779327e-20,-8.625167e-19
-0.115723,-3.357477e-20,-8.621165e-19
-0.115479,-2.776250e-20,-8.895037e-19
-0.115234,-3.373588e-20,-8.983150e-19
-0.114990,-3.191332e-20,-9.025563e-19
-0.114746,-5.735236e-20,-9.068074e-19
-0.114502,-5.407674e-20,-9.051121e-19
-0.114258,-2.881294e-20,-8.795132e-19
-0.114014,-5.756217e-20,-8.328875e-19
-0.113770,-6.773904e-20,-8.292616e-19
-0.113525,-5.040350e-20,-8.589588e-19
-0.113281,-5.946441e-20,-8.704910e-19
-0.113037,-5.888151e-20,-8.776494e-19
-0.112793,-7.357608e-20,-8.807201e-19
-0.112549,-8.629298e-20,-8.748861e-19
-0.112305,-5.750803e-20,-8.505016e-19
-0.112061,-7.187821e-20,-8.049407e-19
-0.111816,-1.001261e-19,-7.977601e-19
-0.111572,-7.980468e-20,-8.290225e-19
-0.111328,-7.876152e-20,-8.453120e-19
-0.111084,-8.978776e-20,-8.524323e-19
-0.110840,-9.424233e-20,-8.561683e-19
-0.110596,-1.087318e-19,-8.459708e-19
-0.110352,-9.245268e-20,-8.186557e-19
-0.110107,-8.706750e-20,-7.777154e-19
-0.109863,-1.206788e-19,-7.675765e-19
-0.109619,-1.121729e-19,-7.995339e-19
-0.109375,-9.710983e-20,-8.204228e-19
-0.109131,-1.151352e-19,-8.280457e-19
-0.108887,-1.179502e-19,-8.347846e-19
-0.108643,-1.293632e-19,-8.204810e-19
-0.108398,-1.256549e-19,-7.912147e-19
-0.108154,-1.063316e-19,-7.539436e-19
-0.107910,-1.371732e-19,-7.392154e-19
-0.107666,-1.448751e-19,-7.695021e-19
-0.107422,-1.185187e-19,-7.966512e-19
-0.107178,-1.314747e-19,-8.067698e-19
-0.106934,-1.445848e-19,-8.110300e-19
-0.106689,-1.475574e-19,-7.960821e-19
-0.106445,-1.494450e-19,-7.654096e-19
-0.106201,-1.348374e-19,-7.287661e-19
-0.105957,-1.478221e-19,-7.153336e-19
-0.105713,-1.698040e-19,-7.443395e-19
-0.105469,-1.482551e-19,-7.749390e-19
-0.105225,-1.436088e-19,-7.870440e-19
-0.104980,-1.685355e-19,-7.904447e-19
-0.104736,-1.690175e-19,-7.727262e-19
-0.104492,-1.667656e-19,-7.378079e-19
-0.104248,-1.629499e-19,-7.041225e-19
-0.104004,-1.618492e-19,-6.913701e-19
-0.103760,-1.872174e-19,-7.166604e-19
-0.103516,-1.794855e-19,-7.524009e-19
-0.103271,-1.588243e-19,-7.678119e-19
-0.103027,-1.842563e-19,-7.708436e-19
-0.102783,-1.944936e-19,-7.532106e-19
-0.102539,-1.843055e-19,-7.160217e-19
-0.102295,-1.849962e-19,-6.836809e-19
-0.102051,-1.805003e-19,-6.674802e-19
-0.101807,-1.988256e-19,-6.910561e-19
-0.101562,-2.075290e-19,-7.326356e-19
-0.101318,-1.784896e-19,-7.482691e-19
-0.101074,-1.935308e-19,-7.519700e-19
-0.100830,-2.192281e-19,-7.331007e-19
-0.100586,-2.031046e-19,-6.924949e-19
-0.100342,-2.009879e-19,-6.614186e-19
-0.100098,-2.047862e-19,-6.469232e-19
-0.099854,-2.116198e-19,-6.704437e-19
-0.099609,-2.267241e-19,-7.117312e-19
-0.099365,-2.048164e-19,-7.317912e-19
-0.099121,-2.010979e-19,-7.350833e-19
-0.098877,-2.358639e-19,-7.135845e-19
-0.098633,-2.294063e-19,-6.719178e-19
-0.098389,-2.130816e-19,-6.385038e-19
-0.098145,-2.229341e-19,-6.262538e-19
-0.097900,-2.293952e-19,-6.461446e-19
-0.097656,-2.387565e-19,-6.905864e-19
-0.097412,-2.314113e-19,-7.161257e-19
-0.097168,-2.163276e-19,-7.152679e-19
-0.096924,-2.460054e-19,-6.987109e-19
-0.096680,-2.561894e-19,-6.558133e-19
-0.096436,-2.280815e-19,-6.191692e-19
-0.096191,-2.367998e-19,-6.107822e-19
-0.095947,-2.481037e-19,-6.287065e-19
-0.095703,-2.504117e-19,-6.723495e-19
-0.095459,-2.539699e-19,-6.999477e-19
-0.095215,-2.337063e-19,-7.016559e-19
-0.094971,-2.498731e-19,-6.817033e-19
-0.094727,-2.768781e-19,-6.360881e-19
-0.094482,-2.502614e-19,-6.026128e-19
-0.094238,-2.437804e-19,-5.939093e-19
-0.093994,-2.664282e-19,-6.109243e-19
-0.093750,-2.669035e-19,-6.535387e-19
-0.093506,-2.654052e-19,-6.878493e-19
-0.093262,-2.557480e-19,-6.904289e-19
-0.093018,-2.552431e-19,-6.666380e-19
-0.092773,-2.874757e-19,-6.258213e-19
-0.092529,-2.753870e-19,-5.860815e-19
-0.092285,-2.491630e-19,-5.783294e-19
-0.092041,-2.768074e-19,-5.964972e-19
-0.091797,-2.845249e-19,-6.365982e-19
-0.091553,-2.730438e-19,-6.802389e-19
-0.091309,-2.733206e-19,-6.793601e-19
-0.091064,-2.671860e-19,-6.546261e-19
-0.090820,-2.910015e-19,-6.173338e-19
-0.090576,-2.972828e-19,-5.762725e-19
-0.090332,-2.622238e-19,-5.698324e-19
-0.090088,-2.774365e-19,-5.878666e-19
-0.089844,-3.008715e-19,-6.281136e-19
-0.089600,-2.837175e-19,-6.695687e-19
-0.089355,-2.821549e-19,-6.737809e-19
-0.089111,-2.807459e-19,-6.481150e-19
-0.088867,-2.898545e-19,-6.049132e-19
-0.088623,-3.103460e-19,-5.686844e-19
-0.088379,-2.801033e-19,-5.613739e-19
-0.088135,-2.749514e-19,-5.790057e-19
-0.087891,-3.108966e-19,-6.197463e-19
-0.087646,-2.970778e-19,-6.649409e-19
-0.087402,-2.846954e-19,-6.717276e-19
-0.087158,-2.916879e-19,-6.400658e-19
-0.086914,-2.937860e-19,-6.015201e-19
-0.086670,-3.137644e-19,-5.666336e-19
-0.086426,-2.968028e-19,-5.553753e-19
-0.086182,-2.744570e-19,-5.744850e-19
-0.085938,-3.094941e-19,-6.142515e-19
-0.085693,-3.135536e-19,-6.609563e-19
-0.085449,-2.864285e-19,-6.723631e-19
-0.085205,-2.939812e-19,-6.406245e-19
-0.084961,-3.008527e-19,-6.004508e-19
-0.084717,-3.129993e-19,-5.690679e-19
-0.084473,-3.106728e-19,-5.573518e-19
-0.084229,-2.772852e-19,-5.748414e-19
-0.083984,-3.010064e-19,-6.157972e-19
-0.083740,-3.243647e-19,-6.625073e-19
-0.083496,-2.902515e-19,-6.762374e-19
-0.083252,-2.900637e-19,-6.425185e-19
-0.083008,-3.050973e-19,-6.014123e-19
-0.082764,-3.090988e-19,-5.725280e-19
-0.082520,-3.151616e-19,-5.589695e-19
-0.082275,-2.867971e-19,-5.780041e-19
-0.082031,-2.900190e-19,-6.192912e-19
-0.081787,-3.277601e-19,-6.659504e-19
-0.081543,-3.024062e-19,-6.850443e-19
-0.081299,-2.819141e-19,-6.504218e-19
-0.081055,-3.054647e-19,-6.071837e-19
-0.080811,-3.094985e-19,-5.823007e-19
-0.080566,-3.101066e-19,-5.699678e-19
-0.080322,-2.921704e-19,-5.860165e-19
-0.080078,-2.807843e-19,-6.267591e-19
-0.079834,-3.180550e-19,-6.742375e-19
-0.079590,-3.112301e-19,-6.958788e-19
-0.079346,-2.774886e-19,-6.632158e-19
-0.079102,-2.960675e-19,-6.171077e-19
-0.078857,-3.112060e-19,-5.940159e-19
-0.078613,-3.059029e-19,-5.852419e-19
-0.078369,-2.953330e-19,-5.988379e-19
-0.078125,-2.772194e-19,-6.395873e-19
-0.077881,-3.025421e-19,-6.877943e-19
-0.077637,-3.158741e-19,-7.090240e-19
-0.077393,-2.753011e-19,-6.793023e-19
-0.077148,-2.790873e-19,-6.317238e-19
-0.076904,-3.061474e-19,-6.081542e-19
-0.076660,-3.017490e-19,-6.029391e-19
-0.076416,-2.891350e-19,-6.136604e-19
-0.076172,-2.713121e-19,-6.537006e-19
-0.075928,-2.879797e-19,-7.055522e-19
-0.075684,-3.121458e-19,-7.286122e-19
-0.075439,-2.783032e-19,-7.000214e-19
-0.075195,-2.638621e-19,-6.501906e-19
-0.074951,-2.961481e-19,-6.288501e-19
-0.074707,-2.973620e-19,-6.269969e-19
-0.074463,-2.784011e-19,-6.357050e-19
-0.074219,-2.661159e-19,-6.741475e-19
-0.073975,-2.710925e-19,-7.240590e-19
-0.073730,-2.987728e-19,-7.505650e-19
-0.073486,-2.791270e-19,-7.245609e-19
-0.073242,-2.478171e-19,-6.724321e-19
-0.072998,-2.782189e-19,-6.536133e-19
-0.072754,-2.928368e-19,-6.548883e-19
-0.072510,-2.708096e-19,-6.608200e-19
-0.072266,-2.571675e-19,-6.975934e-19
-0.072021,-2.566061e-19,-7.503712e-19
-0.071777,-2.808034e-19,-7.747722e-19
-0.071533,-2.751835e-19,-7.507813e-19
-0.071289,-2.369071e-19,-6.997028e-19
-0.071045,-2.533364e-19,-6.752428e-19
-0.070801,-2.800975e-19,-6.816021e-19
-0.070557,-2.609422e-19,-6.901804e-19
-0.070312,-2.412963e-19,-7.223306e-19
-0.070068,-2.419053e-19,-7.762054e-19
-0.069824,-2.627566e-19,-8.049182e-19
-0.069580,-2.669728e-19,-7.823702e-19
-0.069336,-2.299417e-19,-7.301871e-19
-0.069092,-2.299365e-19,-7.057612e-19
-0.068848,-2.635274e-19,-7.138949e-19
-0.068604,-2.530994e-19,-7.230941e-19
-0.068359,-2.252180e-19,-7.515210e-19
-0.068115,-2.228614e-19,-8.058461e-19
-0.067871,-2.410512e-19,-8.361079e-19
-0.067627,-2.527685e-19,-8.125022e-19
-0.067383,-2.204255e-19,-7.634862e-19
-0.067139,-2.041993e-19,-7.375724e-19
-0.066895,-2.432085e-19,-7.475663e-19
-0.066650,-2.445431e-19,-7.607204e-19
-0.066406,-2.112360e-19,-7.844396e-19
-0.066162,-2.034085e-19,-8.375503e-19
-0.065918,-2.190562e-19,-8.696866e-19
-0.065674,-2.379393e-19,-8.469197e-19
-0.065430,-2.106454e-19,-7.986349e-19
-0.065186,-1.836037e-19,-7.713955e-19
-0.064941,-2.142610e-19,-7.818766e-19
-0.064697,-2.282692e-19,-7.983075e-19
-0.064453,-2.007198e-19,-8.203437e-19
-0.064209,-1.819646e-19,-8.710115e-19
-0.063965,-1.956831e-19,-9.068045e-19
-0.063721,-2.173142e-19,-8.855266e-19
-0.063477,-2.000885e-19,-8.376157e-19
-0.063232,-1.671047e-19,-8.116028e-19
-0.062988,-1.853964e-19,-8.207392e-19
-0.062744,-2.132248e-19,-8.402713e-19
-0.062500,-1.874300e-19,-8.616920e-19
-0.062256,-1.588146e-19,-9.068838e-19
-0.062012,-1.708143e-19,-9.438809e-19
-0.061768,-1.944436e-19,-9.249658e-19
-0.061523,-1.849713e-19,-8.771319e-19
-0.061279,-1.470029e-19,-8.516819e-19
-0.061035,-1.562911e-19,-8.638042e-19
-0.060791,-1.934044e-19,-8.843289e-19
-0.060547,-1.735601e-19,-9.032858e-19
-0.060303,-1.415364e-19,-9.480726e-19
-0.060059,-1.456058e-19,-9.849519e-19
-0.059814,-1.685447e-19,-9.680785e-19
-0.059570,-1.709195e-19,-9.212225e-19
-0.059326,-1.313627e-19,-8.931810e-19
-0.059082,-1.252856e-19,-9.070874e-19
-0.058838,-1.650187e-19,-9.298614e-19
-0.058594,-1.580647e-19,-9.473709e-19
-0.058350,-1.203815e-19,-9.896231e-19
-0.058105,-1.172274e-19,-1.028494e-18
-0.057861,-1.402170e-19,-1.012508e-18
-0.057617,-1.505638e-19,-9.660060e-19
-0.057373,-1.184355e-19,-9.420212e-19
-0.057129,-9.529671e-20,-9.531179e-19
-0.056885,-1.319611e-19,-9.778060e-19
-0.056641,-1.428521e-19,-9.974890e-19
-0.056396,-1.014001e-19,-1.034038e-18
-0.056152,-8.913970e-20,-1.073293e-18
-0.055908,-1.083155e-19,-1.057460e-18
-0.055664,-1.249558e-19,-1.011332e-18
-0.055420,-1.020411e-19,-9.899300e-19
-0.055176,-6.619524e-20,-1.000424e-18
-0.054932,-9.691445e-20,-1.026098e-18
-0.054688,-1.226201e-19,-1.047205e-18
-0.054443,-8.319315e-20,-1.080380e-18
-0.054199,-6.193811e-20,-1.120244e-18
-0.053955,-7.818151e-20,-1.108791e-18
-0.053711,-9.758705e-20,-1.059997e-18
-0.053467,-8.495904e-20,-1.038160e-18
-0.053223,-4.362864e-20,-1.049728e-18
-0.052979,-5.776461e-20,-1.073796e-18
-0.052734,-9.732837e-20,-1.097952e-18
-0.052490,-6.638491e-20,-1.128410e-18
-0.052246,-3.037231e-20,-1.164627e-18
-0.052002,-4.819792e-20,-1.158270e-18
-0.051758,-7.033983e-20,-1.110156e-18
-0.051514,-6.334851e-20,-1.088196e-18
-0.051270,-2.466560e-20,-1.101046e-18
-0.051025,-2.133841e-20,-1.124218e-18
-0.050781,-6.709411e-20,-1.148958e-18
-0.050537,-5.236788e-20,-1.177707e-18
-0.050293,-5.139067e-21,-1.211955e-18
-0.050049,-1.580960e-20,-1.205794e-18
-0.049805,-4.025244e-20,-1.158496e-18
-0.049561,-3.857978e-20,-1.136250e-18
-0.049316,-7.102733e-21,-1.149812e-18
-0.049072,1.087644e-20,-1.174032e-18
-0.048828,-3.082364e-20,-1.198663e-18
-0.048584,-3.889004e-20,-1.225676e-18
-0.048340,1.577902e-20,-1.257778e-18
-0.048096,1.963064e-20,-1.256501e-18
-0.047852,-1.323019e-20,-1.209300e-18
-0.047607,-1.441335e-20,-1.183342e-18
-0.047363,1.204346e-20,-1.198897e-18
-0.047119,3.737371e-20,-1.221830e-18
-0.046875,7.822022e-21,-1.246584e-18
-0.046631,-1.755452e-20,-1.273141e-18
-0.046387,2.901085e-20,-1.302771e-18
-0.046143,5.144841e-20,-1.304553e-18
-0.045898,1.837363e-20,-1.257679e-18
-0.045654,6.234974e-21,-1.229705e-18
-0.045410,3.057970e-20,-1.247706e-18
-0.045166,6.071280e-20,-1.272394e-18
-0.044922,4.451596e-20,-1.294030e-18
-0.044678,6.476050e-21,-1.320065e-18
-0.044434,3.911469e-20,-1.347705e-18
-0.044189,8.137745e-20,-1.347630e-18
-0.043945,5.138177e-20,-1.304691e-18
-0.043701,2.774856e-20,-1.273566e-18
-0.043457,5.032201e-20,-1.292115e-18
-0.043213,7.942355e-20,-1.318218e-18
-0.042969,7.581496e-20,-1.337406e-18
-0.042725,3.571807e-20,-1.365696e-18
-0.042480,4.883585e-20,-1.390083e-18
-0.042236,1.031775e-19,-1.390230e-18
-0.041992,8.502174e-20,-1.350847e-18
-0.041748,4.987048e-20,-1.317248e-18
-0.041504,6.752063e-20,-1.334204e-18
-0.041260,9.773932e-20,-1.361719e-18
-0.041016,1.043628e-19,-1.379703e-18
-0.040771,6.746176e-20,-1.405885e-18
-0.040527,6.185300e-20,-1.429292e-18
-0.040283,1.164549e-19,-1.429326e-18
-0.040039,1.193786e-19,-1.394228e-18
-0.039795,7.589253e-20,-1.358799e-18
-0.039551,8.024053e-20,-1.373267e-18
-0.039307,1.164720e-19,-1.403767e-18
-0.039062,1.272274e-19,-1.419070e-18
-0.038818,9.782971e-20,-1.444440e-18
-0.038574,7.969999e-20,-1.466670e-18
-0.038330,1.245674e-19,-1.464207e-18
-0.038086,1.490640e-19,-1.432155e-18
-0.037842,1.048077e-19,-1.394301e-18
-0.037598,9.314269e-20,-1.406236e-18
-0.037354,1.327130e-19,-1.439091e-18
-0.037109,1.501724e-19,-1.453920e-18
-0.036865,1.238393e-19,-1.476979e-18
-0.036621,9.785968e-20,-1.499018e-18
-0.036377,1.310225e-19,-1.498153e-18
-0.036133,1.685035e-19,-1.466299e-18
-0.035889,1.364596e-19,-1.429829e-18
-0.035645,1.074923e-19,-1.438296e-18
-0.035400,1.419543e-19,-1.469752e-18
-0.035156,1.711906e-19,-1.487250e-18
-0.034912,1.486716e-19,-1.506049e-18
-0.034668,1.192582e-19,-1.527833e-18
-0.034424,1.390496e-19,-1.526655e-18
-0.034180,1.829212e-19,-1.497245e-18
-0.033936,1.671424e-19,-1.461994e-18
-0.033691,1.238925e-19,-1.464400e-18
-0.033447,1.468259e-19,-1.498965e-18
-0.033203,1.882633e-19,-1.517619e-18
-0.032959,1.722500e-19,-1.532295e-18
-0.032715,1.381108e-19,-1.553364e-18
-0.032471,1.491194e-19,-1.552324e-18
-0.032227,1.913498e-19,-1.522538e-18
-0.031982,1.901877e-19,-1.487692e-18
-0.031738,1.490535e-19,-1.488146e-18
-0.031494,1.505669e-19,-1.520475e-18
-0.031250,1.945354e-19,-1.541714e-18
-0.031006,1.989613e-19,-1.553690e-18
-0.030762,1.566013e-19,-1.574007e-18
-0.030518,1.542415e-19,-1.576424e-18
-0.030273,1.998999e-19,-1.546160e-18
-0.030029,2.093769e-19,-1.512036e-18
-0.029785,1.706033e-19,-1.509073e-18
-0.029541,1.579155e-19,-1.538898e-18
-0.029297,1.997487e-19,-1.562440e-18
-0.029053,2.193309e-19,-1.573338e-18
-0.028809,1.782966e-19,-1.589791e-18
-0.028564,1.606250e-19,-1.591891e-18
-0.028320,2.040975e-19,-1.564688e-18
-0.028076,2.257643e-19,-1.530258e-18
-0.027832,1.902913e-19,-1.524383e-18
-0.027588,1.679885e-19,-1.554339e-18
-0.027344,1.995229e-19,-1.580911e-18
-0.027100,2.322686e-19,-1.588262e-18
-0.026855,2.029775e-19,-1.601644e-18
-0.026611,1.690761e-19,-1.606895e-18
-0.026367,2.046889e-19,-1.580536e-18
-0.026123,2.374316e-19,-1.545547e-18
-0.025879,2.102499e-19,-1.536227e-18
-0.025635,1.822697e-19,-1.563614e-18
-0.025391,2.000112e-19,-1.590928e-18
-0.025146,2.371882e-19,-1.598804e-18
-0.024902,2.249681e-19,-1.611485e-18
-0.024658,1.805456e-19,-1.616970e-18
-0.024414,2.002909e-19,-1.592532e-18
-0.024170,2.466250e-19,-1.559711e-18
-0.023926,2.284387e-19,-1.549453e-18
-0.023682,1.933060e-19,-1.569817e-18
-0.023438,2.023447e-19,-1.598530e-18
-0.023193,2.387656e-19,-1.607673e-18
-0.022949,2.433664e-19,-1.614873e-18
-0.022705,1.973745e-19,-1.622984e-18
-0.022461,1.977430e-19,-1.600413e-18
-0.022217,2.497232e-19,-1.566875e-18
-0.021973,2.443896e-19,-1.554579e-18
-0.021729,2.039605e-19,-1.571664e-18
-0.021484,2.056872e-19,-1.602018e-18
-0.021240,2.383502e-19,-1.612737e-18
-0.020996,2.530374e-19,-1.617157e-18
-0.020752,2.176976e-19,-1.624480e-18
-0.020508,1.949759e-19,-1.605089e-18
-0.020264,2.453408e-19,-1.571147e-18
-0.020020,2.634457e-19,-1.556714e-18
-0.019775,2.141413e-19,-1.570156e-18
-0.019531,2.065918e-19,-1.598338e-18
-0.019287,2.398924e-19,-1.612828e-18
-0.019043,2.558992e-19,-1.614541e-18
-0.018799,2.331284e-19,-1.619416e-18
-0.018555,1.979196e-19,-1.607091e-18
-0.018311,2.324528e-19,-1.572048e-18
-0.018066,2.728062e-19,-1.555140e-18
-0.017822,2.286770e-19,-1.568978e-18
-0.017578,2.052950e-19,-1.591947e-18
-0.017334,2.370812e-19,-1.607270e-18
-0.017090,2.563324e-19,-1.609252e-18
-0.016846,2.461502e-19,-1.611358e-18
-0.016602,2.066437e-19,-1.601091e-18
-0.016357,2.187863e-19,-1.566956e-18
-0.016113,2.739744e-19,-1.547300e-18
-0.015869,2.457176e-19,-1.557861e-18
-0.015625,2.008654e-19,-1.580943e-18
-0.015381,2.295136e-19,-1.596995e-18
-0.015137,2.572154e-19,-1.597737e-18
-0.014893,2.479477e-19,-1.598691e-18
-0.014648,2.168896e-19,-1.592118e-18
-0.014404,2.091769e-19,-1.559733e-18
-0.014160,2.620638e-19,-1.535365e-18
-0.013916,2.622613e-19,-1.543397e-18
-0.013672,2.039462e-19,-1.563263e-18
-0.013428,2.189747e-19,-1.580734e-18
-0.013184,2.533766e-19,-1.583824e-18
-0.012939,2.468147e-19,-1.581344e-18
-0.012695,2.232194e-19,-1.576451e-18
-0.012451,2.026523e-19,-1.547154e-18
-0.012207,2.449654e-19,-1.520193e-18
-0.011963,2.681482e-19,-1.526112e-18
-0.011719,2.089677e-19,-1.544380e-18
-0.011475,2.038643e-19,-1.559523e-18
-0.011230,2.491960e-19,-1.563844e-18
-0.010986,2.475071e-19,-1.560489e-18
-0.010742,2.232916e-19,-1.556569e-18
-0.010498,2.029780e-19,-1.529033e-18
-0.010254,2.233126e-19,-1.499104e-18
-0.010010,2.644776e-19,-1.502991e-18
-0.009766,2.236462e-19,-1.518690e-18
-0.009521,1.859300e-19,-1.533450e-18
-0.009277,2.329795e-19,-1.539493e-18
-0.009033,2.471742e-19,-1.535859e-18
-0.008789,2.187784e-19,-1.532900e-18
-0.008545,2.017049e-19,-1.509882e-18
-0.008301,2.096206e-19,-1.477074e-18
-0.008057,2.512849e-19,-1.475846e-18
-0.007812,2.328846e-19,-1.492998e-18
-0.007568,1.826619e-19,-1.504036e-18
-0.007324,2.140411e-19,-1.510288e-18
-0.007080,2.434382e-19,-1.507997e-18
-0.006836,2.199096e-19,-1.504502e-18
-0.006592,1.971167e-19,-1.486628e-18
-0.006348,1.967507e-19,-1.449951e-18
-0.006104,2.329153e-19,-1.444316e-18
-0.005859,2.368181e-19,-1.463992e-18
-0.005615,1.826579e-19,-1.472786e-18
-0.005371,1.906638e-19,-1.477902e-18
-0.005127,2.387068e-19,-1.477312e-18
-0.004883,2.198621e-19,-1.472010e-18
-0.004639,1.888694e-19,-1.456820e-18
-0.004395,1.902092e-19,-1.422234e-18
-0.004150,2.151371e-19,-1.409063e-18
-0.003906,2.348392e-19,-1.426777e-18
-0.003662,1.882361e-19,-1.438832e-18
-0.003418,1.690647e-19,-1.443003e-18
-0.003174,2.220139e-19,-1.442046e-18
-0.002930,2.208702e-19,-1.439549e-18
-0.002686,1.833224e-19,-1.427111e-18
-0.002441,1.802772e-19,-1.391495e-18
-0.002197,2.001252e-19,-1.373980e-18
-0.001953,2.233735e-19,-1.389442e-18
-0.001709,1.934124e-19,-1.400012e-18
-0.001465,1.580241e-19,-1.402220e-18
-0.001221,2.002088e-19,-1.404696e-18
-0.000977,2.201783e-19,-1.403547e-18
-0.000732,1.804514e-19,-1.391178e-18
-0.000488,1.670784e-19,-1.357494e-18
-0.000244,1.851434e-19,-1.334935e-18
0.000000,2.098363e-19,-1.350192e-18
0.000244,1.955792e-19,-1.362000e-18
0.000488,1.513860e-19,-1.360868e-18
0.000732,1.741873e-19,-1.365263e-18
0.000977,2.126261e-19,-1.363775e-18
0.001221,1.829910e-19,-1.352355e-18
0.001465,1.546716e-19,-1.320998e-18
0.001709,1.697533e-19,-1.293673e-18
0.001953,1.955663e-19,-1.306815e-18
0.002197,1.921908e-19,-1.321302e-18
0.002441,1.495331e-19,-1.318040e-18
0.002686,1.505671e-19,-1.322081e-18
0.002930,1.964835e-19,-1.325553e-18
0.003174,1.836346e-19,-1.315758e-18
0.003418,1.457780e-19,-1.284548e-18
0.003662,1.525381e-19,-1.252938e-18
0.003906,1.812721e-19,-1.262391e-18
0.004150,1.882624e-19,-1.279638e-18
0.004395,1.473754e-19,-1.273049e-18
0.004639,1.329445e-19,-1.275320e-18
0.004883,1.783629e-19,-1.283774e-18
0.005127,1.802784e-19,-1.275327e-18
0.005371,1.403159e-19,-1.244182e-18
0.005615,1.358836e-19,-1.211752e-18
0.005859,1.626533e-19,-1.217031e-18
0.006104,1.773295e-19,-1.235039e-18
0.006348,1.464075e-19,-1.229275e-18
0.006592,1.208547e-19,-1.230949e-18
0.006836,1.565802e-19,-1.242372e-18
0.007080,1.743724e-19,-1.231775e-18
0.007324,1.386538e-19,-1.202552e-18
0.007568,1.201212e-19,-1.168721e-18
0.007812,1.435600e-19,-1.167892e-18
0.008057,1.670473e-19,-1.190816e-18
0.008301,1.449411e-19,-1.184560e-18
0.008545,1.102851e-19,-1.182655e-18
0.008789,1.313802e-19,-1.197839e-18
0.009033,1.632584e-19,-1.191777e-18
0.009277,1.375491e-19,-1.163330e-18
0.009521,1.087663e-19,-1.126565e-18
0.009766,1.245801e-19,-1.122198e-18
0.010010,1.525126e-19,-1.144005e-18
0.010254,1.439330e-19,-1.139436e-18
0.010498,1.036964e-19,-1.135136e-18
0.010742,1.105050e-19,-1.150420e-18
0.010986,1.501352e-19,-1.147490e-18
0.011230,1.353329e-19,-1.118809e-18
0.011475,1.001369e-19,-1.082803e-18
0.011719,1.053596e-19,-1.073420e-18
0.011963,1.357809e-19,-1.094431e-18
0.012207,1.386747e-19,-1.096711e-18
0.012451,9.943886e-20,-1.086303e-18
0.012695,9.120202e-20,-1.101697e-18
0.012939,1.309827e-19,-1.106558e-18
0.013184,1.307381e-19,-1.073705e-18
0.013428,9.593231e-20,-1.035733e-18
0.013672,9.030701e-20,-1.025873e-18
0.013916,1.142800e-19,-1.045283e-18
0.014160,1.309338e-19,-1.049415e-18
0.014404,9.629694e-20,-1.036580e-18
0.014648,7.227988e-20,-1.053218e-18
0.014893,1.102280e-19,-1.063237e-18
0.015137,1.232876e-19,-1.029578e-18
0.015381,9.038029e-20,-9.926933e-19
0.015625,7.499695e-20,-9.778092e-19
0.015869,9.482232e-20,-9.935163e-19
0.016113,1.188774e-19,-1.002842e-18
0.016357,9.683620e-20,-9.869646e-19
0.016602,6.031632e-20,-1.002126e-18
0.016846,8.524462e-20,-1.015535e-18
0.017090,1.154141e-19,-9.833696e-19
0.017334,8.327261e-20,-9.447101e-19
0.017578,6.023323e-20,-9.285130e-19
0.017822,7.682134e-20,-9.444139e-19
0.018066,9.959653e-20,-9.541721e-19
0.018311,9.439579e-20,-9.401510e-19
0.018555,5.244956e-20,-9.513872e-19
0.018799,6.026238e-20,-9.678039e-19
0.019043,1.021944e-19,-9.393326e-19
0.019287,8.054633e-20,-8.960166e-19
0.019531,5.066954e-20,-8.787775e-19
0.019775,5.977895e-20,-8.936952e-19
0.020020,7.956646e-20,-9.061944e-19
0.020264,8.711623e-20,-8.910316e-19
0.020508,4.945083e-20,-8.994769e-19
0.020752,3.589383e-20,-9.224869e-19
0.020996,8.140862e-20,-8.953492e-19
0.021240,7.917953e-20,-8.506069e-19
0.021484,3.911707e-20,-8.324854e-19
0.021729,4.349536e-20,-8.437015e-19
0.021973,6.482768e-20,-8.575227e-19
0.022217,7.477235e-20,-8.460632e-19
0.022461,5.089914e-20,-8.501046e-19
0.022705,1.984922e-20,-8.720428e-19
0.022949,5.818653e-20,-8.508299e-19
0.023193,7.676147e-20,-8.042584e-19
0.023438,2.918426e-20,-7.847399e-19
0.023682,2.569202e-20,-7.956568e-19
0.023926,4.985354e-20,-8.104029e-19
0.024170,5.858664e-20,-8.018259e-19
0.024414,4.826042e-20,-8.016653e-19
0.024658,1.231345e-20,-8.245587e-19
0.024902,3.140753e-20,-8.085726e-19
0.025146,7.029537e-20,-7.591708e-19
0.025391,3.284067e-20,-7.393924e-19
0.025635,8.953617e-21,-7.504306e-19
0.025879,3.522309e-20,-7.634892e-19
0.026123,4.663369e-20,-7.586412e-19
0.026367,4.167191e-20,-7.564973e-19
0.026611,1.064506e-20,-7.795474e-19
0.026855,8.105279e-21,-7.690321e-19
0.027100,5.361325e-20,-7.193861e-19
0.027344,3.729324e-20,-6.973298e-19
0.027588,-1.823192e-21,-7.061620e-19
0.027832,1.906399e-20,-7.210485e-19
0.028076,3.899352e-20,-7.170262e-19
0.028320,3.475934e-20,-7.134382e-19
0.028564,1.119910e-20,-7.357142e-19
0.028809,-6.314379e-21,-7.269626e-19
0.029053,3.409882e-20,-6.788418e-19
0.029297,4.184116e-20,-6.544383e-19
0.029541,-8.877600e-21,-6.658749e-19
0.029785,5.801615e-22,-6.818249e-19
0.030029,3.141690e-20,-6.792779e-19
0.030273,2.494418e-20,-6.744755e-19
0.030518,9.050416e-21,-6.936216e-19
0.030762,-1.162707e-20,-6.913225e-19
0.031006,1.295154e-20,-6.420424e-19
0.031250,3.968494e-20,-6.164511e-19
0.031494,-3.759007e-21,-6.293157e-19
0.031738,-1.806758e-20,-6.416588e-19
0.031982,1.966000e-20,-6.423903e-19
0.032227,2.353830e-20,-6.380375e-19
0.032471,2.318725e-21,-6.530592e-19
0.032715,-1.724686e-20,-6.555630e-19
0.032959,-4.807114e-21,-6.115632e-19
0.033203,3.004194e-20,-5.813893e-19
0.033447,2.957833e-21,-5.952615e-19
0.033691,-2.831037e-20,-6.099980e-19
0.033936,3.396348e-21,-6.080790e-19
0.034180,1.865981e-20,-6.054646e-19
0.034424,2.671288e-22,-6.180559e-19
0.034668,-1.916429e-20,-6.215819e-19
0.034912,-1.771906e-20,-5.801362e-19
0.035156,1.390843e-20,-5.471945e-19
0.035400,7.975246e-21,-5.633410e-19
0.035645,-3.278491e-20,-5.804637e-19
0.035889,-1.820667e-20,-5.792610e-19
0.036133,1.513439e-20,-5.772599e-19
0.036377,-5.912618e-22,-5.890501e-19
0.036621,-2.505769e-20,-5.923798e-19
0.036865,-2.552665e-20,-5.533829e-19
0.037109,5.748183e-22,-5.196098e-19
0.037354,9.379619e-21,-5.352942e-19
0.037598,-3.001790e-20,-5.550248e-19
0.037842,-3.316820e-20,-5.525914e-19
0.038086,4.125335e-21,-5.516997e-19
0.038330,-1.754691e-22,-5.612731e-19
0.038574,-2.799411e-20,-5.641389e-19
0.038818,-3.535469e-20,-5.312729e-19
0.039062,-1.362256e-20,-4.965972e-19
0.039307,3.450516e-21,-5.107080e-19
0.039551,-2.581877e-20,-5.332351e-19
0.039795,-4.330457e-20,-5.311093e-19
0.040039,-1.129517e-20,-5.285112e-19
0.040283,4.325736e-22,-5.380406e-19
0.040527,-2.780761e-20,-5.403860e-19
0.040771,-4.293636e-20,-5.096767e-19
0.041016,-2.391998e-20,-4.754224e-19
0.041260,-3.265643e-21,-4.884166e-19
0.041504,-2.482185e-20,-5.158005e-19
0.041748,-5.068314e-20,-5.139720e-19
0.041992,-2.737893e-20,-5.105329e-19
0.042236,-4.962317e-21,-5.201477e-19
0.042480,-2.461398e-20,-5.203062e-19
0.042725,-4.955710e-20,-4.933922e-19
0.042969,-3.681288e-20,-4.605681e-19
0.043213,-8.373033e-21,-4.716130e-19
0.043457,-2.221152e-20,-5.015767e-19
0.043701,-5.207378e-20,-5.004184e-19
0.043945,-3.965704e-20,-4.951935e-19
0.044189,-1.292361e-20,-5.038117e-19
0.044434,-2.242775e-20,-5.045202e-19
0.044678,-5.208697e-20,-4.794337e-19
0.044922,-4.849637e-20,-4.467425e-19
0.045166,-1.837661e-20,-4.579165e-19
0.045410,-2.062134e-20,-4.910915e-19
0.045654,-4.994295e-20,-4.920814e-19
0.045898,-4.895304e-20,-4.839068e-19
0.046143,-2.278569e-20,-4.911472e-19
0.046387,-1.962811e-20,-4.924799e-19
0.046631,-4.851796e-20,-4.670878e-19
0.046875,-5.967937e-20,-4.368945e-19
0.047119,-2.770154e-20,-4.472536e-19
0.047363,-1.974811e-20,-4.819969e-19
0.047607,-5.116106e-20,-4.879236e-19
0.047852,-5.694755e-20,-4.781248e-19
0.048096,-3.445054e-20,-4.834292e-19
0.048340,-2.283396e-20,-4.845693e-19
0.048584,-4.361353e-20,-4.606857e-19
0.048828,-6.641434e-20,-4.313115e-19
0.049072,-3.961510e-20,-4.413665e-19
0.049316,-1.804719e-20,-4.785886e-19
0.049561,-4.868653e-20,-4.853551e-19
0.049805,-6.150165e-20,-4.732812e-19
0.050049,-4.084383e-20,-4.774685e-19
0.050293,-2.891132e-20,-4.792754e-19
0.050537,-3.906802e-20,-4.564804e-19
0.050781,-6.689782e-20,-4.296110e-19
0.051025,-5.587280e-20,-4.394853e-19
0.051270,-2.004240e-20,-4.780488e-19
0.051514,-4.266077e-20,-4.904015e-19
0.051758,-6.796635e-20,-4.759540e-19
0.052002,-4.531324e-20,-4.752122e-19
0.052246,-3.225175e-20,-4.787408e-19
0.052490,-3.874285e-20,-4.580769e-19
0.052734,-5.822949e-20,-4.299016e-19
0.052979,-6.559636e-20,-4.401454e-19
0.053223,-2.935177e-20,-4.827830e-19
0.053467,-3.125244e-20,-4.980538e-19
0.053711,-7.059983e-20,-4.837094e-19
0.053955,-5.513494e-20,-4.812962e-19
0.054199,-3.311823e-20,-4.828472e-19
0.054443,-4.031368e-20,-4.648312e-19
0.054688,-5.283658e-20,-4.391947e-19
0.054932,-6.816944e-20,-4.471251e-19
0.055176,-4.126255e-20,-4.901429e-19
0.055420,-2.336585e-20,-5.093811e-19
0.055664,-6.437680e-20,-4.952001e-19
0.055908,-6.236336e-20,-4.882599e-19
0.056152,-3.284620e-20,-4.891134e-19
0.056396,-4.107366e-20,-4.735194e-19
0.056641,-5.000044e-20,-4.492259e-19
0.056885,-6.366649e-20,-4.578521e-19
0.057129,-5.481045e-20,-5.029927e-19
0.057373,-2.198964e-20,-5.293147e-19
0.057617,-5.101282e-20,-5.150795e-19
0.057861,-7.128423e-20,-5.011695e-19
0.058105,-3.516043e-20,-5.032471e-19
0.058350,-3.435865e-20,-4.898470e-19
0.058594,-4.868903e-20,-4.650955e-19
0.058838,-5.656650e-20,-4.742544e-19
0.059082,-5.724145e-20,-5.211830e-19
0.059326,-2.471897e-20,-5.503913e-19
0.059570,-3.540216e-20,-5.375459e-19
0.059814,-7.111438e-20,-5.233932e-19
0.060059,-4.277218e-20,-5.228767e-19
0.060303,-2.551387e-20,-5.091811e-19
0.060547,-4.704735e-20,-4.869419e-19
0.060791,-5.106942e-20,-4.963340e-19
0.061035,-5.429686e-20,-5.430247e-19
0.061279,-3.362788e-20,-5.757527e-19
0.061523,-1.839222e-20,-5.652012e-19
0.061768,-6.201132e-20,-5.460819e-19
0.062012,-5.301157e-20,-5.433763e-19
0.062256,-1.630722e-20,-5.312802e-19
0.062500,-3.955471e-20,-5.115551e-19
0.062744,-4.746820e-20,-5.232305e-19
0.062988,-4.764963e-20,-5.695268e-19
0.063232,-3.896198e-20,-6.070141e-19
0.063477,-1.353373e-20,-5.998790e-19
0.063721,-4.677444e-20,-5.771879e-19
0.063965,-5.820192e-20,-5.708969e-19
0.064209,-1.572416e-20,-5.599141e-19
0.064453,-2.578238e-20,-5.423323e-19
0.064697,-4.642703e-20,-5.520748e-19
0.064941,-4.026221e-20,-5.987623e-19
0.065186,-3.733860e-20,-6.398750e-19
0.065430,-1.562556e-20,-6.365778e-19
0.065674,-2.707494e-20,-6.124575e-19
0.065918,-5.849976e-20,-6.010881e-19
0.066162,-2.211467e-20,-5.927519e-19
0.066406,-1.093201e-20,-5.781339e-19
0.066650,-4.256996e-20,-5.867489e-19
0.066895,-3.477339e-20,-6.335392e-19
0.067139,-3.142025e-20,-6.770992e-19
0.067383,-2.039317e-20,-6.764903e-19
0.067627,-1.270490e-20,-6.504786e-19
0.067871,-4.805101e-20,-6.352215e-19
0.068115,-3.019694e-20,-6.264635e-19
0.068359,-1.060874e-21,-6.132034e-19
0.068604,-3.277947e-20,-6.234086e-19
0.068848,-3.642491e-20,-6.717112e-19
0.069092,-2.360624e-20,-7.180191e-19
0.069336,-2.103762e-20,-7.205198e-19
0.069580,-7.787148e-21,-6.921879e-19
0.069824,-3.196784e-20,-6.738539e-19
0.070068,-3.711041e-20,-6.657180e-19
0.070312,9.945072e-22,-6.549528e-19
0.070557,-1.751118e-20,-6.635841e-19
0.070801,-3.588440e-20,-7.094814e-19
0.071045,-1.914992e-20,-7.595334e-19
0.071289,-1.891868e-20,-7.663626e-19
0.071533,-6.052690e-21,-7.368850e-19
0.071777,-1.557604e-20,-7.150334e-19
0.072021,-3.867699e-20,-7.074118e-19
0.072266,-4.619536e-21,-6.975791e-19
0.072510,9.384309e-22,-7.061901e-19
0.072754,-3.127863e-20,-7.526283e-19
0.072998,-1.979748e-20,-8.047559e-19
0.073242,-1.013362e-20,-8.130987e-19
0.073486,-6.936881e-21,-7.837964e-19
0.073730,-4.209248e-21,-7.589846e-19
0.073975,-2.882337e-20,-7.475787e-19
0.074219,-1.194117e-20,-7.407938e-19
0.074463,1.048979e-20,-7.511906e-19
0.074707,-2.018877e-20,-7.962797e-19
0.074951,-2.080200e-20,-8.511842e-19
0.075195,-5.063841e-21,-8.637524e-19
0.075439,-4.592511e-21,-8.337414e-19
0.075684,2.144344e-21,-8.056488e-19
0.075928,-1.517768e-20,-7.933881e-19
0.076172,-1.449595e-20,-7.881613e-19
0.076416,1.387641e-20,-7.988688e-19
0.076660,-3.624195e-21,-8.419258e-19
0.076904,-1.789306e-20,-8.989726e-19
0.077148,9.404405e-23,-9.143820e-19
0.077393,4.002178e-21,-8.840257e-19
0.077637,6.195364e-21,-8.552802e-19
0.077881,-2.160061e-21,-8.412619e-19
0.078125,-1.185917e-20,-8.357373e-19
0.078369,1.248903e-20,-8.466003e-19
0.078613,1.234465e-20,-8.907125e-19
0.078857,-1.052530e-20,-9.490494e-19
0.079102,4.367068e-22,-9.655773e-19
0.079346,1.241909e-20,-9.374052e-19
0.079590,1.349589e-20,-9.054189e-19
0.079834,8.837271e-21,-8.879690e-19
0.080078,-1.709153e-21,-8.851088e-19
0.080322,1.248727e-20,-8.969544e-19
0.080566,2.315774e-20,-9.384446e-19
0.080811,3.047142e-21,-9.980520e-19
0.081055,2.653990e-21,-1.019683e-18
0.081299,1.848602e-20,-9.923478e-19
0.081543,2.104009e-20,-9.575695e-19
0.081787,1.726320e-20,-9.395320e-19
0.082031,8.900128e-21,-9.367299e-19
0.082275,1.575979e-20,-9.486365e-19
0.082520,3.007272e-20,-9.886238e-19
0.082764,1.794489e-20,-1.047530e-18
0.083008,1.054374e-20,-1.074335e-18
0.083252,2.244342e-20,-1.046750e-18
0.083496,2.922102e-20,-1.009328e-18
0.083740,2.765580e-20,-9.920121e-19
0.083984,1.720764e-20,-9.878640e-19
0.084229,2.001181e-20,-1.000253e-18
0.084473,3.743487e-20,-1.040168e-18
0.084717,3.127565e-20,-1.098677e-18
0.084961,1.747079e-20,-1.128163e-18
0.085205,2.660753e-20,-1.102237e-18
0.085449,3.847271e-20,-1.062530e-18
0.085693,3.910525e-20,-1.043608e-18
0.085938,2.835071e-20,-1.039559e-18
0.086182,2.594161e-20,-1.051258e-18
0.086426,4.137948e-20,-1.090882e-18
0.086670,4.113927e-20,-1.150417e-18
0.086914,2.941785e-20,-1.183143e-18
0.087158,3.172344e-20,-1.158758e-18
0.087402,4.227792e-20,-1.117462e-18
0.087646,4.999114e-20,-1.096520e-18
0.087891,3.938787e-20,-1.094079e-18
0.088135,3.338727e-20,-1.105632e-18
0.088379,4.710064e-20,-1.140970e-18
0.088623,5.011790e-20,-1.201764e-18
0.088867,4.324568e-20,-1.236329e-18
0.089111,3.990474e-20,-1.212853e-18
0.089355,4.509418e-20,-1.170430e-18
0.089600,5.682299e-20,-1.149491e-18
0.089844,5.311287e-20,-1.148121e-18
0.090088,4.042204e-20,-1.157590e-18
0.090332,4.864699e-20,-1.193471e-18
0.090576,5.843357e-20,-1.252323e-18
0.090820,5.246058e-20,-1.289972e-18
0.091064,4.890777e-20,-1.270462e-18
0.091309,5.033490e-20,-1.224344e-18
0.091553,6.156550e-20,-1.203011e-18
0.091797,6.749266e-20,-1.200521e-18
0.092041,4.870190e-20,-1.210266e-18
0.092285,5.095381e-20,-1.246460e-18
0.092529,6.752597e-20,-1.301780e-18
0.092773,6.036078e-20,-1.342242e-18
0.093018,5.753652e-20,-1.325960e-18
0.093262,5.850156e-20,-1.279090e-18
0.093506,6.258928e-20,-1.257464e-18
0.093750,7.537809e-20,-1.255556e-18
0.093994,6.246418e-20,-1.264120e-18
0.094238,5.310319e-20,-1.295287e-18
0.094482,7.413085e-20,-1.349919e-18
0.094727,7.363011e-20,-1.393197e-18
0.094971,6.166834e-20,-1.377615e-18
0.095215,6.501992e-20,-1.331242e-18
0.095459,6.743526e-20,-1.307321e-18
0.095703,8.040988e-20,-1.305321e-18
0.095947,7.742932e-20,-1.315232e-18
0.096191,5.561413e-20,-1.344822e-18
0.096436,7.207492e-20,-1.397145e-18
0.096680,8.340354e-20,-1.441403e-18
0.096924,6.786599e-20,-1.431322e-18
0.097168,7.088034e-20,-1.382618e-18
0.097412,7.262004e-20,-1.355190e-18
0.097656,7.974638e-20,-1.355376e-18
0.097900,8.827047e-20,-1.363663e-18
0.098145,6.543535e-20,-1.391425e-18
0.098389,6.855688e-20,-1.440569e-18
0.098633,9.013957e-20,-1.484459e-18
0.098877,7.583384e-20,-1.479661e-18
0.099121,7.353087e-20,-1.430857e-18
0.099365,7.805177e-20,-1.401673e-18
0.099609,7.739448e-20,-1.403676e-18
0.099854,9.383093e-20,-1.411083e-18
0.100098,7.713911e-20,-1.432673e-18
0.100342,6.480177e-20,-1.480949e-18
0.100586,9.301298e-20,-1.526815e-18
0.100830,8.569590e-20,-1.521360e-18
0.101074,7.318000e-20,-1.473621e-18
0.101318,8.265707e-20,-1.443388e-18
0.101562,7.830078e-20,-1.445938e-18
0.101807,9.080444e-20,-1.454148e-18
0.102051,8.852429e-20,-1.474530e-18
0.102295,6.325494e-20,-1.518824e-18
0.102539,8.468717e-20,-1.562559e-18
0.102783,9.546788e-20,-1.563087e-18
0.103027,7.430053e-20,-1.516186e-18
0.103271,8.088622e-20,-1.483112e-18
0.103516,8.288659e-20,-1.484612e-18
0.103760,8.822972e-20,-1.493036e-18
0.104004,9.632870e-20,-1.509993e-18
0.104248,6.824614e-20,-1.551482e-18
0.104492,7.410335e-20,-1.595823e-18
0.104736,1.006568e-19,-1.596357e-18
0.104980,7.989517e-20,-1.553487e-18
0.105225,7.478607e-20,-1.517837e-18
0.105469,8.551731e-20,-1.519965e-18
0.105713,8.455462e-20,-1.530448e-18
0.105957,9.667861e-20,-1.542379e-18
0.106201,7.791698e-20,-1.581248e-18
0.106445,6.579897e-20,-1.623733e-18
0.106689,9.960389e-20,-1.627270e-18
0.106934,8.870157e-20,-1.585399e-18
0.107178,7.003349e-20,-1.547870e-18
0.107422,8.535671e-20,-1.548265e-18
0.107666,8.299709e-20,-1.560977e-18
0.107910,9.292658e-20,-1.572805e-18
0.108154,8.539942e-20,-1.605226e-18
0.108398,6.088751e-20,-1.649138e-18
0.108643,9.066885e-20,-1.653353e-18
0.108887,9.780198e-20,-1.614344e-18
0.109131,7.204994e-20,-1.578118e-18
0.109375,8.027418e-20,-1.575537e-18
0.109619,8.533580e-20,-1.588944e-18
0.109863,8.995104e-20,-1.597646e-18
0.110107,9.071719e-20,-1.625879e-18
0.110352,6.542256e-20,-1.666994e-18
0.110596,7.838083e-20,-1.673850e-18
0.110840,1.025262e-19,-1.637432e-18
0.111084,7.676276e-20,-1.600737e-18
0.111328,7.203746e-20,-1.598809e-18
0.111572,8.745899e-20,-1.611461e-18
0.111816,8.772900e-20,-1.619021e-18
0.112061,9.190951e-20,-1.642959e-18
0.112305,7.018900e-20,-1.681227e-18
0.112549,6.951208e-20,-1.690241e-18
0.112793,1.019124e-19,-1.655941e-18
0.113037,8.405773e-20,-1.618666e-18
0.113281,6.771349e-20,-1.615522e-18
0.113525,8.290429e-20,-1.629652e-18
0.113770,8.632490e-20,-1.637131e-18
0.114014,9.061356e-20,-1.656030e-18
0.114258,7.558300e-20,-1.692410e-18
0.114502,6.180917e-20,-1.702731e-18
0.114746,9.266052e-20,-1.669713e-18
0.114990,9.481346e-20,-1.635809e-18
0.115234,6.547750e-20,-1.630425e-18
0.115479,7.466505e-20,-1.642824e-18
0.115723,8.776306e-20,-1.649831e-18
0.115967,8.743792e-20,-1.663199e-18
0.116211,7.837302e-20,-1.697012e-18
0.116455,5.891803e-20,-1.708108e-18
0.116699,8.024183e-20,-1.678257e-18
0.116943,9.737226e-20,-1.644397e-18
0.117188,6.684509e-20,-1.639250e-18
0.117432,6.596880e-20,-1.652446e-18
0.117676,8.362287e-20,-1.657449e-18
0.117920,8.387138e-20,-1.670314e-18
0.118164,7.754493e-20,-1.698350e-18
0.118408,5.741767e-20,-1.707813e-18
0.118652,6.902963e-20,-1.682147e-18
0.118896,9.521375e-20,-1.648919e-18
0.119141,7.050389e-20,-1.643168e-18
0.119385,5.527318e-20,-1.655819e-18
0.119629,7.554939e-20,-1.661367e-18
0.119873,8.123393e-20,-1.669896e-18
0.120117,7.493080e-20,-1.694334e-18
0.120361,5.650640e-20,-1.707133e-18
0.120605,5.518807e-20,-1.681242e-18
0.120850,8.600203e-20,-1.649403e-18
0.121094,7.520554e-20,-1.646772e-18
0.121338,4.833747e-20,-1.654924e-18
0.121582,6.440393e-20,-1.658798e-18
0.121826,7.690045e-20,-1.665697e-18
0.122070,7.155088e-20,-1.684971e-18
0.122314,5.415926e-20,-1.697919e-18
0.122559,4.526186e-20,-1.673810e-18
0.122803,7.349260e-20,-1.643001e-18
0.123047,7.421406e-20,-1.640839e-18
0.123291,4.327436e-20,-1.650697e-18
0.123535,5.120451e-20,-1.654208e-18
0.123779,6.771500e-20,-1.657038e-18
0.124023,6.489050e-20,-1.672416e-18
0.124268,5.152366e-20,-1.684026e-18
0.124512,3.592580e-20,-1.663607e-18
0.124756,5.774289e-20,-1.634097e-18
0.125000,7.230818e-20,-1.630860e-18
0.125244,4.053520e-20,-1.641554e-18
0.125488,3.635510e-20,-1.642866e-18
0.125732,5.795172e-20,-1.643008e-18
0.125977,5.851342e-20,-1.656529e-18
0.126221,4.578203e-20,-1.666216e-18
0.126465,2.697359e-20,-1.647898e-18
0.126709,4.181217e-20,-1.620078e-18
0.126953,6.684548e-20,-1.618045e-18
0.127197,3.851152e-20,-1.629028e-18
0.127441,2.255648e-20,-1.626937e-18
0.127686,4.681869e-20,-1.625115e-18
0.127930,5.267561e-20,-1.634770e-18
0.128174,4.157331e-20,-1.642169e-18
0.128418,2.080596e-20,-1.625845e-18
0.128662,2.287304e-20,-1.598330e-18
0.128906,5.610295e-20,-1.596392e-18
0.129150,3.916894e-20,-1.608613e-18
0.129395,9.695840e-21,-1.608570e-18
0.129639,3.146566e-20,-1.602782e-18
0.129883,4.347636e-20,-1.609046e-18
0.130127,3.298207e-20,-1.616054e-18
0.130371,1.703724e-20,-1.598081e-18
0.130615,1.072842e-20,-1.574252e-18
0.130859,4.088143e-20,-1.573316e-18
0.131104,3.961108e-20,-1.583108e-18
0.131348,1.232052e-21,-1.582311e-18
0.131592,1.430027e-20,-1.575123e-18
0.131836,3.615393e-20,-1.578533e-18
0.132080,2.364901e-20,-1.582031e-18
0.132324,1.072159e-20,-1.567063e-18
0.132568,-1.581049e-22,-1.545405e-18
0.132812,2.021788e-20,-1.543046e-18
0.133057,3.704249e-20,-1.555782e-18
0.133301,-1.282314e-21,-1.553836e-18
0.133545,-4.495308e-21,-1.541916e-18
0.133789,2.568352e-20,-1.541897e-18
0.134033,1.799713e-20,-1.543215e-18
0.134277,4.076827e-21,-1.529459e-18
0.134521,-9.148148e-21,-1.508464e-18
0.134766,1.186400e-21,-1.507299e-18
0.135010,2.956768e-20,-1.521295e-18
0.135254,-2.223800e-21,-1.517254e-18
0.135498,-2.270531e-20,-1.505864e-18
0.135742,1.195628e-20,-1.503861e-18
0.135986,1.206848e-20,-1.501784e-18
0.136230,-4.840854e-21,-1.491967e-18
0.136475,-1.494794e-20,-1.471262e-18
0.136719,-1.556935e-20,-1.467525e-18
0.136963,1.586761e-20,-1.484007e-18
0.137207,2.640992e-21,-1.479537e-18
0.137451,-3.600910e-20,-1.464985e-18
0.137695,-6.495762e-21,-1.460780e-18
0.137939,1.037350e-20,-1.457302e-18
0.138184,-1.500375e-20,-1.446778e-18
0.138428,-2.455773e-20,-1.429035e-18
0.138672,-2.563622e-20,-1.427919e-18
0.138916,-2.122534e-21,-1.443046e-18
0.139160,3.101275e-21,-1.440120e-18
0.139404,-3.982094e-20,-1.422579e-18
0.139648,-2.818847e-20,-1.415015e-18
0.139893,5.269825e-21,-1.411037e-18
0.140137,-1.867924e-20,-1.398646e-18
0.140381,-3.440984e-20,-1.384887e-18
0.140625,-3.189585e-20,-1.382698e-18
0.140869,-2.035937e-20,-1.397527e-18
0.141113,-2.685623e-21,-1.397678e-18
0.141357,-3.648417e-20,-1.377774e-18
0.141602,-4.977323e-20,-1.369444e-18
0.141846,-5.634651e-21,-1.362188e-18
0.142090,-1.669366e-20,-1.352033e-18
0.142334,-4.470406e-20,-1.340029e-18
0.142578,-3.842832e-20,-1.336030e-18
0.142822,-3.114427e-20,-1.350901e-18
0.143066,-1.245865e-20,-1.351427e-18
0.143311,-3.030003e-20,-1.334115e-18
0.143555,-6.122197e-20,-1.319323e-18
0.143799,-2.449536e-20,-1.311040e-18
0.144043,-1.263325e-20,-1.302723e-18
0.144287,-5.032349e-20,-1.289962e-18
0.144531,-5.002017e-20,-1.290274e-18
0.144775,-3.718797e-20,-1.303860e-18
0.145020,-2.510155e-20,-1.306426e-18
0.145264,-3.036425e-20,-1.287961e-18
0.145508,-6.450599e-20,-1.268488e-18
0.145752,-4.276288e-20,-1.261657e-18
0.145996,-1.448240e-20,-1.251078e-18
0.146240,-4.940745e-20,-1.240127e-18
0.146484,-6.174832e-20,-1.242324e-18
0.146729,-4.478649e-20,-1.251935e-18
0.146973,-3.484575e-20,-1.257252e-18
0.147217,-3.438398e-20,-1.240255e-18
0.147461,-6.279728e-20,-1.219725e-18
0.147705,-6.177596e-20,-1.212712e-18
0.147949,-2.227710e-20,-1.199440e-18
0.148193,-4.421740e-20,-1.191177e-18
0.148438,-7.442912e-20,-1.194485e-18
0.148682,-5.195230e-20,-1.204036e-18
0.148926,-4.121579e-20,-1.210142e-18
0.149170,-4.197670e-20,-1.190015e-18
0.149414,-6.063423e-20,-1.168775e-18
0.149658,-7.491708e-20,-1.160779e-18
0.149902,-3.721153e-20,-1.146459e-18
0.150146,-3.907773e-20,-1.140122e-18
0.150391,-8.044346e-20,-1.146426e-18
0.150635,-6.778344e-20,-1.153838e-18
0.150879,-4.710405e-20,-1.157703e-18
0.151123,-4.895680e-20,-1.143971e-18
0.151367,-6.301054e-20,-1.120380e-18
0.151611,-8.050495e-20,-1.107856e-18
0.151855,-5.517570e-20,-1.096877e-18
0.152100,-3.923417e-20,-1.087985e-18
0.152344,-7.888138e-20,-1.095941e-18
0.152588,-8.468389e-20,-1.104299e-18
0.152832,-5.558180e-20,-1.105443e-18
0.153076,-5.455569e-20,-1.094853e-18
0.153320,-6.914393e-20,-1.071284e-18
0.153564,-8.383932e-20,-1.058133e-18
0.153809,-7.286477e-20,-1.047328e-18
0.154053,-4.820751e-20,-1.039996e-18
0.154297,-7.248725e-20,-1.049296e-18
0.154541,-9.734706e-20,-1.055319e-18
0.154785,-6.835834e-20,-1.055888e-18
0.155029,-5.492352e-20,-1.047933e-18
0.155273,-7.595402e-20,-1.023625e-18
0.155518,-8.961360e-20,-1.005922e-18
0.155762,-8.277995e-20,-9.972583e-19
0.156006,-5.979532e-20,-9.899306e-19
0.156250,-7.065562e-20,-1.000239e-18
0.156494,-1.033399e-19,-1.010403e-18
0.156738,-8.476200e-20,-1.004905e-18
0.156982,-6.212944e-20,-9.988991e-19
0.157227,-7.680437e-20,-9.797074e-19
0.157471,-9.320643e-20,-9.573771e-19
0.157715,-9.217225e-20,-9.484117e-19
0.157959,-6.988849e-20,-9.429520e-19
0.158203,-6.982571e-20,-9.519382e-19
0.158447,-1.029352e-19,-9.611932e-19
0.158691,-9.967629e-20,-9.570823e-19
0.158936,-6.889661e-20,-9.514343e-19
0.159180,-7.549806e-20,-9.334289e-19
0.159424,-9.937395e-20,-9.122652e-19
0.159668,-9.892713e-20,-9.013101e-19
0.159912,-7.856501e-20,-8.971851e-19
0.160156,-7.136085e-20,-9.078590e-19
0.160400,-9.845608e-20,-9.168438e-19
0.160645,-1.092508e-19,-9.111707e-19
0.160889,-7.767544e-20,-9.033427e-19
0.161133,-7.170780e-20,-8.875100e-19
0.161377,-9.914824e-20,-8.670408e-19
0.161621,-1.055444e-19,-8.554749e-19
0.161865,-8.529903e-20,-8.510724e-19
0.162109,-7.502261e-20,-8.610986e-19
0.162354,-9.472443e-20,-8.729838e-19
0.162598,-1.122817e-19,-8.672334e-19
0.162842,-8.967665e-20,-8.581716e-19
0.163086,-6.922501e-20,-8.447721e-19
0.163330,-9.591621e-20,-8.257606e-19
0.163574,-1.111569e-19,-8.135705e-19
0.163818,-8.783372e-20,-8.084460e-19
0.164062,-7.645526e-20,-8.187026e-19
0.164307,-9.227172e-20,-8.311809e-19
0.164551,-1.102340e-19,-8.249529e-19
0.164795,-9.842877e-20,-8.139860e-19
0.165039,-7.386228e-20,-8.039069e-19
0.165283,-8.788956e-20,-7.860847e-19
0.165527,-1.126224e-19,-7.735409e-19
0.165771,-9.672567e-20,-7.712247e-19
0.166016,-7.554819e-20,-7.783662e-19
0.166260,-8.902925e-20,-7.911088e-19
0.166504,-1.072461e-19,-7.855013e-19
0.166748,-1.018353e-19,-7.727489e-19
0.166992,-7.842768e-20,-7.646038e-19
0.167236,-7.768854e-20,-7.466661e-19
0.167480,-1.079202e-19,-7.342932e-19
0.167725,-1.043971e-19,-7.330594e-19
0.167969,-7.639436e-20,-7.396354e-19
0.168213,-8.424638e-20,-7.530243e-19
0.168457,-1.055041e-19,-7.476769e-19
0.168701,-1.041348e-19,-7.335188e-19
0.168945,-8.344180e-20,-7.288028e-19
0.169189,-7.259879e-20,-7.150909e-19
0.169434,-9.800128e-20,-7.007852e-19
0.169678,-1.083207e-19,-6.998646e-19
0.169922,-7.774027e-20,-7.061421e-19
0.170166,-7.541553e-20,-7.168172e-19
0.170410,-1.001237e-19,-7.127090e-19
0.170654,-1.027611e-19,-6.985527e-19
0.170898,-8.611570e-20,-6.944164e-19
0.171143,-7.210173e-20,-6.841106e-19
0.171387,-8.910476e-20,-6.700996e-19
0.171631,-1.078069e-19,-6.694954e-19
0.171875,-8.355633e-20,-6.771061e-19
0.172119,-6.784109e-20,-6.863832e-19
0.172363,-9.355710e-20,-6.836288e-19
0.172607,-1.010570e-19,-6.685382e-19
0.172852,-8.231126e-20,-6.619387e-19
0.173096,-7.135420e-20,-6.563107e-19
0.173340,-7.798009e-20,-6.436003e-19
0.173584,-1.011158e-19,-6.428360e-19
0.173828,-9.000597e-20,-6.503166e-19
0.174072,-6.142965e-20,-6.582883e-19
0.174316,-8.233047e-20,-6.567916e-19
0.174561,-1.009459e-19,-6.406671e-19
0.174805,-8.309642e-20,-6.367603e-19
0.175049,-6.752340e-20,-6.351312e-19
0.175293,-7.055911e-20,-6.230303e-19
0.175537,-9.248857e-20,-6.233542e-19
0.175781,-9.064588e-20,-6.294150e-19
0.176025,-5.912430e-20,-6.340219e-19
0.176270,-6.770355e-20,-6.326920e-19
0.176514,-9.438573e-20,-6.185383e-19
0.176758,-8.144396e-20,-6.132815e-19
0.177002,-6.444519e-20,-6.129896e-19
0.177246,-6.530330e-20,-6.057157e-19
0.177490,-8.062595e-20,-6.055087e-19
0.177734,-8.860038e-20,-6.118551e-19
0.177979,-6.178979e-20,-6.162918e-19
0.178223,-5.664335e-20,-6.129766e-19
0.178467,-8.467445e-20,-6.000744e-19
0.178711,-8.113141e-20,-5.942910e-19
0.178955,-5.921289e-20,-5.964216e-19
0.179199,-5.665505e-20,-5.915079e-19
0.179443,-6.939459e-20,-5.912479e-19
0.179688,-8.133961e-20,-5.963755e-19
0.179932,-6.378597e-20,-5.985461e-19
0.180176,-4.649414e-20,-5.972271e-19
0.180420,-7.233737e-20,-5.844503e-19
0.180664,-8.104820e-20,-5.793811e-19
0.180908,-5.620583e-20,-5.860283e-19
0.181152,-4.972571e-20,-5.831038e-19
0.181396,-5.996397e-20,-5.809965e-19
0.181641,-7.350651e-20,-5.874077e-19
0.181885,-6.231286e-20,-5.887982e-19
0.182129,-3.945238e-20,-5.833186e-19
0.182373,-5.751313e-20,-5.723042e-19
0.182617,-7.521165e-20,-5.647734e-19
0.182861,-5.435427e-20,-5.739123e-19
0.183105,-3.949323e-20,-5.769977e-19
0.183350,-5.058906e-20,-5.724371e-19
0.183594,-6.558659e-20,-5.790303e-19
0.183838,-5.904456e-20,-5.807661e-19
0.184082,-3.591844e-20,-5.738258e-19
0.184326,-4.363212e-20,-5.630406e-19
0.184570,-6.682822e-20,-5.567208e-19
0.184814,-5.208354e-20,-5.653074e-19
0.185059,-3.244137e-20,-5.699725e-19
0.185303,-3.888581e-20,-5.693379e-19
0.185547,-5.355272e-20,-5.738303e-19
0.185791,-5.455648e-20,-5.724526e-19
0.186035,-3.187862e-20,-5.648875e-19
0.186279,-3.077642e-20,-5.562768e-19
0.186523,-5.557253e-20,-5.498966e-19
0.186768,-4.966171e-20,-5.591336e-19
0.187012,-2.733886e-20,-5.716963e-19
0.187256,-2.736110e-20,-5.700111e-19
0.187500,-4.308447e-20,-5.725052e-19
0.187744,-4.789148e-20,-5.713712e-19
0.187988,-2.632168e-20,-5.579349e-19
0.188232,-1.663919e-20,-5.506195e-19
0.188477,-4.021853e-20,-5.474903e-19
0.188721,-4.493861e-20,-5.562033e-19
0.188965,-2.160295e-20,-5.697491e-19
0.189209,-1.510786e-20,-5.700091e-19
0.189453,-2.891018e-20,-5.727677e-19
0.189697,-3.948593e-20,-5.717174e-19
0.189941,-2.501104e-20,-5.580137e-19
0.190186,-6.683973e-21,-5.485876e-19
0.190430,-2.405816e-20,-5.474731e-19
0.190674,-3.556533e-20,-5.569644e-19
0.190918,-1.456671e-20,-5.714451e-19
0.191162,-3.754398e-21,-5.760850e-19
0.191406,-1.187778e-20,-5.748371e-19
0.191650,-2.498868e-20,-5.719768e-19
0.191895,-1.850294e-20,-5.603186e-19
0.192139,4.984764e-21,-5.489467e-19
0.192383,-6.607690e-21,-5.471140e-19
0.192627,-2.521950e-20,-5.589055e-19
0.192871,-7.933642e-21,-5.792033e-19
0.193115,6.861774e-21,-5.844179e-19
0.193359,4.652388e-21,-5.819137e-19
0.193604,-8.879282e-21,-5.786068e-19
0.193848,-1.199239e-20,-5.639061e-19
0.194092,1.633403e-20,-5.519821e-19
0.194336,1.694395e-20,-5.499823e-19
0.194580,-1.106485e-20,-5.627171e-19
0.194824,1.339639e-21,-5.850178e-19
0.195068,2.234810e-20,-5.925025e-19
0.195312,1.894935e-20,-5.908156e-19
0.195557,7.419443e-21,-5.849876e-19
0.195801,9.049625e-22,-5.701005e-19
0.196045,2.498986e-20,-5.583125e-19
0.196289,3.544376e-20,-5.562070e-19
0.196533,5.812336e-21,-5.716470e-19
0.196777,1.114925e-20,-5.955078e-19
0.197021,3.785256e-20,-6.051897e-19
0.197266,3.402401e-20,-6.014674e-19
0.197510,2.724015e-20,-5.933365e-19
0.197754,1.893257e-20,-5.803319e-19
0.197998,3.051835e-20,-5.644380e-19
0.198242,5.425349e-20,-5.639781e-19
0.198486,2.691063e-20,-5.815573e-19
0.198730,1.693019e-20,-6.067583e-19
0.198975,5.268448e-20,-6.223909e-19
0.199219,5.236683e-20,-6.152794e-19
0.199463,4.294358e-20,-6.059774e-19
0.199707,3.976224e-20,-5.941038e-19
0.199951,3.897896e-20,-5.758294e-19
0.200195,6.674596e-20,-5.752270e-19
0.200439,5.686337e-20,-5.922937e-19
0.200684,2.973998e-20,-6.211843e-19
0.200928,6.002791e-20,-6.389475e-19
0.201172,7.232723e-20,-6.293375e-19
0.201416,5.594752e-20,-6.208421e-19
0.201660,5.754273e-20,-6.082544e-19
0.201904,5.288533e-20,-5.899039e-19
0.202148,7.294862e-20,-5.896559e-19
0.202393,8.228838e-20,-6.062839e-19
0.202637,4.689495e-20,-6.394528e-19
0.202881,6.337113e-20,-6.597870e-19
0.203125,9.391703e-20,-6.482447e-19
0.203369,7.481608e-20,-6.359261e-19
0.203613,7.009811e-20,-6.235849e-19
0.203857,7.123377e-20,-6.070430e-19
0.204102,7.965980e-20,-6.052022e-19
0.204346,1.012377e-19,-6.240660e-19
0.204590,7.213230e-20,-6.572945e-19
0.204834,6.522831e-20,-6.806606e-19
0.205078,1.086025e-19,-6.737429e-19
0.205322,9.668112e-20,-6.551943e-19
0.205566,7.987724e-20,-6.432883e-19
0.205811,8.863841e-20,-6.282075e-19
0.206055,8.968632e-20,-6.214431e-19
0.206299,1.138684e-19,-6.425691e-19
0.206543,9.857009e-20,-6.787017e-19
0.206787,7.287407e-20,-7.026205e-19
0.207031,1.152868e-19,-6.952180e-19
0.207275,1.204625e-19,-6.767780e-19
0.207520,9.097665e-20,-6.645568e-19
0.207764,1.023598e-19,-6.500510e-19
0.208008,1.057389e-19,-6.450326e-19
0.208252,1.191945e-19,-6.643142e-19
0.208496,1.233654e-19,-7.029212e-19
0.208740,8.832772e-20,-7.293069e-19
0.208984,1.159481e-19,-7.215583e-19
0.209229,1.452586e-19,-7.002478e-19
0.209473,1.094152e-19,-6.859931e-19
0.209717,1.120693e-19,-6.755743e-19
0.209961,1.242711e-19,-6.682395e-19
0.210205,1.257557e-19,-6.861256e-19
0.210449,1.411061e-19,-7.281215e-19
0.210693,1.117940e-19,-7.568347e-19
0.210938,1.153815e-19,-7.507181e-19
0.211182,1.614378e-19,-7.246672e-19
0.211426,1.346713e-19,-7.114285e-19
0.211670,1.171817e-19,-7.033360e-19
0.211914,1.423254e-19,-6.922922e-19
0.212158,1.394578e-19,-7.105620e-19
0.212402,1.522843e-19,-7.530354e-19
0.212646,1.395421e-19,-7.841522e-19
0.212891,1.193701e-19,-7.789244e-19
0.213135,1.675601e-19,-7.487579e-19
0.213379,1.636916e-19,-7.355096e-19
0.213623,1.259379e-19,-7.307455e-19
0.213867,1.498682e-19,-7.195337e-19
0.214111,1.582715e-19,-7.353515e-19
0.214355,1.593111e-19,-7.814972e-19
0.214600,1.612795e-19,-8.148013e-19
0.214844,1.346903e-19,-8.086719e-19
0.215088,1.669455e-19,-7.791476e-19
0.215332,1.908316e-19,-7.611752e-19
0.215576,1.442635e-19,-7.559524e-19
0.215820,1.533037e-19,-7.486221e-19
0.216064,1.769553e-19,-7.619103e-19
0.216309,1.700561e-19,-8.055427e-19
0.216553,1.770229e-19,-8.424184e-19
0.216797,1.534005e-19,-8.389694e-19
0.217041,1.663030e-19,-8.065500e-19
0.217285,2.077415e-19,-7.880439e-19
0.217529,1.688171e-19,-7.842002e-19
0.217773,1.567152e-19,-7.772888e-19
0.218018,1.924149e-19,-7.886042e-19
0.218262,1.850781e-19,-8.313149e-19
0.218506,1.851808e-19,-8.719919e-19
0.218750,1.777589e-19,-8.664875e-19
0.218994,1.705362e-19,-8.321260e-19
0.219238,2.134095e-19,-8.136662e-19
0.219482,1.993583e-19,-8.117229e-19
0.219727,1.617139e-19,-8.084284e-19
0.219971,1.954088e-19,-8.160181e-19
0.220215,2.075802e-19,-8.587394e-19
0.220459,1.945157e-19,-9.035436e-19
0.220703,1.934177e-19,-8.990894e-19
0.220947,1.839841e-19,-8.621733e-19
0.221191,2.149245e-19,-8.395584e-19
0.221436,2.236346e-19,-8.394300e-19
0.221680,1.778409e-19,-8.377940e-19
0.221924,1.962746e-19,-8.439311e-19
0.222168,2.242780e-19,-8.862346e-19
0.222412,2.069773e-19,-9.323356e-19
0.222656,2.055906e-19,-9.288943e-19
0.222900,1.980668e-19,-8.905848e-19
0.223145,2.147215e-19,-8.680042e-19
0.223389,2.413239e-19,-8.691870e-19
0.223633,2.003430e-19,-8.691494e-19
0.223877,1.944809e-19,-8.747397e-19
0.224121,2.371668e-19,-9.145085e-19
0.224365,2.265710e-19,-9.607083e-19
0.224609,2.139767e-19,-9.607817e-19
0.224854,2.131150e-19,-9.208727e-19
0.225098,2.192412e-19,-8.938072e-19
0.225342,2.500606e-19,-8.983994e-19
0.225586,2.240895e-19,-9.015431e-19
0.225830,1.991293e-19,-9.065559e-19
0.226074,2.395657e-19,-9.455185e-19
0.226318,2.459258e-19,-9.928510e-19
0.226562,2.241883e-19,-9.945247e-19
0.226807,2.215633e-19,-9.527378e-19
0.227051,2.310645e-19,-9.244930e-19
0.227295,2.551229e-19,-9.289060e-19
0.227539,2.455477e-19,-9.332948e-19
0.227783,2.123670e-19,-9.385038e-19
0.228027,2.357665e-19,-9.741720e-19
0.228271,2.625838e-19,-1.021311e-18
0.228516,2.395738e-19,-1.026274e-18
0.228760,2.278842e-19,-9.847238e-19
0.229004,2.382063e-19,-9.552767e-19
0.229248,2.594081e-19,-9.609683e-19
0.229492,2.616922e-19,-9.672667e-19
0.229736,2.261722e-19,-9.734345e-19
0.229980,2.351579e-19,-1.006889e-18
0.230225,2.704999e-19,-1.054715e-18
0.230469,2.560820e-19,-1.060590e-18
0.230713,2.366234e-19,-1.016462e-18
0.230957,2.414490e-19,-9.856747e-19
0.231201,2.627527e-19,-9.912841e-19
0.231445,2.728534e-19,-1.000909e-18
0.231689,2.385408e-19,-1.006924e-18
0.231934,2.328592e-19,-1.039399e-18
0.232178,2.733555e-19,-1.088003e-18
0.232422,2.701093e-19,-1.093297e-18
0.232666,2.423156e-19,-1.050416e-18
0.232910,2.451347e-19,-1.017682e-18
0.233154,2.656181e-19,-1.023050e-18
0.233398,2.788700e-19,-1.035188e-18
0.233643,2.522103e-19,-1.040871e-18
0.233887,2.327309e-19,-1.071098e-18
0.234131,2.690090e-19,-1.119115e-18
0.234375,2.802611e-19,-1.126241e-18
0.234619,2.496131e-19,-1.081586e-18
0.234863,2.434733e-19,-1.047604e-18
0.235107,2.643426e-19,-1.055405e-18
0.235352,2.822563e-19,-1.070166e-18
0.235596,2.611955e-19,-1.076318e-18
0.235840,2.350130e-19,-1.105432e-18
0.236084,2.635895e-19,-1.151409e-18
0.236328,2.845896e-19,-1.159112e-18
0.236572,2.583603e-19,-1.116793e-18
0.236816,2.430045e-19,-1.078761e-18
0.237061,2.594620e-19,-1.087114e-18
0.237305,2.802925e-19,-1.105901e-18
0.237549,2.684243e-19,-1.110634e-18
0.237793,2.366000e-19,-1.139225e-18
0.238037,2.525180e-19,-1.185529e-18
0.238281,2.835670e-19,-1.193322e-18
0.238525,2.650339e-19,-1.150256e-18
0.238770,2.427246e-19,-1.111657e-18
0.239014,2.510119e-19,-1.118200e-18
0.239258,2.758675e-19,-1.139394e-18
0.239502,2.773710e-19,-1.147250e-18
0.239746,2.376735e-19,-1.171400e-18
0.239990,2.411100e-19,-1.216068e-18
0.240234,2.798608e-19,-1.225775e-18
0.240479,2.669925e-19,-1.182053e-18
0.240723,2.408744e-19,-1.142104e-18
0.240967,2.437174e-19,-1.151500e-18
0.241211,2.670807e-19,-1.173542e-18
0.241455,2.777345e-19,-1.182026e-18
0.241699,2.411407e-19,-1.206553e-18
0.241943,2.301096e-19,-1.247513e-18
0.242188,2.717354e-19,-1.259026e-18
0.242432,2.721286e-19,-1.214309e-18
0.242676,2.394196e-19,-1.171852e-18
0.242920,2.370525e-19,-1.181444e-18
0.243164,2.584528e-19,-1.204987e-18
0.243408,2.741253e-19,-1.215725e-18
0.243652,2.468547e-19,-1.238180e-18
0.243896,2.177533e-19,-1.279407e-18
0.244141,2.567086e-19,-1.290466e-18
0.244385,2.745281e-19,-1.245633e-18
0.244629,2.361911e-19,-1.201768e-18
0.244873,2.297177e-19,-1.209819e-18
0.245117,2.473794e-19,-1.238288e-18
0.245361,2.667088e-19,-1.247105e-18
0.245605,2.530740e-19,-1.267120e-18
0.245850,2.115740e-19,-1.307994e-18
0.246094,2.383310e-19,-1.316943e-18
0.246338,2.722092e-19,-1.274039e-18
0.246582,2.360150e-19,-1.228388e-18
0.246826,2.174957e-19,-1.236328e-18
0.247070,2.367815e-19,-1.267878e-18
0.247314,2.548630e-19,-1.279069e-18
0.247559,2.502919e-19,-1.297882e-18
0.247803,2.116748e-19,-1.335996e-18
0.248047,2.170927e-19,-1.346134e-18
0.248291,2.642348e-19,-1.302266e-18
0.248535,2.417114e-19,-1.255036e-18
0.248779,2.066411e-19,-1.260238e-18
0.249023,2.245710e-19,-1.294556e-18
0.249268,2.423152e-19,-1.309243e-18
0.249512,2.454934e-19,-1.324598e-18
0.249756,2.114756e-19,-1.359854e-18
0.250000,1.956407e-19,-1.371299e-18
0.250244,2.474001e-19,-1.329855e-18
0.250488,2.429854e-19,-1.278711e-18
0.250732,1.959469e-19,-1.283687e-18
0.250977,2.083504e-19,-1.321305e-18
0.251221,2.308142e-19,-1.336685e-18
0.251465,2.347878e-19,-1.349543e-18
0.251709,2.111559e-19,-1.382663e-18
0.251953,1.828423e-19,-1.394620e-18
0.252197,2.216434e-19,-1.351330e-18
0.252441,2.434582e-19,-1.302193e-18
0.252686,1.914062e-19,-1.305877e-18
0.252930,1.853293e-19,-1.343770e-18
0.253174,2.184759e-19,-1.364421e-18
0.253418,2.207824e-19,-1.375530e-18
0.253662,2.049817e-19,-1.406670e-18
0.253906,1.750196e-19,-1.417756e-18
0.254150,1.929169e-19,-1.375091e-18
0.254395,2.345386e-19,-1.324659e-18
0.254639,1.923404e-19,-1.325675e-18
0.254883,1.622110e-19,-1.364960e-18
0.255127,2.006920e-19,-1.387823e-18
0.255371,2.094083e-19,-1.398448e-18
0.255615,1.917647e-19,-1.426637e-18
0.255859,1.655668e-19,-1.438903e-18
0.256104,1.677075e-19,-1.396378e-18
0.256348,2.147961e-19,-1.345026e-18
0.256592,1.918816e-19,-1.345542e-18
0.256836,1.439222e-19,-1.384986e-18
0.257080,1.763390e-19,-1.410829e-18
0.257324,1.980454e-19,-1.420639e-18
0.257568,1.791362e-19,-1.446384e-18
0.257812,1.558720e-19,-1.456231e-18
0.258057,1.461654e-19,-1.415106e-18
0.258301,1.871344e-19,-1.365002e-18
0.258545,1.892257e-19,-1.362833e-18
0.258789,1.311190e-19,-1.403040e-18
0.259033,1.441623e-19,-1.432142e-18
0.259277,1.833649e-19,-1.444004e-18
0.259521,1.664799e-19,-1.466188e-18
0.259766,1.414660e-19,-1.475028e-18
0.260010,1.294574e-19,-1.436251e-18
0.260254,1.563720e-19,-1.384545e-18
0.260498,1.783800e-19,-1.380021e-18
0.260742,1.266198e-19,-1.419094e-18
0.260986,1.129166e-19,-1.450936e-18
0.261230,1.615599e-19,-1.462888e-18
0.261475,1.554022e-19,-1.481121e-18
0.261719,1.234324e-19,-1.489507e-18
0.261963,1.113840e-19,-1.452551e-18
0.262207,1.255961e-19,-1.402515e-18
0.262451,1.573340e-19,-1.396763e-18
0.262695,1.223599e-19,-1.433258e-18
0.262939,8.525802e-20,-1.468375e-18
0.263184,1.308865e-19,-1.482762e-18
0.263428,1.437207e-19,-1.496689e-18
0.263672,1.055893e-19,-1.501674e-18
0.263916,8.993651e-20,-1.467081e-18
0.264160,9.942839e-20,-1.418599e-18
0.264404,1.306318e-19,-1.408933e-18
0.264648,1.135717e-19,-1.445514e-18
0.264893,6.442320e-20,-1.483014e-18
0.265137,9.277080e-20,-1.498192e-18
0.265381,1.273402e-19,-1.511597e-18
0.265625,9.289476e-20,-1.513974e-18
0.265869,6.328056e-20,-1.480508e-18
0.266113,7.484605e-20,-1.432290e-18
0.266357,1.023381e-19,-1.420971e-18
0.266602,1.000987e-19,-1.456391e-18
0.266846,5.081732e-20,-1.493475e-18
0.267090,5.261241e-20,-1.509169e-18
0.267334,1.026728e-19,-1.521055e-18
0.267578,8.077291e-20,-1.522128e-18
0.267822,3.865790e-20,-1.487568e-18
0.268066,4.661052e-20,-1.442280e-18
0.268311,7.189876e-20,-1.432428e-18
0.268555,7.938832e-20,-1.462818e-18
0.268799,3.702658e-20,-1.501966e-18
0.269043,2.192108e-20,-1.520979e-18
0.269287,6.851080e-20,-1.528931e-18
0.269531,6.721812e-20,-1.528028e-18
0.269775,2.054977e-20,-1.494271e-18
0.270020,1.445409e-20,-1.450296e-18
0.270264,4.461397e-20,-1.438787e-18
0.270508,5.509094e-20,-1.467242e-18
0.270752,2.025548e-20,-1.506770e-18
0.270996,-5.489672e-21,-1.528026e-18
0.271240,3.056548e-20,-1.536355e-18
0.271484,4.995249e-20,-1.532156e-18
0.271729,4.882849e-21,-1.499445e-18
0.271973,-1.548188e-20,-1.455730e-18
0.272217,1.402412e-20,-1.444591e-18
0.272461,3.129828e-20,-1.471323e-18
0.272705,7.040807e-21,-1.507491e-18
0.272949,-2.876259e-20,-1.530171e-18
0.273193,-8.691459e-21,-1.538149e-18
0.273438,2.690912e-20,-1.531537e-18
0.273682,-6.859996e-21,-1.497934e-18
0.273926,-4.368932e-20,-1.458715e-18
0.274170,-2.079365e-20,-1.447165e-18
0.274414,6.847165e-21,-1.470051e-18
0.274658,-1.004331e-20,-1.507540e-18
0.274902,-4.951839e-20,-1.531358e-18
0.275146,-3.998376e-20,-1.539359e-18
0.275391,-1.381984e-21,-1.529225e-18
0.275635,-1.846724e-20,-1.496924e-18
0.275879,-6.312601e-20,-1.458727e-18
0.276123,-5.630744e-20,-1.446292e-18
0.276367,-1.804252e-20,-1.469154e-18
0.276611,-2.776879e-20,-1.502454e-18
0.276855,-6.863919e-20,-1.528514e-18
0.277100,-6.998462e-20,-1.536762e-18
0.277344,-3.379747e-20,-1.524724e-18
0.277588,-3.204417e-20,-1.491778e-18
0.277832,-7.741565e-20,-1.453618e-18
0.278076,-8.603071e-20,-1.445063e-18
0.278320,-4.651710e-20,-1.463526e-18
0.278564,-4.277357e-20,-1.493156e-18
0.278809,-8.393807e-20,-1.521703e-18
0.279053,-9.661940e-20,-1.529900e-18
0.279297,-6.379846e-20,-1.515586e-18
0.279541,-5.176831e-20,-1.483505e-18
0.279785,-8.913167e-20,-1.448456e-18
0.280029,-1.132729e-19,-1.437857e-18
0.280273,-8.081318e-20,-1.456601e-18
0.280518,-5.693653e-20,-1.485393e-18
0.280762,-9.508609e-20,-1.512071e-18
0.281006,-1.225715e-19,-1.521713e-18
0.281250,-9.213598e-20,-1.504728e-18
0.281494,-6.973639e-20,-1.472359e-18
0.281738,-1.014130e-19,-1.438822e-18
0.281982,-1.339293e-19,-1.428939e-18
0.282227,-1.134494e-19,-1.445954e-18
0.282471,-7.916110e-20,-1.471516e-18
0.282715,-1.030495e-19,-1.498616e-18
0.282959,-1.442641e-19,-1.509315e-18
0.283203,-1.237167e-19,-1.492717e-18
0.283447,-9.306911e-20,-1.458852e-18
0.283691,-1.136668e-19,-1.429088e-18
0.283936,-1.481889e-19,-1.420119e-18
0.284180,-1.433351e-19,-1.432259e-18
0.284424,-1.044143e-19,-1.457862e-18
0.284668,-1.122899e-19,-1.481936e-18
0.284912,-1.615252e-19,-1.492508e-18
0.285156,-1.532466e-19,-1.476532e-18
0.285400,-1.166695e-19,-1.440611e-18
0.285645,-1.270689e-19,-1.414351e-18
0.285889,-1.643313e-19,-1.406694e-18
0.286133,-1.704905e-19,-1.419320e-18
0.286377,-1.336201e-19,-1.442524e-18
0.286621,-1.240187e-19,-1.465267e-18
0.286865,-1.734286e-19,-1.479075e-18
0.287109,-1.831571e-19,-1.459183e-18
0.287354,-1.389935e-19,-1.422987e-18
0.287598,-1.397576e-19,-1.399236e-18
0.287842,-1.780071e-19,-1.391611e-18
0.288086,-1.917463e-19,-1.402008e-18
0.288330,-1.643023e-19,-1.420886e-18
0.288574,-1.414817e-19,-1.444599e-18
0.288818,-1.803188e-19,-1.457796e-18
0.289062,-2.098903e-19,-1.439403e-18
0.289307,-1.709399e-19,-1.403308e-18
0.289551,-1.520335e-19,-1.379521e-18
0.289795,-1.897502e-19,-1.378805e-18
0.290039,-2.123812e-19,-1.385733e-18
0.290283,-1.902644e-19,-1.399093e-18
0.290527,-1.619869e-19,-1.422912e-18
0.290771,-1.852513e-19,-1.435910e-18
0.291016,-2.283839e-19,-1.417717e-18
0.291260,-2.005441e-19,-1.379876e-18
0.291504,-1.678027e-19,-1.359497e-18
0.291748,-2.010630e-19,-1.359560e-18
0.291992,-2.298849e-19,-1.365735e-18
0.292236,-2.173054e-19,-1.379413e-18
0.292480,-1.863615e-19,-1.399524e-18
0.292725,-1.914648e-19,-1.413848e-18
0.292969,-2.392050e-19,-1.395236e-18
0.293213,-2.307472e-19,-1.357280e-18
0.293457,-1.856641e-19,-1.337931e-18
0.293701,-2.055333e-19,-1.339059e-18
0.293945,-2.423690e-19,-1.345686e-18
0.294189,-2.374638e-19,-1.353441e-18
0.294434,-2.097633e-19,-1.373039e-18
0.294678,-2.016651e-19,-1.387894e-18
0.294922,-2.437478e-19,-1.367737e-18
0.295166,-2.570522e-19,-1.330011e-18
0.295410,-2.095961e-19,-1.314350e-18
0.295654,-2.089652e-19,-1.319904e-18
0.295898,-2.527710e-19,-1.322734e-18
0.296143,-2.567171e-19,-1.327784e-18
0.296387,-2.277782e-19,-1.345492e-18
0.296631,-2.114019e-19,-1.360529e-18
0.296875,-2.440035e-19,-1.340389e-18
0.297119,-2.745709e-19,-1.300030e-18
0.297363,-2.354220e-19,-1.287537e-18
0.297607,-2.158582e-19,-1.295768e-18
0.297852,-2.577315e-19,-1.299230e-18
0.298096,-2.743053e-19,-1.299861e-18
0.298340,-2.494993e-19,-1.314714e-18
0.298584,-2.253231e-19,-1.332116e-18
0.298828,-2.451167e-19,-1.312244e-18
0.299072,-2.849675e-19,-1.271290e-18
0.299316,-2.590164e-19,-1.259024e-18
0.299561,-2.212741e-19,-1.271209e-18
0.299805,-2.567029e-19,-1.272989e-18
0.300049,-2.872776e-19,-1.269564e-18
0.300293,-2.641617e-19,-1.282892e-18
0.300537,-2.391728e-19,-1.296888e-18
0.300781,-2.474001e-19,-1.279705e-18
0.301025,-2.875017e-19,-1.238469e-18
0.301270,-2.828180e-19,-1.225172e-18
0.301514,-2.339034e-19,-1.243849e-18
0.301758,-2.535585e-19,-1.246508e-18
0.302002,-2.946352e-19,-1.237407e-18
0.302246,-2.797413e-19,-1.247649e-18
0.302490,-2.503557e-19,-1.263754e-18
0.302734,-2.460860e-19,-1.246700e-18
0.302979,-2.847972e-19,-1.203262e-18
0.303223,-2.988259e-19,-1.191427e-18
0.303467,-2.493020e-19,-1.212941e-18
0.303711,-2.476586e-19,-1.216587e-18
0.303955,-2.955107e-19,-1.204391e-18
0.304199,-2.935264e-19,-1.209992e-18
0.304443,-2.616178e-19,-1.226874e-18
0.304688,-2.492358e-19,-1.212884e-18
0.304932,-2.782639e-19,-1.168014e-18
0.305176,-3.063235e-19,-1.156338e-18
0.305420,-2.639709e-19,-1.181473e-18
0.305664,-2.412118e-19,-1.185541e-18
0.305908,-2.879148e-19,-1.170324e-18
0.306152,-3.003299e-19,-1.171738e-18
0.306396,-2.708901e-19,-1.187878e-18
0.306641,-2.525114e-19,-1.174594e-18
0.306885,-2.700947e-19,-1.129618e-18
0.307129,-3.067376e-19,-1.117921e-18
0.307373,-2.825698e-19,-1.147400e-18
0.307617,-2.410667e-19,-1.157399e-18
0.307861,-2.764235e-19,-1.135094e-18
0.308105,-3.056243e-19,-1.132564e-18
0.308350,-2.773553e-19,-1.152478e-18
0.308594,-2.522339e-19,-1.137083e-18
0.308838,-2.607294e-19,-1.092018e-18
0.309082,-2.975457e-19,-1.080106e-18
0.309326,-2.934441e-19,-1.112737e-18
0.309570,-2.441600e-19,-1.125841e-18
0.309814,-2.586078e-19,-1.100696e-18
0.310059,-3.043108e-19,-1.093957e-18
0.310303,-2.841933e-19,-1.111168e-18
0.310547,-2.511975e-19,-1.100090e-18
0.310791,-2.543540e-19,-1.056114e-18
0.311035,-2.839655e-19,-1.042965e-18
0.311279,-2.976041e-19,-1.077259e-18
0.311523,-2.495647e-19,-1.092797e-18
0.311768,-2.405275e-19,-1.067430e-18
0.312012,-2.939078e-19,-1.053607e-18
0.312256,-2.885632e-19,-1.069607e-18
0.312500,-2.504559e-19,-1.062961e-18
0.312744,-2.458081e-19,-1.018426e-18
0.312988,-2.705465e-19,-1.003862e-18
0.313232,-2.932473e-19,-1.040704e-18
0.313477,-2.589771e-19,-1.061522e-18
0.313721,-2.284117e-19,-1.034787e-18
0.313965,-2.739663e-19,-1.016185e-18
0.314209,-2.918869e-19,-1.031532e-18
0.314453,-2.498310e-19,-1.025364e-18
0.314697,-2.354378e-19,-9.822408e-19
0.314941,-2.548293e-19,-9.651525e-19
0.315186,-2.826044e-19,-1.004612e-18
0.315430,-2.659973e-19,-1.030040e-18
0.315674,-2.195274e-19,-1.000079e-18
0.315918,-2.504502e-19,-9.780190e-19
0.316162,-2.895439e-19,-9.904320e-19
0.316406,-2.505209e-19,-9.888870e-19
0.316650,-2.250311e-19,-9.469327e-19
0.316895,-2.424736e-19,-9.277176e-19
0.317139,-2.684756e-19,-9.705954e-19
0.317383,-2.665247e-19,-9.975182e-19
0.317627,-2.183235e-19,-9.693659e-19
0.317871,-2.254075e-19,-9.419182e-19
0.318115,-2.793170e-19,-9.496681e-19
0.318359,-2.542423e-19,-9.509070e-19
0.318604,-2.144231e-19,-9.114401e-19
0.318848,-2.289992e-19,-8.924828e-19
0.319092,-2.517782e-19,-9.338582e-19
0.319336,-2.607388e-19,-9.653483e-19
0.319580,-2.215487e-19,-9.398651e-19
0.319824,-2.029303e-19,-9.073906e-19
0.320068,-2.598666e-19,-9.140167e-19
0.320312,-2.587163e-19,-9.180001e-19
0.320557,-2.060720e-19,-8.793514e-19
0.320801,-2.103550e-19,-8.581624e-19
0.321045,-2.369491e-19,-8.985839e-19
0.321289,-2.504339e-19,-9.355778e-19
0.321533,-2.237127e-19,-9.106987e-19
0.321777,-1.858821e-19,-8.740535e-19
0.322021,-2.306741e-19,-8.772145e-19
0.322266,-2.586630e-19,-8.815880e-19
0.322510,-2.019873e-19,-8.486534e-19
0.322754,-1.906962e-19,-8.246305e-19
0.322998,-2.196727e-19,-8.664662e-19
0.323242,-2.332376e-19,-9.076855e-19
0.323486,-2.206821e-19,-8.817443e-19
0.323730,-1.766247e-19,-8.439027e-19
0.323975,-2.003745e-19,-8.426411e-19
0.324219,-2.470324e-19,-8.482164e-19
0.324463,-2.026904e-19,-8.176343e-19
0.324707,-1.704986e-19,-7.930620e-19
0.324951,-1.987231e-19,-8.339860e-19
0.325195,-2.187546e-19,-8.781958e-19
0.325439,-2.104874e-19,-8.558313e-19
0.325684,-1.712217e-19,-8.159856e-19
0.325928,-1.705132e-19,-8.122883e-19
0.326172,-2.221317e-19,-8.171780e-19
0.326416,-2.038131e-19,-7.900357e-19
0.326660,-1.522277e-19,-7.644639e-19
0.326904,-1.708801e-19,-8.026247e-19
0.327148,-2.004884e-19,-8.509091e-19
0.327393,-1.961041e-19,-8.295701e-19
0.327637,-1.637615e-19,-7.867285e-19
0.327881,-1.440960e-19,-7.816615e-19
0.328125,-1.915146e-19,-7.858212e-19
0.328369,-2.011964e-19,-7.615332e-19
0.328613,-1.392595e-19,-7.395757e-19
0.328857,-1.398319e-19,-7.745363e-19
0.329102,-1.792958e-19,-8.236727e-19
0.329346,-1.779800e-19,-8.070783e-19
0.329590,-1.504978e-19,-7.615168e-19
0.329834,-1.259232e-19,-7.524603e-19
0.330078,-1.550760e-19,-7.573268e-19
0.330322,-1.862217e-19,-7.351246e-19
0.330566,-1.369151e-19,-7.126921e-19
0.330811,-1.079106e-19,-7.456232e-19
0.331055,-1.503196e-19,-7.975299e-19
0.331299,-1.635369e-19,-7.865084e-19
0.331543,-1.352137e-19,-7.389633e-19
0.331787,-1.066995e-19,-7.275045e-19
0.332031,-1.184040e-19,-7.324261e-19
0.332275,-1.627419e-19,-7.108152e-19
0.332520,-1.298941e-19,-6.922349e-19
0.332764,-7.903217e-20,-7.207855e-19
0.333008,-1.168296e-19,-7.709987e-19
0.333252,-1.458484e-19,-7.649760e-19
0.333496,-1.178842e-19,-7.148120e-19
0.333740,-8.644943e-20,-7.006607e-19
0.333984,-9.080499e-20,-7.074440e-19
0.334229,-1.317936e-19,-6.886600e-19
0.334473,-1.212153e-19,-6.693849e-19
0.334717,-6.248744e-20,-6.972456e-19
0.334961,-7.725154e-20,-7.489632e-19
0.335205,-1.222221e-19,-7.456115e-19
0.335449,-1.017452e-19,-6.964592e-19
0.335693,-6.508442e-20,-6.791587e-19
0.335938,-6.104173e-20,-6.857802e-19
0.336182,-9.518624e-20,-6.675134e-19
0.336426,-1.081972e-19,-6.488990e-19
0.336670,-5.032201e-20,-6.756346e-19
0.336914,-3.829765e-20,-7.254611e-19
0.337158,-9.113753e-20,-7.267095e-19
0.337402,-8.875711e-20,-6.788738e-19
0.337646,-4.497385e-20,-6.588878e-19
0.337891,-3.268507e-20,-6.660781e-19
0.338135,-6.247411e-20,-6.512618e-19
0.338379,-8.521534e-20,-6.341501e-19
0.338623,-4.083562e-20,-6.559478e-19
0.338867,-5.629231e-21,-7.046301e-19
0.339111,-5.205213e-20,-7.113158e-19
0.339355,-7.280966e-20,-6.632537e-19
0.339600,-2.881018e-20,-6.384190e-19
0.339844,-6.485998e-21,-6.478384e-19
0.340088,-2.972556e-20,-6.363586e-19
0.340332,-5.830036e-20,-6.184444e-19
0.340576,-3.063253e-20,-6.410858e-19
0.340820,1.807859e-20,-6.895725e-19
0.341064,-1.047961e-20,-6.968653e-19
0.341309,-5.127197e-20,-6.520957e-19
0.341553,-1.734927e-20,-6.261761e-19
0.341797,2.230816e-20,-6.340441e-19
0.342041,4.667575e-21,-6.241585e-19
0.342285,-2.994372e-20,-6.077417e-19
0.342529,-1.686560e-20,-6.289481e-19
0.342773,3.419265e-20,-6.726135e-19
0.343018,2.893108e-20,-6.854277e-19
0.343262,-2.234093e-20,-6.459105e-19
0.343506,-7.259874e-21,-6.142111e-19
0.343750,4.523084e-20,-6.227164e-19
0.343994,3.817430e-20,-6.189375e-19
0.344238,-6.680283e-22,-6.018693e-19
0.344482,2.674848e-21,-6.188808e-19
0.344727,4.908630e-20,-6.616661e-19
0.344971,6.254697e-20,-6.761596e-19
0.345215,1.404410e-20,-6.393812e-19
0.345459,4.480469e-21,-6.055137e-19
0.345703,6.136472e-20,-6.131855e-19
0.345947,7.276023e-20,-6.125344e-19
0.346191,2.769614e-20,-5.954616e-19
0.346436,2.004690e-20,-6.139903e-19
0.346680,6.356805e-20,-6.538170e-19
0.346924,8.943149e-20,-6.695158e-19
0.347168,5.234443e-20,-6.387225e-19
0.347412,2.340877e-20,-6.017457e-19
0.347656,7.134081e-20,-6.093610e-19
0.347900,1.040177e-19,-6.119378e-19
0.348145,6.137649e-20,-5.957347e-19
0.348389,3.888751e-20,-6.098697e-19
0.348633,7.748479e-20,-6.467074e-19
0.348877,1.104569e-19,-6.651995e-19
0.349121,8.616199e-20,-6.369624e-19
0.349365,4.711887e-20,-6.020226e-19
0.349609,7.795041e-20,-6.067938e-19
0.349854,1.269444e-19,-6.132335e-19
0.350098,9.894393e-20,-6.003622e-19
0.350342,6.057558e-20,-6.091452e-19
0.350586,9.019010e-20,-6.438100e-19
0.350830,1.319236e-19,-6.619462e-19
0.351074,1.194164e-19,-6.386365e-19
0.351318,7.614686e-20,-6.025644e-19
0.351562,8.485552e-20,-6.038683e-19
0.351807,1.425237e-19,-6.160364e-19
0.352051,1.353142e-19,-6.054115e-19
0.352295,8.215735e-20,-6.109932e-19
0.352539,9.974622e-20,-6.421366e-19
0.352783,1.492075e-19,-6.625072e-19
0.353027,1.488945e-19,-6.446638e-19
0.353271,1.071651e-19,-6.087332e-19
0.353516,9.754948e-20,-6.077695e-19
0.353760,1.524280e-19,-6.225052e-19
0.354004,1.685747e-19,-6.135837e-19
0.354248,1.143247e-19,-6.159644e-19
0.354492,1.069901e-19,-6.445142e-19
0.354736,1.625580e-19,-6.623730e-19
0.354980,1.758702e-19,-6.482789e-19
0.355225,1.338962e-19,-6.165892e-19
0.355469,1.160029e-19,-6.098073e-19
0.355713,1.578881e-19,-6.286392e-19
0.355957,1.928191e-19,-6.269370e-19
0.356201,1.505048e-19,-6.241270e-19
0.356445,1.203095e-19,-6.483687e-19
0.356689,1.714867e-19,-6.658074e-19
0.356934,2.011022e-19,-6.568299e-19
0.357178,1.647722e-19,-6.266854e-19
0.357422,1.359361e-19,-6.166468e-19
0.357666,1.653475e-19,-6.375811e-19
0.357910,2.103004e-19,-6.392305e-19
0.358154,1.856273e-19,-6.348538e-19
0.358398,1.393728e-19,-6.537429e-19
0.358643,1.748551e-19,-6.724706e-19
0.358887,2.230650e-19,-6.652434e-19
0.359131,1.964685e-19,-6.389164e-19
0.359375,1.574733e-19,-6.299285e-19
0.359619,1.770608e-19,-6.472058e-19
0.359863,2.242276e-19,-6.561847e-19
0.360107,2.174527e-19,-6.495958e-19
0.360352,1.664855e-19,-6.601427e-19
0.360596,1.788845e-19,-6.794752e-19
0.360840,2.370809e-19,-6.750520e-19
0.361084,2.273010e-19,-6.529644e-19
0.361328,1.804314e-19,-6.399157e-19
0.361572,1.857193e-19,-6.578033e-19
0.361816,2.326785e-19,-6.744807e-19
0.362061,2.453438e-19,-6.654888e-19
0.362305,1.966140e-19,-6.698570e-19
0.362549,1.860890e-19,-6.876795e-19
0.362793,2.461776e-19,-6.871557e-19
0.363037,2.569113e-19,-6.669213e-19
0.363281,2.069894e-19,-6.543636e-19
0.363525,1.963481e-19,-6.718658e-19
0.363770,2.412227e-19,-6.905139e-19
0.364014,2.670064e-19,-6.841310e-19
0.364258,2.251137e-19,-6.816208e-19
0.364502,1.977668e-19,-6.957969e-19
0.364746,2.496950e-19,-7.015988e-19
0.364990,2.784804e-19,-6.861995e-19
0.365234,2.346570e-19,-6.706437e-19
0.365479,2.095318e-19,-6.866844e-19
0.365723,2.467102e-19,-7.119482e-19
0.365967,2.840698e-19,-7.051424e-19
0.366211,2.532685e-19,-6.935997e-19
0.366455,2.127903e-19,-7.066367e-19
0.366699,2.500061e-19,-7.149768e-19
0.366943,2.944102e-19,-7.021376e-19
0.367188,2.623928e-19,-6.880973e-19
0.367432,2.217309e-19,-7.023365e-19
0.367676,2.485682e-19,-7.327345e-19
0.367920,2.926889e-19,-7.279831e-19
0.368164,2.764405e-19,-7.106829e-19
0.368408,2.314923e-19,-7.196068e-19
0.368652,2.489187e-19,-7.301014e-19
0.368896,3.036004e-19,-7.228430e-19
0.369141,2.871016e-19,-7.083976e-19
0.369385,2.366170e-19,-7.194437e-19
0.369629,2.500517e-19,-7.519206e-19
0.369873,2.977655e-19,-7.520491e-19
0.370117,2.980616e-19,-7.293179e-19
0.370361,2.496876e-19,-7.343373e-19
0.370605,2.469039e-19,-7.480235e-19
0.370850,3.019854e-19,-7.424191e-19
0.371094,3.073861e-19,-7.316225e-19
0.371338,2.561400e-19,-7.424639e-19
0.371582,2.485261e-19,-7.764221e-19
0.371826,2.968885e-19,-7.801248e-19
0.372070,3.139090e-19,-7.511819e-19
0.372314,2.687325e-19,-7.487757e-19
0.372559,2.490964e-19,-7.657125e-19
0.372803,2.984013e-19,-7.654830e-19
0.373047,3.200342e-19,-7.544089e-19
0.373291,2.732379e-19,-7.633453e-19
0.373535,2.500771e-19,-7.990511e-19
0.373779,2.907559e-19,-8.086839e-19
0.374023,3.219365e-19,-7.772999e-19
0.374268,2.861021e-19,-7.665257e-19
0.374512,2.517428e-19,-7.859188e-19
0.374756,2.902436e-19,-7.918381e-19
0.375000,3.272855e-19,-7.800663e-19
0.375244,2.912858e-19,-7.875762e-19
0.375488,2.547499e-19,-8.256193e-19
0.375732,2.839378e-19,-8.371491e-19
0.375977,3.229382e-19,-8.033607e-19
0.376221,3.040884e-19,-7.883665e-19
0.376465,2.585765e-19,-8.072665e-19
0.376709,2.774564e-19,-8.171220e-19
0.376953,3.288219e-19,-8.085662e-19
0.377197,3.066229e-19,-8.152394e-19
0.377441,2.608904e-19,-8.531460e-19
0.377686,2.766032e-19,-8.697558e-19
0.377930,3.193287e-19,-8.327193e-19
0.378174,3.173149e-19,-8.086674e-19
0.378418,2.664318e-19,-8.304355e-19
0.378662,2.674951e-19,-8.435165e-19
0.378906,3.259626e-19,-8.334107e-19
0.379150,3.178829e-19,-8.419068e-19
0.379395,2.656920e-19,-8.821197e-19
0.379639,2.697225e-19,-9.006304e-19
0.379883,3.102458e-19,-8.636545e-19
0.380127,3.223500e-19,-8.341363e-19
0.380371,2.803311e-19,-8.537474e-19
0.380615,2.593266e-19,-8.732322e-19
0.380859,3.133743e-19,-8.649215e-19
0.381104,3.274875e-19,-8.706796e-19
0.381348,2.742369e-19,-9.104106e-19
0.381592,2.641430e-19,-9.318440e-19
0.381836,3.010073e-19,-8.953121e-19
0.382080,3.216983e-19,-8.588771e-19
0.382324,2.909349e-19,-8.768096e-19
0.382568,2.545527e-19,-9.010553e-19
0.382812,2.947867e-19,-8.940015e-19
0.383057,3.312386e-19,-8.991001e-19
0.383301,2.840984e-19,-9.409113e-19
0.383545,2.565617e-19,-9.656301e-19
0.383789,2.905928e-19,-9.285881e-19
0.384033,3.169190e-19,-8.852836e-19
0.384277,2.989809e-19,-9.004257e-19
0.384521,2.568593e-19,-9.286244e-19
0.384766,2.754660e-19,-9.227830e-19
0.385010,3.285018e-19,-9.267286e-19
0.385254,2.943531e-19,-9.677434e-19
0.385498,2.489476e-19,-9.967612e-19
0.385742,2.782535e-19,-9.614353e-19
0.385986,3.094770e-19,-9.111005e-19
0.386230,3.017136e-19,-9.262473e-19
0.386475,2.633459e-19,-9.595304e-19
0.386719,2.578186e-19,-9.540631e-19
0.386963,3.137642e-19,-9.565723e-19
0.387207,3.080312e-19,-9.988137e-19
0.387451,2.471760e-19,-1.028282e-18
0.387695,2.613027e-19,-9.926027e-19
0.387939,3.019067e-19,-9.398530e-19
0.388184,2.980677e-19,-9.494167e-19
0.388428,2.668009e-19,-9.868525e-19
0.388672,2.467917e-19,-9.845219e-19
0.388916,2.902776e-19,-9.851421e-19
0.389160,3.128669e-19,-1.028735e-18
0.389404,2.511074e-19,-1.060214e-18
0.389648,2.430814e-19,-1.026133e-18
0.389893,2.917514e-19,-9.695495e-19
0.390137,2.925366e-19,-9.746903e-19
0.390381,2.669494e-19,-1.013797e-18
0.390625,2.425589e-19,-1.015929e-18
0.390869,2.661926e-19,-1.012634e-18
0.391113,3.088182e-19,-1.054779e-18
0.391357,2.595736e-19,-1.092700e-18
0.391602,2.232589e-19,-1.058775e-18
0.391846,2.753338e-19,-1.000277e-18
0.392090,2.901423e-19,-9.995561e-19
0.392334,2.610916e-19,-1.042228e-18
0.392578,2.398422e-19,-1.050834e-18
0.392822,2.476361e-19,-1.041040e-18
0.393066,2.927105e-19,-1.083383e-18
0.393311,2.701156e-19,-1.124935e-18
0.393555,2.123265e-19,-1.090975e-18
0.393799,2.505370e-19,-1.029505e-18
0.394043,2.843736e-19,-1.025776e-18
0.394287,2.560029e-19,-1.068411e-18
0.394531,2.335311e-19,-1.078948e-18
0.394775,2.303267e-19,-1.070310e-18
0.395020,2.688823e-19,-1.110093e-18
0.395264,2.747641e-19,-1.156192e-18
0.395508,2.102332e-19,-1.125500e-18
0.395752,2.223049e-19,-1.059018e-18
0.395996,2.739251e-19,-1.051612e-18
0.396240,2.516689e-19,-1.096388e-18
0.396484,2.242008e-19,-1.110058e-18
0.396729,2.182569e-19,-1.098543e-18
0.396973,2.419096e-19,-1.136606e-18
0.397217,2.677497e-19,-1.185274e-18
0.397461,2.136035e-19,-1.157294e-18
0.397705,1.922872e-19,-1.089328e-18
0.397949,2.540414e-19,-1.079567e-18
0.398193,2.494088e-19,-1.123926e-18
0.398438,2.088605e-19,-1.142895e-18
0.398682,2.064785e-19,-1.129804e-18
0.398926,2.206616e-19,-1.159377e-18
0.399170,2.489900e-19,-1.215732e-18
0.399414,2.195532e-19,-1.191375e-18
0.399658,1.722520e-19,-1.117688e-18
0.399902,2.212795e-19,-1.106393e-18
0.400146,2.455676e-19,-1.149338e-18
0.400391,1.972046e-19,-1.170578e-18
0.400635,1.859990e-19,-1.157734e-18
0.400879,2.007357e-19,-1.185365e-18
0.401123,2.241800e-19,-1.242805e-18
0.401367,2.167001e-19,-1.222865e-18
0.401611,1.611402e-19,-1.149634e-18
0.401855,1.845272e-19,-1.132089e-18
0.402100,2.349071e-19,-1.175914e-18
0.402344,1.922282e-19,-1.200399e-18
0.402588,1.639994e-19,-1.186751e-18
0.402832,1.831312e-19,-1.210981e-18
0.403076,1.983468e-19,-1.267327e-18
0.403320,2.029297e-19,-1.255470e-18
0.403564,1.566127e-19,-1.181770e-18
0.403809,1.479518e-19,-1.157935e-18
0.404053,2.090281e-19,-1.203579e-18
0.404297,1.887100e-19,-1.229961e-18
0.404541,1.435025e-19,-1.217161e-18
0.404785,1.599665e-19,-1.236397e-18
0.405029,1.761186e-19,-1.292291e-18
0.405273,1.831825e-19,-1.287107e-18
0.405518,1.512169e-19,-1.211891e-18
0.405762,1.217348e-19,-1.183643e-18
0.406006,1.740306e-19,-1.228710e-18
0.406250,1.844158e-19,-1.257374e-18
0.406494,1.263916e-19,-1.244838e-18
0.406738,1.303407e-19,-1.260380e-18
0.406982,1.573140e-19,-1.315913e-18
0.407227,1.583419e-19,-1.317454e-18
0.407471,1.417335e-19,-1.243895e-18
0.407715,1.060881e-19,-1.210672e-18
0.407959,1.326911e-19,-1.255074e-18
0.408203,1.724334e-19,-1.285743e-18
0.408447,1.211541e-19,-1.273472e-18
0.408691,9.842050e-20,-1.284608e-18
0.408936,1.341793e-19,-1.338498e-18
0.409180,1.382259e-19,-1.345453e-18
0.409424,1.248796e-19,-1.275468e-18
0.409668,9.422230e-20,-1.239004e-18
0.409912,9.725580e-20,-1.280150e-18
0.410156,1.478917e-19,-1.314197e-18
0.410400,1.186083e-19,-1.302673e-18
0.410645,7.286551e-20,-1.309606e-18
0.410889,1.061889e-19,-1.360524e-18
0.411133,1.228425e-19,-1.371643e-18
0.411377,1.060664e-19,-1.305733e-18
0.411621,8.231749e-20,-1.264992e-18
0.411865,7.199802e-20,-1.303962e-18
0.412109,1.137596e-19,-1.338525e-18
0.412354,1.137072e-19,-1.327391e-18
0.412598,5.795677e-20,-1.333190e-18
0.412842,7.194873e-20,-1.380818e-18
0.413086,1.055085e-19,-1.396432e-18
0.413330,8.902992e-20,-1.336007e-18
0.413574,6.647693e-20,-1.292581e-18
0.413818,5.440837e-20,-1.328299e-18
0.414062,8.166061e-20,-1.363622e-18
0.414307,1.025590e-19,-1.353846e-18
0.414551,5.123298e-20,-1.354699e-18
0.414795,3.830720e-20,-1.397596e-18
0.415039,8.330633e-20,-1.418055e-18
0.415283,7.717224e-20,-1.362063e-18
0.415527,4.690202e-20,-1.315743e-18
0.415771,3.672034e-20,-1.350678e-18
0.416016,5.031318e-20,-1.387780e-18
0.416260,7.995986e-20,-1.377531e-18
0.416504,5.085461e-20,-1.376108e-18
0.416748,1.148983e-20,-1.414911e-18
0.416992,5.216929e-20,-1.438164e-18
0.417236,6.799948e-20,-1.387967e-18
0.417480,3.026644e-20,-1.338242e-18
0.417725,1.798826e-20,-1.369540e-18
0.417969,2.778807e-20,-1.406987e-18
0.418213,5.289267e-20,-1.395487e-18
0.418457,4.403960e-20,-1.393164e-18
0.418701,-4.601522e-21,-1.429981e-18
0.418945,1.523705e-20,-1.452927e-18
0.419189,5.350217e-20,-1.411031e-18
0.419434,2.050680e-20,-1.363322e-18
0.419678,-4.744078e-21,-1.388822e-18
0.419922,6.772736e-21,-1.427339e-18
0.420166,2.707549e-20,-1.415061e-18
0.420410,3.104146e-20,-1.408687e-18
0.420654,-1.292159e-20,-1.443157e-18
0.420898,-1.734512e-20,-1.465544e-18
0.421143,2.911523e-20,-1.429869e-18
0.421387,1.325998e-20,-1.383003e-18
0.421631,-2.545277e-20,-1.402166e-18
0.421875,-1.801950e-20,-1.443136e-18
0.422119,3.354052e-21,-1.433090e-18
0.422363,1.100089e-20,-1.422951e-18
0.422607,-1.842174e-20,-1.455020e-18
0.422852,-4.344839e-20,-1.477024e-18
0.423096,-3.273482e-21,-1.446764e-18
0.423340,7.281854e-21,-1.401929e-18
0.423584,-4.192243e-20,-1.416078e-18
0.423828,-4.344921e-20,-1.456566e-18
0.424072,-1.595953e-20,-1.447834e-18
0.424316,-1.262849e-20,-1.435066e-18
0.424561,-2.896354e-20,-1.461733e-18
0.424805,-5.911719e-20,-1.485977e-18
0.425049,-3.913085e-20,-1.462498e-18
0.425293,-6.007263e-21,-1.419088e-18
0.425537,-4.778397e-20,-1.431522e-18
0.425781,-7.054935e-20,-1.470711e-18
0.426025,-3.901476e-20,-1.461115e-18
0.426270,-2.779325e-20,-1.443955e-18
0.426514,-4.252528e-20,-1.471130e-18
0.426758,-7.274770e-20,-1.494451e-18
0.427002,-6.782896e-20,-1.471078e-18
0.427246,-2.777966e-20,-1.434755e-18
0.427490,-5.212996e-20,-1.442711e-18
0.427734,-9.157310e-20,-1.477742e-18
0.427979,-6.470884e-20,-1.473388e-18
0.428223,-4.552244e-20,-1.453657e-18
0.428467,-5.951209e-20,-1.473450e-18
0.428711,-8.205018e-20,-1.499885e-18
0.428955,-9.166316e-20,-1.482132e-18
0.429199,-5.523965e-20,-1.446619e-18
0.429443,-5.431105e-20,-1.453428e-18
0.429688,-1.041239e-19,-1.485873e-18
0.429932,-9.549435e-20,-1.482184e-18
0.430176,-6.176775e-20,-1.458876e-18
0.430420,-7.297814e-20,-1.474452e-18
0.430664,-9.780656e-20,-1.502260e-18
0.430908,-1.077950e-19,-1.487530e-18
0.431152,-8.377139e-20,-1.457079e-18
0.431396,-6.636414e-20,-1.462137e-18
0.431641,-1.095765e-19,-1.491744e-18
0.431885,-1.228779e-19,-1.490742e-18
0.432129,-8.172286e-20,-1.464281e-18
0.432373,-8.330785e-20,-1.475595e-18
0.432617,-1.107423e-19,-1.503269e-18
0.432861,-1.221478e-19,-1.489513e-18
0.433105,-1.105639e-19,-1.464184e-18
0.433350,-8.420802e-20,-1.467504e-18
0.433594,-1.119530e-19,-1.492685e-18
0.433838,-1.467011e-19,-1.493272e-18
0.434082,-1.088815e-19,-1.464786e-18
0.434326,-9.059396e-20,-1.473196e-18
0.434570,-1.226808e-19,-1.500612e-18
0.434814,-1.368042e-19,-1.490277e-18
0.435059,-1.286200e-19,-1.468504e-18
0.435303,-1.051908e-19,-1.471608e-18
0.435547,-1.156231e-19,-1.493127e-18
0.435791,-1.583132e-19,-1.494191e-18
0.436035,-1.353758e-19,-1.467020e-18
0.436279,-1.033661e-19,-1.465801e-18
0.436523,-1.318408e-19,-1.492918e-18
0.436768,-1.518572e-19,-1.490370e-18
0.437012,-1.450379e-19,-1.469254e-18
0.437256,-1.252668e-19,-1.474381e-18
0.437500,-1.227215e-19,-1.493441e-18
0.437744,-1.614640e-19,-1.492404e-18
0.437988,-1.600183e-19,-1.464693e-18
0.438232,-1.183262e-19,-1.458513e-18
0.438477,-1.323332e-19,-1.485042e-18
0.438721,-1.647197e-19,-1.484415e-18
0.438965,-1.596101e-19,-1.466776e-18
0.439209,-1.415177e-19,-1.472561e-18
0.439453,-1.327354e-19,-1.486777e-18
0.439697,-1.633295e-19,-1.485952e-18
0.439941,-1.813151e-19,-1.460939e-18
0.440186,-1.380385e-19,-1.449509e-18
0.440430,-1.342473e-19,-1.473359e-18
0.440674,-1.730092e-19,-1.478630e-18
0.440918,-1.726392e-19,-1.462459e-18
0.441162,-1.540694e-19,-1.467019e-18
0.441406,-1.429385e-19,-1.480930e-18
0.441650,-1.625603e-19,-1.478253e-18
0.441895,-1.905158e-19,-1.453001e-18
0.442139,-1.605816e-19,-1.437861e-18
0.442383,-1.369740e-19,-1.456012e-18
0.442627,-1.734613e-19,-1.467017e-18
0.442871,-1.882094e-19,-1.456610e-18
0.443115,-1.646573e-19,-1.458882e-18
0.443359,-1.516644e-19,-1.471761e-18
0.443604,-1.642124e-19,-1.467160e-18
0.443848,-1.922853e-19,-1.441989e-18
0.444092,-1.777256e-19,-1.424629e-18
0.444336,-1.420394e-19,-1.438073e-18
0.444580,-1.676764e-19,-1.451552e-18
0.444824,-1.960547e-19,-1.445170e-18
0.445068,-1.768462e-19,-1.447538e-18
0.445312,-1.571865e-19,-1.456067e-18
0.445557,-1.643475e-19,-1.450841e-18
0.445801,-1.928938e-19,-1.427987e-18
0.446045,-1.897734e-19,-1.406994e-18
0.446289,-1.518664e-19,-1.417008e-18
0.446533,-1.611048e-19,-1.433472e-18
0.446777,-1.989157e-19,-1.431766e-18
0.447021,-1.876806e-19,-1.433803e-18
0.447266,-1.597077e-19,-1.441516e-18
0.447510,-1.654834e-19,-1.433160e-18
0.447754,-1.908212e-19,-1.409713e-18
0.447998,-1.971499e-19,-1.388980e-18
0.448242,-1.640008e-19,-1.391160e-18
0.448486,-1.557441e-19,-1.410739e-18
0.448730,-1.965206e-19,-1.415897e-18
0.448975,-1.971200e-19,-1.414753e-18
0.449219,-1.665027e-19,-1.421774e-18
0.449463,-1.661685e-19,-1.413938e-18
0.449707,-1.859338e-19,-1.389033e-18
0.449951,-1.995065e-19,-1.366673e-18
0.450195,-1.746402e-19,-1.364854e-18
0.450439,-1.539230e-19,-1.383821e-18
0.450684,-1.877397e-19,-1.395823e-18
0.450928,-2.028619e-19,-1.394543e-18
0.451172,-1.730754e-19,-1.394784e-18
0.451416,-1.628382e-19,-1.388332e-18
0.451660,-1.825154e-19,-1.365476e-18
0.451904,-2.003309e-19,-1.340713e-18
0.452148,-1.839087e-19,-1.337098e-18
0.452393,-1.543725e-19,-1.356747e-18
0.452637,-1.760934e-19,-1.372303e-18
0.452881,-2.053528e-19,-1.372898e-18
0.453125,-1.795107e-19,-1.372046e-18
0.453369,-1.611545e-19,-1.362183e-18
0.453613,-1.800244e-19,-1.338867e-18
0.453857,-1.967627e-19,-1.315169e-18
0.454102,-1.885467e-19,-1.305212e-18
0.454346,-1.604298e-19,-1.323504e-18
0.454590,-1.677425e-19,-1.345622e-18
0.454834,-2.025990e-19,-1.348108e-18
0.455078,-1.893876e-19,-1.343756e-18
0.455322,-1.605933e-19,-1.332571e-18
0.455566,-1.718331e-19,-1.311428e-18
0.455811,-1.932187e-19,-1.287425e-18
0.456055,-1.911406e-19,-1.275751e-18
0.456299,-1.637643e-19,-1.291414e-18
0.456543,-1.592402e-19,-1.316361e-18
0.456787,-1.950035e-19,-1.321825e-18
0.457031,-1.943605e-19,-1.313463e-18
0.457275,-1.611914e-19,-1.300765e-18
0.457520,-1.663957e-19,-1.279498e-18
0.457764,-1.883127e-19,-1.256059e-18
0.458008,-1.903198e-19,-1.244048e-18
0.458252,-1.672873e-19,-1.259276e-18
0.458496,-1.541581e-19,-1.287857e-18
0.458740,-1.841534e-19,-1.295369e-18
0.458984,-1.931952e-19,-1.285180e-18
0.459229,-1.636337e-19,-1.270706e-18
0.459473,-1.572268e-19,-1.249437e-18
0.459717,-1.788403e-19,-1.225949e-18
0.459961,-1.896161e-19,-1.211102e-18
0.460205,-1.670012e-19,-1.223347e-18
0.460449,-1.487964e-19,-1.255615e-18
0.460693,-1.728582e-19,-1.267047e-18
0.460938,-1.912630e-19,-1.253381e-18
0.461182,-1.657411e-19,-1.235970e-18
0.461426,-1.488187e-19,-1.216995e-18
0.461670,-1.685884e-19,-1.195255e-18
0.461914,-1.824379e-19,-1.178643e-18
0.462158,-1.665523e-19,-1.188014e-18
0.462402,-1.441146e-19,-1.221643e-18
0.462646,-1.563819e-19,-1.237991e-18
0.462891,-1.836847e-19,-1.221139e-18
0.463135,-1.659833e-19,-1.198995e-18
0.463379,-1.410107e-19,-1.182621e-18
0.463623,-1.573819e-19,-1.160450e-18
0.463867,-1.744613e-19,-1.144501e-18
0.464111,-1.640868e-19,-1.154184e-18
0.464355,-1.396914e-19,-1.187126e-18
0.464600,-1.411819e-19,-1.208746e-18
0.464844,-1.703530e-19,-1.190238e-18
0.465088,-1.644101e-19,-1.164636e-18
0.465332,-1.338520e-19,-1.149231e-18
0.465576,-1.402266e-19,-1.127203e-18
0.465820,-1.629890e-19,-1.112211e-18
0.466064,-1.591178e-19,-1.119357e-18
0.466309,-1.344102e-19,-1.149692e-18
0.466553,-1.282869e-19,-1.174492e-18
0.466797,-1.552339e-19,-1.157217e-18
0.467041,-1.598137e-19,-1.127981e-18
0.467285,-1.284664e-19,-1.114007e-18
0.467529,-1.247902e-19,-1.093884e-18
0.467773,-1.481984e-19,-1.077880e-18
0.468018,-1.501039e-19,-1.084678e-18
0.468262,-1.268061e-19,-1.115517e-18
0.468506,-1.148055e-19,-1.142115e-18
0.468750,-1.386487e-19,-1.122734e-18
0.468994,-1.515424e-19,-1.090939e-18
0.469238,-1.220088e-19,-1.076357e-18
0.469482,-1.096089e-19,-1.057780e-18
0.469727,-1.328698e-19,-1.042923e-18
0.469971,-1.390772e-19,-1.049938e-18
0.470215,-1.196237e-19,-1.080965e-18
0.470459,-1.033056e-19,-1.107817e-18
0.470703,-1.168896e-19,-1.092549e-18
0.470947,-1.375335e-19,-1.055986e-18
0.471191,-1.158373e-19,-1.039883e-18
0.471436,-9.314810e-20,-1.027274e-18
0.471680,-1.139103e-19,-1.007494e-18
0.471924,-1.272553e-19,-1.015213e-18
0.472168,-1.097529e-19,-1.046899e-18
0.472412,-9.124835e-20,-1.070232e-18
0.472656,-9.839806e-20,-1.057528e-18
0.472900,-1.219522e-19,-1.018604e-18
0.473145,-1.093880e-19,-1.000791e-18
0.473389,-8.056964e-20,-9.917331e-19
0.473633,-9.326596e-20,-9.747172e-19
0.473877,-1.116380e-19,-9.816191e-19
0.474121,-9.705843e-20,-1.013043e-18
0.474365,-7.793867e-20,-1.037463e-18
0.474609,-7.992343e-20,-1.023483e-18
0.474854,-9.983143e-20,-9.844597e-19
0.475098,-1.002736e-19,-9.633448e-19
0.475342,-7.111824e-20,-9.566292e-19
0.475586,-7.092104e-20,-9.429351e-19
0.475830,-9.526268e-20,-9.453918e-19
0.476074,-8.609151e-20,-9.799647e-19
0.476318,-6.333281e-20,-1.004579e-18
0.476562,-5.978391e-20,-9.890606e-19
0.476807,-7.824232e-20,-9.500124e-19
0.477051,-8.685764e-20,-9.268475e-19
0.477295,-5.721327e-20,-9.242976e-19
0.477539,-4.955857e-20,-9.112655e-19
0.477783,-7.509742e-20,-9.122550e-19
0.478027,-7.095763e-20,-9.457040e-19
0.478271,-5.076300e-20,-9.690890e-19
0.478516,-4.468714e-20,-9.550723e-19
0.478760,-5.604954e-20,-9.154916e-19
0.479004,-7.012086e-20,-8.910357e-19
0.479248,-4.835333e-20,-8.893505e-19
0.479492,-3.029583e-20,-8.792022e-19
0.479736,-5.236569e-20,-8.809996e-19
0.479980,-5.706915e-20,-9.159353e-19
0.480225,-3.582393e-20,-9.404356e-19
0.480469,-2.631419e-20,-9.223780e-19
0.480713,-3.467682e-20,-8.821684e-19
0.480957,-5.193901e-20,-8.576090e-19
0.481201,-3.819953e-20,-8.551994e-19
0.481445,-1.339030e-20,-8.496453e-19
0.481689,-3.031595e-20,-8.522450e-19
0.481934,-4.328078e-20,-8.855513e-19
0.482178,-2.350733e-20,-9.104226e-19
0.482422,-1.042764e-20,-8.917469e-19
0.482666,-1.634488e-20,-8.503665e-19
0.482910,-3.094679e-20,-8.257129e-19
0.483154,-2.514419e-20,-8.250867e-19
0.483398,1.589867e-21,-8.214824e-19
0.483643,-6.159785e-21,-8.239972e-19
0.483887,-2.692922e-20,-8.551766e-19
0.484131,-1.158831e-20,-8.801039e-19
0.484375,6.260956e-21,-8.604171e-19
0.484619,-1.247760e-23,-8.176198e-19
0.484863,-1.269748e-20,-7.934168e-19
0.485107,-1.200772e-20,-7.943307e-19
0.485352,9.482120e-21,-7.954355e-19
0.485596,1.444875e-20,-7.975037e-19
0.485840,-8.806857e-21,-8.295105e-19
0.486084,-2.214314e-21,-8.558112e-19
0.486328,2.268883e-20,-8.317367e-19
0.486572,1.854812e-20,-7.906440e-19
0.486816,5.435124e-21,-7.661900e-19
0.487061,1.872456e-21,-7.656021e-19
0.487305,1.873920e-20,-7.703083e-19
0.487549,3.204391e-20,-7.727436e-19
0.487793,9.844198e-21,-8.035176e-19
0.488037,6.453914e-21,-8.305197e-19
0.488281,3.459810e-20,-8.077937e-19
0.488525,3.565980e-20,-7.654057e-19
0.488770,2.009124e-20,-7.390836e-19
0.489014,1.831140e-20,-7.389289e-19
0.489258,2.966530e-20,-7.471116e-19
0.489502,4.770797e-20,-7.537019e-19
0.489746,3.383371e-20,-7.815132e-19
0.489990,1.833600e-20,-8.067525e-19
0.490234,4.527999e-20,-7.828059e-19
0.490479,5.358179e-20,-7.384306e-19
0.490723,3.551410e-20,-7.156961e-19
0.490967,3.243689e-20,-7.158975e-19
0.491211,4.086631e-20,-7.262526e-19
0.491455,5.864061e-20,-7.351692e-19
0.491699,5.453357e-20,-7.620458e-19
0.491943,3.341317e-20,-7.893251e-19
0.492188,5.304004e-20,-7.655435e-19
0.492432,7.171411e-20,-7.177167e-19
0.492676,5.447945e-20,-6.932422e-19
0.492920,4.745523e-20,-6.955196e-19
0.493164,5.396111e-20,-7.082533e-19
0.493408,6.952413e-20,-7.203547e-19
0.493652,7.253013e-20,-7.450989e-19
0.493896,4.967107e-20,-7.696525e-19
0.494141,6.139624e-20,-7.482182e-19
0.494385,8.618496e-20,-6.977876e-19
0.494629,7.235036e-20,-6.742703e-19
0.494873,6.099450e-20,-6.786028e-19
0.495117,6.951970e-20,-6.927640e-19
0.495361,8.084958e-20,-7.088135e-19
0.495605,8.704952e-20,-7.303402e-19
0.495850,7.237499e-20,-7.553997e-19
0.496094,7.030175e-20,-7.349756e-19
0.496338,9.803261e-20,-6.788164e-19
0.496582,9.209243e-20,-6.562009e-19
0.496826,7.273956e-20,-6.621868e-19
0.497070,8.324175e-20,-6.765177e-19
0.497314,9.257628e-20,-6.986399e-19
0.497559,9.973238e-20,-7.213192e-19
0.497803,9.120803e-20,-7.417198e-19
0.498047,7.995808e-20,-7.224808e-19
0.498291,1.058066e-19,-6.661517e-19
0.498535,1.133305e-19,-6.416321e-19
0.498779,8.962581e-20,-6.492956e-19
0.499023,9.322704e-20,-6.636422e-19
0.499268,1.077650e-19,-6.880156e-19
0.499512,1.101075e-19,-7.105612e-19
0.499756,1.078216e-19,-7.278171e-19
0.500000,9.563109e-20,-7.101611e-19
0.500244,1.077136e-19,-6.535897e-19
0.500488,1.306902e-19,-6.270769e-19
0.500732,1.085398e-19,-6.363149e-19
0.500977,9.903082e-20,-6.533339e-19
0.501221,1.212281e-19,-6.813117e-19
0.501465,1.225699e-19,-7.055152e-19
0.501709,1.193971e-19,-7.167589e-19
0.501953,1.136795e-19,-6.978898e-19
0.502197,1.152241e-19,-6.440432e-19
0.502441,1.384921e-19,-6.146651e-19
0.502686,1.266584e-19,-6.256798e-19
0.502930,1.068429e-19,-6.429393e-19
0.503174,1.287022e-19,-6.726342e-19
0.503418,1.351041e-19,-7.021780e-19
0.503662,1.284416e-19,-7.095433e-19
0.503906,1.277924e-19,-6.905721e-19
0.504150,1.233726e-19,-6.384047e-19
0.504395,1.446130e-19,-6.047835e-19
0.504639,1.443538e-19,-6.171697e-19
0.504883,1.160297e-19,-6.366036e-19
0.505127,1.327478e-19,-6.676248e-19
0.505371,1.492335e-19,-6.989397e-19
0.505615,1.359384e-19,-7.018620e-19
0.505859,1.347231e-19,-6.815648e-19
0.506104,1.343313e-19,-6.330258e-19
0.506348,1.440202e-19,-5.963401e-19
0.506592,1.566757e-19,-6.087163e-19
0.506836,1.312305e-19,-6.318648e-19
0.507080,1.307847e-19,-6.641552e-19
0.507324,1.592283e-19,-6.998305e-19
0.507568,1.472726e-19,-7.001237e-19
0.507812,1.394908e-19,-6.750551e-19
0.508057,1.444322e-19,-6.296148e-19
0.508301,1.455719e-19,-5.918960e-19
0.508545,1.600454e-19,-6.030871e-19
0.508789,1.452268e-19,-6.300833e-19
0.509033,1.311187e-19,-6.619630e-19
0.509277,1.587761e-19,-6.992790e-19
0.509521,1.588321e-19,-7.001434e-19
0.509766,1.420451e-19,-6.705392e-19
0.510010,1.508745e-19,-6.291023e-19
0.510254,1.527133e-19,-5.935351e-19
0.510498,1.602965e-19,-6.007359e-19
0.510742,1.605674e-19,-6.302081e-19
0.510986,1.357624e-19,-6.628406e-19
0.511230,1.541416e-19,-6.995824e-19
0.511475,1.709821e-19,-7.024638e-19
0.511719,1.451597e-19,-6.681974e-19
0.511963,1.499790e-19,-6.257582e-19
0.512207,1.599985e-19,-5.949430e-19
0.512451,1.588950e-19,-5.991868e-19
0.512695,1.661917e-19,-6.298697e-19
0.512939,1.456394e-19,-6.675736e-19
0.513184,1.455069e-19,-7.045596e-19
0.513428,1.758843e-19,-7.076691e-19
0.513672,1.579303e-19,-6.701350e-19
0.513916,1.437552e-19,-6.285597e-19
0.514160,1.630712e-19,-5.989818e-19
0.514404,1.619482e-19,-5.995802e-19
0.514648,1.631301e-19,-6.331141e-19
0.514893,1.540263e-19,-6.710843e-19
0.515137,1.424186e-19,-7.088253e-19
0.515381,1.714092e-19,-7.147922e-19
0.515625,1.656073e-19,-6.737335e-19
0.515869,1.417109e-19,-6.316558e-19
0.516113,1.628472e-19,-6.059080e-19
0.516357,1.639198e-19,-6.068949e-19
0.516602,1.586941e-19,-6.381703e-19
0.516846,1.608482e-19,-6.773955e-19
0.517090,1.422344e-19,-7.166931e-19
0.517334,1.617741e-19,-7.232281e-19
0.517578,1.727949e-19,-6.781934e-19
0.517822,1.408047e-19,-6.344698e-19
0.518066,1.531261e-19,-6.140814e-19
0.518311,1.681637e-19,-6.138868e-19
0.518555,1.553238e-19,-6.445452e-19
0.518799,1.578131e-19,-6.877566e-19
0.519043,1.470826e-19,-7.269650e-19
0.519287,1.502515e-19,-7.332186e-19
0.519531,1.732308e-19,-6.883764e-19
0.519775,1.490696e-19,-6.428758e-19
0.520020,1.403394e-19,-6.249844e-19
0.520264,1.660188e-19,-6.249978e-19
0.520508,1.540806e-19,-6.514032e-19
0.520752,1.488208e-19,-6.985794e-19
0.520996,1.518381e-19,-7.396894e-19
0.521240,1.408154e-19,-7.432146e-19
0.521484,1.614682e-19,-6.989463e-19
0.521729,1.569675e-19,-6.527471e-19
0.521973,1.319209e-19,-6.377676e-19
0.522217,1.570323e-19,-6.388334e-19
0.522461,1.588746e-19,-6.642959e-19
0.522705,1.401147e-19,-7.125754e-19
0.522949,1.483572e-19,-7.511338e-19
0.523193,1.398355e-19,-7.578746e-19
0.523438,1.492239e-19,-7.139539e-19
0.523682,1.576706e-19,-6.616974e-19
0.523926,1.277990e-19,-6.508298e-19
0.524170,1.423365e-19,-6.553699e-19
0.524414,1.589305e-19,-6.771600e-19
0.524658,1.364243e-19,-7.269607e-19
0.524902,1.397606e-19,-7.701788e-19
0.525146,1.379399e-19,-7.747544e-19
0.525391,1.384192e-19,-7.287256e-19
0.525635,1.559077e-19,-6.781348e-19
0.525879,1.320293e-19,-6.664933e-19
0.526123,1.285593e-19,-6.736065e-19
0.526367,1.550962e-19,-6.947429e-19
0.526611,1.359248e-19,-7.411555e-19
0.526855,1.269562e-19,-7.867947e-19
0.527100,1.374048e-19,-7.913226e-19
0.527344,1.312719e-19,-7.454836e-19
0.527588,1.437047e-19,-6.954716e-19
0.527832,1.359295e-19,-6.847142e-19
0.528076,1.180840e-19,-6.943418e-19
0.528320,1.433787e-19,-7.118410e-19
0.528564,1.395030e-19,-7.586005e-19
0.528809,1.195201e-19,-8.085142e-19
0.529053,1.296985e-19,-8.096584e-19
0.529297,1.250211e-19,-7.641970e-19
0.529541,1.310014e-19,-7.132699e-19
0.529785,1.348254e-19,-7.013678e-19
0.530029,1.116108e-19,-7.168330e-19
0.530273,1.267624e-19,-7.332621e-19
0.530518,1.374671e-19,-7.787431e-19
0.530762,1.129185e-19,-8.282836e-19
0.531006,1.181876e-19,-8.308112e-19
0.531250,1.225220e-19,-7.864655e-19
0.531494,1.178822e-19,-7.322699e-19
0.531738,1.283716e-19,-7.244678e-19
0.531982,1.098262e-19,-7.416691e-19
0.532227,1.091994e-19,-7.548383e-19
0.532471,1.313170e-19,-7.980031e-19
0.532715,1.086224e-19,-8.491493e-19
0.532959,1.025114e-19,-8.510172e-19
0.533203,1.150865e-19,-8.029264e-19
0.533447,1.073344e-19,-7.551934e-19
0.533691,1.148613e-19,-7.472886e-19
0.533936,1.073491e-19,-7.633250e-19
0.534180,9.532416e-20,-7.818592e-19
0.534424,1.167499e-19,-8.194825e-19
0.534668,1.084661e-19,-8.716197e-19
0.534912,8.848718e-20,-8.767279e-19
0.535156,1.012499e-19,-8.242731e-19
0.535400,9.957769e-20,-7.782917e-19
0.535645,9.801802e-20,-7.703926e-19
0.535889,9.915814e-20,-7.872419e-19
0.536133,8.293847e-20,-8.074631e-19
0.536377,9.700284e-20,-8.427033e-19
0.536621,1.010479e-19,-8.965385e-19
0.536865,7.744150e-20,-9.025214e-19
0.537109,8.468289e-20,-8.478033e-19
0.537354,9.023063e-20,-8.031294e-19
0.537598,8.424532e-20,-7.984717e-19
0.537842,8.708441e-20,-8.154655e-19
0.538086,7.485217e-20,-8.353855e-19
0.538330,7.671691e-20,-8.697397e-19
0.538574,9.072279e-20,-9.191892e-19
0.538818,6.926470e-20,-9.267104e-19
0.539062,6.321480e-20,-8.735828e-19
0.539307,7.832682e-20,-8.270547e-19
0.539551,7.061165e-20,-8.255019e-19
0.539795,7.019534e-20,-8.447241e-19
0.540039,6.541765e-20,-8.657020e-19
0.540283,5.851169e-20,-8.975748e-19
0.540527,7.445474e-20,-9.461900e-19
0.540771,6.194505e-20,-9.556764e-19
0.541016,4.778830e-20,-8.988121e-19
0.541260,6.212735e-20,-8.534802e-19
0.541504,5.817978e-20,-8.549124e-19
0.541748,5.436035e-20,-8.731958e-19
0.541992,5.291613e-20,-8.956200e-19
0.542236,4.355545e-20,-9.266096e-19
0.542480,5.549752e-20,-9.723659e-19
0.542725,5.225966e-20,-9.846953e-19
0.542969,3.379664e-20,-9.318111e-19
0.543213,4.472871e-20,-8.822489e-19
0.543457,4.663562e-20,-8.839611e-19
0.543701,3.844968e-20,-9.090005e-19
0.543945,4.082152e-20,-9.285484e-19
0.544189,3.251224e-20,-9.566988e-19
0.544434,3.599768e-20,-1.002084e-18
0.544678,4.111120e-20,-1.013723e-18
0.544922,2.320604e-20,-9.604269e-19
0.545166,2.523037e-20,-9.097625e-19
0.545410,3.126795e-20,-9.164294e-19
0.545654,2.645721e-20,-9.432336e-19
0.545898,2.864980e-20,-9.626506e-19
0.546143,1.771761e-20,-9.905456e-19
0.546387,1.992108e-20,-1.033120e-18
0.546631,3.006124e-20,-1.045530e-18
0.546875,1.254707e-20,-9.937914e-19
0.547119,9.282271e-21,-9.416347e-19
0.547363,1.779166e-20,-9.479988e-19
0.547607,1.230943e-20,-9.801802e-19
0.547852,1.500525e-20,-9.972414e-19
0.548096,6.946892e-21,-1.022189e-18
0.548340,9.677869e-22,-1.067115e-18
0.548584,1.589808e-20,-1.076198e-18
0.548828,3.760906e-21,-1.026474e-18
0.549072,-7.058444e-21,-9.749354e-19
0.549316,6.983176e-21,-9.821318e-19
0.549561,1.256818e-21,-1.018212e-18
0.549805,1.287540e-21,-1.033334e-18
0.550049,-1.925540e-22,-1.058078e-18
0.550293,-1.355589e-20,-1.098503e-18
0.550537,9.822441e-23,-1.107865e-18
0.550781,-2.717112e-21,-1.061413e-18
0.551025,-2.066708e-20,-1.004375e-18
0.551270,-1.043835e-20,-1.013450e-18
0.551514,-1.032395e-20,-1.054413e-18
0.551758,-1.318901e-20,-1.069488e-18
0.552002,-1.036097e-20,-1.092154e-18
0.552246,-2.422707e-20,-1.131536e-18
0.552490,-1.665889e-20,-1.141307e-18
0.552734,-9.770971e-21,-1.094410e-18
0.552979,-3.053815e-20,-1.039003e-18
0.553223,-2.424904e-20,-1.047745e-18
0.553467,-1.761641e-20,-1.091307e-18
0.553711,-3.039643e-20,-1.108473e-18
0.553955,-2.075494e-20,-1.125946e-18
0.554199,-3.019229e-20,-1.164410e-18
0.554443,-3.568687e-20,-1.174473e-18
0.554688,-1.777774e-20,-1.126960e-18
0.554932,-3.905846e-20,-1.073622e-18
0.555176,-4.117031e-20,-1.080842e-18
0.555420,-2.384433e-20,-1.127265e-18
0.555664,-3.952130e-20,-1.148139e-18
0.555908,-3.288746e-20,-1.160102e-18
0.556152,-3.421938e-20,-1.195510e-18
0.556396,-5.109791e-20,-1.204846e-18
0.556641,-3.050423e-20,-1.159284e-18
0.556885,-3.736124e-20,-1.109074e-18
0.557129,-5.692778e-20,-1.112335e-18
0.557373,-3.764169e-20,-1.160214e-18
0.557617,-4.239797e-20,-1.185242e-18
0.557861,-4.855878e-20,-1.195883e-18
0.558105,-3.846803e-20,-1.229964e-18
0.558350,-5.754756e-20,-1.238449e-18
0.558594,-4.831804e-20,-1.193781e-18
0.558838,-3.780526e-20,-1.142496e-18
0.559082,-6.579402e-20,-1.145471e-18
0.559326,-5.271594e-20,-1.193902e-18
0.559570,-4.322012e-20,-1.220574e-18
0.559814,-5.961110e-20,-1.230144e-18
0.560059,-4.768959e-20,-1.258867e-18
0.560303,-6.067004e-20,-1.268205e-18
0.560547,-6.431643e-20,-1.223676e-18
0.560791,-4.085574e-20,-1.174680e-18
0.561035,-6.742930e-20,-1.178454e-18
0.561279,-6.821364e-20,-1.225639e-18
0.561523,-4.549617e-20,-1.257500e-18
0.561768,-6.617199e-20,-1.262798e-18
0.562012,-5.743696e-20,-1.287351e-18
0.562256,-5.646519e-20,-1.297410e-18
0.562500,-7.837958e-20,-1.252217e-18
0.562744,-5.178576e-20,-1.205269e-18
0.562988,-6.121721e-20,-1.206969e-18
0.563232,-8.379560e-20,-1.254560e-18
0.563477,-5.444206e-20,-1.289550e-18
0.563721,-6.501981e-20,-1.294631e-18
0.563965,-7.310502e-20,-1.316948e-18
0.564209,-5.663642e-20,-1.325429e-18
0.564453,-7.956965e-20,-1.282369e-18
0.564697,-6.843182e-20,-1.236190e-18
0.564941,-5.650390e-20,-1.237358e-18
0.565186,-8.837335e-20,-1.282392e-18
0.565430,-6.968747e-20,-1.319333e-18
0.565674,-6.050622e-20,-1.326079e-18
0.565918,-8.348349e-20,-1.341352e-18
0.566162,-6.508060e-20,-1.350856e-18
0.566406,-7.612488e-20,-1.308775e-18
0.566650,-8.515119e-20,-1.262222e-18
0.566895,-5.793627e-20,-1.266169e-18
0.567139,-8.473811e-20,-1.308643e-18
0.567383,-8.542090e-20,-1.346706e-18
0.567627,-6.003305e-20,-1.354798e-18
0.567871,-8.455785e-20,-1.365759e-18
0.568115,-7.643102e-20,-1.373661e-18
0.568359,-7.257467e-20,-1.332456e-18
0.568604,-9.310049e-20,-1.285132e-18
0.568848,-6.806308e-20,-1.289939e-18
0.569092,-7.659618e-20,-1.331734e-18
0.569336,-9.953980e-20,-1.370003e-18
0.569580,-6.781200e-20,-1.381387e-18
0.569824,-7.608847e-20,-1.388281e-18
0.570068,-8.973849e-20,-1.394249e-18
0.570312,-7.041968e-20,-1.357412e-18
0.570557,-9.103393e-20,-1.309144e-18
0.570801,-8.209735e-20,-1.313700e-18
0.571045,-6.874562e-20,-1.354147e-18
0.571289,-1.031876e-19,-1.390474e-18
0.571533,-8.145187e-20,-1.405188e-18
0.571777,-6.922035e-20,-1.408524e-18
0.572021,-9.557573e-20,-1.410588e-18
0.572266,-7.813471e-20,-1.375915e-18
0.572510,-8.716379e-20,-1.328879e-18
0.572754,-9.262371e-20,-1.335886e-18
0.572998,-6.704857e-20,-1.375758e-18
0.573242,-9.472036e-20,-1.409193e-18
0.573486,-9.516428e-20,-1.425308e-18
0.573730,-6.691258e-20,-1.428039e-18
0.573975,-9.102956e-20,-1.426360e-18
0.574219,-8.733171e-20,-1.395118e-18
0.574463,-7.931475e-20,-1.347811e-18
0.574707,-9.930726e-20,-1.350816e-18
0.574951,-7.471465e-20,-1.392947e-18
0.575195,-8.107041e-20,-1.425636e-18
0.575439,-1.059754e-19,-1.442616e-18
0.575684,-7.047979e-20,-1.444890e-18
0.575928,-7.781895e-20,-1.440958e-18
0.576172,-9.531984e-20,-1.411768e-18
0.576416,-7.347508e-20,-1.364944e-18
0.576660,-9.066056e-20,-1.368403e-18
0.576904,-8.364841e-20,-1.409477e-18
0.577148,-6.947978e-20,-1.439035e-18
0.577393,-1.003441e-19,-1.456626e-18
0.577637,-8.136962e-20,-1.459301e-18
0.577881,-6.664484e-20,-1.449766e-18
0.578125,-9.323609e-20,-1.421547e-18
0.578369,-7.839252e-20,-1.380184e-18
0.578613,-7.877151e-20,-1.380271e-18
0.578857,-8.792630e-20,-1.420625e-18
0.579102,-6.589096e-20,-1.450010e-18
0.579346,-8.595702e-20,-1.466508e-18
0.579590,-8.810791e-20,-1.471564e-18
0.579834,-5.804731e-20,-1.459010e-18
0.580078,-8.209641e-20,-1.430742e-18
0.580322,-8.389726e-20,-1.392279e-18
0.580566,-6.843719e-20,-1.389796e-18
0.580811,-8.412044e-20,-1.429757e-18
0.581055,-6.707957e-20,-1.457918e-18
0.581299,-7.108224e-20,-1.471521e-18
0.581543,-9.072745e-20,-1.478803e-18
0.581787,-5.887104e-20,-1.465050e-18
0.582031,-6.346972e-20,-1.437305e-18
0.582275,-8.395517e-20,-1.401863e-18
0.582520,-6.336825e-20,-1.397695e-18
0.582764,-7.153907e-20,-1.437200e-18
0.583008,-6.961286e-20,-1.462912e-18
0.583252,-5.743040e-20,-1.473777e-18
0.583496,-8.232336e-20,-1.482021e-18
0.583740,-6.381732e-20,-1.467598e-18
0.583984,-4.836787e-20,-1.437464e-18
0.584229,-7.740490e-20,-1.404987e-18
0.584473,-6.516495e-20,-1.401763e-18
0.584717,-5.801591e-20,-1.437306e-18
0.584961,-6.756028e-20,-1.463860e-18
0.585205,-5.258424e-20,-1.473501e-18
0.585449,-6.628871e-20,-1.481227e-18
0.585693,-6.714513e-20,-1.468999e-18
0.585938,-4.134939e-20,-1.436691e-18
0.586182,-6.122018e-20,-1.407348e-18
0.586426,-6.748716e-20,-1.405692e-18
0.586670,-4.845307e-20,-1.433765e-18
0.586914,-5.764070e-20,-1.460716e-18
0.587158,-5.197846e-20,-1.470525e-18
0.587402,-5.141396e-20,-1.474075e-18
0.587646,-6.452333e-20,-1.464519e-18
0.587891,-4.011822e-20,-1.433477e-18
0.588135,-4.272756e-20,-1.407282e-18
0.588379,-6.364439e-20,-1.404053e-18
0.588623,-4.463862e-20,-1.428560e-18
0.588867,-4.479562e-20,-1.457810e-18
0.589111,-4.952727e-20,-1.462412e-18
0.589355,-4.121303e-20,-1.465998e-18
0.589600,-5.270494e-20,-1.457995e-18
0.589844,-4.130703e-20,-1.424455e-18
0.590088,-3.169471e-20,-1.402750e-18
0.590332,-5.223144e-20,-1.399065e-18
0.590576,-4.554465e-20,-1.419396e-18
0.590820,-3.418151e-20,-1.447733e-18
0.591064,-4.011223e-20,-1.453713e-18
0.591309,-3.637340e-20,-1.456972e-18
0.591553,-4.180305e-20,-1.448640e-18
0.591797,-3.929190e-20,-1.417490e-18
0.592041,-2.171655e-20,-1.396098e-18
0.592285,-3.588756e-20,-1.394758e-18
0.592529,-4.476427e-20,-1.411015e-18
0.592773,-2.618713e-20,-1.434854e-18
0.593018,-2.745937e-20,-1.442891e-18
0.593262,-3.307330e-20,-1.442314e-18
0.593506,-3.020283e-20,-1.435025e-18
0.593750,-3.329604e-20,-1.406130e-18
0.593994,-2.040202e-20,-1.384660e-18
0.594238,-1.996397e-20,-1.387044e-18
0.594482,-3.725735e-20,-1.399486e-18
0.594727,-2.258589e-20,-1.419265e-18
0.594971,-1.418231e-20,-1.428333e-18
0.595215,-2.482477e-20,-1.426074e-18
0.595459,-2.081750e-20,-1.417327e-18
0.595703,-2.093830e-20,-1.392725e-18
0.595947,-1.658912e-20,-1.373984e-18
0.596191,-7.744829e-21,-1.375807e-18
0.596436,-2.117839e-20,-1.386067e-18
0.596680,-2.127059e-20,-1.400086e-18
0.596924,-5.784500e-21,-1.409214e-18
0.597168,-1.262443e-20,-1.408935e-18
0.597412,-1.567560e-20,-1.401649e-18
0.597656,-9.132544e-21,-1.376860e-18
0.597900,-9.070689e-21,-1.359027e-18
0.598145,-1.966455e-22,-1.366564e-18
0.598389,-6.496048e-21,-1.371806e-18
0.598633,-1.633233e-20,-1.380587e-18
0.598877,1.253509e-21,-1.390504e-18
0.599121,2.560151e-21,-1.387752e-18
0.599365,-8.920446e-21,-1.380018e-18
0.599609,-6.721120e-22,-1.358865e-18
0.599854,2.126623e-21,-1.343589e-18
0.600098,3.938449e-21,-1.350629e-18
0.600342,8.154780e-21,-1.356472e-18
0.600586,-4.103848e-21,-1.360194e-18
0.600830,2.122706e-21,-1.368037e-18
0.601074,1.618990e-20,-1.368571e-18
0.601318,4.405412e-21,-1.357931e-18
0.601562,1.841826e-21,-1.339289e-18
0.601807,1.217119e-20,-1.326795e-18
0.602051,1.370199e-20,-1.333814e-18
0.602295,1.499712e-20,-1.339451e-18
0.602539,8.968908e-21,-1.336325e-18
0.602783,6.147756e-21,-1.343888e-18
0.603027,2.304114e-20,-1.347704e-18
0.603271,2.224036e-20,-1.335722e-18
0.603516,8.365116e-21,-1.319512e-18
0.603760,2.035056e-20,-1.310565e-18
0.604004,2.537566e-20,-1.319014e-18
0.604248,2.262979e-20,-1.323848e-18
0.604492,2.366657e-20,-1.315100e-18
0.604736,1.348191e-20,-1.319793e-18
0.604980,2.706558e-20,-1.323013e-18
0.605225,3.498460e-20,-1.309988e-18
0.605469,1.836065e-20,-1.298086e-18
0.605713,2.723592e-20,-1.292025e-18
0.605957,3.646218e-20,-1.302337e-18
0.606201,3.090233e-20,-1.306800e-18
0.606445,3.416297e-20,-1.291948e-18
0.606689,2.721096e-20,-1.293713e-18
0.606934,3.116103e-20,-1.300240e-18
0.607178,4.742354e-20,-1.288843e-18
0.607422,3.471072e-20,-1.276106e-18
0.607666,3.103564e-20,-1.274129e-18
0.607910,4.611798e-20,-1.284529e-18
0.608154,4.302485e-20,-1.285843e-18
0.608398,4.264187e-20,-1.270934e-18
0.608643,4.068017e-20,-1.267764e-18
0.608887,3.671723e-20,-1.274244e-18
0.609131,5.642702e-20,-1.267318e-18
0.609375,5.228486e-20,-1.254149e-18
0.609619,3.763299e-20,-1.256667e-18
0.609863,5.695903e-20,-1.268741e-18
0.610107,5.775850e-20,-1.269328e-18
0.610352,5.012721e-20,-1.251779e-18
0.610596,5.747779e-20,-1.240607e-18
0.610840,4.691017e-20,-1.249734e-18
0.611084,5.885298e-20,-1.242972e-18
0.611328,7.181274e-20,-1.228986e-18
0.611572,4.882948e-20,-1.236354e-18
0.611816,5.805455e-20,-1.249577e-18
0.612061,7.369231e-20,-1.252328e-18
0.612305,6.222325e-20,-1.230873e-18
0.612549,6.710501e-20,-1.214937e-18
0.612793,6.328626e-20,-1.224057e-18
0.613037,6.445587e-20,-1.220009e-18
0.613281,8.327366e-20,-1.208359e-18
0.613525,6.722273e-20,-1.215861e-18
0.613770,6.230545e-20,-1.232022e-18
0.614014,8.302962e-20,-1.232846e-18
0.614258,7.665621e-20,-1.208482e-18
0.614502,7.332716e-20,-1.189231e-18
0.614746,7.633678e-20,-1.197118e-18
0.614990,7.114028e-20,-1.198320e-18
0.615234,8.986717e-20,-1.184219e-18
0.615479,8.627609e-20,-1.195696e-18
0.615723,6.846727e-20,-1.218449e-18
0.615967,9.028006e-20,-1.214504e-18
0.616211,9.200988e-20,-1.187790e-18
0.616455,8.111375e-20,-1.164680e-18
0.616699,8.780146e-20,-1.169183e-18
0.616943,8.055987e-20,-1.172379e-18
0.617188,9.272828e-20,-1.161192e-18
0.617432,1.018065e-19,-1.173491e-18
0.617676,7.844097e-20,-1.198475e-18
0.617920,9.017601e-20,-1.196002e-18
0.618164,1.057765e-19,-1.165479e-18
0.618408,9.063062e-20,-1.139777e-18
0.618652,9.390020e-20,-1.143095e-18
0.618896,9.410227e-20,-1.149567e-18
0.619141,9.530311e-20,-1.140222e-18
0.619385,1.117866e-19,-1.152135e-18
0.619629,9.498407e-20,-1.180257e-18
0.619873,9.030244e-20,-1.177530e-18
0.620117,1.131978e-19,-1.145490e-18
0.620361,1.043803e-19,-1.115285e-18
0.620605,9.736230e-20,-1.114601e-18
0.620850,1.025444e-19,-1.123673e-18
0.621094,1.005230e-19,-1.118797e-18
0.621338,1.161363e-19,-1.132676e-18
0.621582,1.113792e-19,-1.162738e-18
0.621826,9.350186e-20,-1.160573e-18
0.622070,1.152837e-19,-1.125195e-18
0.622314,1.191086e-19,-1.094964e-18
0.622559,1.037776e-19,-1.088410e-18
0.622803,1.095212e-19,-1.096907e-18
0.623047,1.069202e-19,-1.098905e-18
0.623291,1.185293e-19,-1.109725e-18
0.623535,1.236613e-19,-1.142616e-18
0.623779,9.926459e-20,-1.143117e-18
0.624023,1.150415e-19,-1.103758e-18
0.624268,1.302184e-19,-1.071527e-18
0.624512,1.127523e-19,-1.063959e-18
0.624756,1.127305e-19,-1.073949e-18
0.625000,1.152474e-19,-1.078948e-18
0.625244,1.224665e-19,-1.093157e-18
0.625488,1.317945e-19,-1.124266e-18
0.625732,1.123349e-19,-1.126592e-18
0.625977,1.126173e-19,-1.087037e-18
0.626221,1.368775e-19,-1.048304e-18
0.626465,1.251970e-19,-1.040049e-18
0.626709,1.146199e-19,-1.049218e-18
0.626953,1.229020e-19,-1.058255e-18
0.627197,1.248494e-19,-1.074071e-18
0.627441,1.374488e-19,-1.106140e-18
0.627686,1.278689e-19,-1.111437e-18
0.627930,1.150323e-19,-1.067770e-18
0.628174,1.396192e-19,-1.030181e-18
0.628418,1.376003e-19,-1.018383e-18
0.628662,1.208124e-19,-1.023932e-18
0.628906,1.263539e-19,-1.038276e-18
0.629150,1.310087e-19,-1.054562e-18
0.629395,1.412917e-19,-1.086689e-18
0.629639,1.373343e-19,-1.094926e-18
0.629883,1.196944e-19,-1.050696e-18
0.630127,1.369279e-19,-1.009034e-18
0.630371,1.505212e-19,-9.973443e-19
0.630615,1.315744e-19,-1.001711e-18
0.630859,1.278466e-19,-1.018350e-18
0.631104,1.369866e-19,-1.041595e-18
0.631348,1.458561e-19,-1.070296e-18
0.631592,1.466979e-19,-1.077625e-18
0.631836,1.270355e-19,-1.036194e-18
0.632080,1.350739e-19,-9.889536e-19
0.632324,1.558348e-19,-9.752681e-19
0.632568,1.388287e-19,-9.809984e-19
0.632812,1.312356e-19,-9.971355e-19
0.633057,1.403987e-19,-1.023221e-18
0.633301,1.488107e-19,-1.053182e-18
0.633545,1.549848e-19,-1.060663e-18
0.633789,1.349940e-19,-1.019251e-18
0.634033,1.351180e-19,-9.705593e-19
0.634277,1.599449e-19,-9.555460e-19
0.634521,1.504028e-19,-9.603220e-19
0.634766,1.348071e-19,-9.775454e-19
0.635010,1.399402e-19,-1.004469e-18
0.635254,1.527714e-19,-1.036477e-18
0.635498,1.576755e-19,-1.044650e-18
0.635742,1.423889e-19,-1.002767e-18
0.635986,1.364421e-19,-9.543968e-19
0.636230,1.572080e-19,-9.364751e-19
0.636475,1.609851e-19,-9.403731e-19
0.636719,1.423633e-19,-9.599604e-19
0.636963,1.394836e-19,-9.901639e-19
0.637207,1.524828e-19,-1.021368e-18
0.637451,1.636451e-19,-1.028068e-18
0.637695,1.508247e-19,-9.886486e-19
0.637939,1.362149e-19,-9.370325e-19
0.638184,1.552487e-19,-9.160035e-19
0.638428,1.651954e-19,-9.213720e-19
0.638672,1.464151e-19,-9.393601e-19
0.638916,1.411015e-19,-9.722925e-19
0.639160,1.529094e-19,-1.005780e-18
0.639404,1.647866e-19,-1.011013e-18
0.639648,1.591347e-19,-9.742826e-19
0.639893,1.388314e-19,-9.202630e-19
0.640137,1.507484e-19,-8.981569e-19
0.640381,1.706942e-19,-9.042091e-19
0.640625,1.532526e-19,-9.198716e-19
0.640869,1.411437e-19,-9.563382e-19
0.641113,1.493928e-19,-9.882435e-19
0.641357,1.621882e-19,-9.914869e-19
0.641602,1.641566e-19,-9.594372e-19
0.641846,1.422062e-19,-9.042387e-19
0.642090,1.447733e-19,-8.785841e-19
0.642334,1.702266e-19,-8.858400e-19
0.642578,1.603715e-19,-9.032809e-19
0.642822,1.425160e-19,-9.396922e-19
0.643066,1.481696e-19,-9.734842e-19
0.643311,1.620553e-19,-9.749083e-19
0.643555,1.696378e-19,-9.425871e-19
0.643799,1.468771e-19,-8.897968e-19
0.644043,1.375607e-19,-8.599006e-19
0.644287,1.672271e-19,-8.665922e-19
0.644531,1.646547e-19,-8.849325e-19
0.644775,1.425123e-19,-9.200203e-19
0.645020,1.451573e-19,-9.562385e-19
0.645264,1.563139e-19,-9.569608e-19
0.645508,1.696810e-19,-9.245172e-19
0.645752,1.538826e-19,-8.750992e-19
0.645996,1.336755e-19,-8.432586e-19
0.646240,1.597161e-19,-8.473022e-19
0.646484,1.685857e-19,-8.671692e-19
0.646729,1.439172e-19,-9.032034e-19
0.646973,1.395690e-19,-9.381067e-19
0.647217,1.511177e-19,-9.382959e-19
0.647461,1.653460e-19,-9.066928e-19
0.647705,1.566830e-19,-8.589242e-19
0.647949,1.284869e-19,-8.251541e-19
0.648193,1.483361e-19,-8.277792e-19
0.648438,1.715456e-19,-8.506869e-19
0.648682,1.428292e-19,-8.859969e-19
0.648926,1.350515e-19,-9.215455e-19
0.649170,1.472527e-19,-9.219555e-19
0.649414,1.559894e-19,-8.884489e-19
0.649658,1.608004e-19,-8.420553e-19
0.649902,1.280623e-19,-8.075810e-19
0.650146,1.318909e-19,-8.084963e-19
0.650391,1.672136e-19,-8.308199e-19
0.650635,1.434988e-19,-8.666035e-19
0.650879,1.257813e-19,-9.017143e-19
0.651123,1.393153e-19,-9.006054e-19
0.651367,1.474021e-19,-8.684283e-19
0.651611,1.546779e-19,-8.272170e-19
0.651855,1.324972e-19,-7.910480e-19
0.652100,1.198639e-19,-7.886737e-19
0.652344,1.548850e-19,-8.154105e-19
0.652588,1.494060e-19,-8.485225e-19
0.652832,1.160675e-19,-8.811758e-19
0.653076,1.283216e-19,-8.816039e-19
0.653320,1.394188e-19,-8.483511e-19
0.653564,1.423992e-19,-8.094179e-19
0.653809,1.333263e-19,-7.746081e-19
0.654053,1.067762e-19,-7.686573e-19
0.654297,1.367945e-19,-7.961531e-19
0.654541,1.512327e-19,-8.338121e-19
0.654785,1.109741e-19,-8.635023e-19
0.655029,1.147912e-19,-8.616248e-19
0.655273,1.294624e-19,-8.291834e-19
0.655518,1.328325e-19,-7.911936e-19
0.655762,1.303455e-19,-7.587027e-19
0.656006,9.885593e-20,-7.500351e-19
0.656250,1.141534e-19,-7.779998e-19
0.656494,1.453234e-19,-8.157900e-19
0.656738,1.066674e-19,-8.426573e-19
0.656982,9.548211e-20,-8.423945e-19
0.657227,1.216456e-19,-8.088089e-19
0.657471,1.205387e-19,-7.746684e-19
0.657715,1.215493e-19,-7.451352e-19
0.657959,9.845703e-20,-7.316516e-19
0.658203,9.161827e-20,-7.618847e-19
0.658447,1.333826e-19,-8.020357e-19
0.658691,1.101595e-19,-8.250220e-19
0.658936,7.784251e-20,-8.218256e-19
0.659180,1.062953e-19,-7.896881e-19
0.659424,1.101608e-19,-7.579506e-19
0.659668,1.067952e-19,-7.292662e-19
0.659912,9.504716e-20,-7.160872e-19
0.660156,7.492411e-20,-7.437926e-19
0.660400,1.137051e-19,-7.871145e-19
0.660645,1.140373e-19,-8.106432e-19
0.660889,6.331234e-20,-8.014397e-19
0.661133,8.565979e-20,-7.726791e-19
0.661377,1.065076e-19,-7.435791e-19
0.661621,9.172454e-20,-7.163560e-19
0.661865,8.711301e-20,-7.021293e-19
0.662109,6.459501e-20,-7.262413e-19
0.662354,8.577304e-20,-7.725809e-19
0.662598,1.102532e-19,-7.930859e-19
0.662842,5.825395e-20,-7.813301e-19
0.663086,5.974196e-20,-7.538412e-19
0.663330,9.740193e-20,-7.273612e-19
0.663574,8.011193e-20,-7.040115e-19
0.663818,7.257772e-20,-6.887462e-19
0.664062,5.941878e-20,-7.134619e-19
0.664307,6.093935e-20,-7.614708e-19
0.664551,9.702921e-20,-7.818862e-19
0.664795,6.092873e-20,-7.659231e-19
0.665039,3.321022e-20,-7.357019e-19
0.665283,7.885698e-20,-7.119125e-19
0.665527,7.342651e-20,-6.935846e-19
0.665771,5.449480e-20,-6.779725e-19
0.666016,5.109462e-20,-6.980488e-19
0.666260,4.061319e-20,-7.485058e-19
0.666504,7.405755e-20,-7.679242e-19
0.666748,6.352797e-20,-7.496442e-19
0.666992,1.599828e-20,-7.199447e-19
0.667236,5.004884e-20,-6.974591e-19
0.667480,6.871412e-20,-6.845104e-19
0.667725,3.797927e-20,-6.682752e-19
0.667969,3.481028e-20,-6.856642e-19
0.668213,2.764501e-20,-7.370940e-19
0.668457,4.559883e-20,-7.570920e-19
0.668701,5.706805e-20,-7.330759e-19
0.668945,4.028095e-21,-7.022409e-19
0.669189,1.757744e-20,-6.873832e-19
0.669434,5.786042e-20,-6.747596e-19
0.669678,2.602554e-20,-6.607744e-19
0.669922,1.555602e-20,-6.770416e-19
0.670166,1.458546e-20,-7.273942e-19
0.670410,1.987715e-20,-7.525122e-19
0.670654,4.195152e-20,-7.209698e-19
0.670898,1.780798e-21,-6.873398e-19
0.671143,-1.287247e-20,-6.769999e-19
0.671387,3.598452e-20,-6.667440e-19
0.671631,2.005401e-20,-6.534603e-19
0.671875,-9.859039e-21,-6.680903e-19
0.672119,-1.098450e-21,-7.197251e-19
0.672363,-9.987385e-22,-7.423480e-19
0.672607,1.732533e-20,-7.123824e-19
0.672852,-1.850031e-21,-6.771312e-19
0.673096,-3.678340e-20,-6.663988e-19
0.673340,7.769933e-21,-6.630194e-19
0.673584,1.322220e-20,-6.494384e-19
0.673828,-2.867791e-20,-6.640869e-19
0.674072,-2.315273e-20,-7.133401e-19
0.674316,-1.930218e-20,-7.371588e-19
0.674561,-7.548259e-21,-7.043197e-19
0.674805,-1.241473e-20,-6.646677e-19
0.675049,-5.353574e-20,-6.616173e-19
0.675293,-2.738261e-20,-6.593850e-19
0.675537,1.152054e-21,-6.481824e-19
0.675781,-4.031968e-20,-6.628974e-19
0.676025,-4.846004e-20,-7.100224e-19
0.676270,-3.558818e-20,-7.380253e-19
0.676514,-3.246261e-20,-7.008280e-19
0.676758,-2.794590e-20,-6.575132e-19
0.677002,-6.318171e-20,-6.563531e-19
0.677246,-6.181886e-20,-6.581524e-19
0.677490,-1.900912e-20,-6.485534e-19
0.677734,-4.696528e-20,-6.621766e-19
0.677979,-7.430992e-20,-7.111340e-19
0.678223,-5.524391e-20,-7.359097e-19
0.678467,-5.167569e-20,-6.981382e-19
0.678711,-4.897363e-20,-6.549045e-19
0.678955,-7.108793e-20,-6.525769e-19
0.679199,-8.680594e-20,-6.613724e-19
0.679443,-4.629695e-20,-6.537117e-19
0.679688,-5.226512e-20,-6.654174e-19
0.679932,-9.341277e-20,-7.138557e-19
0.680176,-8.200271e-20,-7.381206e-19
0.680420,-6.863254e-20,-6.991615e-19
0.680664,-7.046107e-20,-6.536847e-19
0.680908,-8.429012e-20,-6.527533e-19
0.681152,-1.065796e-19,-6.648012e-19
0.681396,-7.762193e-20,-6.607375e-19
0.681641,-6.194954e-20,-6.724892e-19
0.681885,-1.053846e-19,-7.204100e-19
0.682129,-1.082046e-19,-7.461106e-19
0.682373,-8.576509e-20,-7.057020e-19
0.682617,-8.877010e-20,-6.556371e-19
0.682861,-1.005858e-19,-6.544019e-19
0.683105,-1.211023e-19,-6.723666e-19
0.683350,-1.058285e-19,-6.685746e-19
0.683594,-8.161820e-20,-6.794684e-19
0.683838,-1.142596e-19,-7.283882e-19
0.684082,-1.322358e-19,-7.539451e-19
0.684326,-1.093677e-19,-7.130647e-19
0.684570,-1.040489e-19,-6.592222e-19
0.684814,-1.168741e-19,-6.604520e-19
0.685059,-1.356117e-19,-6.837619e-19
0.685303,-1.285740e-19,-6.815189e-19
0.685547,-1.030769e-19,-6.923380e-19
0.685791,-1.220843e-19,-7.399935e-19
0.686035,-1.492511e-19,-7.662929e-19
0.686279,-1.354541e-19,-7.224427e-19
0.686523,-1.189932e-19,-6.683884e-19
0.686768,-1.296987e-19,-6.715277e-19
0.687012,-1.516578e-19,-6.958247e-19
0.687256,-1.489682e-19,-6.985366e-19
0.687500,-1.259413e-19,-7.072561e-19
0.687744,-1.309152e-19,-7.552074e-19
0.687988,-1.601746e-19,-7.844608e-19
0.688232,-1.577207e-19,-7.394044e-19
0.688477,-1.357197e-19,-6.826934e-19
0.688721,-1.430879e-19,-6.834809e-19
0.688965,-1.653771e-19,-7.132787e-19
0.689209,-1.675459e-19,-7.160670e-19
0.689453,-1.457444e-19,-7.239389e-19
0.689697,-1.435565e-19,-7.747470e-19
0.689941,-1.710189e-19,-8.015501e-19
0.690186,-1.767055e-19,-7.563589e-19
0.690430,-1.561921e-19,-6.997126e-19
0.690674,-1.517139e-19,-6.989993e-19
0.690918,-1.741934e-19,-7.318772e-19
0.691162,-1.840964e-19,-7.421823e-19
0.691406,-1.621316e-19,-7.482706e-19
0.691650,-1.544665e-19,-7.960842e-19
0.691895,-1.785662e-19,-8.278166e-19
0.692139,-1.918827e-19,-7.785684e-19
0.692383,-1.751562e-19,-7.183133e-19
0.692627,-1.613015e-19,-7.195813e-19
0.692871,-1.811683e-19,-7.545870e-19
0.693115,-1.998114e-19,-7.684405e-19
0.693359,-1.774925e-19,-7.733958e-19
0.693604,-1.635705e-19,-8.208157e-19
0.693848,-1.862862e-19,-8.567773e-19
0.694092,-1.979786e-19,-8.064334e-19
0.694336,-1.884163e-19,-7.423446e-19
0.694580,-1.745618e-19,-7.451121e-19
0.694824,-1.827582e-19,-7.816203e-19
0.695068,-2.079225e-19,-7.958373e-19
0.695312,-1.937671e-19,-8.016604e-19
0.695557,-1.708937e-19,-8.481387e-19
0.695801,-1.917799e-19,-8.832980e-19
0.696045,-2.071404e-19,-8.368712e-19
0.696289,-1.978869e-19,-7.699778e-19
0.696533,-1.871925e-19,-7.691323e-19
0.696777,-1.844745e-19,-8.125840e-19
0.697021,-2.097929e-19,-8.292470e-19
0.697266,-2.105959e-19,-8.350686e-19
0.697510,-1.764418e-19,-8.802183e-19
0.697754,-1.926427e-19,-9.162518e-19
0.697998,-2.152726e-19,-8.710691e-19
0.698242,-2.034707e-19,-7.990733e-19
0.698486,-1.978683e-19,-7.992810e-19
0.698730,-1.903201e-19,-8.434349e-19
0.698975,-2.063091e-19,-8.610885e-19
0.699219,-2.223374e-19,-8.701033e-19
0.699463,-1.873822e-19,-9.115378e-19
0.699707,-1.856475e-19,-9.507946e-19
0.699951,-2.203006e-19,-9.094569e-19
0.700195,-2.102550e-19,-8.329355e-19
0.700439,-1.985521e-19,-8.323098e-19
0.700684,-1.992145e-19,-8.780525e-19
0.700928,-2.030428e-19,-8.975436e-19
0.701172,-2.239815e-19,-9.050695e-19
0.701416,-2.037683e-19,-9.429977e-19
0.701660,-1.832281e-19,-9.847620e-19
0.701904,-2.189486e-19,-9.463586e-19
0.702148,-2.201278e-19,-8.675524e-19
0.702393,-1.991257e-19,-8.644361e-19
0.702637,-2.037525e-19,-9.136502e-19
0.702881,-2.018707e-19,-9.359483e-19
0.703125,-2.185184e-19,-9.430539e-19
0.703369,-2.146390e-19,-9.812577e-19
0.703613,-1.823768e-19,-1.022868e-18
0.703857,-2.095723e-19,-9.880582e-19
0.704102,-2.263307e-19,-9.060110e-19
0.704346,-2.001408e-19,-8.975326e-19
0.704590,-2.038904e-19,-9.505774e-19
0.704834,-2.044369e-19,-9.736427e-19
0.705078,-2.106949e-19,-9.807874e-19
0.705322,-2.198003e-19,-1.017642e-18
0.705566,-1.880657e-19,-1.058092e-18
0.705811,-1.962221e-19,-1.028546e-18
0.706055,-2.280419e-19,-9.472252e-19
0.706299,-2.019872e-19,-9.351832e-19
0.706543,-1.948910e-19,-9.892419e-19
0.706787,-2.073117e-19,-1.013765e-18
0.707031,-2.038722e-19,-1.020137e-18
0.707275,-2.169305e-19,-1.056437e-18
0.707520,-1.954425e-19,-1.095713e-18
0.707764,-1.839207e-19,-1.068518e-18
0.708008,-2.237743e-19,-9.879476e-19
0.708252,-2.064712e-19,-9.712094e-19
0.708496,-1.845601e-19,-1.027531e-18
0.708740,-2.041536e-19,-1.056322e-18
0.708984,-1.975935e-19,-1.059900e-18
0.709229,-2.059105e-19,-1.095731e-18
0.709473,-1.988950e-19,-1.137092e-18
0.709717,-1.724965e-19,-1.110091e-18
0.709961,-2.065936e-19,-1.031752e-18
0.710205,-2.124143e-19,-1.012996e-18
0.710449,-1.763780e-19,-1.064255e-18
0.710693,-1.921120e-19,-1.094669e-18
0.710938,-1.979178e-19,-1.099734e-18
0.711182,-1.891140e-19,-1.133986e-18
0.711426,-1.965640e-19,-1.173816e-18
0.711670,-1.710939e-19,-1.150321e-18
0.711914,-1.823523e-19,-1.075520e-18
0.712158,-2.093902e-19,-1.051606e-18
0.712402,-1.711835e-19,-1.103349e-18
0.712646,-1.733158e-19,-1.138034e-18
0.712891,-1.921059e-19,-1.138812e-18
0.713135,-1.761440e-19,-1.170595e-18
0.713379,-1.849978e-19,-1.212009e-18
0.713623,-1.686658e-19,-1.189267e-18
0.713867,-1.637976e-19,-1.117526e-18
0.714111,-1.972681e-19,-1.091283e-18
0.714355,-1.711406e-19,-1.139256e-18
0.714600,-1.517694e-19,-1.177731e-18
0.714844,-1.790231e-19,-1.178829e-18
0.715088,-1.691362e-19,-1.207724e-18
0.715332,-1.629811e-19,-1.249789e-18
0.715576,-1.627356e-19,-1.228979e-18
0.715820,-1.478959e-19,-1.158939e-18
0.716064,-1.732470e-19,-1.131692e-18
0.716309,-1.684518e-19,-1.175914e-18
0.716553,-1.368146e-19,-1.214135e-18
0.716797,-1.609484e-19,-1.215656e-18
0.717041,-1.615444e-19,-1.241649e-18
0.717285,-1.445105e-19,-1.283097e-18
0.717529,-1.505481e-19,-1.264166e-18
0.717773,-1.353667e-19,-1.198171e-18
0.718018,-1.488458e-19,-1.170171e-18
0.718262,-1.586815e-19,-1.210841e-18
0.718506,-1.239294e-19,-1.250672e-18
0.718750,-1.355370e-19,-1.250178e-18
0.718994,-1.506369e-19,-1.274165e-18
0.719238,-1.288555e-19,-1.315572e-18
0.719482,-1.316930e-19,-1.298238e-18
0.719727,-1.252347e-19,-1.235299e-18
0.719971,-1.256601e-19,-1.206036e-18
0.720215,-1.434184e-19,-1.244214e-18
0.720459,-1.152631e-19,-1.283861e-18
0.720703,-1.100966e-19,-1.284111e-18
0.720947,-1.348953e-19,-1.303520e-18
0.721191,-1.159647e-19,-1.345588e-18
0.721436,-1.075665e-19,-1.333010e-18
0.721680,-1.114829e-19,-1.269649e-18
0.721924,-1.052232e-19,-1.240554e-18
0.722168,-1.203055e-19,-1.274999e-18
0.722412,-1.064497e-19,-1.312477e-18
0.722656,-8.776648e-20,-1.312697e-18
0.722900,-1.120872e-19,-1.329824e-18
0.723145,-1.057805e-19,-1.370409e-18
0.723389,-8.737256e-20,-1.359260e-18
0.723633,-9.390773e-20,-1.302425e-18
0.723877,-8.721230e-20,-1.273803e-18
0.724121,-9.512140e-20,-1.302358e-18
0.724365,-9.306991e-20,-1.340727e-18
0.724609,-6.891479e-20,-1.342091e-18
0.724854,-8.512313e-20,-1.353809e-18
0.725098,-8.920140e-20,-1.394929e-18
0.725342,-6.802015e-20,-1.387099e-18
0.725586,-7.152806e-20,-1.328865e-18
0.725830,-6.962760e-20,-1.302218e-18
0.726074,-7.254064e-20,-1.329749e-18
0.726318,-7.510711e-20,-1.364104e-18
0.726562,-5.292875e-20,-1.366386e-18
0.726807,-5.867543e-20,-1.375028e-18
0.727051,-7.131538e-20,-1.414075e-18
0.727295,-5.109758e-20,-1.409369e-18
0.727539,-4.569088e-20,-1.354751e-18
0.727783,-5.170171e-20,-1.330589e-18
0.728027,-5.055319e-20,-1.352320e-18
0.728271,-5.386746e-20,-1.383237e-18
0.728516,-3.713104e-20,-1.387927e-18
0.728760,-3.261027e-20,-1.392776e-18
0.729004,-5.129136e-20,-1.428415e-18
0.729248,-3.549132e-20,-1.427073e-18
0.729492,-2.307403e-20,-1.375430e-18
0.729736,-3.165250e-20,-1.350935e-18
0.729980,-2.933902e-20,-1.372918e-18
0.730225,-3.182225e-20,-1.401730e-18
0.730469,-1.844829e-20,-1.404886e-18
0.730713,-1.098208e-20,-1.408738e-18
0.730957,-3.031485e-20,-1.439363e-18
0.731201,-1.709618e-20,-1.442238e-18
0.731445,-1.467977e-21,-1.394121e-18
0.731689,-1.048429e-20,-1.366200e-18
0.731934,-1.058898e-20,-1.389648e-18
0.732178,-1.085027e-20,-1.413944e-18
0.732422,-3.790657e-22,-1.413922e-18
0.732666,9.972666e-21,-1.418713e-18
0.732910,-6.560302e-21,-1.445768e-18
0.733154,-1.987768e-21,-1.451735e-18
0.733398,1.845900e-20,-1.408460e-18
0.733643,1.244298e-20,-1.379684e-18
0.733887,1.018605e-20,-1.401283e-18
0.734131,1.011240e-20,-1.423187e-18
0.734375,1.204347e-20,-1.422026e-18
0.734619,3.015239e-20,-1.422929e-18
0.734863,1.827474e-20,-1.446702e-18
0.735107,1.125779e-20,-1.456366e-18
0.735352,3.617968e-20,-1.415603e-18
0.735596,3.229415e-20,-1.387983e-18
0.735840,2.739495e-20,-1.408119e-18
0.736084,3.184839e-20,-1.429005e-18
0.736328,2.906484e-20,-1.428105e-18
0.736572,4.574742e-20,-1.424141e-18
0.736816,4.173470e-20,-1.445752e-18
0.737061,2.792809e-20,-1.458299e-18
0.737305,5.166760e-20,-1.420853e-18
0.737549,5.425410e-20,-1.393064e-18
0.737793,4.253159e-20,-1.412692e-18
0.738037,4.976805e-20,-1.430497e-18
0.738281,4.596482e-20,-1.423843e-18
0.738525,5.951752e-20,-1.423093e-18
0.738770,6.640609e-20,-1.441829e-18
0.739014,4.226451e-20,-1.450746e-18
0.739258,6.213914e-20,-1.424016e-18
0.739502,7.948300e-20,-1.396677e-18
0.739746,5.864586e-20,-1.411148e-18
0.739990,6.514631e-20,-1.429160e-18
0.740234,6.578298e-20,-1.420990e-18
0.740479,7.090279e-20,-1.417639e-18
0.740723,8.596667e-20,-1.431366e-18
0.740967,6.192071e-20,-1.442289e-18
0.741211,7.018779e-20,-1.422136e-18
0.741455,9.784994e-20,-1.394455e-18
0.741699,7.846789e-20,-1.407742e-18
0.741943,7.803045e-20,-1.425817e-18
0.742188,8.580300e-20,-1.414906e-18
0.742432,8.346435e-20,-1.410042e-18
0.742676,1.022470e-19,-1.421530e-18
0.742920,8.637278e-20,-1.430694e-18
0.743164,7.657280e-20,-1.416750e-18
0.743408,1.131960e-19,-1.392765e-18
0.743652,1.014774e-19,-1.400413e-18
0.743896,8.458703e-20,-1.416644e-18
0.744141,1.034355e-19,-1.406052e-18
0.744385,1.001412e-19,-1.397595e-18
0.744629,1.109521e-19,-1.407070e-18
0.744873,1.096010e-19,-1.416491e-18
0.745117,8.946505e-20,-1.407406e-18
0.745361,1.221318e-19,-1.387439e-18
0.745605,1.265640e-19,-1.392253e-18
0.745850,9.671300e-20,-1.406588e-18
0.746094,1.158420e-19,-1.395192e-18
0.746338,1.178536e-19,-1.383224e-18
0.746582,1.164141e-19,-1.390545e-18
0.746826,1.292725e-19,-1.399016e-18
0.747070,1.049913e-19,-1.394672e-18
0.747314,1.239614e-19,-1.379403e-18
0.747559,1.476674e-19,-1.380056e-18
0.747803,1.117042e-19,-1.391713e-18
0.748047,1.219252e-19,-1.381366e-18
0.748291,1.366742e-19,-1.368525e-18
0.748535,1.263027e-19,-1.373319e-18
0.748779,1.436796e-19,-1.380970e-18
0.749023,1.253274e-19,-1.379830e-18
0.749268,1.233716e-19,-1.369188e-18
0.749512,1.597723e-19,-1.367670e-18
0.749756,1.344819e-19,-1.374485e-18
0.750000,1.213181e-19,-1.364915e-18
0.750244,1.476800e-19,-1.351065e-18
0.750488,1.417128e-19,-1.351394e-18
0.750732,1.478909e-19,-1.358114e-18
0.750977,1.436197e-19,-1.361279e-18
0.751221,1.288969e-19,-1.355972e-18
0.751465,1.652814e-19,-1.353980e-18
0.751709,1.579907e-19,-1.356949e-18
0.751953,1.257598e-19,-1.348316e-18
0.752197,1.542652e-19,-1.333151e-18
0.752441,1.546352e-19,-1.329161e-18
0.752686,1.500484e-19,-1.337249e-18
0.752930,1.581283e-19,-1.341439e-18
0.753174,1.352449e-19,-1.339990e-18
0.753418,1.623110e-19,-1.339188e-18
0.753662,1.767149e-19,-1.336265e-18
0.753906,1.357884e-19,-1.328060e-18
0.754150,1.526441e-19,-1.313694e-18
0.754395,1.696077e-19,-1.308132e-18
0.754639,1.560062e-19,-1.315027e-18
0.754883,1.646972e-19,-1.320439e-18
0.755127,1.485013e-19,-1.324549e-18
0.755371,1.569450e-19,-1.323535e-18
0.755615,1.869998e-19,-1.315291e-18
0.755859,1.500232e-19,-1.305802e-18
0.756104,1.434044e-19,-1.292933e-18
0.756348,1.783089e-19,-1.284600e-18
0.756592,1.658415e-19,-1.288297e-18
0.756836,1.633734e-19,-1.298358e-18
0.757080,1.616121e-19,-1.308576e-18
0.757324,1.554082e-19,-1.307221e-18
0.757568,1.872217e-19,-1.296268e-18
0.757812,1.703008e-19,-1.286005e-18
0.758057,1.404464e-19,-1.272614e-18
0.758301,1.750568e-19,-1.263182e-18
0.758545,1.775132e-19,-1.266118e-18
0.758789,1.623313e-19,-1.277614e-18
0.759033,1.661249e-19,-1.290588e-18
0.759277,1.564661e-19,-1.289164e-18
0.759521,1.829221e-19,-1.276207e-18
0.759766,1.836519e-19,-1.264807e-18
0.760010,1.439825e-19,-1.252193e-18
0.760254,1.696102e-19,-1.241864e-18
0.760498,1.868780e-19,-1.242814e-18
0.760742,1.656380e-19,-1.256916e-18
0.760986,1.691952e-19,-1.273777e-18
0.761230,1.621793e-19,-1.273411e-18
0.761475,1.744633e-19,-1.256181e-18
0.761719,1.916215e-19,-1.240777e-18
0.761963,1.528279e-19,-1.230763e-18
0.762207,1.558178e-19,-1.219251e-18
0.762451,1.911472e-19,-1.216389e-18
0.762695,1.731056e-19,-1.235150e-18
0.762939,1.654626e-19,-1.255292e-18
0.763184,1.669855e-19,-1.254920e-18
0.763428,1.712783e-19,-1.238872e-18
0.763672,1.935651e-19,-1.220408e-18
0.763916,1.653259e-19,-1.210929e-18
0.764160,1.488197e-19,-1.199414e-18
0.764404,1.865909e-19,-1.194204e-18
0.764648,1.819401e-19,-1.215459e-18
0.764893,1.615113e-19,-1.236761e-18
0.765137,1.659354e-19,-1.237510e-18
0.765381,1.685963e-19,-1.218451e-18
0.765625,1.889332e-19,-1.198807e-18
0.765869,1.756674e-19,-1.191165e-18
0.766113,1.437162e-19,-1.178788e-18
0.766357,1.765397e-19,-1.174188e-18
0.766602,1.905280e-19,-1.194432e-18
0.766846,1.636776e-19,-1.219611e-18
0.767090,1.624398e-19,-1.222471e-18
0.767334,1.675260e-19,-1.198584e-18
0.767578,1.827956e-19,-1.177853e-18
0.767822,1.796815e-19,-1.171766e-18
0.768066,1.469989e-19,-1.158159e-18
0.768311,1.629428e-19,-1.151536e-18
0.768555,1.894737e-19,-1.173461e-18
0.768799,1.688647e-19,-1.201506e-18
0.769043,1.561058e-19,-1.205657e-18
0.769287,1.649649e-19,-1.181162e-18
0.769531,1.783208e-19,-1.159211e-18
0.769775,1.814107e-19,-1.153933e-18
0.770020,1.513955e-19,-1.142147e-18
0.770264,1.513894e-19,-1.133105e-18
0.770508,1.853058e-19,-1.153356e-18
0.770752,1.740910e-19,-1.185803e-18
0.770996,1.510798e-19,-1.190491e-18
0.771240,1.568914e-19,-1.162924e-18
0.771484,1.729586e-19,-1.140562e-18
0.771729,1.797992e-19,-1.135708e-18
0.771973,1.537212e-19,-1.124026e-18
0.772217,1.429867e-19,-1.113790e-18
0.772461,1.758584e-19,-1.136855e-18
0.772705,1.782138e-19,-1.171875e-18
0.772949,1.520405e-19,-1.175437e-18
0.773193,1.504514e-19,-1.147770e-18
0.773438,1.659726e-19,-1.122246e-18
0.773682,1.790242e-19,-1.118545e-18
0.773926,1.580109e-19,-1.107521e-18
0.774170,1.350936e-19,-1.093907e-18
0.774414,1.639875e-19,-1.119467e-18
0.774658,1.783957e-19,-1.157669e-18
0.774902,1.544040e-19,-1.160206e-18
0.775146,1.432373e-19,-1.131890e-18
0.775391,1.576184e-19,-1.107792e-18
0.775635,1.757674e-19,-1.102704e-18
0.775879,1.599785e-19,-1.095314e-18
0.776123,1.339110e-19,-1.083087e-18
0.776367,1.532212e-19,-1.103107e-18
0.776611,1.773438e-19,-1.145135e-18
0.776855,1.563335e-19,-1.148564e-18
0.777100,1.371465e-19,-1.114999e-18
0.777344,1.495454e-19,-1.091200e-18
0.777588,1.713965e-19,-1.087127e-18
0.777832,1.644339e-19,-1.080633e-18
0.778076,1.305192e-19,-1.068742e-18
0.778320,1.419203e-19,-1.088179e-18
0.778564,1.731801e-19,-1.132880e-18
0.778809,1.593786e-19,-1.138752e-18
0.779053,1.375344e-19,-1.101687e-18
0.779297,1.396765e-19,-1.075581e-18
0.779541,1.650462e-19,-1.074551e-18
0.779785,1.676282e-19,-1.068969e-18
0.780029,1.305389e-19,-1.055185e-18
0.780273,1.311722e-19,-1.073673e-18
0.780518,1.644806e-19,-1.120328e-18
0.780762,1.611741e-19,-1.127899e-18
0.781006,1.383277e-19,-1.088039e-18
0.781250,1.315801e-19,-1.061906e-18
0.781494,1.532889e-19,-1.063606e-18
0.781738,1.696196e-19,-1.058579e-18
0.781982,1.345529e-19,-1.043186e-18
0.782227,1.195126e-19,-1.061886e-18
0.782471,1.562339e-19,-1.110395e-18
0.782715,1.628045e-19,-1.116729e-18
0.782959,1.365888e-19,-1.075266e-18
0.783203,1.252137e-19,-1.046148e-18
0.783447,1.423884e-19,-1.049043e-18
0.783691,1.668121e-19,-1.047427e-18
0.783936,1.423651e-19,-1.030479e-18
0.784180,1.101198e-19,-1.048563e-18
0.784424,1.429594e-19,-1.098844e-18
0.784668,1.625452e-19,-1.107830e-18
0.784912,1.353251e-19,-1.062975e-18
0.785156,1.235989e-19,-1.030032e-18
0.785400,1.303755e-19,-1.036920e-18
0.785645,1.570782e-19,-1.035711e-18
0.785889,1.497971e-19,-1.018808e-18
0.786133,1.028197e-19,-1.036022e-18
0.786377,1.260414e-19,-1.085760e-18
0.786621,1.620123e-19,-1.099644e-18
0.786865,1.358731e-19,-1.050330e-18
0.787109,1.182724e-19,-1.015447e-18
0.787354,1.233406e-19,-1.025247e-18
0.787598,1.444952e-19,-1.023979e-18
0.787842,1.531072e-19,-1.009271e-18
0.788086,1.074284e-19,-1.023880e-18
0.788330,1.062055e-19,-1.074465e-18
0.788574,1.564539e-19,-1.089397e-18
0.788818,1.396175e-19,-1.036544e-18
0.789062,1.107557e-19,-9.996047e-19
0.789307,1.165976e-19,-1.009310e-18
0.789551,1.309092e-19,-1.012509e-18
0.789795,1.533496e-19,-9.978655e-19
0.790039,1.151070e-19,-1.011006e-18
0.790283,8.997115e-20,-1.062108e-18
0.790527,1.470934e-19,-1.077690e-18
0.790771,1.448080e-19,-1.026176e-18
0.791016,1.054684e-19,-9.854303e-19
0.791260,1.112187e-19,-9.952578e-19
0.791504,1.214260e-19,-1.002881e-18
0.791748,1.435699e-19,-9.864475e-19
0.791992,1.259136e-19,-9.973461e-19
0.792236,8.113758e-20,-1.049968e-18
0.792480,1.258514e-19,-1.066353e-18
0.792725,1.528608e-19,-1.013160e-18
0.792969,1.046346e-19,-9.693203e-19
0.793213,1.029474e-19,-9.811487e-19
0.793457,1.197142e-19,-9.928811e-19
0.793701,1.331605e-19,-9.750303e-19
0.793945,1.336217e-19,-9.857070e-19
0.794189,8.215342e-20,-1.038552e-18
0.794434,1.026210e-19,-1.054563e-18
0.794678,1.557041e-19,-1.000410e-18
0.794922,1.107139e-19,-9.526747e-19
0.795166,9.073434e-20,-9.634628e-19
0.795410,1.152506e-19,-9.788335e-19
0.795654,1.234481e-19,-9.640773e-19
0.795898,1.352116e-19,-9.711156e-19
0.796143,9.156065e-20,-1.023906e-18
0.796387,8.140817e-20,-1.043753e-18
0.796631,1.511568e-19,-9.874102e-19
0.796875,1.259549e-19,-9.366881e-19
0.797119,7.983314e-20,-9.483485e-19
0.797363,1.094585e-19,-9.674195e-19
0.797607,1.184460e-19,-9.517977e-19
0.797852,1.272684e-19,-9.583149e-19
0.798096,1.042637e-19,-1.010046e-18
0.798340,6.798666e-20,-1.027299e-18
0.798584,1.325288e-19,-9.726660e-19
0.798828,1.417501e-19,-9.208520e-19
0.799072,7.463227e-20,-9.309501e-19
0.799316,9.795779e-20,-9.509792e-19
0.799561,1.218084e-19,-9.414235e-19
0.799805,1.195866e-19,-9.468570e-19
