planeta,tempo_desde_meio_transito_h,fluxo_relativo
HAT-P-7 b,-5.09096,0.9999614
HAT-P-7 b,-5.07461,1.0003122
HAT-P-7 b,-5.05827,1.0000548
HAT-P-7 b,-5.04192,0.9997844
HAT-P-7 b,-5.02557,0.9997481
HAT-P-7 b,-5.00923,1.0001734
HAT-P-7 b,-4.99288,0.9999243
HAT-P-7 b,-4.97653,1.0000249
HAT-P-7 b,-4.96019,1.0000635
HAT-P-7 b,-4.94384,0.9998409
HAT-P-7 b,-4.92749,0.9999853
HAT-P-7 b,-4.91115,0.9998630
HAT-P-7 b,-4.89480,1.0000288
HAT-P-7 b,-4.87845,0.9998996
HAT-P-7 b,-4.86211,0.9998428
HAT-P-7 b,-4.84576,1.0001692
HAT-P-7 b,-4.82941,0.9999685
HAT-P-7 b,-4.81306,1.0000729
HAT-P-7 b,-4.79672,1.0001474
HAT-P-7 b,-4.78037,0.9998428
HAT-P-7 b,-4.76403,0.9999048
HAT-P-7 b,-4.74768,0.9999500
HAT-P-7 b,-4.73133,1.0000386
HAT-P-7 b,-4.71498,0.9998996
HAT-P-7 b,-4.69864,0.9998695
HAT-P-7 b,-4.68229,0.9999710
HAT-P-7 b,-4.66595,0.9998717
HAT-P-7 b,-4.64960,0.9997453
HAT-P-7 b,-4.63325,0.9999166
HAT-P-7 b,-4.61690,0.9998744
HAT-P-7 b,-4.60056,1.0000131
HAT-P-7 b,-4.58421,1.0001947
HAT-P-7 b,-4.56786,1.0001419
HAT-P-7 b,-4.55152,1.0003669
HAT-P-7 b,-4.53517,1.0001847
HAT-P-7 b,-4.51882,1.0002633
HAT-P-7 b,-4.50248,0.9996249
HAT-P-7 b,-4.48613,0.9998930
HAT-P-7 b,-4.46978,0.9999584
HAT-P-7 b,-4.45344,0.9997971
HAT-P-7 b,-4.43709,0.9996455
HAT-P-7 b,-4.42074,1.0001217
HAT-P-7 b,-4.40440,1.0000482
HAT-P-7 b,-4.38805,1.0000247
HAT-P-7 b,-4.37170,0.9999189
HAT-P-7 b,-4.35536,0.9999522
HAT-P-7 b,-4.33901,0.9999258
HAT-P-7 b,-4.32266,0.9999335
HAT-P-7 b,-4.30632,0.9998163
HAT-P-7 b,-4.28997,0.9999085
HAT-P-7 b,-4.27362,0.9999129
HAT-P-7 b,-4.25728,1.0001644
HAT-P-7 b,-4.24093,0.9998310
HAT-P-7 b,-4.22458,0.9998163
HAT-P-7 b,-4.20824,0.9998441
HAT-P-7 b,-4.19189,0.9999583
HAT-P-7 b,-4.17554,0.9999158
HAT-P-7 b,-4.15919,0.9998734
HAT-P-7 b,-4.14285,0.9998868
HAT-P-7 b,-4.12650,1.0002781
HAT-P-7 b,-4.11016,1.0002027
HAT-P-7 b,-4.09381,0.9999522
HAT-P-7 b,-4.07746,1.0002020
HAT-P-7 b,-4.06111,1.0000240
HAT-P-7 b,-4.04477,1.0001645
HAT-P-7 b,-4.02842,1.0000159
HAT-P-7 b,-4.01208,1.0002663
HAT-P-7 b,-3.99573,1.0002220
HAT-P-7 b,-3.97938,1.0000669
HAT-P-7 b,-3.96303,0.9999713
HAT-P-7 b,-3.94669,1.0000442
HAT-P-7 b,-3.93034,0.9998926
HAT-P-7 b,-3.91399,0.9998590
HAT-P-7 b,-3.89765,1.0000101
HAT-P-7 b,-3.88130,0.9999728
HAT-P-7 b,-3.86495,1.0003136
HAT-P-7 b,-3.84861,1.0000612
HAT-P-7 b,-3.83226,1.0003969
HAT-P-7 b,-3.81591,1.0002839
HAT-P-7 b,-3.79957,1.0001049
HAT-P-7 b,-3.78322,1.0002220
HAT-P-7 b,-3.76687,1.0002710
HAT-P-7 b,-3.75053,1.0000483
HAT-P-7 b,-3.73418,0.9999189
HAT-P-7 b,-3.71783,1.0000675
HAT-P-7 b,-3.70149,0.9996522
HAT-P-7 b,-3.68514,1.0001579
HAT-P-7 b,-3.66879,0.9998560
HAT-P-7 b,-3.65244,0.9995094
HAT-P-7 b,-3.63610,0.9998755
HAT-P-7 b,-3.61975,1.0000265
HAT-P-7 b,-3.60341,0.9998821
HAT-P-7 b,-3.58706,0.9999242
HAT-P-7 b,-3.57071,0.9999755
HAT-P-7 b,-3.55436,1.0001207
HAT-P-7 b,-3.53802,0.9999939
HAT-P-7 b,-3.52167,1.0001917
HAT-P-7 b,-3.50532,1.0002273
HAT-P-7 b,-3.48898,0.9999263
HAT-P-7 b,-3.47263,1.0000637
HAT-P-7 b,-3.45628,0.9999533
HAT-P-7 b,-3.43994,0.9999773
HAT-P-7 b,-3.42359,1.0001369
HAT-P-7 b,-3.40724,1.0001548
HAT-P-7 b,-3.39090,0.9999803
HAT-P-7 b,-3.37455,0.9998178
HAT-P-7 b,-3.35820,1.0000006
HAT-P-7 b,-3.34186,0.9999605
HAT-P-7 b,-3.32551,0.9998136
HAT-P-7 b,-3.30916,0.9996125
HAT-P-7 b,-3.29282,0.9997424
HAT-P-7 b,-3.27647,0.9998037
HAT-P-7 b,-3.26012,0.9998111
HAT-P-7 b,-3.24378,0.9999542
HAT-P-7 b,-3.22743,1.0000154
HAT-P-7 b,-3.21109,0.9999473
HAT-P-7 b,-3.19474,0.9999787
HAT-P-7 b,-3.17839,1.0000672
HAT-P-7 b,-3.16204,0.9998985
HAT-P-7 b,-3.14570,1.0001855
HAT-P-7 b,-3.12935,0.9999627
HAT-P-7 b,-3.11300,1.0002506
HAT-P-7 b,-3.09665,0.9997880
HAT-P-7 b,-3.08031,0.9998456
HAT-P-7 b,-3.06396,0.9999822
HAT-P-7 b,-3.04762,1.0001338
HAT-P-7 b,-3.03127,0.9999499
HAT-P-7 b,-3.01492,0.9998744
HAT-P-7 b,-2.99857,1.0001051
HAT-P-7 b,-2.98223,1.0002063
HAT-P-7 b,-2.96588,1.0001298
HAT-P-7 b,-2.94954,1.0000824
HAT-P-7 b,-2.93319,1.0000910
HAT-P-7 b,-2.91684,1.0002732
HAT-P-7 b,-2.90049,1.0000978
HAT-P-7 b,-2.88415,1.0003505
HAT-P-7 b,-2.86780,0.9998552
HAT-P-7 b,-2.85145,0.9999611
HAT-P-7 b,-2.83511,0.9999319
HAT-P-7 b,-2.81876,0.9999745
HAT-P-7 b,-2.80241,1.0000420
HAT-P-7 b,-2.78607,1.0001083
HAT-P-7 b,-2.76972,0.9998712
HAT-P-7 b,-2.75337,1.0001738
HAT-P-7 b,-2.73703,0.9999176
HAT-P-7 b,-2.72068,0.9997211
HAT-P-7 b,-2.70433,0.9999089
HAT-P-7 b,-2.68799,1.0000301
HAT-P-7 b,-2.67164,1.0001220
HAT-P-7 b,-2.65529,1.0000171
HAT-P-7 b,-2.63895,1.0000249
HAT-P-7 b,-2.62260,0.9998064
HAT-P-7 b,-2.60625,1.0000482
HAT-P-7 b,-2.58991,0.9999543
HAT-P-7 b,-2.57356,0.9997007
HAT-P-7 b,-2.55722,0.9999415
HAT-P-7 b,-2.54087,0.9999062
HAT-P-7 b,-2.52452,1.0000083
HAT-P-7 b,-2.50817,1.0001349
HAT-P-7 b,-2.49183,0.9997578
HAT-P-7 b,-2.47548,0.9997655
HAT-P-7 b,-2.45913,0.9998494
HAT-P-7 b,-2.44278,1.0001646
HAT-P-7 b,-2.42644,0.9998976
HAT-P-7 b,-2.41009,1.0000019
HAT-P-7 b,-2.39375,0.9999000
HAT-P-7 b,-2.37740,1.0002263
HAT-P-7 b,-2.36105,0.9999481
HAT-P-7 b,-2.34470,0.9999073
HAT-P-7 b,-2.32836,0.9998446
HAT-P-7 b,-2.31201,0.9999782
HAT-P-7 b,-2.29566,0.9999401
HAT-P-7 b,-2.27932,1.0004347
HAT-P-7 b,-2.26297,1.0002249
HAT-P-7 b,-2.24662,0.9999554
HAT-P-7 b,-2.23028,0.9995430
HAT-P-7 b,-2.21393,0.9998705
HAT-P-7 b,-2.19758,0.9997448
HAT-P-7 b,-2.18124,1.0001917
HAT-P-7 b,-2.16489,0.9999924
HAT-P-7 b,-2.14854,0.9998040
HAT-P-7 b,-2.13220,0.9999305
HAT-P-7 b,-2.11585,0.9997268
HAT-P-7 b,-2.09950,0.9999014
HAT-P-7 b,-2.08316,0.9998689
HAT-P-7 b,-2.06681,0.9999380
HAT-P-7 b,-2.05046,0.9999733
HAT-P-7 b,-2.03412,1.0001755
HAT-P-7 b,-2.01777,1.0000681
HAT-P-7 b,-2.00143,0.9998700
HAT-P-7 b,-1.98508,0.9998839
HAT-P-7 b,-1.96873,1.0002096
HAT-P-7 b,-1.95238,0.9998196
HAT-P-7 b,-1.93604,0.9997606
HAT-P-7 b,-1.91969,0.9995862
HAT-P-7 b,-1.90334,0.9992693
HAT-P-7 b,-1.88700,0.9991039
HAT-P-7 b,-1.87065,0.9992153
HAT-P-7 b,-1.85430,0.9984743
HAT-P-7 b,-1.83796,0.9987468
HAT-P-7 b,-1.82161,0.9981768
HAT-P-7 b,-1.80526,0.9982194
HAT-P-7 b,-1.78891,0.9980656
HAT-P-7 b,-1.77257,0.9978591
HAT-P-7 b,-1.75622,0.9976460
HAT-P-7 b,-1.73988,0.9971545
HAT-P-7 b,-1.72353,0.9966283
HAT-P-7 b,-1.70718,0.9965841
HAT-P-7 b,-1.69083,0.9961084
HAT-P-7 b,-1.67449,0.9959102
HAT-P-7 b,-1.65814,0.9955618
HAT-P-7 b,-1.64179,0.9953192
HAT-P-7 b,-1.62545,0.9952883
HAT-P-7 b,-1.60910,0.9949415
HAT-P-7 b,-1.59275,0.9950016
HAT-P-7 b,-1.57641,0.9949030
HAT-P-7 b,-1.56006,0.9948732
HAT-P-7 b,-1.54371,0.9946788
HAT-P-7 b,-1.52737,0.9948731
HAT-P-7 b,-1.51102,0.9949933
HAT-P-7 b,-1.49467,0.9944922
HAT-P-7 b,-1.47833,0.9946589
HAT-P-7 b,-1.46198,0.9945714
HAT-P-7 b,-1.44563,0.9945390
HAT-P-7 b,-1.42929,0.9943342
HAT-P-7 b,-1.41294,0.9942463
HAT-P-7 b,-1.39659,0.9944578
HAT-P-7 b,-1.38024,0.9940562
HAT-P-7 b,-1.36390,0.9943840
HAT-P-7 b,-1.34755,0.9941397
HAT-P-7 b,-1.33121,0.9940120
HAT-P-7 b,-1.31486,0.9939581
HAT-P-7 b,-1.29851,0.9939907
HAT-P-7 b,-1.28216,0.9942155
HAT-P-7 b,-1.26582,0.9939752
HAT-P-7 b,-1.24947,0.9940779
HAT-P-7 b,-1.23313,0.9941869
HAT-P-7 b,-1.21678,0.9939294
HAT-P-7 b,-1.20043,0.9940352
HAT-P-7 b,-1.18408,0.9942267
HAT-P-7 b,-1.16774,0.9942831
HAT-P-7 b,-1.15139,0.9940258
HAT-P-7 b,-1.13504,0.9940156
HAT-P-7 b,-1.11870,0.9936596
HAT-P-7 b,-1.10235,0.9941305
HAT-P-7 b,-1.08601,0.9939944
HAT-P-7 b,-1.06966,0.9938938
HAT-P-7 b,-1.05331,0.9938120
HAT-P-7 b,-1.03696,0.9937317
HAT-P-7 b,-1.02062,0.9934973
HAT-P-7 b,-1.00427,0.9937021
HAT-P-7 b,-0.98792,0.9939544
HAT-P-7 b,-0.97158,0.9938584
HAT-P-7 b,-0.95523,0.9938112
HAT-P-7 b,-0.93889,0.9938625
HAT-P-7 b,-0.92254,0.9936423
HAT-P-7 b,-0.90619,0.9936897
HAT-P-7 b,-0.88984,0.9935838
HAT-P-7 b,-0.87350,0.9936634
HAT-P-7 b,-0.85715,0.9937364
HAT-P-7 b,-0.84081,0.9935516
HAT-P-7 b,-0.82446,0.9936221
HAT-P-7 b,-0.80811,0.9935606
HAT-P-7 b,-0.79176,0.9935498
HAT-P-7 b,-0.77542,0.9935067
HAT-P-7 b,-0.75907,0.9935712
HAT-P-7 b,-0.74272,0.9936251
HAT-P-7 b,-0.72637,0.9933827
HAT-P-7 b,-0.71003,0.9936432
HAT-P-7 b,-0.69368,0.9933787
HAT-P-7 b,-0.67734,0.9934026
HAT-P-7 b,-0.66099,0.9936781
HAT-P-7 b,-0.64464,0.9934740
HAT-P-7 b,-0.62829,0.9935308
HAT-P-7 b,-0.61195,0.9933841
HAT-P-7 b,-0.59560,0.9935147
HAT-P-7 b,-0.57925,0.9934275
HAT-P-7 b,-0.56291,0.9933083
HAT-P-7 b,-0.54656,0.9935856
HAT-P-7 b,-0.53022,0.9934836
HAT-P-7 b,-0.51387,0.9935384
HAT-P-7 b,-0.49752,0.9932143
HAT-P-7 b,-0.48118,0.9934065
HAT-P-7 b,-0.46483,0.9932101
HAT-P-7 b,-0.44848,0.9933791
HAT-P-7 b,-0.43214,0.9931024
HAT-P-7 b,-0.41579,0.9932681
HAT-P-7 b,-0.39944,0.9931756
HAT-P-7 b,-0.38310,0.9935121
HAT-P-7 b,-0.36675,0.9932773
HAT-P-7 b,-0.35040,0.9934773
HAT-P-7 b,-0.33405,0.9936128
HAT-P-7 b,-0.31771,0.9936079
HAT-P-7 b,-0.30136,0.9933063
HAT-P-7 b,-0.28502,0.9934196
HAT-P-7 b,-0.26867,0.9936543
HAT-P-7 b,-0.25232,0.9933695
HAT-P-7 b,-0.23597,0.9933102
HAT-P-7 b,-0.21963,0.9932470
HAT-P-7 b,-0.20328,0.9934354
HAT-P-7 b,-0.18693,0.9936446
HAT-P-7 b,-0.17059,0.9931509
HAT-P-7 b,-0.15424,0.9934709
HAT-P-7 b,-0.13789,0.9932752
HAT-P-7 b,-0.12155,0.9934278
HAT-P-7 b,-0.10520,0.9935668
HAT-P-7 b,-0.08885,0.9937207
HAT-P-7 b,-0.07250,0.9933737
HAT-P-7 b,-0.05616,0.9932829
HAT-P-7 b,-0.03981,0.9933800
HAT-P-7 b,-0.02347,0.9934320
HAT-P-7 b,-0.00712,0.9933505
HAT-P-7 b,0.00923,0.9933686
HAT-P-7 b,0.02558,0.9935284
HAT-P-7 b,0.04192,0.9934154
HAT-P-7 b,0.05827,0.9933650
HAT-P-7 b,0.07461,0.9931124
HAT-P-7 b,0.09096,0.9931087
HAT-P-7 b,0.10731,0.9934673
HAT-P-7 b,0.12365,0.9930902
HAT-P-7 b,0.14000,0.9929796
HAT-P-7 b,0.15635,0.9930691
HAT-P-7 b,0.17269,0.9934060
HAT-P-7 b,0.18904,0.9931561
HAT-P-7 b,0.20539,0.9934728
HAT-P-7 b,0.22173,0.9935228
HAT-P-7 b,0.23808,0.9933917
HAT-P-7 b,0.25443,0.9932391
HAT-P-7 b,0.27078,0.9932029
HAT-P-7 b,0.28712,0.9933480
HAT-P-7 b,0.30347,0.9931067
HAT-P-7 b,0.31982,0.9931978
HAT-P-7 b,0.33616,0.9930681
HAT-P-7 b,0.35251,0.9931794
HAT-P-7 b,0.36886,0.9932315
HAT-P-7 b,0.38520,0.9933710
HAT-P-7 b,0.40155,0.9931199
HAT-P-7 b,0.41790,0.9933366
HAT-P-7 b,0.43425,0.9932308
HAT-P-7 b,0.45059,0.9931397
HAT-P-7 b,0.46694,0.9933928
HAT-P-7 b,0.48328,0.9934025
HAT-P-7 b,0.49963,0.9934233
HAT-P-7 b,0.51598,0.9934925
HAT-P-7 b,0.53233,0.9934412
HAT-P-7 b,0.54867,0.9934417
HAT-P-7 b,0.56502,0.9935831
HAT-P-7 b,0.58137,0.9936241
HAT-P-7 b,0.59771,0.9935233
HAT-P-7 b,0.61406,0.9933906
HAT-P-7 b,0.63041,0.9933602
HAT-P-7 b,0.64675,0.9934919
HAT-P-7 b,0.66310,0.9936648
HAT-P-7 b,0.67945,0.9932737
HAT-P-7 b,0.69579,0.9934299
HAT-P-7 b,0.71214,0.9931460
HAT-P-7 b,0.72849,0.9936793
HAT-P-7 b,0.74483,0.9933788
HAT-P-7 b,0.76118,0.9933217
HAT-P-7 b,0.77752,0.9936916
HAT-P-7 b,0.79387,0.9934880
HAT-P-7 b,0.81022,0.9932641
HAT-P-7 b,0.82657,0.9935534
HAT-P-7 b,0.84291,0.9936075
HAT-P-7 b,0.85926,0.9934798
HAT-P-7 b,0.87561,0.9935747
HAT-P-7 b,0.89195,0.9934905
HAT-P-7 b,0.90830,0.9937591
HAT-P-7 b,0.92465,0.9937496
HAT-P-7 b,0.94099,0.9938009
HAT-P-7 b,0.95734,0.9936217
HAT-P-7 b,0.97369,0.9937348
HAT-P-7 b,0.99004,0.9937772
HAT-P-7 b,1.00638,0.9937507
HAT-P-7 b,1.02273,0.9936155
HAT-P-7 b,1.03907,0.9939198
HAT-P-7 b,1.05542,0.9937796
HAT-P-7 b,1.07177,0.9938034
HAT-P-7 b,1.08811,0.9937881
HAT-P-7 b,1.10446,0.9940402
HAT-P-7 b,1.12081,0.9938060
HAT-P-7 b,1.13716,0.9940498
HAT-P-7 b,1.15350,0.9941772
HAT-P-7 b,1.16985,0.9941355
HAT-P-7 b,1.18619,0.9941930
HAT-P-7 b,1.20254,0.9941021
HAT-P-7 b,1.21889,0.9940237
HAT-P-7 b,1.23524,0.9939851
HAT-P-7 b,1.25158,0.9941060
HAT-P-7 b,1.26793,0.9942445
HAT-P-7 b,1.28427,0.9942046
HAT-P-7 b,1.30062,0.9940561
HAT-P-7 b,1.31697,0.9941285
HAT-P-7 b,1.33332,0.9942754
HAT-P-7 b,1.34966,0.9941997
HAT-P-7 b,1.36601,0.9942217
HAT-P-7 b,1.38236,0.9944100
HAT-P-7 b,1.39870,0.9941957
HAT-P-7 b,1.41505,0.9942337
HAT-P-7 b,1.43139,0.9944274
HAT-P-7 b,1.44774,0.9944164
HAT-P-7 b,1.46409,0.9947139
HAT-P-7 b,1.48044,0.9945736
HAT-P-7 b,1.49678,0.9946214
HAT-P-7 b,1.51313,0.9945850
HAT-P-7 b,1.52948,0.9949341
HAT-P-7 b,1.54582,0.9946470
HAT-P-7 b,1.56217,0.9951080
HAT-P-7 b,1.57852,0.9949320
HAT-P-7 b,1.59486,0.9951841
HAT-P-7 b,1.61121,0.9952373
HAT-P-7 b,1.62756,0.9953493
HAT-P-7 b,1.64390,0.9957290
HAT-P-7 b,1.66025,0.9957531
HAT-P-7 b,1.67660,0.9960614
HAT-P-7 b,1.69294,0.9961868
HAT-P-7 b,1.70929,0.9966444
HAT-P-7 b,1.72564,0.9966833
HAT-P-7 b,1.74198,0.9969572
HAT-P-7 b,1.75833,0.9974879
HAT-P-7 b,1.77468,0.9976418
HAT-P-7 b,1.79102,0.9982420
HAT-P-7 b,1.80737,0.9982885
HAT-P-7 b,1.82372,0.9986116
HAT-P-7 b,1.84006,0.9984495
HAT-P-7 b,1.85641,0.9990330
HAT-P-7 b,1.87276,0.9992210
HAT-P-7 b,1.88910,0.9993822
HAT-P-7 b,1.90545,0.9999091
HAT-P-7 b,1.92180,0.9997268
HAT-P-7 b,1.93814,0.9997362
HAT-P-7 b,1.95449,1.0000951
HAT-P-7 b,1.97084,1.0000870
HAT-P-7 b,1.98718,1.0001124
HAT-P-7 b,2.00353,1.0001423
HAT-P-7 b,2.01988,0.9999988
HAT-P-7 b,2.03623,1.0003230
HAT-P-7 b,2.05257,1.0000865
HAT-P-7 b,2.06892,1.0001349
HAT-P-7 b,2.08526,1.0002801
HAT-P-7 b,2.10161,1.0000160
HAT-P-7 b,2.11796,1.0002426
HAT-P-7 b,2.13431,0.9999028
HAT-P-7 b,2.15065,0.9999982
HAT-P-7 b,2.16700,1.0000263
HAT-P-7 b,2.18335,0.9996593
HAT-P-7 b,2.19969,0.9996759
HAT-P-7 b,2.21604,1.0000436
HAT-P-7 b,2.23239,1.0000154
HAT-P-7 b,2.24873,1.0000771
HAT-P-7 b,2.26508,0.9998583
HAT-P-7 b,2.28143,1.0000958
HAT-P-7 b,2.29777,1.0001257
HAT-P-7 b,2.31412,0.9999442
HAT-P-7 b,2.33047,1.0000782
HAT-P-7 b,2.34681,0.9998966
HAT-P-7 b,2.36316,0.9999630
HAT-P-7 b,2.37951,0.9998895
HAT-P-7 b,2.39585,0.9999729
HAT-P-7 b,2.41220,0.9999504
HAT-P-7 b,2.42855,0.9997351
HAT-P-7 b,2.44489,0.9996024
HAT-P-7 b,2.46124,1.0000996
HAT-P-7 b,2.47759,0.9999811
HAT-P-7 b,2.49393,1.0001795
HAT-P-7 b,2.51028,1.0000787
HAT-P-7 b,2.52663,0.9999726
HAT-P-7 b,2.54297,1.0001103
HAT-P-7 b,2.55932,1.0000581
HAT-P-7 b,2.57567,0.9999762
HAT-P-7 b,2.59202,1.0000095
HAT-P-7 b,2.60836,0.9999839
HAT-P-7 b,2.62471,0.9999768
HAT-P-7 b,2.64106,0.9999692
HAT-P-7 b,2.65740,0.9999261
HAT-P-7 b,2.67375,0.9999525
HAT-P-7 b,2.69010,1.0000027
HAT-P-7 b,2.70644,1.0000190
HAT-P-7 b,2.72279,0.9998442
HAT-P-7 b,2.73914,1.0002039
HAT-P-7 b,2.75548,0.9999041
HAT-P-7 b,2.77183,0.9999644
HAT-P-7 b,2.78818,0.9999646
HAT-P-7 b,2.80453,0.9998308
HAT-P-7 b,2.82087,0.9998784
HAT-P-7 b,2.83722,0.9997908
HAT-P-7 b,2.85356,0.9998812
HAT-P-7 b,2.86991,0.9999989
HAT-P-7 b,2.88626,0.9997405
HAT-P-7 b,2.90260,0.9998713
HAT-P-7 b,2.91895,0.9997699
HAT-P-7 b,2.93530,0.9996143
HAT-P-7 b,2.95164,0.9997001
HAT-P-7 b,2.96799,1.0000822
HAT-P-7 b,2.98434,0.9998137
HAT-P-7 b,3.00068,0.9998981
HAT-P-7 b,3.01703,0.9999058
HAT-P-7 b,3.03338,1.0003165
HAT-P-7 b,3.04972,0.9999053
HAT-P-7 b,3.06607,1.0000568
HAT-P-7 b,3.08242,0.9997756
HAT-P-7 b,3.09877,1.0001323
HAT-P-7 b,3.11511,0.9998514
HAT-P-7 b,3.13146,1.0000874
HAT-P-7 b,3.14780,0.9996996
HAT-P-7 b,3.16415,0.9989356
HAT-P-7 b,3.18050,1.0000857
HAT-P-7 b,3.19685,0.9999995
HAT-P-7 b,3.21319,0.9999818
HAT-P-7 b,3.22954,1.0001579
HAT-P-7 b,3.24589,1.0001522
HAT-P-7 b,3.26223,1.0000920
HAT-P-7 b,3.27858,1.0000040
HAT-P-7 b,3.29493,0.9996851
HAT-P-7 b,3.31127,0.9999490
HAT-P-7 b,3.32762,1.0000721
HAT-P-7 b,3.34397,1.0000908
HAT-P-7 b,3.36032,1.0002089
HAT-P-7 b,3.37666,1.0001097
HAT-P-7 b,3.39301,1.0002479
HAT-P-7 b,3.40935,1.0003548
HAT-P-7 b,3.42570,1.0001983
HAT-P-7 b,3.44205,1.0000853
HAT-P-7 b,3.45839,0.9998276
HAT-P-7 b,3.47474,1.0001384
HAT-P-7 b,3.49109,0.9998099
HAT-P-7 b,3.50743,0.9999779
HAT-P-7 b,3.52378,0.9999309
HAT-P-7 b,3.54013,0.9998669
HAT-P-7 b,3.55647,0.9999600
HAT-P-7 b,3.57282,1.0000806
HAT-P-7 b,3.58917,0.9996309
HAT-P-7 b,3.60551,1.0001464
HAT-P-7 b,3.62186,0.9999933
HAT-P-7 b,3.63821,0.9997363
HAT-P-7 b,3.65455,0.9997833
HAT-P-7 b,3.67090,0.9999054
HAT-P-7 b,3.68725,0.9998671
HAT-P-7 b,3.70359,1.0000060
HAT-P-7 b,3.71994,1.0002774
HAT-P-7 b,3.73629,0.9999913
HAT-P-7 b,3.75264,0.9998435
HAT-P-7 b,3.76898,1.0002618
HAT-P-7 b,3.78533,1.0002031
HAT-P-7 b,3.80167,1.0001792
HAT-P-7 b,3.81802,0.9998869
HAT-P-7 b,3.83437,0.9998286
HAT-P-7 b,3.85072,1.0000620
HAT-P-7 b,3.86706,1.0001487
HAT-P-7 b,3.88341,1.0000680
HAT-P-7 b,3.89976,1.0002183
HAT-P-7 b,3.91610,1.0001120
HAT-P-7 b,3.93245,1.0001649
HAT-P-7 b,3.94880,1.0001766
HAT-P-7 b,3.96514,0.9997341
HAT-P-7 b,3.98149,1.0000797
HAT-P-7 b,3.99784,1.0002078
HAT-P-7 b,4.01418,1.0000749
HAT-P-7 b,4.03053,1.0002679
HAT-P-7 b,4.04688,0.9999845
HAT-P-7 b,4.06322,0.9999257
HAT-P-7 b,4.07957,0.9999340
HAT-P-7 b,4.09592,1.0002502
HAT-P-7 b,4.11226,1.0001730
HAT-P-7 b,4.12861,1.0001621
HAT-P-7 b,4.14496,0.9998689
HAT-P-7 b,4.16130,0.9999224
HAT-P-7 b,4.17765,1.0000889
HAT-P-7 b,4.19400,1.0001765
HAT-P-7 b,4.21034,1.0003250
HAT-P-7 b,4.22669,0.9999708
HAT-P-7 b,4.24304,0.9998606
HAT-P-7 b,4.25938,1.0000069
HAT-P-7 b,4.27573,0.9999534
HAT-P-7 b,4.29208,0.9995968
HAT-P-7 b,4.30843,0.9997748
HAT-P-7 b,4.32477,0.9998511
HAT-P-7 b,4.34112,1.0000808
HAT-P-7 b,4.35746,0.9999483
HAT-P-7 b,4.37381,1.0000257
HAT-P-7 b,4.39016,0.9998236
HAT-P-7 b,4.40651,1.0001283
HAT-P-7 b,4.42285,0.9996773
HAT-P-7 b,4.43920,1.0000832
HAT-P-7 b,4.45554,0.9999461
HAT-P-7 b,4.47189,1.0000250
HAT-P-7 b,4.48824,1.0000283
HAT-P-7 b,4.50459,0.9999788
HAT-P-7 b,4.52093,0.9998808
HAT-P-7 b,4.53728,0.9997420
HAT-P-7 b,4.55363,0.9995974
HAT-P-7 b,4.56997,1.0000869
HAT-P-7 b,4.58632,0.9997325
HAT-P-7 b,4.60267,0.9996170
HAT-P-7 b,4.61901,0.9999007
HAT-P-7 b,4.63536,0.9996926
HAT-P-7 b,4.65171,0.9999769
HAT-P-7 b,4.66805,0.9998019
HAT-P-7 b,4.68440,1.0002176
HAT-P-7 b,4.70075,0.9998323
HAT-P-7 b,4.71709,0.9999708
HAT-P-7 b,4.73344,0.9999819
HAT-P-7 b,4.74979,1.0001831
HAT-P-7 b,4.76613,1.0000962
HAT-P-7 b,4.78248,1.0004557
HAT-P-7 b,4.79883,1.0001364
HAT-P-7 b,4.81517,1.0001413
HAT-P-7 b,4.83152,1.0001808
HAT-P-7 b,4.84787,1.0001924
HAT-P-7 b,4.86421,1.0003177
HAT-P-7 b,4.88056,0.9999053
HAT-P-7 b,4.89691,1.0001556
HAT-P-7 b,4.91325,1.0001410
HAT-P-7 b,4.92960,0.9997235
HAT-P-7 b,4.94595,0.9999814
HAT-P-7 b,4.96230,0.9999803
HAT-P-7 b,4.97864,0.9999656
HAT-P-7 b,4.99499,0.9996820
HAT-P-7 b,5.01133,0.9998160
HAT-P-7 b,5.02768,1.0000475
HAT-P-7 b,5.04403,0.9996524
HAT-P-7 b,5.06038,1.0000478
HAT-P-7 b,5.07672,1.0000785
HAT-P-7 b,5.09307,0.9999653
HAT-P-7 b,5.10941,0.9999216
HAT-P-7 b,5.12576,1.0000573
HAT-P-7 b,5.14211,1.0000913
HAT-P-7 b,5.15846,1.0000964
HAT-P-7 b,5.17480,1.0001118
HAT-P-7 b,5.19115,1.0001855
HAT-P-7 b,5.20750,1.0001236
HAT-P-7 b,5.22384,1.0001341
HAT-P-7 b,5.24019,1.0003599
HAT-P-7 b,5.25654,1.0001291
HAT-P-7 b,5.27288,1.0003692
HAT-P-7 b,5.28923,0.9999445
HAT-P-7 b,5.30558,1.0000777
HAT-P-7 b,5.32192,1.0000969
HAT-P-7 b,5.33827,1.0000425
HAT-P-7 b,5.35462,0.9999616
HAT-P-7 b,5.37096,1.0002873
HAT-P-7 b,5.38731,1.0002227
HAT-P-7 b,5.40366,1.0002277
HAT-P-7 b,5.42000,1.0002790
HAT-P-7 b,5.43635,1.0000385
HAT-P-7 b,5.45270,0.9998999
HAT-P-7 b,5.46905,1.0001281
HAT-P-7 b,5.48539,0.9999057
HAT-P-7 b,5.50174,0.9999645
HAT-P-7 b,5.51808,0.9999633
HAT-P-7 b,5.53443,1.0004214
HAT-P-7 b,5.55078,0.9996084
HAT-P-7 b,5.56713,0.9999308
HAT-P-7 b,5.58347,1.0003123
HAT-P-7 b,5.59982,1.0001197
HAT-P-7 b,5.61617,1.0001548
HAT-P-7 b,5.63251,1.0002169
HAT-P-7 b,5.64886,1.0003163
HAT-P-7 b,5.66521,1.0001046
HAT-P-7 b,5.68155,1.0004651
HAT-P-7 b,5.69790,1.0000880
HAT-P-7 b,5.71425,1.0000794
HAT-P-7 b,5.73059,1.0000742
HAT-P-7 b,5.74694,0.9999304
HAT-P-7 b,5.76329,0.9999703
HAT-P-7 b,5.77963,1.0001960
HAT-P-7 b,5.79598,0.9997047
HAT-P-7 b,5.81233,0.9998513
HAT-P-7 b,5.82867,1.0000851
HAT-P-7 b,5.84502,1.0000340
HAT-P-7 b,5.86137,0.9997801
HAT-P-7 b,5.87771,1.0000676
HAT-P-7 b,5.89406,0.9999166
HAT-P-7 b,5.91041,0.9999836
HAT-P-7 b,5.92675,1.0003085
HAT-P-7 b,5.94310,0.9999297
HAT-P-7 b,5.95945,1.0001467
HAT-P-7 b,5.97579,1.0003122
HAT-P-7 b,5.99214,1.0000233
HAT-P-7 b,6.00849,0.9998428
HAT-P-7 b,6.02484,0.9998433
HAT-P-7 b,6.04118,0.9999784
HAT-P-7 b,6.05753,0.9998678
HAT-P-7 b,6.07387,1.0000248
HAT-P-7 b,6.09022,0.9999065
HAT-P-7 b,6.10657,0.9998530
HAT-P-7 b,6.12292,1.0000680
HAT-P-7 b,6.13926,0.9996690
HAT-P-7 b,6.15561,0.9994854
HAT-P-7 b,6.17195,1.0000136
HAT-P-7 b,6.18830,0.9998665
HAT-P-7 b,6.20465,1.0000617
HAT-P-7 b,6.22100,1.0000759
HAT-P-7 b,6.23734,1.0000752
HAT-P-7 b,6.25369,1.0000307
HAT-P-7 b,6.27004,1.0000333
HAT-P-7 b,6.28638,0.9999997
HAT-P-7 b,6.30273,1.0001268
HAT-P-7 b,6.31908,1.0001602
HAT-P-7 b,6.33542,1.0001941
HAT-P-7 b,6.35177,1.0002912
HAT-P-7 b,6.36812,0.9999704
HAT-P-7 b,6.38446,1.0000740
HAT-P-7 b,6.40081,1.0003675
HAT-P-7 b,6.41716,1.0000079
HAT-P-7 b,6.43350,1.0003589
HAT-P-7 b,6.44985,0.9998644
HAT-P-7 b,6.46620,1.0001409
HAT-P-7 b,6.48254,1.0000909
HAT-P-7 b,6.49889,1.0002070
HAT-P-7 b,6.51524,1.0003805
HAT-P-7 b,6.53158,1.0002478
HAT-P-7 b,6.54793,0.9999638
HAT-P-7 b,6.56428,0.9999271
HAT-P-7 b,6.58062,0.9998433
HAT-P-7 b,6.59697,1.0001607
HAT-P-7 b,6.61332,1.0000458
HAT-P-7 b,6.62966,1.0001221
HAT-P-7 b,6.64601,0.9998271
HAT-P-7 b,6.66236,0.9998501
HAT-P-7 b,6.67871,1.0000297
HAT-P-7 b,6.69505,1.0000576
HAT-P-7 b,6.71140,0.9998622
HAT-P-7 b,6.72774,1.0001235
HAT-P-7 b,6.74409,0.9999726
HAT-P-7 b,6.76044,0.9999332
HAT-P-7 b,6.77679,0.9999411
HAT-P-7 b,6.79313,0.9999516
HAT-P-7 b,6.80948,1.0000446
HAT-P-7 b,6.82582,1.0000697
HAT-P-7 b,6.84217,1.0000085
HAT-P-7 b,6.85852,1.0000511
HAT-P-7 b,6.87487,0.9999599
HAT-P-7 b,6.89121,1.0001652
HAT-P-7 b,6.90756,0.9997112
HAT-P-7 b,6.92391,0.9999257
HAT-P-7 b,6.94025,0.9998540
HAT-P-7 b,6.95660,0.9999160
HAT-P-7 b,6.97295,0.9998149
HAT-P-7 b,6.98929,1.0000423
HAT-P-7 b,7.00564,0.9997752
HAT-P-7 b,7.02199,0.9998010
HAT-P-7 b,7.03833,0.9998041
HAT-P-7 b,7.05468,0.9998057
HAT-P-7 b,7.07103,0.9997903
HAT-P-7 b,7.08737,0.9998519
HAT-P-7 b,7.10372,0.9997283
HAT-P-7 b,7.12007,0.9999249
HAT-P-7 b,7.13641,1.0000228
HAT-P-7 b,7.15276,1.0002091
HAT-P-7 b,7.16911,0.9997442
HAT-P-7 b,7.18545,1.0002713
HAT-P-7 b,7.20180,0.9999584
HAT-P-7 b,7.21815,0.9998554
HAT-P-7 b,7.23449,0.9999273
HAT-P-7 b,7.25084,0.9999885
HAT-P-7 b,7.26719,1.0001659
HAT-P-7 b,7.28353,0.9999153
HAT-P-7 b,7.29988,0.9997589
HAT-P-7 b,7.31623,0.9999541
HAT-P-7 b,7.33258,0.9996946
HAT-P-7 b,7.34892,0.9998353
HAT-P-7 b,7.36527,0.9996960
HAT-P-7 b,7.38161,1.0000449
HAT-P-7 b,7.39796,0.9999742
HAT-P-7 b,7.41431,0.9999915
HAT-P-7 b,7.43066,0.9999665
HAT-P-7 b,7.44700,1.0000698
HAT-P-7 b,7.46335,1.0002700
HAT-P-7 b,7.47970,1.0001420
HAT-P-7 b,7.49604,0.9997636
HAT-P-7 b,7.51239,0.9997560
HAT-P-7 b,7.52873,1.0001118
HAT-P-7 b,7.54508,0.9999157
HAT-P-7 b,7.56143,0.9999051
HAT-P-7 b,7.57778,0.9998852
HAT-P-7 b,7.59412,1.0001710
HAT-P-7 b,7.61047,1.0001077
HAT-P-7 b,7.62681,0.9998705
HAT-P-7 b,7.64316,0.9996227
HAT-P-7 b,7.65951,1.0000250
HAT-P-7 b,7.67586,0.9999525
HAT-P-7 b,7.69220,0.9999504
HAT-P-7 b,7.70855,0.9999750
HAT-P-7 b,7.72490,1.0001298
HAT-P-7 b,7.74124,0.9999074
HAT-P-7 b,7.75759,1.0001368
HAT-P-7 b,7.77394,0.9998009
HAT-P-7 b,7.79028,0.9997069
HAT-P-7 b,7.80663,1.0000772
HAT-P-7 b,7.82298,1.0002272
HAT-P-7 b,7.83932,0.9999956
HAT-P-7 b,7.85567,0.9997561
HAT-P-7 b,7.87202,0.9999317
HAT-P-7 b,7.88836,1.0000093
HAT-P-7 b,7.90471,1.0001537
HAT-P-7 b,7.92106,0.9999608
HAT-P-7 b,7.93740,0.9998947
HAT-P-7 b,7.95375,1.0001610
HAT-P-7 b,7.97010,0.9999119
HAT-P-7 b,7.98645,0.9996555
HAT-P-7 b,8.00279,1.0001032
HAT-P-7 b,8.01914,1.0001148
HAT-P-7 b,8.03548,1.0001576
HAT-P-7 b,8.05183,0.9998870
HAT-P-7 b,8.06818,1.0001231
HAT-P-7 b,8.08452,1.0000968
HAT-P-7 b,8.10087,1.0002130
HAT-P-7 b,8.11722,1.0001165
HAT-P-7 b,8.13357,0.9999687
HAT-P-7 b,8.14991,0.9999012
HAT-P-7 b,8.16626,0.9999040
HAT-P-7 b,8.18260,1.0001044
HAT-P-7 b,8.19895,1.0000179
HAT-P-7 b,8.21530,0.9999511
HAT-P-7 b,8.23165,0.9998887
HAT-P-7 b,8.24799,0.9999679
HAT-P-7 b,8.26434,1.0000566
HAT-P-7 b,8.28068,1.0000664
HAT-P-7 b,8.29703,0.9998102
HAT-P-7 b,8.31338,0.9999149
HAT-P-7 b,8.32973,0.9996188
HAT-P-7 b,8.34607,0.9997528
HAT-P-7 b,8.36242,0.9999641
HAT-P-7 b,8.37877,0.9998567
HAT-P-7 b,8.39511,1.0000045
HAT-P-7 b,-8.39234,1.0000920
HAT-P-7 b,-8.37599,0.9997524
HAT-P-7 b,-8.35965,1.0000109
HAT-P-7 b,-8.34330,1.0000364
HAT-P-7 b,-8.32695,1.0000075
HAT-P-7 b,-8.31060,1.0000006
HAT-P-7 b,-8.29426,0.9999674
HAT-P-7 b,-8.27791,0.9996847
HAT-P-7 b,-8.26157,1.0001554
HAT-P-7 b,-8.24522,0.9998758
HAT-P-7 b,-8.22887,0.9999841
HAT-P-7 b,-8.21252,0.9999804
HAT-P-7 b,-8.19618,0.9998479
HAT-P-7 b,-8.17983,0.9999384
HAT-P-7 b,-8.16348,0.9998541
HAT-P-7 b,-8.14714,1.0000925
HAT-P-7 b,-8.13079,0.9999247
HAT-P-7 b,-8.11444,0.9996638
HAT-P-7 b,-8.09810,1.0001097
HAT-P-7 b,-8.08175,0.9998811
HAT-P-7 b,-8.06540,0.9996457
HAT-P-7 b,-8.04906,1.0000516
HAT-P-7 b,-8.03271,1.0001739
HAT-P-7 b,-8.01636,0.9999396
HAT-P-7 b,-8.00002,1.0000793
HAT-P-7 b,-7.98367,1.0003033
HAT-P-7 b,-7.96732,1.0001539
HAT-P-7 b,-7.95098,0.9999633
HAT-P-7 b,-7.93463,0.9999442
HAT-P-7 b,-7.91828,0.9999345
HAT-P-7 b,-7.90194,0.9999836
HAT-P-7 b,-7.88559,0.9998746
HAT-P-7 b,-7.86924,0.9996100
HAT-P-7 b,-7.85290,0.9999325
HAT-P-7 b,-7.83655,1.0000384
HAT-P-7 b,-7.82020,0.9997772
HAT-P-7 b,-7.80386,0.9997661
HAT-P-7 b,-7.78751,0.9999463
HAT-P-7 b,-7.77116,1.0000030
HAT-P-7 b,-7.75482,0.9998297
HAT-P-7 b,-7.73847,1.0002703
HAT-P-7 b,-7.72212,1.0000359
HAT-P-7 b,-7.70578,1.0003006
HAT-P-7 b,-7.68943,0.9998964
HAT-P-7 b,-7.67308,1.0001261
HAT-P-7 b,-7.65673,0.9999547
HAT-P-7 b,-7.64039,0.9998697
HAT-P-7 b,-7.62404,1.0002517
HAT-P-7 b,-7.60770,1.0002219
HAT-P-7 b,-7.59135,0.9999395
HAT-P-7 b,-7.57500,1.0000205
HAT-P-7 b,-7.55865,1.0003510
HAT-P-7 b,-7.54231,1.0001510
HAT-P-7 b,-7.52596,1.0000888
HAT-P-7 b,-7.50961,0.9996267
HAT-P-7 b,-7.49327,1.0000802
HAT-P-7 b,-7.47692,0.9997326
HAT-P-7 b,-7.46057,0.9998854
HAT-P-7 b,-7.44423,1.0001406
HAT-P-7 b,-7.42788,0.9998701
HAT-P-7 b,-7.41153,0.9999775
HAT-P-7 b,-7.39519,1.0001641
HAT-P-7 b,-7.37884,1.0000739
HAT-P-7 b,-7.36249,1.0001211
HAT-P-7 b,-7.34615,0.9999389
HAT-P-7 b,-7.32980,1.0001570
HAT-P-7 b,-7.31345,1.0001429
HAT-P-7 b,-7.29711,1.0000420
HAT-P-7 b,-7.28076,0.9997093
HAT-P-7 b,-7.26441,0.9998505
HAT-P-7 b,-7.24807,0.9999485
HAT-P-7 b,-7.23172,1.0001269
HAT-P-7 b,-7.21537,0.9999295
HAT-P-7 b,-7.19903,0.9998690
HAT-P-7 b,-7.18268,1.0000307
HAT-P-7 b,-7.16633,0.9999976
HAT-P-7 b,-7.14999,0.9992301
HAT-P-7 b,-7.13364,1.0000989
HAT-P-7 b,-7.11729,0.9997666
HAT-P-7 b,-7.10095,1.0000663
HAT-P-7 b,-7.08460,0.9998532
HAT-P-7 b,-7.06825,1.0000380
HAT-P-7 b,-7.05191,0.9999690
HAT-P-7 b,-7.03556,0.9997063
HAT-P-7 b,-7.01921,1.0001263
HAT-P-7 b,-7.00287,1.0002239
HAT-P-7 b,-6.98652,1.0000003
HAT-P-7 b,-6.97017,0.9995295
HAT-P-7 b,-6.95383,1.0000426
HAT-P-7 b,-6.93748,0.9999646
HAT-P-7 b,-6.92113,1.0001726
HAT-P-7 b,-6.90479,1.0001309
HAT-P-7 b,-6.88844,1.0000365
HAT-P-7 b,-6.87209,0.9998822
HAT-P-7 b,-6.85574,0.9999849
HAT-P-7 b,-6.83940,0.9997532
HAT-P-7 b,-6.82305,0.9998092
HAT-P-7 b,-6.80671,1.0001118
HAT-P-7 b,-6.79036,1.0001191
HAT-P-7 b,-6.77401,1.0002902
HAT-P-7 b,-6.75766,1.0001974
HAT-P-7 b,-6.74132,0.9999802
HAT-P-7 b,-6.72497,1.0001838
HAT-P-7 b,-6.70862,1.0001419
HAT-P-7 b,-6.69228,1.0000204
HAT-P-7 b,-6.67593,1.0003495
HAT-P-7 b,-6.65958,1.0000104
HAT-P-7 b,-6.64324,1.0002693
HAT-P-7 b,-6.62689,0.9999750
HAT-P-7 b,-6.61054,1.0001843
HAT-P-7 b,-6.59420,1.0002357
HAT-P-7 b,-6.57785,1.0000838
HAT-P-7 b,-6.56150,0.9999503
HAT-P-7 b,-6.54516,0.9999542
HAT-P-7 b,-6.52881,1.0001417
HAT-P-7 b,-6.51247,1.0000215
HAT-P-7 b,-6.49612,1.0001022
HAT-P-7 b,-6.47977,0.9999520
HAT-P-7 b,-6.46342,0.9999465
HAT-P-7 b,-6.44708,0.9999112
HAT-P-7 b,-6.43073,1.0001426
HAT-P-7 b,-6.41439,0.9998413
HAT-P-7 b,-6.39804,1.0000588
HAT-P-7 b,-6.38169,0.9999129
HAT-P-7 b,-6.36534,0.9998628
HAT-P-7 b,-6.34900,1.0001189
HAT-P-7 b,-6.33265,0.9999660
HAT-P-7 b,-6.31630,1.0001582
HAT-P-7 b,-6.29996,1.0001109
HAT-P-7 b,-6.28361,1.0000662
HAT-P-7 b,-6.26726,1.0001465
HAT-P-7 b,-6.25092,1.0000056
HAT-P-7 b,-6.23457,0.9999522
HAT-P-7 b,-6.21822,1.0001568
HAT-P-7 b,-6.20187,1.0001463
HAT-P-7 b,-6.18553,1.0000651
HAT-P-7 b,-6.16918,0.9999134
HAT-P-7 b,-6.15284,0.9998947
HAT-P-7 b,-6.13649,0.9997550
HAT-P-7 b,-6.12014,0.9997687
HAT-P-7 b,-6.10379,0.9999922
HAT-P-7 b,-6.08745,1.0000963
HAT-P-7 b,-6.07110,1.0002426
HAT-P-7 b,-6.05475,1.0000949
HAT-P-7 b,-6.03841,1.0001532
HAT-P-7 b,-6.02206,1.0000615
HAT-P-7 b,-6.00571,1.0000314
HAT-P-7 b,-5.98937,0.9997321
HAT-P-7 b,-5.97302,1.0000010
HAT-P-7 b,-5.95667,1.0000028
HAT-P-7 b,-5.94033,1.0001191
HAT-P-7 b,-5.92398,0.9999060
HAT-P-7 b,-5.90763,1.0000828
HAT-P-7 b,-5.89129,0.9999241
HAT-P-7 b,-5.87494,1.0002391
HAT-P-7 b,-5.85860,1.0000756
HAT-P-7 b,-5.84225,0.9999742
HAT-P-7 b,-5.82590,0.9997908
HAT-P-7 b,-5.80955,1.0003229
HAT-P-7 b,-5.79321,0.9999098
HAT-P-7 b,-5.77686,1.0000309
HAT-P-7 b,-5.76052,0.9999340
HAT-P-7 b,-5.74417,1.0000259
HAT-P-7 b,-5.72782,1.0001086
HAT-P-7 b,-5.71147,0.9998653
HAT-P-7 b,-5.69513,0.9997858
HAT-P-7 b,-5.67878,0.9996646
HAT-P-7 b,-5.66243,0.9998165
HAT-P-7 b,-5.64608,0.9998658
HAT-P-7 b,-5.62974,0.9997719
HAT-P-7 b,-5.61339,0.9996703
HAT-P-7 b,-5.59705,0.9997230
HAT-P-7 b,-5.58070,0.9999054
HAT-P-7 b,-5.56435,1.0000235
HAT-P-7 b,-5.54800,0.9998291
HAT-P-7 b,-5.53166,1.0002577
HAT-P-7 b,-5.51531,1.0002346
HAT-P-7 b,-5.49897,1.0001159
HAT-P-7 b,-5.48262,0.9999104
HAT-P-7 b,-5.46627,0.9999835
HAT-P-7 b,-5.44992,1.0001653
HAT-P-7 b,-5.43358,1.0002402
HAT-P-7 b,-5.41723,1.0002447
HAT-P-7 b,-5.40088,1.0000950
HAT-P-7 b,-5.38454,1.0002302
HAT-P-7 b,-5.36819,1.0001833
HAT-P-7 b,-5.35184,1.0002486
HAT-P-7 b,-5.33550,1.0002001
HAT-P-7 b,-5.31915,0.9999114
HAT-P-7 b,-5.30280,1.0000006
HAT-P-7 b,-5.28646,1.0001154
HAT-P-7 b,-5.27011,0.9999228
HAT-P-7 b,-5.25376,1.0000969
HAT-P-7 b,-5.23742,0.9999255
HAT-P-7 b,-5.22107,0.9999272
HAT-P-7 b,-5.20473,1.0000211
HAT-P-7 b,-5.18838,0.9999244
HAT-P-7 b,-5.17203,0.9999734
HAT-P-7 b,-5.15569,1.0000583
HAT-P-7 b,-5.13934,0.9997024
HAT-P-7 b,-5.12299,0.9998433
HAT-P-7 b,-5.10665,1.0001554
HAT-P-7 b,-5.09030,1.0000042
HAT-P-7 b,-5.07395,1.0000924
HAT-P-7 b,-5.05761,0.9999857
HAT-P-7 b,-5.04126,0.9999230
HAT-P-7 b,-5.02491,0.9998939
HAT-P-7 b,-5.00856,1.0001362
HAT-P-7 b,-4.99222,1.0002151
HAT-P-7 b,-4.97587,1.0002303
HAT-P-7 b,-4.95953,1.0001076
HAT-P-7 b,-4.94318,0.9998302
HAT-P-7 b,-4.92683,0.9999031
HAT-P-7 b,-4.91048,0.9998327
HAT-P-7 b,-4.89414,1.0000769
HAT-P-7 b,-4.87779,1.0000986
HAT-P-7 b,-4.86144,1.0001895
HAT-P-7 b,-4.84510,1.0001303
HAT-P-7 b,-4.82875,0.9998512
HAT-P-7 b,-4.81240,1.0000390
HAT-P-7 b,-4.79606,0.9999285
HAT-P-7 b,-4.77971,0.9998960
HAT-P-7 b,-4.76336,0.9999930
HAT-P-7 b,-4.74701,0.9998095
HAT-P-7 b,-4.73067,1.0000193
HAT-P-7 b,-4.71432,1.0000317
HAT-P-7 b,-4.69798,1.0000934
HAT-P-7 b,-4.68163,1.0000619
HAT-P-7 b,-4.66528,1.0001964
HAT-P-7 b,-4.64893,1.0001444
HAT-P-7 b,-4.63259,1.0000016
HAT-P-7 b,-4.61624,1.0002015
HAT-P-7 b,-4.59990,1.0003159
HAT-P-7 b,-4.58355,1.0002579
HAT-P-7 b,-4.56720,1.0002704
HAT-P-7 b,-4.55086,1.0002598
HAT-P-7 b,-4.53451,0.9999257
HAT-P-7 b,-4.51816,0.9998335
HAT-P-7 b,-4.50182,1.0001327
HAT-P-7 b,-4.48547,1.0001498
HAT-P-7 b,-4.46912,1.0001332
HAT-P-7 b,-4.45278,1.0002171
HAT-P-7 b,-4.43643,0.9999688
HAT-P-7 b,-4.42008,0.9998411
HAT-P-7 b,-4.40374,1.0000609
HAT-P-7 b,-4.38739,0.9998705
HAT-P-7 b,-4.37104,0.9998798
HAT-P-7 b,-4.35469,0.9997169
HAT-P-7 b,-4.33835,0.9996947
HAT-P-7 b,-4.32200,1.0001499
HAT-P-7 b,-4.30566,1.0001017
HAT-P-7 b,-4.28931,0.9998278
HAT-P-7 b,-4.27296,0.9998685
HAT-P-7 b,-4.25661,0.9998194
HAT-P-7 b,-4.24027,1.0000278
HAT-P-7 b,-4.22392,0.9999829
HAT-P-7 b,-4.20757,1.0000032
HAT-P-7 b,-4.19122,0.9997438
HAT-P-7 b,-4.17488,0.9997273
HAT-P-7 b,-4.15853,0.9999004
HAT-P-7 b,-4.14219,1.0004171
HAT-P-7 b,-4.12584,0.9997720
HAT-P-7 b,-4.10949,0.9998770
HAT-P-7 b,-4.09314,1.0001927
HAT-P-7 b,-4.07680,1.0002698
HAT-P-7 b,-4.06045,1.0000691
HAT-P-7 b,-4.04411,1.0000397
HAT-P-7 b,-4.02776,1.0000170
HAT-P-7 b,-4.01141,1.0001692
HAT-P-7 b,-3.99507,0.9999676
HAT-P-7 b,-3.97872,0.9998777
HAT-P-7 b,-3.96237,0.9999045
HAT-P-7 b,-3.94603,0.9998002
HAT-P-7 b,-3.92968,0.9998526
HAT-P-7 b,-3.91333,0.9999094
HAT-P-7 b,-3.89699,1.0001836
HAT-P-7 b,-3.88064,0.9999188
HAT-P-7 b,-3.86429,1.0000784
HAT-P-7 b,-3.84795,0.9999845
HAT-P-7 b,-3.83160,0.9998626
HAT-P-7 b,-3.81525,1.0001216
HAT-P-7 b,-3.79890,0.9999705
HAT-P-7 b,-3.78256,0.9998218
HAT-P-7 b,-3.76621,0.9999621
HAT-P-7 b,-3.74987,0.9999928
HAT-P-7 b,-3.73352,0.9998008
HAT-P-7 b,-3.71717,1.0002363
HAT-P-7 b,-3.70082,0.9998722
HAT-P-7 b,-3.68448,1.0000297
HAT-P-7 b,-3.66813,0.9997985
HAT-P-7 b,-3.65179,1.0000746
HAT-P-7 b,-3.63544,1.0000901
HAT-P-7 b,-3.61909,1.0000386
HAT-P-7 b,-3.60274,0.9998044
HAT-P-7 b,-3.58640,0.9997168
HAT-P-7 b,-3.57005,1.0000704
HAT-P-7 b,-3.55370,1.0000341
HAT-P-7 b,-3.53736,0.9998918
HAT-P-7 b,-3.52101,1.0000529
HAT-P-7 b,-3.50466,1.0001874
HAT-P-7 b,-3.48832,0.9999242
HAT-P-7 b,-3.47197,0.9997721
HAT-P-7 b,-3.45562,1.0000814
HAT-P-7 b,-3.43928,1.0000228
HAT-P-7 b,-3.42293,0.9997913
HAT-P-7 b,-3.40658,0.9996998
HAT-P-7 b,-3.39024,1.0000604
HAT-P-7 b,-3.37389,1.0001005
HAT-P-7 b,-3.35754,0.9997002
HAT-P-7 b,-3.34120,1.0001219
HAT-P-7 b,-3.32485,0.9999853
HAT-P-7 b,-3.30850,1.0000729
HAT-P-7 b,-3.29216,1.0001086
HAT-P-7 b,-3.27581,0.9998240
HAT-P-7 b,-3.25946,1.0000837
HAT-P-7 b,-3.24312,0.9999633
HAT-P-7 b,-3.22677,0.9998712
HAT-P-7 b,-3.21042,0.9999525
HAT-P-7 b,-3.19408,0.9998877
HAT-P-7 b,-3.17773,1.0000018
HAT-P-7 b,-3.16138,1.0001521
HAT-P-7 b,-3.14504,1.0000313
HAT-P-7 b,-3.12869,0.9997947
HAT-P-7 b,-3.11234,1.0000265
HAT-P-7 b,-3.09600,1.0001296
HAT-P-7 b,-3.07965,1.0002367
HAT-P-7 b,-3.06330,1.0000001
HAT-P-7 b,-3.04696,1.0003517
HAT-P-7 b,-3.03061,0.9999499
HAT-P-7 b,-3.01426,1.0000552
HAT-P-7 b,-2.99792,1.0001029
HAT-P-7 b,-2.98157,0.9999944
HAT-P-7 b,-2.96522,1.0000060
HAT-P-7 b,-2.94888,0.9998444
HAT-P-7 b,-2.93253,1.0000704
HAT-P-7 b,-2.91618,0.9999777
HAT-P-7 b,-2.89983,0.9999462
HAT-P-7 b,-2.88349,0.9996607
HAT-P-7 b,-2.86714,0.9998637
HAT-P-7 b,-2.85080,0.9998008
HAT-P-7 b,-2.83445,0.9996117
HAT-P-7 b,-2.81810,0.9998497
HAT-P-7 b,-2.80175,0.9998436
HAT-P-7 b,-2.78541,0.9999535
HAT-P-7 b,-2.76906,0.9997264
HAT-P-7 b,-2.75271,0.9999290
HAT-P-7 b,-2.73637,0.9999731
HAT-P-7 b,-2.72002,1.0003174
HAT-P-7 b,-2.70367,0.9997106
HAT-P-7 b,-2.68733,0.9999243
HAT-P-7 b,-2.67098,0.9999612
HAT-P-7 b,-2.65463,1.0001617
HAT-P-7 b,-2.63829,1.0000645
HAT-P-7 b,-2.62194,0.9996397
HAT-P-7 b,-2.60559,0.9998649
HAT-P-7 b,-2.58925,1.0000309
HAT-P-7 b,-2.57290,0.9999347
HAT-P-7 b,-2.55655,0.9999569
HAT-P-7 b,-2.54021,0.9998342
HAT-P-7 b,-2.52386,1.0001853
HAT-P-7 b,-2.50751,1.0000791
HAT-P-7 b,-2.49117,0.9998910
HAT-P-7 b,-2.47482,0.9998845
HAT-P-7 b,-2.45847,0.9998774
HAT-P-7 b,-2.44213,1.0000365
HAT-P-7 b,-2.42578,1.0000103
HAT-P-7 b,-2.40943,1.0000620
HAT-P-7 b,-2.39309,1.0001036
HAT-P-7 b,-2.37674,0.9999586
HAT-P-7 b,-2.36039,1.0001966
HAT-P-7 b,-2.34404,1.0001967
HAT-P-7 b,-2.32770,0.9999119
HAT-P-7 b,-2.31135,0.9999508
HAT-P-7 b,-2.29501,0.9998994
HAT-P-7 b,-2.27866,1.0000564
HAT-P-7 b,-2.26231,1.0000861
HAT-P-7 b,-2.24596,0.9999217
HAT-P-7 b,-2.22962,1.0001818
HAT-P-7 b,-2.21327,0.9999758
HAT-P-7 b,-2.19693,1.0001633
HAT-P-7 b,-2.18058,0.9998604
HAT-P-7 b,-2.16423,1.0002701
HAT-P-7 b,-2.14788,1.0002662
HAT-P-7 b,-2.13154,1.0000148
HAT-P-7 b,-2.11519,1.0000316
HAT-P-7 b,-2.09884,1.0001585
HAT-P-7 b,-2.08250,0.9998475
HAT-P-7 b,-2.06615,0.9998274
HAT-P-7 b,-2.04980,0.9999503
HAT-P-7 b,-2.03346,0.9998964
HAT-P-7 b,-2.01711,1.0000373
HAT-P-7 b,-2.00076,0.9999231
HAT-P-7 b,-1.98442,0.9999898
HAT-P-7 b,-1.96807,1.0000960
HAT-P-7 b,-1.95172,0.9997295
HAT-P-7 b,-1.93538,1.0000298
HAT-P-7 b,-1.91903,0.9993041
HAT-P-7 b,-1.90268,0.9993272
HAT-P-7 b,-1.88634,0.9989738
HAT-P-7 b,-1.86999,0.9989283
HAT-P-7 b,-1.85364,0.9986727
HAT-P-7 b,-1.83730,0.9986096
HAT-P-7 b,-1.82095,0.9983127
HAT-P-7 b,-1.80460,0.9979215
HAT-P-7 b,-1.78826,0.9976471
HAT-P-7 b,-1.77191,0.9973963
HAT-P-7 b,-1.75556,0.9972897
HAT-P-7 b,-1.73922,0.9967511
HAT-P-7 b,-1.72287,0.9967096
HAT-P-7 b,-1.70652,0.9964031
HAT-P-7 b,-1.69017,0.9959800
HAT-P-7 b,-1.67383,0.9956431
HAT-P-7 b,-1.65748,0.9957216
HAT-P-7 b,-1.64114,0.9952903
HAT-P-7 b,-1.62479,0.9950142
HAT-P-7 b,-1.60844,0.9950250
HAT-P-7 b,-1.59209,0.9949191
HAT-P-7 b,-1.57575,0.9946724
HAT-P-7 b,-1.55940,0.9949741
HAT-P-7 b,-1.54306,0.9949858
HAT-P-7 b,-1.52671,0.9945657
HAT-P-7 b,-1.51036,0.9946811
HAT-P-7 b,-1.49402,0.9949135
HAT-P-7 b,-1.47767,0.9947251
HAT-P-7 b,-1.46132,0.9944560
HAT-P-7 b,-1.44497,0.9943214
HAT-P-7 b,-1.42863,0.9945888
HAT-P-7 b,-1.41228,0.9945580
HAT-P-7 b,-1.39594,0.9940935
HAT-P-7 b,-1.37959,0.9943506
HAT-P-7 b,-1.36324,0.9944449
HAT-P-7 b,-1.34689,0.9943320
HAT-P-7 b,-1.33055,0.9944947
HAT-P-7 b,-1.31420,0.9943876
HAT-P-7 b,-1.29785,0.9943252
HAT-P-7 b,-1.28151,0.9944063
HAT-P-7 b,-1.26516,0.9947817
HAT-P-7 b,-1.24882,0.9944716
HAT-P-7 b,-1.23247,0.9942696
HAT-P-7 b,-1.21612,0.9942110
HAT-P-7 b,-1.19977,0.9939146
HAT-P-7 b,-1.18343,0.9939587
HAT-P-7 b,-1.16708,0.9939087
HAT-P-7 b,-1.15074,0.9940663
HAT-P-7 b,-1.13439,0.9940920
HAT-P-7 b,-1.11804,0.9938497
HAT-P-7 b,-1.10170,0.9939359
HAT-P-7 b,-1.08535,0.9939435
HAT-P-7 b,-1.06900,0.9937554
HAT-P-7 b,-1.05265,0.9938193
HAT-P-7 b,-1.03631,0.9938344
HAT-P-7 b,-1.01996,0.9939519
HAT-P-7 b,-1.00362,0.9938516
HAT-P-7 b,-0.98727,0.9938081
HAT-P-7 b,-0.97092,0.9937202
HAT-P-7 b,-0.95457,0.9937426
HAT-P-7 b,-0.93823,0.9935526
HAT-P-7 b,-0.92188,0.9938066
HAT-P-7 b,-0.90553,0.9938515
HAT-P-7 b,-0.88919,0.9935334
HAT-P-7 b,-0.87284,0.9936077
HAT-P-7 b,-0.85649,0.9936796
HAT-P-7 b,-0.84015,0.9935646
HAT-P-7 b,-0.82380,0.9932233
HAT-P-7 b,-0.80745,0.9935976
HAT-P-7 b,-0.79111,0.9934665
HAT-P-7 b,-0.77476,0.9933636
HAT-P-7 b,-0.75841,0.9936186
HAT-P-7 b,-0.74207,0.9935982
HAT-P-7 b,-0.72572,0.9936129
HAT-P-7 b,-0.70937,0.9934628
HAT-P-7 b,-0.69303,0.9936464
HAT-P-7 b,-0.67668,0.9932507
HAT-P-7 b,-0.66033,0.9937175
HAT-P-7 b,-0.64398,0.9934226
HAT-P-7 b,-0.62764,0.9933673
HAT-P-7 b,-0.61129,0.9934535
HAT-P-7 b,-0.59495,0.9937099
HAT-P-7 b,-0.57860,0.9935737
HAT-P-7 b,-0.56225,0.9935226
HAT-P-7 b,-0.54590,0.9932568
HAT-P-7 b,-0.52956,0.9932994
HAT-P-7 b,-0.51321,0.9932974
HAT-P-7 b,-0.49686,0.9932401
HAT-P-7 b,-0.48052,0.9934782
HAT-P-7 b,-0.46417,0.9936051
HAT-P-7 b,-0.44783,0.9935088
HAT-P-7 b,-0.43148,0.9933518
HAT-P-7 b,-0.41513,0.9933825
HAT-P-7 b,-0.39878,0.9938077
HAT-P-7 b,-0.38244,0.9934834
HAT-P-7 b,-0.36609,0.9933584
HAT-P-7 b,-0.34975,0.9934626
HAT-P-7 b,-0.33340,0.9932840
HAT-P-7 b,-0.31705,0.9932530
HAT-P-7 b,-0.30070,0.9933840
HAT-P-7 b,-0.28436,0.9930069
HAT-P-7 b,-0.26801,0.9935941
HAT-P-7 b,-0.25166,0.9933171
HAT-P-7 b,-0.23532,0.9933989
HAT-P-7 b,-0.21897,0.9933791
HAT-P-7 b,-0.20262,0.9933031
HAT-P-7 b,-0.18628,0.9933576
HAT-P-7 b,-0.16993,0.9936986
HAT-P-7 b,-0.15358,0.9933868
HAT-P-7 b,-0.13724,0.9935264
HAT-P-7 b,-0.12089,0.9930734
HAT-P-7 b,-0.10454,0.9933141
HAT-P-7 b,-0.08820,0.9932575
HAT-P-7 b,-0.07185,0.9935848
HAT-P-7 b,-0.05550,0.9933731
HAT-P-7 b,-0.03916,0.9932758
HAT-P-7 b,-0.02281,0.9933706
HAT-P-7 b,-0.00646,0.9933989
HAT-P-7 b,0.00988,0.9935073
HAT-P-7 b,0.02623,0.9932096
HAT-P-7 b,0.04258,0.9936099
HAT-P-7 b,0.05892,0.9933932
HAT-P-7 b,0.07527,0.9932389
HAT-P-7 b,0.09162,0.9932684
HAT-P-7 b,0.10796,0.9933720
HAT-P-7 b,0.12431,0.9929697
HAT-P-7 b,0.14066,0.9932958
HAT-P-7 b,0.15701,0.9929599
HAT-P-7 b,0.17335,0.9931303
HAT-P-7 b,0.18970,0.9933635
HAT-P-7 b,0.20604,0.9928880
HAT-P-7 b,0.22239,0.9932612
HAT-P-7 b,0.23874,0.9932892
HAT-P-7 b,0.25509,0.9932056
HAT-P-7 b,0.27143,0.9931379
HAT-P-7 b,0.28778,0.9932521
HAT-P-7 b,0.30412,0.9933269
HAT-P-7 b,0.32047,0.9934332
HAT-P-7 b,0.33682,0.9933505
HAT-P-7 b,0.35316,0.9930777
HAT-P-7 b,0.36951,0.9931927
HAT-P-7 b,0.38586,0.9932297
HAT-P-7 b,0.40221,0.9934659
HAT-P-7 b,0.41855,0.9933493
HAT-P-7 b,0.43490,0.9932893
HAT-P-7 b,0.45124,0.9935440
HAT-P-7 b,0.46759,0.9933109
HAT-P-7 b,0.48394,0.9933482
HAT-P-7 b,0.50029,0.9932640
HAT-P-7 b,0.51663,0.9934018
HAT-P-7 b,0.53298,0.9933236
HAT-P-7 b,0.54933,0.9932055
HAT-P-7 b,0.56567,0.9932918
HAT-P-7 b,0.58202,0.9934053
HAT-P-7 b,0.59837,0.9935447
HAT-P-7 b,0.61471,0.9932543
HAT-P-7 b,0.63106,0.9931505
HAT-P-7 b,0.64741,0.9933011
HAT-P-7 b,0.66375,0.9934151
HAT-P-7 b,0.68010,0.9931882
HAT-P-7 b,0.69645,0.9932821
HAT-P-7 b,0.71279,0.9934337
HAT-P-7 b,0.72914,0.9932403
HAT-P-7 b,0.74549,0.9934548
HAT-P-7 b,0.76183,0.9935452
HAT-P-7 b,0.77818,0.9936694
HAT-P-7 b,0.79453,0.9935951
HAT-P-7 b,0.81087,0.9934801
HAT-P-7 b,0.82722,0.9936846
HAT-P-7 b,0.84357,0.9939837
HAT-P-7 b,0.85991,0.9935203
HAT-P-7 b,0.87626,0.9937261
HAT-P-7 b,0.89261,0.9935772
HAT-P-7 b,0.90895,0.9935294
HAT-P-7 b,0.92530,0.9937421
HAT-P-7 b,0.94165,0.9936506
HAT-P-7 b,0.95800,0.9937226
HAT-P-7 b,0.97434,0.9936139
HAT-P-7 b,0.99069,0.9936841
HAT-P-7 b,1.00703,0.9936346
HAT-P-7 b,1.02338,0.9939260
HAT-P-7 b,1.03973,0.9938019
HAT-P-7 b,1.05608,0.9939150
HAT-P-7 b,1.07242,0.9939625
HAT-P-7 b,1.08877,0.9937512
HAT-P-7 b,1.10511,0.9938163
HAT-P-7 b,1.12146,0.9939756
HAT-P-7 b,1.13781,0.9939074
HAT-P-7 b,1.15416,0.9939379
HAT-P-7 b,1.17050,0.9941286
HAT-P-7 b,1.18685,0.9941492
HAT-P-7 b,1.20320,0.9943301
HAT-P-7 b,1.21954,0.9941939
HAT-P-7 b,1.23589,0.9939487
HAT-P-7 b,1.25224,0.9939876
HAT-P-7 b,1.26858,0.9942940
HAT-P-7 b,1.28493,0.9942875
HAT-P-7 b,1.30128,0.9944269
HAT-P-7 b,1.31762,0.9941880
HAT-P-7 b,1.33397,0.9943179
HAT-P-7 b,1.35032,0.9943749
HAT-P-7 b,1.36666,0.9943595
HAT-P-7 b,1.38301,0.9941186
HAT-P-7 b,1.39936,0.9943092
HAT-P-7 b,1.41570,0.9945249
HAT-P-7 b,1.43205,0.9940789
HAT-P-7 b,1.44840,0.9940961
HAT-P-7 b,1.46474,0.9946229
HAT-P-7 b,1.48109,0.9945249
HAT-P-7 b,1.49744,0.9947283
HAT-P-7 b,1.51378,0.9946035
HAT-P-7 b,1.53013,0.9947089
HAT-P-7 b,1.54648,0.9947949
HAT-P-7 b,1.56282,0.9947706
HAT-P-7 b,1.57917,0.9949221
HAT-P-7 b,1.59552,0.9951911
HAT-P-7 b,1.61187,0.9952896
HAT-P-7 b,1.62821,0.9955675
HAT-P-7 b,1.64456,0.9959672
HAT-P-7 b,1.66090,0.9958777
HAT-P-7 b,1.67725,0.9961029
HAT-P-7 b,1.69360,0.9963626
HAT-P-7 b,1.70995,0.9966230
HAT-P-7 b,1.72629,0.9969166
HAT-P-7 b,1.74264,0.9970869
HAT-P-7 b,1.75898,0.9975051
HAT-P-7 b,1.77533,0.9977473
HAT-P-7 b,1.79168,0.9980226
HAT-P-7 b,1.80803,0.9984203
HAT-P-7 b,1.82437,0.9984897
HAT-P-7 b,1.84072,0.9986184
HAT-P-7 b,1.85707,0.9992652
HAT-P-7 b,1.87341,0.9993069
HAT-P-7 b,1.88976,0.9996410
HAT-P-7 b,1.90610,0.9994998
HAT-P-7 b,1.92245,0.9996831
HAT-P-7 b,1.93880,0.9999135
HAT-P-7 b,1.95515,1.0002943
HAT-P-7 b,1.97149,1.0000530
HAT-P-7 b,1.98784,0.9995966
HAT-P-7 b,2.00419,0.9999059
HAT-P-7 b,2.02053,0.9996407
HAT-P-7 b,2.03688,0.9999917
HAT-P-7 b,2.05322,1.0001113
HAT-P-7 b,2.06957,1.0000576
HAT-P-7 b,2.08592,1.0000289
HAT-P-7 b,2.10226,1.0001108
HAT-P-7 b,2.11861,1.0001444
HAT-P-7 b,2.13496,0.9999391
HAT-P-7 b,2.15131,1.0000985
HAT-P-7 b,2.16765,0.9999580
HAT-P-7 b,2.18400,0.9999508
HAT-P-7 b,2.20034,0.9999913
HAT-P-7 b,2.21669,1.0001010
HAT-P-7 b,2.23304,1.0001142
HAT-P-7 b,2.24939,0.9996667
HAT-P-7 b,2.26573,1.0001172
HAT-P-7 b,2.28208,0.9996984
HAT-P-7 b,2.29842,0.9998503
HAT-P-7 b,2.31477,0.9999272
HAT-P-7 b,2.33112,1.0001952
HAT-P-7 b,2.34747,0.9997654
HAT-P-7 b,2.36381,0.9998966
HAT-P-7 b,2.38016,0.9997569
HAT-P-7 b,2.39651,0.9999284
HAT-P-7 b,2.41286,1.0000875
HAT-P-7 b,2.42920,0.9999533
HAT-P-7 b,2.44555,1.0002815
HAT-P-7 b,2.46189,1.0002616
HAT-P-7 b,2.47824,0.9999385
HAT-P-7 b,2.49459,1.0000379
HAT-P-7 b,2.51094,0.9997890
HAT-P-7 b,2.52728,1.0000247
HAT-P-7 b,2.54363,1.0000200
HAT-P-7 b,2.55997,1.0000060
HAT-P-7 b,2.57632,0.9998177
HAT-P-7 b,2.59267,0.9999252
HAT-P-7 b,2.60902,0.9998419
HAT-P-7 b,2.62536,0.9998814
HAT-P-7 b,2.64171,1.0000909
HAT-P-7 b,2.65805,1.0000088
HAT-P-7 b,2.67440,1.0000370
HAT-P-7 b,2.69075,0.9999314
HAT-P-7 b,2.70709,1.0000499
HAT-P-7 b,2.72344,0.9997117
HAT-P-7 b,2.73979,1.0000584
HAT-P-7 b,2.75613,0.9998280
HAT-P-7 b,2.77248,1.0001522
HAT-P-7 b,2.78883,0.9998460
HAT-P-7 b,2.80518,1.0000862
HAT-P-7 b,2.82152,1.0001148
HAT-P-7 b,2.83787,1.0001515
HAT-P-7 b,2.85421,0.9999440
HAT-P-7 b,2.87056,1.0000370
HAT-P-7 b,2.88691,1.0001289
HAT-P-7 b,2.90326,1.0000756
HAT-P-7 b,2.91960,0.9999763
HAT-P-7 b,2.93595,1.0000859
HAT-P-7 b,2.95229,0.9998365
HAT-P-7 b,2.96864,1.0002249
HAT-P-7 b,2.98499,1.0000341
HAT-P-7 b,3.00134,0.9999442
HAT-P-7 b,3.01768,0.9999523
HAT-P-7 b,3.03403,1.0000940
HAT-P-7 b,3.05038,1.0000570
HAT-P-7 b,3.06673,1.0001584
HAT-P-7 b,3.08307,1.0000174
HAT-P-7 b,3.09942,0.9998077
HAT-P-7 b,3.11576,0.9999979
HAT-P-7 b,3.13211,1.0000821
HAT-P-7 b,3.14846,0.9999427
HAT-P-7 b,3.16481,1.0000592
HAT-P-7 b,3.18115,1.0000357
HAT-P-7 b,3.19750,0.9997150
HAT-P-7 b,3.21384,1.0001652
HAT-P-7 b,3.23019,0.9996532
HAT-P-7 b,3.24654,0.9998090
HAT-P-7 b,3.26289,0.9998509
HAT-P-7 b,3.27923,0.9999771
HAT-P-7 b,3.29558,1.0000003
HAT-P-7 b,3.31192,0.9999176
HAT-P-7 b,3.32827,0.9998627
HAT-P-7 b,3.34462,0.9999952
HAT-P-7 b,3.36096,1.0000051
HAT-P-7 b,3.37731,0.9998083
HAT-P-7 b,3.39366,1.0001125
HAT-P-7 b,3.41000,0.9999911
HAT-P-7 b,3.42635,1.0001895
HAT-P-7 b,3.44270,0.9998779
HAT-P-7 b,3.45904,0.9996480
HAT-P-7 b,3.47539,0.9998955
HAT-P-7 b,3.49174,0.9996950
HAT-P-7 b,3.50808,0.9994862
HAT-P-7 b,3.52443,0.9997306
HAT-P-7 b,3.54078,0.9998858
HAT-P-7 b,3.55712,1.0000013
HAT-P-7 b,3.57347,1.0000507
HAT-P-7 b,3.58982,0.9997414
HAT-P-7 b,3.60617,0.9995078
HAT-P-7 b,3.62251,1.0001485
HAT-P-7 b,3.63886,0.9999270
HAT-P-7 b,3.65520,1.0002749
HAT-P-7 b,3.67155,1.0000859
HAT-P-7 b,3.68790,1.0000115
HAT-P-7 b,3.70425,0.9998907
HAT-P-7 b,3.72059,1.0000442
HAT-P-7 b,3.73694,0.9997291
HAT-P-7 b,3.75328,0.9998335
HAT-P-7 b,3.76963,0.9999043
HAT-P-7 b,3.78598,0.9998091
HAT-P-7 b,3.80233,0.9999326
HAT-P-7 b,3.81867,0.9999712
HAT-P-7 b,3.83502,0.9998216
HAT-P-7 b,3.85137,0.9999085
HAT-P-7 b,3.86771,1.0001805
HAT-P-7 b,3.88406,1.0001731
HAT-P-7 b,3.90041,0.9998915
HAT-P-7 b,3.91675,0.9998339
HAT-P-7 b,3.93310,0.9998764
HAT-P-7 b,3.94945,1.0000728
HAT-P-7 b,3.96579,0.9998706
HAT-P-7 b,3.98214,1.0000383
HAT-P-7 b,3.99849,0.9998332
HAT-P-7 b,4.01483,1.0000716
HAT-P-7 b,4.03118,1.0000704
HAT-P-7 b,4.04753,0.9998145
HAT-P-7 b,4.06387,0.9999950
HAT-P-7 b,4.08022,1.0001075
HAT-P-7 b,4.09657,0.9999785
HAT-P-7 b,4.11291,1.0000604
HAT-P-7 b,4.12926,0.9999817
HAT-P-7 b,4.14561,0.9998884
HAT-P-7 b,4.16195,1.0004078
HAT-P-7 b,4.17830,0.9999262
HAT-P-7 b,4.19465,1.0001925
HAT-P-7 b,4.21099,0.9997343
HAT-P-7 b,4.22734,0.9997499
HAT-P-7 b,4.24369,1.0000961
HAT-P-7 b,4.26004,0.9997320
HAT-P-7 b,4.27638,0.9999478
HAT-P-7 b,4.29273,1.0001654
HAT-P-7 b,4.30907,0.9998289
HAT-P-7 b,4.32542,1.0000716
HAT-P-7 b,4.34177,0.9999488
HAT-P-7 b,4.35812,0.9998426
HAT-P-7 b,4.37446,1.0000740
HAT-P-7 b,4.39081,0.9999103
HAT-P-7 b,4.40715,1.0000088
HAT-P-7 b,4.42350,0.9998762
HAT-P-7 b,4.43985,0.9999247
HAT-P-7 b,4.45620,1.0002892
HAT-P-7 b,4.47254,1.0000820
HAT-P-7 b,4.48889,1.0001101
HAT-P-7 b,4.50524,0.9999385
HAT-P-7 b,4.52158,0.9998526
HAT-P-7 b,4.53793,0.9996916
HAT-P-7 b,4.55428,1.0001812
HAT-P-7 b,4.57062,1.0000727
HAT-P-7 b,4.58697,0.9997177
HAT-P-7 b,4.60332,0.9998570
HAT-P-7 b,4.61966,0.9999327
HAT-P-7 b,4.63601,0.9999783
HAT-P-7 b,4.65236,0.9997523
HAT-P-7 b,4.66870,0.9998838
HAT-P-7 b,4.68505,0.9998259
HAT-P-7 b,4.70140,1.0001435
HAT-P-7 b,4.71774,1.0000435
HAT-P-7 b,4.73409,0.9999935
HAT-P-7 b,4.75044,1.0000293
HAT-P-7 b,4.76678,1.0000462
HAT-P-7 b,4.78313,0.9999962
HAT-P-7 b,4.79948,1.0000674
HAT-P-7 b,4.81582,1.0001095
HAT-P-7 b,4.83217,1.0000076
HAT-P-7 b,4.84852,1.0002602
HAT-P-7 b,4.86486,0.9998324
HAT-P-7 b,4.88121,1.0000038
HAT-P-7 b,4.89756,0.9999253
HAT-P-7 b,4.91390,0.9997555
HAT-P-7 b,4.93025,0.9998499
HAT-P-7 b,4.94660,1.0000404
HAT-P-7 b,4.96294,1.0000945
HAT-P-7 b,4.97929,1.0001248
HAT-P-7 b,4.99564,1.0002092
HAT-P-7 b,5.01198,0.9998356
HAT-P-7 b,5.02833,0.9997128
HAT-P-7 b,5.04468,1.0001435
HAT-P-7 b,5.06102,0.9999900
HAT-P-7 b,5.07737,0.9999864
HAT-P-7 b,5.09372,1.0000719
HAT-P-7 b,5.11006,1.0002477
HAT-P-7 b,5.12641,0.9999866
HAT-P-7 b,5.14276,1.0001217
HAT-P-7 b,5.15911,1.0000218
HAT-P-7 b,5.17545,0.9997512
HAT-P-7 b,5.19180,0.9998657
HAT-P-7 b,5.20814,1.0002448
HAT-P-7 b,5.22449,0.9999235
HAT-P-7 b,5.24084,0.9999429
HAT-P-7 b,5.25719,0.9998314
HAT-P-7 b,5.27353,0.9999212
HAT-P-7 b,5.28988,0.9999796
HAT-P-7 b,5.30623,0.9997492
HAT-P-7 b,5.32257,0.9997119
HAT-P-7 b,5.33892,1.0001231
HAT-P-7 b,5.35527,0.9998430
HAT-P-7 b,5.37161,0.9999847
HAT-P-7 b,5.38796,0.9998895
HAT-P-7 b,5.40431,0.9998659
HAT-P-7 b,5.42065,0.9999413
HAT-P-7 b,5.43700,0.9999674
HAT-P-7 b,5.45335,0.9999983
HAT-P-7 b,5.46969,1.0001098
HAT-P-7 b,5.48604,0.9999562
HAT-P-7 b,5.50239,1.0002779
HAT-P-7 b,5.51873,0.9999519
HAT-P-7 b,5.53508,0.9999640
HAT-P-7 b,5.55143,0.9999082
HAT-P-7 b,5.56777,0.9999693
HAT-P-7 b,5.58412,1.0000544
HAT-P-7 b,5.60046,1.0001036
HAT-P-7 b,5.61681,1.0001733
HAT-P-7 b,5.63316,1.0001148
HAT-P-7 b,5.64951,1.0000443
HAT-P-7 b,5.66585,1.0004352
HAT-P-7 b,5.68220,0.9999747
HAT-P-7 b,5.69855,1.0000985
HAT-P-7 b,5.71490,0.9997672
HAT-P-7 b,5.73124,0.9999289
HAT-P-7 b,5.74759,1.0002382
HAT-P-7 b,5.76393,1.0000968
HAT-P-7 b,5.78028,0.9996395
HAT-P-7 b,5.79663,1.0000883
HAT-P-7 b,5.81298,0.9998959
HAT-P-7 b,5.82932,1.0001558
HAT-P-7 b,5.84567,1.0001205
HAT-P-7 b,5.86201,1.0000132
HAT-P-7 b,5.87836,0.9999497
HAT-P-7 b,5.89471,0.9997500
HAT-P-7 b,5.91106,1.0000749
HAT-P-7 b,5.92740,0.9999343
HAT-P-7 b,5.94375,1.0000598
HAT-P-7 b,5.96010,1.0001575
HAT-P-7 b,5.97644,1.0000330
HAT-P-7 b,5.99279,1.0001045
HAT-P-7 b,6.00914,1.0000715
HAT-P-7 b,6.02548,1.0000730
HAT-P-7 b,6.04183,1.0001080
HAT-P-7 b,6.05818,1.0000302
HAT-P-7 b,6.07452,0.9999535
HAT-P-7 b,6.09087,0.9997057
HAT-P-7 b,6.10722,1.0002974
HAT-P-7 b,6.12356,0.9997507
HAT-P-7 b,6.13991,0.9999073
HAT-P-7 b,6.15626,1.0000128
HAT-P-7 b,6.17260,0.9998515
HAT-P-7 b,6.18895,1.0002237
HAT-P-7 b,6.20530,1.0001876
HAT-P-7 b,6.22164,1.0001143
HAT-P-7 b,6.23799,1.0000589
HAT-P-7 b,6.25433,0.9998426
HAT-P-7 b,6.27068,0.9999386
HAT-P-7 b,6.28703,1.0001164
HAT-P-7 b,6.30338,0.9998036
HAT-P-7 b,6.31972,1.0000685
HAT-P-7 b,6.33607,0.9998226
HAT-P-7 b,6.35242,1.0000096
HAT-P-7 b,6.36876,1.0001492
HAT-P-7 b,6.38511,1.0001291
HAT-P-7 b,6.40145,0.9998754
HAT-P-7 b,6.41780,1.0000464
HAT-P-7 b,6.43415,0.9999590
HAT-P-7 b,6.45050,0.9999703
HAT-P-7 b,6.46684,0.9998187
HAT-P-7 b,6.48319,1.0002331
HAT-P-7 b,6.49954,0.9998641
HAT-P-7 b,6.51588,0.9997739
HAT-P-7 b,6.53223,0.9999167
HAT-P-7 b,6.54858,1.0000693
HAT-P-7 b,6.56492,0.9999985
HAT-P-7 b,6.58127,0.9999215
HAT-P-7 b,6.59762,0.9997208
HAT-P-7 b,6.61397,0.9998404
HAT-P-7 b,6.63031,1.0001982
HAT-P-7 b,6.64666,1.0000597
HAT-P-7 b,6.66300,1.0001046
HAT-P-7 b,6.67935,0.9999936
HAT-P-7 b,6.69570,0.9999520
HAT-P-7 b,6.71205,1.0001015
HAT-P-7 b,6.72839,1.0000622
HAT-P-7 b,6.74474,1.0003109
HAT-P-7 b,6.76109,1.0000499
HAT-P-7 b,6.77743,0.9997721
HAT-P-7 b,6.79378,1.0000140
HAT-P-7 b,6.81013,0.9997688
HAT-P-7 b,6.82647,0.9999703
HAT-P-7 b,6.84282,1.0000207
HAT-P-7 b,6.85916,1.0002785
HAT-P-7 b,6.87551,0.9998371
HAT-P-7 b,6.89186,0.9998920
HAT-P-7 b,6.90821,1.0000028
HAT-P-7 b,6.92455,0.9998862
HAT-P-7 b,6.94090,1.0000546
HAT-P-7 b,6.95724,1.0001147
HAT-P-7 b,6.97359,1.0003009
HAT-P-7 b,6.98994,1.0002345
HAT-P-7 b,7.00629,1.0001383
HAT-P-7 b,7.02263,1.0002652
HAT-P-7 b,7.03898,1.0001299
HAT-P-7 b,7.05532,0.9998917
HAT-P-7 b,7.07167,1.0000670
HAT-P-7 b,7.08802,1.0000641
HAT-P-7 b,7.10437,1.0002745
HAT-P-7 b,7.12071,0.9998152
HAT-P-7 b,7.13706,0.9998426
HAT-P-7 b,7.15341,1.0000239
HAT-P-7 b,7.16976,1.0000520
HAT-P-7 b,7.18610,0.9998644
HAT-P-7 b,7.20245,0.9999167
HAT-P-7 b,7.21879,1.0000394
HAT-P-7 b,7.23514,0.9999359
HAT-P-7 b,7.25149,0.9998627
HAT-P-7 b,7.26784,0.9998806
HAT-P-7 b,7.28418,1.0000046
HAT-P-7 b,7.30053,1.0000554
HAT-P-7 b,7.31687,0.9998633
HAT-P-7 b,7.33322,0.9998512
HAT-P-7 b,7.34957,0.9998533
HAT-P-7 b,7.36592,1.0001839
HAT-P-7 b,7.38226,1.0002073
HAT-P-7 b,7.39861,1.0001405
HAT-P-7 b,7.41495,1.0001730
HAT-P-7 b,7.43130,1.0000845
HAT-P-7 b,7.44765,1.0001571
HAT-P-7 b,7.46400,1.0000301
HAT-P-7 b,7.48034,1.0001020
HAT-P-7 b,7.49669,1.0001185
HAT-P-7 b,7.51303,0.9999369
HAT-P-7 b,7.52938,0.9999993
HAT-P-7 b,7.54573,1.0001233
HAT-P-7 b,7.56208,0.9998830
HAT-P-7 b,7.57842,1.0000025
HAT-P-7 b,7.59477,0.9998127
HAT-P-7 b,7.61111,0.9999027
HAT-P-7 b,7.62746,0.9999185
HAT-P-7 b,7.64381,0.9998983
HAT-P-7 b,7.66016,0.9996860
HAT-P-7 b,7.67650,0.9999951
HAT-P-7 b,7.69285,1.0000685
HAT-P-7 b,7.70919,1.0001693
HAT-P-7 b,7.72554,1.0000613
HAT-P-7 b,7.74189,0.9999115
HAT-P-7 b,7.75823,1.0000941
HAT-P-7 b,7.77458,0.9998451
HAT-P-7 b,7.79093,1.0002439
HAT-P-7 b,7.80728,1.0002498
HAT-P-7 b,7.82362,0.9997475
HAT-P-7 b,7.83997,1.0000858
HAT-P-7 b,7.85631,1.0000477
HAT-P-7 b,7.87266,1.0003178
HAT-P-7 b,7.88901,0.9998286
HAT-P-7 b,7.90536,0.9998998
HAT-P-7 b,7.92170,0.9999511
HAT-P-7 b,7.93805,1.0002672
HAT-P-7 b,7.95440,1.0000795
HAT-P-7 b,7.97074,0.9998206
HAT-P-7 b,7.98709,0.9998657
HAT-P-7 b,8.00344,1.0001459
HAT-P-7 b,8.01978,0.9998824
HAT-P-7 b,8.03613,1.0000471
HAT-P-7 b,8.05248,0.9998090
HAT-P-7 b,8.06882,1.0001007
HAT-P-7 b,8.08517,1.0001434
HAT-P-7 b,8.10152,1.0001423
HAT-P-7 b,8.11786,0.9998287
HAT-P-7 b,8.13421,0.9998495
HAT-P-7 b,8.15056,1.0000848
HAT-P-7 b,8.16690,0.9999425
HAT-P-7 b,8.18325,1.0001619
HAT-P-7 b,8.19960,0.9999858
HAT-P-7 b,8.21594,1.0000874
HAT-P-7 b,8.23229,0.9995042
HAT-P-7 b,8.24864,1.0001618
HAT-P-7 b,8.26498,1.0000188
HAT-P-7 b,8.28133,0.9996338
HAT-P-7 b,8.29768,0.9999665
HAT-P-7 b,8.31402,1.0002111
HAT-P-7 b,8.33037,0.9999211
HAT-P-7 b,8.34672,1.0002457
HAT-P-7 b,8.36306,1.0000210
HAT-P-7 b,8.37941,1.0000741
HAT-P-7 b,8.39576,1.0000114
HAT-P-7 b,-8.39174,1.0001427
HAT-P-7 b,-8.37539,0.9999479
HAT-P-7 b,-8.35905,0.9999661
HAT-P-7 b,-8.34270,1.0000010
HAT-P-7 b,-8.32636,0.9997621
HAT-P-7 b,-8.31001,1.0000541
HAT-P-7 b,-8.29366,1.0000348
HAT-P-7 b,-8.27731,1.0000903
HAT-P-7 b,-8.26097,1.0000562
HAT-P-7 b,-8.24462,0.9998826
HAT-P-7 b,-8.22827,0.9998704
HAT-P-7 b,-8.21193,1.0001586
HAT-P-7 b,-8.19558,0.9996158
HAT-P-7 b,-8.17923,0.9996951
HAT-P-7 b,-8.16289,0.9998896
HAT-P-7 b,-8.14654,0.9998836
HAT-P-7 b,-8.13019,0.9997996
HAT-P-7 b,-8.11385,1.0001304
HAT-P-7 b,-8.09750,1.0000941
HAT-P-7 b,-8.08115,1.0000767
HAT-P-7 b,-8.06481,1.0002076
HAT-P-7 b,-8.04846,0.9997597
HAT-P-7 b,-8.03211,1.0001268
HAT-P-7 b,-8.01577,0.9997152
HAT-P-7 b,-7.99942,1.0000603
HAT-P-7 b,-7.98307,1.0000668
HAT-P-7 b,-7.96673,1.0000788
HAT-P-7 b,-7.95038,0.9999624
HAT-P-7 b,-7.93403,1.0001990
HAT-P-7 b,-7.91769,1.0000011
HAT-P-7 b,-7.90134,1.0001205
HAT-P-7 b,-7.88499,1.0002139
HAT-P-7 b,-7.86865,0.9998682
HAT-P-7 b,-7.85230,1.0000770
HAT-P-7 b,-7.83595,1.0002700
HAT-P-7 b,-7.81961,0.9999523
HAT-P-7 b,-7.80326,1.0002606
HAT-P-7 b,-7.78691,1.0002493
HAT-P-7 b,-7.77057,1.0001985
HAT-P-7 b,-7.75422,1.0003140
HAT-P-7 b,-7.73787,1.0000751
HAT-P-7 b,-7.72152,0.9999550
HAT-P-7 b,-7.70518,0.9998810
HAT-P-7 b,-7.68883,1.0000658
HAT-P-7 b,-7.67249,0.9999228
HAT-P-7 b,-7.65614,0.9998848
HAT-P-7 b,-7.63979,0.9998788
HAT-P-7 b,-7.62345,1.0000028
HAT-P-7 b,-7.60710,0.9999727
HAT-P-7 b,-7.59075,1.0001445
HAT-P-7 b,-7.57440,1.0001393
HAT-P-7 b,-7.55806,1.0002433
HAT-P-7 b,-7.54171,1.0000796
HAT-P-7 b,-7.52537,1.0001838
HAT-P-7 b,-7.50902,1.0000713
HAT-P-7 b,-7.49267,1.0000293
HAT-P-7 b,-7.47632,1.0000533
HAT-P-7 b,-7.45998,1.0000603
HAT-P-7 b,-7.44363,1.0002670
HAT-P-7 b,-7.42728,1.0004520
HAT-P-7 b,-7.41094,1.0003918
HAT-P-7 b,-7.39459,1.0001106
HAT-P-7 b,-7.37824,1.0000678
HAT-P-7 b,-7.36190,1.0001057
HAT-P-7 b,-7.34555,1.0000898
HAT-P-7 b,-7.32920,0.9998258
HAT-P-7 b,-7.31286,1.0000050
HAT-P-7 b,-7.29651,1.0000156
HAT-P-7 b,-7.28016,1.0000415
HAT-P-7 b,-7.26382,0.9998505
HAT-P-7 b,-7.24747,1.0001810
HAT-P-7 b,-7.23112,1.0002588
HAT-P-7 b,-7.21478,1.0000555
HAT-P-7 b,-7.19843,1.0002399
HAT-P-7 b,-7.18208,1.0003093
HAT-P-7 b,-7.16574,1.0000970
HAT-P-7 b,-7.14939,1.0002038
HAT-P-7 b,-7.13304,1.0001079
HAT-P-7 b,-7.11670,1.0000128
HAT-P-7 b,-7.10035,0.9999826
HAT-P-7 b,-7.08400,0.9999504
HAT-P-7 b,-7.06766,0.9999956
HAT-P-7 b,-7.05131,0.9997365
HAT-P-7 b,-7.03496,0.9999559
HAT-P-7 b,-7.01862,1.0001133
HAT-P-7 b,-7.00227,0.9999510
HAT-P-7 b,-6.98593,0.9999088
HAT-P-7 b,-6.96958,0.9999750
HAT-P-7 b,-6.95323,1.0002331
HAT-P-7 b,-6.93688,1.0000022
HAT-P-7 b,-6.92054,0.9998705
HAT-P-7 b,-6.90419,0.9999686
HAT-P-7 b,-6.88785,0.9999788
HAT-P-7 b,-6.87150,1.0001571
HAT-P-7 b,-6.85515,0.9998533
HAT-P-7 b,-6.83880,1.0000098
HAT-P-7 b,-6.82246,0.9999619
HAT-P-7 b,-6.80611,1.0000537
HAT-P-7 b,-6.78976,0.9998635
HAT-P-7 b,-6.77341,1.0001025
HAT-P-7 b,-6.75707,0.9998869
HAT-P-7 b,-6.74072,0.9999809
HAT-P-7 b,-6.72438,0.9999848
HAT-P-7 b,-6.70803,1.0000239
HAT-P-7 b,-6.69168,0.9997995
HAT-P-7 b,-6.67533,1.0002022
HAT-P-7 b,-6.65899,0.9998407
HAT-P-7 b,-6.64264,1.0000500
HAT-P-7 b,-6.62630,0.9999068
HAT-P-7 b,-6.60995,0.9998202
HAT-P-7 b,-6.59360,1.0001769
HAT-P-7 b,-6.57725,0.9999470
HAT-P-7 b,-6.56091,1.0001795
HAT-P-7 b,-6.54456,1.0000684
HAT-P-7 b,-6.52821,1.0002158
HAT-P-7 b,-6.51187,0.9999124
HAT-P-7 b,-6.49552,0.9999805
HAT-P-7 b,-6.47917,1.0001375
HAT-P-7 b,-6.46283,0.9998084
HAT-P-7 b,-6.44648,0.9998906
HAT-P-7 b,-6.43014,1.0000591
HAT-P-7 b,-6.41379,1.0003238
HAT-P-7 b,-6.39744,1.0000600
HAT-P-7 b,-6.38109,1.0001202
HAT-P-7 b,-6.36475,1.0000411
HAT-P-7 b,-6.34840,1.0000750
HAT-P-7 b,-6.33206,0.9998467
HAT-P-7 b,-6.31571,1.0001298
HAT-P-7 b,-6.29936,0.9999637
HAT-P-7 b,-6.28302,1.0000583
HAT-P-7 b,-6.26667,1.0001385
HAT-P-7 b,-6.25032,0.9999924
HAT-P-7 b,-6.23398,0.9998745
HAT-P-7 b,-6.21763,1.0002044
HAT-P-7 b,-6.20128,0.9998581
HAT-P-7 b,-6.18494,1.0002165
HAT-P-7 b,-6.16859,0.9997045
HAT-P-7 b,-6.15224,0.9999701
HAT-P-7 b,-6.13589,0.9999018
HAT-P-7 b,-6.11955,0.9999151
HAT-P-7 b,-6.10320,0.9999325
HAT-P-7 b,-6.08686,1.0000478
HAT-P-7 b,-6.07051,0.9998655
HAT-P-7 b,-6.05416,0.9997746
HAT-P-7 b,-6.03781,0.9998442
HAT-P-7 b,-6.02147,0.9999883
HAT-P-7 b,-6.00512,1.0000318
HAT-P-7 b,-5.98877,1.0000237
HAT-P-7 b,-5.97243,0.9998237
HAT-P-7 b,-5.95608,0.9998884
HAT-P-7 b,-5.93973,0.9998759
HAT-P-7 b,-5.92339,1.0000293
HAT-P-7 b,-5.90704,0.9999284
HAT-P-7 b,-5.89069,1.0001113
HAT-P-7 b,-5.87434,0.9997249
HAT-P-7 b,-5.85800,1.0000135
HAT-P-7 b,-5.84165,1.0000266
HAT-P-7 b,-5.82531,1.0001045
HAT-P-7 b,-5.61280,1.0003417
HAT-P-7 b,-5.59645,1.0001301
HAT-P-7 b,-5.58011,0.9998531
HAT-P-7 b,-5.56376,0.9999789
HAT-P-7 b,-5.54741,1.0003085
HAT-P-7 b,-5.53107,0.9998835
HAT-P-7 b,-5.51472,0.9998154
HAT-P-7 b,-5.49837,0.9996673
HAT-P-7 b,-5.48203,0.9998821
HAT-P-7 b,-5.46568,0.9997807
HAT-P-7 b,-5.44933,1.0003263
HAT-P-7 b,-5.43299,0.9998808
HAT-P-7 b,-5.41664,1.0002222
HAT-P-7 b,-5.40029,1.0000641
HAT-P-7 b,-5.38395,1.0000391
HAT-P-7 b,-5.36760,1.0002014
HAT-P-7 b,-5.35125,1.0000108
HAT-P-7 b,-5.33490,1.0000169
HAT-P-7 b,-5.31856,0.9996745
HAT-P-7 b,-5.30221,0.9997782
HAT-P-7 b,-5.28587,0.9998886
HAT-P-7 b,-5.26952,0.9999764
HAT-P-7 b,-5.25317,0.9998910
HAT-P-7 b,-5.23682,0.9999894
HAT-P-7 b,-5.22048,0.9998875
HAT-P-7 b,-5.20413,0.9998874
HAT-P-7 b,-5.18778,1.0000550
HAT-P-7 b,-5.17144,1.0003917
HAT-P-7 b,-5.15509,0.9997703
HAT-P-7 b,-5.13874,1.0000898
HAT-P-7 b,-5.12240,0.9998721
HAT-P-7 b,-5.10605,1.0002207
HAT-P-7 b,-5.08970,0.9999638
HAT-P-7 b,-5.07336,1.0000679
HAT-P-7 b,-5.05701,1.0003561
HAT-P-7 b,-5.04067,0.9999198
HAT-P-7 b,-5.02432,0.9999503
HAT-P-7 b,-5.00797,0.9999033
HAT-P-7 b,-4.99162,1.0000573
HAT-P-7 b,-4.97528,1.0000595
HAT-P-7 b,-4.95893,0.9997060
HAT-P-7 b,-4.94258,0.9998338
HAT-P-7 b,-4.92624,0.9997237
HAT-P-7 b,-4.90989,0.9999487
HAT-P-7 b,-4.89354,0.9998932
HAT-P-7 b,-4.87720,0.9997070
HAT-P-7 b,-4.86085,0.9999433
HAT-P-7 b,-4.84451,1.0000528
HAT-P-7 b,-4.82816,1.0002257
HAT-P-7 b,-4.81181,0.9999626
HAT-P-7 b,-4.79546,0.9996732
HAT-P-7 b,-4.77912,0.9999211
HAT-P-7 b,-4.76277,1.0001122
HAT-P-7 b,-4.74643,0.9999533
HAT-P-7 b,-4.73008,0.9998685
HAT-P-7 b,-4.71373,1.0000277
HAT-P-7 b,-4.69738,1.0001838
HAT-P-7 b,-4.68104,0.9999087
HAT-P-7 b,-4.66469,0.9996574
HAT-P-7 b,-4.64835,0.9997780
HAT-P-7 b,-4.63200,1.0000455
HAT-P-7 b,-4.61565,1.0001236
HAT-P-7 b,-4.59930,1.0000069
HAT-P-7 b,-4.58296,1.0000163
HAT-P-7 b,-4.56661,1.0000794
HAT-P-7 b,-4.55026,1.0001587
HAT-P-7 b,-4.53391,1.0001828
HAT-P-7 b,-4.51757,1.0000073
HAT-P-7 b,-4.50122,0.9997780
HAT-P-7 b,-4.48488,0.9998265
HAT-P-7 b,-4.46853,0.9999325
HAT-P-7 b,-4.45218,0.9998493
HAT-P-7 b,-4.43583,0.9999659
HAT-P-7 b,-4.41949,1.0000059
HAT-P-7 b,-4.40314,0.9999089
HAT-P-7 b,-4.38680,0.9999658
HAT-P-7 b,-4.37045,1.0002061
HAT-P-7 b,-4.35410,1.0002103
HAT-P-7 b,-4.33776,1.0001807
HAT-P-7 b,-4.32141,1.0000833
HAT-P-7 b,-4.30506,0.9998767
HAT-P-7 b,-4.28871,0.9998541
HAT-P-7 b,-4.27237,0.9997228
HAT-P-7 b,-4.25602,0.9999234
HAT-P-7 b,-4.23968,1.0000554
HAT-P-7 b,-4.22333,0.9997110
HAT-P-7 b,-4.20698,0.9998149
HAT-P-7 b,-4.19064,0.9999139
HAT-P-7 b,-4.17429,0.9996563
HAT-P-7 b,-4.15794,0.9999886
HAT-P-7 b,-4.14160,1.0002734
HAT-P-7 b,-4.12525,1.0000171
HAT-P-7 b,-4.10890,1.0000678
HAT-P-7 b,-4.09256,0.9999226
HAT-P-7 b,-4.07621,1.0000569
HAT-P-7 b,-4.05986,0.9999042
HAT-P-7 b,-4.04352,1.0001378
HAT-P-7 b,-4.02717,0.9999454
HAT-P-7 b,-4.01082,0.9998180
HAT-P-7 b,-3.99447,1.0000569
HAT-P-7 b,-3.97813,0.9997814
HAT-P-7 b,-3.96178,0.9998982
HAT-P-7 b,-3.94544,1.0000612
HAT-P-7 b,-3.92909,1.0000863
HAT-P-7 b,-3.91274,1.0001278
HAT-P-7 b,-3.89639,0.9997068
HAT-P-7 b,-3.88005,0.9999138
HAT-P-7 b,-3.86370,0.9998084
HAT-P-7 b,-3.84736,1.0000533
HAT-P-7 b,-3.83101,1.0002069
HAT-P-7 b,-3.81466,1.0001868
HAT-P-7 b,-3.79831,1.0000092
HAT-P-7 b,-3.78197,0.9998221
HAT-P-7 b,-3.76562,1.0001623
HAT-P-7 b,-3.74927,0.9998454
HAT-P-7 b,-3.73293,0.9997247
HAT-P-7 b,-3.71658,0.9999104
HAT-P-7 b,-3.70024,0.9997741
HAT-P-7 b,-3.68389,0.9998380
HAT-P-7 b,-3.66754,1.0000313
HAT-P-7 b,-3.65119,0.9996759
HAT-P-7 b,-3.63485,1.0000827
HAT-P-7 b,-3.61850,0.9999244
HAT-P-7 b,-3.60215,0.9996224
HAT-P-7 b,-3.58581,0.9998851
HAT-P-7 b,-3.56946,0.9999847
HAT-P-7 b,-3.55311,0.9999218
HAT-P-7 b,-3.53677,0.9997890
HAT-P-7 b,-3.52042,0.9998440
HAT-P-7 b,-3.50407,0.9998984
HAT-P-7 b,-3.48773,0.9997849
HAT-P-7 b,-3.47138,0.9999315
HAT-P-7 b,-3.45503,0.9999972
HAT-P-7 b,-3.43869,1.0003128
HAT-P-7 b,-3.42234,1.0000076
HAT-P-7 b,-3.40599,0.9999015
HAT-P-7 b,-3.38965,0.9999943
HAT-P-7 b,-3.37330,0.9999174
HAT-P-7 b,-3.35695,1.0000686
HAT-P-7 b,-3.34061,0.9999802
HAT-P-7 b,-3.32426,0.9999920
HAT-P-7 b,-3.30791,1.0002156
HAT-P-7 b,-3.29157,0.9998310
HAT-P-7 b,-3.27522,0.9997391
HAT-P-7 b,-3.25887,0.9998935
HAT-P-7 b,-3.24253,1.0000556
HAT-P-7 b,-3.22618,0.9999159
HAT-P-7 b,-3.20983,1.0001042
HAT-P-7 b,-3.19349,0.9999946
HAT-P-7 b,-3.17714,1.0000593
HAT-P-7 b,-3.16079,0.9998816
HAT-P-7 b,-3.14445,0.9999850
HAT-P-7 b,-3.12810,1.0000252
HAT-P-7 b,-3.11175,0.9999745
HAT-P-7 b,-3.09541,1.0000066
HAT-P-7 b,-3.07906,0.9998599
HAT-P-7 b,-3.06271,1.0000263
HAT-P-7 b,-3.04637,1.0001682
HAT-P-7 b,-3.03002,1.0002594
HAT-P-7 b,-3.01367,0.9999903
HAT-P-7 b,-2.99733,0.9997824
HAT-P-7 b,-2.98098,0.9999716
HAT-P-7 b,-2.96463,1.0000505
HAT-P-7 b,-2.94828,0.9998634
HAT-P-7 b,-2.93194,0.9996730
HAT-P-7 b,-2.91559,0.9999332
HAT-P-7 b,-2.89925,0.9999258
HAT-P-7 b,-2.88290,1.0000712
HAT-P-7 b,-2.86655,1.0000890
HAT-P-7 b,-2.85020,1.0002372
HAT-P-7 b,-2.83386,0.9999894
HAT-P-7 b,-2.81751,0.9999847
HAT-P-7 b,-2.80117,0.9998961
HAT-P-7 b,-2.78482,1.0001083
HAT-P-7 b,-2.76847,1.0001257
HAT-P-7 b,-2.75212,1.0002337
HAT-P-7 b,-2.73578,1.0003296
HAT-P-7 b,-2.71943,1.0003157
HAT-P-7 b,-2.70308,0.9998064
HAT-P-7 b,-2.68674,1.0001481
HAT-P-7 b,-2.67039,1.0002321
HAT-P-7 b,-2.65404,0.9999221
HAT-P-7 b,-2.63770,0.9999186
HAT-P-7 b,-2.62135,0.9998712
HAT-P-7 b,-2.60500,0.9999129
HAT-P-7 b,-2.58866,0.9999562
HAT-P-7 b,-2.57231,1.0000942
HAT-P-7 b,-2.55596,0.9998573
HAT-P-7 b,-2.53962,1.0000037
HAT-P-7 b,-2.52327,1.0001901
HAT-P-7 b,-2.50693,1.0000192
HAT-P-7 b,-2.49058,1.0000965
HAT-P-7 b,-2.47423,1.0003328
HAT-P-7 b,-2.45788,1.0001796
HAT-P-7 b,-2.44154,1.0000254
HAT-P-7 b,-2.42519,1.0000640
HAT-P-7 b,-2.40884,1.0000476
HAT-P-7 b,-2.39250,1.0000177
HAT-P-7 b,-2.37615,0.9998340
HAT-P-7 b,-2.35980,0.9999545
HAT-P-7 b,-2.34346,1.0002337
HAT-P-7 b,-2.32711,0.9998400
HAT-P-7 b,-2.31076,0.9999028
HAT-P-7 b,-2.29442,1.0001771
HAT-P-7 b,-2.27807,0.9999606
HAT-P-7 b,-2.26172,0.9997470
HAT-P-7 b,-2.24538,0.9999435
HAT-P-7 b,-2.22903,0.9998799
HAT-P-7 b,-2.21268,0.9998252
HAT-P-7 b,-2.19634,0.9999525
HAT-P-7 b,-2.17999,1.0000033
HAT-P-7 b,-2.16364,1.0000560
HAT-P-7 b,-2.14729,1.0000301
HAT-P-7 b,-2.13095,1.0000493
HAT-P-7 b,-2.11460,1.0000179
HAT-P-7 b,-2.09826,1.0002592
HAT-P-7 b,-2.08191,0.9999613
HAT-P-7 b,-2.06556,1.0000678
HAT-P-7 b,-2.04921,0.9999737
HAT-P-7 b,-2.03287,0.9997075
HAT-P-7 b,-2.01652,1.0002277
HAT-P-7 b,-2.00018,0.9999623
HAT-P-7 b,-1.98383,0.9998075
HAT-P-7 b,-1.96748,1.0000254
HAT-P-7 b,-1.95113,0.9999883
HAT-P-7 b,-1.93479,1.0000622
HAT-P-7 b,-1.91844,0.9995795
HAT-P-7 b,-1.90209,0.9993188
HAT-P-7 b,-1.88575,0.9992870
HAT-P-7 b,-1.86940,0.9991259
HAT-P-7 b,-1.85306,0.9989869
HAT-P-7 b,-1.83671,0.9983945
HAT-P-7 b,-1.82036,0.9980926
HAT-P-7 b,-1.80401,0.9980480
HAT-P-7 b,-1.78767,0.9978387
HAT-P-7 b,-1.77132,0.9972578
HAT-P-7 b,-1.75497,0.9969895
HAT-P-7 b,-1.73863,0.9971412
HAT-P-7 b,-1.72228,0.9967087
HAT-P-7 b,-1.70594,0.9964351
HAT-P-7 b,-1.68959,0.9963226
HAT-P-7 b,-1.67324,0.9957805
HAT-P-7 b,-1.65689,0.9955998
HAT-P-7 b,-1.64055,0.9956558
HAT-P-7 b,-1.62420,0.9952004
HAT-P-7 b,-1.60786,0.9951697
HAT-P-7 b,-1.59151,0.9949368
HAT-P-7 b,-1.57516,0.9951191
HAT-P-7 b,-1.55881,0.9948392
HAT-P-7 b,-1.54247,0.9947577
HAT-P-7 b,-1.52612,0.9951071
HAT-P-7 b,-1.50977,0.9949111
HAT-P-7 b,-1.49343,0.9947777
HAT-P-7 b,-1.47708,0.9941724
HAT-P-7 b,-1.46073,0.9944162
HAT-P-7 b,-1.44439,0.9943194
HAT-P-7 b,-1.42804,0.9943149
HAT-P-7 b,-1.41169,0.9945905
HAT-P-7 b,-1.39535,0.9945378
HAT-P-7 b,-1.37900,0.9941516
HAT-P-7 b,-1.36265,0.9943007
HAT-P-7 b,-1.34631,0.9943308
HAT-P-7 b,-1.32996,0.9941253
HAT-P-7 b,-1.31361,0.9943121
HAT-P-7 b,-1.29727,0.9943073
HAT-P-7 b,-1.28092,0.9937273
HAT-P-7 b,-1.26457,0.9939851
HAT-P-7 b,-1.24823,0.9940620
HAT-P-7 b,-1.23188,0.9938903
HAT-P-7 b,-1.21554,0.9940601
HAT-P-7 b,-1.19919,0.9941321
HAT-P-7 b,-1.18284,0.9941606
HAT-P-7 b,-1.16649,0.9939640
HAT-P-7 b,-1.15015,0.9940950
HAT-P-7 b,-1.13380,0.9938934
HAT-P-7 b,-1.11745,0.9939763
HAT-P-7 b,-1.10111,0.9941235
HAT-P-7 b,-1.08476,0.9938826
HAT-P-7 b,-1.06841,0.9938492
HAT-P-7 b,-1.05207,0.9939051
HAT-P-7 b,-1.03572,0.9939619
HAT-P-7 b,-1.01937,0.9938655
HAT-P-7 b,-1.00303,0.9940103
HAT-P-7 b,-0.98668,0.9935853
HAT-P-7 b,-0.97033,0.9939569
HAT-P-7 b,-0.95398,0.9934148
HAT-P-7 b,-0.93764,0.9936047
HAT-P-7 b,-0.92129,0.9937275
HAT-P-7 b,-0.90495,0.9938605
HAT-P-7 b,-0.88860,0.9935677
HAT-P-7 b,-0.87225,0.9938077
HAT-P-7 b,-0.85590,0.9935913
HAT-P-7 b,-0.83956,0.9935926
HAT-P-7 b,-0.82321,0.9936325
HAT-P-7 b,-0.80687,0.9936578
HAT-P-7 b,-0.79052,0.9936142
HAT-P-7 b,-0.77417,0.9938414
HAT-P-7 b,-0.75783,0.9935949
HAT-P-7 b,-0.74148,0.9935280
HAT-P-7 b,-0.72513,0.9934753
HAT-P-7 b,-0.70878,0.9936439
HAT-P-7 b,-0.69244,0.9934986
HAT-P-7 b,-0.67609,0.9936020
HAT-P-7 b,-0.65975,0.9936134
HAT-P-7 b,-0.64340,0.9937213
HAT-P-7 b,-0.62705,0.9934492
HAT-P-7 b,-0.61071,0.9937046
HAT-P-7 b,-0.59436,0.9931928
HAT-P-7 b,-0.57801,0.9935095
HAT-P-7 b,-0.56166,0.9933574
HAT-P-7 b,-0.54532,0.9934453
HAT-P-7 b,-0.52897,0.9929541
HAT-P-7 b,-0.51263,0.9934784
HAT-P-7 b,-0.49628,0.9931584
HAT-P-7 b,-0.47993,0.9934112
HAT-P-7 b,-0.46358,0.9933183
HAT-P-7 b,-0.44724,0.9932936
HAT-P-7 b,-0.43089,0.9933837
HAT-P-7 b,-0.41455,0.9933284
HAT-P-7 b,-0.39820,0.9932478
HAT-P-7 b,-0.38185,0.9932556
HAT-P-7 b,-0.36550,0.9930294
HAT-P-7 b,-0.34916,0.9932358
HAT-P-7 b,-0.33281,0.9930487
HAT-P-7 b,-0.31646,0.9934279
HAT-P-7 b,-0.30012,0.9933502
HAT-P-7 b,-0.28377,0.9931736
HAT-P-7 b,-0.26742,0.9931973
HAT-P-7 b,-0.25108,0.9931283
HAT-P-7 b,-0.23473,0.9933859
HAT-P-7 b,-0.21838,0.9935813
HAT-P-7 b,-0.20204,0.9934324
HAT-P-7 b,-0.18569,0.9931198
HAT-P-7 b,-0.16934,0.9933737
HAT-P-7 b,-0.15300,0.9933212
HAT-P-7 b,-0.13665,0.9934533
HAT-P-7 b,-0.12030,0.9934366
HAT-P-7 b,-0.10396,0.9935808
HAT-P-7 b,-0.08761,0.9934373
HAT-P-7 b,-0.07126,0.9934425
HAT-P-7 b,-0.05492,0.9932573
HAT-P-7 b,-0.03857,0.9934584
HAT-P-7 b,-0.02222,0.9935277
HAT-P-7 b,-0.00588,0.9934549
HAT-P-7 b,0.01047,0.9932227
HAT-P-7 b,0.02682,0.9932026
HAT-P-7 b,0.04316,0.9934181
HAT-P-7 b,0.05951,0.9933092
HAT-P-7 b,0.07586,0.9930755
HAT-P-7 b,0.09220,0.9936651
HAT-P-7 b,0.10855,0.9933631
HAT-P-7 b,0.12490,0.9933672
HAT-P-7 b,0.14124,0.9934254
HAT-P-7 b,0.15759,0.9934062
HAT-P-7 b,0.17394,0.9934336
HAT-P-7 b,0.19028,0.9933236
HAT-P-7 b,0.20663,0.9931012
HAT-P-7 b,0.22298,0.9935108
HAT-P-7 b,0.23932,0.9933149
HAT-P-7 b,0.25567,0.9934519
HAT-P-7 b,0.27202,0.9931391
HAT-P-7 b,0.28836,0.9933326
HAT-P-7 b,0.30471,0.9932550
HAT-P-7 b,0.32106,0.9932714
HAT-P-7 b,0.33741,0.9931128
HAT-P-7 b,0.35375,0.9936339
HAT-P-7 b,0.37010,0.9931396
HAT-P-7 b,0.38644,0.9934283
HAT-P-7 b,0.40279,0.9930654
HAT-P-7 b,0.41914,0.9932095
HAT-P-7 b,0.43549,0.9932985
HAT-P-7 b,0.45183,0.9934263
HAT-P-7 b,0.46818,0.9936934
HAT-P-7 b,0.48453,0.9934433
HAT-P-7 b,0.50087,0.9933013
HAT-P-7 b,0.51722,0.9932335
HAT-P-7 b,0.53357,0.9933177
HAT-P-7 b,0.54991,0.9935457
HAT-P-7 b,0.56626,0.9933345
HAT-P-7 b,0.58261,0.9935800
HAT-P-7 b,0.59895,0.9935655
HAT-P-7 b,0.61530,0.9935416
HAT-P-7 b,0.63165,0.9933937
HAT-P-7 b,0.64799,0.9933670
HAT-P-7 b,0.66434,0.9935410
HAT-P-7 b,0.68069,0.9937367
HAT-P-7 b,0.69703,0.9937618
HAT-P-7 b,0.71338,0.9935704
HAT-P-7 b,0.72973,0.9938268
HAT-P-7 b,0.74607,0.9936203
HAT-P-7 b,0.76242,0.9938187
HAT-P-7 b,0.77877,0.9936443
HAT-P-7 b,0.79511,0.9937827
HAT-P-7 b,0.81146,0.9936726
HAT-P-7 b,0.82780,0.9936769
HAT-P-7 b,0.84415,0.9936381
HAT-P-7 b,0.86050,0.9937052
HAT-P-7 b,0.87685,0.9935293
HAT-P-7 b,0.89319,0.9931830
HAT-P-7 b,0.90954,0.9936530
HAT-P-7 b,0.92588,0.9935218
HAT-P-7 b,0.94223,0.9939196
HAT-P-7 b,0.95858,0.9937333
HAT-P-7 b,0.97493,0.9936385
HAT-P-7 b,0.99127,0.9939329
HAT-P-7 b,1.00762,0.9939056
HAT-P-7 b,1.02397,0.9941385
HAT-P-7 b,1.04031,0.9937459
HAT-P-7 b,1.05666,0.9938652
HAT-P-7 b,1.07301,0.9940130
HAT-P-7 b,1.08935,0.9941200
HAT-P-7 b,1.10570,0.9939388
HAT-P-7 b,1.12205,0.9943093
HAT-P-7 b,1.13840,0.9938942
HAT-P-7 b,1.15474,0.9938326
HAT-P-7 b,1.17109,0.9940094
HAT-P-7 b,1.18743,0.9939280
HAT-P-7 b,1.20378,0.9938508
HAT-P-7 b,1.22013,0.9942051
HAT-P-7 b,1.23647,0.9939294
HAT-P-7 b,1.25282,0.9941432
HAT-P-7 b,1.26917,0.9943666
HAT-P-7 b,1.28552,0.9941050
HAT-P-7 b,1.30186,0.9941656
HAT-P-7 b,1.31821,0.9943484
HAT-P-7 b,1.33455,0.9944018
HAT-P-7 b,1.35090,0.9942812
HAT-P-7 b,1.36725,0.9943486
HAT-P-7 b,1.38360,0.9944555
HAT-P-7 b,1.39994,0.9944077
HAT-P-7 b,1.41629,0.9943597
HAT-P-7 b,1.43263,0.9945131
HAT-P-7 b,1.44898,0.9943647
HAT-P-7 b,1.46533,0.9944956
HAT-P-7 b,1.48167,0.9946795
HAT-P-7 b,1.49802,0.9946017
HAT-P-7 b,1.51437,0.9947946
HAT-P-7 b,1.53071,0.9948700
HAT-P-7 b,1.54706,0.9948348
HAT-P-7 b,1.56341,0.9951016
HAT-P-7 b,1.57975,0.9948528
HAT-P-7 b,1.59610,0.9949415
HAT-P-7 b,1.61245,0.9951231
HAT-P-7 b,1.62879,0.9951344
HAT-P-7 b,1.64514,0.9952826
HAT-P-7 b,1.66149,0.9957479
HAT-P-7 b,1.67784,0.9956976
HAT-P-7 b,1.69418,0.9962642
HAT-P-7 b,1.71053,0.9966736
HAT-P-7 b,1.72687,0.9968931
HAT-P-7 b,1.74322,0.9971715
HAT-P-7 b,1.75957,0.9970999
HAT-P-7 b,1.77592,0.9976535
HAT-P-7 b,1.79226,0.9979827
HAT-P-7 b,1.80861,0.9982003
HAT-P-7 b,1.82495,0.9986429
HAT-P-7 b,1.84130,0.9986793
HAT-P-7 b,1.85765,0.9987764
HAT-P-7 b,1.87399,0.9990748
HAT-P-7 b,1.89034,0.9995136
HAT-P-7 b,1.90669,0.9994770
HAT-P-7 b,1.92304,0.9997897
HAT-P-7 b,1.93938,1.0000809
HAT-P-7 b,1.95573,0.9996793
HAT-P-7 b,1.97207,1.0001377
HAT-P-7 b,1.98842,1.0000323
HAT-P-7 b,2.00477,1.0001377
HAT-P-7 b,2.02112,1.0001399
HAT-P-7 b,2.03746,0.9999392
HAT-P-7 b,2.05381,1.0000433
HAT-P-7 b,2.07016,0.9998243
HAT-P-7 b,2.08650,0.9999833
HAT-P-7 b,2.10285,1.0001786
HAT-P-7 b,2.11920,1.0001782
HAT-P-7 b,2.13554,0.9999925
HAT-P-7 b,2.15189,1.0000231
HAT-P-7 b,2.16824,0.9997794
HAT-P-7 b,2.18458,1.0001953
HAT-P-7 b,2.20093,1.0001667
HAT-P-7 b,2.21728,1.0001457
HAT-P-7 b,2.23362,1.0000672
HAT-P-7 b,2.24997,1.0001373
HAT-P-7 b,2.26632,1.0002515
HAT-P-7 b,2.28266,1.0000650
HAT-P-7 b,2.29901,1.0000434
HAT-P-7 b,2.31536,1.0000771
HAT-P-7 b,2.33170,0.9997435
HAT-P-7 b,2.34805,0.9998109
HAT-P-7 b,2.36440,1.0001314
HAT-P-7 b,2.38074,0.9998174
HAT-P-7 b,2.39709,1.0001053
HAT-P-7 b,2.41344,1.0003609
HAT-P-7 b,2.42978,1.0001124
HAT-P-7 b,2.44613,1.0000479
HAT-P-7 b,2.46248,0.9999225
HAT-P-7 b,2.47882,1.0000259
HAT-P-7 b,2.49517,1.0001029
HAT-P-7 b,2.51152,0.9998850
HAT-P-7 b,2.52786,0.9999092
HAT-P-7 b,2.54421,1.0000391
HAT-P-7 b,2.56056,1.0000172
HAT-P-7 b,2.57690,1.0000253
HAT-P-7 b,2.59325,1.0002653
HAT-P-7 b,2.60960,0.9999622
HAT-P-7 b,2.62594,0.9997950
HAT-P-7 b,2.64229,0.9997792
HAT-P-7 b,2.65864,0.9999000
HAT-P-7 b,2.67498,1.0001324
HAT-P-7 b,2.69133,0.9999947
HAT-P-7 b,2.70768,0.9998635
HAT-P-7 b,2.72403,0.9999190
HAT-P-7 b,2.74037,0.9996479
HAT-P-7 b,2.75672,0.9998255
HAT-P-7 b,2.77306,0.9998644
HAT-P-7 b,2.78941,0.9998598
HAT-P-7 b,2.80576,0.9998950
HAT-P-7 b,2.82211,1.0000816
HAT-P-7 b,2.83845,0.9999780
HAT-P-7 b,2.85480,0.9998592
HAT-P-7 b,2.87115,0.9999096
HAT-P-7 b,2.88749,0.9999650
HAT-P-7 b,2.90384,0.9997481
HAT-P-7 b,2.92019,0.9997688
HAT-P-7 b,2.93653,1.0000597
HAT-P-7 b,2.95288,0.9999447
HAT-P-7 b,2.96923,0.9998798
HAT-P-7 b,2.98557,0.9996678
HAT-P-7 b,3.00192,0.9996748
HAT-P-7 b,3.01826,0.9999132
HAT-P-7 b,3.03461,0.9999160
HAT-P-7 b,3.05096,0.9996725
HAT-P-7 b,3.06731,0.9998388
HAT-P-7 b,3.08365,0.9997618
HAT-P-7 b,3.10000,1.0003006
HAT-P-7 b,3.11635,1.0001481
HAT-P-7 b,3.13269,0.9998995
HAT-P-7 b,3.14904,0.9998945
HAT-P-7 b,3.16538,0.9998696
HAT-P-7 b,3.18173,0.9999198
HAT-P-7 b,3.19808,0.9999624
HAT-P-7 b,3.21443,1.0002320
HAT-P-7 b,3.23077,1.0000341
HAT-P-7 b,3.24712,1.0001264
HAT-P-7 b,3.26347,1.0001351
HAT-P-7 b,3.27981,1.0002403
HAT-P-7 b,3.29616,1.0003789
HAT-P-7 b,3.31251,1.0000335
HAT-P-7 b,3.32885,1.0001591
HAT-P-7 b,3.34520,1.0001511
HAT-P-7 b,3.36155,1.0000213
HAT-P-7 b,3.37789,0.9995205
HAT-P-7 b,3.39424,0.9997622
HAT-P-7 b,3.41058,0.9999270
HAT-P-7 b,3.42693,0.9998294
HAT-P-7 b,3.44328,0.9998013
HAT-P-7 b,3.45963,0.9998882
HAT-P-7 b,3.47597,0.9999967
HAT-P-7 b,3.49232,0.9997269
HAT-P-7 b,3.50867,0.9998199
HAT-P-7 b,3.52501,0.9997013
HAT-P-7 b,3.54136,1.0000038
HAT-P-7 b,3.55771,0.9998053
HAT-P-7 b,3.57405,0.9995999
HAT-P-7 b,3.59040,0.9996459
HAT-P-7 b,3.60675,0.9998646
HAT-P-7 b,3.62309,1.0000821
HAT-P-7 b,3.63944,0.9997329
HAT-P-7 b,3.65579,0.9997975
HAT-P-7 b,3.67214,0.9999406
HAT-P-7 b,3.68848,0.9998912
HAT-P-7 b,3.70483,0.9999833
HAT-P-7 b,3.72117,0.9994823
HAT-P-7 b,3.73752,1.0000129
HAT-P-7 b,3.75387,0.9999311
HAT-P-7 b,3.77021,0.9999246
HAT-P-7 b,3.78656,0.9999530
HAT-P-7 b,3.80291,0.9999223
HAT-P-7 b,3.81925,1.0000233
HAT-P-7 b,3.83560,1.0000412
HAT-P-7 b,3.85195,0.9999687
HAT-P-7 b,3.86829,0.9999087
HAT-P-7 b,3.88464,0.9996554
HAT-P-7 b,3.90099,0.9999148
HAT-P-7 b,3.91734,0.9999641
HAT-P-7 b,3.93368,1.0000110
HAT-P-7 b,3.95003,0.9997937
HAT-P-7 b,3.96637,0.9997008
HAT-P-7 b,3.98272,0.9999142
HAT-P-7 b,3.99907,0.9999318
HAT-P-7 b,4.01542,0.9999814
HAT-P-7 b,4.03176,0.9998014
HAT-P-7 b,4.04811,0.9999288
HAT-P-7 b,4.06446,0.9999211
HAT-P-7 b,4.08080,0.9999085
HAT-P-7 b,4.09715,0.9999091
HAT-P-7 b,4.11350,0.9997468
HAT-P-7 b,4.12984,0.9998642
HAT-P-7 b,4.14619,0.9998989
HAT-P-7 b,4.16254,1.0000177
HAT-P-7 b,4.17888,1.0001283
HAT-P-7 b,4.19523,0.9998485
HAT-P-7 b,4.21157,0.9998505
HAT-P-7 b,4.22792,0.9999010
HAT-P-7 b,4.24427,1.0001459
HAT-P-7 b,4.26061,1.0001081
HAT-P-7 b,4.27696,1.0001924
HAT-P-7 b,4.29331,0.9998309
HAT-P-7 b,4.30966,1.0000705
HAT-P-7 b,4.32600,1.0000986
HAT-P-7 b,4.34235,0.9998746
HAT-P-7 b,4.35869,0.9999302
HAT-P-7 b,4.37504,0.9999996
HAT-P-7 b,4.39139,0.9997538
HAT-P-7 b,4.40774,0.9998368
HAT-P-7 b,4.42408,0.9998579
HAT-P-7 b,4.44043,1.0000641
HAT-P-7 b,4.45678,1.0000398
HAT-P-7 b,4.47312,0.9998302
HAT-P-7 b,4.48947,0.9997468
HAT-P-7 b,4.50582,1.0000626
HAT-P-7 b,4.52216,0.9999944
HAT-P-7 b,4.53851,0.9999704
HAT-P-7 b,4.55486,1.0000511
HAT-P-7 b,4.57120,1.0002450
HAT-P-7 b,4.58755,1.0000482
HAT-P-7 b,4.60390,1.0001127
HAT-P-7 b,4.62024,0.9998818
HAT-P-7 b,4.63659,0.9999863
HAT-P-7 b,4.65294,0.9999786
HAT-P-7 b,4.66928,1.0001432
HAT-P-7 b,4.68563,0.9995441
HAT-P-7 b,4.70198,0.9998220
HAT-P-7 b,4.71833,1.0000343
HAT-P-7 b,4.73467,0.9998794
HAT-P-7 b,4.75102,0.9996810
HAT-P-7 b,4.76736,0.9999816
HAT-P-7 b,4.78371,0.9998896
HAT-P-7 b,4.80006,0.9997897
HAT-P-7 b,4.81640,1.0000565
HAT-P-7 b,4.83275,0.9998904
HAT-P-7 b,4.84910,1.0000253
HAT-P-7 b,4.86544,1.0001157
HAT-P-7 b,4.88179,0.9999532
HAT-P-7 b,4.89814,1.0003064
HAT-P-7 b,4.91448,0.9998203
HAT-P-7 b,4.93083,1.0001475
HAT-P-7 b,4.94718,0.9999650
HAT-P-7 b,4.96352,0.9998454
HAT-P-7 b,4.97987,1.0000157
HAT-P-7 b,4.99622,1.0001150
HAT-P-7 b,5.01256,1.0001491
HAT-P-7 b,5.02891,0.9999381
HAT-P-7 b,5.04526,0.9999404
HAT-P-7 b,5.06160,0.9999905
HAT-P-7 b,5.07795,0.9999477
HAT-P-7 b,5.09430,0.9996597
HAT-P-7 b,5.11065,0.9998667
HAT-P-7 b,5.12699,1.0001628
HAT-P-7 b,5.14334,0.9999178
HAT-P-7 b,5.15968,0.9999691
HAT-P-7 b,5.17603,1.0004469
HAT-P-7 b,5.19238,1.0001398
HAT-P-7 b,5.20873,0.9999674
HAT-P-7 b,5.22507,1.0002490
HAT-P-7 b,5.24142,0.9999968
HAT-P-7 b,5.25777,0.9999696
HAT-P-7 b,5.27411,0.9999844
HAT-P-7 b,5.29046,0.9999263
HAT-P-7 b,5.30680,0.9999244
HAT-P-7 b,5.32315,1.0000460
HAT-P-7 b,5.33950,1.0002348
HAT-P-7 b,5.35585,0.9999335
HAT-P-7 b,5.37219,0.9999651
HAT-P-7 b,5.38854,0.9998829
HAT-P-7 b,5.40488,0.9999637
HAT-P-7 b,5.42123,0.9999750
HAT-P-7 b,5.43758,1.0002886
HAT-P-7 b,5.45393,1.0002264
HAT-P-7 b,5.47027,1.0000422
HAT-P-7 b,5.48662,1.0000514
HAT-P-7 b,5.50297,1.0001095
HAT-P-7 b,5.51931,0.9999954
HAT-P-7 b,5.53566,0.9997252
HAT-P-7 b,5.55201,0.9996774
HAT-P-7 b,5.56835,0.9996385
HAT-P-7 b,5.58470,0.9998349
HAT-P-7 b,5.60105,1.0000079
HAT-P-7 b,5.61739,0.9998619
HAT-P-7 b,5.63374,0.9999676
HAT-P-7 b,5.65009,0.9998475
HAT-P-7 b,5.66643,1.0001748
HAT-P-7 b,5.68278,1.0000288
HAT-P-7 b,5.69913,0.9997449
HAT-P-7 b,5.71547,1.0000213
HAT-P-7 b,5.73182,0.9998124
HAT-P-7 b,5.74817,0.9997616
HAT-P-7 b,5.76451,0.9998105
HAT-P-7 b,5.78086,0.9996501
HAT-P-7 b,5.79721,0.9998478
HAT-P-7 b,5.81355,1.0001363
HAT-P-7 b,5.82990,0.9999246
HAT-P-7 b,5.84625,0.9999776
HAT-P-7 b,5.86259,1.0001212
HAT-P-7 b,5.87894,1.0001972
HAT-P-7 b,5.89529,0.9999297
HAT-P-7 b,5.91163,0.9999302
HAT-P-7 b,5.92798,0.9999293
HAT-P-7 b,5.94432,1.0001298
HAT-P-7 b,5.96067,1.0000790
HAT-P-7 b,5.97702,0.9998946
HAT-P-7 b,5.99337,0.9999942
HAT-P-7 b,6.00971,1.0001082
HAT-P-7 b,6.02606,0.9999029
HAT-P-7 b,6.04241,0.9999196
HAT-P-7 b,6.05875,1.0001937
HAT-P-7 b,6.07510,1.0002036
HAT-P-7 b,6.09145,0.9998574
HAT-P-7 b,6.10779,1.0004257
HAT-P-7 b,6.12414,0.9997824
HAT-P-7 b,6.14049,0.9998325
HAT-P-7 b,6.15684,1.0000224
HAT-P-7 b,6.17318,1.0002815
HAT-P-7 b,6.18953,0.9998610
HAT-P-7 b,6.20587,1.0000914
HAT-P-7 b,6.22222,1.0003460
HAT-P-7 b,6.23857,1.0000255
HAT-P-7 b,6.25492,1.0001578
HAT-P-7 b,6.27126,1.0003053
HAT-P-7 b,6.28761,1.0001838
HAT-P-7 b,6.30396,1.0000755
HAT-P-7 b,6.32030,1.0004254
HAT-P-7 b,6.33665,1.0001223
HAT-P-7 b,6.35300,1.0000757
HAT-P-7 b,6.36934,1.0002760
HAT-P-7 b,6.38569,1.0000444
HAT-P-7 b,6.40204,1.0000460
HAT-P-7 b,6.41838,1.0000951
HAT-P-7 b,6.43473,0.9998975
HAT-P-7 b,6.45107,1.0000583
HAT-P-7 b,6.46742,1.0001108
HAT-P-7 b,6.48377,0.9999359
HAT-P-7 b,6.50011,1.0000774
HAT-P-7 b,6.51646,1.0000466
HAT-P-7 b,6.53281,1.0001385
HAT-P-7 b,6.54915,0.9998952
HAT-P-7 b,6.56550,0.9999330
HAT-P-7 b,6.58185,1.0001166
HAT-P-7 b,6.59819,0.9999393
HAT-P-7 b,6.61454,0.9999466
HAT-P-7 b,6.63089,0.9999732
HAT-P-7 b,6.64723,1.0001288
HAT-P-7 b,6.66358,0.9999053
HAT-P-7 b,6.67993,0.9999039
HAT-P-7 b,6.69628,0.9999367
HAT-P-7 b,6.71262,0.9999771
HAT-P-7 b,6.72897,1.0002910
HAT-P-7 b,6.74531,0.9999855
HAT-P-7 b,6.76166,1.0001382
HAT-P-7 b,6.77801,1.0000448
HAT-P-7 b,6.79436,1.0001336
HAT-P-7 b,6.81070,1.0003532
HAT-P-7 b,6.82705,1.0001408
HAT-P-7 b,6.84340,1.0002613
HAT-P-7 b,6.85974,1.0002948
HAT-P-7 b,6.87609,1.0000479
HAT-P-7 b,6.89244,0.9999225
HAT-P-7 b,6.90878,1.0003286
HAT-P-7 b,6.92513,1.0001324
HAT-P-7 b,6.94148,0.9998296
HAT-P-7 b,6.95782,1.0001072
HAT-P-7 b,6.97417,1.0000498
HAT-P-7 b,6.99052,0.9997235
HAT-P-7 b,7.00686,0.9998106
HAT-P-7 b,7.02321,1.0001528
HAT-P-7 b,7.03956,1.0003693
HAT-P-7 b,7.05590,1.0002960
HAT-P-7 b,7.07225,1.0000340
HAT-P-7 b,7.08860,1.0000862
HAT-P-7 b,7.10494,0.9999697
HAT-P-7 b,7.12129,1.0002377
HAT-P-7 b,7.13764,1.0001140
HAT-P-7 b,7.15398,0.9999296
HAT-P-7 b,7.17033,1.0000975
HAT-P-7 b,7.18668,0.9999543
HAT-P-7 b,7.20302,0.9998148
HAT-P-7 b,7.21937,0.9998473
HAT-P-7 b,7.23572,1.0002493
HAT-P-7 b,7.25206,0.9997208
HAT-P-7 b,7.26841,1.0001911
HAT-P-7 b,7.28476,1.0002207
HAT-P-7 b,7.30110,0.9999522
HAT-P-7 b,7.31745,1.0000713
HAT-P-7 b,7.33380,0.9999090
HAT-P-7 b,7.35014,1.0000981
HAT-P-7 b,7.36649,1.0001338
HAT-P-7 b,7.38284,1.0001501
HAT-P-7 b,7.39918,1.0000407
HAT-P-7 b,7.41553,0.9998283
HAT-P-7 b,7.43188,1.0002770
HAT-P-7 b,7.44822,0.9998895
HAT-P-7 b,7.46457,1.0004935
HAT-P-7 b,7.48092,1.0000992
HAT-P-7 b,7.49727,0.9999393
HAT-P-7 b,7.51361,0.9999071
HAT-P-7 b,7.52996,0.9998073
HAT-P-7 b,7.54630,0.9999399
HAT-P-7 b,7.56265,1.0002699
HAT-P-7 b,7.57900,1.0001378
HAT-P-7 b,7.59534,0.9999968
HAT-P-7 b,7.61169,1.0000253
HAT-P-7 b,7.62804,0.9999725
HAT-P-7 b,7.64438,1.0000316
HAT-P-7 b,7.66073,0.9998075
HAT-P-7 b,7.67708,0.9997478
HAT-P-7 b,7.69342,1.0000974
HAT-P-7 b,7.70977,0.9999117
HAT-P-7 b,7.72612,1.0000350
HAT-P-7 b,7.74247,1.0000604
HAT-P-7 b,7.75881,1.0002323
HAT-P-7 b,7.77516,0.9998190
HAT-P-7 b,7.79150,0.9999591
HAT-P-7 b,7.80785,1.0003266
HAT-P-7 b,7.82420,1.0001269
HAT-P-7 b,7.84055,1.0002032
HAT-P-7 b,7.85689,1.0000676
HAT-P-7 b,7.87324,1.0000100
HAT-P-7 b,7.88959,1.0000122
HAT-P-7 b,7.90593,1.0000084
HAT-P-7 b,7.92228,0.9999452
HAT-P-7 b,7.93863,1.0002071
HAT-P-7 b,7.95497,0.9998346
HAT-P-7 b,7.97132,0.9999666
HAT-P-7 b,7.98767,1.0000586
HAT-P-7 b,8.00401,1.0000178
HAT-P-7 b,8.02036,1.0000127
HAT-P-7 b,8.03671,0.9997307
HAT-P-7 b,8.05305,0.9998548
HAT-P-7 b,8.06940,0.9999325
HAT-P-7 b,8.08575,1.0000756
HAT-P-7 b,8.10209,0.9999867
HAT-P-7 b,8.11844,0.9998025
HAT-P-7 b,8.13479,0.9999717
HAT-P-7 b,8.15113,0.9998862
HAT-P-7 b,8.16748,0.9999903
HAT-P-7 b,8.18382,0.9997954
HAT-P-7 b,8.20017,0.9999636
HAT-P-7 b,8.21652,0.9997681
HAT-P-7 b,8.23287,0.9997700
HAT-P-7 b,8.24921,0.9997233
HAT-P-7 b,8.26556,0.9998571
HAT-P-7 b,8.28191,0.9997947
HAT-P-7 b,8.29825,0.9997774
HAT-P-7 b,8.31460,0.9999444
HAT-P-7 b,8.33095,0.9999611
HAT-P-7 b,8.34729,1.0001776
HAT-P-7 b,8.36364,1.0003005
HAT-P-7 b,8.37999,1.0000936
HAT-P-7 b,8.39633,1.0002880
HAT-P-7 b,-8.39121,1.0003065
HAT-P-7 b,-8.37487,1.0000376
HAT-P-7 b,-8.35852,0.9999077
HAT-P-7 b,-8.34217,0.9998331
HAT-P-7 b,-8.32583,0.9997869
HAT-P-7 b,-8.30948,0.9998244
HAT-P-7 b,-8.29313,1.0000338
HAT-P-7 b,-8.27679,1.0002307
HAT-P-7 b,-8.26044,0.9999926
HAT-P-7 b,-8.24409,1.0001907
HAT-P-7 b,-8.22775,1.0000234
HAT-P-7 b,-8.21140,1.0000991
HAT-P-7 b,-8.19505,1.0003566
HAT-P-7 b,-8.17871,1.0003880
HAT-P-7 b,-8.16236,1.0001981
HAT-P-7 b,-8.14601,1.0001198
HAT-P-7 b,-8.12967,0.9998649
HAT-P-7 b,-8.11332,1.0001062
HAT-P-7 b,-8.09697,1.0000633
HAT-P-7 b,-8.08063,0.9999471
HAT-P-7 b,-8.06428,0.9999303
HAT-P-7 b,-8.04793,0.9998009
HAT-P-7 b,-8.03158,0.9999947
HAT-P-7 b,-8.01524,1.0000034
HAT-P-7 b,-7.99889,1.0001364
HAT-P-7 b,-7.98255,1.0000632
HAT-P-7 b,-7.96620,1.0001485
HAT-P-7 b,-7.94985,1.0000316
HAT-P-7 b,-7.93350,0.9999057
HAT-P-7 b,-7.91716,1.0002730
HAT-P-7 b,-7.90081,1.0001527
HAT-P-7 b,-7.88447,1.0001494
HAT-P-7 b,-7.86812,0.9999961
HAT-P-7 b,-7.85177,1.0003497
HAT-P-7 b,-7.83543,1.0002634
HAT-P-7 b,-7.81908,1.0000145
HAT-P-7 b,-7.80273,1.0000227
HAT-P-7 b,-7.78638,1.0001882
HAT-P-7 b,-7.77004,1.0002760
HAT-P-7 b,-7.75369,1.0000372
HAT-P-7 b,-7.73735,0.9997996
HAT-P-7 b,-7.72100,1.0001337
HAT-P-7 b,-7.70465,1.0000466
HAT-P-7 b,-7.68830,1.0002173
HAT-P-7 b,-7.67196,1.0002702
HAT-P-7 b,-7.65561,1.0000941
HAT-P-7 b,-7.63926,1.0000736
HAT-P-7 b,-7.62292,0.9999631
HAT-P-7 b,-7.60657,1.0002533
HAT-P-7 b,-7.59022,0.9999301
HAT-P-7 b,-7.57388,0.9999270
HAT-P-7 b,-7.55753,0.9996000
HAT-P-7 b,-7.54118,0.9999561
HAT-P-7 b,-7.52484,1.0001835
HAT-P-7 b,-7.50849,1.0001028
HAT-P-7 b,-7.49214,0.9998307
HAT-P-7 b,-7.47580,1.0000984
HAT-P-7 b,-7.45945,1.0001432
HAT-P-7 b,-7.44310,0.9997867
HAT-P-7 b,-7.42676,0.9999581
HAT-P-7 b,-7.41041,1.0000206
HAT-P-7 b,-7.39407,0.9996460
HAT-P-7 b,-7.37772,0.9999907
HAT-P-7 b,-7.36137,0.9996984
HAT-P-7 b,-7.34503,0.9998702
HAT-P-7 b,-7.32868,0.9999658
HAT-P-7 b,-7.31233,0.9999899
HAT-P-7 b,-7.29599,0.9999752
HAT-P-7 b,-7.27964,1.0001104
HAT-P-7 b,-7.26329,0.9998739
HAT-P-7 b,-7.24694,0.9997770
HAT-P-7 b,-7.23060,0.9998869
HAT-P-7 b,-7.21425,0.9998127
HAT-P-7 b,-7.19791,1.0000170
HAT-P-7 b,-7.18156,0.9999166
HAT-P-7 b,-7.16521,1.0001348
HAT-P-7 b,-7.14886,0.9998962
HAT-P-7 b,-7.13252,1.0000115
HAT-P-7 b,-7.11617,1.0000367
HAT-P-7 b,-7.09982,1.0000031
HAT-P-7 b,-7.08348,0.9998584
HAT-P-7 b,-7.06713,0.9998274
HAT-P-7 b,-7.05078,1.0001714
HAT-P-7 b,-7.03444,0.9999934
HAT-P-7 b,-7.01809,0.9999238
HAT-P-7 b,-7.00174,0.9997819
HAT-P-7 b,-6.98540,1.0001395
HAT-P-7 b,-6.96905,0.9999364
HAT-P-7 b,-6.95271,0.9997293
HAT-P-7 b,-6.93636,1.0000678
HAT-P-7 b,-6.92001,0.9997775
HAT-P-7 b,-6.90366,0.9999736
HAT-P-7 b,-6.88732,0.9997815
HAT-P-7 b,-6.87097,0.9999348
HAT-P-7 b,-6.85462,1.0000096
HAT-P-7 b,-6.83828,0.9999542
HAT-P-7 b,-6.82193,0.9998579
HAT-P-7 b,-6.80558,1.0000497
HAT-P-7 b,-6.78924,1.0000361
HAT-P-7 b,-6.77289,0.9999274
HAT-P-7 b,-6.75654,1.0000111
HAT-P-7 b,-6.74020,0.9998947
HAT-P-7 b,-6.72385,0.9999237
HAT-P-7 b,-6.70750,1.0001141
HAT-P-7 b,-6.69116,1.0001893
HAT-P-7 b,-6.67481,1.0001865
HAT-P-7 b,-6.65846,0.9999249
HAT-P-7 b,-6.64212,0.9999862
HAT-P-7 b,-6.62577,0.9999638
HAT-P-7 b,-6.60942,0.9999428
HAT-P-7 b,-6.59308,1.0000241
HAT-P-7 b,-6.57673,0.9999282
HAT-P-7 b,-6.56038,0.9999129
HAT-P-7 b,-6.54404,0.9999520
HAT-P-7 b,-6.52769,0.9999987
HAT-P-7 b,-6.51134,1.0001557
HAT-P-7 b,-6.49500,1.0001969
HAT-P-7 b,-6.47865,0.9999948
HAT-P-7 b,-6.46230,0.9999282
HAT-P-7 b,-6.44596,0.9999907
HAT-P-7 b,-6.42961,1.0000734
HAT-P-7 b,-6.41327,0.9999164
HAT-P-7 b,-6.39692,0.9997567
HAT-P-7 b,-6.38057,0.9999176
HAT-P-7 b,-6.36422,0.9998745
HAT-P-7 b,-6.34788,1.0000295
HAT-P-7 b,-6.33153,1.0001470
HAT-P-7 b,-6.31518,0.9999037
HAT-P-7 b,-6.29884,1.0001245
HAT-P-7 b,-6.28249,0.9999110
HAT-P-7 b,-6.26614,0.9997168
HAT-P-7 b,-6.24980,0.9999501
HAT-P-7 b,-6.23345,0.9997654
HAT-P-7 b,-6.21710,1.0000433
HAT-P-7 b,-6.20076,0.9997980
HAT-P-7 b,-6.18441,1.0001367
HAT-P-7 b,-6.16806,0.9998344
HAT-P-7 b,-6.15172,1.0000324
HAT-P-7 b,-6.13537,1.0000556
HAT-P-7 b,-6.11902,0.9997047
HAT-P-7 b,-6.10268,1.0000324
HAT-P-7 b,-6.08633,1.0000634
HAT-P-7 b,-6.06998,0.9999823
HAT-P-7 b,-6.05363,0.9998892
HAT-P-7 b,-6.03729,0.9998518
HAT-P-7 b,-6.02094,0.9997395
HAT-P-7 b,-6.00460,0.9998954
HAT-P-7 b,-5.98825,0.9998099
HAT-P-7 b,-5.97190,1.0002022
HAT-P-7 b,-5.95555,0.9999299
HAT-P-7 b,-5.93921,0.9997875
HAT-P-7 b,-5.92286,1.0000307
HAT-P-7 b,-5.90652,0.9997596
HAT-P-7 b,-5.89017,1.0001541
HAT-P-7 b,-5.87382,1.0001925
HAT-P-7 b,-5.85748,1.0001614
HAT-P-7 b,-5.84113,0.9999199
HAT-P-7 b,-5.82478,0.9998184
HAT-P-7 b,-5.80844,1.0001675
HAT-P-7 b,-5.79209,0.9999996
HAT-P-7 b,-5.77574,0.9999182
HAT-P-7 b,-5.75940,0.9999159
HAT-P-7 b,-5.74305,0.9996485
HAT-P-7 b,-5.72670,0.9998442
HAT-P-7 b,-5.71036,1.0000150
HAT-P-7 b,-5.69401,1.0003069
HAT-P-7 b,-5.67766,0.9999832
HAT-P-7 b,-5.66131,1.0005566
HAT-P-7 b,-5.64497,1.0001478
HAT-P-7 b,-5.62862,0.9998731
HAT-P-7 b,-5.61228,1.0001121
HAT-P-7 b,-5.59593,1.0001041
HAT-P-7 b,-5.57958,1.0001673
HAT-P-7 b,-5.56323,1.0002180
HAT-P-7 b,-5.54689,1.0000227
HAT-P-7 b,-5.53054,0.9998321
HAT-P-7 b,-5.51419,1.0000906
HAT-P-7 b,-5.49785,0.9998969
HAT-P-7 b,-5.48150,0.9999231
HAT-P-7 b,-5.46515,1.0000113
HAT-P-7 b,-5.44881,0.9997798
HAT-P-7 b,-5.43246,0.9999693
HAT-P-7 b,-5.41611,0.9998618
HAT-P-7 b,-5.39977,0.9996959
HAT-P-7 b,-5.38342,0.9998727
HAT-P-7 b,-5.36708,0.9999510
HAT-P-7 b,-5.35073,0.9997899
HAT-P-7 b,-5.33438,1.0002238
HAT-P-7 b,-5.31804,1.0001405
HAT-P-7 b,-5.30169,1.0001480
HAT-P-7 b,-5.28534,1.0002664
HAT-P-7 b,-5.26899,1.0003252
HAT-P-7 b,-5.25265,1.0002806
HAT-P-7 b,-5.23630,1.0000353
HAT-P-7 b,-5.21996,1.0001593
HAT-P-7 b,-5.20361,1.0003047
HAT-P-7 b,-5.18726,1.0002175
HAT-P-7 b,-5.17091,0.9998875
HAT-P-7 b,-5.15457,1.0000913
HAT-P-7 b,-5.13822,1.0000670
HAT-P-7 b,-5.12187,1.0000105
HAT-P-7 b,-5.10553,1.0000298
HAT-P-7 b,-5.08918,0.9999641
HAT-P-7 b,-5.07284,1.0000373
HAT-P-7 b,-5.05649,1.0000255
HAT-P-7 b,-5.04014,1.0001459
HAT-P-7 b,-5.02379,0.9999934
HAT-P-7 b,-5.00745,1.0000021
HAT-P-7 b,-4.99110,1.0000772
HAT-P-7 b,-4.97476,1.0001409
HAT-P-7 b,-4.95841,0.9996939
HAT-P-7 b,-4.94206,1.0000082
HAT-P-7 b,-4.92571,0.9999362
HAT-P-7 b,-4.90937,1.0002967
HAT-P-7 b,-4.89302,0.9998999
HAT-P-7 b,-4.87667,0.9999757
HAT-P-7 b,-4.86032,0.9997185
HAT-P-7 b,-4.84398,0.9999534
HAT-P-7 b,-4.82763,0.9997451
HAT-P-7 b,-4.81129,1.0000098
HAT-P-7 b,-4.79494,1.0000290
HAT-P-7 b,-4.77859,1.0001570
HAT-P-7 b,-4.76224,0.9996370
HAT-P-7 b,-4.74590,0.9999506
HAT-P-7 b,-4.72955,1.0000511
HAT-P-7 b,-4.71321,1.0001263
HAT-P-7 b,-4.69686,0.9999602
HAT-P-7 b,-4.68051,0.9999149
HAT-P-7 b,-4.66417,0.9999394
HAT-P-7 b,-4.64782,1.0000260
HAT-P-7 b,-4.63147,1.0002013
HAT-P-7 b,-4.61513,1.0000425
HAT-P-7 b,-4.59878,0.9999547
HAT-P-7 b,-4.58243,1.0001308
HAT-P-7 b,-4.56609,0.9997517
HAT-P-7 b,-4.54974,1.0000025
HAT-P-7 b,-4.53339,0.9999485
HAT-P-7 b,-4.51705,0.9997196
HAT-P-7 b,-4.50070,0.9998934
HAT-P-7 b,-4.48435,1.0002624
HAT-P-7 b,-4.46801,0.9999419
HAT-P-7 b,-4.45166,0.9997510
HAT-P-7 b,-4.43531,1.0002942
HAT-P-7 b,-4.41897,1.0001691
HAT-P-7 b,-4.40262,1.0003514
HAT-P-7 b,-4.38627,1.0001382
HAT-P-7 b,-4.36993,1.0000664
HAT-P-7 b,-4.35358,0.9998925
HAT-P-7 b,-4.33723,1.0002275
HAT-P-7 b,-4.32089,1.0004868
HAT-P-7 b,-4.30454,0.9999690
HAT-P-7 b,-4.28820,0.9999214
HAT-P-7 b,-4.27185,0.9999351
HAT-P-7 b,-4.25550,0.9998961
HAT-P-7 b,-4.23915,0.9998132
HAT-P-7 b,-4.22281,0.9998985
HAT-P-7 b,-4.20646,0.9998861
HAT-P-7 b,-4.19012,0.9999538
HAT-P-7 b,-4.17377,1.0000533
HAT-P-7 b,-4.15742,1.0001579
HAT-P-7 b,-4.14107,0.9999613
HAT-P-7 b,-4.12473,1.0002400
HAT-P-7 b,-4.10838,1.0000571
HAT-P-7 b,-4.09203,1.0000221
HAT-P-7 b,-4.07568,0.9997661
HAT-P-7 b,-4.05934,0.9999947
HAT-P-7 b,-4.04299,0.9998864
HAT-P-7 b,-4.02665,1.0002081
HAT-P-7 b,-4.01030,0.9999003
HAT-P-7 b,-3.99395,1.0001205
HAT-P-7 b,-3.97760,0.9992908
HAT-P-7 b,-3.96126,0.9999829
HAT-P-7 b,-3.94491,1.0000926
HAT-P-7 b,-3.92856,0.9997668
HAT-P-7 b,-3.91222,0.9999322
HAT-P-7 b,-3.89587,1.0000496
HAT-P-7 b,-3.87953,0.9998799
HAT-P-7 b,-3.86318,1.0000667
HAT-P-7 b,-3.84683,1.0001748
HAT-P-7 b,-3.83048,0.9999928
HAT-P-7 b,-3.81414,1.0001396
HAT-P-7 b,-3.79779,0.9999824
HAT-P-7 b,-3.78145,1.0000815
HAT-P-7 b,-3.76510,1.0002523
HAT-P-7 b,-3.74875,1.0001349
HAT-P-7 b,-3.73241,1.0001331
HAT-P-7 b,-3.71606,1.0000687
HAT-P-7 b,-3.69971,1.0000809
HAT-P-7 b,-3.68337,0.9998001
HAT-P-7 b,-3.66702,1.0001491
HAT-P-7 b,-3.65067,0.9999220
HAT-P-7 b,-3.63433,0.9996999
HAT-P-7 b,-3.61798,0.9997151
HAT-P-7 b,-3.60163,0.9997216
HAT-P-7 b,-3.58529,0.9997895
HAT-P-7 b,-3.56894,0.9997260
HAT-P-7 b,-3.55259,0.9999978
HAT-P-7 b,-3.53624,0.9997087
HAT-P-7 b,-3.51990,1.0001426
HAT-P-7 b,-3.50355,1.0000028
HAT-P-7 b,-3.48721,1.0001687
HAT-P-7 b,-3.47086,1.0000334
HAT-P-7 b,-3.45451,0.9998702
HAT-P-7 b,-3.43816,0.9998116
HAT-P-7 b,-3.42182,0.9995915
HAT-P-7 b,-3.40547,1.0000429
HAT-P-7 b,-3.38913,1.0000180
HAT-P-7 b,-3.37278,0.9998948
HAT-P-7 b,-3.35643,1.0000744
HAT-P-7 b,-3.34008,0.9999290
HAT-P-7 b,-3.32374,0.9999648
HAT-P-7 b,-3.30739,1.0003005
HAT-P-7 b,-3.29104,1.0000920
HAT-P-7 b,-3.27470,0.9999471
HAT-P-7 b,-3.25835,0.9999135
HAT-P-7 b,-3.24201,1.0001549
HAT-P-7 b,-3.22566,1.0000248
HAT-P-7 b,-3.20931,0.9999491
HAT-P-7 b,-3.19296,1.0000605
HAT-P-7 b,-3.17662,1.0001543
HAT-P-7 b,-3.16027,0.9999382
HAT-P-7 b,-3.14392,0.9998173
HAT-P-7 b,-3.12758,0.9999233
HAT-P-7 b,-3.11123,0.9997426
HAT-P-7 b,-3.09489,0.9998702
HAT-P-7 b,-3.07854,1.0000267
HAT-P-7 b,-3.06219,0.9998685
HAT-P-7 b,-3.04584,0.9999979
HAT-P-7 b,-3.02950,0.9998937
HAT-P-7 b,-3.01315,1.0001061
HAT-P-7 b,-2.99681,0.9998936
HAT-P-7 b,-2.98046,0.9996796
HAT-P-7 b,-2.96411,0.9999188
HAT-P-7 b,-2.94776,1.0000227
HAT-P-7 b,-2.93142,1.0000133
HAT-P-7 b,-2.91507,0.9999231
HAT-P-7 b,-2.89872,0.9999432
HAT-P-7 b,-2.88238,0.9999876
HAT-P-7 b,-2.86603,1.0000859
HAT-P-7 b,-2.84968,1.0000431
HAT-P-7 b,-2.83334,1.0002254
HAT-P-7 b,-2.81699,0.9999054
HAT-P-7 b,-2.80064,1.0001850
HAT-P-7 b,-2.78430,0.9999385
HAT-P-7 b,-2.76795,1.0000821
HAT-P-7 b,-2.75160,0.9999727
HAT-P-7 b,-2.73526,1.0000726
HAT-P-7 b,-2.71891,0.9999609
HAT-P-7 b,-2.70256,0.9999476
HAT-P-7 b,-2.68622,1.0001876
HAT-P-7 b,-2.66987,1.0000068
HAT-P-7 b,-2.65352,0.9999579
HAT-P-7 b,-2.63718,0.9998673
HAT-P-7 b,-2.62083,0.9998834
HAT-P-7 b,-2.60448,1.0001278
HAT-P-7 b,-2.58814,0.9999093
HAT-P-7 b,-2.57179,1.0001284
HAT-P-7 b,-2.55544,1.0001408
HAT-P-7 b,-2.53910,0.9997625
HAT-P-7 b,-2.52275,1.0002969
HAT-P-7 b,-2.50640,1.0001203
HAT-P-7 b,-2.49006,1.0001947
HAT-P-7 b,-2.47371,1.0000408
HAT-P-7 b,-2.45736,1.0001756
HAT-P-7 b,-2.44102,1.0000612
HAT-P-7 b,-2.42467,1.0002662
HAT-P-7 b,-2.40832,1.0003338
HAT-P-7 b,-2.39198,1.0004800
HAT-P-7 b,-2.37563,1.0001489
HAT-P-7 b,-2.35928,1.0002003
HAT-P-7 b,-2.34294,1.0000869
HAT-P-7 b,-2.32659,1.0002350
HAT-P-7 b,-2.31024,1.0000491
HAT-P-7 b,-2.29390,1.0000417
HAT-P-7 b,-2.27755,1.0000728
HAT-P-7 b,-2.26120,1.0001669
HAT-P-7 b,-2.24486,1.0000584
HAT-P-7 b,-2.22851,1.0001281
HAT-P-7 b,-2.21216,1.0000463
HAT-P-7 b,-2.19582,0.9998439
HAT-P-7 b,-2.17947,1.0000250
HAT-P-7 b,-2.16312,1.0000954
HAT-P-7 b,-2.14678,0.9999799
HAT-P-7 b,-2.13043,0.9999747
HAT-P-7 b,-2.11408,1.0000998
HAT-P-7 b,-2.09773,1.0002841
HAT-P-7 b,-2.08139,1.0001413
HAT-P-7 b,-2.06504,1.0000152
HAT-P-7 b,-2.04870,1.0002133
HAT-P-7 b,-2.03235,1.0002200
HAT-P-7 b,-2.01600,1.0002414
HAT-P-7 b,-1.99966,1.0000417
HAT-P-7 b,-1.98331,1.0000023
HAT-P-7 b,-1.96696,0.9998518
HAT-P-7 b,-1.95061,0.9997743
HAT-P-7 b,-1.93427,0.9998615
HAT-P-7 b,-1.91792,0.9995834
HAT-P-7 b,-1.90158,0.9993787
HAT-P-7 b,-1.88523,0.9994155
HAT-P-7 b,-1.86888,0.9989955
HAT-P-7 b,-1.85253,0.9987110
HAT-P-7 b,-1.83619,0.9986122
HAT-P-7 b,-1.81984,0.9985179
HAT-P-7 b,-1.80350,0.9981082
HAT-P-7 b,-1.78715,0.9976340
HAT-P-7 b,-1.77080,0.9974516
HAT-P-7 b,-1.75445,0.9972372
HAT-P-7 b,-1.73811,0.9969113
HAT-P-7 b,-1.72176,0.9964997
HAT-P-7 b,-1.70541,0.9962630
HAT-P-7 b,-1.68907,0.9961371
HAT-P-7 b,-1.67272,0.9957647
HAT-P-7 b,-1.65637,0.9959303
HAT-P-7 b,-1.64003,0.9953147
HAT-P-7 b,-1.62368,0.9954393
HAT-P-7 b,-1.60734,0.9950480
HAT-P-7 b,-1.59099,0.9949840
HAT-P-7 b,-1.57464,0.9950777
HAT-P-7 b,-1.55830,0.9948731
HAT-P-7 b,-1.54195,0.9948682
HAT-P-7 b,-1.52560,0.9943358
HAT-P-7 b,-1.50926,0.9945615
HAT-P-7 b,-1.49291,0.9943689
HAT-P-7 b,-1.47656,0.9944269
HAT-P-7 b,-1.46022,0.9943798
HAT-P-7 b,-1.44387,0.9946010
HAT-P-7 b,-1.42752,0.9944930
HAT-P-7 b,-1.41118,0.9945402
HAT-P-7 b,-1.39483,0.9943669
HAT-P-7 b,-1.37848,0.9944809
HAT-P-7 b,-1.36214,0.9944936
HAT-P-7 b,-1.34579,0.9944019
HAT-P-7 b,-1.32944,0.9943830
HAT-P-7 b,-1.31309,0.9941206
HAT-P-7 b,-1.29675,0.9942974
HAT-P-7 b,-1.28040,0.9939836
HAT-P-7 b,-1.26406,0.9940919
HAT-P-7 b,-1.24771,0.9940458
HAT-P-7 b,-1.23136,0.9938389
HAT-P-7 b,-1.21501,0.9940799
HAT-P-7 b,-1.19867,0.9941025
HAT-P-7 b,-1.18232,0.9940142
HAT-P-7 b,-1.16597,0.9941750
HAT-P-7 b,-1.14963,0.9940174
HAT-P-7 b,-1.13328,0.9937156
HAT-P-7 b,-1.11694,0.9940817
HAT-P-7 b,-1.10059,0.9939212
HAT-P-7 b,-1.08424,0.9934779
HAT-P-7 b,-1.06789,0.9937315
HAT-P-7 b,-1.05155,0.9939203
HAT-P-7 b,-1.03520,0.9938538
HAT-P-7 b,-1.01886,0.9939127
HAT-P-7 b,-1.00251,0.9944825
HAT-P-7 b,-0.98616,0.9940409
HAT-P-7 b,-0.96981,0.9935936
HAT-P-7 b,-0.95347,0.9936408
HAT-P-7 b,-0.93712,0.9938240
HAT-P-7 b,-0.92077,0.9937219
HAT-P-7 b,-0.90443,0.9936537
HAT-P-7 b,-0.88808,0.9936583
HAT-P-7 b,-0.87174,0.9936414
HAT-P-7 b,-0.85539,0.9937220
HAT-P-7 b,-0.83904,0.9936975
HAT-P-7 b,-0.82269,0.9935074
HAT-P-7 b,-0.80635,0.9938530
HAT-P-7 b,-0.79000,0.9935904
HAT-P-7 b,-0.77365,0.9938090
HAT-P-7 b,-0.75731,0.9934775
HAT-P-7 b,-0.74096,0.9935988
HAT-P-7 b,-0.72461,0.9935418
HAT-P-7 b,-0.70827,0.9932031
HAT-P-7 b,-0.69192,0.9933050
HAT-P-7 b,-0.67557,0.9932095
HAT-P-7 b,-0.65923,0.9932575
HAT-P-7 b,-0.64288,0.9934765
HAT-P-7 b,-0.62653,0.9934379
HAT-P-7 b,-0.61019,0.9934796
HAT-P-7 b,-0.59384,0.9931573
HAT-P-7 b,-0.57749,0.9932393
HAT-P-7 b,-0.56115,0.9933328
HAT-P-7 b,-0.54480,0.9932287
HAT-P-7 b,-0.52845,0.9933745
HAT-P-7 b,-0.51211,0.9934133
HAT-P-7 b,-0.49576,0.9935309
HAT-P-7 b,-0.47941,0.9931773
HAT-P-7 b,-0.46307,0.9931264
HAT-P-7 b,-0.44672,0.9933399
HAT-P-7 b,-0.43037,0.9935490
HAT-P-7 b,-0.41403,0.9935992
HAT-P-7 b,-0.39768,0.9933130
HAT-P-7 b,-0.38133,0.9935458
HAT-P-7 b,-0.36499,0.9934208
HAT-P-7 b,-0.34864,0.9932461
HAT-P-7 b,-0.33229,0.9934072
HAT-P-7 b,-0.31595,0.9931512
HAT-P-7 b,-0.29960,0.9935170
HAT-P-7 b,-0.28325,0.9932176
HAT-P-7 b,-0.26691,0.9930253
HAT-P-7 b,-0.25056,0.9933368
HAT-P-7 b,-0.23421,0.9934557
HAT-P-7 b,-0.21787,0.9933154
HAT-P-7 b,-0.20152,0.9933284
HAT-P-7 b,-0.18517,0.9931153
HAT-P-7 b,-0.16883,0.9932643
HAT-P-7 b,-0.15248,0.9934658
HAT-P-7 b,-0.13613,0.9931327
HAT-P-7 b,-0.11979,0.9930518
HAT-P-7 b,-0.10344,0.9933689
HAT-P-7 b,-0.08710,0.9933871
HAT-P-7 b,-0.07075,0.9932838
HAT-P-7 b,-0.05440,0.9931956
HAT-P-7 b,-0.03805,0.9935060
HAT-P-7 b,-0.02171,0.9934110
HAT-P-7 b,-0.00536,0.9934658
HAT-P-7 b,0.01099,0.9932427
HAT-P-7 b,0.02734,0.9930690
HAT-P-7 b,0.04368,0.9935540
HAT-P-7 b,0.06003,0.9931175
HAT-P-7 b,0.07637,0.9934582
HAT-P-7 b,0.09272,0.9930748
HAT-P-7 b,0.10907,0.9933677
HAT-P-7 b,0.12542,0.9933364
HAT-P-7 b,0.14176,0.9931048
HAT-P-7 b,0.15811,0.9934191
HAT-P-7 b,0.17445,0.9932259
HAT-P-7 b,0.19080,0.9935838
HAT-P-7 b,0.20715,0.9933069
HAT-P-7 b,0.22349,0.9933870
HAT-P-7 b,0.23984,0.9932748
HAT-P-7 b,0.25619,0.9932093
HAT-P-7 b,0.27254,0.9932638
HAT-P-7 b,0.28888,0.9933563
HAT-P-7 b,0.30523,0.9929993
HAT-P-7 b,0.32157,0.9931738
HAT-P-7 b,0.33792,0.9932264
HAT-P-7 b,0.35427,0.9934172
HAT-P-7 b,0.37062,0.9932587
HAT-P-7 b,0.38696,0.9931740
HAT-P-7 b,0.40331,0.9933110
HAT-P-7 b,0.41966,0.9934409
HAT-P-7 b,0.43600,0.9929404
HAT-P-7 b,0.45235,0.9933843
HAT-P-7 b,0.46870,0.9936999
HAT-P-7 b,0.48504,0.9929730
HAT-P-7 b,0.50139,0.9931784
HAT-P-7 b,0.51773,0.9934005
HAT-P-7 b,0.53408,0.9931392
HAT-P-7 b,0.55043,0.9934442
HAT-P-7 b,0.56677,0.9937064
HAT-P-7 b,0.58312,0.9934551
HAT-P-7 b,0.59947,0.9932660
HAT-P-7 b,0.61581,0.9934244
HAT-P-7 b,0.63216,0.9935049
HAT-P-7 b,0.64851,0.9933800
HAT-P-7 b,0.66485,0.9934760
HAT-P-7 b,0.68120,0.9935689
HAT-P-7 b,0.69755,0.9934390
HAT-P-7 b,0.71389,0.9935290
HAT-P-7 b,0.73024,0.9935014
HAT-P-7 b,0.74659,0.9933526
HAT-P-7 b,0.76293,0.9936873
HAT-P-7 b,0.77928,0.9937082
HAT-P-7 b,0.79563,0.9938209
HAT-P-7 b,0.81198,0.9936288
HAT-P-7 b,0.82832,0.9937012
HAT-P-7 b,0.84467,0.9934708
HAT-P-7 b,0.86101,0.9936895
HAT-P-7 b,0.87736,0.9937027
HAT-P-7 b,0.89371,0.9938404
HAT-P-7 b,0.91006,0.9936595
HAT-P-7 b,0.92640,0.9937834
HAT-P-7 b,0.94275,0.9936803
HAT-P-7 b,0.95910,0.9937281
HAT-P-7 b,0.97544,0.9937796
HAT-P-7 b,0.99179,0.9934586
HAT-P-7 b,1.00813,0.9935061
HAT-P-7 b,1.02448,0.9938190
HAT-P-7 b,1.04083,0.9937708
HAT-P-7 b,1.05718,0.9937199
HAT-P-7 b,1.07352,0.9936987
HAT-P-7 b,1.08987,0.9938761
HAT-P-7 b,1.10621,0.9939260
HAT-P-7 b,1.12256,0.9937768
HAT-P-7 b,1.13891,0.9938532
HAT-P-7 b,1.15526,0.9936997
HAT-P-7 b,1.17160,0.9941320
HAT-P-7 b,1.18795,0.9943466
HAT-P-7 b,1.20430,0.9940828
HAT-P-7 b,1.22064,0.9937721
HAT-P-7 b,1.23699,0.9943292
HAT-P-7 b,1.25334,0.9940224
HAT-P-7 b,1.26968,0.9940121
HAT-P-7 b,1.28603,0.9939510
HAT-P-7 b,1.30238,0.9940509
HAT-P-7 b,1.31872,0.9944925
HAT-P-7 b,1.33507,0.9945148
HAT-P-7 b,1.35142,0.9940483
HAT-P-7 b,1.36776,0.9945824
HAT-P-7 b,1.38411,0.9946234
HAT-P-7 b,1.40046,0.9945179
HAT-P-7 b,1.41680,0.9942600
HAT-P-7 b,1.43315,0.9943687
HAT-P-7 b,1.44950,0.9945074
HAT-P-7 b,1.46584,0.9946610
HAT-P-7 b,1.48219,0.9944515
HAT-P-7 b,1.49854,0.9945135
HAT-P-7 b,1.51488,0.9947137
HAT-P-7 b,1.53123,0.9948128
HAT-P-7 b,1.54758,0.9946337
HAT-P-7 b,1.56392,0.9951411
HAT-P-7 b,1.58027,0.9949291
HAT-P-7 b,1.59662,0.9950605
HAT-P-7 b,1.61296,0.9955832
HAT-P-7 b,1.62931,0.9951289
HAT-P-7 b,1.64566,0.9958336
HAT-P-7 b,1.66200,0.9959375
HAT-P-7 b,1.67835,0.9960530
HAT-P-7 b,1.69470,0.9963279
HAT-P-7 b,1.71104,0.9964570
HAT-P-7 b,1.72739,0.9967313
HAT-P-7 b,1.74374,0.9973099
HAT-P-7 b,1.76008,0.9974010
HAT-P-7 b,1.77643,0.9975088
HAT-P-7 b,1.79278,0.9978863
HAT-P-7 b,1.80912,0.9981523
HAT-P-7 b,1.82547,0.9984200
HAT-P-7 b,1.84182,0.9986722
HAT-P-7 b,1.85816,0.9987616
HAT-P-7 b,1.87451,0.9992490
HAT-P-7 b,1.89086,0.9992079
HAT-P-7 b,1.90720,0.9995595
HAT-P-7 b,1.92355,0.9999488
HAT-P-7 b,1.93990,1.0000691
HAT-P-7 b,1.95624,0.9997806
HAT-P-7 b,1.97259,1.0000651
HAT-P-7 b,1.98894,0.9998144
HAT-P-7 b,2.00529,0.9999632
HAT-P-7 b,2.02163,1.0001793
HAT-P-7 b,2.03798,1.0001213
HAT-P-7 b,2.05432,1.0001559
HAT-P-7 b,2.07067,1.0000333
HAT-P-7 b,2.08702,0.9998957
HAT-P-7 b,2.10336,0.9999025
HAT-P-7 b,2.11971,0.9999917
HAT-P-7 b,2.13606,1.0000106
HAT-P-7 b,2.15240,0.9997799
HAT-P-7 b,2.16875,0.9998575
HAT-P-7 b,2.18510,1.0002196
HAT-P-7 b,2.20144,1.0000668
HAT-P-7 b,2.21779,0.9997863
HAT-P-7 b,2.23414,1.0000315
HAT-P-7 b,2.25049,0.9997814
HAT-P-7 b,2.26683,0.9998302
HAT-P-7 b,2.28318,0.9998996
HAT-P-7 b,2.29952,0.9997003
HAT-P-7 b,2.31587,0.9999403
HAT-P-7 b,2.33222,0.9998033
HAT-P-7 b,2.34857,0.9998331
HAT-P-7 b,2.36491,1.0000703
HAT-P-7 b,2.38126,1.0000464
HAT-P-7 b,2.39761,0.9999301
HAT-P-7 b,2.41395,0.9999520
HAT-P-7 b,2.43030,0.9997862
HAT-P-7 b,2.44664,0.9997044
HAT-P-7 b,2.46299,1.0000960
HAT-P-7 b,2.47934,1.0002056
HAT-P-7 b,2.49569,0.9999710
HAT-P-7 b,2.51203,0.9997874
HAT-P-7 b,2.52838,0.9998671
HAT-P-7 b,2.54472,0.9999716
HAT-P-7 b,2.56107,1.0000584
HAT-P-7 b,2.57742,1.0000450
HAT-P-7 b,2.59376,1.0000205
HAT-P-7 b,2.61011,0.9999569
HAT-P-7 b,2.62646,1.0000144
HAT-P-7 b,2.64280,1.0000093
HAT-P-7 b,2.65915,0.9995524
HAT-P-7 b,2.67550,1.0003297
HAT-P-7 b,2.69184,0.9998941
HAT-P-7 b,2.70819,0.9999289
HAT-P-7 b,2.72454,1.0001163
HAT-P-7 b,2.74088,0.9999467
HAT-P-7 b,2.75723,1.0001897
HAT-P-7 b,2.77358,1.0000057
HAT-P-7 b,2.78993,1.0000338
HAT-P-7 b,2.80627,0.9999623
HAT-P-7 b,2.82262,1.0000437
HAT-P-7 b,2.83896,1.0000949
HAT-P-7 b,2.85531,0.9999825
HAT-P-7 b,2.87166,0.9998581
HAT-P-7 b,2.88800,0.9999273
HAT-P-7 b,2.90435,1.0000367
HAT-P-7 b,2.92070,0.9998920
HAT-P-7 b,2.93705,1.0002266
HAT-P-7 b,2.95339,1.0000116
HAT-P-7 b,2.96974,1.0004309
HAT-P-7 b,2.98608,1.0000637
HAT-P-7 b,3.00243,1.0002666
HAT-P-7 b,3.01878,1.0000526
HAT-P-7 b,3.03513,1.0000404
HAT-P-7 b,3.05147,0.9999484
HAT-P-7 b,3.06782,0.9999524
HAT-P-7 b,3.08416,0.9999470
HAT-P-7 b,3.10051,0.9998900
HAT-P-7 b,3.11686,0.9998384
HAT-P-7 b,3.13321,0.9998313
HAT-P-7 b,3.14955,0.9999142
HAT-P-7 b,3.16590,1.0000333
HAT-P-7 b,3.18225,0.9998520
HAT-P-7 b,3.19859,1.0001930
HAT-P-7 b,3.21494,0.9999963
HAT-P-7 b,3.23128,0.9999635
HAT-P-7 b,3.24763,1.0000446
HAT-P-7 b,3.26398,0.9997836
HAT-P-7 b,3.28033,1.0001367
HAT-P-7 b,3.29667,0.9999928
HAT-P-7 b,3.31302,0.9999895
HAT-P-7 b,3.32937,1.0001005
HAT-P-7 b,3.34571,0.9999389
HAT-P-7 b,3.36206,0.9999966
HAT-P-7 b,3.37841,1.0001730
HAT-P-7 b,3.39475,0.9998335
HAT-P-7 b,3.41110,1.0000638
HAT-P-7 b,3.42745,0.9998409
HAT-P-7 b,3.44379,1.0000738
HAT-P-7 b,3.46014,0.9999389
HAT-P-7 b,3.47649,0.9998353
HAT-P-7 b,3.49283,1.0000025
HAT-P-7 b,3.50918,1.0000429
HAT-P-7 b,3.52553,0.9997017
HAT-P-7 b,3.54187,0.9997678
HAT-P-7 b,3.55822,0.9999948
HAT-P-7 b,3.57457,0.9999697
HAT-P-7 b,3.59091,0.9999036
HAT-P-7 b,3.60726,0.9997323
HAT-P-7 b,3.62361,0.9997949
HAT-P-7 b,3.63995,0.9997902
HAT-P-7 b,3.65630,0.9998384
HAT-P-7 b,3.67265,0.9999329
HAT-P-7 b,3.68899,0.9999111
HAT-P-7 b,3.70534,0.9998930
HAT-P-7 b,3.72169,0.9998049
HAT-P-7 b,3.73803,0.9997805
HAT-P-7 b,3.75438,1.0000821
HAT-P-7 b,3.77073,1.0001935
HAT-P-7 b,3.78707,0.9998988
HAT-P-7 b,3.80342,0.9999388
HAT-P-7 b,3.81977,0.9999286
HAT-P-7 b,3.83611,1.0000850
HAT-P-7 b,3.85246,0.9997397
HAT-P-7 b,3.86881,0.9998693
HAT-P-7 b,3.88515,0.9999428
HAT-P-7 b,3.90150,0.9999844
HAT-P-7 b,3.91785,1.0000444
HAT-P-7 b,3.93419,1.0000513
HAT-P-7 b,3.95054,1.0000698
HAT-P-7 b,3.96689,0.9998484
HAT-P-7 b,3.98323,0.9998321
HAT-P-7 b,3.99958,1.0000645
HAT-P-7 b,4.01593,1.0000312
HAT-P-7 b,4.03227,0.9999369
HAT-P-7 b,4.04862,0.9998935
HAT-P-7 b,4.06497,0.9999586
HAT-P-7 b,4.08131,1.0000011
HAT-P-7 b,4.09766,1.0001742
HAT-P-7 b,4.11401,0.9999821
HAT-P-7 b,4.13036,1.0001314
HAT-P-7 b,4.14670,0.9998625
HAT-P-7 b,4.16305,0.9999094
HAT-P-7 b,4.17939,0.9999832
HAT-P-7 b,4.19574,1.0000308
HAT-P-7 b,4.21209,0.9999172
HAT-P-7 b,4.22844,0.9997650
HAT-P-7 b,4.24478,0.9999471
HAT-P-7 b,4.26113,1.0002032
HAT-P-7 b,4.27747,0.9997681
HAT-P-7 b,4.29382,0.9997632
HAT-P-7 b,4.31017,1.0000339
HAT-P-7 b,4.32651,1.0002734
HAT-P-7 b,4.34286,1.0000012
HAT-P-7 b,4.35921,0.9997364
HAT-P-7 b,4.37556,1.0001236
HAT-P-7 b,4.39190,0.9997869
HAT-P-7 b,4.40825,1.0000343
HAT-P-7 b,4.42459,0.9996529
HAT-P-7 b,4.44094,0.9998734
HAT-P-7 b,4.45729,0.9998360
HAT-P-7 b,4.47364,0.9999112
HAT-P-7 b,4.48998,1.0002253
HAT-P-7 b,4.50633,0.9999639
HAT-P-7 b,4.52268,0.9999474
HAT-P-7 b,4.53902,0.9999188
HAT-P-7 b,4.55537,0.9999641
HAT-P-7 b,4.57172,1.0000391
HAT-P-7 b,4.58806,0.9997541
HAT-P-7 b,4.60441,0.9998714
HAT-P-7 b,4.62075,1.0000698
HAT-P-7 b,4.63710,1.0001799
HAT-P-7 b,4.65345,0.9999461
HAT-P-7 b,4.66979,0.9999735
HAT-P-7 b,4.68614,1.0000690
HAT-P-7 b,4.70249,1.0001377
HAT-P-7 b,4.71883,1.0002417
HAT-P-7 b,4.73518,1.0003001
HAT-P-7 b,4.75153,0.9999306
HAT-P-7 b,4.76787,0.9999522
HAT-P-7 b,4.78422,0.9999282
HAT-P-7 b,4.80057,1.0000371
HAT-P-7 b,4.81691,1.0001213
HAT-P-7 b,4.83326,1.0001151
HAT-P-7 b,4.84961,1.0002286
HAT-P-7 b,4.86595,0.9999764
HAT-P-7 b,4.88230,1.0001453
HAT-P-7 b,4.89865,0.9999591
HAT-P-7 b,4.91500,0.9998569
HAT-P-7 b,4.93134,0.9997983
HAT-P-7 b,4.94769,0.9998488
HAT-P-7 b,4.96403,1.0000268
HAT-P-7 b,4.98038,1.0002481
HAT-P-7 b,4.99673,1.0001394
HAT-P-7 b,5.01307,1.0001454
HAT-P-7 b,5.02942,1.0002746
HAT-P-7 b,5.04577,0.9995681
HAT-P-7 b,5.06211,0.9999618
HAT-P-7 b,5.07846,0.9998010
HAT-P-7 b,5.09481,0.9998945
HAT-P-7 b,5.11115,0.9997579
HAT-P-7 b,5.12750,0.9997660
HAT-P-7 b,5.14385,0.9997729
HAT-P-7 b,5.16020,0.9999762
HAT-P-7 b,5.17654,0.9995945
HAT-P-7 b,5.19289,0.9998330
HAT-P-7 b,5.20923,0.9999486
HAT-P-7 b,5.22558,1.0001609
HAT-P-7 b,5.24193,1.0000351
HAT-P-7 b,5.25828,0.9999086
HAT-P-7 b,5.27462,1.0000950
HAT-P-7 b,5.29097,0.9999576
HAT-P-7 b,5.30732,0.9997733
HAT-P-7 b,5.32366,0.9997197
HAT-P-7 b,5.34001,0.9998520
HAT-P-7 b,5.35635,0.9999249
HAT-P-7 b,5.37270,1.0000607
HAT-P-7 b,5.38905,0.9998720
HAT-P-7 b,5.40540,1.0001430
HAT-P-7 b,5.42174,0.9999781
HAT-P-7 b,5.43809,1.0001606
HAT-P-7 b,5.45443,1.0000963
HAT-P-7 b,5.47078,1.0000104
HAT-P-7 b,5.48713,1.0000696
HAT-P-7 b,5.50348,1.0000237
HAT-P-7 b,5.51982,0.9999934
HAT-P-7 b,5.53617,1.0000378
HAT-P-7 b,5.55252,0.9998337
HAT-P-7 b,5.56886,1.0002282
HAT-P-7 b,5.58521,0.9998659
HAT-P-7 b,5.60156,1.0000152
HAT-P-7 b,5.61790,0.9998863
HAT-P-7 b,5.63425,0.9999549
HAT-P-7 b,5.65060,0.9999113
HAT-P-7 b,5.66694,0.9999989
HAT-P-7 b,5.68329,1.0000320
HAT-P-7 b,5.69964,1.0000091
HAT-P-7 b,5.71598,0.9999736
HAT-P-7 b,5.73233,1.0000542
HAT-P-7 b,5.74868,1.0000064
HAT-P-7 b,5.76502,1.0001072
HAT-P-7 b,5.78137,0.9999102
HAT-P-7 b,5.79772,0.9991964
HAT-P-7 b,5.81406,0.9998955
HAT-P-7 b,5.83041,1.0001356
HAT-P-7 b,5.84676,1.0000643
HAT-P-7 b,5.86310,1.0002718
HAT-P-7 b,5.87945,1.0003027
HAT-P-7 b,5.89580,1.0001527
HAT-P-7 b,5.91214,0.9999595
HAT-P-7 b,5.92849,1.0001695
HAT-P-7 b,5.94484,1.0001386
HAT-P-7 b,5.96118,0.9998955
HAT-P-7 b,5.97753,0.9999432
HAT-P-7 b,5.99388,0.9998569
HAT-P-7 b,6.01022,1.0000708
HAT-P-7 b,6.02657,0.9998690
HAT-P-7 b,6.04292,1.0000099
HAT-P-7 b,6.05926,0.9999096
HAT-P-7 b,6.07561,0.9997715
HAT-P-7 b,6.09196,1.0000518
HAT-P-7 b,6.10830,0.9999627
HAT-P-7 b,6.12465,0.9997886
HAT-P-7 b,6.14099,1.0001093
HAT-P-7 b,6.15734,0.9999012
HAT-P-7 b,6.17369,0.9998876
HAT-P-7 b,6.19004,0.9997572
HAT-P-7 b,6.20638,1.0001123
HAT-P-7 b,6.22273,1.0000242
HAT-P-7 b,6.23908,1.0000179
HAT-P-7 b,6.25542,1.0000787
HAT-P-7 b,6.27177,0.9999719
HAT-P-7 b,6.28812,1.0000504
HAT-P-7 b,6.30446,1.0003111
HAT-P-7 b,6.32081,1.0001310
HAT-P-7 b,6.33716,1.0000900
HAT-P-7 b,6.35351,1.0002947
HAT-P-7 b,6.36985,1.0000897
HAT-P-7 b,6.38620,1.0000848
HAT-P-7 b,6.40254,0.9999788
HAT-P-7 b,6.41889,1.0001220
HAT-P-7 b,6.43524,1.0000218
HAT-P-7 b,6.45158,1.0002831
HAT-P-7 b,6.46793,1.0000507
HAT-P-7 b,6.48428,0.9999461
HAT-P-7 b,6.50063,0.9998768
HAT-P-7 b,6.51697,1.0002639
HAT-P-7 b,6.53332,1.0004629
HAT-P-7 b,6.54966,1.0000736
HAT-P-7 b,6.56601,1.0003791
HAT-P-7 b,6.58236,1.0000416
HAT-P-7 b,6.59871,1.0002069
HAT-P-7 b,6.61505,0.9999591
HAT-P-7 b,6.63140,0.9999684
HAT-P-7 b,6.64774,1.0000625
HAT-P-7 b,6.66409,1.0000129
HAT-P-7 b,6.68044,1.0002424
HAT-P-7 b,6.69679,0.9999747
HAT-P-7 b,6.71313,0.9999798
HAT-P-7 b,6.72948,1.0001256
HAT-P-7 b,6.74583,1.0000610
HAT-P-7 b,6.76217,1.0001962
HAT-P-7 b,6.77852,0.9999554
HAT-P-7 b,6.79486,0.9998390
HAT-P-7 b,6.81121,0.9998876
HAT-P-7 b,6.82756,1.0000234
HAT-P-7 b,6.84390,1.0003048
HAT-P-7 b,6.86025,0.9999228
HAT-P-7 b,6.87660,0.9999380
HAT-P-7 b,6.89294,1.0000296
HAT-P-7 b,6.90929,0.9998941
HAT-P-7 b,6.92564,0.9999384
HAT-P-7 b,6.94198,0.9998567
HAT-P-7 b,6.95833,1.0003933
HAT-P-7 b,6.97468,0.9998255
HAT-P-7 b,6.99102,1.0000663
HAT-P-7 b,7.00737,0.9998779
HAT-P-7 b,7.02372,1.0000641
HAT-P-7 b,7.04006,1.0000165
HAT-P-7 b,7.05641,1.0002138
HAT-P-7 b,7.07276,1.0000891
HAT-P-7 b,7.08910,1.0007005
HAT-P-7 b,7.10545,0.9998816
HAT-P-7 b,7.12180,1.0000290
HAT-P-7 b,7.13814,0.9993984
HAT-P-7 b,7.15449,1.0001422
HAT-P-7 b,7.17083,1.0001363
HAT-P-7 b,7.18718,1.0000926
HAT-P-7 b,7.20353,0.9998674
HAT-P-7 b,7.21988,1.0000121
HAT-P-7 b,7.23622,1.0002344
HAT-P-7 b,7.25257,0.9999081
HAT-P-7 b,7.26892,1.0001564
HAT-P-7 b,7.28527,0.9997683
HAT-P-7 b,7.30161,0.9998349
HAT-P-7 b,7.31796,1.0000513
HAT-P-7 b,7.33430,0.9998357
HAT-P-7 b,7.35065,1.0002690
HAT-P-7 b,7.36700,0.9999479
HAT-P-7 b,7.38335,1.0000115
HAT-P-7 b,7.39969,0.9998909
HAT-P-7 b,7.41604,0.9999006
HAT-P-7 b,7.43239,1.0000444
HAT-P-7 b,7.44873,0.9999959
HAT-P-7 b,7.46508,0.9999734
HAT-P-7 b,7.48143,1.0001083
HAT-P-7 b,7.49777,0.9998634
HAT-P-7 b,7.51412,0.9999846
HAT-P-7 b,7.53047,1.0000892
HAT-P-7 b,7.54681,0.9999971
HAT-P-7 b,7.56316,1.0000537
HAT-P-7 b,7.57950,1.0000473
HAT-P-7 b,7.59585,1.0001717
HAT-P-7 b,7.61220,0.9998977
HAT-P-7 b,7.62855,1.0000070
HAT-P-7 b,7.64489,0.9997279
HAT-P-7 b,7.66124,0.9995111
HAT-P-7 b,7.67759,0.9996217
HAT-P-7 b,7.69393,1.0001972
HAT-P-7 b,7.71028,1.0002312
HAT-P-7 b,7.72662,0.9997047
HAT-P-7 b,7.74297,0.9998819
HAT-P-7 b,7.75932,1.0000123
HAT-P-7 b,7.77567,0.9999489
HAT-P-7 b,7.79201,0.9999701
HAT-P-7 b,7.80836,0.9998930
HAT-P-7 b,7.82471,0.9998290
HAT-P-7 b,7.84105,1.0000698
HAT-P-7 b,7.85740,0.9997626
HAT-P-7 b,7.87375,0.9998539
HAT-P-7 b,7.89009,0.9999816
HAT-P-7 b,7.90644,0.9998374
HAT-P-7 b,7.92279,1.0002181
HAT-P-7 b,7.93913,0.9999503
HAT-P-7 b,7.95548,1.0001872
HAT-P-7 b,7.97183,0.9999861
HAT-P-7 b,7.98817,1.0001027
HAT-P-7 b,8.00452,1.0001294
HAT-P-7 b,8.02087,1.0000560
HAT-P-7 b,8.03721,1.0000687
HAT-P-7 b,8.05356,1.0000897
HAT-P-7 b,8.06991,0.9998888
HAT-P-7 b,8.08625,1.0001383
HAT-P-7 b,8.10260,1.0000067
HAT-P-7 b,8.11895,1.0001583
HAT-P-7 b,8.13529,1.0001731
HAT-P-7 b,8.15164,1.0001467
HAT-P-7 b,8.16799,1.0000626
HAT-P-7 b,8.18433,1.0001887
HAT-P-7 b,8.20068,1.0000717
HAT-P-7 b,8.21703,1.0001572
HAT-P-7 b,8.23337,1.0000273
HAT-P-7 b,8.24972,1.0001368
HAT-P-7 b,8.26606,1.0001474
HAT-P-7 b,8.28241,1.0000850
HAT-P-7 b,8.29876,0.9998383
HAT-P-7 b,8.31511,1.0001535
HAT-P-7 b,8.33145,0.9998561
HAT-P-7 b,8.34780,0.9999801
HAT-P-7 b,8.36414,0.9999160
HAT-P-7 b,8.38049,1.0000358
HAT-P-7 b,8.39684,0.9998206
HAT-P-7 b,-8.39075,1.0002582
HAT-P-7 b,-8.37441,0.9998841
HAT-P-7 b,-8.35806,1.0000345
HAT-P-7 b,-8.34171,1.0000701
HAT-P-7 b,-8.32537,0.9998950
HAT-P-7 b,-8.30902,1.0000237
HAT-P-7 b,-8.29267,1.0002058
HAT-P-7 b,-8.27633,1.0001041
HAT-P-7 b,-8.25998,0.9997676
HAT-P-7 b,-8.24363,0.9999954
HAT-P-7 b,-8.22729,1.0002236
HAT-P-7 b,-8.21094,0.9999157
HAT-P-7 b,-8.19460,0.9999834
HAT-P-7 b,-8.17825,0.9999818
HAT-P-7 b,-8.16190,0.9997146
HAT-P-7 b,-8.14555,1.0000262
HAT-P-7 b,-8.12921,0.9998519
HAT-P-7 b,-8.11286,1.0000324
HAT-P-7 b,-8.09652,1.0001043
HAT-P-7 b,-8.08017,0.9999473
HAT-P-7 b,-8.06382,1.0000543
HAT-P-7 b,-8.04747,1.0000860
HAT-P-7 b,-8.03113,1.0000369
HAT-P-7 b,-8.01478,0.9999121
HAT-P-7 b,-7.99843,0.9999868
HAT-P-7 b,-7.98209,1.0002649
HAT-P-7 b,-7.96574,1.0000135
HAT-P-7 b,-7.94940,1.0000853
HAT-P-7 b,-7.93305,1.0000073
HAT-P-7 b,-7.91670,1.0000821
HAT-P-7 b,-7.90035,0.9998437
HAT-P-7 b,-7.88401,1.0000319
HAT-P-7 b,-7.86766,1.0000833
HAT-P-7 b,-7.85131,1.0001415
HAT-P-7 b,-7.83497,1.0000004
HAT-P-7 b,-7.81862,1.0001949
HAT-P-7 b,-7.80227,1.0003881
HAT-P-7 b,-7.78593,1.0001101
HAT-P-7 b,-7.76958,1.0002415
HAT-P-7 b,-7.75323,1.0002004
HAT-P-7 b,-7.73689,0.9995913
HAT-P-7 b,-7.72054,0.9998368
HAT-P-7 b,-7.70419,0.9999064
HAT-P-7 b,-7.68785,1.0001864
HAT-P-7 b,-7.67150,1.0001535
HAT-P-7 b,-7.65515,0.9998810
HAT-P-7 b,-7.63881,1.0000582
HAT-P-7 b,-7.62246,1.0001792
HAT-P-7 b,-7.60611,1.0001800
HAT-P-7 b,-7.58977,0.9998909
HAT-P-7 b,-7.57342,0.9997393
HAT-P-7 b,-7.55707,0.9999897
HAT-P-7 b,-7.54073,1.0000483
HAT-P-7 b,-7.52438,0.9998908
HAT-P-7 b,-7.50803,1.0001395
HAT-P-7 b,-7.49169,1.0003849
HAT-P-7 b,-7.47534,0.9999635
HAT-P-7 b,-7.45899,1.0001367
HAT-P-7 b,-7.44264,0.9999995
HAT-P-7 b,-7.42630,1.0000817
HAT-P-7 b,-7.40995,1.0000910
HAT-P-7 b,-7.39361,1.0001175
HAT-P-7 b,-7.37726,1.0001260
HAT-P-7 b,-7.36091,1.0000339
HAT-P-7 b,-7.34456,0.9999822
HAT-P-7 b,-7.32822,1.0002252
HAT-P-7 b,-7.31187,1.0002129
HAT-P-7 b,-7.29553,1.0002542
HAT-P-7 b,-7.27918,0.9999770
HAT-P-7 b,-7.26283,1.0001971
HAT-P-7 b,-7.24649,1.0002567
HAT-P-7 b,-7.23014,0.9997138
HAT-P-7 b,-7.21379,1.0002181
HAT-P-7 b,-7.19744,1.0001054
HAT-P-7 b,-7.18110,0.9999955
HAT-P-7 b,-7.16475,1.0000682
HAT-P-7 b,-7.14841,0.9998252
HAT-P-7 b,-7.13206,1.0002110
HAT-P-7 b,-7.11571,1.0002271
HAT-P-7 b,-7.09937,1.0000564
HAT-P-7 b,-7.08302,1.0000073
HAT-P-7 b,-7.06667,1.0000556
HAT-P-7 b,-7.05033,1.0002802
HAT-P-7 b,-7.03398,0.9999773
HAT-P-7 b,-7.01763,0.9997775
HAT-P-7 b,-7.00129,0.9997553
HAT-P-7 b,-6.98494,0.9999591
HAT-P-7 b,-6.96859,0.9999789
HAT-P-7 b,-6.95225,0.9998950
HAT-P-7 b,-6.93590,1.0000246
HAT-P-7 b,-6.91955,1.0002619
HAT-P-7 b,-6.90321,0.9998001
HAT-P-7 b,-6.88686,0.9999726
HAT-P-7 b,-6.87051,1.0001162
HAT-P-7 b,-6.85417,1.0000391
HAT-P-7 b,-6.83782,1.0002344
HAT-P-7 b,-6.82147,1.0000177
HAT-P-7 b,-6.80513,0.9999378
HAT-P-7 b,-6.78878,1.0000819
HAT-P-7 b,-6.77244,1.0000985
HAT-P-7 b,-6.75609,0.9999883
HAT-P-7 b,-6.73974,0.9998810
HAT-P-7 b,-6.72339,0.9999877
HAT-P-7 b,-6.70705,0.9999457
HAT-P-7 b,-6.69070,0.9999908
HAT-P-7 b,-6.67435,0.9996588
HAT-P-7 b,-6.65801,0.9997842
HAT-P-7 b,-6.64166,1.0001459
HAT-P-7 b,-6.62532,1.0001313
HAT-P-7 b,-6.60897,0.9998861
HAT-P-7 b,-6.59262,1.0001117
HAT-P-7 b,-6.57627,1.0000500
HAT-P-7 b,-6.55993,1.0000327
HAT-P-7 b,-6.54358,1.0001204
HAT-P-7 b,-6.52723,0.9999656
HAT-P-7 b,-6.51089,1.0003655
HAT-P-7 b,-6.49454,1.0000652
HAT-P-7 b,-6.47819,1.0000635
HAT-P-7 b,-6.46185,1.0000889
HAT-P-7 b,-6.44550,1.0001644
HAT-P-7 b,-6.42915,1.0002762
HAT-P-7 b,-6.41281,1.0002099
HAT-P-7 b,-6.39646,1.0002120
HAT-P-7 b,-6.38011,1.0001257
HAT-P-7 b,-6.36377,1.0001150
HAT-P-7 b,-6.34742,1.0000365
HAT-P-7 b,-6.33107,0.9999118
HAT-P-7 b,-6.31473,0.9996870
HAT-P-7 b,-6.29838,1.0000273
HAT-P-7 b,-6.28203,0.9996256
HAT-P-7 b,-6.26568,0.9999399
HAT-P-7 b,-6.24934,0.9998543
HAT-P-7 b,-6.23299,1.0001067
HAT-P-7 b,-6.21665,0.9999597
HAT-P-7 b,-6.20030,1.0001113
HAT-P-7 b,-6.18395,0.9997628
HAT-P-7 b,-6.16761,1.0000141
HAT-P-7 b,-6.15126,1.0002212
HAT-P-7 b,-6.13491,0.9999591
HAT-P-7 b,-6.11856,0.9996877
HAT-P-7 b,-6.10222,0.9997633
HAT-P-7 b,-6.08587,0.9998865
HAT-P-7 b,-6.06953,0.9998158
HAT-P-7 b,-6.05318,0.9995737
HAT-P-7 b,-6.03683,0.9996845
HAT-P-7 b,-6.02048,0.9998820
HAT-P-7 b,-6.00414,0.9996651
HAT-P-7 b,-5.98779,0.9996665
HAT-P-7 b,-5.97145,1.0000707
HAT-P-7 b,-5.95510,1.0001316
HAT-P-7 b,-5.93875,0.9998562
HAT-P-7 b,-5.92240,0.9998987
HAT-P-7 b,-5.90606,1.0002455
HAT-P-7 b,-5.88971,1.0000026
HAT-P-7 b,-5.87336,0.9998986
HAT-P-7 b,-5.85702,0.9999122
HAT-P-7 b,-5.84067,0.9999351
HAT-P-7 b,-5.82433,1.0000959
HAT-P-7 b,-5.80798,0.9997549
HAT-P-7 b,-5.79163,1.0001606
HAT-P-7 b,-5.77528,1.0001251
HAT-P-7 b,-5.75894,0.9999076
HAT-P-7 b,-5.74259,1.0001144
HAT-P-7 b,-5.72625,1.0000782
HAT-P-7 b,-5.70990,0.9999256
HAT-P-7 b,-5.69355,1.0000030
HAT-P-7 b,-5.67721,0.9996864
HAT-P-7 b,-5.66086,1.0001526
HAT-P-7 b,-5.64451,1.0001182
HAT-P-7 b,-5.62817,1.0000352
HAT-P-7 b,-5.61182,1.0000869
HAT-P-7 b,-5.59547,1.0000079
HAT-P-7 b,-5.57913,0.9999732
HAT-P-7 b,-5.56278,1.0000195
HAT-P-7 b,-5.54643,1.0002157
HAT-P-7 b,-5.53009,0.9998360
HAT-P-7 b,-5.51374,0.9999021
HAT-P-7 b,-5.49739,0.9998192
HAT-P-7 b,-5.48105,0.9998407
HAT-P-7 b,-5.46470,0.9999818
HAT-P-7 b,-5.44835,0.9999704
HAT-P-7 b,-5.43201,0.9999583
HAT-P-7 b,-5.41566,1.0001194
HAT-P-7 b,-5.39931,1.0002346
HAT-P-7 b,-5.38297,0.9998204
HAT-P-7 b,-5.36662,0.9997964
HAT-P-7 b,-5.35027,1.0001403
HAT-P-7 b,-5.33393,1.0000756
HAT-P-7 b,-5.31758,0.9999550
HAT-P-7 b,-5.30123,0.9997484
HAT-P-7 b,-5.28489,0.9999752
HAT-P-7 b,-5.26854,0.9998116
HAT-P-7 b,-5.25219,1.0000458
HAT-P-7 b,-5.23585,1.0002723
HAT-P-7 b,-5.21950,1.0001762
HAT-P-7 b,-5.20315,1.0000790
HAT-P-7 b,-5.18681,0.9998707
HAT-P-7 b,-5.17046,0.9998868
HAT-P-7 b,-5.15411,1.0000392
HAT-P-7 b,-5.13777,0.9996509
HAT-P-7 b,-5.12142,0.9999487
HAT-P-7 b,-5.10507,0.9998528
HAT-P-7 b,-5.08872,0.9997957
HAT-P-7 b,-5.07238,0.9999608
HAT-P-7 b,-5.05603,0.9999253
HAT-P-7 b,-5.03969,1.0000475
HAT-P-7 b,-5.02334,0.9998556
HAT-P-7 b,-5.00699,0.9997859
HAT-P-7 b,-4.99065,1.0000585
HAT-P-7 b,-4.97430,0.9999985
HAT-P-7 b,-4.95795,1.0002410
HAT-P-7 b,-4.94160,0.9998995
HAT-P-7 b,-4.92526,1.0000067
HAT-P-7 b,-4.90891,0.9998124
HAT-P-7 b,-4.89257,0.9997430
HAT-P-7 b,-4.87622,0.9998627
HAT-P-7 b,-4.85987,1.0000207
HAT-P-7 b,-4.84352,0.9998254
HAT-P-7 b,-4.82718,1.0000356
HAT-P-7 b,-4.81083,1.0000169
HAT-P-7 b,-4.79449,1.0001064
HAT-P-7 b,-4.77814,1.0000207
HAT-P-7 b,-4.76179,0.9996941
HAT-P-7 b,-4.74545,1.0003045
HAT-P-7 b,-4.72910,1.0000132
HAT-P-7 b,-4.71275,0.9998958
HAT-P-7 b,-4.69640,1.0000827
HAT-P-7 b,-4.68006,1.0002121
HAT-P-7 b,-4.66371,1.0000889
HAT-P-7 b,-4.64737,1.0000154
HAT-P-7 b,-4.63102,0.9999692
HAT-P-7 b,-4.61467,1.0000050
HAT-P-7 b,-4.59833,0.9999182
HAT-P-7 b,-4.58198,0.9999274
HAT-P-7 b,-4.56563,0.9998659
HAT-P-7 b,-4.54928,1.0000587
HAT-P-7 b,-4.53294,0.9997813
HAT-P-7 b,-4.51659,0.9999678
HAT-P-7 b,-4.50025,0.9995849
HAT-P-7 b,-4.48390,0.9999838
HAT-P-7 b,-4.46755,0.9998997
HAT-P-7 b,-4.45120,0.9998393
HAT-P-7 b,-4.43486,0.9998576
HAT-P-7 b,-4.41851,1.0000492
HAT-P-7 b,-4.40216,1.0003672
HAT-P-7 b,-4.38582,1.0001644
HAT-P-7 b,-4.36947,1.0001390
HAT-P-7 b,-4.35312,0.9999507
HAT-P-7 b,-4.33678,0.9999133
HAT-P-7 b,-4.32043,0.9999378
HAT-P-7 b,-4.30408,0.9999225
HAT-P-7 b,-4.28774,1.0001269
HAT-P-7 b,-4.27139,1.0004162
HAT-P-7 b,-4.25504,1.0003146
HAT-P-7 b,-4.23870,1.0001830
HAT-P-7 b,-4.22235,1.0000898
HAT-P-7 b,-4.20601,1.0001268
HAT-P-7 b,-4.18966,1.0000047
HAT-P-7 b,-4.17331,0.9998859
HAT-P-7 b,-4.15697,0.9999226
HAT-P-7 b,-4.14062,1.0003321
HAT-P-7 b,-4.12427,1.0001995
HAT-P-7 b,-4.10793,0.9999909
HAT-P-7 b,-4.09158,1.0000165
HAT-P-7 b,-4.07523,1.0002041
HAT-P-7 b,-4.05889,1.0000647
HAT-P-7 b,-4.04254,1.0001038
HAT-P-7 b,-4.02619,0.9998564
HAT-P-7 b,-4.00984,0.9996801
HAT-P-7 b,-3.99350,0.9999218
HAT-P-7 b,-3.97715,0.9999984
HAT-P-7 b,-3.96081,0.9998835
HAT-P-7 b,-3.94446,1.0000209
HAT-P-7 b,-3.92811,0.9997768
HAT-P-7 b,-3.91177,0.9996800
HAT-P-7 b,-3.89542,0.9998748
HAT-P-7 b,-3.87907,0.9998652
HAT-P-7 b,-3.86273,0.9997983
HAT-P-7 b,-3.84638,0.9998042
HAT-P-7 b,-3.83003,1.0001538
HAT-P-7 b,-3.81369,1.0000414
HAT-P-7 b,-3.79734,1.0000506
HAT-P-7 b,-3.78099,1.0001982
HAT-P-7 b,-3.76464,0.9998111
HAT-P-7 b,-3.74830,0.9998882
HAT-P-7 b,-3.73195,1.0000851
HAT-P-7 b,-3.71561,1.0001875
HAT-P-7 b,-3.69926,1.0000423
HAT-P-7 b,-3.68291,1.0001702
HAT-P-7 b,-3.66657,1.0001477
HAT-P-7 b,-3.65022,0.9998524
HAT-P-7 b,-3.63387,0.9998609
HAT-P-7 b,-3.61752,0.9999984
HAT-P-7 b,-3.60118,0.9997205
HAT-P-7 b,-3.58483,0.9998552
HAT-P-7 b,-3.56849,0.9996641
HAT-P-7 b,-3.55214,0.9999903
HAT-P-7 b,-3.53579,0.9996575
HAT-P-7 b,-3.51944,0.9999967
HAT-P-7 b,-3.50310,1.0000113
HAT-P-7 b,-3.48675,0.9998438
HAT-P-7 b,-3.47041,1.0000924
HAT-P-7 b,-3.45406,0.9997868
HAT-P-7 b,-3.43771,1.0000405
HAT-P-7 b,-3.42136,1.0000612
HAT-P-7 b,-3.40502,1.0000542
HAT-P-7 b,-3.38867,0.9997018
HAT-P-7 b,-3.37232,0.9998057
HAT-P-7 b,-3.35598,0.9996420
HAT-P-7 b,-3.33963,0.9998203
HAT-P-7 b,-3.32329,0.9999984
HAT-P-7 b,-3.30694,0.9998200
HAT-P-7 b,-3.29059,0.9999072
HAT-P-7 b,-3.27424,1.0000091
HAT-P-7 b,-3.25790,0.9999293
HAT-P-7 b,-3.24155,1.0000799
HAT-P-7 b,-3.22520,1.0003094
HAT-P-7 b,-3.20886,1.0000712
HAT-P-7 b,-3.19251,0.9999536
HAT-P-7 b,-3.17617,1.0000797
HAT-P-7 b,-3.15982,0.9997057
HAT-P-7 b,-3.14347,1.0001120
HAT-P-7 b,-3.12712,0.9999956
HAT-P-7 b,-3.11078,0.9997873
HAT-P-7 b,-3.09443,0.9998496
HAT-P-7 b,-3.07809,0.9999230
HAT-P-7 b,-3.06174,0.9998696
HAT-P-7 b,-3.04539,0.9999176
HAT-P-7 b,-3.02904,0.9999575
HAT-P-7 b,-3.01270,1.0000794
HAT-P-7 b,-2.99635,1.0000936
HAT-P-7 b,-2.98000,1.0000062
HAT-P-7 b,-2.96366,1.0002044
HAT-P-7 b,-2.94731,1.0003310
HAT-P-7 b,-2.93096,1.0000262
HAT-P-7 b,-2.91462,0.9998076
HAT-P-7 b,-2.89827,0.9998041
HAT-P-7 b,-2.88192,0.9999232
HAT-P-7 b,-2.86558,0.9998530
HAT-P-7 b,-2.84923,0.9998812
HAT-P-7 b,-2.83288,0.9999078
HAT-P-7 b,-2.81654,0.9999454
HAT-P-7 b,-2.80019,0.9998364
HAT-P-7 b,-2.78385,1.0002426
HAT-P-7 b,-2.76750,1.0001973
HAT-P-7 b,-2.75115,0.9998329
HAT-P-7 b,-2.73481,0.9999281
HAT-P-7 b,-2.71846,0.9996519
HAT-P-7 b,-2.70211,0.9999348
HAT-P-7 b,-2.68576,0.9998757
HAT-P-7 b,-2.66942,0.9998872
HAT-P-7 b,-2.65307,1.0000239
HAT-P-7 b,-2.63673,0.9999554
HAT-P-7 b,-2.62038,1.0000885
HAT-P-7 b,-2.60403,0.9998221
HAT-P-7 b,-2.58768,0.9998321
HAT-P-7 b,-2.57134,0.9998170
HAT-P-7 b,-2.55499,0.9999125
HAT-P-7 b,-2.53865,0.9998162
HAT-P-7 b,-2.52230,1.0003054
HAT-P-7 b,-2.50595,0.9999577
HAT-P-7 b,-2.48961,0.9999082
HAT-P-7 b,-2.47326,1.0000704
HAT-P-7 b,-2.45691,1.0000695
HAT-P-7 b,-2.44056,0.9999599
HAT-P-7 b,-2.42422,0.9996880
HAT-P-7 b,-2.40787,0.9999028
HAT-P-7 b,-2.39153,0.9998275
HAT-P-7 b,-2.37518,0.9997846
HAT-P-7 b,-2.35883,0.9996334
HAT-P-7 b,-2.34248,0.9994442
HAT-P-7 b,-2.32614,0.9999664
HAT-P-7 b,-2.30979,0.9996527
HAT-P-7 b,-2.29344,1.0001721
HAT-P-7 b,-2.27710,0.9998114
HAT-P-7 b,-2.26075,0.9998623
HAT-P-7 b,-2.24441,1.0001113
HAT-P-7 b,-2.22806,0.9999436
HAT-P-7 b,-2.21171,1.0000019
HAT-P-7 b,-2.19536,1.0002631
HAT-P-7 b,-2.17902,1.0000018
HAT-P-7 b,-2.16267,0.9998894
HAT-P-7 b,-2.14633,0.9999622
HAT-P-7 b,-2.12998,1.0001333
HAT-P-7 b,-2.11363,1.0001589
HAT-P-7 b,-2.09728,0.9999929
HAT-P-7 b,-2.08094,0.9999774
HAT-P-7 b,-2.06459,0.9999645
HAT-P-7 b,-2.04824,0.9999410
HAT-P-7 b,-2.03190,0.9999233
HAT-P-7 b,-2.01555,0.9998567
HAT-P-7 b,-1.99921,0.9997207
HAT-P-7 b,-1.98286,1.0000427
HAT-P-7 b,-1.96651,1.0000142
HAT-P-7 b,-1.95016,1.0000781
HAT-P-7 b,-1.93382,0.9996613
HAT-P-7 b,-1.91747,0.9995746
HAT-P-7 b,-1.90112,0.9995388
HAT-P-7 b,-1.88478,0.9992136
HAT-P-7 b,-1.86843,0.9988453
HAT-P-7 b,-1.85208,0.9984833
HAT-P-7 b,-1.83574,0.9982624
HAT-P-7 b,-1.81939,0.9981538
HAT-P-7 b,-1.80304,0.9979714
HAT-P-7 b,-1.78670,0.9978529
HAT-P-7 b,-1.77035,0.9974040
HAT-P-7 b,-1.75401,0.9971020
HAT-P-7 b,-1.73766,0.9968611
HAT-P-7 b,-1.72131,0.9966348
HAT-P-7 b,-1.70496,0.9963238
HAT-P-7 b,-1.68862,0.9960783
HAT-P-7 b,-1.67227,0.9958483
HAT-P-7 b,-1.65592,0.9957661
HAT-P-7 b,-1.63958,0.9953717
HAT-P-7 b,-1.62323,0.9951966
HAT-P-7 b,-1.60688,0.9949716
HAT-P-7 b,-1.59054,0.9949877
HAT-P-7 b,-1.57419,0.9948268
HAT-P-7 b,-1.55784,0.9949932
HAT-P-7 b,-1.54150,0.9949384
HAT-P-7 b,-1.52515,0.9947814
HAT-P-7 b,-1.50880,0.9947507
HAT-P-7 b,-1.49246,0.9943972
HAT-P-7 b,-1.47611,0.9948892
HAT-P-7 b,-1.45976,0.9945649
HAT-P-7 b,-1.44342,0.9943871
HAT-P-7 b,-1.42707,0.9945061
HAT-P-7 b,-1.41072,0.9946121
HAT-P-7 b,-1.39438,0.9944173
HAT-P-7 b,-1.37803,0.9944492
HAT-P-7 b,-1.36168,0.9944448
HAT-P-7 b,-1.31265,0.9942884
HAT-P-7 b,-1.29630,0.9942076
HAT-P-7 b,-1.27995,0.9943079
HAT-P-7 b,-1.26360,0.9943727
HAT-P-7 b,-1.24726,0.9939308
HAT-P-7 b,-1.23091,0.9941199
HAT-P-7 b,-1.21457,0.9942537
HAT-P-7 b,-1.19822,0.9939909
HAT-P-7 b,-1.18187,0.9938545
HAT-P-7 b,-1.16553,0.9939947
HAT-P-7 b,-1.14918,0.9938703
HAT-P-7 b,-1.13283,0.9938783
HAT-P-7 b,-1.11648,0.9941704
HAT-P-7 b,-1.10014,0.9939241
HAT-P-7 b,-1.08379,0.9936520
HAT-P-7 b,-1.06745,0.9938221
HAT-P-7 b,-1.05110,0.9934933
HAT-P-7 b,-1.03475,0.9936103
HAT-P-7 b,-1.01840,0.9940120
HAT-P-7 b,-1.00206,0.9935242
HAT-P-7 b,-0.98571,0.9937423
HAT-P-7 b,-0.96936,0.9936936
HAT-P-7 b,-0.95302,0.9936987
HAT-P-7 b,-0.93667,0.9937739
HAT-P-7 b,-0.92033,0.9938099
HAT-P-7 b,-0.90398,0.9936703
HAT-P-7 b,-0.88763,0.9937476
HAT-P-7 b,-0.87128,0.9936244
HAT-P-7 b,-0.85494,0.9936268
HAT-P-7 b,-0.83859,0.9936283
HAT-P-7 b,-0.82225,0.9935273
HAT-P-7 b,-0.80590,0.9936909
HAT-P-7 b,-0.78955,0.9934160
HAT-P-7 b,-0.77320,0.9934501
HAT-P-7 b,-0.75686,0.9932845
HAT-P-7 b,-0.74051,0.9936305
HAT-P-7 b,-0.72416,0.9936301
HAT-P-7 b,-0.70782,0.9932692
HAT-P-7 b,-0.69147,0.9935230
HAT-P-7 b,-0.67512,0.9937787
HAT-P-7 b,-0.65878,0.9935440
HAT-P-7 b,-0.64243,0.9936890
HAT-P-7 b,-0.62608,0.9936287
HAT-P-7 b,-0.60974,0.9934767
HAT-P-7 b,-0.59339,0.9934446
HAT-P-7 b,-0.57704,0.9936677
HAT-P-7 b,-0.56070,0.9937378
HAT-P-7 b,-0.54435,0.9933015
HAT-P-7 b,-0.52800,0.9933121
HAT-P-7 b,-0.51166,0.9935251
HAT-P-7 b,-0.49531,0.9932542
HAT-P-7 b,-0.47896,0.9934503
HAT-P-7 b,-0.46262,0.9934806
HAT-P-7 b,-0.44627,0.9934176
HAT-P-7 b,-0.42992,0.9932024
HAT-P-7 b,-0.41358,0.9932129
HAT-P-7 b,-0.39723,0.9931809
HAT-P-7 b,-0.38088,0.9935314
HAT-P-7 b,-0.36454,0.9930452
HAT-P-7 b,-0.34819,0.9932261
HAT-P-7 b,-0.33184,0.9930888
HAT-P-7 b,-0.31550,0.9934804
HAT-P-7 b,-0.29915,0.9934013
HAT-P-7 b,-0.28280,0.9934047
HAT-P-7 b,-0.26646,0.9932816
HAT-P-7 b,-0.25011,0.9932609
HAT-P-7 b,-0.23376,0.9931568
HAT-P-7 b,-0.21742,0.9936090
HAT-P-7 b,-0.20107,0.9931535
HAT-P-7 b,-0.18472,0.9932096
HAT-P-7 b,-0.16838,0.9932307
HAT-P-7 b,-0.15203,0.9932891
HAT-P-7 b,-0.13568,0.9933845
HAT-P-7 b,-0.11934,0.9931039
HAT-P-7 b,-0.10299,0.9930980
HAT-P-7 b,-0.08664,0.9933741
HAT-P-7 b,-0.07030,0.9932956
HAT-P-7 b,-0.05395,0.9935006
HAT-P-7 b,-0.03760,0.9931484
HAT-P-7 b,-0.02126,0.9933229
HAT-P-7 b,-0.00491,0.9932501
HAT-P-7 b,0.01144,0.9931770
HAT-P-7 b,0.02778,0.9931057
HAT-P-7 b,0.04413,0.9931893
HAT-P-7 b,0.06048,0.9931050
HAT-P-7 b,0.07682,0.9934339
HAT-P-7 b,0.09317,0.9930020
HAT-P-7 b,0.10951,0.9932309
HAT-P-7 b,0.12586,0.9933105
HAT-P-7 b,0.14221,0.9933024
HAT-P-7 b,0.15855,0.9934201
HAT-P-7 b,0.17490,0.9929867
HAT-P-7 b,0.19125,0.9932533
HAT-P-7 b,0.20760,0.9934968
HAT-P-7 b,0.22394,0.9933124
HAT-P-7 b,0.24029,0.9930726
HAT-P-7 b,0.25663,0.9932956
HAT-P-7 b,0.27298,0.9930818
HAT-P-7 b,0.28933,0.9934080
HAT-P-7 b,0.30568,0.9935558
HAT-P-7 b,0.32202,0.9933672
HAT-P-7 b,0.33837,0.9929680
HAT-P-7 b,0.35471,0.9934256
HAT-P-7 b,0.37106,0.9932029
HAT-P-7 b,0.38741,0.9935432
HAT-P-7 b,0.40376,0.9931958
HAT-P-7 b,0.42010,0.9933627
HAT-P-7 b,0.43645,0.9933749
HAT-P-7 b,0.45280,0.9933738
HAT-P-7 b,0.46914,0.9932360
HAT-P-7 b,0.48549,0.9931877
HAT-P-7 b,0.50183,0.9934294
HAT-P-7 b,0.51818,0.9932233
HAT-P-7 b,0.53453,0.9932142
HAT-P-7 b,0.55088,0.9932646
HAT-P-7 b,0.56722,0.9934550
HAT-P-7 b,0.58357,0.9933444
HAT-P-7 b,0.59992,0.9932047
HAT-P-7 b,0.61627,0.9933760
HAT-P-7 b,0.63261,0.9933185
HAT-P-7 b,0.64896,0.9934246
HAT-P-7 b,0.66530,0.9934767
HAT-P-7 b,0.68165,0.9930953
HAT-P-7 b,0.69800,0.9935806
HAT-P-7 b,0.71434,0.9935759
HAT-P-7 b,0.73069,0.9934561
HAT-P-7 b,0.74704,0.9934440
HAT-P-7 b,0.76338,0.9935884
HAT-P-7 b,0.77973,0.9936848
HAT-P-7 b,0.79608,0.9934217
HAT-P-7 b,0.81242,0.9937124
HAT-P-7 b,0.82877,0.9935600
HAT-P-7 b,0.84512,0.9937094
HAT-P-7 b,0.86146,0.9937497
HAT-P-7 b,0.87781,0.9935917
HAT-P-7 b,0.89416,0.9936882
HAT-P-7 b,0.91050,0.9937651
HAT-P-7 b,0.92685,0.9935879
HAT-P-7 b,0.94320,0.9938895
HAT-P-7 b,0.95954,0.9937718
HAT-P-7 b,0.97589,0.9935706
HAT-P-7 b,0.99224,0.9939513
HAT-P-7 b,1.00858,0.9937214
HAT-P-7 b,1.02493,0.9937500
HAT-P-7 b,1.04128,0.9939956
HAT-P-7 b,1.05762,0.9936943
HAT-P-7 b,1.07397,0.9936135
HAT-P-7 b,1.09032,0.9938835
HAT-P-7 b,1.10666,0.9937543
HAT-P-7 b,1.12301,0.9938368
HAT-P-7 b,1.13936,0.9938861
HAT-P-7 b,1.15570,0.9938856
HAT-P-7 b,1.17205,0.9938728
HAT-P-7 b,1.18840,0.9941182
HAT-P-7 b,1.20474,0.9939340
HAT-P-7 b,1.22109,0.9940207
HAT-P-7 b,1.23744,0.9939805
HAT-P-7 b,1.25378,0.9941839
HAT-P-7 b,1.27013,0.9940478
HAT-P-7 b,1.28648,0.9940473
HAT-P-7 b,1.30282,0.9939942
HAT-P-7 b,1.31917,0.9942554
HAT-P-7 b,1.33552,0.9943841
HAT-P-7 b,1.35186,0.9944527
HAT-P-7 b,1.36821,0.9943516
HAT-P-7 b,1.38456,0.9946686
HAT-P-7 b,1.40090,0.9944958
HAT-P-7 b,1.41725,0.9943327
HAT-P-7 b,1.43360,0.9947952
HAT-P-7 b,1.44994,0.9944889
HAT-P-7 b,1.46629,0.9944114
HAT-P-7 b,1.48264,0.9945839
HAT-P-7 b,1.49898,0.9946360
HAT-P-7 b,1.51533,0.9943697
HAT-P-7 b,1.53168,0.9947006
HAT-P-7 b,1.54802,0.9947699
HAT-P-7 b,1.56437,0.9948673
HAT-P-7 b,1.58071,0.9951474
HAT-P-7 b,1.59706,0.9953361
HAT-P-7 b,1.61341,0.9951687
HAT-P-7 b,1.62976,0.9953923
HAT-P-7 b,1.64610,0.9958565
HAT-P-7 b,1.66245,0.9958995
HAT-P-7 b,1.67879,0.9962758
HAT-P-7 b,1.69514,0.9966010
HAT-P-7 b,1.71149,0.9965198
HAT-P-7 b,1.72784,0.9969144
HAT-P-7 b,1.74418,0.9973447
HAT-P-7 b,1.76053,0.9974345
HAT-P-7 b,1.77688,0.9979130
HAT-P-7 b,1.79322,0.9976881
HAT-P-7 b,1.80957,0.9980620
HAT-P-7 b,1.82591,0.9983945
HAT-P-7 b,1.84226,0.9986732
HAT-P-7 b,1.85861,0.9988746
HAT-P-7 b,1.87496,0.9976954
HAT-P-7 b,1.89130,0.9992246
HAT-P-7 b,1.90765,0.9995371
HAT-P-7 b,1.92400,0.9998738
HAT-P-7 b,1.94034,0.9997695
HAT-P-7 b,1.95669,0.9997077
HAT-P-7 b,1.97304,0.9996547
HAT-P-7 b,1.98938,1.0000798
HAT-P-7 b,2.00573,1.0000348
HAT-P-7 b,2.02208,0.9995150
HAT-P-7 b,2.03842,0.9996593
HAT-P-7 b,2.05477,0.9998673
HAT-P-7 b,2.07111,0.9995551
HAT-P-7 b,2.08746,0.9998134
HAT-P-7 b,2.10381,0.9998698
HAT-P-7 b,2.12016,1.0001162
HAT-P-7 b,2.13650,0.9997755
HAT-P-7 b,2.15285,0.9999458
HAT-P-7 b,2.16920,1.0000707
HAT-P-7 b,2.18554,1.0001835
HAT-P-7 b,2.20189,0.9999780
HAT-P-7 b,2.21824,0.9998263
HAT-P-7 b,2.23458,0.9999321
HAT-P-7 b,2.25093,0.9997360
HAT-P-7 b,2.26728,0.9999279
HAT-P-7 b,2.28362,0.9998754
HAT-P-7 b,2.29997,0.9996132
HAT-P-7 b,2.31632,0.9999403
HAT-P-7 b,2.33266,0.9997599
HAT-P-7 b,2.34901,1.0000204
HAT-P-7 b,2.36536,0.9998990
HAT-P-7 b,2.38170,1.0002339
HAT-P-7 b,2.39805,0.9997308
HAT-P-7 b,2.41440,0.9997384
HAT-P-7 b,2.43074,0.9999784
HAT-P-7 b,2.44709,0.9999960
HAT-P-7 b,2.46344,0.9997768
HAT-P-7 b,2.47978,0.9998466
HAT-P-7 b,2.49613,0.9997576
HAT-P-7 b,2.51248,0.9997540
HAT-P-7 b,2.52882,0.9999059
HAT-P-7 b,2.54517,0.9996274
HAT-P-7 b,2.56152,0.9997810
HAT-P-7 b,2.57786,0.9998609
HAT-P-7 b,2.59421,0.9999683
HAT-P-7 b,2.61056,0.9999911
HAT-P-7 b,2.62690,0.9998603
HAT-P-7 b,2.64325,0.9997938
HAT-P-7 b,2.65960,0.9997130
HAT-P-7 b,2.67594,0.9998320
HAT-P-7 b,2.69229,0.9998953
HAT-P-7 b,2.70864,1.0000660
HAT-P-7 b,2.72498,0.9998397
HAT-P-7 b,2.74133,0.9998516
HAT-P-7 b,2.75768,0.9999537
HAT-P-7 b,2.77402,1.0000747
HAT-P-7 b,2.79037,0.9999877
HAT-P-7 b,2.80672,0.9998677
HAT-P-7 b,2.82306,0.9999470
HAT-P-7 b,2.83941,1.0000391
HAT-P-7 b,2.85576,0.9999128
HAT-P-7 b,2.87210,0.9997301
HAT-P-7 b,2.88845,0.9999805
HAT-P-7 b,2.90480,0.9999197
HAT-P-7 b,2.92114,0.9998586
HAT-P-7 b,2.93749,0.9997532
HAT-P-7 b,2.95384,0.9997337
HAT-P-7 b,2.97018,0.9998131
HAT-P-7 b,2.98653,1.0000977
HAT-P-7 b,3.00288,0.9997927
HAT-P-7 b,3.01922,0.9999312
HAT-P-7 b,3.03557,0.9996307
HAT-P-7 b,3.05192,1.0001186
HAT-P-7 b,3.06826,1.0001827
HAT-P-7 b,3.08461,1.0000662
HAT-P-7 b,3.10096,0.9998884
HAT-P-7 b,3.11730,0.9999359
HAT-P-7 b,3.13365,1.0000990
HAT-P-7 b,3.14999,1.0000454
HAT-P-7 b,3.16634,0.9996386
HAT-P-7 b,3.18269,0.9999383
HAT-P-7 b,3.19904,0.9997112
HAT-P-7 b,3.21538,1.0001095
HAT-P-7 b,3.23173,0.9999023
HAT-P-7 b,3.24808,1.0000111
HAT-P-7 b,3.26442,1.0002488
HAT-P-7 b,3.28077,1.0002558
HAT-P-7 b,3.29712,0.9999219
HAT-P-7 b,3.31346,1.0000470
HAT-P-7 b,3.32981,1.0001854
HAT-P-7 b,3.34616,0.9999286
HAT-P-7 b,3.36250,1.0001870
HAT-P-7 b,3.37885,0.9999481
HAT-P-7 b,3.39519,0.9999759
HAT-P-7 b,3.41154,0.9996070
HAT-P-7 b,3.42789,1.0000172
HAT-P-7 b,3.44424,0.9997355
HAT-P-7 b,3.46058,0.9997900
HAT-P-7 b,3.47693,1.0000209
HAT-P-7 b,3.49328,0.9997419
HAT-P-7 b,3.50963,0.9998227
HAT-P-7 b,3.52597,0.9997146
HAT-P-7 b,3.54232,1.0003087
HAT-P-7 b,3.55866,1.0000218
HAT-P-7 b,3.57501,0.9999504
HAT-P-7 b,3.59136,0.9999973
HAT-P-7 b,3.60770,1.0001334
HAT-P-7 b,3.62405,1.0002686
HAT-P-7 b,3.64040,0.9999010
HAT-P-7 b,3.65674,0.9999508
HAT-P-7 b,3.67309,0.9998330
HAT-P-7 b,3.68944,0.9998255
HAT-P-7 b,3.70578,0.9999979
HAT-P-7 b,3.72213,0.9999610
HAT-P-7 b,3.73848,0.9999709
HAT-P-7 b,3.75482,1.0002310
HAT-P-7 b,3.77117,1.0000166
HAT-P-7 b,3.78752,0.9999483
HAT-P-7 b,3.80386,1.0000897
HAT-P-7 b,3.82021,0.9999481
HAT-P-7 b,3.83656,0.9998869
HAT-P-7 b,3.85290,0.9999551
HAT-P-7 b,3.86925,1.0000143
HAT-P-7 b,3.88560,1.0000074
HAT-P-7 b,3.90194,1.0000072
HAT-P-7 b,3.91829,1.0000488
HAT-P-7 b,3.93464,0.9999421
HAT-P-7 b,3.95098,1.0001810
HAT-P-7 b,3.96733,1.0000267
HAT-P-7 b,3.98368,0.9998646
HAT-P-7 b,4.00002,0.9999325
HAT-P-7 b,4.01637,1.0001371
HAT-P-7 b,4.03272,1.0002489
HAT-P-7 b,4.04906,1.0001576
HAT-P-7 b,4.06541,0.9998016
HAT-P-7 b,4.08176,0.9998691
HAT-P-7 b,4.09810,0.9997489
HAT-P-7 b,4.11445,0.9999720
HAT-P-7 b,4.13080,0.9999526
HAT-P-7 b,4.14714,1.0001225
HAT-P-7 b,4.16349,1.0001384
HAT-P-7 b,4.17984,0.9996972
HAT-P-7 b,4.19618,1.0000123
HAT-P-7 b,4.21253,1.0000042
HAT-P-7 b,4.22888,0.9998100
HAT-P-7 b,4.24522,1.0000105
HAT-P-7 b,4.26157,0.9998971
HAT-P-7 b,4.27792,1.0001127
HAT-P-7 b,4.29426,0.9999050
HAT-P-7 b,4.31061,0.9997204
HAT-P-7 b,4.32696,0.9997257
HAT-P-7 b,4.34330,0.9998828
HAT-P-7 b,4.35965,0.9999931
HAT-P-7 b,4.37600,0.9996855
HAT-P-7 b,4.39234,0.9995989
HAT-P-7 b,4.40869,0.9999132
HAT-P-7 b,4.42504,0.9997064
HAT-P-7 b,4.44138,0.9998257
HAT-P-7 b,4.45773,0.9997633
HAT-P-7 b,4.47407,1.0000056
HAT-P-7 b,4.49042,0.9999039
HAT-P-7 b,4.50677,0.9999238
HAT-P-7 b,4.52312,0.9999789
HAT-P-7 b,4.53946,0.9999510
HAT-P-7 b,4.55581,0.9999080
HAT-P-7 b,4.57216,0.9997692
HAT-P-7 b,4.58850,1.0001249
HAT-P-7 b,4.60485,0.9998377
HAT-P-7 b,4.62120,0.9998248
HAT-P-7 b,4.63754,0.9999313
HAT-P-7 b,4.65389,1.0000532
HAT-P-7 b,4.67024,0.9999470
HAT-P-7 b,4.68658,0.9999909
HAT-P-7 b,4.70293,1.0000798
HAT-P-7 b,4.71927,1.0002270
HAT-P-7 b,4.73562,0.9998477
HAT-P-7 b,4.75197,1.0003187
HAT-P-7 b,4.76832,0.9998272
HAT-P-7 b,4.78466,0.9998976
HAT-P-7 b,4.80101,0.9998562
HAT-P-7 b,4.81736,1.0001640
HAT-P-7 b,4.83371,1.0000580
HAT-P-7 b,4.85005,0.9999327
HAT-P-7 b,4.86640,0.9999503
HAT-P-7 b,4.88274,1.0001694
HAT-P-7 b,4.89909,0.9998529
HAT-P-7 b,4.91544,0.9997674
HAT-P-7 b,4.93178,0.9999325
HAT-P-7 b,4.94813,0.9999907
HAT-P-7 b,4.96448,0.9997256
HAT-P-7 b,4.98082,1.0002906
HAT-P-7 b,4.99717,0.9999218
HAT-P-7 b,5.01352,1.0000812
HAT-P-7 b,5.02986,0.9996968
HAT-P-7 b,5.04621,1.0001508
HAT-P-7 b,5.06256,0.9999959
HAT-P-7 b,5.07890,1.0000570
HAT-P-7 b,5.09525,1.0000947
HAT-P-7 b,5.11160,1.0000197
HAT-P-7 b,5.12794,0.9998542
HAT-P-7 b,5.14429,0.9999367
HAT-P-7 b,5.16064,0.9999009
HAT-P-7 b,5.17698,0.9996924
HAT-P-7 b,5.19333,0.9997742
HAT-P-7 b,5.20968,0.9999683
HAT-P-7 b,5.22602,0.9997147
HAT-P-7 b,5.24237,0.9999549
HAT-P-7 b,5.25872,1.0001089
HAT-P-7 b,5.27506,0.9998486
HAT-P-7 b,5.29141,0.9996608
HAT-P-7 b,5.30776,0.9999184
HAT-P-7 b,5.32410,0.9998635
HAT-P-7 b,5.34045,1.0002231
HAT-P-7 b,5.35680,0.9999568
HAT-P-7 b,5.37314,0.9999758
HAT-P-7 b,5.38949,1.0001895
HAT-P-7 b,5.40584,1.0001498
HAT-P-7 b,5.42218,1.0001213
HAT-P-7 b,5.43853,1.0000089
HAT-P-7 b,5.45488,1.0001291
HAT-P-7 b,5.47122,1.0000798
HAT-P-7 b,5.48757,0.9998834
HAT-P-7 b,5.50392,1.0001069
HAT-P-7 b,5.52026,1.0000922
HAT-P-7 b,5.53661,0.9999724
HAT-P-7 b,5.55296,0.9999204
HAT-P-7 b,5.56930,0.9999799
HAT-P-7 b,5.58565,0.9999632
HAT-P-7 b,5.60200,1.0003404
HAT-P-7 b,5.61834,0.9999369
HAT-P-7 b,5.63469,1.0001749
HAT-P-7 b,5.65104,1.0000910
HAT-P-7 b,5.66738,1.0000444
HAT-P-7 b,5.68373,0.9998015
HAT-P-7 b,5.70008,1.0000716
HAT-P-7 b,5.71642,0.9998401
HAT-P-7 b,5.73277,1.0000582
HAT-P-7 b,5.74912,0.9998623
HAT-P-7 b,5.76546,0.9999191
HAT-P-7 b,5.78181,1.0000122
HAT-P-7 b,5.79816,0.9999948
HAT-P-7 b,5.81450,1.0000620
HAT-P-7 b,5.83085,1.0000885
HAT-P-7 b,5.84720,0.9999236
HAT-P-7 b,5.86354,0.9999855
HAT-P-7 b,5.87989,1.0001692
HAT-P-7 b,5.89624,0.9998268
HAT-P-7 b,5.91258,0.9998749
HAT-P-7 b,5.92893,1.0000836
HAT-P-7 b,5.94528,0.9999137
HAT-P-7 b,5.96162,1.0001920
HAT-P-7 b,5.97797,1.0000462
HAT-P-7 b,5.99432,0.9998777
HAT-P-7 b,6.01066,1.0000242
HAT-P-7 b,6.02701,0.9998608
HAT-P-7 b,6.04335,0.9999512
HAT-P-7 b,6.05970,0.9998869
HAT-P-7 b,6.07605,0.9997696
HAT-P-7 b,6.09240,0.9997772
HAT-P-7 b,6.10874,1.0001627
HAT-P-7 b,6.12509,1.0001270
HAT-P-7 b,6.14144,1.0001463
HAT-P-7 b,6.15779,0.9999765
HAT-P-7 b,6.17413,0.9998050
HAT-P-7 b,6.19048,0.9999545
HAT-P-7 b,6.20682,1.0005187
HAT-P-7 b,6.22317,1.0001888
HAT-P-7 b,6.23952,1.0002484
HAT-P-7 b,6.25586,1.0001233
HAT-P-7 b,6.27221,0.9999573
HAT-P-7 b,6.28856,1.0004563
HAT-P-7 b,6.30490,0.9998459
HAT-P-7 b,6.32125,0.9997190
HAT-P-7 b,6.33760,1.0001598
HAT-P-7 b,6.35394,0.9998667
HAT-P-7 b,6.37029,1.0000584
HAT-P-7 b,6.38664,1.0002879
HAT-P-7 b,6.40299,0.9999297
HAT-P-7 b,6.41933,1.0002093
HAT-P-7 b,6.43568,0.9999457
HAT-P-7 b,6.45202,1.0001043
HAT-P-7 b,6.46837,1.0000495
HAT-P-7 b,6.48472,1.0000300
HAT-P-7 b,6.50106,0.9999776
HAT-P-7 b,6.51741,0.9998881
HAT-P-7 b,6.53376,1.0001415
HAT-P-7 b,6.55010,0.9997755
HAT-P-7 b,6.56645,1.0002673
HAT-P-7 b,6.58280,0.9998761
HAT-P-7 b,6.59914,0.9999981
HAT-P-7 b,6.61549,0.9999833
HAT-P-7 b,6.63184,1.0000454
HAT-P-7 b,6.64818,1.0001352
HAT-P-7 b,6.66453,1.0001133
HAT-P-7 b,6.68088,0.9999868
HAT-P-7 b,6.69722,1.0002447
HAT-P-7 b,6.71357,0.9996963
HAT-P-7 b,6.72992,0.9999931
HAT-P-7 b,6.74626,0.9998121
HAT-P-7 b,6.76261,0.9998125
HAT-P-7 b,6.77896,0.9999723
HAT-P-7 b,6.79530,1.0000578
HAT-P-7 b,6.81165,0.9997555
HAT-P-7 b,6.82800,0.9997607
HAT-P-7 b,6.84434,0.9999630
HAT-P-7 b,6.86069,1.0001279
HAT-P-7 b,6.87704,1.0000531
HAT-P-7 b,6.89338,0.9999404
HAT-P-7 b,6.90973,1.0002613
HAT-P-7 b,6.92608,1.0000825
HAT-P-7 b,6.94243,1.0000322
HAT-P-7 b,6.95877,1.0002118
HAT-P-7 b,6.97512,1.0000535
HAT-P-7 b,6.99146,1.0000990
HAT-P-7 b,7.00781,1.0000197
HAT-P-7 b,7.02416,0.9999226
HAT-P-7 b,7.04050,1.0002283
HAT-P-7 b,7.05685,1.0001374
HAT-P-7 b,7.07320,0.9999280
HAT-P-7 b,7.08954,0.9999593
HAT-P-7 b,7.10589,1.0002313
HAT-P-7 b,7.12224,0.9999902
HAT-P-7 b,7.13858,0.9999111
HAT-P-7 b,7.15493,0.9999751
HAT-P-7 b,7.17128,1.0000258
HAT-P-7 b,7.18762,1.0000980
HAT-P-7 b,7.20397,1.0000850
HAT-P-7 b,7.22032,1.0001265
HAT-P-7 b,7.23666,1.0002384
HAT-P-7 b,7.25301,1.0001222
HAT-P-7 b,7.26936,1.0000979
HAT-P-7 b,7.28570,1.0001788
HAT-P-7 b,7.30205,0.9999337
HAT-P-7 b,7.31840,1.0001621
HAT-P-7 b,7.33474,0.9997344
HAT-P-7 b,7.35109,0.9999823
HAT-P-7 b,7.36744,1.0002108
HAT-P-7 b,7.38378,1.0000667
HAT-P-7 b,7.40013,0.9998902
HAT-P-7 b,7.41648,1.0003207
HAT-P-7 b,7.43282,0.9998535
HAT-P-7 b,7.44917,1.0000377
HAT-P-7 b,7.46552,1.0000780
HAT-P-7 b,7.48187,1.0001195
HAT-P-7 b,7.49821,0.9999675
HAT-P-7 b,7.51456,1.0000617
HAT-P-7 b,7.53090,1.0001788
HAT-P-7 b,7.54725,1.0001789
HAT-P-7 b,7.56360,1.0001313
HAT-P-7 b,7.57994,0.9999189
HAT-P-7 b,7.59629,1.0000563
HAT-P-7 b,7.61264,0.9998155
HAT-P-7 b,7.62898,0.9999380
HAT-P-7 b,7.64533,1.0002398
HAT-P-7 b,7.66168,0.9999779
HAT-P-7 b,7.67802,1.0002084
HAT-P-7 b,7.69437,1.0001424
HAT-P-7 b,7.71072,0.9997068
HAT-P-7 b,7.72707,0.9998847
HAT-P-7 b,7.74341,1.0001819
HAT-P-7 b,7.75976,1.0001779
HAT-P-7 b,7.77610,1.0001104
HAT-P-7 b,7.79245,1.0001364
HAT-P-7 b,7.80880,1.0000944
HAT-P-7 b,7.82514,0.9999718
HAT-P-7 b,7.84149,0.9999751
HAT-P-7 b,7.85784,1.0000406
HAT-P-7 b,7.87419,0.9996022
HAT-P-7 b,7.89053,0.9999143
HAT-P-7 b,7.90688,0.9999959
HAT-P-7 b,7.92322,1.0000525
HAT-P-7 b,7.93957,0.9999195
HAT-P-7 b,7.95592,1.0002994
HAT-P-7 b,7.97227,0.9999674
HAT-P-7 b,7.98861,1.0000879
HAT-P-7 b,8.00496,0.9997566
HAT-P-7 b,8.02130,1.0000972
HAT-P-7 b,8.03765,1.0004767
HAT-P-7 b,8.05400,0.9998941
HAT-P-7 b,8.07034,1.0001078
HAT-P-7 b,8.08669,0.9998792
HAT-P-7 b,8.10304,0.9999256
HAT-P-7 b,8.11938,0.9998753
HAT-P-7 b,8.13573,1.0000107
HAT-P-7 b,8.15208,1.0000881
HAT-P-7 b,8.16842,1.0001518
HAT-P-7 b,8.18477,1.0000372
HAT-P-7 b,8.20112,1.0000926
HAT-P-7 b,8.21746,1.0001541
HAT-P-7 b,8.23381,1.0000030
HAT-P-7 b,8.25016,1.0001447
HAT-P-7 b,8.26651,1.0001221
HAT-P-7 b,8.28285,1.0000915
HAT-P-7 b,8.29920,0.9998996
HAT-P-7 b,8.31554,1.0001078
HAT-P-7 b,8.33189,0.9999146
HAT-P-7 b,8.34824,0.9997570
HAT-P-7 b,8.36459,1.0000072
HAT-P-7 b,8.38093,0.9998277
HAT-P-7 b,8.39728,0.9999431
HAT-P-7 b,-8.39036,0.9999040
HAT-P-7 b,-8.37402,0.9998501
HAT-P-7 b,-8.35767,0.9999615
HAT-P-7 b,-8.34132,0.9996288
HAT-P-7 b,-8.32498,0.9999560
HAT-P-7 b,-8.30863,0.9999551
HAT-P-7 b,-8.29228,0.9997119
HAT-P-7 b,-8.27594,0.9999354
HAT-P-7 b,-8.25959,0.9998005
HAT-P-7 b,-8.24324,0.9999762
HAT-P-7 b,-8.22690,0.9997834
HAT-P-7 b,-8.21055,0.9998056
HAT-P-7 b,-8.19420,0.9998712
HAT-P-7 b,-8.17786,0.9999687
HAT-P-7 b,-8.16151,1.0001379
HAT-P-7 b,-8.14516,0.9999080
HAT-P-7 b,-8.12882,1.0001563
HAT-P-7 b,-8.11247,1.0001016
HAT-P-7 b,-8.09612,0.9997857
HAT-P-7 b,-8.07978,1.0000771
HAT-P-7 b,-8.06343,0.9999810
HAT-P-7 b,-8.04708,0.9997931
HAT-P-7 b,-8.03074,0.9998086
HAT-P-7 b,-8.01439,1.0000900
HAT-P-7 b,-7.99804,1.0000005
HAT-P-7 b,-7.98170,1.0000390
HAT-P-7 b,-7.96535,1.0002470
HAT-P-7 b,-7.94900,1.0000192
HAT-P-7 b,-7.93265,0.9997266
HAT-P-7 b,-7.91631,1.0000230
HAT-P-7 b,-7.89997,1.0000088
HAT-P-7 b,-7.88362,1.0004428
HAT-P-7 b,-7.86727,1.0000717
HAT-P-7 b,-7.85092,1.0005351
HAT-P-7 b,-7.83458,0.9998895
HAT-P-7 b,-7.81823,0.9997853
HAT-P-7 b,-7.80188,1.0001052
HAT-P-7 b,-7.78554,1.0000086
HAT-P-7 b,-7.76919,0.9999319
HAT-P-7 b,-7.75284,0.9999969
HAT-P-7 b,-7.73650,1.0000395
HAT-P-7 b,-7.72015,1.0002585
HAT-P-7 b,-7.70380,0.9999033
HAT-P-7 b,-7.68746,0.9999527
HAT-P-7 b,-7.67111,0.9998947
HAT-P-7 b,-7.65477,1.0000171
HAT-P-7 b,-7.63842,0.9999463
HAT-P-7 b,-7.62207,1.0000976
HAT-P-7 b,-7.60572,0.9999219
HAT-P-7 b,-7.58938,1.0001732
HAT-P-7 b,-7.57303,0.9999015
HAT-P-7 b,-7.55668,1.0000397
HAT-P-7 b,-7.54033,0.9998890
HAT-P-7 b,-7.52399,1.0000784
HAT-P-7 b,-7.50764,1.0000963
HAT-P-7 b,-7.49130,0.9997744
HAT-P-7 b,-7.47495,0.9999144
HAT-P-7 b,-7.45860,1.0000690
HAT-P-7 b,-7.44226,1.0000178
HAT-P-7 b,-7.42591,1.0000351
HAT-P-7 b,-7.40956,0.9998719
HAT-P-7 b,-7.39321,0.9998638
HAT-P-7 b,-7.37687,1.0002407
HAT-P-7 b,-7.36052,0.9998199
HAT-P-7 b,-7.34418,1.0000409
HAT-P-7 b,-7.32783,1.0000027
HAT-P-7 b,-7.31148,1.0000007
HAT-P-7 b,-7.29514,1.0001204
HAT-P-7 b,-7.27879,1.0002593
HAT-P-7 b,-7.26244,1.0000854
HAT-P-7 b,-7.24610,0.9998667
HAT-P-7 b,-7.22975,0.9999261
HAT-P-7 b,-7.21340,1.0001620
HAT-P-7 b,-7.19706,0.9999588
HAT-P-7 b,-7.18071,0.9997500
HAT-P-7 b,-7.16436,0.9997681
HAT-P-7 b,-7.14802,0.9999282
HAT-P-7 b,-7.13167,0.9997774
HAT-P-7 b,-7.11532,0.9997670
HAT-P-7 b,-7.09898,0.9998723
HAT-P-7 b,-7.08263,1.0001493
HAT-P-7 b,-7.06628,0.9998340
HAT-P-7 b,-7.04994,1.0000872
HAT-P-7 b,-7.03359,0.9997224
HAT-P-7 b,-7.01724,0.9997041
HAT-P-7 b,-7.00090,0.9999610
HAT-P-7 b,-6.98455,0.9996897
HAT-P-7 b,-6.96820,0.9997055
HAT-P-7 b,-6.95186,0.9998223
HAT-P-7 b,-6.93551,0.9999032
HAT-P-7 b,-6.91916,1.0000418
HAT-P-7 b,-6.90282,0.9999958
HAT-P-7 b,-6.88647,1.0000210
HAT-P-7 b,-6.87012,0.9998815
HAT-P-7 b,-6.85378,0.9997564
HAT-P-7 b,-6.83743,0.9999929
HAT-P-7 b,-6.82108,1.0000516
HAT-P-7 b,-6.80474,1.0000458
HAT-P-7 b,-6.78839,0.9999898
HAT-P-7 b,-6.77204,0.9999319
HAT-P-7 b,-6.75570,0.9999765
HAT-P-7 b,-6.73935,0.9997943
HAT-P-7 b,-6.72300,1.0000172
HAT-P-7 b,-6.70666,0.9997406
HAT-P-7 b,-6.69031,0.9997903
HAT-P-7 b,-6.67396,0.9999874
HAT-P-7 b,-6.65762,0.9999332
HAT-P-7 b,-6.64127,1.0001159
HAT-P-7 b,-6.62492,0.9998908
HAT-P-7 b,-6.60858,1.0000482
HAT-P-7 b,-6.59223,1.0001975
HAT-P-7 b,-6.57588,0.9999315
HAT-P-7 b,-6.55954,0.9999442
HAT-P-7 b,-6.54319,1.0000689
HAT-P-7 b,-6.52685,0.9997339
HAT-P-7 b,-6.51050,1.0000054
HAT-P-7 b,-6.49415,0.9998567
HAT-P-7 b,-6.47780,1.0001920
HAT-P-7 b,-6.46146,1.0000613
HAT-P-7 b,-6.44511,0.9998794
HAT-P-7 b,-6.42877,1.0002535
HAT-P-7 b,-6.41242,0.9999571
HAT-P-7 b,-6.39607,1.0001173
HAT-P-7 b,-6.37973,1.0002066
HAT-P-7 b,-6.36338,1.0000136
HAT-P-7 b,-6.34703,1.0001674
HAT-P-7 b,-6.33069,1.0001334
HAT-P-7 b,-6.31434,1.0001947
HAT-P-7 b,-6.29799,1.0000029
HAT-P-7 b,-6.28165,1.0001876
HAT-P-7 b,-6.26530,0.9999960
HAT-P-7 b,-6.24895,1.0001496
HAT-P-7 b,-6.23260,0.9998027
HAT-P-7 b,-6.21626,0.9998605
HAT-P-7 b,-6.19991,0.9999759
HAT-P-7 b,-6.18357,0.9998428
HAT-P-7 b,-6.16722,0.9999582
HAT-P-7 b,-6.15087,0.9999723
HAT-P-7 b,-6.13453,0.9997857
HAT-P-7 b,-6.11818,0.9999460
HAT-P-7 b,-6.10183,0.9998142
HAT-P-7 b,-6.08548,0.9999121
HAT-P-7 b,-6.06914,1.0000432
HAT-P-7 b,-6.05279,0.9999717
HAT-P-7 b,-6.03645,1.0000485
HAT-P-7 b,-6.02010,0.9999475
HAT-P-7 b,-6.00375,1.0002338
HAT-P-7 b,-5.98740,1.0002875
HAT-P-7 b,-5.97106,1.0000619
HAT-P-7 b,-5.95471,1.0000085
HAT-P-7 b,-5.93836,1.0001144
HAT-P-7 b,-5.92202,0.9999703
HAT-P-7 b,-5.90567,1.0002169
HAT-P-7 b,-5.88933,1.0002421
HAT-P-7 b,-5.87298,1.0003290
HAT-P-7 b,-5.85663,1.0001529
HAT-P-7 b,-5.84028,1.0000003
HAT-P-7 b,-5.82394,1.0000500
HAT-P-7 b,-5.80759,1.0001755
HAT-P-7 b,-5.79125,1.0000242
HAT-P-7 b,-5.77490,1.0001361
HAT-P-7 b,-5.75855,1.0001454
HAT-P-7 b,-5.74220,1.0002691
HAT-P-7 b,-5.72586,1.0001053
HAT-P-7 b,-5.70951,1.0000653
HAT-P-7 b,-5.69316,0.9999623
HAT-P-7 b,-5.67682,0.9995835
HAT-P-7 b,-5.66047,0.9998684
HAT-P-7 b,-5.64413,0.9998222
HAT-P-7 b,-5.62778,0.9998619
HAT-P-7 b,-5.61143,1.0001527
HAT-P-7 b,-5.59508,1.0000632
HAT-P-7 b,-5.57874,1.0003529
HAT-P-7 b,-5.56239,1.0003305
HAT-P-7 b,-5.54604,1.0000676
HAT-P-7 b,-5.52970,1.0000292
HAT-P-7 b,-5.51335,1.0002152
HAT-P-7 b,-5.49701,1.0001371
HAT-P-7 b,-5.48066,1.0002216
HAT-P-7 b,-5.46431,1.0000205
HAT-P-7 b,-5.44796,0.9999750
HAT-P-7 b,-5.43162,1.0001618
HAT-P-7 b,-5.41527,1.0002055
HAT-P-7 b,-5.39893,0.9998770
HAT-P-7 b,-5.38258,1.0003159
HAT-P-7 b,-5.36623,1.0000426
HAT-P-7 b,-5.34988,0.9999628
HAT-P-7 b,-5.33354,1.0002594
HAT-P-7 b,-5.31719,1.0000671
HAT-P-7 b,-5.30084,0.9999255
HAT-P-7 b,-5.28450,1.0000390
HAT-P-7 b,-5.26815,0.9999810
HAT-P-7 b,-5.25181,1.0000755
HAT-P-7 b,-5.23546,1.0000922
HAT-P-7 b,-5.21911,1.0002891
HAT-P-7 b,-5.20276,1.0000955
HAT-P-7 b,-5.18642,0.9998463
HAT-P-7 b,-5.17007,1.0000763
HAT-P-7 b,-5.15372,0.9998362
HAT-P-7 b,-5.13738,1.0000387
HAT-P-7 b,-5.12103,1.0000795
HAT-P-7 b,-5.10468,0.9998848
HAT-P-7 b,-5.08834,0.9999773
HAT-P-7 b,-5.07199,1.0000298
HAT-P-7 b,-5.05565,1.0001258
HAT-P-7 b,-5.03930,0.9998529
HAT-P-7 b,-5.02295,1.0000970
HAT-P-7 b,-5.00661,0.9999693
HAT-P-7 b,-4.99026,1.0002215
HAT-P-7 b,-4.97391,1.0001976
HAT-P-7 b,-4.95757,0.9999752
HAT-P-7 b,-4.94122,0.9999667
HAT-P-7 b,-4.92487,0.9998982
HAT-P-7 b,-4.90852,1.0002534
HAT-P-7 b,-4.89218,1.0002222
HAT-P-7 b,-4.87583,0.9999949
HAT-P-7 b,-4.85949,0.9998995
HAT-P-7 b,-4.84314,0.9997217
HAT-P-7 b,-4.82679,0.9997164
HAT-P-7 b,-4.81044,0.9998856
HAT-P-7 b,-4.79410,0.9995886
HAT-P-7 b,-4.77775,1.0000083
HAT-P-7 b,-4.76140,1.0000567
HAT-P-7 b,-4.74506,1.0000462
HAT-P-7 b,-4.72871,1.0000371
HAT-P-7 b,-4.71236,0.9996834
HAT-P-7 b,-4.69602,1.0001065
HAT-P-7 b,-4.67967,0.9998103
HAT-P-7 b,-4.66332,1.0001110
HAT-P-7 b,-4.64698,1.0001049
HAT-P-7 b,-4.63063,1.0003812
HAT-P-7 b,-4.61429,0.9997963
HAT-P-7 b,-4.59794,1.0001323
HAT-P-7 b,-4.58159,1.0000586
HAT-P-7 b,-4.56525,1.0001495
HAT-P-7 b,-4.54890,1.0002207
HAT-P-7 b,-4.53255,1.0001296
HAT-P-7 b,-4.51621,1.0001671
HAT-P-7 b,-4.49986,1.0000622
HAT-P-7 b,-4.48351,1.0001536
HAT-P-7 b,-4.46717,0.9999227
HAT-P-7 b,-4.45082,0.9998650
HAT-P-7 b,-4.43447,1.0001349
HAT-P-7 b,-4.41813,1.0001465
HAT-P-7 b,-4.40178,1.0000612
HAT-P-7 b,-4.38543,0.9999962
HAT-P-7 b,-4.36909,0.9999874
HAT-P-7 b,-4.35274,0.9999748
HAT-P-7 b,-4.33639,1.0002224
HAT-P-7 b,-4.32005,1.0000983
HAT-P-7 b,-4.30370,1.0000742
HAT-P-7 b,-4.28735,0.9998476
HAT-P-7 b,-4.27101,0.9999911
HAT-P-7 b,-4.25466,1.0001386
HAT-P-7 b,-4.23831,1.0002408
HAT-P-7 b,-4.22197,0.9999347
HAT-P-7 b,-4.20562,0.9997859
HAT-P-7 b,-4.18928,0.9999307
HAT-P-7 b,-4.17293,0.9999835
HAT-P-7 b,-4.15658,0.9999813
HAT-P-7 b,-4.14023,1.0001398
HAT-P-7 b,-4.12389,1.0001586
HAT-P-7 b,-4.10754,1.0002711
HAT-P-7 b,-4.09119,0.9999384
HAT-P-7 b,-4.07485,0.9998245
HAT-P-7 b,-4.05850,1.0000924
HAT-P-7 b,-4.04215,1.0001943
HAT-P-7 b,-4.02581,1.0001498
HAT-P-7 b,-4.00946,1.0001574
HAT-P-7 b,-3.99311,1.0001213
HAT-P-7 b,-3.97677,1.0000106
HAT-P-7 b,-3.96042,0.9999251
HAT-P-7 b,-3.94407,0.9999420
HAT-P-7 b,-3.92773,0.9998478
HAT-P-7 b,-3.91138,0.9998371
HAT-P-7 b,-3.89503,1.0000358
HAT-P-7 b,-3.87869,0.9999430
HAT-P-7 b,-3.86234,0.9998773
HAT-P-7 b,-3.84599,0.9997908
HAT-P-7 b,-3.82964,0.9999233
HAT-P-7 b,-3.81330,0.9998008
HAT-P-7 b,-3.79695,1.0001842
HAT-P-7 b,-3.78061,1.0001264
HAT-P-7 b,-3.76426,1.0001799
HAT-P-7 b,-3.74791,0.9999995
HAT-P-7 b,-3.73157,0.9999901
HAT-P-7 b,-3.71522,1.0002910
HAT-P-7 b,-3.69887,1.0000609
HAT-P-7 b,-3.68253,1.0000606
HAT-P-7 b,-3.66618,0.9998435
HAT-P-7 b,-3.64983,1.0000635
HAT-P-7 b,-3.63349,0.9999581
HAT-P-7 b,-3.61714,0.9996963
HAT-P-7 b,-3.60079,0.9998562
HAT-P-7 b,-3.58445,1.0000105
HAT-P-7 b,-3.56810,1.0000064
HAT-P-7 b,-3.55176,0.9998396
HAT-P-7 b,-3.53541,0.9999175
HAT-P-7 b,-3.51906,1.0000308
HAT-P-7 b,-3.50271,0.9999831
HAT-P-7 b,-3.48637,0.9998089
HAT-P-7 b,-3.47002,1.0000675
HAT-P-7 b,-3.45367,1.0000956
HAT-P-7 b,-3.43732,1.0001828
HAT-P-7 b,-3.42098,0.9998712
HAT-P-7 b,-3.40463,1.0001715
HAT-P-7 b,-3.38829,1.0001195
HAT-P-7 b,-3.37194,0.9999105
HAT-P-7 b,-3.35559,1.0002276
HAT-P-7 b,-3.33925,0.9999974
HAT-P-7 b,-3.32290,1.0001093
HAT-P-7 b,-3.30655,0.9999157
HAT-P-7 b,-3.29021,0.9999649
HAT-P-7 b,-3.27386,1.0000614
HAT-P-7 b,-3.25751,1.0001457
HAT-P-7 b,-3.24117,1.0000065
HAT-P-7 b,-3.22482,0.9998452
HAT-P-7 b,-3.20847,1.0001714
HAT-P-7 b,-3.19213,1.0001140
HAT-P-7 b,-3.17578,1.0000016
HAT-P-7 b,-3.15943,0.9999117
HAT-P-7 b,-3.14309,0.9999956
HAT-P-7 b,-3.12674,1.0000848
HAT-P-7 b,-3.11039,0.9999533
HAT-P-7 b,-3.09405,1.0000662
HAT-P-7 b,-3.07770,0.9997628
HAT-P-7 b,-3.06135,0.9999766
HAT-P-7 b,-3.04501,1.0002985
HAT-P-7 b,-3.02866,1.0001949
HAT-P-7 b,-3.01231,0.9997729
HAT-P-7 b,-2.99597,0.9999088
HAT-P-7 b,-2.97962,0.9998988
HAT-P-7 b,-2.96327,1.0002119
HAT-P-7 b,-2.94693,1.0001333
HAT-P-7 b,-2.93058,1.0002772
HAT-P-7 b,-2.91423,0.9998557
HAT-P-7 b,-2.89789,1.0001916
HAT-P-7 b,-2.88154,0.9999880
HAT-P-7 b,-2.86519,1.0000190
HAT-P-7 b,-2.84885,0.9996776
HAT-P-7 b,-2.83250,0.9995804
HAT-P-7 b,-2.81615,0.9997581
HAT-P-7 b,-2.79981,0.9997390
HAT-P-7 b,-2.78346,0.9995198
HAT-P-7 b,-2.76711,0.9998095
HAT-P-7 b,-2.75077,0.9997588
HAT-P-7 b,-2.73442,0.9998044
HAT-P-7 b,-2.71807,0.9999720
HAT-P-7 b,-2.70173,0.9997012
HAT-P-7 b,-2.68538,0.9997750
HAT-P-7 b,-2.66903,0.9999412
HAT-P-7 b,-2.65269,0.9996683
HAT-P-7 b,-2.63634,0.9998045
HAT-P-7 b,-2.61999,0.9997186
HAT-P-7 b,-2.60365,0.9999519
HAT-P-7 b,-2.58730,1.0000346
HAT-P-7 b,-2.57095,0.9997950
HAT-P-7 b,-2.55461,0.9998028
HAT-P-7 b,-2.53826,0.9997353
HAT-P-7 b,-2.52191,0.9999330
HAT-P-7 b,-2.50557,1.0001199
HAT-P-7 b,-2.48922,1.0001012
HAT-P-7 b,-2.47287,1.0000951
HAT-P-7 b,-2.45653,1.0000611
HAT-P-7 b,-2.44018,1.0003300
HAT-P-7 b,-2.42383,1.0002245
HAT-P-7 b,-2.40749,0.9998722
HAT-P-7 b,-2.39114,0.9996830
HAT-P-7 b,-2.37479,0.9998514
HAT-P-7 b,-2.35845,0.9997781
HAT-P-7 b,-2.34210,0.9997582
HAT-P-7 b,-2.32576,1.0000544
HAT-P-7 b,-2.30941,0.9999368
HAT-P-7 b,-2.29306,0.9997241
HAT-P-7 b,-2.27672,0.9998569
HAT-P-7 b,-2.26037,1.0000095
HAT-P-7 b,-2.24402,0.9998380
HAT-P-7 b,-2.22768,0.9996591
HAT-P-7 b,-2.21133,1.0001162
HAT-P-7 b,-2.19498,1.0003238
HAT-P-7 b,-2.17864,1.0000167
HAT-P-7 b,-2.16229,0.9999246
HAT-P-7 b,-2.14594,1.0000541
HAT-P-7 b,-2.12959,1.0001032
HAT-P-7 b,-2.11325,1.0000582
HAT-P-7 b,-2.09690,1.0001733
HAT-P-7 b,-2.08056,0.9999892
HAT-P-7 b,-2.06421,1.0002703
HAT-P-7 b,-2.04786,1.0000455
HAT-P-7 b,-2.03152,1.0000359
HAT-P-7 b,-2.01517,0.9999890
HAT-P-7 b,-1.99882,1.0001225
HAT-P-7 b,-1.98247,0.9999759
HAT-P-7 b,-1.96613,0.9998497
HAT-P-7 b,-1.94978,0.9999872
HAT-P-7 b,-1.93344,0.9998251
HAT-P-7 b,-1.91709,0.9997120
HAT-P-7 b,-1.90074,0.9994287
HAT-P-7 b,-1.88439,0.9992001
HAT-P-7 b,-1.86805,0.9988929
HAT-P-7 b,-1.85170,0.9987056
HAT-P-7 b,-1.83536,0.9986482
HAT-P-7 b,-1.81901,0.9983671
HAT-P-7 b,-1.80266,0.9979801
HAT-P-7 b,-1.78632,0.9978150
HAT-P-7 b,-1.76997,0.9974926
HAT-P-7 b,-1.75362,0.9971266
HAT-P-7 b,-1.73727,0.9968926
HAT-P-7 b,-1.72093,0.9968031
HAT-P-7 b,-1.70458,0.9964080
HAT-P-7 b,-1.68824,0.9961381
HAT-P-7 b,-1.67189,0.9958727
HAT-P-7 b,-1.65554,0.9957445
HAT-P-7 b,-1.63920,0.9953081
HAT-P-7 b,-1.62285,0.9951802
HAT-P-7 b,-1.60650,0.9950433
HAT-P-7 b,-1.59015,0.9950002
HAT-P-7 b,-1.57381,0.9952328
HAT-P-7 b,-1.55746,0.9947725
HAT-P-7 b,-1.54112,0.9948430
HAT-P-7 b,-1.52477,0.9951048
HAT-P-7 b,-1.50842,0.9947862
HAT-P-7 b,-1.49207,0.9947795
HAT-P-7 b,-1.47573,0.9945617
HAT-P-7 b,-1.45938,0.9942762
HAT-P-7 b,-1.44304,0.9946306
HAT-P-7 b,-1.42669,0.9945405
HAT-P-7 b,-1.41034,0.9946045
HAT-P-7 b,-1.39400,0.9945689
HAT-P-7 b,-1.37765,0.9945351
HAT-P-7 b,-1.36130,0.9942066
HAT-P-7 b,-1.34495,0.9942870
HAT-P-7 b,-1.32861,0.9940169
HAT-P-7 b,-1.31226,0.9941394
HAT-P-7 b,-1.29592,0.9944889
HAT-P-7 b,-1.27957,0.9939334
HAT-P-7 b,-1.26322,0.9941471
HAT-P-7 b,-1.24687,0.9940369
HAT-P-7 b,-1.23053,0.9942284
HAT-P-7 b,-1.21418,0.9942445
HAT-P-7 b,-1.19783,0.9939814
HAT-P-7 b,-1.18149,0.9935620
HAT-P-7 b,-1.16514,0.9937004
HAT-P-7 b,-1.14880,0.9938110
HAT-P-7 b,-1.13245,0.9940000
HAT-P-7 b,-1.11610,0.9936992
HAT-P-7 b,-1.09975,0.9937671
HAT-P-7 b,-1.08341,0.9938598
HAT-P-7 b,-1.06706,0.9937578
HAT-P-7 b,-1.05071,0.9934539
HAT-P-7 b,-1.03437,0.9936313
HAT-P-7 b,-1.01802,0.9935395
HAT-P-7 b,-1.00168,0.9939800
HAT-P-7 b,-0.98533,0.9936959
HAT-P-7 b,-0.96898,0.9937804
HAT-P-7 b,-0.95263,0.9937469
HAT-P-7 b,-0.93629,0.9935637
HAT-P-7 b,-0.91994,0.9938402
HAT-P-7 b,-0.90360,0.9936488
HAT-P-7 b,-0.88725,0.9937397
HAT-P-7 b,-0.87090,0.9935465
HAT-P-7 b,-0.85456,0.9936816
HAT-P-7 b,-0.83821,0.9935106
HAT-P-7 b,-0.82186,0.9934348
HAT-P-7 b,-0.80552,0.9937197
HAT-P-7 b,-0.78917,0.9935638
HAT-P-7 b,-0.77282,0.9935813
HAT-P-7 b,-0.75648,0.9934091
HAT-P-7 b,-0.74013,0.9933564
HAT-P-7 b,-0.72378,0.9933897
HAT-P-7 b,-0.70744,0.9935193
HAT-P-7 b,-0.69109,0.9936487
HAT-P-7 b,-0.67474,0.9935359
HAT-P-7 b,-0.65840,0.9935109
HAT-P-7 b,-0.64205,0.9933740
HAT-P-7 b,-0.62570,0.9929725
HAT-P-7 b,-0.60936,0.9935313
HAT-P-7 b,-0.59301,0.9935440
HAT-P-7 b,-0.57666,0.9933981
HAT-P-7 b,-0.56032,0.9933052
HAT-P-7 b,-0.54397,0.9933027
HAT-P-7 b,-0.52762,0.9935019
HAT-P-7 b,-0.51128,0.9932984
HAT-P-7 b,-0.49493,0.9935679
HAT-P-7 b,-0.47858,0.9934090
HAT-P-7 b,-0.46224,0.9934287
HAT-P-7 b,-0.44589,0.9929930
HAT-P-7 b,-0.42954,0.9933497
HAT-P-7 b,-0.41320,0.9936343
HAT-P-7 b,-0.39685,0.9935157
HAT-P-7 b,-0.38050,0.9934327
HAT-P-7 b,-0.36416,0.9933615
HAT-P-7 b,-0.34781,0.9932318
HAT-P-7 b,-0.33146,0.9931199
HAT-P-7 b,-0.31512,0.9936425
HAT-P-7 b,-0.29877,0.9931611
HAT-P-7 b,-0.28242,0.9932986
HAT-P-7 b,-0.26608,0.9933133
HAT-P-7 b,-0.24973,0.9933554
HAT-P-7 b,-0.23338,0.9930270
HAT-P-7 b,-0.21704,0.9932050
HAT-P-7 b,-0.20069,0.9932136
HAT-P-7 b,-0.18434,0.9934177
HAT-P-7 b,-0.16800,0.9933708
HAT-P-7 b,-0.15165,0.9931640
HAT-P-7 b,-0.13530,0.9932876
HAT-P-7 b,-0.11896,0.9935548
HAT-P-7 b,-0.10261,0.9934258
HAT-P-7 b,-0.08626,0.9931050
HAT-P-7 b,-0.06992,0.9932754
HAT-P-7 b,-0.05357,0.9932461
HAT-P-7 b,-0.03722,0.9934406
HAT-P-7 b,-0.02088,0.9932139
HAT-P-7 b,-0.00453,0.9932169
HAT-P-7 b,0.01181,0.9933119
HAT-P-7 b,0.02816,0.9930568
HAT-P-7 b,0.04451,0.9933598
HAT-P-7 b,0.06085,0.9930399
HAT-P-7 b,0.07720,0.9933633
HAT-P-7 b,0.09355,0.9933190
HAT-P-7 b,0.10990,0.9932969
HAT-P-7 b,0.12624,0.9933629
HAT-P-7 b,0.14259,0.9933104
HAT-P-7 b,0.15893,0.9932502
HAT-P-7 b,0.17528,0.9928181
HAT-P-7 b,0.19163,0.9932909
HAT-P-7 b,0.20798,0.9933374
HAT-P-7 b,0.22432,0.9933787
HAT-P-7 b,0.24067,0.9934498
HAT-P-7 b,0.25702,0.9934877
HAT-P-7 b,0.27336,0.9935548
HAT-P-7 b,0.28971,0.9934373
HAT-P-7 b,0.30606,0.9934192
HAT-P-7 b,0.32240,0.9937389
HAT-P-7 b,0.33875,0.9935489
HAT-P-7 b,0.35510,0.9934174
HAT-P-7 b,0.37144,0.9934551
HAT-P-7 b,0.38779,0.9933892
HAT-P-7 b,0.40413,0.9930534
HAT-P-7 b,0.42048,0.9933758
HAT-P-7 b,0.43683,0.9934303
HAT-P-7 b,0.45318,0.9932119
HAT-P-7 b,0.46952,0.9934333
HAT-P-7 b,0.48587,0.9931951
HAT-P-7 b,0.50222,0.9933440
HAT-P-7 b,0.51856,0.9934344
HAT-P-7 b,0.53491,0.9934660
HAT-P-7 b,0.55125,0.9935553
HAT-P-7 b,0.56760,0.9934553
HAT-P-7 b,0.58395,0.9933775
HAT-P-7 b,0.60030,0.9937254
HAT-P-7 b,0.61664,0.9937360
HAT-P-7 b,0.63299,0.9934827
HAT-P-7 b,0.64934,0.9934945
HAT-P-7 b,0.66568,0.9934231
HAT-P-7 b,0.68203,0.9932348
HAT-P-7 b,0.69837,0.9933770
HAT-P-7 b,0.71472,0.9932452
HAT-P-7 b,0.73107,0.9932707
HAT-P-7 b,0.74742,0.9933799
HAT-P-7 b,0.76376,0.9936005
HAT-P-7 b,0.78011,0.9936619
HAT-P-7 b,0.79646,0.9934487
HAT-P-7 b,0.81280,0.9935855
HAT-P-7 b,0.82915,0.9935648
HAT-P-7 b,0.84550,0.9930348
HAT-P-7 b,0.86184,0.9935370
HAT-P-7 b,0.87819,0.9934698
HAT-P-7 b,0.89454,0.9938652
HAT-P-7 b,0.91088,0.9937736
HAT-P-7 b,0.92723,0.9935621
HAT-P-7 b,0.94357,0.9936608
HAT-P-7 b,0.95992,0.9935655
HAT-P-7 b,0.97627,0.9937247
HAT-P-7 b,0.99262,0.9938130
HAT-P-7 b,1.00896,0.9938419
HAT-P-7 b,1.02531,0.9938766
HAT-P-7 b,1.04166,0.9937245
HAT-P-7 b,1.05800,0.9941320
HAT-P-7 b,1.07435,0.9938203
HAT-P-7 b,1.09070,0.9941849
HAT-P-7 b,1.10704,0.9939595
HAT-P-7 b,1.12339,0.9939793
HAT-P-7 b,1.13974,0.9942355
HAT-P-7 b,1.15608,0.9939279
HAT-P-7 b,1.17243,0.9938373
HAT-P-7 b,1.18878,0.9941041
HAT-P-7 b,1.20512,0.9941448
HAT-P-7 b,1.22147,0.9940836
HAT-P-7 b,1.23782,0.9942572
HAT-P-7 b,1.25416,0.9941496
HAT-P-7 b,1.27051,0.9942507
HAT-P-7 b,1.28686,0.9945423
HAT-P-7 b,1.30320,0.9940310
HAT-P-7 b,1.31955,0.9941560
HAT-P-7 b,1.33589,0.9941997
HAT-P-7 b,1.35224,0.9942375
HAT-P-7 b,1.36859,0.9943053
HAT-P-7 b,1.38493,0.9940867
HAT-P-7 b,1.40128,0.9942305
HAT-P-7 b,1.41763,0.9942386
HAT-P-7 b,1.43398,0.9945022
HAT-P-7 b,1.45032,0.9942916
HAT-P-7 b,1.46667,0.9945464
HAT-P-7 b,1.48301,0.9949111
HAT-P-7 b,1.49936,0.9947062
HAT-P-7 b,1.51571,0.9949820
HAT-P-7 b,1.53206,0.9945626
HAT-P-7 b,1.54840,0.9949839
HAT-P-7 b,1.56475,0.9947436
HAT-P-7 b,1.58110,0.9947969
HAT-P-7 b,1.59744,0.9953078
HAT-P-7 b,1.61379,0.9951841
HAT-P-7 b,1.63014,0.9953461
HAT-P-7 b,1.64648,0.9957880
HAT-P-7 b,1.66283,0.9958416
HAT-P-7 b,1.67918,0.9962386
HAT-P-7 b,1.69552,0.9963267
HAT-P-7 b,1.71187,0.9966571
HAT-P-7 b,1.72821,0.9968908
HAT-P-7 b,1.74456,0.9974611
HAT-P-7 b,1.76091,0.9974576
HAT-P-7 b,1.77726,0.9978099
HAT-P-7 b,1.79360,0.9982696
HAT-P-7 b,1.80995,0.9983665
HAT-P-7 b,1.82630,0.9986998
HAT-P-7 b,1.84264,0.9986325
HAT-P-7 b,1.85899,0.9989403
HAT-P-7 b,1.87533,0.9991131
HAT-P-7 b,1.89168,0.9996040
HAT-P-7 b,1.90803,0.9996621
HAT-P-7 b,1.92437,0.9996796
HAT-P-7 b,1.94072,1.0001068
HAT-P-7 b,1.95707,1.0004286
HAT-P-7 b,1.97341,0.9996052
HAT-P-7 b,1.98976,1.0000685
HAT-P-7 b,2.00611,0.9998479
HAT-P-7 b,2.02245,0.9997391
HAT-P-7 b,2.03880,0.9999886
HAT-P-7 b,2.05515,0.9998649
HAT-P-7 b,2.07149,0.9997298
HAT-P-7 b,2.08784,0.9999495
HAT-P-7 b,2.10419,0.9997933
HAT-P-7 b,2.12053,0.9997856
HAT-P-7 b,2.13688,0.9999802
HAT-P-7 b,2.15323,1.0002059
HAT-P-7 b,2.16957,1.0000333
HAT-P-7 b,2.18592,0.9999233
HAT-P-7 b,2.20227,1.0001028
HAT-P-7 b,2.21861,0.9998514
HAT-P-7 b,2.23496,0.9997117
HAT-P-7 b,2.25131,1.0000383
HAT-P-7 b,2.26765,1.0001396
HAT-P-7 b,2.28400,1.0001370
HAT-P-7 b,2.30035,0.9997819
HAT-P-7 b,2.31669,0.9999831
HAT-P-7 b,2.33304,0.9999902
HAT-P-7 b,2.34939,0.9998309
HAT-P-7 b,2.36573,1.0000369
HAT-P-7 b,2.38208,0.9997348
HAT-P-7 b,2.39843,0.9999331
HAT-P-7 b,2.41477,0.9996406
HAT-P-7 b,2.43112,0.9999620
HAT-P-7 b,2.44747,1.0001397
HAT-P-7 b,2.46381,1.0000776
HAT-P-7 b,2.48016,1.0001625
HAT-P-7 b,2.49651,1.0000056
HAT-P-7 b,2.51286,1.0000094
HAT-P-7 b,2.52920,1.0002836
HAT-P-7 b,2.54555,0.9997089
HAT-P-7 b,2.56189,0.9997958
HAT-P-7 b,2.57824,0.9998467
HAT-P-7 b,2.59459,1.0000301
HAT-P-7 b,2.61093,0.9999764
HAT-P-7 b,2.62728,0.9999779
HAT-P-7 b,2.64363,1.0000314
HAT-P-7 b,2.65997,1.0001401
HAT-P-7 b,2.67632,1.0002627
HAT-P-7 b,2.69267,1.0001016
HAT-P-7 b,2.70901,1.0002803
HAT-P-7 b,2.72536,1.0002537
HAT-P-7 b,2.74171,1.0000891
HAT-P-7 b,2.75805,1.0000590
HAT-P-7 b,2.77440,1.0002820
HAT-P-7 b,2.79074,1.0002017
HAT-P-7 b,2.80709,1.0000807
HAT-P-7 b,2.82344,0.9998746
HAT-P-7 b,2.83979,1.0000037
HAT-P-7 b,2.85613,0.9998800
HAT-P-7 b,2.87248,1.0002164
HAT-P-7 b,2.88883,0.9997842
HAT-P-7 b,2.90518,0.9998426
HAT-P-7 b,2.92152,0.9999547
HAT-P-7 b,2.93787,0.9999837
HAT-P-7 b,2.95421,0.9998336
HAT-P-7 b,2.97056,0.9994666
HAT-P-7 b,2.98691,0.9998600
HAT-P-7 b,3.00325,0.9996615
HAT-P-7 b,3.01960,0.9997260
HAT-P-7 b,3.03595,0.9996885
HAT-P-7 b,3.05229,0.9997046
HAT-P-7 b,3.06864,0.9999760
HAT-P-7 b,3.08499,1.0000413
HAT-P-7 b,3.10133,1.0001454
HAT-P-7 b,3.11768,1.0002168
HAT-P-7 b,3.13403,0.9998879
HAT-P-7 b,3.15038,0.9997723
HAT-P-7 b,3.16672,0.9997293
HAT-P-7 b,3.18307,0.9998903
HAT-P-7 b,3.19941,0.9997590
HAT-P-7 b,3.21576,0.9998797
HAT-P-7 b,3.23211,0.9997664
HAT-P-7 b,3.24845,1.0000528
HAT-P-7 b,3.26480,0.9997211
HAT-P-7 b,3.28115,0.9998078
HAT-P-7 b,3.29749,0.9998880
HAT-P-7 b,3.31384,1.0001199
HAT-P-7 b,3.33019,1.0000123
HAT-P-7 b,3.34653,0.9997030
HAT-P-7 b,3.36288,0.9999435
HAT-P-7 b,3.37923,0.9998820
HAT-P-7 b,3.39557,0.9996095
HAT-P-7 b,3.41192,1.0000648
HAT-P-7 b,3.42827,1.0000469
HAT-P-7 b,3.44461,0.9999792
HAT-P-7 b,3.46096,0.9995750
HAT-P-7 b,3.47731,0.9999216
HAT-P-7 b,3.49365,0.9998436
HAT-P-7 b,3.51000,1.0001347
HAT-P-7 b,3.52635,0.9999347
HAT-P-7 b,3.54269,0.9997223
HAT-P-7 b,3.55904,0.9998684
HAT-P-7 b,3.57539,0.9999359
HAT-P-7 b,3.59173,1.0000153
HAT-P-7 b,3.60808,0.9999680
HAT-P-7 b,3.62443,1.0001491
HAT-P-7 b,3.64077,1.0001455
HAT-P-7 b,3.65712,0.9998874
HAT-P-7 b,3.67347,0.9998507
HAT-P-7 b,3.68981,0.9998294
HAT-P-7 b,3.70616,1.0003406
HAT-P-7 b,3.72251,1.0003186
HAT-P-7 b,3.73885,1.0002575
HAT-P-7 b,3.75520,1.0003283
HAT-P-7 b,3.77155,0.9999911
HAT-P-7 b,3.78789,0.9998954
HAT-P-7 b,3.80424,0.9998462
HAT-P-7 b,3.82059,1.0001316
HAT-P-7 b,3.83693,1.0001292
HAT-P-7 b,3.85328,1.0000142
HAT-P-7 b,3.86963,1.0003450
HAT-P-7 b,3.88597,0.9998586
HAT-P-7 b,3.90232,1.0000319
HAT-P-7 b,3.91867,0.9998928
HAT-P-7 b,3.93501,0.9997432
HAT-P-7 b,3.95136,1.0000590
HAT-P-7 b,3.96771,1.0000108
HAT-P-7 b,3.98405,1.0000128
HAT-P-7 b,4.00040,1.0001237
HAT-P-7 b,4.01675,1.0002826
HAT-P-7 b,4.03309,1.0001988
HAT-P-7 b,4.04944,0.9999896
HAT-P-7 b,4.06579,0.9998364
HAT-P-7 b,4.08213,1.0000299
HAT-P-7 b,4.09848,1.0003127
HAT-P-7 b,4.11483,0.9998766
HAT-P-7 b,4.13117,0.9998498
HAT-P-7 b,4.14752,1.0000807
HAT-P-7 b,4.16386,1.0000180
HAT-P-7 b,4.18021,0.9998385
HAT-P-7 b,4.19656,1.0001016
HAT-P-7 b,4.21291,1.0000378
HAT-P-7 b,4.22925,0.9999160
HAT-P-7 b,4.24560,0.9998283
HAT-P-7 b,4.26194,0.9999572
HAT-P-7 b,4.27829,1.0000955
HAT-P-7 b,4.29464,1.0001044
HAT-P-7 b,4.31098,0.9997202
HAT-P-7 b,4.32733,0.9994919
HAT-P-7 b,4.34368,1.0000057
HAT-P-7 b,4.36003,0.9998734
HAT-P-7 b,4.37637,0.9995571
HAT-P-7 b,4.39272,0.9997662
HAT-P-7 b,4.40906,0.9999483
HAT-P-7 b,4.42541,0.9998926
HAT-P-7 b,4.44176,1.0003156
HAT-P-7 b,4.45810,0.9998535
HAT-P-7 b,4.47445,1.0002774
HAT-P-7 b,4.49080,1.0001986
HAT-P-7 b,4.50714,1.0001081
HAT-P-7 b,4.52349,1.0002613
HAT-P-7 b,4.53984,1.0000554
HAT-P-7 b,4.55618,0.9998777
HAT-P-7 b,4.57253,1.0001166
HAT-P-7 b,4.58888,0.9999898
HAT-P-7 b,4.60523,0.9998967
HAT-P-7 b,4.62157,1.0000172
HAT-P-7 b,4.63792,1.0001964
HAT-P-7 b,4.65426,1.0000848
HAT-P-7 b,4.67061,1.0000912
HAT-P-7 b,4.68696,0.9998108
HAT-P-7 b,4.70330,1.0001990
HAT-P-7 b,4.71965,0.9998870
HAT-P-7 b,4.73600,0.9997907
HAT-P-7 b,4.75235,0.9999727
HAT-P-7 b,4.76869,0.9999748
HAT-P-7 b,4.78504,1.0000337
HAT-P-7 b,4.80138,0.9996720
HAT-P-7 b,4.81773,0.9999648
HAT-P-7 b,4.83408,0.9998304
HAT-P-7 b,4.85042,0.9999368
HAT-P-7 b,4.86677,0.9997764
HAT-P-7 b,4.88312,0.9999622
HAT-P-7 b,4.89946,1.0000905
HAT-P-7 b,4.91581,1.0000117
HAT-P-7 b,4.93216,1.0000932
HAT-P-7 b,4.94850,0.9997843
HAT-P-7 b,4.96485,0.9999723
HAT-P-7 b,4.98120,0.9998849
HAT-P-7 b,4.99755,0.9997420
HAT-P-7 b,5.01389,1.0000439
HAT-P-7 b,5.03024,0.9998451
HAT-P-7 b,5.04658,1.0001359
HAT-P-7 b,5.06293,1.0002123
HAT-P-7 b,5.07928,0.9999670
HAT-P-7 b,5.09562,0.9999955
HAT-P-7 b,5.11197,0.9999594
HAT-P-7 b,5.12832,1.0000937
HAT-P-7 b,5.14467,0.9999075
HAT-P-7 b,5.16101,0.9997567
HAT-P-7 b,5.17736,0.9997194
HAT-P-7 b,5.19370,0.9995589
HAT-P-7 b,5.21005,0.9998454
HAT-P-7 b,5.22640,0.9997791
HAT-P-7 b,5.24275,0.9999776
HAT-P-7 b,5.25909,1.0002044
HAT-P-7 b,5.27544,0.9998920
HAT-P-7 b,5.29178,0.9999187
HAT-P-7 b,5.30813,0.9999610
HAT-P-7 b,5.32448,1.0002308
HAT-P-7 b,5.34082,1.0000036
HAT-P-7 b,5.35717,0.9998199
HAT-P-7 b,5.37352,1.0002624
HAT-P-7 b,5.38987,1.0000641
HAT-P-7 b,5.40621,0.9999277
HAT-P-7 b,5.42256,1.0000977
HAT-P-7 b,5.43890,0.9998861
HAT-P-7 b,5.45525,0.9999710
HAT-P-7 b,5.47160,1.0000233
HAT-P-7 b,5.48794,1.0000630
HAT-P-7 b,5.50429,0.9998675
HAT-P-7 b,5.52064,0.9999421
HAT-P-7 b,5.53699,1.0001790
HAT-P-7 b,5.55333,0.9995989
HAT-P-7 b,5.56968,1.0001104
HAT-P-7 b,5.58602,1.0000586
HAT-P-7 b,5.60237,1.0001962
HAT-P-7 b,5.61872,0.9999388
HAT-P-7 b,5.63506,0.9998738
HAT-P-7 b,5.65141,1.0001728
HAT-P-7 b,5.66776,1.0001005
HAT-P-7 b,5.68411,1.0000273
HAT-P-7 b,5.70045,1.0001595
HAT-P-7 b,5.71680,1.0000189
HAT-P-7 b,5.73314,1.0001806
HAT-P-7 b,5.74949,0.9998467
HAT-P-7 b,5.76584,1.0002223
HAT-P-7 b,5.78219,0.9998608
HAT-P-7 b,5.79853,0.9998137
HAT-P-7 b,5.81488,1.0002724
HAT-P-7 b,5.83122,1.0002115
HAT-P-7 b,5.84757,1.0001686
HAT-P-7 b,5.86392,1.0001986
HAT-P-7 b,5.88026,0.9998435
HAT-P-7 b,5.89661,0.9999456
HAT-P-7 b,5.91296,0.9998322
HAT-P-7 b,5.92931,0.9989855
HAT-P-7 b,5.94565,1.0000020
HAT-P-7 b,5.96200,0.9997364
HAT-P-7 b,5.97834,0.9998089
HAT-P-7 b,5.99469,0.9999201
HAT-P-7 b,6.01104,0.9998643
HAT-P-7 b,6.02738,0.9998449
HAT-P-7 b,6.04373,0.9999264
HAT-P-7 b,6.06008,0.9995688
HAT-P-7 b,6.07642,1.0001780
HAT-P-7 b,6.09277,0.9997821
HAT-P-7 b,6.10912,0.9999182
HAT-P-7 b,6.12546,1.0000853
HAT-P-7 b,6.14181,0.9998968
HAT-P-7 b,6.15816,0.9999924
HAT-P-7 b,6.17450,0.9999198
HAT-P-7 b,6.19085,0.9998717
HAT-P-7 b,6.20720,0.9996834
HAT-P-7 b,6.22354,0.9998346
HAT-P-7 b,6.23989,1.0000304
HAT-P-7 b,6.25624,0.9999727
HAT-P-7 b,6.27258,0.9999480
HAT-P-7 b,6.28893,1.0000308
HAT-P-7 b,6.30528,0.9999559
HAT-P-7 b,6.32162,0.9998420
HAT-P-7 b,6.33797,0.9996429
HAT-P-7 b,6.35432,1.0001913
HAT-P-7 b,6.37066,1.0000995
HAT-P-7 b,6.38701,1.0000643
HAT-P-7 b,6.40336,1.0002087
HAT-P-7 b,6.41970,0.9999306
HAT-P-7 b,6.43605,1.0000080
HAT-P-7 b,6.45240,0.9999027
HAT-P-7 b,6.46874,0.9997754
HAT-P-7 b,6.48509,0.9997463
HAT-P-7 b,6.50143,1.0002473
HAT-P-7 b,6.51778,0.9999454
HAT-P-7 b,6.53413,0.9999924
HAT-P-7 b,6.55048,1.0000479
HAT-P-7 b,6.56682,0.9999496
HAT-P-7 b,6.58317,1.0000984
HAT-P-7 b,6.59952,1.0000222
HAT-P-7 b,6.61586,0.9999496
HAT-P-7 b,6.63221,1.0003592
HAT-P-7 b,6.64856,0.9999808
HAT-P-7 b,6.66490,1.0001229
HAT-P-7 b,6.68125,1.0002186
HAT-P-7 b,6.69760,0.9999639
HAT-P-7 b,6.71394,0.9997875
HAT-P-7 b,6.73029,1.0000361
HAT-P-7 b,6.74664,1.0001739
HAT-P-7 b,6.76298,1.0000209
HAT-P-7 b,6.77933,1.0001112
HAT-P-7 b,6.79568,0.9998143
HAT-P-7 b,6.81202,1.0002148
HAT-P-7 b,6.82837,1.0001665
HAT-P-7 b,6.84472,0.9999545
HAT-P-7 b,6.86106,1.0001893
HAT-P-7 b,6.87741,1.0000248
HAT-P-7 b,6.89375,1.0001920
HAT-P-7 b,6.91010,1.0002401
HAT-P-7 b,6.92645,0.9997318
HAT-P-7 b,6.94279,1.0001906
HAT-P-7 b,6.95914,1.0002185
HAT-P-7 b,6.97549,0.9998641
HAT-P-7 b,6.99184,1.0002560
HAT-P-7 b,7.00818,1.0001343
HAT-P-7 b,7.02453,0.9999859
HAT-P-7 b,7.04087,1.0001650
HAT-P-7 b,7.05722,1.0001385
HAT-P-7 b,7.07357,1.0000514
HAT-P-7 b,7.08992,0.9999708
HAT-P-7 b,7.10626,1.0001403
HAT-P-7 b,7.12261,1.0000769
HAT-P-7 b,7.13895,0.9997751
HAT-P-7 b,7.15530,0.9999689
HAT-P-7 b,7.17165,1.0001275
HAT-P-7 b,7.18799,0.9997638
HAT-P-7 b,7.20434,0.9998471
HAT-P-7 b,7.22069,0.9999169
HAT-P-7 b,7.23704,1.0000136
HAT-P-7 b,7.25338,0.9999695
HAT-P-7 b,7.26973,1.0000928
HAT-P-7 b,7.28607,0.9999683
HAT-P-7 b,7.30242,1.0001296
HAT-P-7 b,7.31877,0.9999299
HAT-P-7 b,7.33511,1.0000358
HAT-P-7 b,7.35146,0.9999456
HAT-P-7 b,7.36781,1.0002296
HAT-P-7 b,7.38416,0.9999211
HAT-P-7 b,7.40050,0.9996626
HAT-P-7 b,7.41685,1.0000305
HAT-P-7 b,7.43319,0.9999857
HAT-P-7 b,7.44954,0.9999674
HAT-P-7 b,7.46589,0.9999155
HAT-P-7 b,7.48224,0.9998390
HAT-P-7 b,7.49858,1.0001702
HAT-P-7 b,7.51493,1.0002189
HAT-P-7 b,7.53128,1.0002882
HAT-P-7 b,7.54762,0.9997506
HAT-P-7 b,7.56397,1.0000030
HAT-P-7 b,7.58031,0.9999497
HAT-P-7 b,7.59666,1.0002084
HAT-P-7 b,7.61301,1.0003575
HAT-P-7 b,7.62936,0.9997711
HAT-P-7 b,7.64570,1.0002041
HAT-P-7 b,7.66205,1.0003188
HAT-P-7 b,7.67839,1.0000726
HAT-P-7 b,7.69474,1.0001352
HAT-P-7 b,7.71109,1.0001479
HAT-P-7 b,7.72744,1.0001104
HAT-P-7 b,7.74378,0.9998491
HAT-P-7 b,7.76013,1.0002096
HAT-P-7 b,7.77648,1.0000104
HAT-P-7 b,7.79282,1.0000419
HAT-P-7 b,7.80917,0.9998949
HAT-P-7 b,7.82551,0.9997951
HAT-P-7 b,7.84186,0.9999893
HAT-P-7 b,7.85821,1.0001887
HAT-P-7 b,7.87456,1.0003078
HAT-P-7 b,7.89090,1.0000286
HAT-P-7 b,7.90725,1.0001500
HAT-P-7 b,7.92360,1.0001339
HAT-P-7 b,7.93994,1.0001856
HAT-P-7 b,7.95629,1.0002254
HAT-P-7 b,7.97263,1.0001944
HAT-P-7 b,7.98898,1.0002085
HAT-P-7 b,8.00533,0.9999475
HAT-P-7 b,8.02168,1.0000602
HAT-P-7 b,8.03802,0.9999823
HAT-P-7 b,8.05437,1.0001231
HAT-P-7 b,8.07071,0.9999784
HAT-P-7 b,8.08706,0.9998902
HAT-P-7 b,8.10341,1.0000411
HAT-P-7 b,8.11976,0.9999320
HAT-P-7 b,8.13610,1.0000293
HAT-P-7 b,8.15245,1.0001235
HAT-P-7 b,8.16880,0.9999774
HAT-P-7 b,8.18514,0.9998673
HAT-P-7 b,8.20149,0.9998439
HAT-P-7 b,8.21783,0.9999930
HAT-P-7 b,8.23418,0.9999568
HAT-P-7 b,8.25053,1.0000833
HAT-P-7 b,8.26688,0.9998690
HAT-P-7 b,8.28322,1.0001816
HAT-P-7 b,8.29957,0.9998965
HAT-P-7 b,8.31591,0.9997903
HAT-P-7 b,8.33226,0.9999938
HAT-P-7 b,8.34861,1.0001515
HAT-P-7 b,8.36495,0.9999060
HAT-P-7 b,8.38130,0.9999490
HAT-P-7 b,8.39765,0.9997795
HAT-P-7 b,-8.39004,0.9998745
HAT-P-7 b,-8.37369,1.0001905
HAT-P-7 b,-8.35734,1.0000281
HAT-P-7 b,-8.34100,1.0003788
HAT-P-7 b,-8.32465,0.9999626
HAT-P-7 b,-8.30831,1.0001553
HAT-P-7 b,-8.29196,0.9999978
HAT-P-7 b,-8.27561,1.0002633
HAT-P-7 b,-8.25927,1.0003199
HAT-P-7 b,-8.24292,0.9999515
HAT-P-7 b,-8.22657,1.0002824
HAT-P-7 b,-8.21023,1.0000660
HAT-P-7 b,-8.19388,1.0000328
HAT-P-7 b,-8.17753,0.9999952
HAT-P-7 b,-8.16119,1.0001820
HAT-P-7 b,-8.14484,0.9999524
HAT-P-7 b,-8.12849,0.9998384
HAT-P-7 b,-8.11215,0.9997968
HAT-P-7 b,-8.09580,1.0000636
HAT-P-7 b,-8.07945,0.9998791
HAT-P-7 b,-8.06311,0.9997315
HAT-P-7 b,-8.04676,0.9998707
HAT-P-7 b,-8.03041,1.0000584
HAT-P-7 b,-8.01406,1.0001697
HAT-P-7 b,-7.99772,0.9999001
HAT-P-7 b,-7.98137,1.0000934
HAT-P-7 b,-7.96503,1.0002539
HAT-P-7 b,-7.94868,1.0002198
HAT-P-7 b,-7.93233,1.0001895
HAT-P-7 b,-7.91599,0.9998327
HAT-P-7 b,-7.89964,0.9999071
HAT-P-7 b,-7.88329,1.0001378
HAT-P-7 b,-7.86695,1.0001436
HAT-P-7 b,-7.85060,1.0003453
HAT-P-7 b,-7.83425,1.0001952
HAT-P-7 b,-7.81791,1.0000893
HAT-P-7 b,-7.80156,1.0001351
HAT-P-7 b,-7.78521,1.0001141
HAT-P-7 b,-7.76887,1.0001592
HAT-P-7 b,-7.75252,1.0002078
HAT-P-7 b,-7.73617,0.9997073
HAT-P-7 b,-7.71983,1.0003899
HAT-P-7 b,-7.70348,1.0001244
HAT-P-7 b,-7.68713,0.9999533
HAT-P-7 b,-7.67079,0.9999359
HAT-P-7 b,-7.65444,1.0003676
HAT-P-7 b,-7.63809,1.0000908
HAT-P-7 b,-7.62175,0.9999031
HAT-P-7 b,-7.60540,0.9999948
HAT-P-7 b,-7.58905,0.9999265
HAT-P-7 b,-7.57271,0.9999042
HAT-P-7 b,-7.55636,1.0001328
HAT-P-7 b,-7.54001,0.9999490
HAT-P-7 b,-7.52367,0.9999037
HAT-P-7 b,-7.50732,0.9998959
HAT-P-7 b,-7.49097,1.0000104
HAT-P-7 b,-7.47463,0.9998971
HAT-P-7 b,-7.45828,1.0001849
HAT-P-7 b,-7.44194,1.0000034
HAT-P-7 b,-7.42559,0.9999955
HAT-P-7 b,-7.40924,1.0002175
HAT-P-7 b,-7.39289,0.9999705
HAT-P-7 b,-7.37655,1.0000319
HAT-P-7 b,-7.36020,0.9999968
HAT-P-7 b,-7.34385,1.0000225
HAT-P-7 b,-7.32751,1.0000597
HAT-P-7 b,-7.31116,1.0002228
HAT-P-7 b,-7.29482,0.9998208
HAT-P-7 b,-7.27847,1.0000024
HAT-P-7 b,-7.26212,1.0001040
HAT-P-7 b,-7.24577,1.0000635
HAT-P-7 b,-7.22943,0.9999394
HAT-P-7 b,-7.21308,1.0002326
HAT-P-7 b,-7.19674,1.0002206
HAT-P-7 b,-7.18039,0.9997176
HAT-P-7 b,-7.16404,1.0001247
HAT-P-7 b,-7.14769,1.0001309
HAT-P-7 b,-7.13135,1.0000163
HAT-P-7 b,-7.11500,1.0001683
HAT-P-7 b,-7.09865,1.0000747
HAT-P-7 b,-7.08231,1.0001657
HAT-P-7 b,-7.06596,1.0000744
HAT-P-7 b,-7.04961,1.0001281
HAT-P-7 b,-7.03327,1.0002354
HAT-P-7 b,-7.01692,1.0001507
HAT-P-7 b,-7.00058,1.0004489
HAT-P-7 b,-6.98423,0.9997574
HAT-P-7 b,-6.96788,1.0000127
HAT-P-7 b,-6.95153,1.0001986
HAT-P-7 b,-6.93519,1.0002739
HAT-P-7 b,-6.91884,1.0001394
HAT-P-7 b,-6.90250,1.0001718
HAT-P-7 b,-6.88615,1.0001696
HAT-P-7 b,-6.86980,0.9999988
HAT-P-7 b,-6.85345,1.0000883
HAT-P-7 b,-6.83711,0.9999888
HAT-P-7 b,-6.82076,1.0003245
HAT-P-7 b,-6.80442,0.9999252
HAT-P-7 b,-6.78807,1.0000049
HAT-P-7 b,-6.77172,0.9998023
HAT-P-7 b,-6.75538,0.9997224
HAT-P-7 b,-6.73903,1.0000450
HAT-P-7 b,-6.72268,0.9997124
HAT-P-7 b,-6.70633,0.9999183
HAT-P-7 b,-6.68999,0.9998776
HAT-P-7 b,-6.67364,0.9998206
HAT-P-7 b,-6.65730,0.9998025
HAT-P-7 b,-6.64095,1.0001471
HAT-P-7 b,-6.62460,0.9999797
HAT-P-7 b,-6.60826,1.0000551
HAT-P-7 b,-6.59191,1.0000403
HAT-P-7 b,-6.57556,1.0000295
HAT-P-7 b,-6.55921,0.9998936
HAT-P-7 b,-6.54287,1.0000459
HAT-P-7 b,-6.52652,1.0001182
HAT-P-7 b,-6.51018,1.0001990
HAT-P-7 b,-6.49383,1.0001115
HAT-P-7 b,-6.47748,0.9999788
HAT-P-7 b,-6.46114,0.9999781
HAT-P-7 b,-6.44479,1.0000184
HAT-P-7 b,-6.42844,1.0001321
HAT-P-7 b,-6.41210,0.9999547
HAT-P-7 b,-6.39575,0.9999317
HAT-P-7 b,-6.37940,0.9998325
HAT-P-7 b,-6.36306,0.9999246
HAT-P-7 b,-6.34671,0.9997515
HAT-P-7 b,-6.33036,1.0001217
HAT-P-7 b,-6.31402,0.9999346
HAT-P-7 b,-6.29767,0.9996750
HAT-P-7 b,-6.28132,0.9996089
HAT-P-7 b,-6.26498,0.9998079
HAT-P-7 b,-6.24863,1.0000927
HAT-P-7 b,-6.23228,0.9998647
HAT-P-7 b,-6.21594,0.9998827
HAT-P-7 b,-6.19959,0.9999498
HAT-P-7 b,-6.18324,1.0000574
HAT-P-7 b,-6.16689,1.0001355
HAT-P-7 b,-6.15055,1.0002055
HAT-P-7 b,-6.13420,0.9999469
HAT-P-7 b,-6.11786,1.0001583
HAT-P-7 b,-6.10151,1.0001144
HAT-P-7 b,-6.08516,0.9998936
HAT-P-7 b,-6.06882,1.0003644
HAT-P-7 b,-6.05247,1.0001012
HAT-P-7 b,-6.03612,1.0001555
HAT-P-7 b,-6.01978,1.0002987
HAT-P-7 b,-6.00343,1.0000867
HAT-P-7 b,-5.98708,0.9998630
HAT-P-7 b,-5.97074,0.9998720
HAT-P-7 b,-5.95439,0.9998645
HAT-P-7 b,-5.93804,0.9998307
HAT-P-7 b,-5.92170,1.0000044
HAT-P-7 b,-5.90535,1.0003308
HAT-P-7 b,-5.88901,1.0000795
HAT-P-7 b,-5.87266,0.9998328
HAT-P-7 b,-5.85631,1.0000723
HAT-P-7 b,-5.83996,1.0001323
HAT-P-7 b,-5.82362,0.9998678
HAT-P-7 b,-5.80727,0.9998393
HAT-P-7 b,-5.79092,1.0000233
HAT-P-7 b,-5.77458,1.0001701
HAT-P-7 b,-5.75823,0.9997593
HAT-P-7 b,-5.74189,1.0000492
HAT-P-7 b,-5.72554,1.0003003
HAT-P-7 b,-5.70919,0.9999788
HAT-P-7 b,-5.69284,1.0001167
HAT-P-7 b,-5.67650,0.9998708
HAT-P-7 b,-5.66015,0.9999929
HAT-P-7 b,-5.64380,1.0002314
HAT-P-7 b,-5.62746,1.0002765
HAT-P-7 b,-5.61111,0.9997345
HAT-P-7 b,-5.59477,1.0000369
HAT-P-7 b,-5.57842,0.9999704
HAT-P-7 b,-5.56207,1.0000379
HAT-P-7 b,-5.54572,1.0000697
HAT-P-7 b,-5.52938,1.0000818
HAT-P-7 b,-5.51303,1.0000587
HAT-P-7 b,-5.49668,1.0000969
HAT-P-7 b,-5.48034,0.9999123
HAT-P-7 b,-5.46399,1.0000060
HAT-P-7 b,-5.44764,0.9999216
HAT-P-7 b,-5.43130,0.9998770
HAT-P-7 b,-5.41495,1.0001005
HAT-P-7 b,-5.39860,0.9998891
HAT-P-7 b,-5.38226,0.9999836
HAT-P-7 b,-5.36591,1.0001718
HAT-P-7 b,-5.34957,0.9999749
HAT-P-7 b,-5.33322,1.0000669
HAT-P-7 b,-5.31687,0.9997999
HAT-P-7 b,-5.30052,0.9997982
HAT-P-7 b,-5.28418,0.9998670
HAT-P-7 b,-5.26783,0.9999704
HAT-P-7 b,-5.25148,1.0000536
HAT-P-7 b,-5.23514,1.0000713
HAT-P-7 b,-5.21879,0.9999199
HAT-P-7 b,-5.20245,0.9996170
HAT-P-7 b,-5.18610,1.0000915
HAT-P-7 b,-5.16975,0.9997651
HAT-P-7 b,-5.15340,0.9996844
HAT-P-7 b,-5.13706,0.9999132
HAT-P-7 b,-5.12071,0.9998859
HAT-P-7 b,-5.10436,0.9998246
HAT-P-7 b,-5.08802,0.9999499
HAT-P-7 b,-5.07167,0.9997663
HAT-P-7 b,-5.05533,0.9997811
HAT-P-7 b,-5.03898,0.9984212
HAT-P-7 b,-5.02263,1.0000123
HAT-P-7 b,-5.00628,0.9998811
HAT-P-7 b,-4.98994,0.9998881
HAT-P-7 b,-4.97359,1.0000625
HAT-P-7 b,-4.95725,0.9999882
HAT-P-7 b,-4.94090,1.0000809
HAT-P-7 b,-4.92455,0.9999648
HAT-P-7 b,-4.90820,0.9997791
HAT-P-7 b,-4.89186,0.9997745
HAT-P-7 b,-4.87551,0.9998228
HAT-P-7 b,-4.85916,1.0002902
HAT-P-7 b,-4.84282,1.0000328
HAT-P-7 b,-4.82647,1.0002139
HAT-P-7 b,-4.81013,1.0000056
HAT-P-7 b,-4.79378,0.9997418
HAT-P-7 b,-4.77743,0.9999590
HAT-P-7 b,-4.76109,0.9997439
HAT-P-7 b,-4.74474,0.9999406
HAT-P-7 b,-4.72839,0.9997788
HAT-P-7 b,-4.71205,1.0000514
HAT-P-7 b,-4.69570,0.9998583
HAT-P-7 b,-4.67935,1.0003244
HAT-P-7 b,-4.66301,0.9998739
HAT-P-7 b,-4.64666,0.9999988
HAT-P-7 b,-4.63031,1.0000339
HAT-P-7 b,-4.61397,1.0000989
HAT-P-7 b,-4.59762,1.0001444
HAT-P-7 b,-4.58127,1.0001906
HAT-P-7 b,-4.56493,0.9999127
HAT-P-7 b,-4.54858,0.9998808
HAT-P-7 b,-4.53223,0.9999694
HAT-P-7 b,-4.51589,0.9998083
HAT-P-7 b,-4.49954,0.9998300
HAT-P-7 b,-4.48319,0.9999779
HAT-P-7 b,-4.46685,0.9999023
HAT-P-7 b,-4.45050,1.0001096
HAT-P-7 b,-4.43415,0.9999465
HAT-P-7 b,-4.41781,0.9998093
HAT-P-7 b,-4.40146,0.9999175
HAT-P-7 b,-4.38511,1.0000477
HAT-P-7 b,-4.36877,1.0002104
HAT-P-7 b,-4.35242,1.0000429
HAT-P-7 b,-4.33607,1.0002336
HAT-P-7 b,-4.31973,1.0000250
HAT-P-7 b,-4.30338,1.0002889
HAT-P-7 b,-4.28703,0.9998008
HAT-P-7 b,-4.27069,0.9998821
HAT-P-7 b,-4.25434,1.0002815
HAT-P-7 b,-4.23799,1.0000231
HAT-P-7 b,-4.22165,0.9997185
HAT-P-7 b,-4.20530,0.9999290
HAT-P-7 b,-4.18895,0.9998687
HAT-P-7 b,-4.17261,0.9999421
HAT-P-7 b,-4.15626,0.9997465
HAT-P-7 b,-4.13991,0.9998813
HAT-P-7 b,-4.12357,0.9998836
HAT-P-7 b,-4.10722,0.9999769
HAT-P-7 b,-4.09087,0.9999297
HAT-P-7 b,-4.07453,0.9998703
HAT-P-7 b,-4.05818,1.0001603
HAT-P-7 b,-4.04183,0.9999771
HAT-P-7 b,-4.02549,0.9998873
HAT-P-7 b,-4.00914,0.9997711
HAT-P-7 b,-3.99279,0.9999260
HAT-P-7 b,-3.97645,0.9999843
HAT-P-7 b,-3.96010,1.0001666
HAT-P-7 b,-3.94376,0.9998743
HAT-P-7 b,-3.92741,0.9999376
HAT-P-7 b,-3.91106,0.9999115
HAT-P-7 b,-3.89472,0.9998716
HAT-P-7 b,-3.87837,1.0001273
HAT-P-7 b,-3.86202,0.9999009
HAT-P-7 b,-3.84568,0.9998160
HAT-P-7 b,-3.82933,1.0001338
HAT-P-7 b,-3.81298,1.0000867
HAT-P-7 b,-3.79663,0.9999958
HAT-P-7 b,-3.78029,1.0000443
HAT-P-7 b,-3.76394,1.0002262
HAT-P-7 b,-3.74760,1.0001080
HAT-P-7 b,-3.73125,0.9997426
HAT-P-7 b,-3.71490,0.9998801
HAT-P-7 b,-3.69855,1.0000484
HAT-P-7 b,-3.68221,0.9999554
HAT-P-7 b,-3.66586,0.9998443
HAT-P-7 b,-3.64951,1.0001993
HAT-P-7 b,-3.63317,1.0000645
HAT-P-7 b,-3.61682,1.0002505
HAT-P-7 b,-3.60048,0.9998861
HAT-P-7 b,-3.58413,1.0001608
HAT-P-7 b,-3.56778,1.0001780
HAT-P-7 b,-3.55143,1.0001958
HAT-P-7 b,-3.53509,1.0002702
HAT-P-7 b,-3.51874,1.0001253
HAT-P-7 b,-3.50240,1.0003085
HAT-P-7 b,-3.48605,1.0001406
HAT-P-7 b,-3.46970,1.0000541
HAT-P-7 b,-3.45336,1.0004424
HAT-P-7 b,-3.43701,1.0002398
HAT-P-7 b,-3.42066,1.0002783
HAT-P-7 b,-3.40432,1.0002508
HAT-P-7 b,-3.38797,1.0000633
HAT-P-7 b,-3.37162,0.9998853
HAT-P-7 b,-3.35528,0.9997737
HAT-P-7 b,-3.33893,0.9999718
HAT-P-7 b,-3.32258,0.9999246
HAT-P-7 b,-3.30624,1.0002153
HAT-P-7 b,-3.28989,0.9999798
HAT-P-7 b,-3.27354,0.9998546
HAT-P-7 b,-3.25720,0.9997743
HAT-P-7 b,-3.24085,0.9997631
HAT-P-7 b,-3.22450,0.9997932
HAT-P-7 b,-3.20816,1.0003242
HAT-P-7 b,-3.19181,1.0000929
HAT-P-7 b,-3.17546,1.0002678
HAT-P-7 b,-3.15912,0.9998705
HAT-P-7 b,-3.14277,0.9997941
HAT-P-7 b,-3.12642,1.0000856
HAT-P-7 b,-3.11008,0.9999855
HAT-P-7 b,-3.09373,1.0001075
HAT-P-7 b,-3.07738,1.0003022
HAT-P-7 b,-3.06104,1.0001994
HAT-P-7 b,-3.04469,1.0001002
HAT-P-7 b,-3.02834,1.0001568
HAT-P-7 b,-3.01200,1.0000730
HAT-P-7 b,-2.99565,1.0002320
HAT-P-7 b,-2.97930,1.0002017
HAT-P-7 b,-2.96296,0.9999162
HAT-P-7 b,-2.94661,1.0000548
HAT-P-7 b,-2.93026,0.9999930
HAT-P-7 b,-2.91392,0.9999813
HAT-P-7 b,-2.89757,1.0002168
HAT-P-7 b,-2.88122,0.9999038
HAT-P-7 b,-2.86488,1.0002486
HAT-P-7 b,-2.84853,1.0000235
HAT-P-7 b,-2.83218,0.9998600
HAT-P-7 b,-2.81584,1.0001915
HAT-P-7 b,-2.79949,1.0000970
HAT-P-7 b,-2.78314,1.0004633
HAT-P-7 b,-2.76680,0.9998062
HAT-P-7 b,-2.75045,0.9999573
HAT-P-7 b,-2.73410,0.9999973
HAT-P-7 b,-2.71776,1.0001766
HAT-P-7 b,-2.70141,0.9999629
HAT-P-7 b,-2.68507,1.0000847
HAT-P-7 b,-2.47256,1.0001922
HAT-P-7 b,-2.45621,1.0000543
HAT-P-7 b,-2.43987,1.0000495
HAT-P-7 b,-2.42352,0.9999084
HAT-P-7 b,-2.40717,1.0000336
HAT-P-7 b,-2.39083,1.0000623
HAT-P-7 b,-2.37448,1.0001628
HAT-P-7 b,-2.35813,1.0001733
HAT-P-7 b,-2.34178,0.9999768
HAT-P-7 b,-2.32544,0.9999224
HAT-P-7 b,-2.30909,0.9996843
HAT-P-7 b,-2.29275,1.0000349
HAT-P-7 b,-2.27640,1.0000164
HAT-P-7 b,-2.26005,1.0002146
HAT-P-7 b,-2.24371,1.0000926
HAT-P-7 b,-2.22736,0.9999799
HAT-P-7 b,-2.21101,0.9999246
HAT-P-7 b,-2.19466,0.9998299
HAT-P-7 b,-2.17832,0.9999828
HAT-P-7 b,-2.16197,0.9999209
HAT-P-7 b,-2.14563,0.9997707
HAT-P-7 b,-2.12928,0.9997870
HAT-P-7 b,-2.11293,1.0000300
HAT-P-7 b,-2.09658,0.9998040
HAT-P-7 b,-2.08024,1.0001588
HAT-P-7 b,-2.06389,0.9998840
HAT-P-7 b,-2.04755,0.9998314
HAT-P-7 b,-2.03120,1.0000410
HAT-P-7 b,-2.01485,0.9999367
HAT-P-7 b,-1.99851,1.0000999
HAT-P-7 b,-1.98216,0.9999299
HAT-P-7 b,-1.96581,1.0001626
HAT-P-7 b,-1.94946,0.9998215
HAT-P-7 b,-1.93312,0.9996845
HAT-P-7 b,-1.91677,0.9994917
HAT-P-7 b,-1.90043,0.9992278
HAT-P-7 b,-1.88408,0.9992785
HAT-P-7 b,-1.86773,0.9992242
HAT-P-7 b,-1.85139,0.9984891
HAT-P-7 b,-1.83504,0.9981157
HAT-P-7 b,-1.81869,0.9982607
HAT-P-7 b,-1.80234,0.9978655
HAT-P-7 b,-1.78600,0.9977206
HAT-P-7 b,-1.76965,0.9975315
HAT-P-7 b,-1.75331,0.9972969
HAT-P-7 b,-1.73696,0.9966454
HAT-P-7 b,-1.72061,0.9968216
HAT-P-7 b,-1.70427,0.9963598
HAT-P-7 b,-1.68792,0.9961115
HAT-P-7 b,-1.67157,0.9956915
HAT-P-7 b,-1.65523,0.9956279
HAT-P-7 b,-1.63888,0.9952679
HAT-P-7 b,-1.62253,0.9951387
HAT-P-7 b,-1.60619,0.9948670
HAT-P-7 b,-1.58984,0.9948104
HAT-P-7 b,-1.57349,0.9948551
HAT-P-7 b,-1.55715,0.9949337
HAT-P-7 b,-1.54080,0.9949006
HAT-P-7 b,-1.52446,0.9949073
HAT-P-7 b,-1.50811,0.9947671
HAT-P-7 b,-1.49176,0.9946248
HAT-P-7 b,-1.47541,0.9946946
HAT-P-7 b,-1.45907,0.9948777
HAT-P-7 b,-1.44272,0.9943639
HAT-P-7 b,-1.42637,0.9945163
HAT-P-7 b,-1.41002,0.9944910
HAT-P-7 b,-1.39368,0.9943793
HAT-P-7 b,-1.37733,0.9942694
HAT-P-7 b,-1.36099,0.9942280
HAT-P-7 b,-1.34464,0.9942788
HAT-P-7 b,-1.32829,0.9941343
HAT-P-7 b,-1.31195,0.9942929
HAT-P-7 b,-1.29560,0.9944670
HAT-P-7 b,-1.27925,0.9939633
HAT-P-7 b,-1.26291,0.9939821
HAT-P-7 b,-1.24656,0.9939589
HAT-P-7 b,-1.23021,0.9941320
HAT-P-7 b,-1.21387,0.9940285
HAT-P-7 b,-1.19752,0.9939727
HAT-P-7 b,-1.18117,0.9940321
HAT-P-7 b,-1.16483,0.9939226
HAT-P-7 b,-1.14848,0.9940956
HAT-P-7 b,-1.13214,0.9939132
HAT-P-7 b,-1.11579,0.9938997
HAT-P-7 b,-1.09944,0.9937732
HAT-P-7 b,-1.08309,0.9937111
HAT-P-7 b,-1.06675,0.9937076
HAT-P-7 b,-1.05040,0.9936601
HAT-P-7 b,-1.03405,0.9938472
HAT-P-7 b,-1.01771,0.9935814
HAT-P-7 b,-1.00136,0.9937054
HAT-P-7 b,-0.98502,0.9935107
HAT-P-7 b,-0.96867,0.9939059
HAT-P-7 b,-0.95232,0.9938360
HAT-P-7 b,-0.93597,0.9938028
HAT-P-7 b,-0.91963,0.9938782
HAT-P-7 b,-0.90328,0.9940042
HAT-P-7 b,-0.88693,0.9938611
HAT-P-7 b,-0.87059,0.9937744
HAT-P-7 b,-0.85424,0.9935815
HAT-P-7 b,-0.83790,0.9935049
HAT-P-7 b,-0.82155,0.9933514
HAT-P-7 b,-0.80520,0.9934028
HAT-P-7 b,-0.78885,0.9935264
HAT-P-7 b,-0.77251,0.9934513
HAT-P-7 b,-0.75616,0.9932555
HAT-P-7 b,-0.73982,0.9934714
HAT-P-7 b,-0.72347,0.9934016
HAT-P-7 b,-0.70712,0.9936296
HAT-P-7 b,-0.69077,0.9932218
HAT-P-7 b,-0.67443,0.9935420
HAT-P-7 b,-0.65808,0.9935670
HAT-P-7 b,-0.64173,0.9934101
HAT-P-7 b,-0.62539,0.9936128
HAT-P-7 b,-0.60904,0.9935259
HAT-P-7 b,-0.59270,0.9933901
HAT-P-7 b,-0.57635,0.9933897
HAT-P-7 b,-0.56000,0.9933430
HAT-P-7 b,-0.54365,0.9932624
HAT-P-7 b,-0.52731,0.9935041
HAT-P-7 b,-0.51096,0.9934288
HAT-P-7 b,-0.49461,0.9933275
HAT-P-7 b,-0.47827,0.9933609
HAT-P-7 b,-0.46192,0.9933075
HAT-P-7 b,-0.44558,0.9931019
HAT-P-7 b,-0.42923,0.9934604
HAT-P-7 b,-0.41288,0.9934177
HAT-P-7 b,-0.39654,0.9934080
HAT-P-7 b,-0.38019,0.9931990
HAT-P-7 b,-0.36384,0.9932659
HAT-P-7 b,-0.34749,0.9934844
HAT-P-7 b,-0.33115,0.9934346
HAT-P-7 b,-0.31480,0.9935102
HAT-P-7 b,-0.29846,0.9932835
HAT-P-7 b,-0.28211,0.9934709
HAT-P-7 b,-0.26576,0.9931896
HAT-P-7 b,-0.24942,0.9934609
HAT-P-7 b,-0.23307,0.9933165
HAT-P-7 b,-0.21672,0.9933237
HAT-P-7 b,-0.20038,0.9933883
HAT-P-7 b,-0.18403,0.9933299
HAT-P-7 b,-0.16768,0.9933048
HAT-P-7 b,-0.15134,0.9931021
HAT-P-7 b,-0.13499,0.9934709
HAT-P-7 b,-0.11864,0.9935878
HAT-P-7 b,-0.10229,0.9932910
HAT-P-7 b,-0.08595,0.9934539
HAT-P-7 b,-0.06960,0.9934584
HAT-P-7 b,-0.05326,0.9935553
HAT-P-7 b,-0.03691,0.9934951
HAT-P-7 b,-0.02056,0.9932474
HAT-P-7 b,-0.00421,0.9933680
HAT-P-7 b,0.01213,0.9932013
HAT-P-7 b,0.02848,0.9933744
HAT-P-7 b,0.04482,0.9933715
HAT-P-7 b,0.06117,0.9935763
HAT-P-7 b,0.07752,0.9932965
HAT-P-7 b,0.09386,0.9934578
HAT-P-7 b,0.11021,0.9933642
HAT-P-7 b,0.12656,0.9932814
HAT-P-7 b,0.14290,0.9933394
HAT-P-7 b,0.15925,0.9932956
HAT-P-7 b,0.17560,0.9934110
HAT-P-7 b,0.19194,0.9932395
HAT-P-7 b,0.20829,0.9932933
HAT-P-7 b,0.22464,0.9933526
HAT-P-7 b,0.24098,0.9932997
HAT-P-7 b,0.25733,0.9932927
HAT-P-7 b,0.27368,0.9936654
HAT-P-7 b,0.29002,0.9935331
HAT-P-7 b,0.30637,0.9931693
HAT-P-7 b,0.32272,0.9938381
HAT-P-7 b,0.33906,0.9933085
HAT-P-7 b,0.35541,0.9934233
HAT-P-7 b,0.37176,0.9934370
HAT-P-7 b,0.38810,0.9935861
HAT-P-7 b,0.40445,0.9931603
HAT-P-7 b,0.42080,0.9933406
HAT-P-7 b,0.43714,0.9931342
HAT-P-7 b,0.45349,0.9931940
HAT-P-7 b,0.46983,0.9929876
HAT-P-7 b,0.48618,0.9934294
HAT-P-7 b,0.50253,0.9934736
HAT-P-7 b,0.51888,0.9934578
HAT-P-7 b,0.53522,0.9933588
HAT-P-7 b,0.55157,0.9933330
HAT-P-7 b,0.56792,0.9932047
HAT-P-7 b,0.58426,0.9934986
HAT-P-7 b,0.60061,0.9934967
HAT-P-7 b,0.61696,0.9935075
HAT-P-7 b,0.63330,0.9932966
HAT-P-7 b,0.64965,0.9935562
HAT-P-7 b,0.66600,0.9933532
HAT-P-7 b,0.68234,0.9934404
HAT-P-7 b,0.69869,0.9934288
HAT-P-7 b,0.71504,0.9932213
HAT-P-7 b,0.73138,0.9934418
HAT-P-7 b,0.74773,0.9935115
HAT-P-7 b,0.76408,0.9937482
HAT-P-7 b,0.78042,0.9936134
HAT-P-7 b,0.79677,0.9935698
HAT-P-7 b,0.81312,0.9936031
HAT-P-7 b,0.82946,0.9937212
HAT-P-7 b,0.84581,0.9937135
HAT-P-7 b,0.86215,0.9935111
HAT-P-7 b,0.87850,0.9936098
HAT-P-7 b,0.89485,0.9937438
HAT-P-7 b,0.91119,0.9938252
HAT-P-7 b,0.92754,0.9937882
HAT-P-7 b,0.94389,0.9939167
HAT-P-7 b,0.96023,0.9939482
HAT-P-7 b,0.97658,0.9938340
HAT-P-7 b,0.99293,0.9937200
HAT-P-7 b,1.00927,0.9938474
HAT-P-7 b,1.02562,0.9937029
HAT-P-7 b,1.04197,0.9937968
HAT-P-7 b,1.05831,0.9939477
HAT-P-7 b,1.07466,0.9941115
HAT-P-7 b,1.09101,0.9939302
HAT-P-7 b,1.10735,0.9937364
HAT-P-7 b,1.12370,0.9937948
HAT-P-7 b,1.14005,0.9936426
HAT-P-7 b,1.15639,0.9939499
HAT-P-7 b,1.17274,0.9936620
HAT-P-7 b,1.18909,0.9936838
HAT-P-7 b,1.20543,0.9938632
HAT-P-7 b,1.22178,0.9938269
HAT-P-7 b,1.23813,0.9940213
HAT-P-7 b,1.25447,0.9943758
HAT-P-7 b,1.27082,0.9940687
HAT-P-7 b,1.28717,0.9943414
HAT-P-7 b,1.30351,0.9943506
HAT-P-7 b,1.31986,0.9940349
HAT-P-7 b,1.33621,0.9941898
HAT-P-7 b,1.35255,0.9943590
HAT-P-7 b,1.36890,0.9940011
HAT-P-7 b,1.38525,0.9942470
HAT-P-7 b,1.40159,0.9945131
HAT-P-7 b,1.41794,0.9945005
HAT-P-7 b,1.43429,0.9943527
HAT-P-7 b,1.45063,0.9946753
HAT-P-7 b,1.46698,0.9946161
HAT-P-7 b,1.48333,0.9946886
HAT-P-7 b,1.49967,0.9948214
HAT-P-7 b,1.51602,0.9945597
HAT-P-7 b,1.53237,0.9948902
HAT-P-7 b,1.54871,0.9950374
HAT-P-7 b,1.56506,0.9950717
HAT-P-7 b,1.58141,0.9949345
HAT-P-7 b,1.59775,0.9950031
HAT-P-7 b,1.61410,0.9952429
HAT-P-7 b,1.63045,0.9953621
HAT-P-7 b,1.64679,0.9954771
HAT-P-7 b,1.66314,0.9959659
HAT-P-7 b,1.67949,0.9962702
HAT-P-7 b,1.69583,0.9960507
HAT-P-7 b,1.71218,0.9964509
HAT-P-7 b,1.72853,0.9970131
HAT-P-7 b,1.74487,0.9972063
HAT-P-7 b,1.76122,0.9973939
HAT-P-7 b,1.77756,0.9976291
HAT-P-7 b,1.79391,0.9981071
HAT-P-7 b,1.81026,0.9980918
HAT-P-7 b,1.82660,0.9986040
HAT-P-7 b,1.84295,0.9986662
HAT-P-7 b,1.85930,0.9990438
HAT-P-7 b,1.87565,0.9991105
HAT-P-7 b,1.89199,0.9993098
HAT-P-7 b,1.90834,0.9995452
HAT-P-7 b,1.92468,0.9998799
HAT-P-7 b,1.94103,0.9998497
HAT-P-7 b,1.95738,0.9999870
HAT-P-7 b,1.97372,1.0001232
HAT-P-7 b,1.99007,0.9999174
HAT-P-7 b,2.00642,1.0000474
HAT-P-7 b,2.02277,1.0003353
HAT-P-7 b,2.03911,1.0000941
HAT-P-7 b,2.05546,0.9999669
HAT-P-7 b,2.07180,0.9999582
HAT-P-7 b,2.08815,1.0000464
HAT-P-7 b,2.10450,1.0000671
HAT-P-7 b,2.12085,1.0000415
HAT-P-7 b,2.13719,0.9999442
HAT-P-7 b,2.15354,1.0002284
HAT-P-7 b,2.16988,0.9997263
HAT-P-7 b,2.18623,0.9998700
HAT-P-7 b,2.20258,0.9997795
HAT-P-7 b,2.21892,1.0002288
HAT-P-7 b,2.23527,0.9999398
HAT-P-7 b,2.25162,1.0000516
HAT-P-7 b,2.26797,1.0002547
HAT-P-7 b,2.28431,0.9998547
HAT-P-7 b,2.30066,0.9997942
HAT-P-7 b,2.31700,0.9998194
HAT-P-7 b,2.33335,0.9996887
HAT-P-7 b,2.34970,1.0000119
HAT-P-7 b,2.36604,1.0000914
HAT-P-7 b,2.38239,1.0000846
HAT-P-7 b,2.39874,1.0001713
HAT-P-7 b,2.41509,0.9999248
HAT-P-7 b,2.43143,0.9999097
HAT-P-7 b,2.44778,1.0002337
HAT-P-7 b,2.46412,1.0002915
HAT-P-7 b,2.48047,0.9999396
HAT-P-7 b,2.49682,1.0000869
HAT-P-7 b,2.51316,1.0000506
HAT-P-7 b,2.52951,0.9999539
HAT-P-7 b,2.54586,0.9999897
HAT-P-7 b,2.56220,1.0000489
HAT-P-7 b,2.57855,1.0000132
HAT-P-7 b,2.59490,1.0000322
HAT-P-7 b,2.61124,1.0000130
HAT-P-7 b,2.62759,0.9996143
HAT-P-7 b,2.64394,0.9998968
HAT-P-7 b,2.66028,0.9999209
HAT-P-7 b,2.67663,1.0001369
HAT-P-7 b,2.69298,0.9998426
HAT-P-7 b,2.70932,1.0001150
HAT-P-7 b,2.72567,1.0003080
HAT-P-7 b,2.74202,0.9998914
HAT-P-7 b,2.75836,1.0000993
HAT-P-7 b,2.77471,1.0000077
HAT-P-7 b,2.79106,1.0001114
HAT-P-7 b,2.80740,1.0001546
HAT-P-7 b,2.82375,1.0001262
HAT-P-7 b,2.84010,0.9999556
HAT-P-7 b,2.85644,0.9997545
HAT-P-7 b,2.87279,1.0000150
HAT-P-7 b,2.88914,0.9999994
HAT-P-7 b,2.90548,0.9998914
HAT-P-7 b,2.92183,0.9999163
HAT-P-7 b,2.93818,0.9999649
HAT-P-7 b,2.95453,0.9998314
HAT-P-7 b,2.97087,1.0002098
HAT-P-7 b,2.98721,1.0000580
HAT-P-7 b,3.00356,0.9998634
HAT-P-7 b,3.01991,1.0001615
HAT-P-7 b,3.03626,1.0000618
HAT-P-7 b,3.05260,0.9998704
HAT-P-7 b,3.06895,1.0001423
HAT-P-7 b,3.08530,1.0001782
HAT-P-7 b,3.10164,0.9998774
HAT-P-7 b,3.11799,0.9999887
HAT-P-7 b,3.13434,1.0000053
HAT-P-7 b,3.15068,0.9999382
HAT-P-7 b,3.16703,0.9999386
HAT-P-7 b,3.18338,1.0001865
HAT-P-7 b,3.19972,0.9999004
HAT-P-7 b,3.21607,0.9999779
HAT-P-7 b,3.23241,1.0002499
HAT-P-7 b,3.24876,1.0000527
HAT-P-7 b,3.26511,1.0002385
HAT-P-7 b,3.28146,0.9998561
HAT-P-7 b,3.29780,0.9999949
HAT-P-7 b,3.31415,1.0000511
HAT-P-7 b,3.33050,1.0000358
HAT-P-7 b,3.34684,1.0000556
HAT-P-7 b,3.36319,0.9999597
HAT-P-7 b,3.37953,0.9999360
HAT-P-7 b,3.39588,1.0000506
HAT-P-7 b,3.41223,0.9998272
HAT-P-7 b,3.42858,1.0001420
HAT-P-7 b,3.44492,0.9999723
HAT-P-7 b,3.46127,1.0000723
HAT-P-7 b,3.47762,0.9998225
HAT-P-7 b,3.49396,1.0000427
HAT-P-7 b,3.51031,1.0000912
HAT-P-7 b,3.52665,0.9997603
HAT-P-7 b,3.54300,1.0000808
HAT-P-7 b,3.55935,1.0000379
HAT-P-7 b,3.57570,0.9997502
HAT-P-7 b,3.59204,1.0001064
HAT-P-7 b,3.60839,1.0001596
HAT-P-7 b,3.62473,1.0002441
HAT-P-7 b,3.64108,0.9999348
HAT-P-7 b,3.65743,0.9999635
HAT-P-7 b,3.67377,1.0003003
HAT-P-7 b,3.69012,0.9998440
HAT-P-7 b,3.70647,1.0001839
HAT-P-7 b,3.72282,0.9998689
HAT-P-7 b,3.73916,0.9998577
HAT-P-7 b,3.75551,0.9999128
HAT-P-7 b,3.77185,1.0000040
HAT-P-7 b,3.78820,1.0001064
HAT-P-7 b,3.80455,1.0000867
HAT-P-7 b,3.82090,1.0000918
HAT-P-7 b,3.83724,0.9998896
HAT-P-7 b,3.85359,1.0001349
HAT-P-7 b,3.86994,1.0000345
HAT-P-7 b,3.88628,0.9999883
HAT-P-7 b,3.90263,1.0000397
HAT-P-7 b,3.91897,0.9999191
HAT-P-7 b,3.93532,0.9999488
HAT-P-7 b,3.95167,1.0004077
HAT-P-7 b,3.96802,1.0000558
HAT-P-7 b,3.98436,0.9998988
HAT-P-7 b,4.00071,1.0000789
HAT-P-7 b,4.01705,0.9999108
HAT-P-7 b,4.03340,0.9999409
HAT-P-7 b,4.04975,0.9998739
HAT-P-7 b,4.06609,1.0000235
HAT-P-7 b,4.08244,1.0000451
HAT-P-7 b,4.09879,1.0002294
HAT-P-7 b,4.11514,1.0001721
HAT-P-7 b,4.13148,0.9999462
HAT-P-7 b,4.14783,1.0000852
HAT-P-7 b,4.16417,1.0000026
HAT-P-7 b,4.18052,0.9999804
HAT-P-7 b,4.19687,0.9998216
HAT-P-7 b,4.21321,0.9998436
HAT-P-7 b,4.22956,1.0001219
HAT-P-7 b,4.24591,0.9996818
HAT-P-7 b,4.26226,0.9998719
HAT-P-7 b,4.27860,1.0000865
HAT-P-7 b,4.29495,1.0000642
HAT-P-7 b,4.31129,0.9999534
HAT-P-7 b,4.32764,0.9998188
HAT-P-7 b,4.34399,1.0000383
HAT-P-7 b,4.36033,0.9998472
HAT-P-7 b,4.37668,0.9999119
HAT-P-7 b,4.39303,1.0001787
HAT-P-7 b,4.40937,0.9998493
HAT-P-7 b,4.42572,1.0000706
HAT-P-7 b,4.44207,1.0000983
HAT-P-7 b,4.45841,1.0000019
HAT-P-7 b,4.47476,0.9998897
HAT-P-7 b,4.49111,1.0001055
HAT-P-7 b,4.50745,1.0000374
HAT-P-7 b,4.52380,1.0000335
HAT-P-7 b,4.54015,0.9998575
HAT-P-7 b,4.55649,0.9999152
HAT-P-7 b,4.57284,0.9999105
HAT-P-7 b,4.58919,1.0000543
HAT-P-7 b,4.60553,1.0000915
HAT-P-7 b,4.62188,0.9996575
HAT-P-7 b,4.63823,0.9999722
HAT-P-7 b,4.65457,1.0000100
HAT-P-7 b,4.67092,1.0000655
HAT-P-7 b,4.68727,1.0000135
HAT-P-7 b,4.70361,1.0000664
HAT-P-7 b,4.71996,0.9999036
HAT-P-7 b,4.73631,0.9999162
HAT-P-7 b,4.75265,1.0000194
HAT-P-7 b,4.76900,0.9999557
HAT-P-7 b,4.78535,0.9996788
HAT-P-7 b,4.80169,1.0000375
HAT-P-7 b,4.81804,0.9997484
HAT-P-7 b,4.83439,0.9999281
HAT-P-7 b,4.85073,0.9999527
HAT-P-7 b,4.86708,1.0000525
HAT-P-7 b,4.88343,0.9999133
HAT-P-7 b,4.89977,1.0000987
HAT-P-7 b,4.91612,0.9997339
HAT-P-7 b,4.93247,0.9996640
HAT-P-7 b,4.94881,0.9996469
HAT-P-7 b,4.96516,1.0000722
HAT-P-7 b,4.98151,1.0000585
HAT-P-7 b,4.99785,0.9998867
HAT-P-7 b,5.01420,0.9999120
HAT-P-7 b,5.03055,1.0002830
HAT-P-7 b,5.04689,0.9999611
HAT-P-7 b,5.06324,0.9997848
HAT-P-7 b,5.07958,0.9999573
HAT-P-7 b,5.09593,0.9998042
HAT-P-7 b,5.11228,1.0000116
HAT-P-7 b,5.12863,0.9999394
HAT-P-7 b,5.14497,0.9998555
HAT-P-7 b,5.16132,0.9997167
HAT-P-7 b,5.17766,0.9998466
HAT-P-7 b,5.19401,0.9999543
HAT-P-7 b,5.21036,1.0000105
HAT-P-7 b,5.22670,1.0000511
HAT-P-7 b,5.24305,1.0001961
HAT-P-7 b,5.25940,0.9999484
HAT-P-7 b,5.27574,0.9999608
HAT-P-7 b,5.29209,1.0000027
HAT-P-7 b,5.30844,1.0000068
HAT-P-7 b,5.32478,1.0000679
HAT-P-7 b,5.34113,0.9998619
HAT-P-7 b,5.35748,1.0002678
HAT-P-7 b,5.37382,0.9999724
HAT-P-7 b,5.39017,0.9998086
HAT-P-7 b,5.40652,0.9997904
HAT-P-7 b,5.42286,0.9996441
HAT-P-7 b,5.43921,1.0000276
HAT-P-7 b,5.45556,1.0001642
HAT-P-7 b,5.47190,1.0000707
HAT-P-7 b,5.48825,0.9999822
HAT-P-7 b,5.50460,0.9998616
HAT-P-7 b,5.52094,1.0000339
HAT-P-7 b,5.53729,0.9998797
HAT-P-7 b,5.55364,0.9998916
HAT-P-7 b,5.56999,0.9999278
HAT-P-7 b,5.58633,0.9998173
HAT-P-7 b,5.60268,1.0000153
HAT-P-7 b,5.61902,1.0002798
HAT-P-7 b,5.63537,0.9999614
HAT-P-7 b,5.65172,0.9997748
HAT-P-7 b,5.66807,1.0001506
HAT-P-7 b,5.68441,1.0000488
HAT-P-7 b,5.70076,0.9999505
HAT-P-7 b,5.71710,0.9998660
HAT-P-7 b,5.73345,0.9999912
HAT-P-7 b,5.74980,0.9998364
HAT-P-7 b,5.76614,0.9997410
HAT-P-7 b,5.78249,0.9997250
HAT-P-7 b,5.79884,0.9997790
HAT-P-7 b,5.81518,0.9999305
HAT-P-7 b,5.83153,0.9998551
HAT-P-7 b,5.84788,1.0000878
HAT-P-7 b,5.86422,1.0000435
HAT-P-7 b,5.88057,0.9998291
HAT-P-7 b,5.89692,0.9999707
HAT-P-7 b,5.91326,0.9999393
HAT-P-7 b,5.92961,1.0000745
HAT-P-7 b,5.94596,1.0002200
HAT-P-7 b,5.96230,1.0000398
HAT-P-7 b,5.97865,1.0000906
HAT-P-7 b,5.99500,0.9998932
HAT-P-7 b,6.01134,0.9994764
HAT-P-7 b,6.02769,0.9999063
HAT-P-7 b,6.04403,0.9995522
HAT-P-7 b,6.06038,0.9999800
HAT-P-7 b,6.07673,0.9999116
HAT-P-7 b,6.09308,1.0000380
HAT-P-7 b,6.10942,0.9999648
HAT-P-7 b,6.12577,0.9998269
HAT-P-7 b,6.14211,0.9997946
HAT-P-7 b,6.15846,1.0000135
HAT-P-7 b,6.17481,0.9999673
HAT-P-7 b,6.19116,0.9998528
HAT-P-7 b,6.20750,1.0000673
HAT-P-7 b,6.22385,1.0000905
HAT-P-7 b,6.24020,1.0000602
HAT-P-7 b,6.25654,0.9999834
HAT-P-7 b,6.27289,1.0000422
HAT-P-7 b,6.28924,1.0001057
HAT-P-7 b,6.30558,1.0003143
HAT-P-7 b,6.32193,1.0001534
HAT-P-7 b,6.33828,0.9997850
HAT-P-7 b,6.35462,0.9999587
HAT-P-7 b,6.37097,1.0000119
HAT-P-7 b,6.38732,0.9998877
HAT-P-7 b,6.40366,1.0000805
HAT-P-7 b,6.42001,0.9996595
HAT-P-7 b,6.43636,0.9999698
HAT-P-7 b,6.45270,0.9997854
HAT-P-7 b,6.46905,1.0001097
HAT-P-7 b,6.48539,1.0000162
HAT-P-7 b,6.50174,1.0001677
HAT-P-7 b,6.51809,1.0000191
HAT-P-7 b,6.53443,0.9999941
HAT-P-7 b,6.55078,1.0001241
HAT-P-7 b,6.56713,0.9997688
HAT-P-7 b,6.58347,0.9999546
HAT-P-7 b,6.59982,1.0000009
HAT-P-7 b,6.61617,1.0001177
HAT-P-7 b,6.63251,0.9998333
HAT-P-7 b,6.64886,1.0001628
HAT-P-7 b,6.66521,0.9996401
HAT-P-7 b,6.68155,1.0003266
HAT-P-7 b,6.69790,1.0000157
HAT-P-7 b,6.71425,1.0000170
HAT-P-7 b,6.73059,1.0000183
HAT-P-7 b,6.74694,1.0000416
HAT-P-7 b,6.76329,1.0002462
HAT-P-7 b,6.77963,1.0000076
HAT-P-7 b,6.79598,0.9999562
HAT-P-7 b,6.81233,0.9999092
HAT-P-7 b,6.82867,0.9999726
HAT-P-7 b,6.84502,1.0000693
HAT-P-7 b,6.86137,0.9999970
HAT-P-7 b,6.87771,0.9998608
HAT-P-7 b,6.89406,1.0002062
HAT-P-7 b,6.91041,0.9999598
HAT-P-7 b,6.92675,0.9997780
HAT-P-7 b,6.94310,0.9999842
HAT-P-7 b,6.95945,0.9999398
HAT-P-7 b,6.97579,0.9999986
HAT-P-7 b,6.99214,0.9997125
HAT-P-7 b,7.00849,1.0001544
HAT-P-7 b,7.02483,0.9999468
HAT-P-7 b,7.04118,1.0000782
HAT-P-7 b,7.05753,1.0003913
HAT-P-7 b,7.07387,0.9998870
HAT-P-7 b,7.09022,1.0001307
HAT-P-7 b,7.10657,1.0000353
HAT-P-7 b,7.12291,1.0003065
HAT-P-7 b,7.13926,1.0000603
HAT-P-7 b,7.15561,1.0000565
HAT-P-7 b,7.17195,1.0001294
HAT-P-7 b,7.18830,0.9998753
HAT-P-7 b,7.20465,1.0000160
HAT-P-7 b,7.22099,0.9996276
HAT-P-7 b,7.23734,1.0001868
HAT-P-7 b,7.25369,1.0002899
HAT-P-7 b,7.27003,1.0000625
HAT-P-7 b,7.28638,0.9999613
HAT-P-7 b,7.30273,0.9999864
HAT-P-7 b,7.31907,1.0001749
HAT-P-7 b,7.33542,1.0000495
HAT-P-7 b,7.35176,1.0001560
HAT-P-7 b,7.36811,1.0002724
HAT-P-7 b,7.38446,0.9998853
HAT-P-7 b,7.40081,1.0000733
HAT-P-7 b,7.41715,0.9997973
HAT-P-7 b,7.43350,0.9998502
HAT-P-7 b,7.44984,0.9999030
HAT-P-7 b,7.46619,1.0000811
HAT-P-7 b,7.48254,0.9997632
HAT-P-7 b,7.49888,0.9998858
HAT-P-7 b,7.51523,0.9999568
HAT-P-7 b,7.53158,1.0001571
HAT-P-7 b,7.54793,1.0002381
HAT-P-7 b,7.56427,0.9999239
HAT-P-7 b,7.58062,0.9999129
HAT-P-7 b,7.59696,1.0001462
HAT-P-7 b,7.61331,0.9999888
HAT-P-7 b,7.62966,1.0001201
HAT-P-7 b,7.64600,1.0000220
HAT-P-7 b,7.66235,1.0001770
HAT-P-7 b,7.67870,0.9999171
HAT-P-7 b,7.69505,1.0001439
HAT-P-7 b,7.71139,1.0000884
HAT-P-7 b,7.72774,1.0000081
HAT-P-7 b,7.74408,0.9999735
HAT-P-7 b,7.76043,1.0002712
HAT-P-7 b,7.77678,0.9998449
HAT-P-7 b,7.79312,1.0000019
HAT-P-7 b,7.80947,1.0001072
HAT-P-7 b,7.82582,1.0002764
HAT-P-7 b,7.84217,0.9998437
HAT-P-7 b,7.85851,1.0004418
HAT-P-7 b,7.87486,1.0002380
HAT-P-7 b,7.89120,1.0000915
HAT-P-7 b,7.90755,1.0000625
HAT-P-7 b,7.92390,1.0002605
HAT-P-7 b,7.94024,1.0001243
HAT-P-7 b,7.95659,0.9999450
HAT-P-7 b,7.97294,1.0001398
HAT-P-7 b,7.98928,1.0002706
HAT-P-7 b,8.00563,1.0000704
HAT-P-7 b,8.02198,0.9999338
HAT-P-7 b,8.03832,0.9999674
HAT-P-7 b,8.05467,0.9999732
HAT-P-7 b,8.07102,1.0000479
HAT-P-7 b,8.08737,0.9999136
HAT-P-7 b,8.10371,0.9998832
HAT-P-7 b,8.12006,1.0001182
HAT-P-7 b,8.13640,1.0000522
HAT-P-7 b,8.15275,1.0002487
HAT-P-7 b,8.16910,1.0001412
HAT-P-7 b,8.18544,1.0001912
HAT-P-7 b,8.20179,1.0002676
HAT-P-7 b,8.21814,1.0000237
HAT-P-7 b,8.23449,1.0000750
HAT-P-7 b,8.25083,1.0002395
HAT-P-7 b,8.26718,1.0001158
HAT-P-7 b,8.28352,1.0001771
HAT-P-7 b,8.29987,1.0002087
HAT-P-7 b,8.31622,1.0004017
HAT-P-7 b,8.33256,1.0002036
HAT-P-7 b,8.34891,1.0000896
HAT-P-7 b,8.36526,1.0002020
HAT-P-7 b,8.38160,1.0001717
HAT-P-7 b,8.39795,1.0001253
HAT-P-7 b,-8.38978,0.9999448
HAT-P-7 b,-8.37343,1.0000205
HAT-P-7 b,-8.35709,1.0000503
HAT-P-7 b,-8.34074,1.0000007
HAT-P-7 b,-8.32440,1.0002024
HAT-P-7 b,-8.30805,0.9999115
HAT-P-7 b,-8.29170,1.0001204
HAT-P-7 b,-8.27535,0.9999890
HAT-P-7 b,-8.25901,1.0000630
HAT-P-7 b,-8.24266,0.9999692
HAT-P-7 b,-8.22631,1.0001075
HAT-P-7 b,-8.20997,0.9998443
HAT-P-7 b,-8.19362,1.0000069
HAT-P-7 b,-8.17728,0.9997359
HAT-P-7 b,-8.16093,0.9999736
HAT-P-7 b,-8.14458,0.9997638
HAT-P-7 b,-8.12823,0.9997470
HAT-P-7 b,-8.11189,0.9998996
HAT-P-7 b,-8.09554,0.9999876
HAT-P-7 b,-8.07920,1.0001267
HAT-P-7 b,-8.06285,0.9999747
HAT-P-7 b,-8.04650,1.0001125
HAT-P-7 b,-8.03016,0.9999343
HAT-P-7 b,-8.01381,1.0001330
HAT-P-7 b,-7.99746,1.0002005
HAT-P-7 b,-7.98111,1.0000888
HAT-P-7 b,-7.96477,1.0000439
HAT-P-7 b,-7.94842,1.0001632
HAT-P-7 b,-7.93208,1.0001340
HAT-P-7 b,-7.91573,1.0000120
HAT-P-7 b,-7.89938,0.9999885
HAT-P-7 b,-7.88304,0.9999282
HAT-P-7 b,-7.86669,1.0001020
HAT-P-7 b,-7.85034,0.9997589
HAT-P-7 b,-7.83399,1.0000027
HAT-P-7 b,-7.81765,1.0000107
HAT-P-7 b,-7.80130,0.9997161
HAT-P-7 b,-7.78496,0.9997430
HAT-P-7 b,-7.76861,0.9997977
HAT-P-7 b,-7.75226,0.9999093
HAT-P-7 b,-7.73592,1.0000213
HAT-P-7 b,-7.71957,0.9998635
HAT-P-7 b,-7.70322,1.0000718
HAT-P-7 b,-7.68688,0.9998439
HAT-P-7 b,-7.67053,1.0000236
HAT-P-7 b,-7.65418,0.9999355
HAT-P-7 b,-7.63784,1.0001990
HAT-P-7 b,-7.62149,0.9996870
HAT-P-7 b,-7.60514,1.0000697
HAT-P-7 b,-7.58880,0.9999750
HAT-P-7 b,-7.57245,1.0001044
HAT-P-7 b,-7.55611,0.9999562
HAT-P-7 b,-7.53976,0.9996857
HAT-P-7 b,-7.52341,1.0000672
HAT-P-7 b,-7.50706,1.0000658
HAT-P-7 b,-7.49072,0.9998928
HAT-P-7 b,-7.47437,0.9999534
HAT-P-7 b,-7.45802,0.9999264
HAT-P-7 b,-7.44168,0.9998271
HAT-P-7 b,-7.42533,0.9999792
HAT-P-7 b,-7.40899,0.9999754
HAT-P-7 b,-7.39264,0.9999621
HAT-P-7 b,-7.37629,0.9998305
HAT-P-7 b,-7.35994,0.9998566
HAT-P-7 b,-7.34360,1.0002130
HAT-P-7 b,-7.32725,0.9999287
HAT-P-7 b,-7.31090,0.9999866
HAT-P-7 b,-7.29456,0.9998330
HAT-P-7 b,-7.27821,1.0002596
HAT-P-7 b,-7.26187,0.9999518
HAT-P-7 b,-7.24552,0.9999739
HAT-P-7 b,-7.22917,0.9998660
HAT-P-7 b,-7.21282,1.0001360
HAT-P-7 b,-7.19648,1.0000549
HAT-P-7 b,-7.18013,1.0002610
HAT-P-7 b,-7.16379,0.9999461
HAT-P-7 b,-7.14744,1.0001896
HAT-P-7 b,-7.13109,1.0001064
HAT-P-7 b,-7.11475,1.0000345
HAT-P-7 b,-7.09840,1.0000204
HAT-P-7 b,-7.08205,1.0001728
HAT-P-7 b,-7.06570,0.9999486
HAT-P-7 b,-7.04936,0.9999301
HAT-P-7 b,-7.03301,0.9996968
HAT-P-7 b,-7.01667,0.9997666
HAT-P-7 b,-7.00032,0.9998180
HAT-P-7 b,-6.98397,0.9999073
HAT-P-7 b,-6.96763,1.0000971
HAT-P-7 b,-6.95128,0.9998444
HAT-P-7 b,-6.93493,0.9994139
HAT-P-7 b,-6.91858,0.9998851
HAT-P-7 b,-6.90224,0.9998099
HAT-P-7 b,-6.88589,1.0000914
HAT-P-7 b,-6.86955,0.9999866
HAT-P-7 b,-6.85320,1.0002265
HAT-P-7 b,-6.83685,1.0000006
HAT-P-7 b,-6.82051,1.0001843
HAT-P-7 b,-6.80416,1.0001796
HAT-P-7 b,-6.78781,1.0001743
HAT-P-7 b,-6.77146,1.0001065
HAT-P-7 b,-6.75512,1.0000942
HAT-P-7 b,-6.73877,1.0004005
HAT-P-7 b,-6.72243,1.0001402
HAT-P-7 b,-6.70608,0.9999354
HAT-P-7 b,-6.68973,0.9999615
HAT-P-7 b,-6.67339,1.0001599
HAT-P-7 b,-6.65704,1.0001301
HAT-P-7 b,-6.64069,1.0000830
HAT-P-7 b,-6.62435,0.9997242
HAT-P-7 b,-6.60800,0.9998768
HAT-P-7 b,-6.59165,0.9998484
HAT-P-7 b,-6.57531,1.0001480
HAT-P-7 b,-6.55896,0.9999558
HAT-P-7 b,-6.54261,0.9999305
HAT-P-7 b,-6.52627,1.0003749
HAT-P-7 b,-6.50992,1.0000245
HAT-P-7 b,-6.49358,1.0000155
HAT-P-7 b,-6.47723,1.0003059
HAT-P-7 b,-6.46088,1.0002578
HAT-P-7 b,-6.44453,1.0001566
HAT-P-7 b,-6.42819,0.9999522
HAT-P-7 b,-6.41184,1.0003991
HAT-P-7 b,-6.39549,0.9999376
HAT-P-7 b,-6.37915,1.0000957
HAT-P-7 b,-6.36280,1.0000308
HAT-P-7 b,-6.34646,0.9999741
HAT-P-7 b,-6.33011,0.9998987
HAT-P-7 b,-6.31376,1.0000601
HAT-P-7 b,-6.29741,0.9997805
HAT-P-7 b,-6.28107,0.9998191
HAT-P-7 b,-6.26472,0.9998649
HAT-P-7 b,-6.24837,0.9996888
HAT-P-7 b,-6.23203,1.0001197
HAT-P-7 b,-6.21568,1.0001721
HAT-P-7 b,-6.19934,0.9999337
HAT-P-7 b,-6.18299,0.9999376
HAT-P-7 b,-6.16664,1.0002607
HAT-P-7 b,-6.15029,0.9998142
HAT-P-7 b,-6.13395,0.9998903
HAT-P-7 b,-6.11760,0.9998405
HAT-P-7 b,-6.10126,1.0000232
HAT-P-7 b,-6.08491,0.9999566
HAT-P-7 b,-6.06856,1.0001820
HAT-P-7 b,-6.05222,1.0001354
HAT-P-7 b,-6.03587,0.9998258
HAT-P-7 b,-6.01952,0.9998987
HAT-P-7 b,-6.00317,0.9999457
HAT-P-7 b,-5.98683,0.9999801
HAT-P-7 b,-5.97048,1.0003159
HAT-P-7 b,-5.95414,1.0002584
HAT-P-7 b,-5.93779,1.0001724
HAT-P-7 b,-5.92144,1.0000565
HAT-P-7 b,-5.90510,0.9999744
HAT-P-7 b,-5.88875,0.9999798
HAT-P-7 b,-5.87240,1.0001079
HAT-P-7 b,-5.85605,1.0000744
HAT-P-7 b,-5.83971,0.9999438
HAT-P-7 b,-5.82336,0.9998004
HAT-P-7 b,-5.80702,1.0001377
HAT-P-7 b,-5.79067,1.0003893
HAT-P-7 b,-5.77432,1.0002072
HAT-P-7 b,-5.75798,1.0001862
HAT-P-7 b,-5.74163,0.9998886
HAT-P-7 b,-5.72528,1.0000770
HAT-P-7 b,-5.70894,1.0001882
HAT-P-7 b,-5.69259,0.9998122
HAT-P-7 b,-5.67624,1.0000487
HAT-P-7 b,-5.65990,0.9997825
HAT-P-7 b,-5.64355,0.9997400
HAT-P-7 b,-5.62720,0.9997217
HAT-P-7 b,-5.61086,1.0002077
HAT-P-7 b,-5.59451,0.9998256
HAT-P-7 b,-5.57817,0.9998808
HAT-P-7 b,-5.56182,1.0001252
HAT-P-7 b,-5.54547,1.0000570
HAT-P-7 b,-5.52912,0.9999474
HAT-P-7 b,-5.51278,1.0000592
HAT-P-7 b,-5.49643,1.0002470
HAT-P-7 b,-5.48008,1.0001167
HAT-P-7 b,-5.46374,1.0001331
HAT-P-7 b,-5.44739,1.0001907
HAT-P-7 b,-5.43105,1.0000719
HAT-P-7 b,-5.41470,1.0000776
HAT-P-7 b,-5.39835,1.0001473
HAT-P-7 b,-5.38200,0.9997774
HAT-P-7 b,-5.36566,1.0002030
HAT-P-7 b,-5.34931,1.0000117
HAT-P-7 b,-5.33296,0.9999867
HAT-P-7 b,-5.31662,0.9998501
HAT-P-7 b,-5.30027,0.9998282
HAT-P-7 b,-5.28393,0.9999821
HAT-P-7 b,-5.26758,0.9998025
HAT-P-7 b,-5.25123,1.0003202
HAT-P-7 b,-5.23488,0.9999453
HAT-P-7 b,-5.21854,0.9999607
HAT-P-7 b,-5.20219,1.0000713
HAT-P-7 b,-5.18584,1.0000785
HAT-P-7 b,-5.16950,1.0001436
HAT-P-7 b,-5.15315,0.9996508
HAT-P-7 b,-5.13681,0.9999857
HAT-P-7 b,-5.12046,1.0000687
HAT-P-7 b,-5.10411,0.9999280
HAT-P-7 b,-5.08776,0.9999906
HAT-P-7 b,-5.07142,1.0000364
HAT-P-7 b,-5.05507,1.0001948
HAT-P-7 b,-5.03873,1.0001150
HAT-P-7 b,-5.02238,1.0000811
HAT-P-7 b,-5.00603,0.9999828
HAT-P-7 b,-4.98969,1.0001612
HAT-P-7 b,-4.97334,1.0000749
HAT-P-7 b,-4.95699,1.0000132
HAT-P-7 b,-4.94064,1.0000187
HAT-P-7 b,-4.92430,1.0003251
HAT-P-7 b,-4.90796,1.0000737
HAT-P-7 b,-4.89161,1.0000668
HAT-P-7 b,-4.87526,0.9996363
HAT-P-7 b,-4.85891,1.0001188
HAT-P-7 b,-4.84257,1.0000186
HAT-P-7 b,-4.82622,0.9998151
HAT-P-7 b,-4.80987,1.0000981
HAT-P-7 b,-4.79352,1.0001504
HAT-P-7 b,-4.77718,1.0000290
HAT-P-7 b,-4.76084,1.0000138
HAT-P-7 b,-4.74449,0.9997547
HAT-P-7 b,-4.72814,0.9999766
HAT-P-7 b,-4.71179,0.9999643
HAT-P-7 b,-4.69545,0.9999367
HAT-P-7 b,-4.67910,1.0000159
HAT-P-7 b,-4.66275,0.9998260
HAT-P-7 b,-4.64641,0.9999237
HAT-P-7 b,-4.63006,0.9999831
HAT-P-7 b,-4.61371,1.0001586
HAT-P-7 b,-4.59737,1.0001032
HAT-P-7 b,-4.58102,1.0001257
HAT-P-7 b,-4.56467,0.9998869
HAT-P-7 b,-4.54833,1.0000251
HAT-P-7 b,-4.53198,0.9996807
HAT-P-7 b,-4.51563,0.9999409
HAT-P-7 b,-4.49929,0.9997263
HAT-P-7 b,-4.48294,0.9997107
HAT-P-7 b,-4.46660,0.9998231
HAT-P-7 b,-4.45025,0.9999230
HAT-P-7 b,-4.43390,0.9998968
HAT-P-7 b,-4.41755,1.0000070
HAT-P-7 b,-4.40121,1.0000214
HAT-P-7 b,-4.38486,0.9999522
HAT-P-7 b,-4.36852,0.9998656
HAT-P-7 b,-4.35217,1.0001042
HAT-P-7 b,-4.33582,1.0001060
HAT-P-7 b,-4.31948,1.0002757
HAT-P-7 b,-4.30313,1.0001246
HAT-P-7 b,-4.28678,0.9999571
HAT-P-7 b,-4.27043,1.0000833
HAT-P-7 b,-4.25409,1.0000254
HAT-P-7 b,-4.23774,0.9997605
HAT-P-7 b,-4.22140,0.9999987
HAT-P-7 b,-4.20505,1.0001963
HAT-P-7 b,-4.18870,1.0002062
HAT-P-7 b,-4.17236,1.0000940
HAT-P-7 b,-4.15601,1.0002410
HAT-P-7 b,-4.13966,0.9999061
HAT-P-7 b,-4.12332,0.9999775
HAT-P-7 b,-4.10697,1.0002528
HAT-P-7 b,-4.09062,1.0001188
HAT-P-7 b,-4.07428,1.0000472
HAT-P-7 b,-4.05793,1.0000689
HAT-P-7 b,-4.04158,0.9998414
HAT-P-7 b,-4.02524,0.9998746
HAT-P-7 b,-4.00889,0.9999898
HAT-P-7 b,-3.99254,1.0001933
HAT-P-7 b,-3.97620,0.9999783
HAT-P-7 b,-3.95985,1.0001291
HAT-P-7 b,-3.94350,1.0000881
HAT-P-7 b,-3.92716,1.0000992
HAT-P-7 b,-3.91081,0.9999551
HAT-P-7 b,-3.89446,1.0001184
HAT-P-7 b,-3.87812,1.0000954
HAT-P-7 b,-3.86177,1.0000086
HAT-P-7 b,-3.84542,0.9999706
HAT-P-7 b,-3.82908,1.0000362
HAT-P-7 b,-3.81273,0.9998551
HAT-P-7 b,-3.79638,1.0000668
HAT-P-7 b,-3.78004,1.0000311
HAT-P-7 b,-3.76369,0.9998045
HAT-P-7 b,-3.74734,1.0004128
HAT-P-7 b,-3.73100,0.9998834
HAT-P-7 b,-3.71465,0.9999958
HAT-P-7 b,-3.69830,1.0003649
HAT-P-7 b,-3.68196,0.9999540
HAT-P-7 b,-3.66561,1.0001554
HAT-P-7 b,-3.64926,1.0000531
HAT-P-7 b,-3.63292,0.9998706
HAT-P-7 b,-3.61657,0.9999536
HAT-P-7 b,-3.60023,1.0001814
HAT-P-7 b,-3.58388,0.9999463
HAT-P-7 b,-3.56753,1.0000746
HAT-P-7 b,-3.55119,1.0000667
HAT-P-7 b,-3.53484,0.9999336
HAT-P-7 b,-3.51849,0.9998492
HAT-P-7 b,-3.50214,0.9997834
HAT-P-7 b,-3.48580,0.9997379
HAT-P-7 b,-3.46945,0.9999807
HAT-P-7 b,-3.45311,0.9998648
HAT-P-7 b,-3.43676,1.0001263
HAT-P-7 b,-3.42041,0.9999233
HAT-P-7 b,-3.40407,1.0000254
HAT-P-7 b,-3.38772,0.9999265
HAT-P-7 b,-3.37137,0.9998227
HAT-P-7 b,-3.35502,0.9997297
HAT-P-7 b,-3.33868,0.9999398
HAT-P-7 b,-3.32233,0.9998155
HAT-P-7 b,-3.30599,1.0000349
HAT-P-7 b,-3.28964,0.9998847
HAT-P-7 b,-3.27329,0.9998869
HAT-P-7 b,-3.25695,0.9999568
HAT-P-7 b,-3.24060,0.9999118
HAT-P-7 b,-3.22425,0.9997946
HAT-P-7 b,-3.20790,0.9998646
HAT-P-7 b,-3.19156,0.9999549
HAT-P-7 b,-3.17521,1.0000218
HAT-P-7 b,-3.15887,1.0000107
HAT-P-7 b,-3.14252,0.9999425
HAT-P-7 b,-3.12617,0.9999302
HAT-P-7 b,-3.10983,0.9998865
HAT-P-7 b,-3.09348,1.0000470
HAT-P-7 b,-3.07713,1.0000240
HAT-P-7 b,-3.06079,0.9998074
HAT-P-7 b,-3.04444,1.0000075
HAT-P-7 b,-3.02809,0.9997108
HAT-P-7 b,-3.01175,0.9998220
HAT-P-7 b,-2.99540,0.9997131
HAT-P-7 b,-2.97905,0.9999701
HAT-P-7 b,-2.96271,0.9998175
HAT-P-7 b,-2.94636,0.9996286
HAT-P-7 b,-2.93001,0.9997874
HAT-P-7 b,-2.91367,0.9999533
HAT-P-7 b,-2.89732,1.0000086
HAT-P-7 b,-2.88097,0.9999739
HAT-P-7 b,-2.86463,1.0000482
HAT-P-7 b,-2.84828,1.0001135
HAT-P-7 b,-2.83193,0.9997499
HAT-P-7 b,-2.81559,1.0001643
HAT-P-7 b,-2.79924,1.0002962
HAT-P-7 b,-2.78290,1.0002334
HAT-P-7 b,-2.76655,1.0000767
HAT-P-7 b,-2.75020,0.9998117
HAT-P-7 b,-2.73385,0.9999373
HAT-P-7 b,-2.71751,0.9998529
HAT-P-7 b,-2.70116,0.9999017
HAT-P-7 b,-2.68481,0.9998718
HAT-P-7 b,-2.66847,1.0000168
HAT-P-7 b,-2.65212,0.9999385
HAT-P-7 b,-2.63578,0.9997095
HAT-P-7 b,-2.61943,0.9997146
HAT-P-7 b,-2.60308,1.0000233
HAT-P-7 b,-2.58673,0.9999320
HAT-P-7 b,-2.57039,0.9998505
HAT-P-7 b,-2.55404,0.9999313
HAT-P-7 b,-2.53770,1.0001735
HAT-P-7 b,-2.52135,1.0001086
HAT-P-7 b,-2.50500,1.0001694
HAT-P-7 b,-2.48865,1.0001536
HAT-P-7 b,-2.47231,1.0001899
HAT-P-7 b,-2.45596,1.0002467
HAT-P-7 b,-2.43961,1.0001464
HAT-P-7 b,-2.42327,1.0001141
HAT-P-7 b,-2.40692,0.9999830
HAT-P-7 b,-2.39057,1.0000186
HAT-P-7 b,-2.37423,1.0000894
HAT-P-7 b,-2.35788,1.0000844
HAT-P-7 b,-2.34154,1.0001743
HAT-P-7 b,-2.32519,1.0002400
HAT-P-7 b,-2.30884,0.9998573
HAT-P-7 b,-2.29249,1.0000377
HAT-P-7 b,-2.27615,0.9997366
HAT-P-7 b,-2.25980,0.9997887
HAT-P-7 b,-2.24346,1.0001664
HAT-P-7 b,-2.22711,1.0000794
HAT-P-7 b,-2.21076,1.0000237
HAT-P-7 b,-2.19442,1.0001576
HAT-P-7 b,-2.17807,1.0000418
HAT-P-7 b,-2.16172,0.9999225
HAT-P-7 b,-2.14538,0.9998215
HAT-P-7 b,-2.12903,1.0001233
HAT-P-7 b,-2.11268,1.0000741
HAT-P-7 b,-2.09634,1.0001720
HAT-P-7 b,-2.07999,1.0000125
HAT-P-7 b,-2.06364,0.9998670
HAT-P-7 b,-2.04730,0.9998341
HAT-P-7 b,-2.03095,0.9998785
HAT-P-7 b,-2.01461,1.0000000
HAT-P-7 b,-1.99826,0.9999903
HAT-P-7 b,-1.98191,0.9998429
HAT-P-7 b,-1.96556,1.0001068
HAT-P-7 b,-1.94922,0.9998975
HAT-P-7 b,-1.93287,0.9997539
HAT-P-7 b,-1.91652,0.9991573
HAT-P-7 b,-1.90018,0.9991226
HAT-P-7 b,-1.88383,0.9991145
HAT-P-7 b,-1.86748,0.9988818
HAT-P-7 b,-1.85114,0.9987404
HAT-P-7 b,-1.83479,0.9982234
HAT-P-7 b,-1.81844,0.9979576
HAT-P-7 b,-1.80210,0.9977325
HAT-P-7 b,-1.78575,0.9977530
HAT-P-7 b,-1.76940,0.9971484
HAT-P-7 b,-1.75306,0.9970534
HAT-P-7 b,-1.73671,0.9966551
HAT-P-7 b,-1.72036,0.9965150
HAT-P-7 b,-1.70402,0.9961469
HAT-P-7 b,-1.68767,0.9961533
HAT-P-7 b,-1.67132,0.9957052
HAT-P-7 b,-1.65498,0.9955245
HAT-P-7 b,-1.63863,0.9950884
HAT-P-7 b,-1.62228,0.9951378
HAT-P-7 b,-1.60594,0.9951001
HAT-P-7 b,-1.58959,0.9946736
HAT-P-7 b,-1.57325,0.9944733
HAT-P-7 b,-1.55690,0.9946508
HAT-P-7 b,-1.54055,0.9946736
HAT-P-7 b,-1.52420,0.9947538
HAT-P-7 b,-1.50786,0.9947204
HAT-P-7 b,-1.49151,0.9946146
HAT-P-7 b,-1.47517,0.9943792
HAT-P-7 b,-1.45882,0.9946990
HAT-P-7 b,-1.44247,0.9947817
HAT-P-7 b,-1.42613,0.9945793
HAT-P-7 b,-1.40978,0.9943579
HAT-P-7 b,-1.39343,0.9944371
HAT-P-7 b,-1.37708,0.9944103
HAT-P-7 b,-1.36074,0.9942886
HAT-P-7 b,-1.34439,0.9944030
HAT-P-7 b,-1.32805,0.9941970
HAT-P-7 b,-1.31170,0.9941520
HAT-P-7 b,-1.29535,0.9940042
HAT-P-7 b,-1.27901,0.9941122
HAT-P-7 b,-1.26266,0.9944432
HAT-P-7 b,-1.24631,0.9946504
HAT-P-7 b,-1.22996,0.9941813
HAT-P-7 b,-1.21362,0.9942388
HAT-P-7 b,-1.19727,0.9939961
HAT-P-7 b,-1.18093,0.9942306
HAT-P-7 b,-1.16458,0.9943076
HAT-P-7 b,-1.14823,0.9940717
HAT-P-7 b,-1.13189,0.9941008
HAT-P-7 b,-1.11554,0.9938462
HAT-P-7 b,-1.09919,0.9938489
HAT-P-7 b,-1.08285,0.9941048
HAT-P-7 b,-1.06650,0.9937857
HAT-P-7 b,-1.05015,0.9938613
HAT-P-7 b,-1.03381,0.9938098
HAT-P-7 b,-1.01746,0.9937331
HAT-P-7 b,-1.00111,0.9938538
HAT-P-7 b,-0.98477,0.9940224
HAT-P-7 b,-0.96842,0.9938498
HAT-P-7 b,-0.95207,0.9934582
HAT-P-7 b,-0.93573,0.9937912
HAT-P-7 b,-0.91938,0.9936064
HAT-P-7 b,-0.90303,0.9938464
HAT-P-7 b,-0.88669,0.9936016
HAT-P-7 b,-0.87034,0.9938821
HAT-P-7 b,-0.85399,0.9936206
HAT-P-7 b,-0.83765,0.9935993
HAT-P-7 b,-0.82130,0.9939207
HAT-P-7 b,-0.80495,0.9938062
HAT-P-7 b,-0.78861,0.9936135
HAT-P-7 b,-0.77226,0.9935785
HAT-P-7 b,-0.75591,0.9933713
HAT-P-7 b,-0.73957,0.9936537
HAT-P-7 b,-0.72322,0.9934504
HAT-P-7 b,-0.70687,0.9935338
HAT-P-7 b,-0.69053,0.9935908
HAT-P-7 b,-0.67418,0.9935073
HAT-P-7 b,-0.65784,0.9934537
HAT-P-7 b,-0.64149,0.9935499
HAT-P-7 b,-0.62514,0.9933869
HAT-P-7 b,-0.60879,0.9935667
HAT-P-7 b,-0.59245,0.9933423
HAT-P-7 b,-0.57610,0.9934086
HAT-P-7 b,-0.55976,0.9934159
HAT-P-7 b,-0.54341,0.9935153
HAT-P-7 b,-0.52706,0.9935621
HAT-P-7 b,-0.51072,0.9934880
HAT-P-7 b,-0.49437,0.9933980
HAT-P-7 b,-0.47802,0.9935580
HAT-P-7 b,-0.46167,0.9934108
HAT-P-7 b,-0.44533,0.9932845
HAT-P-7 b,-0.42898,0.9932097
HAT-P-7 b,-0.41264,0.9933442
HAT-P-7 b,-0.39629,0.9933496
HAT-P-7 b,-0.37994,0.9931463
HAT-P-7 b,-0.36359,0.9932101
HAT-P-7 b,-0.34725,0.9935840
HAT-P-7 b,-0.33090,0.9932842
HAT-P-7 b,-0.31455,0.9934354
HAT-P-7 b,-0.29821,0.9934261
HAT-P-7 b,-0.28186,0.9935144
HAT-P-7 b,-0.26552,0.9934328
HAT-P-7 b,-0.24917,0.9934075
HAT-P-7 b,-0.23282,0.9931812
HAT-P-7 b,-0.21648,0.9933937
HAT-P-7 b,-0.20013,0.9930897
HAT-P-7 b,-0.18378,0.9931815
HAT-P-7 b,-0.16744,0.9931742
HAT-P-7 b,-0.15109,0.9934127
HAT-P-7 b,-0.13474,0.9931252
HAT-P-7 b,-0.11840,0.9933164
HAT-P-7 b,-0.10205,0.9932231
HAT-P-7 b,-0.08570,0.9934366
HAT-P-7 b,-0.06936,0.9931497
HAT-P-7 b,-0.05301,0.9934213
HAT-P-7 b,-0.03666,0.9936040
HAT-P-7 b,-0.02032,0.9931754
HAT-P-7 b,-0.00397,0.9934421
HAT-P-7 b,0.01238,0.9931991
HAT-P-7 b,0.02872,0.9934278
HAT-P-7 b,0.04507,0.9935352
HAT-P-7 b,0.06142,0.9933933
HAT-P-7 b,0.07776,0.9935124
HAT-P-7 b,0.09411,0.9933316
HAT-P-7 b,0.11045,0.9932952
HAT-P-7 b,0.12680,0.9934486
HAT-P-7 b,0.14315,0.9931622
HAT-P-7 b,0.15950,0.9933707
HAT-P-7 b,0.17584,0.9934464
HAT-P-7 b,0.19219,0.9934477
HAT-P-7 b,0.20854,0.9932947
HAT-P-7 b,0.22488,0.9935629
HAT-P-7 b,0.24123,0.9933325
HAT-P-7 b,0.25758,0.9932908
HAT-P-7 b,0.27392,0.9934493
HAT-P-7 b,0.29027,0.9931207
HAT-P-7 b,0.30662,0.9934840
HAT-P-7 b,0.32296,0.9935379
HAT-P-7 b,0.33931,0.9934012
HAT-P-7 b,0.35566,0.9932313
HAT-P-7 b,0.37200,0.9933837
HAT-P-7 b,0.38835,0.9935372
HAT-P-7 b,0.40470,0.9935402
HAT-P-7 b,0.42104,0.9936143
HAT-P-7 b,0.43739,0.9935552
HAT-P-7 b,0.45374,0.9933128
HAT-P-7 b,0.47008,0.9934951
HAT-P-7 b,0.48643,0.9933329
HAT-P-7 b,0.50278,0.9934243
HAT-P-7 b,0.51912,0.9934060
HAT-P-7 b,0.53547,0.9935350
HAT-P-7 b,0.55181,0.9938262
HAT-P-7 b,0.56816,0.9934980
HAT-P-7 b,0.58451,0.9934801
HAT-P-7 b,0.60085,0.9935085
HAT-P-7 b,0.61720,0.9934120
HAT-P-7 b,0.63355,0.9936482
HAT-P-7 b,0.64989,0.9935974
HAT-P-7 b,0.66624,0.9937262
HAT-P-7 b,0.68259,0.9937499
HAT-P-7 b,0.69893,0.9932089
HAT-P-7 b,0.71528,0.9935455
HAT-P-7 b,0.73163,0.9935788
HAT-P-7 b,0.74797,0.9935760
HAT-P-7 b,0.76432,0.9935315
HAT-P-7 b,0.78067,0.9934636
HAT-P-7 b,0.79701,0.9934339
HAT-P-7 b,0.81336,0.9938809
HAT-P-7 b,0.82971,0.9937228
HAT-P-7 b,0.84605,0.9937355
HAT-P-7 b,0.86240,0.9936808
HAT-P-7 b,0.87875,0.9935817
HAT-P-7 b,0.89509,0.9935742
HAT-P-7 b,0.91144,0.9934730
HAT-P-7 b,0.92779,0.9938773
HAT-P-7 b,0.94413,0.9935080
HAT-P-7 b,0.96048,0.9935497
HAT-P-7 b,0.97683,0.9935564
HAT-P-7 b,0.99317,0.9936473
HAT-P-7 b,1.00952,0.9936257
HAT-P-7 b,1.02587,0.9935246
HAT-P-7 b,1.04221,0.9938175
HAT-P-7 b,1.05856,0.9938300
HAT-P-7 b,1.07491,0.9940059
HAT-P-7 b,1.09125,0.9940007
HAT-P-7 b,1.10760,0.9936908
HAT-P-7 b,1.12395,0.9938981
HAT-P-7 b,1.14029,0.9941649
HAT-P-7 b,1.15664,0.9942004
HAT-P-7 b,1.17299,0.9938010
HAT-P-7 b,1.18933,0.9942865
HAT-P-7 b,1.20568,0.9941819
HAT-P-7 b,1.22203,0.9942028
HAT-P-7 b,1.23837,0.9940638
HAT-P-7 b,1.25472,0.9941749
HAT-P-7 b,1.27107,0.9942203
HAT-P-7 b,1.28741,0.9942972
HAT-P-7 b,1.30376,0.9942398
HAT-P-7 b,1.32011,0.9943358
HAT-P-7 b,1.33645,0.9943202
HAT-P-7 b,1.35280,0.9941535
HAT-P-7 b,1.36914,0.9941807
HAT-P-7 b,1.38549,0.9944076
HAT-P-7 b,1.40184,0.9942966
HAT-P-7 b,1.41818,0.9944928
HAT-P-7 b,1.43453,0.9941711
HAT-P-7 b,1.45088,0.9944396
HAT-P-7 b,1.46722,0.9944886
HAT-P-7 b,1.48357,0.9945813
HAT-P-7 b,1.49992,0.9944362
HAT-P-7 b,1.51626,0.9946449
HAT-P-7 b,1.53261,0.9949413
HAT-P-7 b,1.54896,0.9946209
HAT-P-7 b,1.56530,0.9946841
HAT-P-7 b,1.58165,0.9946969
HAT-P-7 b,1.59800,0.9948366
HAT-P-7 b,1.61434,0.9951371
HAT-P-7 b,1.63069,0.9952085
HAT-P-7 b,1.64704,0.9955472
HAT-P-7 b,1.66339,0.9958785
HAT-P-7 b,1.67973,0.9962787
HAT-P-7 b,1.69608,0.9964989
HAT-P-7 b,1.71242,0.9966134
HAT-P-7 b,1.72877,0.9969273
HAT-P-7 b,1.74512,0.9969052
HAT-P-7 b,1.76146,0.9974365
HAT-P-7 b,1.77781,0.9978129
HAT-P-7 b,1.79416,0.9979000
HAT-P-7 b,1.81050,0.9982004
HAT-P-7 b,1.82685,0.9985725
HAT-P-7 b,1.84320,0.9990092
HAT-P-7 b,1.85954,0.9989787
HAT-P-7 b,1.87589,0.9991236
HAT-P-7 b,1.89224,0.9993723
HAT-P-7 b,1.90858,0.9996374
HAT-P-7 b,1.92493,0.9995519
HAT-P-7 b,1.94128,0.9997613
HAT-P-7 b,1.95762,0.9998754
HAT-P-7 b,1.97397,0.9997472
HAT-P-7 b,1.99032,0.9997828
HAT-P-7 b,2.00666,0.9999386
HAT-P-7 b,2.02301,1.0002290
HAT-P-7 b,2.03936,1.0001369
HAT-P-7 b,2.05570,0.9999913
HAT-P-7 b,2.07205,0.9999997
HAT-P-7 b,2.08840,0.9999516
HAT-P-7 b,2.10474,0.9996527
HAT-P-7 b,2.12109,1.0000412
HAT-P-7 b,2.13743,0.9999194
HAT-P-7 b,2.15378,0.9998299
HAT-P-7 b,2.17013,0.9999519
HAT-P-7 b,2.18648,1.0002078
HAT-P-7 b,2.20282,0.9999732
HAT-P-7 b,2.21917,1.0000000
HAT-P-7 b,2.23551,0.9998224
HAT-P-7 b,2.25186,0.9999641
HAT-P-7 b,2.26821,0.9997859
HAT-P-7 b,2.28455,0.9999968
HAT-P-7 b,2.30090,1.0001938
HAT-P-7 b,2.31725,0.9998350
HAT-P-7 b,2.33360,1.0002468
HAT-P-7 b,2.34994,1.0000108
HAT-P-7 b,2.36629,1.0000380
HAT-P-7 b,2.38263,0.9999919
HAT-P-7 b,2.39898,0.9998495
HAT-P-7 b,2.41533,0.9998492
HAT-P-7 b,2.43168,1.0000543
HAT-P-7 b,2.44802,0.9999784
HAT-P-7 b,2.46437,0.9999500
HAT-P-7 b,2.48071,1.0001185
HAT-P-7 b,2.49706,1.0000164
HAT-P-7 b,2.51341,0.9999760
HAT-P-7 b,2.52976,0.9999925
HAT-P-7 b,2.54610,1.0001801
HAT-P-7 b,2.56245,0.9998738
HAT-P-7 b,2.57880,1.0001608
HAT-P-7 b,2.59514,1.0002409
HAT-P-7 b,2.61149,1.0003396
HAT-P-7 b,2.62783,1.0002117
HAT-P-7 b,2.64418,1.0001118
HAT-P-7 b,2.66053,0.9998871
HAT-P-7 b,2.67687,0.9999692
HAT-P-7 b,2.69322,0.9997838
HAT-P-7 b,2.70957,1.0000916
HAT-P-7 b,2.72591,1.0000242
HAT-P-7 b,2.74226,0.9999122
HAT-P-7 b,2.75861,0.9996401
HAT-P-7 b,2.77495,0.9999059
HAT-P-7 b,2.79130,0.9998696
HAT-P-7 b,2.80765,1.0003509
HAT-P-7 b,2.82399,0.9998800
HAT-P-7 b,2.84034,1.0002509
HAT-P-7 b,2.85669,1.0003509
HAT-P-7 b,2.87303,1.0000653
HAT-P-7 b,2.88938,0.9996910
HAT-P-7 b,2.90573,1.0000119
HAT-P-7 b,2.92207,1.0004205
HAT-P-7 b,2.93842,1.0000602
HAT-P-7 b,2.95477,1.0002294
HAT-P-7 b,2.97111,0.9999428
HAT-P-7 b,2.98746,1.0002353
HAT-P-7 b,3.00380,1.0001080
HAT-P-7 b,3.02015,1.0000882
HAT-P-7 b,3.03650,1.0002120
HAT-P-7 b,3.05285,1.0000058
HAT-P-7 b,3.06919,1.0000031
HAT-P-7 b,3.08554,0.9999895
HAT-P-7 b,3.10189,1.0002447
HAT-P-7 b,3.11823,0.9997119
HAT-P-7 b,3.13458,1.0000373
HAT-P-7 b,3.15093,0.9998020
HAT-P-7 b,3.16727,0.9999989
HAT-P-7 b,3.18362,1.0001369
HAT-P-7 b,3.19997,1.0002004
HAT-P-7 b,3.21631,0.9997951
HAT-P-7 b,3.23266,1.0002467
HAT-P-7 b,3.24901,0.9999167
HAT-P-7 b,3.26535,0.9996599
HAT-P-7 b,3.28170,0.9999290
HAT-P-7 b,3.29805,1.0000876
HAT-P-7 b,3.31439,1.0000165
HAT-P-7 b,3.33074,1.0000168
HAT-P-7 b,3.34709,0.9998122
HAT-P-7 b,3.36343,0.9997669
HAT-P-7 b,3.37978,0.9999350
HAT-P-7 b,3.39613,1.0001388
HAT-P-7 b,3.41247,0.9998997
HAT-P-7 b,3.42882,0.9998462
HAT-P-7 b,3.44516,0.9998004
HAT-P-7 b,3.46151,0.9998616
HAT-P-7 b,3.47786,0.9996403
HAT-P-7 b,3.49420,1.0000484
HAT-P-7 b,3.51055,0.9997538
HAT-P-7 b,3.52690,0.9999441
HAT-P-7 b,3.54324,0.9997544
HAT-P-7 b,3.55959,1.0001412
HAT-P-7 b,3.57594,0.9998911
HAT-P-7 b,3.59228,0.9997835
HAT-P-7 b,3.60863,0.9997424
HAT-P-7 b,3.62498,0.9996821
HAT-P-7 b,3.64132,0.9995001
HAT-P-7 b,3.65767,0.9995687
HAT-P-7 b,3.67402,0.9994915
HAT-P-7 b,3.69036,0.9996906
HAT-P-7 b,3.70671,0.9995453
HAT-P-7 b,3.72306,0.9998080
HAT-P-7 b,3.73940,0.9999430
HAT-P-7 b,3.75575,0.9999560
HAT-P-7 b,3.77210,0.9997058
HAT-P-7 b,3.78844,0.9999563
HAT-P-7 b,3.80479,0.9998784
HAT-P-7 b,3.82114,0.9998640
HAT-P-7 b,3.83748,0.9999700
HAT-P-7 b,3.85383,0.9995805
HAT-P-7 b,3.87018,0.9999241
HAT-P-7 b,3.88652,0.9996737
HAT-P-7 b,3.90287,0.9998392
HAT-P-7 b,3.91922,1.0000582
HAT-P-7 b,3.93556,0.9997886
HAT-P-7 b,3.95191,1.0000403
HAT-P-7 b,3.96826,1.0001537
HAT-P-7 b,3.98460,0.9999523
HAT-P-7 b,4.00095,0.9995967
HAT-P-7 b,4.01730,1.0000606
HAT-P-7 b,4.03364,0.9998666
HAT-P-7 b,4.04999,0.9996851
HAT-P-7 b,4.06634,1.0000566
HAT-P-7 b,4.08268,0.9999028
HAT-P-7 b,4.09903,0.9999791
HAT-P-7 b,4.11538,0.9999726
HAT-P-7 b,4.13172,0.9999816
HAT-P-7 b,4.14807,0.9998594
HAT-P-7 b,4.16442,0.9998870
HAT-P-7 b,4.18076,1.0000566
HAT-P-7 b,4.19711,0.9996300
HAT-P-7 b,4.21346,0.9997917
HAT-P-7 b,4.22980,0.9999717
HAT-P-7 b,4.24615,0.9998848
HAT-P-7 b,4.26249,0.9997490
HAT-P-7 b,4.27884,0.9999773
HAT-P-7 b,4.29519,1.0001483
HAT-P-7 b,4.31154,0.9999602
HAT-P-7 b,4.32788,0.9999381
HAT-P-7 b,4.34423,0.9999084
HAT-P-7 b,4.36057,0.9997353
HAT-P-7 b,4.37692,1.0000264
HAT-P-7 b,4.39327,0.9999037
HAT-P-7 b,4.40961,0.9998637
HAT-P-7 b,4.42596,0.9999503
HAT-P-7 b,4.44231,0.9999014
HAT-P-7 b,4.45865,0.9998611
HAT-P-7 b,4.47500,0.9999301
HAT-P-7 b,4.49135,0.9998550
HAT-P-7 b,4.50769,0.9998117
HAT-P-7 b,4.52404,0.9997443
HAT-P-7 b,4.54039,0.9999916
HAT-P-7 b,4.55674,1.0001068
HAT-P-7 b,4.57308,0.9998510
HAT-P-7 b,4.58943,1.0001029
HAT-P-7 b,4.60577,0.9995791
HAT-P-7 b,4.62212,0.9999130
HAT-P-7 b,4.63847,1.0000856
HAT-P-7 b,4.65482,0.9999306
HAT-P-7 b,4.67116,0.9997374
HAT-P-7 b,4.68751,0.9999391
HAT-P-7 b,4.70385,0.9998183
HAT-P-7 b,4.72020,0.9997817
HAT-P-7 b,4.73655,0.9997970
HAT-P-7 b,4.75289,1.0001276
HAT-P-7 b,4.76924,0.9998281
HAT-P-7 b,4.78559,1.0001630
HAT-P-7 b,4.80193,0.9999396
HAT-P-7 b,4.81828,0.9998464
HAT-P-7 b,4.83463,1.0000581
HAT-P-7 b,4.85097,1.0001722
HAT-P-7 b,4.86732,1.0001303
HAT-P-7 b,4.88367,1.0000979
HAT-P-7 b,4.90001,0.9999180
HAT-P-7 b,4.91636,0.9998997
HAT-P-7 b,4.93271,0.9999891
HAT-P-7 b,4.94905,0.9999078
HAT-P-7 b,4.96540,0.9999311
HAT-P-7 b,4.98175,0.9997819
HAT-P-7 b,4.99809,0.9998463
HAT-P-7 b,5.01444,0.9999004
HAT-P-7 b,5.03079,0.9997820
HAT-P-7 b,5.04713,1.0003253
HAT-P-7 b,5.06348,0.9998086
HAT-P-7 b,5.07983,0.9999855
HAT-P-7 b,5.09617,0.9998001
HAT-P-7 b,5.11252,0.9997821
HAT-P-7 b,5.12886,1.0000621
HAT-P-7 b,5.14521,0.9999229
HAT-P-7 b,5.16156,0.9998702
HAT-P-7 b,5.17791,1.0000387
HAT-P-7 b,5.19425,1.0002042
HAT-P-7 b,5.21060,0.9998960
HAT-P-7 b,5.22695,0.9999847
HAT-P-7 b,5.24329,1.0001594
HAT-P-7 b,5.25964,1.0000119
HAT-P-7 b,5.27599,1.0002886
HAT-P-7 b,5.29233,0.9999144
HAT-P-7 b,5.30868,1.0002520
HAT-P-7 b,5.32503,1.0001099
HAT-P-7 b,5.34137,1.0002287
HAT-P-7 b,5.35772,0.9998203
HAT-P-7 b,5.37407,1.0000703
HAT-P-7 b,5.39041,1.0001419
HAT-P-7 b,5.40676,0.9999703
HAT-P-7 b,5.42311,1.0002940
HAT-P-7 b,5.43945,0.9997850
HAT-P-7 b,5.45580,0.9998616
HAT-P-7 b,5.47215,0.9998055
HAT-P-7 b,5.48849,0.9997232
HAT-P-7 b,5.50484,1.0001945
HAT-P-7 b,5.52118,1.0001492
HAT-P-7 b,5.53753,1.0000713
HAT-P-7 b,5.55388,1.0002277
HAT-P-7 b,5.57022,1.0001296
HAT-P-7 b,5.58657,0.9999536
HAT-P-7 b,5.60292,0.9997617
HAT-P-7 b,5.61926,1.0000916
HAT-P-7 b,5.63561,0.9998685
HAT-P-7 b,5.65196,0.9999842
HAT-P-7 b,5.66830,0.9997984
HAT-P-7 b,5.68465,1.0000220
HAT-P-7 b,5.70100,1.0002886
HAT-P-7 b,5.71734,0.9999898
HAT-P-7 b,5.73369,1.0000497
HAT-P-7 b,5.75004,1.0000646
HAT-P-7 b,5.76638,1.0002513
HAT-P-7 b,5.78273,1.0001039
HAT-P-7 b,5.79908,0.9999345
HAT-P-7 b,5.81542,0.9998759
HAT-P-7 b,5.83177,0.9997788
HAT-P-7 b,5.84812,0.9997311
HAT-P-7 b,5.86446,0.9998654
HAT-P-7 b,5.88081,0.9999082
HAT-P-7 b,5.89716,1.0000059
HAT-P-7 b,5.91350,1.0000141
HAT-P-7 b,5.92985,0.9998912
HAT-P-7 b,5.94620,1.0000059
HAT-P-7 b,5.96254,1.0000282
HAT-P-7 b,5.97889,1.0000061
HAT-P-7 b,5.99524,0.9997352
HAT-P-7 b,6.01158,0.9998860
HAT-P-7 b,6.02793,0.9999608
HAT-P-7 b,6.04428,1.0000474
HAT-P-7 b,6.06062,0.9998315
HAT-P-7 b,6.07697,1.0001214
HAT-P-7 b,6.09332,1.0000412
HAT-P-7 b,6.10966,1.0001280
HAT-P-7 b,6.12601,1.0001210
HAT-P-7 b,6.14236,1.0000956
HAT-P-7 b,6.15870,1.0000735
HAT-P-7 b,6.17505,1.0003503
HAT-P-7 b,6.19139,1.0003050
HAT-P-7 b,6.20774,0.9998951
HAT-P-7 b,6.22409,1.0000519
HAT-P-7 b,6.24044,1.0000834
HAT-P-7 b,6.25678,1.0000554
HAT-P-7 b,6.27313,0.9999027
HAT-P-7 b,6.28948,1.0000218
HAT-P-7 b,6.30582,1.0002353
HAT-P-7 b,6.32217,1.0002744
HAT-P-7 b,6.33851,1.0002083
HAT-P-7 b,6.35486,1.0001382
HAT-P-7 b,6.37121,1.0003621
HAT-P-7 b,6.38755,1.0001845
HAT-P-7 b,6.40390,0.9999395
HAT-P-7 b,6.42025,1.0000744
HAT-P-7 b,6.43659,0.9999729
HAT-P-7 b,6.45294,1.0002096
HAT-P-7 b,6.46929,1.0000048
HAT-P-7 b,6.48563,1.0001787
HAT-P-7 b,6.50198,1.0000987
HAT-P-7 b,6.51833,0.9999573
HAT-P-7 b,6.53467,1.0000294
HAT-P-7 b,6.55102,0.9998799
HAT-P-7 b,6.56737,0.9999276
HAT-P-7 b,6.58371,1.0002234
HAT-P-7 b,6.60006,1.0002554
HAT-P-7 b,6.61641,1.0003070
HAT-P-7 b,6.63275,1.0001677
HAT-P-7 b,6.64910,1.0001466
HAT-P-7 b,6.66545,1.0003731
HAT-P-7 b,6.68180,1.0000845
HAT-P-7 b,6.69814,1.0000926
HAT-P-7 b,6.71449,1.0001008
HAT-P-7 b,6.73083,0.9997939
HAT-P-7 b,6.74718,1.0000200
HAT-P-7 b,6.76353,0.9999207
HAT-P-7 b,6.77987,0.9997684
HAT-P-7 b,6.79622,1.0002646
HAT-P-7 b,6.81257,1.0001071
HAT-P-7 b,6.82891,1.0000431
HAT-P-7 b,6.84526,1.0000652
HAT-P-7 b,6.86161,0.9998759
HAT-P-7 b,6.87795,1.0000253
HAT-P-7 b,6.89430,0.9999787
HAT-P-7 b,6.91065,1.0002284
HAT-P-7 b,6.92699,1.0003004
HAT-P-7 b,6.94334,1.0001665
HAT-P-7 b,6.95969,1.0001433
HAT-P-7 b,6.97603,0.9999545
HAT-P-7 b,6.99238,0.9999113
HAT-P-7 b,7.00873,1.0001032
HAT-P-7 b,7.02507,0.9999465
HAT-P-7 b,7.04142,0.9998042
HAT-P-7 b,7.05777,0.9997397
HAT-P-7 b,7.07411,0.9998298
HAT-P-7 b,7.09046,0.9999836
HAT-P-7 b,7.10680,0.9997642
HAT-P-7 b,7.12315,0.9995872
HAT-P-7 b,7.13950,0.9998788
HAT-P-7 b,7.15584,0.9998199
HAT-P-7 b,7.17219,1.0000304
HAT-P-7 b,7.18854,1.0001053
HAT-P-7 b,7.20489,1.0001114
HAT-P-7 b,7.22123,0.9999950
HAT-P-7 b,7.23758,1.0001739
HAT-P-7 b,7.25392,0.9999136
HAT-P-7 b,7.27027,1.0001294
HAT-P-7 b,7.28662,0.9997566
HAT-P-7 b,7.30297,1.0000556
HAT-P-7 b,7.31931,0.9999740
HAT-P-7 b,7.33566,0.9997529
HAT-P-7 b,7.35201,0.9997876
HAT-P-7 b,7.36835,1.0000922
HAT-P-7 b,7.38470,0.9999985
HAT-P-7 b,7.40104,1.0000439
HAT-P-7 b,7.41739,1.0001917
HAT-P-7 b,7.43374,1.0002933
HAT-P-7 b,7.45009,0.9997898
HAT-P-7 b,7.46643,1.0003130
HAT-P-7 b,7.48278,0.9999538
HAT-P-7 b,7.49912,1.0001300
HAT-P-7 b,7.51547,1.0002058
HAT-P-7 b,7.53182,0.9997807
HAT-P-7 b,7.54816,0.9998744
HAT-P-7 b,7.56451,0.9999852
HAT-P-7 b,7.58086,0.9999442
HAT-P-7 b,7.59720,1.0001337
HAT-P-7 b,7.61355,1.0001041
HAT-P-7 b,7.62990,0.9999202
HAT-P-7 b,7.64624,1.0002372
HAT-P-7 b,7.66259,1.0000713
HAT-P-7 b,7.67894,0.9999212
HAT-P-7 b,7.69528,1.0002558
HAT-P-7 b,7.71163,0.9997548
HAT-P-7 b,7.72798,1.0002309
HAT-P-7 b,7.74432,1.0002243
HAT-P-7 b,7.76067,0.9997482
HAT-P-7 b,7.77702,0.9997390
HAT-P-7 b,7.79336,0.9998576
HAT-P-7 b,7.80971,0.9999820
HAT-P-7 b,7.82606,0.9998642
HAT-P-7 b,7.84240,0.9997650
HAT-P-7 b,7.85875,0.9997502
HAT-P-7 b,7.87510,0.9997482
HAT-P-7 b,7.89144,0.9996919
HAT-P-7 b,7.90779,0.9997568
HAT-P-7 b,7.92414,0.9999876
HAT-P-7 b,7.94048,1.0000553
HAT-P-7 b,7.95683,1.0002039
HAT-P-7 b,7.97318,0.9999103
HAT-P-7 b,7.98952,1.0000232
HAT-P-7 b,8.00587,0.9998953
HAT-P-7 b,8.02221,1.0000152
HAT-P-7 b,8.03856,1.0001241
HAT-P-7 b,8.05491,1.0002428
HAT-P-7 b,8.07126,1.0001262
HAT-P-7 b,8.08760,1.0001411
HAT-P-7 b,8.10395,1.0001219
HAT-P-7 b,8.12030,0.9999321
HAT-P-7 b,8.13664,0.9999879
HAT-P-7 b,8.15299,1.0001608
HAT-P-7 b,8.16933,1.0002463
HAT-P-7 b,8.18568,1.0002989
HAT-P-7 b,8.20203,0.9999878
HAT-P-7 b,8.21838,0.9998936
HAT-P-7 b,8.23472,0.9999295
HAT-P-7 b,8.25107,1.0002329
HAT-P-7 b,8.26742,1.0000198
HAT-P-7 b,8.28376,1.0000396
HAT-P-7 b,8.30011,1.0001868
HAT-P-7 b,8.31645,1.0003683
HAT-P-7 b,8.33280,0.9998295
HAT-P-7 b,8.34915,1.0002242
HAT-P-7 b,8.36549,1.0001767
HAT-P-7 b,8.38184,1.0000011
HAT-P-7 b,8.39819,1.0001565
HAT-P-7 b,-8.38959,1.0001975
HAT-P-7 b,-8.37324,0.9998272
HAT-P-7 b,-8.35689,0.9998383
HAT-P-7 b,-8.34055,1.0001445
HAT-P-7 b,-8.32420,1.0000663
HAT-P-7 b,-8.30785,0.9999068
HAT-P-7 b,-8.29151,1.0000459
HAT-P-7 b,-8.27516,0.9998674
HAT-P-7 b,-8.25882,0.9999952
HAT-P-7 b,-8.24247,1.0000113
HAT-P-7 b,-8.22612,0.9998403
HAT-P-7 b,-8.20978,1.0000593
HAT-P-7 b,-8.19343,0.9998637
HAT-P-7 b,-8.17708,1.0001416
HAT-P-7 b,-8.16074,1.0000082
HAT-P-7 b,-8.14439,1.0000260
HAT-P-7 b,-8.12804,1.0001585
HAT-P-7 b,-8.11170,0.9999960
HAT-P-7 b,-8.09535,0.9999480
HAT-P-7 b,-8.07900,0.9995674
HAT-P-7 b,-8.06266,0.9998442
HAT-P-7 b,-8.04631,1.0000621
HAT-P-7 b,-8.02996,0.9999908
HAT-P-7 b,-8.01362,0.9999320
HAT-P-7 b,-7.99727,0.9996203
HAT-P-7 b,-7.98092,0.9998933
HAT-P-7 b,-7.96458,1.0000479
HAT-P-7 b,-7.94823,1.0001947
HAT-P-7 b,-7.93188,1.0000490
HAT-P-7 b,-7.91553,1.0000422
HAT-P-7 b,-7.89919,1.0001069
HAT-P-7 b,-7.88285,1.0000389
HAT-P-7 b,-7.86650,0.9998215
HAT-P-7 b,-7.85015,0.9998471
HAT-P-7 b,-7.83380,1.0001897
HAT-P-7 b,-7.81746,1.0000488
HAT-P-7 b,-7.80111,1.0003275
HAT-P-7 b,-7.78476,1.0001053
HAT-P-7 b,-7.76842,0.9998760
HAT-P-7 b,-7.75207,1.0001667
HAT-P-7 b,-7.73573,0.9999589
HAT-P-7 b,-7.71938,1.0000833
HAT-P-7 b,-7.70303,0.9998878
HAT-P-7 b,-7.68668,0.9998327
HAT-P-7 b,-7.67034,0.9997878
HAT-P-7 b,-7.65399,0.9998925
HAT-P-7 b,-7.63765,1.0000317
HAT-P-7 b,-7.62130,1.0001259
HAT-P-7 b,-7.60495,0.9998820
HAT-P-7 b,-7.58861,1.0000892
HAT-P-7 b,-7.57226,1.0002159
HAT-P-7 b,-7.55591,1.0002870
HAT-P-7 b,-7.53956,1.0002291
HAT-P-7 b,-7.52322,0.9999642
HAT-P-7 b,-7.50687,1.0000076
HAT-P-7 b,-7.49053,0.9998725
HAT-P-7 b,-7.47418,0.9999713
HAT-P-7 b,-7.45783,1.0000755
HAT-P-7 b,-7.44149,1.0002913
HAT-P-7 b,-7.42514,1.0002975
HAT-P-7 b,-7.40879,1.0005693
HAT-P-7 b,-7.39244,1.0002932
HAT-P-7 b,-7.37610,1.0001495
HAT-P-7 b,-7.35976,1.0000675
HAT-P-7 b,-7.34341,1.0001051
HAT-P-7 b,-7.32706,1.0001406
HAT-P-7 b,-7.31071,1.0000099
HAT-P-7 b,-7.29437,1.0000506
HAT-P-7 b,-7.27802,1.0000953
HAT-P-7 b,-7.26167,1.0000343
HAT-P-7 b,-7.24533,0.9999652
HAT-P-7 b,-7.22898,0.9998955
HAT-P-7 b,-7.21264,0.9997368
HAT-P-7 b,-7.19629,1.0002416
HAT-P-7 b,-7.17994,0.9999379
HAT-P-7 b,-7.16359,0.9998004
HAT-P-7 b,-7.14725,0.9998530
HAT-P-7 b,-7.13090,1.0000408
HAT-P-7 b,-7.11456,1.0001201
HAT-P-7 b,-7.09821,0.9999774
HAT-P-7 b,-7.08186,1.0001398
HAT-P-7 b,-7.06552,0.9999634
HAT-P-7 b,-7.04917,0.9999184
HAT-P-7 b,-7.03282,1.0002355
HAT-P-7 b,-7.01647,1.0001018
HAT-P-7 b,-7.00013,0.9998287
HAT-P-7 b,-6.98378,0.9999213
HAT-P-7 b,-6.96744,0.9999630
HAT-P-7 b,-6.95109,1.0000996
HAT-P-7 b,-6.93474,0.9998327
HAT-P-7 b,-6.91840,0.9999202
HAT-P-7 b,-6.90205,0.9998809
HAT-P-7 b,-6.88570,0.9998419
HAT-P-7 b,-6.86935,0.9998195
HAT-P-7 b,-6.85301,0.9997218
HAT-P-7 b,-6.83666,0.9999345
HAT-P-7 b,-6.82032,0.9996382
HAT-P-7 b,-6.80397,0.9998047
HAT-P-7 b,-6.78762,0.9997230
HAT-P-7 b,-6.77128,0.9998509
HAT-P-7 b,-6.75493,0.9999699
HAT-P-7 b,-6.73858,0.9996924
HAT-P-7 b,-6.72223,0.9999012
HAT-P-7 b,-6.70589,0.9998652
HAT-P-7 b,-6.68955,1.0000850
HAT-P-7 b,-6.67320,1.0000086
HAT-P-7 b,-6.65685,0.9999295
HAT-P-7 b,-6.64050,0.9997791
HAT-P-7 b,-6.62416,1.0001172
HAT-P-7 b,-6.60781,0.9998326
HAT-P-7 b,-6.59146,0.9999805
HAT-P-7 b,-6.57512,0.9999399
HAT-P-7 b,-6.55877,1.0001017
HAT-P-7 b,-6.54243,0.9997887
HAT-P-7 b,-6.52608,1.0000568
HAT-P-7 b,-6.50973,0.9998213
HAT-P-7 b,-6.49338,0.9999821
HAT-P-7 b,-6.47704,0.9999711
HAT-P-7 b,-6.46069,1.0000750
HAT-P-7 b,-6.44435,0.9999327
HAT-P-7 b,-6.42800,1.0002993
HAT-P-7 b,-6.41165,0.9999606
HAT-P-7 b,-6.39530,1.0001776
HAT-P-7 b,-6.37896,1.0001822
HAT-P-7 b,-6.36261,1.0000751
HAT-P-7 b,-6.34626,0.9999194
HAT-P-7 b,-6.32992,1.0001691
HAT-P-7 b,-6.31357,0.9998565
HAT-P-7 b,-6.29723,0.9999660
HAT-P-7 b,-6.28088,1.0000862
HAT-P-7 b,-6.26453,0.9998644
HAT-P-7 b,-6.24819,1.0000849
HAT-P-7 b,-6.23184,1.0000072
HAT-P-7 b,-6.21549,1.0002534
HAT-P-7 b,-6.19914,1.0000429
HAT-P-7 b,-6.18280,1.0001653
HAT-P-7 b,-6.16645,1.0002607
HAT-P-7 b,-6.15011,1.0000159
HAT-P-7 b,-6.13376,1.0001821
HAT-P-7 b,-6.11741,0.9996657
HAT-P-7 b,-6.10107,0.9999808
HAT-P-7 b,-6.08472,0.9996822
HAT-P-7 b,-6.06837,1.0000630
HAT-P-7 b,-6.05203,1.0001627
HAT-P-7 b,-6.03568,0.9998442
HAT-P-7 b,-6.01933,0.9998162
HAT-P-7 b,-6.00299,1.0001801
HAT-P-7 b,-5.98664,0.9998850
HAT-P-7 b,-5.97029,0.9999552
HAT-P-7 b,-5.95395,1.0000314
HAT-P-7 b,-5.93760,0.9996984
HAT-P-7 b,-5.92126,0.9999113
HAT-P-7 b,-5.90491,0.9999032
HAT-P-7 b,-5.88856,0.9998905
HAT-P-7 b,-5.87221,0.9998357
HAT-P-7 b,-5.85587,0.9998842
HAT-P-7 b,-5.83952,1.0000545
HAT-P-7 b,-5.82317,1.0000489
HAT-P-7 b,-5.80683,0.9998086
HAT-P-7 b,-5.79048,0.9995322
HAT-P-7 b,-5.77414,0.9998772
HAT-P-7 b,-5.75779,1.0000137
HAT-P-7 b,-5.74144,0.9998185
HAT-P-7 b,-5.72509,1.0001049
HAT-P-7 b,-5.70875,1.0001417
HAT-P-7 b,-5.69240,1.0001480
HAT-P-7 b,-5.67605,1.0003425
HAT-P-7 b,-5.65971,1.0001581
HAT-P-7 b,-5.64336,1.0000735
HAT-P-7 b,-5.62701,1.0001261
HAT-P-7 b,-5.61067,0.9999114
HAT-P-7 b,-5.59432,1.0001487
HAT-P-7 b,-5.57797,0.9999369
HAT-P-7 b,-5.56163,0.9999088
HAT-P-7 b,-5.54528,0.9999557
HAT-P-7 b,-5.52894,1.0002103
HAT-P-7 b,-5.51259,1.0000981
HAT-P-7 b,-5.49624,1.0000257
HAT-P-7 b,-5.47990,1.0000567
HAT-P-7 b,-5.46355,1.0002470
HAT-P-7 b,-5.44720,1.0001269
HAT-P-7 b,-5.43086,1.0000977
HAT-P-7 b,-5.41451,1.0000276
HAT-P-7 b,-5.39816,1.0003177
HAT-P-7 b,-5.38182,0.9998544
HAT-P-7 b,-5.36547,0.9999639
HAT-P-7 b,-5.34912,1.0003764
HAT-P-7 b,-5.33278,1.0000349
HAT-P-7 b,-5.31643,1.0002172
HAT-P-7 b,-5.30008,0.9999027
HAT-P-7 b,-5.28374,0.9998377
HAT-P-7 b,-5.26739,0.9998949
HAT-P-7 b,-5.25104,0.9997559
HAT-P-7 b,-5.23470,1.0000526
HAT-P-7 b,-5.21835,0.9999323
HAT-P-7 b,-5.20200,0.9998080
HAT-P-7 b,-5.18566,0.9998609
HAT-P-7 b,-5.16931,0.9998980
HAT-P-7 b,-5.15296,1.0001718
HAT-P-7 b,-5.13662,1.0002383
HAT-P-7 b,-5.12027,1.0001620
HAT-P-7 b,-5.10392,0.9999848
HAT-P-7 b,-5.08758,1.0001713
HAT-P-7 b,-5.07123,0.9998421
HAT-P-7 b,-5.05488,0.9999700
HAT-P-7 b,-5.03854,0.9998569
HAT-P-7 b,-5.02219,1.0001123
HAT-P-7 b,-5.00584,0.9999776
HAT-P-7 b,-4.98950,1.0000542
HAT-P-7 b,-4.97315,0.9999059
HAT-P-7 b,-4.95680,0.9999380
HAT-P-7 b,-4.94046,0.9998743
HAT-P-7 b,-4.92411,1.0001700
HAT-P-7 b,-4.90776,1.0001738
HAT-P-7 b,-4.89142,0.9997776
HAT-P-7 b,-4.87507,0.9999320
HAT-P-7 b,-4.85873,1.0000796
HAT-P-7 b,-4.84238,1.0000144
HAT-P-7 b,-4.82603,1.0002813
HAT-P-7 b,-4.80968,1.0000822
HAT-P-7 b,-4.79334,0.9999548
HAT-P-7 b,-4.77699,1.0000182
HAT-P-7 b,-4.76064,0.9998825
HAT-P-7 b,-4.74430,0.9999832
HAT-P-7 b,-4.72795,0.9998562
HAT-P-7 b,-4.71161,1.0003375
HAT-P-7 b,-4.69526,1.0001987
HAT-P-7 b,-4.67891,0.9999639
HAT-P-7 b,-4.66257,1.0000243
HAT-P-7 b,-4.64622,0.9997438
HAT-P-7 b,-4.62987,1.0000643
HAT-P-7 b,-4.61353,0.9998974
HAT-P-7 b,-4.59718,1.0000297
HAT-P-7 b,-4.58083,1.0000316
HAT-P-7 b,-4.56449,1.0000632
HAT-P-7 b,-4.54814,1.0001919
HAT-P-7 b,-4.53179,1.0002359
HAT-P-7 b,-4.51545,1.0001760
HAT-P-7 b,-4.49910,0.9998568
HAT-P-7 b,-4.48275,0.9998470
HAT-P-7 b,-4.46641,0.9999705
HAT-P-7 b,-4.45006,0.9998755
HAT-P-7 b,-4.43371,1.0000200
HAT-P-7 b,-4.41737,0.9998396
HAT-P-7 b,-4.40102,0.9999818
HAT-P-7 b,-4.38467,0.9999785
HAT-P-7 b,-4.36833,0.9998980
HAT-P-7 b,-4.35198,0.9997570
HAT-P-7 b,-4.33564,0.9998789
HAT-P-7 b,-4.31929,1.0001091
HAT-P-7 b,-4.30294,0.9998824
HAT-P-7 b,-4.28659,0.9997577
HAT-P-7 b,-4.27025,0.9999171
HAT-P-7 b,-4.25390,0.9999486
HAT-P-7 b,-4.23755,0.9999835
HAT-P-7 b,-4.22121,1.0000183
HAT-P-7 b,-4.20486,1.0001743
HAT-P-7 b,-4.18852,0.9999731
HAT-P-7 b,-4.17217,0.9999556
HAT-P-7 b,-4.15582,0.9998278
HAT-P-7 b,-4.13947,0.9997200
HAT-P-7 b,-4.12313,1.0001250
HAT-P-7 b,-4.10678,0.9998149
HAT-P-7 b,-4.09043,1.0002712
HAT-P-7 b,-4.07409,1.0000414
HAT-P-7 b,-4.05774,1.0002164
HAT-P-7 b,-4.04140,1.0000922
HAT-P-7 b,-4.02505,1.0002392
HAT-P-7 b,-4.00870,1.0000089
HAT-P-7 b,-3.99235,1.0002953
HAT-P-7 b,-3.97601,1.0002162
HAT-P-7 b,-3.95966,1.0001503
HAT-P-7 b,-3.94332,1.0000449
HAT-P-7 b,-3.92697,1.0001260
HAT-P-7 b,-3.91062,1.0001412
HAT-P-7 b,-3.89428,0.9998053
HAT-P-7 b,-3.87793,0.9999105
HAT-P-7 b,-3.86158,1.0001068
HAT-P-7 b,-3.84523,0.9999223
HAT-P-7 b,-3.82889,1.0000962
HAT-P-7 b,-3.81255,1.0000887
HAT-P-7 b,-3.79620,0.9998449
HAT-P-7 b,-3.77985,0.9997093
HAT-P-7 b,-3.76350,1.0001838
HAT-P-7 b,-3.74716,1.0000102
HAT-P-7 b,-3.73081,1.0004527
HAT-P-7 b,-3.71446,1.0005117
HAT-P-7 b,-3.69812,1.0002612
HAT-P-7 b,-3.68177,0.9999547
HAT-P-7 b,-3.66543,1.0002231
HAT-P-7 b,-3.64908,0.9998495
HAT-P-7 b,-3.63273,0.9998992
HAT-P-7 b,-3.61638,0.9998891
HAT-P-7 b,-3.60004,0.9999075
HAT-P-7 b,-3.58369,1.0000755
HAT-P-7 b,-3.56734,1.0000963
HAT-P-7 b,-3.55100,1.0002961
HAT-P-7 b,-3.53465,0.9999929
HAT-P-7 b,-3.51831,1.0001556
HAT-P-7 b,-3.50196,1.0003293
HAT-P-7 b,-3.48561,1.0001891
HAT-P-7 b,-3.46926,1.0000877
HAT-P-7 b,-3.45292,1.0001080
HAT-P-7 b,-3.43657,0.9998866
HAT-P-7 b,-3.42022,1.0001702
HAT-P-7 b,-3.40388,1.0000770
HAT-P-7 b,-3.38753,0.9998505
HAT-P-7 b,-3.37119,0.9999678
HAT-P-7 b,-3.35484,0.9999088
HAT-P-7 b,-3.33849,1.0001506
HAT-P-7 b,-3.32214,1.0000344
HAT-P-7 b,-3.30580,0.9997282
HAT-P-7 b,-3.28945,0.9999469
HAT-P-7 b,-3.27311,0.9999443
HAT-P-7 b,-3.25676,1.0001996
HAT-P-7 b,-3.24041,1.0000760
HAT-P-7 b,-3.22407,0.9998487
HAT-P-7 b,-3.20772,0.9998256
HAT-P-7 b,-3.19137,1.0000225
HAT-P-7 b,-3.17503,0.9997356
HAT-P-7 b,-3.15868,0.9999333
HAT-P-7 b,-3.14234,0.9999816
HAT-P-7 b,-3.12599,0.9996661
HAT-P-7 b,-3.10964,0.9999920
HAT-P-7 b,-3.09329,0.9998605
HAT-P-7 b,-3.07695,0.9998067
HAT-P-7 b,-3.06060,1.0002528
HAT-P-7 b,-3.04425,1.0000845
HAT-P-7 b,-3.02791,0.9999157
HAT-P-7 b,-3.01156,0.9998272
HAT-P-7 b,-2.99522,1.0001416
HAT-P-7 b,-2.97887,0.9999085
HAT-P-7 b,-2.96252,1.0001025
HAT-P-7 b,-2.94617,1.0001421
HAT-P-7 b,-2.92983,1.0001070
HAT-P-7 b,-2.91348,0.9999318
HAT-P-7 b,-2.89713,0.9998534
HAT-P-7 b,-2.88079,1.0000295
HAT-P-7 b,-2.86444,0.9999927
HAT-P-7 b,-2.84810,0.9998170
HAT-P-7 b,-2.83175,0.9999614
HAT-P-7 b,-2.81540,1.0000841
HAT-P-7 b,-2.79905,0.9999343
HAT-P-7 b,-2.78271,0.9998445
HAT-P-7 b,-2.76636,0.9998048
HAT-P-7 b,-2.75002,0.9999536
HAT-P-7 b,-2.73367,0.9999122
HAT-P-7 b,-2.71732,0.9999082
HAT-P-7 b,-2.70098,1.0001021
HAT-P-7 b,-2.68463,0.9998771
HAT-P-7 b,-2.66828,0.9998865
HAT-P-7 b,-2.65194,0.9998679
HAT-P-7 b,-2.63559,0.9997844
HAT-P-7 b,-2.61924,1.0000918
HAT-P-7 b,-2.60290,0.9998838
HAT-P-7 b,-2.58655,0.9999871
HAT-P-7 b,-2.57020,1.0000885
HAT-P-7 b,-2.55386,0.9996168
HAT-P-7 b,-2.53751,0.9998992
HAT-P-7 b,-2.52116,0.9999451
HAT-P-7 b,-2.50482,0.9999660
HAT-P-7 b,-2.48847,0.9997028
HAT-P-7 b,-2.47212,0.9997378
HAT-P-7 b,-2.45578,1.0000382
HAT-P-7 b,-2.43943,0.9999500
HAT-P-7 b,-2.42308,1.0001862
HAT-P-7 b,-2.40674,1.0000488
HAT-P-7 b,-2.39039,1.0002475
HAT-P-7 b,-2.37404,0.9998404
HAT-P-7 b,-2.35770,0.9998890
HAT-P-7 b,-2.34135,0.9999077
HAT-P-7 b,-2.32501,0.9999046
HAT-P-7 b,-2.30866,0.9999620
HAT-P-7 b,-2.29231,0.9998387
HAT-P-7 b,-2.27596,1.0000937
HAT-P-7 b,-2.25962,1.0000311
HAT-P-7 b,-2.24327,0.9999804
HAT-P-7 b,-2.22693,0.9997255
HAT-P-7 b,-2.21058,1.0000736
HAT-P-7 b,-2.19423,0.9988756
HAT-P-7 b,-2.17788,0.9999225
HAT-P-7 b,-2.16154,1.0000184
HAT-P-7 b,-2.14519,0.9999048
HAT-P-7 b,-2.12884,1.0001449
HAT-P-7 b,-2.11250,1.0000466
HAT-P-7 b,-2.09615,0.9999571
HAT-P-7 b,-2.07980,0.9999893
HAT-P-7 b,-2.06346,1.0005010
HAT-P-7 b,-2.04711,1.0000845
HAT-P-7 b,-2.03076,1.0001213
HAT-P-7 b,-2.01442,0.9999167
HAT-P-7 b,-1.99807,1.0001823
HAT-P-7 b,-1.98172,1.0000015
HAT-P-7 b,-1.96538,0.9999333
HAT-P-7 b,-1.94903,0.9998277
HAT-P-7 b,-1.93269,0.9996943
HAT-P-7 b,-1.91634,0.9995958
HAT-P-7 b,-1.89999,0.9994293
HAT-P-7 b,-1.88365,0.9990755
HAT-P-7 b,-1.86730,0.9991809
HAT-P-7 b,-1.85095,0.9987187
HAT-P-7 b,-1.83461,0.9985719
HAT-P-7 b,-1.81826,0.9982950
HAT-P-7 b,-1.80191,0.9978391
HAT-P-7 b,-1.78557,0.9977752
HAT-P-7 b,-1.76922,0.9971824
HAT-P-7 b,-1.75287,0.9971501
HAT-P-7 b,-1.73653,0.9968053
HAT-P-7 b,-1.72018,0.9966043
HAT-P-7 b,-1.70383,0.9962700
HAT-P-7 b,-1.68749,0.9958366
HAT-P-7 b,-1.67114,0.9956011
HAT-P-7 b,-1.65479,0.9955762
HAT-P-7 b,-1.63845,0.9954621
HAT-P-7 b,-1.62210,0.9950945
HAT-P-7 b,-1.60575,0.9947840
HAT-P-7 b,-1.58941,0.9949634
HAT-P-7 b,-1.57306,0.9950561
HAT-P-7 b,-1.55671,0.9947723
HAT-P-7 b,-1.54037,0.9950869
HAT-P-7 b,-1.52402,0.9947411
HAT-P-7 b,-1.50767,0.9948202
HAT-P-7 b,-1.49133,0.9945436
HAT-P-7 b,-1.47498,0.9945850
HAT-P-7 b,-1.45863,0.9943270
HAT-P-7 b,-1.44229,0.9945667
HAT-P-7 b,-1.42594,0.9943023
HAT-P-7 b,-1.40959,0.9942809
HAT-P-7 b,-1.39325,0.9943404
HAT-P-7 b,-1.37690,0.9942781
HAT-P-7 b,-1.36055,0.9943172
HAT-P-7 b,-1.34421,0.9940853
HAT-P-7 b,-1.32786,0.9940721
HAT-P-7 b,-1.31151,0.9944339
HAT-P-7 b,-1.29517,0.9943747
HAT-P-7 b,-1.27882,0.9942685
HAT-P-7 b,-1.26247,0.9940416
HAT-P-7 b,-1.24613,0.9941326
HAT-P-7 b,-1.22978,0.9939579
HAT-P-7 b,-1.21343,0.9939568
HAT-P-7 b,-1.19709,0.9940624
HAT-P-7 b,-1.18074,0.9939515
HAT-P-7 b,-1.16440,0.9940483
HAT-P-7 b,-1.14805,0.9938271
HAT-P-7 b,-1.13170,0.9939398
HAT-P-7 b,-1.11536,0.9938453
HAT-P-7 b,-1.09901,0.9938375
HAT-P-7 b,-1.08266,0.9937074
HAT-P-7 b,-1.06632,0.9936754
HAT-P-7 b,-1.04997,0.9936503
HAT-P-7 b,-1.03362,0.9934638
HAT-P-7 b,-1.01728,0.9935044
HAT-P-7 b,-1.00093,0.9938424
HAT-P-7 b,-0.98458,0.9938145
HAT-P-7 b,-0.96824,0.9935630
HAT-P-7 b,-0.95189,0.9939472
HAT-P-7 b,-0.93554,0.9937805
HAT-P-7 b,-0.91920,0.9934582
HAT-P-7 b,-0.90285,0.9937726
HAT-P-7 b,-0.88650,0.9935676
HAT-P-7 b,-0.87016,0.9934961
HAT-P-7 b,-0.85381,0.9934209
HAT-P-7 b,-0.83746,0.9934230
HAT-P-7 b,-0.82112,0.9936998
HAT-P-7 b,-0.80477,0.9935607
HAT-P-7 b,-0.78842,0.9933860
HAT-P-7 b,-0.77208,0.9933923
HAT-P-7 b,-0.75573,0.9933792
HAT-P-7 b,-0.73938,0.9932162
HAT-P-7 b,-0.72304,0.9934726
HAT-P-7 b,-0.70669,0.9935241
HAT-P-7 b,-0.69034,0.9931042
HAT-P-7 b,-0.67400,0.9931345
HAT-P-7 b,-0.65765,0.9934423
HAT-P-7 b,-0.64131,0.9935096
HAT-P-7 b,-0.62496,0.9934002
HAT-P-7 b,-0.60861,0.9934907
HAT-P-7 b,-0.59226,0.9935172
HAT-P-7 b,-0.57592,0.9934856
HAT-P-7 b,-0.55957,0.9935091
HAT-P-7 b,-0.54322,0.9935975
HAT-P-7 b,-0.52688,0.9934738
HAT-P-7 b,-0.51053,0.9937069
HAT-P-7 b,-0.49419,0.9934341
HAT-P-7 b,-0.47784,0.9935123
HAT-P-7 b,-0.46149,0.9934705
HAT-P-7 b,-0.44514,0.9935238
HAT-P-7 b,-0.42880,0.9932775
HAT-P-7 b,-0.41245,0.9933841
HAT-P-7 b,-0.39610,0.9934221
HAT-P-7 b,-0.37976,0.9934935
HAT-P-7 b,-0.36341,0.9933086
HAT-P-7 b,-0.34707,0.9934815
HAT-P-7 b,-0.33072,0.9932973
HAT-P-7 b,-0.31437,0.9934283
HAT-P-7 b,-0.29803,0.9934248
HAT-P-7 b,-0.28168,0.9932689
HAT-P-7 b,-0.26533,0.9934647
HAT-P-7 b,-0.24898,0.9932984
HAT-P-7 b,-0.23264,0.9933090
HAT-P-7 b,-0.21629,0.9932905
HAT-P-7 b,-0.19995,0.9930542
HAT-P-7 b,-0.18360,0.9931983
HAT-P-7 b,-0.16725,0.9931876
HAT-P-7 b,-0.15091,0.9934644
HAT-P-7 b,-0.13456,0.9932195
HAT-P-7 b,-0.11821,0.9930847
HAT-P-7 b,-0.10187,0.9931349
HAT-P-7 b,-0.08552,0.9933011
HAT-P-7 b,-0.06917,0.9929789
HAT-P-7 b,-0.05283,0.9932908
HAT-P-7 b,-0.03648,0.9932061
HAT-P-7 b,-0.02013,0.9932035
HAT-P-7 b,-0.00379,0.9933794
HAT-P-7 b,0.01256,0.9931243
HAT-P-7 b,0.02890,0.9929929
HAT-P-7 b,0.04525,0.9933897
HAT-P-7 b,0.06160,0.9931351
HAT-P-7 b,0.07795,0.9934452
HAT-P-7 b,0.09429,0.9931106
HAT-P-7 b,0.11064,0.9933117
HAT-P-7 b,0.12699,0.9932372
HAT-P-7 b,0.14333,0.9930076
HAT-P-7 b,0.15968,0.9932169
HAT-P-7 b,0.17602,0.9930377
HAT-P-7 b,0.19237,0.9933652
HAT-P-7 b,0.20872,0.9931772
HAT-P-7 b,0.22506,0.9930929
HAT-P-7 b,0.24141,0.9931087
HAT-P-7 b,0.25776,0.9930840
HAT-P-7 b,0.27411,0.9932701
HAT-P-7 b,0.29045,0.9931418
HAT-P-7 b,0.30680,0.9929260
HAT-P-7 b,0.32314,0.9935085
HAT-P-7 b,0.33949,0.9929161
HAT-P-7 b,0.35584,0.9931316
HAT-P-7 b,0.37218,0.9934632
HAT-P-7 b,0.38853,0.9929861
HAT-P-7 b,0.40488,0.9936065
HAT-P-7 b,0.42122,0.9936322
HAT-P-7 b,0.43757,0.9933479
HAT-P-7 b,0.45392,0.9936043
HAT-P-7 b,0.47026,0.9931293
HAT-P-7 b,0.48661,0.9933352
HAT-P-7 b,0.50296,0.9933631
HAT-P-7 b,0.51930,0.9934031
HAT-P-7 b,0.53565,0.9933360
HAT-P-7 b,0.55199,0.9935087
HAT-P-7 b,0.56834,0.9933095
HAT-P-7 b,0.58469,0.9934551
HAT-P-7 b,0.60103,0.9936519
HAT-P-7 b,0.61738,0.9935613
HAT-P-7 b,0.63373,0.9934453
HAT-P-7 b,0.65008,0.9935870
HAT-P-7 b,0.66642,0.9937673
HAT-P-7 b,0.68277,0.9934741
HAT-P-7 b,0.69911,0.9936150
HAT-P-7 b,0.71546,0.9933829
HAT-P-7 b,0.73181,0.9934975
HAT-P-7 b,0.74816,0.9934850
HAT-P-7 b,0.76450,0.9935571
HAT-P-7 b,0.78085,0.9934878
HAT-P-7 b,0.79720,0.9936515
HAT-P-7 b,0.81354,0.9937213
HAT-P-7 b,0.82989,0.9936452
HAT-P-7 b,0.84623,0.9937388
HAT-P-7 b,0.86258,0.9935293
HAT-P-7 b,0.87893,0.9937283
HAT-P-7 b,0.89527,0.9937600
HAT-P-7 b,0.91162,0.9937659
HAT-P-7 b,0.92797,0.9939439
HAT-P-7 b,0.94431,0.9937049
HAT-P-7 b,0.96066,0.9939000
HAT-P-7 b,0.97701,0.9935763
HAT-P-7 b,0.99335,0.9937566
HAT-P-7 b,1.00970,0.9937348
HAT-P-7 b,1.02605,0.9939525
HAT-P-7 b,1.04239,0.9937682
HAT-P-7 b,1.05874,0.9939596
HAT-P-7 b,1.07509,0.9937371
HAT-P-7 b,1.09143,0.9936104
HAT-P-7 b,1.10778,0.9939110
HAT-P-7 b,1.12413,0.9936934
HAT-P-7 b,1.14047,0.9937481
HAT-P-7 b,1.15682,0.9938288
HAT-P-7 b,1.17317,0.9939487
HAT-P-7 b,1.18951,0.9939550
HAT-P-7 b,1.20586,0.9940299
HAT-P-7 b,1.22220,0.9940437
HAT-P-7 b,1.23855,0.9940746
HAT-P-7 b,1.25490,0.9937600
HAT-P-7 b,1.27125,0.9938595
HAT-P-7 b,1.28759,0.9939781
HAT-P-7 b,1.30394,0.9940132
HAT-P-7 b,1.32029,0.9939979
HAT-P-7 b,1.33663,0.9944328
HAT-P-7 b,1.35298,0.9943498
HAT-P-7 b,1.36933,0.9943771
HAT-P-7 b,1.38567,0.9944966
HAT-P-7 b,1.40202,0.9944924
HAT-P-7 b,1.41837,0.9945342
HAT-P-7 b,1.43471,0.9946596
HAT-P-7 b,1.45106,0.9947533
HAT-P-7 b,1.46741,0.9948947
HAT-P-7 b,1.48375,0.9947115
HAT-P-7 b,1.50010,0.9946449
HAT-P-7 b,1.51645,0.9944703
HAT-P-7 b,1.53279,0.9945718
HAT-P-7 b,1.54914,0.9949790
HAT-P-7 b,1.56549,0.9950273
HAT-P-7 b,1.58183,0.9949440
HAT-P-7 b,1.59818,0.9950186
HAT-P-7 b,1.61452,0.9953725
HAT-P-7 b,1.63087,0.9955816
HAT-P-7 b,1.64722,0.9956940
HAT-P-7 b,1.66356,0.9960627
HAT-P-7 b,1.67991,0.9962474
HAT-P-7 b,1.69626,0.9963959
HAT-P-7 b,1.71260,0.9967783
HAT-P-7 b,1.72895,0.9970178
HAT-P-7 b,1.74530,0.9971737
HAT-P-7 b,1.76164,0.9974932
HAT-P-7 b,1.77799,0.9978518
HAT-P-7 b,1.79434,0.9983657
HAT-P-7 b,1.81068,0.9986115
HAT-P-7 b,1.82703,0.9987079
HAT-P-7 b,1.84338,0.9989726
HAT-P-7 b,1.85972,0.9990902
HAT-P-7 b,1.87607,0.9996048
HAT-P-7 b,1.89242,0.9997015
HAT-P-7 b,1.90876,0.9998494
HAT-P-7 b,1.92511,0.9998015
HAT-P-7 b,1.94146,0.9999907
HAT-P-7 b,1.95780,1.0001258
HAT-P-7 b,1.97415,1.0000224
HAT-P-7 b,1.99050,0.9998141
HAT-P-7 b,2.00684,1.0001843
HAT-P-7 b,2.02319,1.0000443
HAT-P-7 b,2.03954,1.0003707
HAT-P-7 b,2.05588,1.0000447
HAT-P-7 b,2.07223,0.9999820
HAT-P-7 b,2.08858,1.0000399
HAT-P-7 b,2.10492,0.9999995
HAT-P-7 b,2.12127,1.0003464
HAT-P-7 b,2.13762,1.0001850
HAT-P-7 b,2.15396,0.9998788
HAT-P-7 b,2.17031,1.0000707
HAT-P-7 b,2.18666,0.9996991
HAT-P-7 b,2.20300,0.9999454
HAT-P-7 b,2.21935,1.0001398
HAT-P-7 b,2.23570,0.9999870
HAT-P-7 b,2.25204,0.9998132
HAT-P-7 b,2.26839,0.9999508
HAT-P-7 b,2.28473,0.9999168
HAT-P-7 b,2.30108,0.9998505
HAT-P-7 b,2.31743,1.0003060
HAT-P-7 b,2.33378,1.0002348
HAT-P-7 b,2.35012,1.0001872
HAT-P-7 b,2.36647,1.0002100
HAT-P-7 b,2.38281,1.0003549
HAT-P-7 b,2.39916,0.9999401
HAT-P-7 b,2.41551,1.0001999
HAT-P-7 b,2.43185,0.9998619
HAT-P-7 b,2.44820,0.9999930
HAT-P-7 b,2.46455,0.9998514
HAT-P-7 b,2.48089,0.9999247
HAT-P-7 b,2.49724,0.9999676
HAT-P-7 b,2.51359,1.0001827
HAT-P-7 b,2.52993,1.0001947
HAT-P-7 b,2.54628,1.0000112
HAT-P-7 b,2.56263,0.9998991
HAT-P-7 b,2.57897,0.9999698
HAT-P-7 b,2.59532,0.9998199
HAT-P-7 b,2.61167,1.0001112
HAT-P-7 b,2.62801,1.0000599
HAT-P-7 b,2.64436,1.0001749
HAT-P-7 b,2.66071,0.9999588
HAT-P-7 b,2.67705,1.0000290
HAT-P-7 b,2.69340,0.9999665
HAT-P-7 b,2.70975,1.0000196
HAT-P-7 b,2.72609,1.0001487
HAT-P-7 b,2.74244,0.9998436
HAT-P-7 b,2.75879,1.0000234
HAT-P-7 b,2.77514,0.9998796
HAT-P-7 b,2.79148,0.9998291
HAT-P-7 b,2.80782,1.0001249
HAT-P-7 b,2.82417,1.0001264
HAT-P-7 b,2.84052,1.0000506
HAT-P-7 b,2.85687,1.0000214
HAT-P-7 b,2.87321,0.9999317
HAT-P-7 b,2.88956,1.0000389
HAT-P-7 b,2.90591,0.9999813
HAT-P-7 b,2.92225,0.9999409
HAT-P-7 b,2.93860,0.9998900
HAT-P-7 b,2.95494,1.0002742
HAT-P-7 b,2.97129,1.0000186
HAT-P-7 b,2.98764,0.9999452
HAT-P-7 b,3.00399,1.0000439
HAT-P-7 b,3.02033,1.0000090
HAT-P-7 b,3.03668,1.0003595
HAT-P-7 b,3.05303,0.9999450
HAT-P-7 b,3.06937,0.9999882
HAT-P-7 b,3.08572,0.9999996
HAT-P-7 b,3.10206,1.0002211
HAT-P-7 b,3.11841,1.0000261
HAT-P-7 b,3.13476,1.0000920
HAT-P-7 b,3.15111,0.9998828
HAT-P-7 b,3.16745,1.0003812
HAT-P-7 b,3.18380,1.0001005
HAT-P-7 b,3.20014,1.0001754
HAT-P-7 b,3.21649,1.0000058
HAT-P-7 b,3.23284,0.9999868
HAT-P-7 b,3.24918,1.0000755
HAT-P-7 b,3.26553,1.0002615
HAT-P-7 b,3.28188,1.0000789
HAT-P-7 b,3.29822,0.9999083
HAT-P-7 b,3.31457,0.9999799
HAT-P-7 b,3.33091,1.0000971
HAT-P-7 b,3.34726,1.0003070
HAT-P-7 b,3.36361,0.9997258
HAT-P-7 b,3.37996,1.0001911
HAT-P-7 b,3.39630,0.9999280
HAT-P-7 b,3.41265,0.9999212
HAT-P-7 b,3.42900,1.0001290
HAT-P-7 b,3.44534,0.9998735
HAT-P-7 b,3.46169,0.9998190
HAT-P-7 b,3.47803,0.9998149
HAT-P-7 b,3.49438,0.9998242
HAT-P-7 b,3.51073,0.9998390
HAT-P-7 b,3.52708,1.0000624
HAT-P-7 b,3.54342,0.9998611
HAT-P-7 b,3.55977,0.9997443
HAT-P-7 b,3.57612,0.9999990
HAT-P-7 b,3.59246,0.9998936
HAT-P-7 b,3.60881,0.9998533
HAT-P-7 b,3.62515,0.9997848
HAT-P-7 b,3.64150,0.9998861
HAT-P-7 b,3.65785,0.9999462
HAT-P-7 b,3.67420,1.0001867
HAT-P-7 b,3.69054,1.0000592
HAT-P-7 b,3.70689,0.9998731
HAT-P-7 b,3.72323,0.9999498
HAT-P-7 b,3.73958,1.0002303
HAT-P-7 b,3.75593,1.0000265
HAT-P-7 b,3.77227,1.0000762
HAT-P-7 b,3.78862,0.9998222
HAT-P-7 b,3.80497,1.0000896
HAT-P-7 b,3.82131,1.0000162
HAT-P-7 b,3.83766,0.9998223
HAT-P-7 b,3.85401,0.9998205
HAT-P-7 b,3.87035,0.9997926
HAT-P-7 b,3.88670,0.9999496
HAT-P-7 b,3.90305,1.0000066
HAT-P-7 b,3.91939,1.0000284
HAT-P-7 b,3.93574,0.9998926
HAT-P-7 b,3.95209,1.0001157
HAT-P-7 b,3.96843,0.9999356
HAT-P-7 b,3.98478,0.9998961
HAT-P-7 b,4.00112,1.0001112
HAT-P-7 b,4.01747,0.9998792
HAT-P-7 b,4.03382,0.9997610
HAT-P-7 b,4.05017,0.9999620
HAT-P-7 b,4.06651,0.9996784
HAT-P-7 b,4.08286,1.0000936
HAT-P-7 b,4.09921,0.9997531
HAT-P-7 b,4.11555,0.9999240
HAT-P-7 b,4.13190,0.9999386
HAT-P-7 b,4.14824,0.9998944
HAT-P-7 b,4.16459,1.0000858
HAT-P-7 b,4.18094,1.0002429
HAT-P-7 b,4.19729,1.0000198
HAT-P-7 b,4.21363,0.9998460
HAT-P-7 b,4.22998,0.9997474
HAT-P-7 b,4.24632,0.9996648
HAT-P-7 b,4.26267,0.9995267
HAT-P-7 b,4.27902,1.0001075
HAT-P-7 b,4.29537,0.9999431
HAT-P-7 b,4.31171,0.9999710
HAT-P-7 b,4.32806,0.9998493
HAT-P-7 b,4.34440,1.0001821
HAT-P-7 b,4.36075,0.9998544
HAT-P-7 b,4.37710,1.0002177
HAT-P-7 b,4.39344,1.0000909
HAT-P-7 b,4.40979,1.0001451
HAT-P-7 b,4.42614,1.0000714
HAT-P-7 b,4.44248,1.0001548
HAT-P-7 b,4.45883,1.0002811
HAT-P-7 b,4.47518,1.0009271
HAT-P-7 b,4.49152,1.0000839
HAT-P-7 b,4.50787,0.9998348
HAT-P-7 b,4.52422,1.0001969
HAT-P-7 b,4.54056,1.0000564
HAT-P-7 b,4.55691,1.0003512
HAT-P-7 b,4.57326,1.0001703
HAT-P-7 b,4.58960,1.0003332
HAT-P-7 b,4.60595,1.0002913
HAT-P-7 b,4.62230,1.0002567
HAT-P-7 b,4.63864,0.9999975
HAT-P-7 b,4.65499,1.0002208
HAT-P-7 b,4.67134,1.0001890
HAT-P-7 b,4.68768,1.0002425
HAT-P-7 b,4.70403,1.0003524
HAT-P-7 b,4.72038,0.9998782
HAT-P-7 b,4.73672,1.0000998
HAT-P-7 b,4.75307,1.0000830
HAT-P-7 b,4.76942,1.0001268
HAT-P-7 b,4.78576,1.0001025
HAT-P-7 b,4.80211,0.9999280
HAT-P-7 b,4.81845,0.9999308
HAT-P-7 b,4.83480,1.0000792
HAT-P-7 b,4.85115,0.9996504
HAT-P-7 b,4.86750,1.0001302
HAT-P-7 b,4.88384,1.0001273
HAT-P-7 b,4.90019,1.0002550
HAT-P-7 b,4.91653,0.9998304
HAT-P-7 b,4.93288,0.9998980
HAT-P-7 b,4.94923,0.9998705
HAT-P-7 b,4.96558,0.9997947
HAT-P-7 b,4.98192,0.9997681
HAT-P-7 b,4.99827,0.9999382
HAT-P-7 b,5.01462,1.0000576
HAT-P-7 b,5.03096,0.9999433
HAT-P-7 b,5.04731,1.0000824
HAT-P-7 b,5.06366,0.9999962
HAT-P-7 b,5.08000,0.9999031
HAT-P-7 b,5.09635,0.9999662
HAT-P-7 b,5.11270,1.0000061
HAT-P-7 b,5.12904,0.9999165
HAT-P-7 b,5.14539,1.0000734
HAT-P-7 b,5.16173,0.9998721
HAT-P-7 b,5.17808,0.9997340
HAT-P-7 b,5.19443,0.9994814
HAT-P-7 b,5.21077,0.9998508
HAT-P-7 b,5.22712,0.9998975
HAT-P-7 b,5.24347,0.9997604
HAT-P-7 b,5.25981,0.9999308
HAT-P-7 b,5.27616,0.9998331
HAT-P-7 b,5.29251,1.0001102
HAT-P-7 b,5.30885,0.9998678
HAT-P-7 b,5.32520,1.0003655
HAT-P-7 b,5.34155,1.0000667
HAT-P-7 b,5.35789,1.0001087
HAT-P-7 b,5.37424,0.9999949
HAT-P-7 b,5.39059,0.9997929
HAT-P-7 b,5.40693,1.0002499
HAT-P-7 b,5.42328,1.0000608
HAT-P-7 b,5.43963,1.0001432
HAT-P-7 b,5.45597,1.0003000
HAT-P-7 b,5.47232,1.0001789
HAT-P-7 b,5.48867,1.0001685
HAT-P-7 b,5.50501,1.0000189
HAT-P-7 b,5.52136,1.0000480
HAT-P-7 b,5.53771,0.9998461
HAT-P-7 b,5.55405,0.9997927
HAT-P-7 b,5.57040,1.0000596
HAT-P-7 b,5.58675,0.9998675
HAT-P-7 b,5.60309,1.0000515
HAT-P-7 b,5.61944,0.9999608
HAT-P-7 b,5.63579,1.0000636
HAT-P-7 b,5.65213,1.0002130
HAT-P-7 b,5.66848,0.9999449
HAT-P-7 b,5.68483,0.9998341
HAT-P-7 b,5.70117,0.9999742
HAT-P-7 b,5.71752,1.0002108
HAT-P-7 b,5.73387,0.9997451
HAT-P-7 b,5.75021,1.0001042
HAT-P-7 b,5.76656,0.9998607
HAT-P-7 b,5.78291,0.9999358
HAT-P-7 b,5.79925,0.9998480
HAT-P-7 b,5.81560,0.9999368
HAT-P-7 b,5.83194,0.9999174
HAT-P-7 b,5.84829,1.0000314
HAT-P-7 b,5.86464,0.9997235
HAT-P-7 b,5.88098,1.0000587
HAT-P-7 b,5.89733,0.9998503
HAT-P-7 b,5.91368,0.9998956
HAT-P-7 b,5.93002,0.9999107
HAT-P-7 b,5.94637,1.0000700
HAT-P-7 b,5.96272,0.9998873
HAT-P-7 b,5.97906,0.9996839
HAT-P-7 b,5.99541,0.9997126
HAT-P-7 b,6.01176,0.9999147
HAT-P-7 b,6.02810,1.0001954
HAT-P-7 b,6.04445,1.0000332
HAT-P-7 b,6.06080,0.9999841
HAT-P-7 b,6.07714,1.0000333
HAT-P-7 b,6.09349,0.9999803
HAT-P-7 b,6.10984,0.9998811
HAT-P-7 b,6.12618,0.9997692
HAT-P-7 b,6.14253,0.9999591
HAT-P-7 b,6.15888,0.9997757
HAT-P-7 b,6.17522,0.9999991
HAT-P-7 b,6.19157,1.0005346
HAT-P-7 b,6.20792,0.9999213
HAT-P-7 b,6.22426,1.0001444
HAT-P-7 b,6.24061,1.0000286
HAT-P-7 b,6.25695,0.9998077
HAT-P-7 b,6.27330,0.9998604
HAT-P-7 b,6.28965,0.9996391
HAT-P-7 b,6.30600,0.9999367
HAT-P-7 b,6.32234,1.0000388
HAT-P-7 b,6.33869,0.9999061
HAT-P-7 b,6.35504,0.9996979
HAT-P-7 b,6.37138,0.9997152
HAT-P-7 b,6.38773,0.9999787
HAT-P-7 b,6.40407,1.0000731
HAT-P-7 b,6.42042,0.9998308
HAT-P-7 b,6.43677,0.9997917
HAT-P-7 b,6.45312,0.9999297
HAT-P-7 b,6.46946,1.0000510
HAT-P-7 b,6.48581,1.0001864
HAT-P-7 b,6.50215,0.9999871
HAT-P-7 b,6.51850,0.9999555
HAT-P-7 b,6.53485,0.9998848
HAT-P-7 b,6.55119,0.9998993
HAT-P-7 b,6.56754,1.0001073
HAT-P-7 b,6.58389,0.9999123
HAT-P-7 b,6.60024,0.9998865
HAT-P-7 b,6.61658,1.0000604
HAT-P-7 b,6.63293,1.0001501
HAT-P-7 b,6.64927,1.0001648
HAT-P-7 b,6.66562,0.9999138
HAT-P-7 b,6.68197,1.0001984
HAT-P-7 b,6.69831,0.9998604
HAT-P-7 b,6.71466,0.9999570
HAT-P-7 b,6.73101,0.9999442
HAT-P-7 b,6.74736,1.0000566
HAT-P-7 b,6.76370,1.0002057
HAT-P-7 b,6.78004,1.0001019
HAT-P-7 b,6.79639,1.0001339
HAT-P-7 b,6.81274,1.0001714
HAT-P-7 b,6.82909,1.0002399
HAT-P-7 b,6.84543,0.9998828
HAT-P-7 b,6.86178,1.0000688
HAT-P-7 b,6.87813,1.0001356
HAT-P-7 b,6.89447,1.0001484
HAT-P-7 b,6.91082,1.0001627
HAT-P-7 b,6.92716,1.0001561
HAT-P-7 b,6.94351,1.0000462
HAT-P-7 b,6.95986,1.0001797
HAT-P-7 b,6.97621,0.9997825
HAT-P-7 b,6.99255,1.0001322
HAT-P-7 b,7.00890,0.9998532
HAT-P-7 b,7.02524,0.9997017
HAT-P-7 b,7.04159,0.9997610
HAT-P-7 b,7.05794,0.9999555
HAT-P-7 b,7.07428,1.0000880
HAT-P-7 b,7.09063,1.0001499
HAT-P-7 b,7.10698,1.0000563
HAT-P-7 b,7.12333,0.9998230
HAT-P-7 b,7.13967,0.9998082
HAT-P-7 b,7.15602,0.9998992
HAT-P-7 b,7.17236,0.9997407
HAT-P-7 b,7.18871,0.9999871
HAT-P-7 b,7.20506,0.9998198
HAT-P-7 b,7.22140,0.9999439
HAT-P-7 b,7.23775,0.9998047
HAT-P-7 b,7.25410,0.9997075
HAT-P-7 b,7.27044,0.9997719
HAT-P-7 b,7.28679,1.0000801
HAT-P-7 b,7.30314,1.0000973
HAT-P-7 b,7.31948,0.9999765
HAT-P-7 b,7.33583,1.0000470
HAT-P-7 b,7.35218,1.0001201
HAT-P-7 b,7.36852,0.9998521
HAT-P-7 b,7.38487,1.0002112
HAT-P-7 b,7.40122,0.9998714
HAT-P-7 b,7.41756,1.0001408
HAT-P-7 b,7.43391,0.9999915
HAT-P-7 b,7.45025,0.9999222
HAT-P-7 b,7.46660,1.0002298
HAT-P-7 b,7.48295,1.0000551
HAT-P-7 b,7.49930,1.0002014
HAT-P-7 b,7.51564,1.0000759
HAT-P-7 b,7.53199,1.0000823
HAT-P-7 b,7.54833,1.0000576
HAT-P-7 b,7.56468,1.0000669
HAT-P-7 b,7.58103,1.0000155
HAT-P-7 b,7.59737,1.0001598
HAT-P-7 b,7.61372,0.9999984
HAT-P-7 b,7.63007,1.0004006
HAT-P-7 b,7.64642,0.9999906
HAT-P-7 b,7.66276,1.0001219
HAT-P-7 b,7.67911,1.0000905
HAT-P-7 b,7.69545,0.9999103
HAT-P-7 b,7.71180,0.9999117
HAT-P-7 b,7.72815,0.9999281
HAT-P-7 b,7.74449,1.0001698
HAT-P-7 b,7.76084,0.9999101
HAT-P-7 b,7.77719,1.0000300
HAT-P-7 b,7.79354,1.0000063
HAT-P-7 b,7.80988,1.0000708
HAT-P-7 b,7.82623,1.0000046
HAT-P-7 b,7.84257,1.0000665
HAT-P-7 b,7.85892,1.0001849
HAT-P-7 b,7.87527,0.9999850
HAT-P-7 b,7.89161,0.9998513
HAT-P-7 b,7.90796,0.9999610
HAT-P-7 b,7.92431,0.9997486
HAT-P-7 b,7.94065,0.9998555
HAT-P-7 b,7.95700,0.9999393
HAT-P-7 b,7.97335,1.0001773
HAT-P-7 b,7.98969,1.0001362
HAT-P-7 b,8.00604,1.0000992
HAT-P-7 b,8.02239,0.9998850
HAT-P-7 b,8.03873,0.9998802
HAT-P-7 b,8.05508,1.0001697
HAT-P-7 b,8.07143,1.0002349
HAT-P-7 b,8.08777,0.9998308
HAT-P-7 b,8.10412,1.0000844
HAT-P-7 b,8.12047,1.0001173
HAT-P-7 b,8.13681,1.0001829
HAT-P-7 b,8.15316,1.0002046
HAT-P-7 b,8.16951,1.0002623
HAT-P-7 b,8.18585,1.0001608
HAT-P-7 b,8.20220,0.9997997
HAT-P-7 b,8.21855,0.9999887
HAT-P-7 b,8.23489,0.9997934
HAT-P-7 b,8.25124,1.0001436
HAT-P-7 b,8.26758,1.0001075
HAT-P-7 b,8.28393,0.9999815
HAT-P-7 b,8.30028,0.9999170
HAT-P-7 b,8.31663,0.9998789
HAT-P-7 b,8.33297,1.0001462
HAT-P-7 b,8.34932,1.0001126
HAT-P-7 b,8.36566,0.9999262
HAT-P-7 b,8.38201,0.9999478
HAT-P-7 b,8.39836,0.9999441
HAT-P-7 b,-8.38946,1.0000750
HAT-P-7 b,-8.37312,1.0000627
HAT-P-7 b,-8.35677,0.9998994
HAT-P-7 b,-8.34042,0.9997141
HAT-P-7 b,-8.32408,1.0001981
HAT-P-7 b,-8.30773,1.0000759
HAT-P-7 b,-8.29138,0.9999690
HAT-P-7 b,-8.27503,1.0001482
HAT-P-7 b,-8.25869,1.0000948
HAT-P-7 b,-8.24234,0.9999653
HAT-P-7 b,-8.22600,1.0000798
HAT-P-7 b,-8.20965,0.9999225
HAT-P-7 b,-8.19330,0.9999493
HAT-P-7 b,-8.17696,1.0000989
HAT-P-7 b,-8.16061,1.0000898
HAT-P-7 b,-8.14426,0.9999994
HAT-P-7 b,-8.12792,1.0000306
HAT-P-7 b,-8.11157,0.9998726
HAT-P-7 b,-8.09522,0.9998726
HAT-P-7 b,-8.07888,1.0000622
HAT-P-7 b,-8.06253,0.9999188
HAT-P-7 b,-8.04618,0.9999353
HAT-P-7 b,-8.02984,1.0001981
HAT-P-7 b,-8.01349,1.0004008
HAT-P-7 b,-7.99714,0.9999038
HAT-P-7 b,-7.98080,1.0002880
HAT-P-7 b,-7.96445,1.0000272
HAT-P-7 b,-7.94810,1.0001772
HAT-P-7 b,-7.93176,1.0000030
HAT-P-7 b,-7.91541,1.0001087
HAT-P-7 b,-7.89906,1.0000877
HAT-P-7 b,-7.88272,1.0002824
HAT-P-7 b,-7.86637,0.9998854
HAT-P-7 b,-7.85002,1.0000821
HAT-P-7 b,-7.83368,1.0001321
HAT-P-7 b,-7.81733,1.0000882
HAT-P-7 b,-7.80098,1.0001453
HAT-P-7 b,-7.78464,1.0000195
HAT-P-7 b,-7.76829,1.0000128
HAT-P-7 b,-7.75194,1.0001665
HAT-P-7 b,-7.73560,1.0002555
HAT-P-7 b,-7.71925,0.9998953
HAT-P-7 b,-7.70291,1.0001166
HAT-P-7 b,-7.68656,0.9999563
HAT-P-7 b,-7.67021,1.0002751
HAT-P-7 b,-7.65386,1.0000328
HAT-P-7 b,-7.63752,1.0002319
HAT-P-7 b,-7.62117,0.9997825
HAT-P-7 b,-7.60482,0.9998460
HAT-P-7 b,-7.58848,0.9998576
HAT-P-7 b,-7.57213,0.9998098
HAT-P-7 b,-7.55579,1.0000366
HAT-P-7 b,-7.53944,0.9999068
HAT-P-7 b,-7.52309,1.0000173
HAT-P-7 b,-7.50674,0.9999154
HAT-P-7 b,-7.49040,0.9999383
HAT-P-7 b,-7.47405,0.9998697
HAT-P-7 b,-7.45771,1.0000065
HAT-P-7 b,-7.44136,1.0000038
HAT-P-7 b,-7.42501,0.9999820
HAT-P-7 b,-7.40867,0.9997476
HAT-P-7 b,-7.39232,0.9999750
HAT-P-7 b,-7.37597,1.0002036
HAT-P-7 b,-7.35963,1.0000457
HAT-P-7 b,-7.34328,1.0000348
HAT-P-7 b,-7.32694,0.9998233
HAT-P-7 b,-7.31059,0.9998129
HAT-P-7 b,-7.29424,0.9997303
HAT-P-7 b,-7.27789,0.9996626
HAT-P-7 b,-7.26155,0.9998078
HAT-P-7 b,-7.24520,0.9998799
HAT-P-7 b,-7.22885,1.0000966
HAT-P-7 b,-7.21251,0.9999826
HAT-P-7 b,-7.19616,0.9999893
HAT-P-7 b,-7.17982,1.0000291
HAT-P-7 b,-7.16347,0.9999688
HAT-P-7 b,-7.14712,0.9998600
HAT-P-7 b,-7.13077,0.9997364
HAT-P-7 b,-7.11443,0.9995869
HAT-P-7 b,-7.09808,1.0001285
HAT-P-7 b,-7.08173,0.9998084
HAT-P-7 b,-7.06539,0.9997459
HAT-P-7 b,-7.04904,1.0000535
HAT-P-7 b,-7.03270,0.9997149
HAT-P-7 b,-7.01635,0.9997336
HAT-P-7 b,-7.00000,0.9996362
HAT-P-7 b,-6.98366,0.9999023
HAT-P-7 b,-6.96731,1.0001106
HAT-P-7 b,-6.95096,1.0000255
HAT-P-7 b,-6.93462,0.9997349
HAT-P-7 b,-6.91827,1.0000811
HAT-P-7 b,-6.90192,0.9997757
HAT-P-7 b,-6.88558,1.0000206
HAT-P-7 b,-6.86923,0.9998934
HAT-P-7 b,-6.85288,1.0001042
HAT-P-7 b,-6.83654,1.0001205
HAT-P-7 b,-6.82019,0.9999333
HAT-P-7 b,-6.80385,1.0000434
HAT-P-7 b,-6.78750,0.9998880
HAT-P-7 b,-6.77115,1.0000544
HAT-P-7 b,-6.75481,1.0004959
HAT-P-7 b,-6.73846,1.0000802
HAT-P-7 b,-6.72211,0.9999874
HAT-P-7 b,-6.70576,1.0001921
HAT-P-7 b,-6.68942,1.0000837
HAT-P-7 b,-6.67307,1.0001733
HAT-P-7 b,-6.65673,1.0002583
HAT-P-7 b,-6.64038,1.0000106
HAT-P-7 b,-6.62403,0.9998319
HAT-P-7 b,-6.60769,1.0002034
HAT-P-7 b,-6.59134,1.0000721
HAT-P-7 b,-6.57499,0.9999432
HAT-P-7 b,-6.55864,1.0002461
HAT-P-7 b,-6.54230,1.0003216
HAT-P-7 b,-6.52595,0.9997088
HAT-P-7 b,-6.50961,1.0004719
HAT-P-7 b,-6.49326,1.0001203
HAT-P-7 b,-6.47691,1.0001763
HAT-P-7 b,-6.46057,1.0001213
HAT-P-7 b,-6.44422,1.0000617
HAT-P-7 b,-6.42787,0.9999859
HAT-P-7 b,-6.41153,1.0001437
HAT-P-7 b,-6.39518,1.0001923
HAT-P-7 b,-6.37883,0.9999698
HAT-P-7 b,-6.36249,1.0000985
HAT-P-7 b,-6.34614,1.0001857
HAT-P-7 b,-6.32979,1.0002049
HAT-P-7 b,-6.31345,1.0000547
HAT-P-7 b,-6.29710,1.0001141
HAT-P-7 b,-6.28075,1.0000632
HAT-P-7 b,-6.26441,1.0000793
HAT-P-7 b,-6.24806,0.9999201
HAT-P-7 b,-6.23172,0.9998143
HAT-P-7 b,-6.21537,1.0000716
HAT-P-7 b,-6.19902,1.0000700
HAT-P-7 b,-6.18267,1.0002297
HAT-P-7 b,-6.16633,1.0000409
HAT-P-7 b,-6.14998,0.9999282
HAT-P-7 b,-6.13364,1.0001456
HAT-P-7 b,-6.11729,0.9997738
HAT-P-7 b,-6.10094,1.0000763
HAT-P-7 b,-6.08459,0.9999869
HAT-P-7 b,-6.06825,0.9998528
HAT-P-7 b,-6.05190,1.0001281
HAT-P-7 b,-6.03555,0.9999262
HAT-P-7 b,-6.01921,0.9999228
HAT-P-7 b,-6.00286,1.0002125
HAT-P-7 b,-5.98651,0.9999010
HAT-P-7 b,-5.97017,1.0000639
HAT-P-7 b,-5.95382,1.0001156
HAT-P-7 b,-5.93747,1.0001379
HAT-P-7 b,-5.92113,0.9998432
HAT-P-7 b,-5.90478,0.9997659
HAT-P-7 b,-5.88843,0.9998217
HAT-P-7 b,-5.87209,1.0000752
HAT-P-7 b,-5.85574,0.9999240
HAT-P-7 b,-5.83940,0.9997730
HAT-P-7 b,-5.82305,0.9999347
HAT-P-7 b,-5.80670,1.0001024
HAT-P-7 b,-5.79036,1.0000163
HAT-P-7 b,-5.77401,0.9997924
HAT-P-7 b,-5.75766,1.0000012
HAT-P-7 b,-5.74132,0.9997196
HAT-P-7 b,-5.72497,0.9999772
HAT-P-7 b,-5.70862,0.9996757
HAT-P-7 b,-5.69228,0.9999112
HAT-P-7 b,-5.67593,0.9999037
HAT-P-7 b,-5.65958,0.9996433
HAT-P-7 b,-5.64324,1.0001006
HAT-P-7 b,-5.62689,0.9999039
HAT-P-7 b,-5.61054,1.0000568
HAT-P-7 b,-5.59420,1.0001174
HAT-P-7 b,-5.57785,0.9999966
HAT-P-7 b,-5.56150,0.9998030
HAT-P-7 b,-5.54516,0.9999882
HAT-P-7 b,-5.52881,1.0001963
HAT-P-7 b,-5.51246,0.9996134
HAT-P-7 b,-5.49612,0.9999136
HAT-P-7 b,-5.47977,0.9999025
HAT-P-7 b,-5.46343,1.0000243
HAT-P-7 b,-5.44708,1.0000739
HAT-P-7 b,-5.43073,0.9998927
HAT-P-7 b,-5.41438,0.9999738
HAT-P-7 b,-5.39804,0.9999890
HAT-P-7 b,-5.38169,0.9999742
HAT-P-7 b,-5.36534,1.0000116
HAT-P-7 b,-5.34900,0.9999559
HAT-P-7 b,-5.33265,1.0001014
HAT-P-7 b,-5.31631,1.0000080
HAT-P-7 b,-5.29996,1.0001321
HAT-P-7 b,-5.28361,1.0001747
HAT-P-7 b,-5.26726,0.9998073
HAT-P-7 b,-5.25092,0.9999147
HAT-P-7 b,-5.23457,1.0000983
HAT-P-7 b,-5.21823,1.0001110
HAT-P-7 b,-5.20188,1.0003273
HAT-P-7 b,-5.18553,0.9998570
HAT-P-7 b,-5.16919,0.9999281
HAT-P-7 b,-5.15284,0.9998949
HAT-P-7 b,-5.13649,0.9998976
HAT-P-7 b,-5.12015,1.0001168
HAT-P-7 b,-5.10380,0.9998620
HAT-P-7 b,-5.08746,1.0000620
HAT-P-7 b,-5.07111,1.0001599
HAT-P-7 b,-5.05476,1.0000226
HAT-P-7 b,-5.03841,1.0001567
HAT-P-7 b,-5.02207,0.9999266
HAT-P-7 b,-5.00572,1.0003738
HAT-P-7 b,-4.98937,1.0000572
HAT-P-7 b,-4.97303,1.0000752
HAT-P-7 b,-4.95668,0.9999803
HAT-P-7 b,-4.94034,1.0000626
HAT-P-7 b,-4.92399,1.0001261
HAT-P-7 b,-4.90764,1.0004041
HAT-P-7 b,-4.89130,1.0000776
HAT-P-7 b,-4.87495,1.0002074
HAT-P-7 b,-4.85860,1.0003201
HAT-P-7 b,-4.84225,0.9999890
HAT-P-7 b,-4.82591,0.9999963
HAT-P-7 b,-4.80956,0.9999251
HAT-P-7 b,-4.79322,1.0002226
HAT-P-7 b,-4.77687,0.9998367
HAT-P-7 b,-4.76052,0.9998255
HAT-P-7 b,-4.74418,0.9999751
HAT-P-7 b,-4.72783,1.0002684
HAT-P-7 b,-4.71148,0.9999966
HAT-P-7 b,-4.69514,0.9999922
HAT-P-7 b,-4.67879,0.9999704
HAT-P-7 b,-4.66244,0.9999710
HAT-P-7 b,-4.64610,1.0001042
HAT-P-7 b,-4.62975,0.9996703
HAT-P-7 b,-4.61340,1.0002091
HAT-P-7 b,-4.59706,1.0000159
HAT-P-7 b,-4.58071,0.9999829
HAT-P-7 b,-4.56436,0.9999394
HAT-P-7 b,-4.54802,0.9999936
HAT-P-7 b,-4.53167,0.9998864
HAT-P-7 b,-4.51532,1.0001110
HAT-P-7 b,-4.49898,1.0000561
HAT-P-7 b,-4.48263,1.0001255
HAT-P-7 b,-4.46628,1.0003350
HAT-P-7 b,-4.44994,0.9998824
HAT-P-7 b,-4.43359,1.0000303
HAT-P-7 b,-4.41724,0.9999651
HAT-P-7 b,-4.40090,1.0000091
HAT-P-7 b,-4.38455,1.0000530
HAT-P-7 b,-4.36821,1.0000378
HAT-P-7 b,-4.35186,1.0001179
HAT-P-7 b,-4.33551,1.0000404
HAT-P-7 b,-4.31917,1.0002872
HAT-P-7 b,-4.30282,1.0000784
HAT-P-7 b,-4.28647,1.0002703
HAT-P-7 b,-4.27013,1.0001288
HAT-P-7 b,-4.25378,0.9998014
HAT-P-7 b,-4.23743,0.9997188
HAT-P-7 b,-4.22109,0.9998435
HAT-P-7 b,-4.20474,0.9998320
HAT-P-7 b,-4.18839,0.9998612
HAT-P-7 b,-4.17205,0.9998025
HAT-P-7 b,-4.15570,0.9999968
HAT-P-7 b,-4.13935,0.9998602
HAT-P-7 b,-4.12301,0.9998121
HAT-P-7 b,-4.10666,0.9999145
HAT-P-7 b,-4.09031,0.9996582
HAT-P-7 b,-4.07397,1.0000496
HAT-P-7 b,-4.05762,0.9999502
HAT-P-7 b,-4.04127,1.0000275
HAT-P-7 b,-4.02493,0.9998538
HAT-P-7 b,-4.00858,1.0001834
HAT-P-7 b,-3.99223,0.9999676
HAT-P-7 b,-3.97589,1.0000452
HAT-P-7 b,-3.95954,0.9997425
HAT-P-7 b,-3.94319,0.9998093
HAT-P-7 b,-3.92685,1.0000990
HAT-P-7 b,-3.91050,0.9997481
HAT-P-7 b,-3.89415,0.9999358
HAT-P-7 b,-3.87781,1.0001358
HAT-P-7 b,-3.86146,1.0002932
HAT-P-7 b,-3.84511,0.9999232
HAT-P-7 b,-3.82877,1.0004087
HAT-P-7 b,-3.81242,1.0001513
HAT-P-7 b,-3.79607,1.0001764
HAT-P-7 b,-3.77973,1.0000205
HAT-P-7 b,-3.76338,0.9997400
HAT-P-7 b,-3.74703,0.9998906
HAT-P-7 b,-3.73069,1.0000231
HAT-P-7 b,-3.71434,1.0000530
HAT-P-7 b,-3.69799,1.0000169
HAT-P-7 b,-3.68165,1.0002418
HAT-P-7 b,-3.66530,1.0002004
HAT-P-7 b,-3.64895,0.9999816
HAT-P-7 b,-3.63261,0.9998848
HAT-P-7 b,-3.61626,1.0000967
HAT-P-7 b,-3.59992,1.0001424
HAT-P-7 b,-3.58357,1.0000976
HAT-P-7 b,-3.56722,1.0001205
HAT-P-7 b,-3.55088,0.9997915
HAT-P-7 b,-3.53453,1.0000270
HAT-P-7 b,-3.51818,0.9998326
HAT-P-7 b,-3.50184,0.9997876
HAT-P-7 b,-3.48549,0.9998330
HAT-P-7 b,-3.46914,1.0003197
HAT-P-7 b,-3.45280,1.0001587
HAT-P-7 b,-3.43645,1.0000415
HAT-P-7 b,-3.42010,0.9999221
HAT-P-7 b,-3.40376,1.0003411
HAT-P-7 b,-3.38741,0.9998021
HAT-P-7 b,-3.37107,1.0000425
HAT-P-7 b,-3.35472,0.9999708
HAT-P-7 b,-3.33837,0.9996339
HAT-P-7 b,-3.32202,0.9997456
HAT-P-7 b,-3.30568,0.9999661
HAT-P-7 b,-3.28933,0.9999194
HAT-P-7 b,-3.27298,0.9999482
HAT-P-7 b,-3.25664,1.0000740
HAT-P-7 b,-3.24029,1.0002541
HAT-P-7 b,-3.22395,0.9999847
HAT-P-7 b,-3.20760,1.0000995
HAT-P-7 b,-3.19125,1.0004823
HAT-P-7 b,-3.17490,1.0001715
HAT-P-7 b,-3.15856,1.0002389
HAT-P-7 b,-3.14221,0.9999188
HAT-P-7 b,-3.12586,1.0000720
HAT-P-7 b,-3.10952,0.9997678
HAT-P-7 b,-3.09317,0.9998783
HAT-P-7 b,-3.07683,0.9997986
HAT-P-7 b,-3.06048,0.9997291
HAT-P-7 b,-3.04413,1.0000536
HAT-P-7 b,-3.02779,0.9998227
HAT-P-7 b,-3.01144,0.9997737
HAT-P-7 b,-2.99509,0.9999040
HAT-P-7 b,-2.97875,0.9997388
HAT-P-7 b,-2.96240,0.9998141
HAT-P-7 b,-2.94605,1.0000415
HAT-P-7 b,-2.92971,0.9999324
HAT-P-7 b,-2.91336,0.9996710
HAT-P-7 b,-2.89701,0.9998814
HAT-P-7 b,-2.88067,0.9999146
HAT-P-7 b,-2.86432,1.0000148
HAT-P-7 b,-2.84797,1.0000415
HAT-P-7 b,-2.83163,1.0000128
HAT-P-7 b,-2.81528,0.9999011
HAT-P-7 b,-2.79894,1.0001926
HAT-P-7 b,-2.78259,1.0000519
HAT-P-7 b,-2.76624,0.9997990
HAT-P-7 b,-2.74989,0.9999111
HAT-P-7 b,-2.73355,0.9995945
HAT-P-7 b,-2.71720,0.9997874
HAT-P-7 b,-2.70086,0.9999262
HAT-P-7 b,-2.68451,0.9996327
HAT-P-7 b,-2.66816,0.9996892
HAT-P-7 b,-2.65182,0.9997805
HAT-P-7 b,-2.63547,0.9998991
HAT-P-7 b,-2.61912,1.0000453
HAT-P-7 b,-2.60277,0.9998679
HAT-P-7 b,-2.58643,0.9999055
HAT-P-7 b,-2.57008,1.0001190
HAT-P-7 b,-2.55374,0.9999561
HAT-P-7 b,-2.53739,1.0001334
HAT-P-7 b,-2.52104,1.0001904
HAT-P-7 b,-2.50470,0.9998713
HAT-P-7 b,-2.48835,1.0001338
HAT-P-7 b,-2.47200,0.9999270
HAT-P-7 b,-2.45566,0.9999134
HAT-P-7 b,-2.43931,0.9999854
HAT-P-7 b,-2.42296,0.9999914
HAT-P-7 b,-2.40662,0.9997448
HAT-P-7 b,-2.39027,0.9999675
HAT-P-7 b,-2.37392,1.0000851
HAT-P-7 b,-2.35758,0.9996609
HAT-P-7 b,-2.34123,0.9998316
HAT-P-7 b,-2.32488,0.9999713
HAT-P-7 b,-2.30854,0.9996096
HAT-P-7 b,-2.29219,1.0000705
HAT-P-7 b,-2.27584,1.0002064
HAT-P-7 b,-2.25950,1.0001473
HAT-P-7 b,-2.24315,0.9999054
HAT-P-7 b,-2.22680,1.0000509
HAT-P-7 b,-2.21046,1.0003417
HAT-P-7 b,-2.19411,1.0002053
HAT-P-7 b,-2.17776,0.9998526
HAT-P-7 b,-2.16142,0.9998366
HAT-P-7 b,-2.14507,1.0000739
HAT-P-7 b,-2.12873,0.9996393
HAT-P-7 b,-2.11238,0.9998573
HAT-P-7 b,-2.09603,0.9997750
HAT-P-7 b,-2.07969,0.9998272
HAT-P-7 b,-2.06334,1.0000562
HAT-P-7 b,-2.04699,0.9999429
HAT-P-7 b,-2.03065,0.9999253
HAT-P-7 b,-2.01430,1.0001159
HAT-P-7 b,-1.99795,1.0000718
HAT-P-7 b,-1.98161,0.9997540
HAT-P-7 b,-1.96526,1.0000140
HAT-P-7 b,-1.94891,0.9998401
HAT-P-7 b,-1.93256,0.9996811
HAT-P-7 b,-1.91622,0.9993866
HAT-P-7 b,-1.89987,0.9995684
HAT-P-7 b,-1.88353,0.9994504
HAT-P-7 b,-1.86718,0.9986829
HAT-P-7 b,-1.85083,0.9988176
HAT-P-7 b,-1.83449,0.9984190
HAT-P-7 b,-1.81814,0.9981520
HAT-P-7 b,-1.80179,0.9980690
HAT-P-7 b,-1.78545,0.9976542
HAT-P-7 b,-1.76910,0.9971736
HAT-P-7 b,-1.75275,0.9976563
HAT-P-7 b,-1.73641,0.9968804
HAT-P-7 b,-1.72006,0.9965505
HAT-P-7 b,-1.70371,0.9963911
HAT-P-7 b,-1.68737,0.9959349
HAT-P-7 b,-1.67102,0.9958836
HAT-P-7 b,-1.65468,0.9957352
HAT-P-7 b,-1.63833,0.9951131
HAT-P-7 b,-1.62198,0.9949120
HAT-P-7 b,-1.60563,0.9948065
HAT-P-7 b,-1.58929,0.9949240
HAT-P-7 b,-1.57294,0.9947477
HAT-P-7 b,-1.55659,0.9947670
HAT-P-7 b,-1.54025,0.9949966
HAT-P-7 b,-1.52390,0.9947965
HAT-P-7 b,-1.50756,0.9945752
HAT-P-7 b,-1.49121,0.9947461
HAT-P-7 b,-1.47486,0.9947390
HAT-P-7 b,-1.45851,0.9946192
HAT-P-7 b,-1.44217,0.9944608
HAT-P-7 b,-1.42582,0.9943891
HAT-P-7 b,-1.40947,0.9946344
HAT-P-7 b,-1.39313,0.9944274
HAT-P-7 b,-1.37678,0.9944925
HAT-P-7 b,-1.36044,0.9943883
HAT-P-7 b,-1.34409,0.9945582
HAT-P-7 b,-1.32774,0.9943272
HAT-P-7 b,-1.31140,0.9943359
HAT-P-7 b,-1.29505,0.9942787
HAT-P-7 b,-1.27870,0.9943833
HAT-P-7 b,-1.26236,0.9943233
HAT-P-7 b,-1.24601,0.9941273
HAT-P-7 b,-1.22966,0.9940084
HAT-P-7 b,-1.21332,0.9941468
HAT-P-7 b,-1.19697,0.9940939
HAT-P-7 b,-1.18062,0.9941999
HAT-P-7 b,-1.16428,0.9941995
HAT-P-7 b,-1.14793,0.9936934
HAT-P-7 b,-1.13158,0.9940278
HAT-P-7 b,-1.11524,0.9936922
HAT-P-7 b,-1.09889,0.9938930
HAT-P-7 b,-1.08254,0.9941949
HAT-P-7 b,-1.06620,0.9939627
HAT-P-7 b,-1.04985,0.9938047
HAT-P-7 b,-1.03350,0.9938540
HAT-P-7 b,-1.01716,0.9939960
HAT-P-7 b,-1.00081,0.9937942
HAT-P-7 b,-0.98447,0.9938362
HAT-P-7 b,-0.96812,0.9939508
HAT-P-7 b,-0.95177,0.9939872
HAT-P-7 b,-0.93543,0.9936726
HAT-P-7 b,-0.91908,0.9936074
HAT-P-7 b,-0.90273,0.9936665
HAT-P-7 b,-0.88638,0.9935522
HAT-P-7 b,-0.87004,0.9936333
HAT-P-7 b,-0.85369,0.9935937
HAT-P-7 b,-0.83735,0.9934242
HAT-P-7 b,-0.82100,0.9938151
HAT-P-7 b,-0.80465,0.9937012
HAT-P-7 b,-0.78831,0.9937195
HAT-P-7 b,-0.77196,0.9935286
HAT-P-7 b,-0.75561,0.9938494
HAT-P-7 b,-0.73927,0.9935956
HAT-P-7 b,-0.72292,0.9933855
HAT-P-7 b,-0.70657,0.9936028
HAT-P-7 b,-0.69023,0.9934389
HAT-P-7 b,-0.67388,0.9936143
HAT-P-7 b,-0.65753,0.9935547
HAT-P-7 b,-0.64119,0.9934490
HAT-P-7 b,-0.62484,0.9935677
HAT-P-7 b,-0.60849,0.9935352
HAT-P-7 b,-0.59215,0.9935954
HAT-P-7 b,-0.57580,0.9934597
HAT-P-7 b,-0.55946,0.9933836
HAT-P-7 b,-0.54311,0.9934359
HAT-P-7 b,-0.52676,0.9933150
HAT-P-7 b,-0.51041,0.9936173
HAT-P-7 b,-0.49407,0.9933887
HAT-P-7 b,-0.47772,0.9935623
HAT-P-7 b,-0.46138,0.9934026
HAT-P-7 b,-0.44503,0.9934887
HAT-P-7 b,-0.42868,0.9932918
HAT-P-7 b,-0.41233,0.9935766
HAT-P-7 b,-0.39599,0.9934710
HAT-P-7 b,-0.37964,0.9935496
HAT-P-7 b,-0.36329,0.9935509
HAT-P-7 b,-0.34695,0.9933393
HAT-P-7 b,-0.33060,0.9931472
HAT-P-7 b,-0.31426,0.9936116
HAT-P-7 b,-0.29791,0.9934482
HAT-P-7 b,-0.28156,0.9935334
HAT-P-7 b,-0.26521,0.9934290
HAT-P-7 b,-0.24887,0.9935932
HAT-P-7 b,-0.23252,0.9933076
HAT-P-7 b,-0.21617,0.9932460
HAT-P-7 b,-0.19983,0.9934262
HAT-P-7 b,-0.18348,0.9935310
HAT-P-7 b,-0.16714,0.9934553
HAT-P-7 b,-0.15079,0.9933250
HAT-P-7 b,-0.13444,0.9932956
HAT-P-7 b,-0.11810,0.9931914
HAT-P-7 b,-0.10175,0.9932621
HAT-P-7 b,-0.08540,0.9934548
HAT-P-7 b,-0.06906,0.9934768
HAT-P-7 b,-0.05271,0.9935247
HAT-P-7 b,-0.03636,0.9931401
HAT-P-7 b,-0.02002,0.9933463
HAT-P-7 b,-0.00367,0.9932922
HAT-P-7 b,0.01268,0.9932006
HAT-P-7 b,0.02902,0.9932872
HAT-P-7 b,0.04537,0.9934508
HAT-P-7 b,0.06172,0.9932978
HAT-P-7 b,0.07806,0.9931869
HAT-P-7 b,0.09441,0.9931688
HAT-P-7 b,0.11076,0.9935153
HAT-P-7 b,0.12710,0.9932038
HAT-P-7 b,0.14345,0.9931313
HAT-P-7 b,0.15980,0.9933259
HAT-P-7 b,0.17614,0.9931444
HAT-P-7 b,0.19249,0.9932398
HAT-P-7 b,0.20883,0.9933364
HAT-P-7 b,0.22518,0.9930684
HAT-P-7 b,0.24153,0.9933722
HAT-P-7 b,0.25788,0.9933679
HAT-P-7 b,0.27422,0.9934659
HAT-P-7 b,0.29057,0.9931855
HAT-P-7 b,0.30692,0.9932880
HAT-P-7 b,0.32326,0.9934389
HAT-P-7 b,0.33961,0.9934749
HAT-P-7 b,0.35595,0.9934130
HAT-P-7 b,0.37230,0.9935821
HAT-P-7 b,0.38865,0.9935628
HAT-P-7 b,0.40500,0.9933408
HAT-P-7 b,0.42134,0.9933659
HAT-P-7 b,0.43769,0.9933763
HAT-P-7 b,0.45403,0.9935571
HAT-P-7 b,0.47038,0.9933712
HAT-P-7 b,0.48673,0.9934041
HAT-P-7 b,0.50307,0.9934703
HAT-P-7 b,0.51942,0.9933089
HAT-P-7 b,0.53577,0.9931594
HAT-P-7 b,0.55211,0.9934455
HAT-P-7 b,0.56846,0.9931406
HAT-P-7 b,0.58480,0.9935450
HAT-P-7 b,0.60115,0.9935237
HAT-P-7 b,0.61750,0.9932995
HAT-P-7 b,0.63385,0.9933120
HAT-P-7 b,0.65019,0.9933366
HAT-P-7 b,0.66654,0.9933684
HAT-P-7 b,0.68289,0.9933202
HAT-P-7 b,0.69923,0.9931320
HAT-P-7 b,0.71558,0.9934106
HAT-P-7 b,0.73192,0.9936003
HAT-P-7 b,0.74827,0.9936207
HAT-P-7 b,0.76462,0.9935010
HAT-P-7 b,0.78096,0.9938480
HAT-P-7 b,0.79731,0.9937141
HAT-P-7 b,0.81366,0.9935185
HAT-P-7 b,0.83001,0.9935734
HAT-P-7 b,0.84635,0.9936155
HAT-P-7 b,0.86270,0.9935541
HAT-P-7 b,0.87904,0.9933653
HAT-P-7 b,0.89539,0.9937005
HAT-P-7 b,0.91174,0.9936221
HAT-P-7 b,0.92808,0.9935495
HAT-P-7 b,0.94443,0.9937438
HAT-P-7 b,0.96078,0.9935289
HAT-P-7 b,0.97713,0.9937300
HAT-P-7 b,0.99347,0.9937943
HAT-P-7 b,1.00981,0.9937461
HAT-P-7 b,1.02616,0.9937889
HAT-P-7 b,1.04251,0.9937915
HAT-P-7 b,1.05886,0.9938544
HAT-P-7 b,1.07520,0.9941364
HAT-P-7 b,1.09155,0.9936342
HAT-P-7 b,1.10790,0.9939456
HAT-P-7 b,1.12424,0.9937966
HAT-P-7 b,1.14059,0.9940806
HAT-P-7 b,1.15694,0.9938687
HAT-P-7 b,1.17328,0.9938944
HAT-P-7 b,1.18963,0.9941340
HAT-P-7 b,1.20598,0.9941284
HAT-P-7 b,1.22232,0.9940705
HAT-P-7 b,1.23867,0.9940066
HAT-P-7 b,1.25502,0.9940516
HAT-P-7 b,1.27136,0.9939346
HAT-P-7 b,1.28771,0.9940418
HAT-P-7 b,1.30405,0.9939985
HAT-P-7 b,1.32040,0.9941813
HAT-P-7 b,1.33675,0.9943980
HAT-P-7 b,1.35309,0.9944384
HAT-P-7 b,1.36944,0.9942886
HAT-P-7 b,1.38579,0.9945476
HAT-P-7 b,1.40213,0.9945734
HAT-P-7 b,1.41848,0.9945617
HAT-P-7 b,1.43483,0.9945278
HAT-P-7 b,1.45117,0.9946930
HAT-P-7 b,1.46752,0.9945213
HAT-P-7 b,1.48387,0.9946837
HAT-P-7 b,1.50021,0.9947503
HAT-P-7 b,1.51656,0.9948363
HAT-P-7 b,1.53291,0.9947025
HAT-P-7 b,1.54925,0.9954211
HAT-P-7 b,1.56560,0.9949027
HAT-P-7 b,1.58195,0.9949141
HAT-P-7 b,1.59829,0.9950540
HAT-P-7 b,1.61464,0.9954376
HAT-P-7 b,1.63099,0.9954988
HAT-P-7 b,1.64733,0.9960252
HAT-P-7 b,1.66368,0.9959136
HAT-P-7 b,1.68003,0.9960882
HAT-P-7 b,1.69637,0.9963135
HAT-P-7 b,1.71272,0.9966230
HAT-P-7 b,1.72907,0.9972911
HAT-P-7 b,1.74541,0.9970730
HAT-P-7 b,1.76176,0.9977880
HAT-P-7 b,1.77811,0.9978691
HAT-P-7 b,1.79445,0.9980902
HAT-P-7 b,1.81080,0.9982953
HAT-P-7 b,1.82715,0.9988036
HAT-P-7 b,1.84349,0.9988128
HAT-P-7 b,1.85984,0.9993924
HAT-P-7 b,1.87619,0.9994279
HAT-P-7 b,1.89253,0.9990747
HAT-P-7 b,1.90888,0.9996459
HAT-P-7 b,1.92522,0.9998862
HAT-P-7 b,1.94157,0.9997671
HAT-P-7 b,1.95792,1.0000758
HAT-P-7 b,1.97427,1.0000419
HAT-P-7 b,1.99061,1.0002206
HAT-P-7 b,2.00696,0.9999200
HAT-P-7 b,2.02331,1.0002245
HAT-P-7 b,2.03965,1.0000185
HAT-P-7 b,2.05600,0.9999377
HAT-P-7 b,2.07234,1.0001083
HAT-P-7 b,2.08869,0.9999374
HAT-P-7 b,2.10504,1.0000283
HAT-P-7 b,2.12138,1.0003922
HAT-P-7 b,2.13773,0.9999820
HAT-P-7 b,2.15408,1.0002449
HAT-P-7 b,2.17042,1.0002178
HAT-P-7 b,2.18677,1.0003585
HAT-P-7 b,2.20312,1.0000322
HAT-P-7 b,2.21946,1.0002843
HAT-P-7 b,2.23581,0.9997085
HAT-P-7 b,2.25216,1.0001057
HAT-P-7 b,2.26850,1.0000460
HAT-P-7 b,2.28485,1.0001700
HAT-P-7 b,2.30119,1.0001445
HAT-P-7 b,2.31754,0.9998456
HAT-P-7 b,2.33389,0.9998793
HAT-P-7 b,2.35024,1.0001231
HAT-P-7 b,2.36658,0.9996702
HAT-P-7 b,2.38293,0.9996936
HAT-P-7 b,2.39928,0.9998675
HAT-P-7 b,2.41562,0.9997366
HAT-P-7 b,2.43197,1.0001334
HAT-P-7 b,2.44831,0.9999050
HAT-P-7 b,2.46466,0.9995656
HAT-P-7 b,2.48101,0.9996717
HAT-P-7 b,2.49735,0.9996230
HAT-P-7 b,2.51370,0.9997082
HAT-P-7 b,2.53005,0.9997777
HAT-P-7 b,2.54640,0.9999220
HAT-P-7 b,2.56274,1.0000315
HAT-P-7 b,2.57909,0.9996646
HAT-P-7 b,2.59543,0.9999535
HAT-P-7 b,2.61178,0.9997380
HAT-P-7 b,2.62813,0.9998539
HAT-P-7 b,2.64447,0.9997823
HAT-P-7 b,2.66082,0.9996984
HAT-P-7 b,2.67717,0.9998192
HAT-P-7 b,2.69352,0.9999243
HAT-P-7 b,2.70986,1.0000979
HAT-P-7 b,2.72620,1.0001509
HAT-P-7 b,2.74255,0.9999232
HAT-P-7 b,2.75890,0.9999863
HAT-P-7 b,2.77525,0.9999866
HAT-P-7 b,2.79159,0.9999946
HAT-P-7 b,2.80794,1.0000569
HAT-P-7 b,2.82429,1.0001312
HAT-P-7 b,2.84063,1.0000876
HAT-P-7 b,2.85698,0.9998671
HAT-P-7 b,2.87332,0.9999127
HAT-P-7 b,2.88967,0.9999834
HAT-P-7 b,2.90602,1.0000397
HAT-P-7 b,2.92237,0.9998841
HAT-P-7 b,2.93871,1.0001299
HAT-P-7 b,2.95506,0.9998402
HAT-P-7 b,2.97140,0.9997858
HAT-P-7 b,2.98775,0.9997732
HAT-P-7 b,3.00410,0.9998696
HAT-P-7 b,3.02044,0.9998668
HAT-P-7 b,3.03679,0.9999161
HAT-P-7 b,3.05314,0.9999203
HAT-P-7 b,3.06948,1.0000566
HAT-P-7 b,3.08583,0.9998562
HAT-P-7 b,3.10218,0.9997966
HAT-P-7 b,3.11852,1.0000068
HAT-P-7 b,3.13487,0.9999649
HAT-P-7 b,3.15122,0.9999228
HAT-P-7 b,3.16756,0.9999084
HAT-P-7 b,3.18391,1.0002239
HAT-P-7 b,3.20026,0.9999735
HAT-P-7 b,3.21660,1.0000472
HAT-P-7 b,3.23295,1.0001066
HAT-P-7 b,3.24930,0.9999200
HAT-P-7 b,3.26564,0.9999400
HAT-P-7 b,3.28199,0.9999262
HAT-P-7 b,3.29834,0.9998408
HAT-P-7 b,3.31468,1.0000156
HAT-P-7 b,3.33103,0.9998549
HAT-P-7 b,3.34738,1.0001062
HAT-P-7 b,3.36372,0.9999293
HAT-P-7 b,3.38007,0.9997656
HAT-P-7 b,3.39642,1.0000388
HAT-P-7 b,3.41276,0.9999745
HAT-P-7 b,3.42911,1.0002767
HAT-P-7 b,3.44546,0.9999777
HAT-P-7 b,3.46180,1.0000882
HAT-P-7 b,3.47815,0.9999044
HAT-P-7 b,3.49450,0.9999376
HAT-P-7 b,3.51084,1.0000074
HAT-P-7 b,3.52719,1.0002096
HAT-P-7 b,3.54353,0.9999800
HAT-P-7 b,3.55988,0.9999178
HAT-P-7 b,3.57623,0.9998832
HAT-P-7 b,3.59257,1.0001557
HAT-P-7 b,3.60892,1.0002462
HAT-P-7 b,3.62527,1.0002853
HAT-P-7 b,3.64161,1.0000704
HAT-P-7 b,3.65796,1.0001610
HAT-P-7 b,3.67431,1.0001704
HAT-P-7 b,3.69065,1.0000256
HAT-P-7 b,3.70700,1.0002755
HAT-P-7 b,3.72335,1.0001663
HAT-P-7 b,3.73969,0.9998774
HAT-P-7 b,3.75604,1.0001384
HAT-P-7 b,3.77239,1.0001845
HAT-P-7 b,3.78873,1.0002776
HAT-P-7 b,3.80508,1.0003658
HAT-P-7 b,3.82143,1.0000133
HAT-P-7 b,3.83777,0.9998124
HAT-P-7 b,3.85412,1.0000758
HAT-P-7 b,3.87047,0.9999907
HAT-P-7 b,3.88681,0.9997877
HAT-P-7 b,3.90316,1.0000676
HAT-P-7 b,3.91951,0.9997770
HAT-P-7 b,3.93585,1.0000010
HAT-P-7 b,3.95220,0.9999215
HAT-P-7 b,3.96855,1.0001912
HAT-P-7 b,3.98489,1.0001549
HAT-P-7 b,4.00124,1.0000988
HAT-P-7 b,4.01759,1.0001638
HAT-P-7 b,4.03393,0.9999443
HAT-P-7 b,4.05028,0.9998627
HAT-P-7 b,4.06663,0.9999288
HAT-P-7 b,4.08297,1.0000134
HAT-P-7 b,4.09932,1.0001340
HAT-P-7 b,4.11567,0.9999320
HAT-P-7 b,4.13201,1.0000516
HAT-P-7 b,4.14836,1.0000967
HAT-P-7 b,4.16470,0.9999527
HAT-P-7 b,4.18105,0.9999298
HAT-P-7 b,4.19740,0.9999969
HAT-P-7 b,4.21374,0.9999577
HAT-P-7 b,4.23009,1.0002034
HAT-P-7 b,4.24644,1.0000828
HAT-P-7 b,4.26279,1.0001733
HAT-P-7 b,4.27913,0.9999505
HAT-P-7 b,4.29548,1.0002792
HAT-P-7 b,4.31182,0.9998942
HAT-P-7 b,4.32817,0.9999169
HAT-P-7 b,4.34452,1.0002768
HAT-P-7 b,4.36086,0.9999305
HAT-P-7 b,4.37721,1.0000032
HAT-P-7 b,4.39356,0.9998947
HAT-P-7 b,4.40991,0.9998707
HAT-P-7 b,4.42625,1.0000098
HAT-P-7 b,4.44259,0.9999676
HAT-P-7 b,4.45894,0.9999870
HAT-P-7 b,4.47529,0.9996929
HAT-P-7 b,4.49164,1.0003833
HAT-P-7 b,4.50798,1.0000407
HAT-P-7 b,4.52433,1.0000289
HAT-P-7 b,4.54068,0.9999801
HAT-P-7 b,4.55702,0.9999585
HAT-P-7 b,4.57337,1.0001056
HAT-P-7 b,4.58971,0.9998306
HAT-P-7 b,4.60606,0.9998236
HAT-P-7 b,4.62241,0.9997615
HAT-P-7 b,4.63876,0.9997002
HAT-P-7 b,4.65510,0.9996572
HAT-P-7 b,4.67145,0.9997107
HAT-P-7 b,4.68779,1.0000621
HAT-P-7 b,4.70414,0.9996976
HAT-P-7 b,4.72049,0.9998746
HAT-P-7 b,4.73683,1.0000791
HAT-P-7 b,4.75318,1.0001195
HAT-P-7 b,4.76953,0.9999466
HAT-P-7 b,4.78587,0.9999494
HAT-P-7 b,4.80222,0.9998908
HAT-P-7 b,4.81857,0.9995733
HAT-P-7 b,4.83491,0.9998578
HAT-P-7 b,4.85126,0.9999335
HAT-P-7 b,4.86761,0.9996486
HAT-P-7 b,4.88395,1.0001061
HAT-P-7 b,4.90030,1.0000145
HAT-P-7 b,4.91665,0.9997266
HAT-P-7 b,4.93299,0.9994894
HAT-P-7 b,4.94934,0.9998307
HAT-P-7 b,4.96569,1.0002200
HAT-P-7 b,4.98203,0.9996239
HAT-P-7 b,4.99838,0.9998757
HAT-P-7 b,5.01472,0.9998918
HAT-P-7 b,5.03107,0.9997904
HAT-P-7 b,5.04742,0.9998408
HAT-P-7 b,5.06377,0.9998149
HAT-P-7 b,5.08011,0.9999499
HAT-P-7 b,5.09646,1.0001210
HAT-P-7 b,5.11280,1.0000753
HAT-P-7 b,5.12915,1.0001433
HAT-P-7 b,5.14550,0.9998135
HAT-P-7 b,5.16184,0.9999226
HAT-P-7 b,5.17819,0.9998493
HAT-P-7 b,5.19454,0.9997509
HAT-P-7 b,5.21088,1.0000705
HAT-P-7 b,5.22723,0.9998641
HAT-P-7 b,5.24358,0.9999575
HAT-P-7 b,5.25992,1.0000347
HAT-P-7 b,5.27627,1.0000634
HAT-P-7 b,5.29262,0.9997360
HAT-P-7 b,5.30897,0.9999086
HAT-P-7 b,5.32531,1.0003426
HAT-P-7 b,5.34166,1.0001312
HAT-P-7 b,5.35800,1.0000543
HAT-P-7 b,5.37435,0.9998253
HAT-P-7 b,5.39070,0.9998106
HAT-P-7 b,5.40704,1.0002484
HAT-P-7 b,5.42339,0.9998309
HAT-P-7 b,5.43974,1.0002612
HAT-P-7 b,5.45608,0.9999398
HAT-P-7 b,5.47243,0.9997643
HAT-P-7 b,5.48878,0.9999194
HAT-P-7 b,5.50512,1.0001013
HAT-P-7 b,5.52147,1.0002321
HAT-P-7 b,5.53782,1.0001032
HAT-P-7 b,5.55416,0.9997590
HAT-P-7 b,5.57051,0.9999094
HAT-P-7 b,5.58686,0.9998598
HAT-P-7 b,5.60320,0.9996634
HAT-P-7 b,5.61955,0.9998501
HAT-P-7 b,5.63590,0.9999367
HAT-P-7 b,5.65224,0.9999054
HAT-P-7 b,5.66859,1.0000533
HAT-P-7 b,5.68494,0.9999569
HAT-P-7 b,5.70128,0.9998713
HAT-P-7 b,5.71763,0.9999073
HAT-P-7 b,5.73398,0.9998670
HAT-P-7 b,5.75032,1.0001867
HAT-P-7 b,5.76667,0.9999416
HAT-P-7 b,5.78301,0.9999237
HAT-P-7 b,5.79936,1.0000527
HAT-P-7 b,5.81571,1.0003121
HAT-P-7 b,5.83206,1.0000710
HAT-P-7 b,5.84840,0.9999593
HAT-P-7 b,5.86475,0.9997595
HAT-P-7 b,5.88109,1.0000344
HAT-P-7 b,5.89744,0.9997588
HAT-P-7 b,5.91379,0.9998559
HAT-P-7 b,5.93013,0.9999441
HAT-P-7 b,5.94648,1.0003547
HAT-P-7 b,5.96283,0.9999387
HAT-P-7 b,5.97918,1.0002736
HAT-P-7 b,5.99552,0.9999409
HAT-P-7 b,6.01187,1.0003332
HAT-P-7 b,6.02821,0.9999413
HAT-P-7 b,6.04456,1.0000805
HAT-P-7 b,6.06091,0.9999785
HAT-P-7 b,6.07725,0.9998005
HAT-P-7 b,6.09360,0.9999385
HAT-P-7 b,6.10995,1.0001693
HAT-P-7 b,6.12630,0.9997878
HAT-P-7 b,6.14264,0.9999823
HAT-P-7 b,6.15898,0.9997882
HAT-P-7 b,6.17533,0.9999036
HAT-P-7 b,6.19168,0.9999336
HAT-P-7 b,6.20803,1.0002513
HAT-P-7 b,6.22437,1.0000067
HAT-P-7 b,6.24072,1.0000336
HAT-P-7 b,6.25707,1.0000015
HAT-P-7 b,6.27341,0.9998212
HAT-P-7 b,6.28976,0.9998207
HAT-P-7 b,6.30610,0.9998556
HAT-P-7 b,6.32245,0.9998027
HAT-P-7 b,6.33880,0.9998630
HAT-P-7 b,6.35515,1.0003735
HAT-P-7 b,6.37149,0.9996517
HAT-P-7 b,6.38784,0.9998861
HAT-P-7 b,6.40418,0.9999675
HAT-P-7 b,6.42053,0.9998485
HAT-P-7 b,6.43688,1.0002575
HAT-P-7 b,6.45322,0.9998835
HAT-P-7 b,6.46957,0.9998885
HAT-P-7 b,6.48592,1.0002068
HAT-P-7 b,6.50226,0.9998921
HAT-P-7 b,6.51861,1.0001299
HAT-P-7 b,6.53495,1.0000675
HAT-P-7 b,6.55130,0.9998760
HAT-P-7 b,6.56765,0.9999008
HAT-P-7 b,6.58400,0.9998311
HAT-P-7 b,6.60034,0.9996271
HAT-P-7 b,6.61669,0.9997199
HAT-P-7 b,6.63304,0.9999286
HAT-P-7 b,6.64938,0.9998011
HAT-P-7 b,6.66573,1.0001115
HAT-P-7 b,6.68207,0.9998312
HAT-P-7 b,6.69842,0.9999018
HAT-P-7 b,6.71477,0.9999046
HAT-P-7 b,6.73112,0.9999855
HAT-P-7 b,6.74746,1.0000334
HAT-P-7 b,6.76381,0.9999729
HAT-P-7 b,6.78016,1.0001463
HAT-P-7 b,6.79650,0.9999483
HAT-P-7 b,6.81285,1.0001225
HAT-P-7 b,6.82920,1.0001997
HAT-P-7 b,6.84554,1.0000556
HAT-P-7 b,6.86189,1.0001472
HAT-P-7 b,6.87823,1.0000472
HAT-P-7 b,6.89458,1.0002493
HAT-P-7 b,6.91093,1.0003076
HAT-P-7 b,6.92727,1.0002351
HAT-P-7 b,6.94362,1.0000108
HAT-P-7 b,6.95997,1.0001009
HAT-P-7 b,6.97631,1.0001650
HAT-P-7 b,6.99266,0.9999056
HAT-P-7 b,7.00901,0.9999156
HAT-P-7 b,7.02535,0.9999242
HAT-P-7 b,7.04170,0.9997929
HAT-P-7 b,7.05805,0.9998940
HAT-P-7 b,7.07439,1.0000980
HAT-P-7 b,7.09074,0.9999398
HAT-P-7 b,7.10709,1.0000346
HAT-P-7 b,7.12343,1.0001435
HAT-P-7 b,7.13978,1.0000297
HAT-P-7 b,7.15613,1.0000862
HAT-P-7 b,7.17247,1.0002783
HAT-P-7 b,7.18882,1.0001433
HAT-P-7 b,7.20517,1.0001132
HAT-P-7 b,7.22151,0.9999179
HAT-P-7 b,7.23786,1.0000621
HAT-P-7 b,7.25421,1.0002758
HAT-P-7 b,7.27055,1.0001651
HAT-P-7 b,7.28690,0.9998234
HAT-P-7 b,7.30325,1.0002121
HAT-P-7 b,7.31959,0.9997113
HAT-P-7 b,7.33594,1.0006275
HAT-P-7 b,7.35228,1.0000322
HAT-P-7 b,7.36863,0.9997433
HAT-P-7 b,7.38498,1.0000418
HAT-P-7 b,7.40133,1.0000128
HAT-P-7 b,7.41767,0.9998209
HAT-P-7 b,7.43402,1.0002828
HAT-P-7 b,7.45037,1.0000016
HAT-P-7 b,7.46671,1.0000650
HAT-P-7 b,7.48306,1.0002534
HAT-P-7 b,7.49940,0.9999773
HAT-P-7 b,7.51575,1.0000417
HAT-P-7 b,7.53210,1.0000055
HAT-P-7 b,7.54845,1.0001780
HAT-P-7 b,7.56479,0.9998584
HAT-P-7 b,7.58114,1.0000379
HAT-P-7 b,7.59748,1.0000287
HAT-P-7 b,7.61383,1.0000426
HAT-P-7 b,7.63018,1.0004223
HAT-P-7 b,7.64652,1.0002144
HAT-P-7 b,7.66287,1.0001978
HAT-P-7 b,7.67922,1.0001222
HAT-P-7 b,7.69556,1.0003098
HAT-P-7 b,7.71191,1.0001783
HAT-P-7 b,7.72826,0.9999777
HAT-P-7 b,7.74460,1.0001795
HAT-P-7 b,7.76095,0.9999747
HAT-P-7 b,7.77730,1.0001797
HAT-P-7 b,7.79364,0.9999821
HAT-P-7 b,7.80999,0.9999184
HAT-P-7 b,7.82634,0.9998973
HAT-P-7 b,7.84268,1.0000751
HAT-P-7 b,7.85903,1.0003198
HAT-P-7 b,7.87537,0.9998975
HAT-P-7 b,7.89172,1.0003164
HAT-P-7 b,7.90807,1.0001281
HAT-P-7 b,7.92442,1.0000577
HAT-P-7 b,7.94076,0.9998189
HAT-P-7 b,7.95711,1.0000147
HAT-P-7 b,7.97346,1.0001904
HAT-P-7 b,7.98980,1.0001298
HAT-P-7 b,8.00615,1.0002373
HAT-P-7 b,8.02249,1.0002107
HAT-P-7 b,8.03884,0.9999490
HAT-P-7 b,8.05519,1.0002252
HAT-P-7 b,8.07153,0.9999703
HAT-P-7 b,8.08788,1.0001843
HAT-P-7 b,8.10423,1.0000071
HAT-P-7 b,8.12057,1.0002241
HAT-P-7 b,8.13692,1.0001065
HAT-P-7 b,8.15327,0.9999021
HAT-P-7 b,8.16961,0.9998771
HAT-P-7 b,8.18596,0.9997199
HAT-P-7 b,8.20231,1.0001046
HAT-P-7 b,8.21865,1.0001812
HAT-P-7 b,8.23500,0.9999904
HAT-P-7 b,8.25134,1.0001469
HAT-P-7 b,8.26769,1.0001036
HAT-P-7 b,8.28404,0.9998819
HAT-P-7 b,8.30039,0.9998146
HAT-P-7 b,8.31673,1.0000320
HAT-P-7 b,8.33308,1.0001543
HAT-P-7 b,8.34943,1.0001022
HAT-P-7 b,8.36577,1.0001809
HAT-P-7 b,8.38212,0.9999095
HAT-P-7 b,8.39846,0.9997721
HAT-P-7 b,-8.38940,1.0000745
HAT-P-7 b,-8.37305,1.0001047
HAT-P-7 b,-8.35671,1.0000042
HAT-P-7 b,-8.34036,1.0002019
HAT-P-7 b,-8.32401,0.9997859
HAT-P-7 b,-8.30766,1.0000717
HAT-P-7 b,-8.29132,1.0003398
HAT-P-7 b,-8.27497,1.0002861
HAT-P-7 b,-8.25862,1.0001565
HAT-P-7 b,-8.24228,0.9999568
HAT-P-7 b,-8.22593,1.0000044
HAT-P-7 b,-8.20959,1.0002286
HAT-P-7 b,-8.19324,1.0000964
HAT-P-7 b,-8.17689,0.9999318
HAT-P-7 b,-8.16055,1.0000513
HAT-P-7 b,-8.14420,0.9999708
HAT-P-7 b,-8.12785,0.9998739
HAT-P-7 b,-8.11151,0.9999977
HAT-P-7 b,-8.09516,1.0000619
HAT-P-7 b,-8.07881,1.0002140
HAT-P-7 b,-8.06247,1.0001894
HAT-P-7 b,-8.04612,1.0000852
HAT-P-7 b,-8.02977,1.0003290
HAT-P-7 b,-8.01343,1.0000096
HAT-P-7 b,-7.99708,1.0001518
HAT-P-7 b,-7.98073,1.0000670
HAT-P-7 b,-7.96438,1.0000296
HAT-P-7 b,-7.94804,1.0002007
HAT-P-7 b,-7.93170,1.0000178
HAT-P-7 b,-7.91535,0.9988460
HAT-P-7 b,-7.89900,0.9998866
HAT-P-7 b,-7.88265,1.0001980
HAT-P-7 b,-7.86631,1.0000082
HAT-P-7 b,-7.84996,0.9995575
HAT-P-7 b,-7.83361,1.0001495
HAT-P-7 b,-7.81727,1.0001222
HAT-P-7 b,-7.80092,0.9998719
HAT-P-7 b,-7.78458,0.9996674
HAT-P-7 b,-7.76823,1.0001424
HAT-P-7 b,-7.75188,0.9998400
HAT-P-7 b,-7.73554,1.0000260
HAT-P-7 b,-7.71919,1.0002560
HAT-P-7 b,-7.70284,0.9998884
HAT-P-7 b,-7.68650,1.0000851
HAT-P-7 b,-7.67015,1.0001928
HAT-P-7 b,-7.65380,1.0001453
HAT-P-7 b,-7.63746,0.9998686
HAT-P-7 b,-7.62111,0.9999088
HAT-P-7 b,-7.60476,1.0001030
HAT-P-7 b,-7.58842,0.9998022
HAT-P-7 b,-7.57207,0.9998357
HAT-P-7 b,-7.55572,0.9998789
HAT-P-7 b,-7.53938,0.9997866
HAT-P-7 b,-7.52303,1.0000621
HAT-P-7 b,-7.50668,1.0001899
HAT-P-7 b,-7.49034,0.9999389
HAT-P-7 b,-7.47399,1.0001909
HAT-P-7 b,-7.45764,1.0001614
HAT-P-7 b,-7.44130,1.0002152
HAT-P-7 b,-7.42495,0.9999081
HAT-P-7 b,-7.40861,1.0001263
HAT-P-7 b,-7.39226,0.9999770
HAT-P-7 b,-7.37591,0.9998791
HAT-P-7 b,-7.35957,1.0001287
HAT-P-7 b,-7.34322,0.9998122
HAT-P-7 b,-7.32687,0.9999028
HAT-P-7 b,-7.31053,1.0000433
HAT-P-7 b,-7.29418,1.0001432
HAT-P-7 b,-7.27783,0.9998771
HAT-P-7 b,-7.26149,1.0000180
HAT-P-7 b,-7.24514,0.9998200
HAT-P-7 b,-7.22879,0.9999265
HAT-P-7 b,-7.21245,1.0001271
HAT-P-7 b,-7.19610,1.0000236
HAT-P-7 b,-7.17975,1.0000474
HAT-P-7 b,-7.16341,1.0000266
HAT-P-7 b,-7.14706,0.9999828
HAT-P-7 b,-7.13071,0.9999886
HAT-P-7 b,-7.11437,1.0000551
HAT-P-7 b,-7.09802,0.9998808
HAT-P-7 b,-7.08167,0.9999059
HAT-P-7 b,-7.06532,0.9998681
HAT-P-7 b,-7.04898,1.0001258
HAT-P-7 b,-7.03263,1.0001057
HAT-P-7 b,-7.01629,1.0002524
HAT-P-7 b,-6.99994,1.0001712
HAT-P-7 b,-6.98359,1.0003669
HAT-P-7 b,-6.96725,0.9999318
HAT-P-7 b,-6.95090,1.0002616
HAT-P-7 b,-6.93455,1.0000484
HAT-P-7 b,-6.91821,1.0002128
HAT-P-7 b,-6.90186,1.0000668
HAT-P-7 b,-6.88552,1.0000506
HAT-P-7 b,-6.86917,1.0001135
HAT-P-7 b,-6.85282,1.0000687
HAT-P-7 b,-6.83647,0.9998512
HAT-P-7 b,-6.82013,1.0001373
HAT-P-7 b,-6.80378,1.0001440
HAT-P-7 b,-6.78743,1.0000712
HAT-P-7 b,-6.77109,0.9999948
HAT-P-7 b,-6.75474,1.0001203
HAT-P-7 b,-6.73840,0.9998690
HAT-P-7 b,-6.72205,0.9998224
HAT-P-7 b,-6.70570,1.0000208
HAT-P-7 b,-6.68936,1.0001075
HAT-P-7 b,-6.67301,0.9999895
HAT-P-7 b,-6.65666,1.0002366
HAT-P-7 b,-6.64032,1.0002618
HAT-P-7 b,-6.62397,0.9998243
HAT-P-7 b,-6.60762,0.9999797
HAT-P-7 b,-6.59128,1.0003080
HAT-P-7 b,-6.57493,1.0000386
HAT-P-7 b,-6.55858,1.0003172
HAT-P-7 b,-6.54224,1.0001387
HAT-P-7 b,-6.52589,0.9998958
HAT-P-7 b,-6.50954,0.9999904
HAT-P-7 b,-6.49320,1.0003129
HAT-P-7 b,-6.47685,1.0001075
HAT-P-7 b,-6.46051,1.0002033
HAT-P-7 b,-6.44416,1.0002168
HAT-P-7 b,-6.42781,1.0002843
HAT-P-7 b,-6.41146,1.0000714
HAT-P-7 b,-6.39512,1.0001118
HAT-P-7 b,-6.37877,0.9997852
HAT-P-7 b,-6.36243,1.0000608
HAT-P-7 b,-6.34608,0.9997330
HAT-P-7 b,-6.32973,1.0001547
HAT-P-7 b,-6.31339,0.9999097
HAT-P-7 b,-6.29704,1.0001285
HAT-P-7 b,-6.28069,1.0000968
HAT-P-7 b,-6.26435,1.0001317
HAT-P-7 b,-6.24800,0.9999509
HAT-P-7 b,-6.23165,0.9999385
HAT-P-7 b,-6.21531,1.0001580
HAT-P-7 b,-6.19896,0.9999403
HAT-P-7 b,-6.18261,1.0001610
HAT-P-7 b,-6.16627,0.9997324
HAT-P-7 b,-6.14992,0.9998037
HAT-P-7 b,-6.13357,0.9996953
HAT-P-7 b,-6.11723,1.0000109
HAT-P-7 b,-6.10088,0.9998831
HAT-P-7 b,-6.08453,0.9997936
HAT-P-7 b,-6.06819,0.9998204
HAT-P-7 b,-6.05184,0.9998776
HAT-P-7 b,-6.03549,1.0000206
HAT-P-7 b,-6.01915,1.0001978
HAT-P-7 b,-6.00280,1.0001407
HAT-P-7 b,-5.98645,0.9999018
HAT-P-7 b,-5.97011,1.0001227
HAT-P-7 b,-5.95376,1.0000844
HAT-P-7 b,-5.93742,0.9999958
HAT-P-7 b,-5.92107,1.0001041
HAT-P-7 b,-5.90472,0.9998542
HAT-P-7 b,-5.88838,0.9998983
HAT-P-7 b,-5.87203,1.0017971
HAT-P-7 b,-5.85568,0.9996136
HAT-P-7 b,-5.83934,0.9999358
HAT-P-7 b,-5.82299,1.0002205
HAT-P-7 b,-5.80664,0.9998931
HAT-P-7 b,-5.79030,0.9998154
HAT-P-7 b,-5.77395,1.0000177
HAT-P-7 b,-5.75760,1.0001667
HAT-P-7 b,-5.74125,1.0000923
HAT-P-7 b,-5.72491,0.9998798
HAT-P-7 b,-5.70856,1.0000276
HAT-P-7 b,-5.69222,1.0000121
HAT-P-7 b,-5.67587,0.9999394
HAT-P-7 b,-5.65952,1.0002308
HAT-P-7 b,-5.64318,1.0000252
HAT-P-7 b,-5.62683,1.0000310
HAT-P-7 b,-5.61048,0.9998925
HAT-P-7 b,-5.59413,1.0000390
HAT-P-7 b,-5.57779,0.9997892
HAT-P-7 b,-5.56144,1.0000117
HAT-P-7 b,-5.54510,0.9998516
HAT-P-7 b,-5.52875,0.9999176
HAT-P-7 b,-5.51240,0.9998917
HAT-P-7 b,-5.49606,0.9998537
HAT-P-7 b,-5.47971,1.0001290
HAT-P-7 b,-5.46336,0.9998242
HAT-P-7 b,-5.44702,1.0000836
HAT-P-7 b,-5.43067,1.0000282
HAT-P-7 b,-5.41433,0.9998816
HAT-P-7 b,-5.39798,0.9999869
HAT-P-7 b,-5.38163,0.9997418
HAT-P-7 b,-5.36528,0.9999286
HAT-P-7 b,-5.34894,1.0002104
HAT-P-7 b,-5.33259,0.9999947
HAT-P-7 b,-5.31625,1.0000688
HAT-P-7 b,-5.29990,1.0001796
HAT-P-7 b,-5.28355,1.0000326
HAT-P-7 b,-5.26721,0.9999677
HAT-P-7 b,-5.25086,1.0001432
HAT-P-7 b,-5.23451,1.0001241
HAT-P-7 b,-5.21817,1.0002460
HAT-P-7 b,-5.20182,1.0003777
HAT-P-7 b,-5.18548,0.9999554
HAT-P-7 b,-5.16913,1.0000978
HAT-P-7 b,-5.15278,1.0000507
HAT-P-7 b,-5.13643,1.0002049
HAT-P-7 b,-5.12009,0.9997559
HAT-P-7 b,-5.10374,0.9996847
HAT-P-7 b,-5.08739,1.0001571
HAT-P-7 b,-5.07105,1.0000696
HAT-P-7 b,-5.05470,0.9999598
HAT-P-7 b,-5.03836,0.9996407
HAT-P-7 b,-5.02201,0.9999990
HAT-P-7 b,-5.00566,0.9996865
HAT-P-7 b,-4.98932,1.0001988
HAT-P-7 b,-4.97297,0.9999274
HAT-P-7 b,-4.95662,1.0001513
HAT-P-7 b,-4.94027,0.9997624
HAT-P-7 b,-4.92393,0.9999985
HAT-P-7 b,-4.90758,0.9998731
HAT-P-7 b,-4.89124,0.9998436
HAT-P-7 b,-4.87489,0.9998937
HAT-P-7 b,-4.85854,1.0000156
HAT-P-7 b,-4.84220,1.0000296
HAT-P-7 b,-4.82585,0.9999695
HAT-P-7 b,-4.80950,0.9998041
HAT-P-7 b,-4.79316,0.9999485
HAT-P-7 b,-4.77681,0.9999053
HAT-P-7 b,-4.76046,0.9998772
HAT-P-7 b,-4.74412,0.9997299
HAT-P-7 b,-4.72777,0.9999221
HAT-P-7 b,-4.71142,0.9998122
HAT-P-7 b,-4.69508,0.9999814
HAT-P-7 b,-4.67873,1.0002002
HAT-P-7 b,-4.66238,0.9998658
HAT-P-7 b,-4.64604,0.9997482
HAT-P-7 b,-4.62969,1.0002468
HAT-P-7 b,-4.61334,0.9996450
HAT-P-7 b,-4.59700,0.9999323
HAT-P-7 b,-4.58065,0.9998277
HAT-P-7 b,-4.56431,1.0000760
HAT-P-7 b,-4.54796,0.9998985
HAT-P-7 b,-4.53161,0.9994882
HAT-P-7 b,-4.51527,0.9999239
HAT-P-7 b,-4.49892,0.9998670
HAT-P-7 b,-4.48257,0.9999601
HAT-P-7 b,-4.46623,0.9998772
HAT-P-7 b,-4.44988,0.9999546
HAT-P-7 b,-4.43353,0.9999237
HAT-P-7 b,-4.41719,0.9997926
HAT-P-7 b,-4.40084,1.0000275
HAT-P-7 b,-4.38449,0.9999747
HAT-P-7 b,-4.36815,0.9999394
HAT-P-7 b,-4.35180,1.0000105
HAT-P-7 b,-4.33545,1.0001015
HAT-P-7 b,-4.31911,1.0001610
HAT-P-7 b,-4.30276,1.0002315
HAT-P-7 b,-4.28641,0.9997881
HAT-P-7 b,-4.27006,1.0000292
HAT-P-7 b,-4.25372,0.9999524
HAT-P-7 b,-4.23737,0.9998812
HAT-P-7 b,-4.22103,0.9996608
HAT-P-7 b,-4.20468,0.9998726
HAT-P-7 b,-4.18833,0.9998737
HAT-P-7 b,-4.17199,0.9998035
HAT-P-7 b,-4.15564,1.0001187
HAT-P-7 b,-4.13929,0.9998575
HAT-P-7 b,-4.12295,0.9998942
HAT-P-7 b,-4.10660,0.9997631
HAT-P-7 b,-4.09025,1.0001953
HAT-P-7 b,-4.07391,1.0000269
HAT-P-7 b,-4.05756,1.0001270
HAT-P-7 b,-4.04121,0.9998764
HAT-P-7 b,-4.02487,0.9996740
HAT-P-7 b,-4.00852,1.0000782
HAT-P-7 b,-3.99218,0.9996825
HAT-P-7 b,-3.97583,0.9996547
HAT-P-7 b,-3.95948,0.9999292
HAT-P-7 b,-3.94314,0.9997922
HAT-P-7 b,-3.92679,1.0000793
HAT-P-7 b,-3.91044,0.9999966
HAT-P-7 b,-3.89409,0.9998042
HAT-P-7 b,-3.87775,1.0001909
HAT-P-7 b,-3.86140,0.9997699
HAT-P-7 b,-3.84506,1.0000153
HAT-P-7 b,-3.82871,1.0000831
HAT-P-7 b,-3.81236,1.0001862
HAT-P-7 b,-3.79602,1.0000328
HAT-P-7 b,-3.77967,1.0000693
HAT-P-7 b,-3.76332,0.9998504
HAT-P-7 b,-3.74698,1.0000924
HAT-P-7 b,-3.73063,1.0000763
HAT-P-7 b,-3.71429,0.9999194
HAT-P-7 b,-3.69794,0.9998711
HAT-P-7 b,-3.68159,0.9999596
HAT-P-7 b,-3.66524,0.9999132
HAT-P-7 b,-3.64890,0.9997983
HAT-P-7 b,-3.63255,0.9997509
HAT-P-7 b,-3.61620,0.9996065
HAT-P-7 b,-3.59986,1.0001367
HAT-P-7 b,-3.58351,0.9996157
HAT-P-7 b,-3.56717,0.9999077
HAT-P-7 b,-3.55082,1.0000396
HAT-P-7 b,-3.53447,0.9998492
HAT-P-7 b,-3.51813,0.9998799
HAT-P-7 b,-3.50178,1.0000361
HAT-P-7 b,-3.48543,0.9998189
HAT-P-7 b,-3.46909,0.9998902
HAT-P-7 b,-3.45274,1.0001182
HAT-P-7 b,-3.43639,1.0001142
HAT-P-7 b,-3.42005,0.9998891
HAT-P-7 b,-3.40370,0.9995058
HAT-P-7 b,-3.38735,1.0000049
HAT-P-7 b,-3.37101,0.9998973
HAT-P-7 b,-3.35466,0.9998137
HAT-P-7 b,-3.33831,1.0000613
HAT-P-7 b,-3.32197,0.9997536
HAT-P-7 b,-3.30562,1.0000187
HAT-P-7 b,-3.28927,0.9999538
HAT-P-7 b,-3.27293,0.9999122
HAT-P-7 b,-3.25658,0.9999932
HAT-P-7 b,-3.24023,0.9997945
HAT-P-7 b,-3.22389,1.0001094
HAT-P-7 b,-3.20754,1.0000041
HAT-P-7 b,-3.19119,0.9997552
HAT-P-7 b,-3.17485,0.9995532
HAT-P-7 b,-3.15850,0.9999937
HAT-P-7 b,-3.14215,1.0000592
HAT-P-7 b,-3.12581,0.9998205
HAT-P-7 b,-3.10946,0.9999343
HAT-P-7 b,-3.09312,0.9998664
HAT-P-7 b,-3.07677,0.9998867
HAT-P-7 b,-3.06042,1.0000760
HAT-P-7 b,-3.04408,1.0002592
HAT-P-7 b,-3.02773,1.0000084
HAT-P-7 b,-3.01138,0.9998581
HAT-P-7 b,-2.99504,0.9999766
HAT-P-7 b,-2.97869,0.9999256
HAT-P-7 b,-2.96234,1.0000310
HAT-P-7 b,-2.94599,0.9998672
HAT-P-7 b,-2.92965,0.9999220
HAT-P-7 b,-2.91330,0.9997359
HAT-P-7 b,-2.89696,0.9999304
HAT-P-7 b,-2.88061,1.0000197
HAT-P-7 b,-2.86426,0.9997032
HAT-P-7 b,-2.84791,0.9998809
HAT-P-7 b,-2.83157,0.9999078
HAT-P-7 b,-2.81522,0.9996566
HAT-P-7 b,-2.79888,0.9999717
HAT-P-7 b,-2.78253,0.9997572
HAT-P-7 b,-2.76618,0.9996956
HAT-P-7 b,-2.74984,0.9997285
HAT-P-7 b,-2.73349,0.9997786
HAT-P-7 b,-2.71714,0.9995441
HAT-P-7 b,-2.70080,0.9999189
HAT-P-7 b,-2.68445,0.9998927
HAT-P-7 b,-2.66811,1.0001304
HAT-P-7 b,-2.65176,0.9996494
HAT-P-7 b,-2.63541,0.9996246
HAT-P-7 b,-2.61906,0.9998095
HAT-P-7 b,-2.60272,0.9998698
HAT-P-7 b,-2.58637,0.9998760
HAT-P-7 b,-2.57002,1.0000098
HAT-P-7 b,-2.55368,0.9999719
HAT-P-7 b,-2.53733,0.9997165
HAT-P-7 b,-2.52099,0.9998853
HAT-P-7 b,-2.50464,0.9998840
HAT-P-7 b,-2.48829,0.9998978
HAT-P-7 b,-2.47195,1.0001690
HAT-P-7 b,-2.45560,0.9999525
HAT-P-7 b,-2.43925,1.0000899
HAT-P-7 b,-2.42290,0.9999382
HAT-P-7 b,-2.40656,0.9996421
HAT-P-7 b,-2.39022,1.0000713
HAT-P-7 b,-2.37387,0.9998390
HAT-P-7 b,-2.35752,0.9996608
HAT-P-7 b,-2.34117,0.9999173
HAT-P-7 b,-2.32483,0.9998181
HAT-P-7 b,-2.30848,0.9997653
HAT-P-7 b,-2.29213,0.9998137
HAT-P-7 b,-2.27579,0.9999362
HAT-P-7 b,-2.25944,1.0000035
HAT-P-7 b,-2.24310,0.9998958
HAT-P-7 b,-2.22675,1.0001899
HAT-P-7 b,-2.21040,0.9999507
HAT-P-7 b,-2.19405,1.0000764
HAT-P-7 b,-2.17771,0.9998886
HAT-P-7 b,-2.16136,0.9998318
HAT-P-7 b,-2.14502,1.0000410
HAT-P-7 b,-2.12867,1.0002101
HAT-P-7 b,-2.11232,0.9998256
HAT-P-7 b,-2.09598,1.0002025
HAT-P-7 b,-2.07963,0.9997356
HAT-P-7 b,-2.06328,1.0000601
HAT-P-7 b,-2.04693,1.0002859
HAT-P-7 b,-2.03059,0.9999475
HAT-P-7 b,-2.01424,1.0002747
HAT-P-7 b,-1.99790,0.9995945
HAT-P-7 b,-1.98155,0.9999280
HAT-P-7 b,-1.96520,0.9995491
HAT-P-7 b,-1.94886,0.9998701
HAT-P-7 b,-1.93251,0.9992884
HAT-P-7 b,-1.91616,0.9992789
HAT-P-7 b,-1.89982,0.9992420
HAT-P-7 b,-1.88347,0.9991093
HAT-P-7 b,-1.86712,0.9987322
HAT-P-7 b,-1.85078,0.9986597
HAT-P-7 b,-1.83443,0.9987035
HAT-P-7 b,-1.81808,0.9982374
HAT-P-7 b,-1.80174,0.9980644
HAT-P-7 b,-1.78539,0.9978278
HAT-P-7 b,-1.76904,0.9972771
HAT-P-7 b,-1.75270,0.9971263
HAT-P-7 b,-1.73635,0.9969118
HAT-P-7 b,-1.72000,0.9966146
HAT-P-7 b,-1.70366,0.9961709
HAT-P-7 b,-1.68731,0.9960363
HAT-P-7 b,-1.67096,0.9957373
HAT-P-7 b,-1.65462,0.9954472
HAT-P-7 b,-1.63827,0.9952874
HAT-P-7 b,-1.62193,0.9948926
HAT-P-7 b,-1.60558,0.9949077
HAT-P-7 b,-1.58923,0.9946030
HAT-P-7 b,-1.57289,0.9946690
HAT-P-7 b,-1.55654,0.9946769
HAT-P-7 b,-1.54019,0.9944446
HAT-P-7 b,-1.52384,0.9945875
HAT-P-7 b,-1.50750,0.9943874
HAT-P-7 b,-1.49115,0.9944222
HAT-P-7 b,-1.47481,0.9943870
HAT-P-7 b,-1.45846,0.9943397
HAT-P-7 b,-1.44211,0.9944044
HAT-P-7 b,-1.42577,0.9941733
HAT-P-7 b,-1.40942,0.9940878
HAT-P-7 b,-1.39307,0.9942380
HAT-P-7 b,-1.37672,0.9941854
HAT-P-7 b,-1.36038,0.9941193
HAT-P-7 b,-1.34404,0.9940177
HAT-P-7 b,-1.32769,0.9936840
HAT-P-7 b,-1.31134,0.9941048
HAT-P-7 b,-1.29499,0.9940146
HAT-P-7 b,-1.27865,0.9938426
HAT-P-7 b,-1.26230,0.9938601
HAT-P-7 b,-1.24595,0.9940297
HAT-P-7 b,-1.22961,0.9939082
HAT-P-7 b,-1.21326,0.9940549
HAT-P-7 b,-1.19692,0.9937824
HAT-P-7 b,-1.18057,0.9942218
HAT-P-7 b,-1.16422,0.9939683
HAT-P-7 b,-1.14788,0.9939303
HAT-P-7 b,-1.13153,0.9938656
HAT-P-7 b,-1.11518,0.9937665
HAT-P-7 b,-1.09883,0.9938449
HAT-P-7 b,-1.08249,0.9939158
HAT-P-7 b,-1.06614,0.9935977
HAT-P-7 b,-1.04980,0.9940372
HAT-P-7 b,-1.03345,0.9937977
HAT-P-7 b,-1.01710,0.9936202
HAT-P-7 b,-1.00076,0.9935132
HAT-P-7 b,-0.98441,0.9936080
HAT-P-7 b,-0.96806,0.9935855
HAT-P-7 b,-0.95172,0.9932404
HAT-P-7 b,-0.93537,0.9935920
HAT-P-7 b,-0.91903,0.9935166
HAT-P-7 b,-0.90268,0.9934471
HAT-P-7 b,-0.88633,0.9934187
HAT-P-7 b,-0.86998,0.9937741
HAT-P-7 b,-0.85364,0.9935643
HAT-P-7 b,-0.83729,0.9935435
HAT-P-7 b,-0.82095,0.9933116
HAT-P-7 b,-0.80460,0.9937239
HAT-P-7 b,-0.78825,0.9934329
HAT-P-7 b,-0.77191,0.9934068
HAT-P-7 b,-0.75556,0.9933885
HAT-P-7 b,-0.73921,0.9933207
HAT-P-7 b,-0.72286,0.9934104
HAT-P-7 b,-0.70652,0.9933201
HAT-P-7 b,-0.69017,0.9934979
HAT-P-7 b,-0.67383,0.9934200
HAT-P-7 b,-0.65748,0.9933148
HAT-P-7 b,-0.64113,0.9934483
HAT-P-7 b,-0.62478,0.9933378
HAT-P-7 b,-0.60844,0.9931945
HAT-P-7 b,-0.59209,0.9933034
HAT-P-7 b,-0.57575,0.9934832
HAT-P-7 b,-0.55940,0.9933799
HAT-P-7 b,-0.54305,0.9935855
HAT-P-7 b,-0.52671,0.9934412
HAT-P-7 b,-0.51036,0.9938245
HAT-P-7 b,-0.49401,0.9935195
HAT-P-7 b,-0.47767,0.9933081
HAT-P-7 b,-0.46132,0.9935465
HAT-P-7 b,-0.44497,0.9934489
HAT-P-7 b,-0.42863,0.9934300
HAT-P-7 b,-0.41228,0.9928928
HAT-P-7 b,-0.39593,0.9932486
HAT-P-7 b,-0.37959,0.9933757
HAT-P-7 b,-0.36324,0.9932487
HAT-P-7 b,-0.34689,0.9935548
HAT-P-7 b,-0.33055,0.9935614
HAT-P-7 b,-0.31420,0.9932222
HAT-P-7 b,-0.29786,0.9935698
HAT-P-7 b,-0.28151,0.9932380
HAT-P-7 b,-0.26516,0.9931113
HAT-P-7 b,-0.24881,0.9934642
HAT-P-7 b,-0.23247,0.9934687
HAT-P-7 b,-0.21612,0.9931727
HAT-P-7 b,-0.19977,0.9933127
HAT-P-7 b,-0.18343,0.9934126
HAT-P-7 b,-0.16708,0.9934668
HAT-P-7 b,-0.15074,0.9934011
HAT-P-7 b,-0.13439,0.9933537
HAT-P-7 b,-0.11804,0.9935417
HAT-P-7 b,-0.10170,0.9935427
HAT-P-7 b,-0.08535,0.9934476
HAT-P-7 b,-0.06900,0.9931715
HAT-P-7 b,-0.05265,0.9933465
HAT-P-7 b,-0.03631,0.9931847
HAT-P-7 b,-0.01996,0.9933210
HAT-P-7 b,-0.00362,0.9930582
HAT-P-7 b,0.01273,0.9932492
HAT-P-7 b,0.02908,0.9932832
HAT-P-7 b,0.04542,0.9931309
HAT-P-7 b,0.06177,0.9930617
HAT-P-7 b,0.07812,0.9934610
HAT-P-7 b,0.09446,0.9931544
HAT-P-7 b,0.11081,0.9932397
HAT-P-7 b,0.12715,0.9929497
HAT-P-7 b,0.14350,0.9931424
HAT-P-7 b,0.15985,0.9932833
HAT-P-7 b,0.17620,0.9934384
HAT-P-7 b,0.19254,0.9932432
HAT-P-7 b,0.20889,0.9930627
HAT-P-7 b,0.22524,0.9932902
HAT-P-7 b,0.24158,0.9930374
HAT-P-7 b,0.25793,0.9932960
HAT-P-7 b,0.27427,0.9931753
HAT-P-7 b,0.29062,0.9934165
HAT-P-7 b,0.30697,0.9933435
HAT-P-7 b,0.32331,0.9932134
HAT-P-7 b,0.33966,0.9930476
HAT-P-7 b,0.35601,0.9934193
HAT-P-7 b,0.37235,0.9934370
HAT-P-7 b,0.38870,0.9934039
HAT-P-7 b,0.40505,0.9932174
HAT-P-7 b,0.42139,0.9934029
HAT-P-7 b,0.43774,0.9934891
HAT-P-7 b,0.45409,0.9936530
HAT-P-7 b,0.66659,0.9935834
HAT-P-7 b,0.68294,0.9934932
HAT-P-7 b,0.69928,0.9937241
HAT-P-7 b,0.71563,0.9937489
HAT-P-7 b,0.73198,0.9937735
HAT-P-7 b,0.74833,0.9934814
HAT-P-7 b,0.76467,0.9935361
HAT-P-7 b,0.78102,0.9935760
HAT-P-7 b,0.79736,0.9935782
HAT-P-7 b,0.81371,0.9937143
HAT-P-7 b,0.83006,0.9936436
HAT-P-7 b,0.84641,0.9937030
HAT-P-7 b,0.86275,0.9935962
HAT-P-7 b,0.87910,0.9937943
HAT-P-7 b,0.89544,0.9936535
HAT-P-7 b,0.91179,0.9938515
HAT-P-7 b,0.92814,0.9937603
HAT-P-7 b,0.94448,0.9938511
HAT-P-7 b,0.96083,0.9937401
HAT-P-7 b,0.97718,0.9936687
HAT-P-7 b,0.99352,0.9938194
HAT-P-7 b,1.00987,0.9939517
HAT-P-7 b,1.02622,0.9938976
HAT-P-7 b,1.04256,0.9938334
HAT-P-7 b,1.05891,0.9937230
HAT-P-7 b,1.07526,0.9939526
HAT-P-7 b,1.09160,0.9939440
HAT-P-7 b,1.10795,0.9943007
HAT-P-7 b,1.12430,0.9939854
HAT-P-7 b,1.14064,0.9942398
HAT-P-7 b,1.15699,0.9942946
HAT-P-7 b,1.17333,0.9942581
HAT-P-7 b,1.18968,0.9942179
HAT-P-7 b,1.20603,0.9942975
HAT-P-7 b,1.22238,0.9938270
HAT-P-7 b,1.23872,0.9941824
HAT-P-7 b,1.25507,0.9942414
HAT-P-7 b,1.27142,0.9941737
HAT-P-7 b,1.28776,0.9943614
HAT-P-7 b,1.30411,0.9940035
HAT-P-7 b,1.32045,0.9944192
HAT-P-7 b,1.33680,0.9945257
HAT-P-7 b,1.35315,0.9944586
HAT-P-7 b,1.36949,0.9944679
HAT-P-7 b,1.38584,0.9945287
HAT-P-7 b,1.40219,0.9945831
HAT-P-7 b,1.41853,0.9947258
HAT-P-7 b,1.43488,0.9943289
HAT-P-7 b,1.45122,0.9946626
HAT-P-7 b,1.46757,0.9942705
HAT-P-7 b,1.48392,0.9947561
HAT-P-7 b,1.50027,0.9943764
HAT-P-7 b,1.51661,0.9946955
HAT-P-7 b,1.53296,0.9948565
HAT-P-7 b,1.54930,0.9948481
HAT-P-7 b,1.56565,0.9949455
HAT-P-7 b,1.58200,0.9948861
HAT-P-7 b,1.59834,0.9948067
HAT-P-7 b,1.61469,0.9950315
HAT-P-7 b,1.63104,0.9955002
HAT-P-7 b,1.64739,0.9954411
HAT-P-7 b,1.66373,0.9958691
HAT-P-7 b,1.68008,0.9960720
HAT-P-7 b,1.69642,0.9965315
HAT-P-7 b,1.71277,0.9966965
HAT-P-7 b,1.72912,0.9965817
HAT-P-7 b,1.74546,0.9971879
HAT-P-7 b,1.76181,0.9973231
HAT-P-7 b,1.77816,0.9974905
HAT-P-7 b,1.79450,0.9977134
HAT-P-7 b,1.81085,0.9981871
HAT-P-7 b,1.82720,0.9984443
HAT-P-7 b,1.84354,0.9984706
HAT-P-7 b,1.85989,0.9988825
HAT-P-7 b,1.87624,0.9990784
HAT-P-7 b,1.89258,0.9992846
HAT-P-7 b,1.90893,0.9997948
HAT-P-7 b,1.92528,0.9996697
HAT-P-7 b,1.94162,0.9997819
HAT-P-7 b,1.95797,1.0000668
HAT-P-7 b,1.97431,1.0000679
HAT-P-7 b,1.99066,1.0000738
HAT-P-7 b,2.00701,1.0003002
HAT-P-7 b,2.02336,1.0000887
HAT-P-7 b,2.03970,1.0000404
HAT-P-7 b,2.05605,1.0001047
HAT-P-7 b,2.07240,0.9998365
HAT-P-7 b,2.08874,1.0001427
HAT-P-7 b,2.10509,1.0001902
HAT-P-7 b,2.12144,1.0000077
HAT-P-7 b,2.13778,1.0000512
HAT-P-7 b,2.15413,1.0000641
HAT-P-7 b,2.17048,1.0000863
HAT-P-7 b,2.18682,1.0003791
HAT-P-7 b,2.20317,1.0000911
HAT-P-7 b,2.21951,1.0001861
HAT-P-7 b,2.23586,1.0002768
HAT-P-7 b,2.25221,0.9998531
HAT-P-7 b,2.26855,0.9998595
HAT-P-7 b,2.28490,0.9998685
HAT-P-7 b,2.30125,1.0001825
HAT-P-7 b,2.31760,1.0000939
HAT-P-7 b,2.33394,0.9997545
HAT-P-7 b,2.35029,0.9999120
HAT-P-7 b,2.36663,0.9998941
HAT-P-7 b,2.38298,0.9999359
HAT-P-7 b,2.39933,0.9997104
HAT-P-7 b,2.41567,0.9999440
HAT-P-7 b,2.43202,1.0000866
HAT-P-7 b,2.44837,0.9997503
HAT-P-7 b,2.46471,0.9999888
HAT-P-7 b,2.48106,0.9998417
HAT-P-7 b,2.49740,1.0001392
HAT-P-7 b,2.51375,1.0000638
HAT-P-7 b,2.53010,0.9999307
HAT-P-7 b,2.54645,1.0001375
HAT-P-7 b,2.56279,1.0000078
HAT-P-7 b,2.57914,0.9999046
HAT-P-7 b,2.59549,0.9998088
HAT-P-7 b,2.61183,0.9996904
HAT-P-7 b,2.62818,0.9998883
HAT-P-7 b,2.64452,1.0000095
HAT-P-7 b,2.66087,0.9999846
HAT-P-7 b,2.67722,0.9999228
HAT-P-7 b,2.69356,1.0000329
HAT-P-7 b,2.70991,1.0002150
HAT-P-7 b,2.72626,1.0001945
HAT-P-7 b,2.74260,1.0002032
HAT-P-7 b,2.75895,1.0002456
HAT-P-7 b,2.77530,1.0000606
HAT-P-7 b,2.79164,0.9999769
HAT-P-7 b,2.80799,0.9999638
HAT-P-7 b,2.82434,1.0001352
HAT-P-7 b,2.84068,1.0000546
HAT-P-7 b,2.85703,0.9998313
HAT-P-7 b,2.87337,0.9999726
HAT-P-7 b,2.88972,0.9997905
HAT-P-7 b,2.90607,1.0001184
HAT-P-7 b,2.92241,0.9999704
HAT-P-7 b,2.93876,1.0000352
HAT-P-7 b,2.95511,1.0000244
HAT-P-7 b,2.97146,0.9999416
HAT-P-7 b,2.98780,0.9998319
HAT-P-7 b,3.00415,0.9997023
HAT-P-7 b,3.02049,1.0001404
HAT-P-7 b,3.03684,0.9998487
HAT-P-7 b,3.05319,1.0003752
HAT-P-7 b,3.06953,1.0002902
HAT-P-7 b,3.08588,1.0000596
HAT-P-7 b,3.10223,1.0001768
HAT-P-7 b,3.11857,1.0001037
HAT-P-7 b,3.13492,1.0000259
HAT-P-7 b,3.15127,1.0001021
HAT-P-7 b,3.16761,1.0001794
HAT-P-7 b,3.18396,1.0001201
HAT-P-7 b,3.20031,1.0000735
HAT-P-7 b,3.21665,1.0002155
HAT-P-7 b,3.23300,1.0001551
HAT-P-7 b,3.24935,1.0000552
HAT-P-7 b,3.26569,1.0001648
HAT-P-7 b,3.28204,1.0000440
HAT-P-7 b,3.29839,0.9997027
HAT-P-7 b,3.31473,1.0001143
HAT-P-7 b,3.33108,1.0001202
HAT-P-7 b,3.34743,1.0000865
HAT-P-7 b,3.36377,0.9998768
HAT-P-7 b,3.38012,0.9999956
HAT-P-7 b,3.39646,0.9999200
HAT-P-7 b,3.41281,0.9998639
HAT-P-7 b,3.42916,0.9999748
HAT-P-7 b,3.44551,1.0001615
HAT-P-7 b,3.46185,1.0001131
HAT-P-7 b,3.47820,0.9999399
HAT-P-7 b,3.49455,1.0000879
HAT-P-7 b,3.51089,1.0002110
HAT-P-7 b,3.52724,1.0001909
HAT-P-7 b,3.54358,1.0001515
HAT-P-7 b,3.55993,1.0000482
HAT-P-7 b,3.57628,1.0000665
HAT-P-7 b,3.59263,1.0001185
HAT-P-7 b,3.60897,0.9997796
HAT-P-7 b,3.62532,1.0001544
HAT-P-7 b,3.64167,1.0001086
HAT-P-7 b,3.65801,1.0002731
HAT-P-7 b,3.67436,0.9997508
HAT-P-7 b,3.69070,1.0000861
HAT-P-7 b,3.70705,1.0001115
HAT-P-7 b,3.72340,0.9998653
HAT-P-7 b,3.73974,0.9998290
HAT-P-7 b,3.75609,1.0002768
HAT-P-7 b,3.77244,1.0002735
HAT-P-7 b,3.78878,1.0000551
HAT-P-7 b,3.80513,1.0000993
HAT-P-7 b,3.82148,1.0000986
HAT-P-7 b,3.83782,0.9999494
HAT-P-7 b,3.85417,1.0000219
HAT-P-7 b,3.87052,0.9998769
HAT-P-7 b,3.88686,0.9998458
HAT-P-7 b,3.90321,1.0001902
HAT-P-7 b,3.91956,0.9998873
HAT-P-7 b,3.93590,0.9998237
HAT-P-7 b,3.95225,0.9998867
HAT-P-7 b,3.96859,1.0001300
HAT-P-7 b,3.98494,0.9998732
HAT-P-7 b,4.00129,0.9997953
HAT-P-7 b,4.01764,1.0001005
HAT-P-7 b,4.03398,1.0000548
HAT-P-7 b,4.05033,1.0000274
HAT-P-7 b,4.06667,0.9998467
HAT-P-7 b,4.08302,0.9996891
HAT-P-7 b,4.09937,0.9996455
HAT-P-7 b,4.11571,0.9999110
HAT-P-7 b,4.13206,1.0000590
HAT-P-7 b,4.14841,1.0000847
HAT-P-7 b,4.16475,0.9999921
HAT-P-7 b,4.18110,0.9998839
HAT-P-7 b,4.19744,1.0000764
HAT-P-7 b,4.21379,1.0000543
HAT-P-7 b,4.23014,0.9998637
HAT-P-7 b,4.24648,1.0000005
HAT-P-7 b,4.26283,0.9997684
HAT-P-7 b,4.27918,0.9998102
HAT-P-7 b,4.29553,0.9999603
HAT-P-7 b,4.31187,0.9998405
HAT-P-7 b,4.32822,0.9997784
HAT-P-7 b,4.34456,0.9998816
HAT-P-7 b,4.36091,0.9998855
HAT-P-7 b,4.37726,0.9998562
HAT-P-7 b,4.39361,0.9999239
HAT-P-7 b,4.40995,0.9999239
HAT-P-7 b,4.42630,1.0002131
HAT-P-7 b,4.44264,0.9999926
HAT-P-7 b,4.45899,1.0000926
HAT-P-7 b,4.47534,1.0001180
HAT-P-7 b,4.49168,1.0000746
HAT-P-7 b,4.50803,1.0003260
HAT-P-7 b,4.52438,1.0001659
HAT-P-7 b,4.54072,1.0000511
HAT-P-7 b,4.55707,1.0000618
HAT-P-7 b,4.57342,0.9999595
HAT-P-7 b,4.58976,1.0001898
HAT-P-7 b,4.60611,1.0002759
HAT-P-7 b,4.62246,0.9997647
HAT-P-7 b,4.63880,0.9998914
HAT-P-7 b,4.65515,1.0002304
HAT-P-7 b,4.67150,0.9999004
HAT-P-7 b,4.68784,1.0000462
HAT-P-7 b,4.70419,0.9999219
HAT-P-7 b,4.72054,1.0000139
HAT-P-7 b,4.73688,0.9999469
HAT-P-7 b,4.75323,1.0002162
HAT-P-7 b,4.76958,1.0002451
HAT-P-7 b,4.78592,0.9998561
HAT-P-7 b,4.80227,0.9998318
HAT-P-7 b,4.81862,0.9998096
HAT-P-7 b,4.83496,0.9998100
HAT-P-7 b,4.85131,0.9999976
HAT-P-7 b,4.86765,0.9998418
HAT-P-7 b,4.88400,0.9996536
HAT-P-7 b,4.90035,0.9998202
HAT-P-7 b,4.91670,0.9999735
HAT-P-7 b,4.93304,1.0000199
HAT-P-7 b,4.94939,0.9997235
HAT-P-7 b,4.96574,0.9998880
HAT-P-7 b,4.98208,0.9998957
HAT-P-7 b,4.99843,1.0000179
HAT-P-7 b,5.01477,0.9998028
HAT-P-7 b,5.03112,0.9995752
HAT-P-7 b,5.04747,0.9998476
HAT-P-7 b,5.06381,1.0000633
HAT-P-7 b,5.08016,1.0000859
HAT-P-7 b,5.09651,0.9998172
HAT-P-7 b,5.11286,1.0001709
HAT-P-7 b,5.12920,0.9999267
HAT-P-7 b,5.14555,0.9999346
HAT-P-7 b,5.16189,0.9997017
HAT-P-7 b,5.17824,1.0000345
HAT-P-7 b,5.19459,1.0000262
HAT-P-7 b,5.21093,0.9999869
HAT-P-7 b,5.22728,0.9999477
HAT-P-7 b,5.24363,1.0000507
HAT-P-7 b,5.25997,0.9999153
HAT-P-7 b,5.27632,1.0003262
HAT-P-7 b,5.29266,1.0003544
HAT-P-7 b,5.30901,1.0002078
HAT-P-7 b,5.32536,1.0000367
HAT-P-7 b,5.34171,1.0000938
HAT-P-7 b,5.35805,0.9998960
HAT-P-7 b,5.37440,0.9998928
HAT-P-7 b,5.39074,1.0000032
HAT-P-7 b,5.40709,0.9998247
HAT-P-7 b,5.42344,0.9998894
HAT-P-7 b,5.43978,1.0003629
HAT-P-7 b,5.45613,1.0000518
HAT-P-7 b,5.47248,0.9999087
HAT-P-7 b,5.48882,1.0000410
HAT-P-7 b,5.50517,1.0002113
HAT-P-7 b,5.52151,1.0002210
HAT-P-7 b,5.53786,1.0002121
HAT-P-7 b,5.55421,0.9999141
HAT-P-7 b,5.57056,0.9997846
HAT-P-7 b,5.58690,1.0004266
HAT-P-7 b,5.60325,1.0000889
HAT-P-7 b,5.61960,0.9998951
HAT-P-7 b,5.63594,1.0001257
HAT-P-7 b,5.65229,1.0000494
HAT-P-7 b,5.66863,1.0000887
HAT-P-7 b,5.68498,1.0002329
HAT-P-7 b,5.70133,0.9997664
HAT-P-7 b,5.71768,1.0000104
HAT-P-7 b,5.73402,0.9994667
HAT-P-7 b,5.75037,0.9997237
HAT-P-7 b,5.76672,1.0000977
HAT-P-7 b,5.78306,1.0000399
HAT-P-7 b,5.79941,0.9996346
HAT-P-7 b,5.81576,0.9999728
HAT-P-7 b,5.83210,0.9999056
HAT-P-7 b,5.84845,1.0003054
HAT-P-7 b,5.86480,0.9999406
HAT-P-7 b,5.88114,0.9999282
HAT-P-7 b,5.89749,0.9999395
HAT-P-7 b,5.91383,0.9996564
HAT-P-7 b,5.93018,0.9998339
HAT-P-7 b,5.94653,1.0000826
HAT-P-7 b,5.96287,1.0000253
HAT-P-7 b,5.97922,1.0001141
HAT-P-7 b,5.99557,1.0000101
HAT-P-7 b,6.01191,1.0000170
HAT-P-7 b,6.02826,1.0000015
HAT-P-7 b,6.04461,0.9998804
HAT-P-7 b,6.06095,1.0000795
HAT-P-7 b,6.07730,1.0000047
HAT-P-7 b,6.09365,1.0001515
HAT-P-7 b,6.10999,0.9999009
HAT-P-7 b,6.12634,1.0002031
HAT-P-7 b,6.14269,0.9999773
HAT-P-7 b,6.15903,1.0002180
HAT-P-7 b,6.17538,0.9999847
HAT-P-7 b,6.19172,1.0001172
HAT-P-7 b,6.20807,1.0000178
HAT-P-7 b,6.22442,1.0001786
HAT-P-7 b,6.24077,0.9999348
HAT-P-7 b,6.25711,0.9998912
HAT-P-7 b,6.27346,0.9999576
HAT-P-7 b,6.28981,0.9995621
HAT-P-7 b,6.30615,0.9996119
HAT-P-7 b,6.32250,0.9997984
HAT-P-7 b,6.33884,0.9998323
HAT-P-7 b,6.35519,0.9999271
HAT-P-7 b,6.37154,0.9997535
HAT-P-7 b,6.38789,0.9997561
HAT-P-7 b,6.40423,0.9999963
HAT-P-7 b,6.42058,0.9998377
HAT-P-7 b,6.43692,1.0000210
HAT-P-7 b,6.45327,0.9998634
HAT-P-7 b,6.46962,0.9998961
HAT-P-7 b,6.48596,0.9998487
HAT-P-7 b,6.50231,0.9998411
HAT-P-7 b,6.51866,1.0000129
HAT-P-7 b,6.53500,0.9998671
HAT-P-7 b,6.55135,0.9998814
HAT-P-7 b,6.56769,1.0001709
HAT-P-7 b,6.58404,1.0000870
HAT-P-7 b,6.60039,0.9999250
HAT-P-7 b,6.61673,1.0001774
HAT-P-7 b,6.63308,1.0000636
HAT-P-7 b,6.64943,0.9998179
HAT-P-7 b,6.66578,0.9999187
HAT-P-7 b,6.68212,0.9999916
HAT-P-7 b,6.69847,0.9999653
HAT-P-7 b,6.71481,0.9997686
HAT-P-7 b,6.73116,1.0000205
HAT-P-7 b,6.74751,1.0000096
HAT-P-7 b,6.76385,0.9997168
HAT-P-7 b,6.78020,0.9998114
HAT-P-7 b,6.79655,1.0001143
HAT-P-7 b,6.81289,0.9997505
HAT-P-7 b,6.82924,0.9999294
HAT-P-7 b,6.84559,1.0000287
HAT-P-7 b,6.86193,0.9999518
HAT-P-7 b,6.87828,0.9999045
HAT-P-7 b,6.89463,1.0000296
HAT-P-7 b,6.91097,1.0000556
HAT-P-7 b,6.92732,1.0000864
HAT-P-7 b,6.94367,1.0001952
HAT-P-7 b,6.96001,1.0004282
HAT-P-7 b,6.97636,1.0002252
HAT-P-7 b,6.99270,1.0003724
HAT-P-7 b,7.00905,1.0001894
HAT-P-7 b,7.02540,1.0000365
HAT-P-7 b,7.04175,1.0000967
HAT-P-7 b,7.05809,1.0002958
HAT-P-7 b,7.07444,1.0000943
HAT-P-7 b,7.09079,1.0004312
HAT-P-7 b,7.10713,1.0001744
HAT-P-7 b,7.12348,1.0001827
HAT-P-7 b,7.13983,0.9999901
HAT-P-7 b,7.15617,0.9998536
HAT-P-7 b,7.17252,1.0002003
HAT-P-7 b,7.18887,1.0001773
HAT-P-7 b,7.20521,0.9998782
HAT-P-7 b,7.22156,1.0000285
HAT-P-7 b,7.23790,1.0003653
HAT-P-7 b,7.25425,0.9999882
HAT-P-7 b,7.27060,1.0000675
HAT-P-7 b,7.28695,1.0001997
HAT-P-7 b,7.30329,1.0002531
HAT-P-7 b,7.31964,1.0000097
HAT-P-7 b,7.33598,0.9999687
HAT-P-7 b,7.35233,0.9999676
HAT-P-7 b,7.36868,0.9996935
HAT-P-7 b,7.38502,1.0002626
HAT-P-7 b,7.40137,0.9999989
HAT-P-7 b,7.41772,0.9999522
HAT-P-7 b,7.43406,0.9998531
HAT-P-7 b,7.45041,0.9999556
HAT-P-7 b,7.46676,0.9999877
HAT-P-7 b,7.48310,1.0001628
HAT-P-7 b,7.49945,1.0003079
HAT-P-7 b,7.51580,1.0001681
HAT-P-7 b,7.53214,1.0000849
HAT-P-7 b,7.54849,1.0001634
HAT-P-7 b,7.56484,1.0001104
HAT-P-7 b,7.58118,1.0003461
HAT-P-7 b,7.59753,0.9999146
HAT-P-7 b,7.61388,1.0000551
HAT-P-7 b,7.63022,1.0000978
HAT-P-7 b,7.64657,1.0001583
HAT-P-7 b,7.66291,1.0002277
HAT-P-7 b,7.67926,1.0000255
HAT-P-7 b,7.69561,1.0001776
HAT-P-7 b,7.71196,0.9999069
HAT-P-7 b,7.72830,0.9998390
HAT-P-7 b,7.74465,0.9998004
HAT-P-7 b,7.76099,0.9997732
HAT-P-7 b,7.77734,0.9998233
HAT-P-7 b,7.79369,0.9998310
HAT-P-7 b,7.81003,0.9999370
HAT-P-7 b,7.82638,1.0001041
HAT-P-7 b,7.84273,0.9999241
HAT-P-7 b,7.85907,0.9998009
HAT-P-7 b,7.87542,0.9997896
HAT-P-7 b,7.89176,0.9999852
HAT-P-7 b,7.90811,0.9998530
HAT-P-7 b,7.92446,0.9999837
HAT-P-7 b,7.94080,0.9999854
HAT-P-7 b,7.95715,0.9998948
HAT-P-7 b,7.97350,0.9999401
HAT-P-7 b,7.98985,0.9998789
HAT-P-7 b,8.00619,1.0003109
HAT-P-7 b,8.02254,1.0003181
HAT-P-7 b,8.03888,1.0000218
HAT-P-7 b,8.05523,1.0000896
HAT-P-7 b,8.07158,1.0000162
HAT-P-7 b,8.08792,0.9999410
HAT-P-7 b,8.10427,0.9998735
HAT-P-7 b,8.12062,1.0002648
HAT-P-7 b,8.13696,1.0001809
HAT-P-7 b,8.15331,1.0003254
HAT-P-7 b,8.16966,0.9998239
HAT-P-7 b,8.18600,1.0001688
HAT-P-7 b,8.20235,1.0001503
HAT-P-7 b,8.21870,1.0002575
HAT-P-7 b,8.23504,1.0001406
HAT-P-7 b,8.25139,0.9999669
HAT-P-7 b,8.26774,1.0000415
HAT-P-7 b,8.28408,1.0002919
HAT-P-7 b,8.30043,1.0002730
HAT-P-7 b,8.31678,1.0000986
HAT-P-7 b,8.33312,1.0000121
HAT-P-7 b,8.34947,1.0000732
HAT-P-7 b,8.36582,1.0000598
HAT-P-7 b,8.38216,1.0000015
HAT-P-7 b,8.39851,1.0002508
HAT-P-7 b,-8.38946,1.0003128
HAT-P-7 b,-8.37311,0.9998687
HAT-P-7 b,-8.35676,1.0003791
HAT-P-7 b,-8.34042,1.0000534
HAT-P-7 b,-8.32407,1.0001157
HAT-P-7 b,-8.30772,1.0000522
HAT-P-7 b,-8.29138,0.9999176
HAT-P-7 b,-8.27503,1.0001104
HAT-P-7 b,-8.25868,1.0000855
HAT-P-7 b,-8.24234,0.9997669
HAT-P-7 b,-8.22599,0.9998727
HAT-P-7 b,-8.20964,0.9999502
HAT-P-7 b,-8.19330,0.9999142
HAT-P-7 b,-8.17695,1.0000096
HAT-P-7 b,-8.16060,0.9999604
HAT-P-7 b,-8.14426,0.9999577
HAT-P-7 b,-8.12791,1.0000250
HAT-P-7 b,-8.11157,0.9998424
HAT-P-7 b,-8.09522,1.0002214
HAT-P-7 b,-8.07887,0.9999925
HAT-P-7 b,-8.06252,1.0003926
HAT-P-7 b,-8.04618,1.0001616
HAT-P-7 b,-8.02983,1.0000399
HAT-P-7 b,-8.01348,1.0001767
HAT-P-7 b,-7.99714,0.9999910
HAT-P-7 b,-7.98079,1.0001188
HAT-P-7 b,-7.96445,1.0001957
HAT-P-7 b,-7.94810,0.9996981
HAT-P-7 b,-7.93175,0.9997810
HAT-P-7 b,-7.91541,1.0000163
HAT-P-7 b,-7.89906,1.0000282
HAT-P-7 b,-7.88271,1.0000289
HAT-P-7 b,-7.86637,0.9999362
HAT-P-7 b,-7.85002,1.0001939
HAT-P-7 b,-7.83368,1.0001537
HAT-P-7 b,-7.81733,0.9999975
HAT-P-7 b,-7.80098,1.0002022
HAT-P-7 b,-7.78463,1.0000532
HAT-P-7 b,-7.76829,1.0002445
HAT-P-7 b,-7.75194,1.0000362
HAT-P-7 b,-7.73560,1.0002808
HAT-P-7 b,-7.71925,0.9999720
HAT-P-7 b,-7.70290,0.9999972
HAT-P-7 b,-7.68656,1.0001927
HAT-P-7 b,-7.67021,0.9999488
HAT-P-7 b,-7.65386,1.0003258
HAT-P-7 b,-7.63752,0.9999595
HAT-P-7 b,-7.62117,0.9996758
HAT-P-7 b,-7.60482,1.0002032
HAT-P-7 b,-7.58848,1.0002203
HAT-P-7 b,-7.57213,1.0000977
HAT-P-7 b,-7.55578,0.9999128
HAT-P-7 b,-7.53944,1.0000332
HAT-P-7 b,-7.52309,1.0001548
HAT-P-7 b,-7.50674,0.9999943
HAT-P-7 b,-7.49040,1.0001482
HAT-P-7 b,-7.47405,0.9997482
HAT-P-7 b,-7.45770,0.9999663
HAT-P-7 b,-7.44136,0.9999672
HAT-P-7 b,-7.42501,1.0000351
HAT-P-7 b,-7.40867,0.9999171
HAT-P-7 b,-7.39232,1.0000009
HAT-P-7 b,-7.37597,1.0002816
HAT-P-7 b,-7.35963,1.0001175
HAT-P-7 b,-7.34328,1.0001685
HAT-P-7 b,-7.32693,1.0000892
HAT-P-7 b,-7.31059,0.9999317
HAT-P-7 b,-7.29424,0.9999956
HAT-P-7 b,-7.27789,0.9999601
HAT-P-7 b,-7.26155,1.0000087
HAT-P-7 b,-7.24520,1.0002238
HAT-P-7 b,-7.22885,0.9998947
HAT-P-7 b,-7.21251,1.0000928
HAT-P-7 b,-7.19616,1.0002798
HAT-P-7 b,-7.17981,0.9999973
HAT-P-7 b,-7.16347,0.9999385
HAT-P-7 b,-7.14712,1.0000791
HAT-P-7 b,-7.13077,1.0001079
HAT-P-7 b,-7.11443,1.0002530
HAT-P-7 b,-7.09808,0.9999193
HAT-P-7 b,-7.08174,0.9999295
HAT-P-7 b,-7.06539,0.9999780
HAT-P-7 b,-7.04904,0.9998642
HAT-P-7 b,-7.03270,1.0001661
HAT-P-7 b,-7.01635,1.0000698
HAT-P-7 b,-7.00000,0.9999750
HAT-P-7 b,-6.98366,0.9999559
HAT-P-7 b,-6.96731,1.0001972
HAT-P-7 b,-6.95096,0.9998581
HAT-P-7 b,-6.93462,0.9998262
HAT-P-7 b,-6.91827,0.9999328
HAT-P-7 b,-6.90192,0.9999566
HAT-P-7 b,-6.88558,0.9999560
HAT-P-7 b,-6.86923,0.9995151
HAT-P-7 b,-6.85288,1.0000087
HAT-P-7 b,-6.83654,0.9998757
HAT-P-7 b,-6.82019,0.9998581
HAT-P-7 b,-6.80384,0.9999439
HAT-P-7 b,-6.78750,1.0002169
HAT-P-7 b,-6.77115,1.0000347
HAT-P-7 b,-6.75481,1.0004386
HAT-P-7 b,-6.73846,0.9999638
HAT-P-7 b,-6.72211,1.0000286
HAT-P-7 b,-6.70577,1.0003377
HAT-P-7 b,-6.68942,1.0000553
HAT-P-7 b,-6.67307,1.0000264
HAT-P-7 b,-6.65673,1.0001080
HAT-P-7 b,-6.64038,0.9999497
HAT-P-7 b,-6.62403,0.9999330
HAT-P-7 b,-6.60769,0.9999364
HAT-P-7 b,-6.59134,0.9998878
HAT-P-7 b,-6.57499,0.9999573
HAT-P-7 b,-6.55865,0.9996912
HAT-P-7 b,-6.54230,1.0001578
HAT-P-7 b,-6.52595,1.0001961
HAT-P-7 b,-6.50961,1.0002065
HAT-P-7 b,-6.49326,1.0000112
HAT-P-7 b,-6.47691,1.0001033
HAT-P-7 b,-6.46057,0.9997484
HAT-P-7 b,-6.44422,0.9997963
HAT-P-7 b,-6.42787,0.9999306
HAT-P-7 b,-6.41153,1.0002517
HAT-P-7 b,-6.39518,0.9999659
HAT-P-7 b,-6.37883,1.0000070
HAT-P-7 b,-6.36249,0.9998517
HAT-P-7 b,-6.34614,0.9998107
HAT-P-7 b,-6.32979,0.9997862
HAT-P-7 b,-6.31345,0.9998145
HAT-P-7 b,-6.29710,0.9997198
HAT-P-7 b,-6.28076,0.9998867
HAT-P-7 b,-6.26441,0.9998891
HAT-P-7 b,-6.24806,0.9997083
HAT-P-7 b,-6.23172,0.9996616
HAT-P-7 b,-6.21537,0.9998086
HAT-P-7 b,-6.19902,1.0001418
HAT-P-7 b,-6.18268,0.9997939
HAT-P-7 b,-6.16633,0.9998052
HAT-P-7 b,-6.14998,0.9997590
HAT-P-7 b,-6.13364,0.9999615
HAT-P-7 b,-6.11729,0.9996877
HAT-P-7 b,-6.10094,0.9999915
HAT-P-7 b,-6.08460,0.9998905
HAT-P-7 b,-6.06825,1.0001109
HAT-P-7 b,-6.05190,1.0000652
HAT-P-7 b,-6.03556,0.9999724
HAT-P-7 b,-6.01921,0.9998657
HAT-P-7 b,-6.00287,0.9999220
HAT-P-7 b,-5.98652,1.0000272
HAT-P-7 b,-5.97017,1.0001974
HAT-P-7 b,-5.95383,1.0001955
HAT-P-7 b,-5.93748,1.0000874
HAT-P-7 b,-5.92113,1.0002021
HAT-P-7 b,-5.90479,1.0001463
HAT-P-7 b,-5.88844,1.0000680
HAT-P-7 b,-5.87209,0.9999013
HAT-P-7 b,-5.85575,1.0001824
HAT-P-7 b,-5.83940,0.9999221
HAT-P-7 b,-5.82305,0.9999388
HAT-P-7 b,-5.80671,0.9997604
HAT-P-7 b,-5.79036,0.9999228
HAT-P-7 b,-5.77401,0.9998318
HAT-P-7 b,-5.75767,0.9999519
HAT-P-7 b,-5.74132,1.0000205
HAT-P-7 b,-5.72497,1.0001080
HAT-P-7 b,-5.70863,1.0000198
HAT-P-7 b,-5.69228,1.0001586
HAT-P-7 b,-5.67593,0.9999477
HAT-P-7 b,-5.65959,1.0001283
HAT-P-7 b,-5.64324,1.0000513
HAT-P-7 b,-5.62690,0.9999360
HAT-P-7 b,-5.61055,0.9996667
HAT-P-7 b,-5.59420,0.9997921
HAT-P-7 b,-5.57785,0.9999499
HAT-P-7 b,-5.56151,1.0001663
HAT-P-7 b,-5.54516,1.0002253
HAT-P-7 b,-5.52881,0.9997227
HAT-P-7 b,-5.51247,1.0001246
HAT-P-7 b,-5.49612,1.0000490
HAT-P-7 b,-5.47978,1.0000717
HAT-P-7 b,-5.46343,1.0002384
HAT-P-7 b,-5.44708,1.0000758
HAT-P-7 b,-5.43074,0.9998498
HAT-P-7 b,-5.41439,1.0000142
HAT-P-7 b,-5.39804,1.0003506
HAT-P-7 b,-5.38170,1.0000380
HAT-P-7 b,-5.36535,0.9999584
HAT-P-7 b,-5.34901,0.9998566
HAT-P-7 b,-5.33266,1.0001464
HAT-P-7 b,-5.31631,1.0001309
HAT-P-7 b,-5.29997,1.0000134
HAT-P-7 b,-5.28362,0.9995883
HAT-P-7 b,-5.26727,1.0001798
HAT-P-7 b,-5.25092,1.0002034
HAT-P-7 b,-5.23458,1.0001489
HAT-P-7 b,-5.21823,0.9997557
HAT-P-7 b,-5.20189,0.9998837
HAT-P-7 b,-5.18554,1.0000296
HAT-P-7 b,-5.16919,0.9999333
HAT-P-7 b,-5.15285,1.0002538
HAT-P-7 b,-5.13650,0.9999105
HAT-P-7 b,-5.12015,1.0001449
HAT-P-7 b,-5.10381,0.9998779
HAT-P-7 b,-5.08746,0.9996953
HAT-P-7 b,-5.07112,0.9998439
HAT-P-7 b,-5.05477,1.0003307
HAT-P-7 b,-5.03842,1.0000443
HAT-P-7 b,-5.02207,0.9999377
HAT-P-7 b,-5.00573,1.0000650
HAT-P-7 b,-4.98938,1.0001472
HAT-P-7 b,-4.97304,0.9999173
HAT-P-7 b,-4.95669,0.9996962
HAT-P-7 b,-4.94034,0.9997330
HAT-P-7 b,-4.92399,1.0000192
HAT-P-7 b,-4.90765,1.0002013
HAT-P-7 b,-4.89130,0.9998928
HAT-P-7 b,-4.87495,1.0000020
HAT-P-7 b,-4.85861,1.0000290
HAT-P-7 b,-4.84226,0.9998911
HAT-P-7 b,-4.82592,1.0001451
HAT-P-7 b,-4.80957,1.0000522
HAT-P-7 b,-4.79322,0.9998870
HAT-P-7 b,-4.77688,0.9999593
HAT-P-7 b,-4.76053,0.9999932
HAT-P-7 b,-4.74418,1.0001098
HAT-P-7 b,-4.72783,0.9998486
HAT-P-7 b,-4.71149,0.9998141
HAT-P-7 b,-4.69514,0.9997319
HAT-P-7 b,-4.67880,0.9998122
HAT-P-7 b,-4.66245,0.9997468
HAT-P-7 b,-4.64610,1.0000775
HAT-P-7 b,-4.62976,1.0002450
HAT-P-7 b,-4.61341,0.9998547
HAT-P-7 b,-4.59706,0.9997888
HAT-P-7 b,-4.58072,1.0000326
HAT-P-7 b,-4.56437,1.0002004
HAT-P-7 b,-4.54803,0.9998669
HAT-P-7 b,-4.53168,1.0001934
HAT-P-7 b,-4.51533,0.9997966
HAT-P-7 b,-4.49899,0.9998377
HAT-P-7 b,-4.48264,1.0002836
HAT-P-7 b,-4.46629,0.9999955
HAT-P-7 b,-4.44994,1.0001924
HAT-P-7 b,-4.43360,1.0000412
HAT-P-7 b,-4.41726,0.9999131
HAT-P-7 b,-4.40091,0.9996595
HAT-P-7 b,-4.38456,0.9999996
HAT-P-7 b,-4.36821,0.9999402
HAT-P-7 b,-4.35187,0.9998897
HAT-P-7 b,-4.33552,0.9998437
HAT-P-7 b,-4.31917,1.0000769
HAT-P-7 b,-4.30283,1.0000047
HAT-P-7 b,-4.28648,0.9997878
HAT-P-7 b,-4.27014,1.0000279
HAT-P-7 b,-4.25379,0.9998721
HAT-P-7 b,-4.23744,0.9999669
HAT-P-7 b,-4.22109,0.9998445
HAT-P-7 b,-4.20475,0.9998758
HAT-P-7 b,-4.18840,0.9998376
HAT-P-7 b,-4.17206,1.0001131
HAT-P-7 b,-4.15571,0.9998984
HAT-P-7 b,-4.13936,0.9999873
HAT-P-7 b,-4.12301,1.0000290
HAT-P-7 b,-4.10667,0.9999659
HAT-P-7 b,-4.09032,0.9997735
HAT-P-7 b,-4.07397,0.9998524
HAT-P-7 b,-4.05763,1.0000926
HAT-P-7 b,-4.04128,0.9999205
HAT-P-7 b,-4.02494,1.0002203
HAT-P-7 b,-4.00859,1.0001688
HAT-P-7 b,-3.99224,1.0001000
HAT-P-7 b,-3.97590,1.0001125
HAT-P-7 b,-3.95955,0.9999773
HAT-P-7 b,-3.94320,1.0001597
HAT-P-7 b,-3.92686,0.9998263
HAT-P-7 b,-3.91051,1.0002626
HAT-P-7 b,-3.89417,1.0001449
HAT-P-7 b,-3.87782,1.0000048
HAT-P-7 b,-3.86147,1.0001603
HAT-P-7 b,-3.84512,0.9997566
HAT-P-7 b,-3.82878,0.9998935
HAT-P-7 b,-3.81243,0.9999216
HAT-P-7 b,-3.79608,1.0000598
HAT-P-7 b,-3.77974,1.0002734
HAT-P-7 b,-3.76339,0.9999307
HAT-P-7 b,-3.74705,1.0000984
HAT-P-7 b,-3.73070,1.0000965
HAT-P-7 b,-3.71435,1.0003240
HAT-P-7 b,-3.69801,1.0003279
HAT-P-7 b,-3.68166,1.0000100
HAT-P-7 b,-3.66531,1.0001790
HAT-P-7 b,-3.64897,1.0000365
HAT-P-7 b,-3.63262,0.9999601
HAT-P-7 b,-3.61628,1.0000431
HAT-P-7 b,-3.59993,1.0001547
HAT-P-7 b,-3.58358,1.0000437
HAT-P-7 b,-3.56723,1.0001624
HAT-P-7 b,-3.55089,0.9998547
HAT-P-7 b,-3.53454,1.0001817
HAT-P-7 b,-3.51820,1.0000720
HAT-P-7 b,-3.50185,1.0002337
HAT-P-7 b,-3.48550,1.0004014
HAT-P-7 b,-3.46916,1.0003669
HAT-P-7 b,-3.45281,1.0000012
HAT-P-7 b,-3.43646,0.9998632
HAT-P-7 b,-3.42012,1.0002898
HAT-P-7 b,-3.40377,1.0001333
HAT-P-7 b,-3.38742,0.9998507
HAT-P-7 b,-3.37108,0.9999676
HAT-P-7 b,-3.35473,1.0002141
HAT-P-7 b,-3.33838,0.9999863
HAT-P-7 b,-3.32204,0.9998978
HAT-P-7 b,-3.30569,0.9998772
HAT-P-7 b,-3.28934,1.0000018
HAT-P-7 b,-3.27300,0.9997835
HAT-P-7 b,-3.25665,1.0000586
HAT-P-7 b,-3.24030,1.0000725
HAT-P-7 b,-3.22396,0.9999849
HAT-P-7 b,-3.20761,0.9998783
HAT-P-7 b,-3.19126,1.0002291
HAT-P-7 b,-3.17492,1.0000342
HAT-P-7 b,-3.15857,1.0002232
HAT-P-7 b,-3.14222,0.9998568
HAT-P-7 b,-3.12588,0.9999451
HAT-P-7 b,-3.10953,0.9998483
HAT-P-7 b,-3.09319,0.9998094
HAT-P-7 b,-3.07684,1.0001635
HAT-P-7 b,-3.06049,1.0000253
HAT-P-7 b,-3.04414,0.9997288
HAT-P-7 b,-3.02780,1.0000646
HAT-P-7 b,-3.01145,1.0000459
HAT-P-7 b,-2.99510,0.9995795
HAT-P-7 b,-2.97876,0.9999216
HAT-P-7 b,-2.96241,0.9997238
HAT-P-7 b,-2.94607,1.0000366
HAT-P-7 b,-2.92972,0.9998568
HAT-P-7 b,-2.91337,0.9999960
HAT-P-7 b,-2.89703,0.9999136
HAT-P-7 b,-2.88068,0.9998493
HAT-P-7 b,-2.86433,0.9999436
HAT-P-7 b,-2.84799,1.0001889
HAT-P-7 b,-2.83164,1.0000380
HAT-P-7 b,-2.81530,1.0001453
HAT-P-7 b,-2.79895,0.9999365
HAT-P-7 b,-2.78260,1.0000619
HAT-P-7 b,-2.76626,0.9999232
HAT-P-7 b,-2.74991,1.0002134
HAT-P-7 b,-2.73356,0.9996224
HAT-P-7 b,-2.71722,1.0000369
HAT-P-7 b,-2.70087,0.9997765
HAT-P-7 b,-2.68452,0.9998866
HAT-P-7 b,-2.66818,1.0003469
HAT-P-7 b,-2.65183,0.9999866
HAT-P-7 b,-2.63548,0.9999115
HAT-P-7 b,-2.61914,1.0000852
HAT-P-7 b,-2.60279,1.0001549
HAT-P-7 b,-2.58644,1.0002480
HAT-P-7 b,-2.57010,0.9999355
HAT-P-7 b,-2.55375,0.9999556
HAT-P-7 b,-2.53740,0.9999495
HAT-P-7 b,-2.52106,0.9997044
HAT-P-7 b,-2.50471,1.0000581
HAT-P-7 b,-2.48836,0.9999219
HAT-P-7 b,-2.47202,0.9999950
HAT-P-7 b,-2.45567,0.9999465
HAT-P-7 b,-2.43932,0.9999565
HAT-P-7 b,-2.42298,1.0001753
HAT-P-7 b,-2.40663,0.9999874
HAT-P-7 b,-2.39028,1.0000249
HAT-P-7 b,-2.37394,1.0000006
HAT-P-7 b,-2.35759,0.9998747
HAT-P-7 b,-2.34125,0.9999716
HAT-P-7 b,-2.32490,0.9998857
HAT-P-7 b,-2.30855,0.9996265
HAT-P-7 b,-2.29221,0.9999357
HAT-P-7 b,-2.27586,1.0000542
HAT-P-7 b,-2.25951,0.9999431
HAT-P-7 b,-2.24317,1.0002128
HAT-P-7 b,-2.22682,0.9998546
HAT-P-7 b,-2.21047,1.0000848
HAT-P-7 b,-2.19413,1.0002340
HAT-P-7 b,-2.17778,0.9998748
HAT-P-7 b,-2.16143,0.9998612
HAT-P-7 b,-2.14509,0.9997662
HAT-P-7 b,-2.12874,0.9999367
HAT-P-7 b,-2.11239,0.9997655
HAT-P-7 b,-2.09605,1.0002223
HAT-P-7 b,-2.07970,0.9998107
HAT-P-7 b,-2.06336,0.9997552
HAT-P-7 b,-2.04701,1.0000291
HAT-P-7 b,-2.03066,1.0003008
HAT-P-7 b,-2.01432,0.9999086
HAT-P-7 b,-1.99797,0.9999472
HAT-P-7 b,-1.98162,0.9997977
HAT-P-7 b,-1.96528,1.0000048
HAT-P-7 b,-1.94893,0.9998642
HAT-P-7 b,-1.93258,0.9999005
HAT-P-7 b,-1.91624,0.9996587
HAT-P-7 b,-1.89989,0.9993472
HAT-P-7 b,-1.88354,0.9993911
HAT-P-7 b,-1.86720,0.9987596
HAT-P-7 b,-1.85085,0.9988734
HAT-P-7 b,-1.83450,0.9983029
HAT-P-7 b,-1.81816,0.9980669
HAT-P-7 b,-1.80181,0.9979738
HAT-P-7 b,-1.78546,0.9978427
HAT-P-7 b,-1.76912,0.9970109
HAT-P-7 b,-1.75277,0.9969849
HAT-P-7 b,-1.73642,0.9968651
HAT-P-7 b,-1.72008,0.9963321
HAT-P-7 b,-1.70373,0.9961297
HAT-P-7 b,-1.68739,0.9958795
HAT-P-7 b,-1.67104,0.9958438
HAT-P-7 b,-1.65469,0.9953697
HAT-P-7 b,-1.63835,0.9952037
HAT-P-7 b,-1.62200,0.9948833
HAT-P-7 b,-1.60565,0.9949214
HAT-P-7 b,-1.58931,0.9948276
HAT-P-7 b,-1.57296,0.9947085
HAT-P-7 b,-1.55661,0.9946513
HAT-P-7 b,-1.54027,0.9948560
HAT-P-7 b,-1.52392,0.9948771
HAT-P-7 b,-1.50757,0.9946353
HAT-P-7 b,-1.49123,0.9946853
HAT-P-7 b,-1.47488,0.9944698
HAT-P-7 b,-1.45853,0.9944969
HAT-P-7 b,-1.44219,0.9945004
HAT-P-7 b,-1.42584,0.9941519
HAT-P-7 b,-1.40949,0.9943927
HAT-P-7 b,-1.39315,0.9942928
HAT-P-7 b,-1.37680,0.9938993
HAT-P-7 b,-1.36046,0.9944001
HAT-P-7 b,-1.34411,0.9944931
HAT-P-7 b,-1.32776,0.9943829
HAT-P-7 b,-1.31141,0.9939246
HAT-P-7 b,-1.29507,0.9940818
HAT-P-7 b,-1.27872,0.9939638
HAT-P-7 b,-1.26238,0.9938030
HAT-P-7 b,-1.24603,0.9938952
HAT-P-7 b,-1.22968,0.9938525
HAT-P-7 b,-1.21334,0.9937487
HAT-P-7 b,-1.19699,0.9939970
HAT-P-7 b,-1.18064,0.9937242
HAT-P-7 b,-1.16430,0.9938914
HAT-P-7 b,-1.14795,0.9941784
HAT-P-7 b,-1.13160,0.9939882
HAT-P-7 b,-1.11526,0.9937276
HAT-P-7 b,-1.09891,0.9939392
HAT-P-7 b,-1.08257,0.9936293
HAT-P-7 b,-1.06622,0.9937569
HAT-P-7 b,-1.04987,0.9940652
HAT-P-7 b,-1.03352,0.9937131
HAT-P-7 b,-1.01718,0.9939446
HAT-P-7 b,-1.00083,0.9938161
HAT-P-7 b,-0.98449,0.9937276
HAT-P-7 b,-0.96814,0.9939409
HAT-P-7 b,-0.95179,0.9937859
HAT-P-7 b,-0.93545,0.9937033
HAT-P-7 b,-0.91910,0.9934468
HAT-P-7 b,-0.90275,0.9936033
HAT-P-7 b,-0.88641,0.9935612
HAT-P-7 b,-0.87006,0.9935471
HAT-P-7 b,-0.85371,0.9935377
HAT-P-7 b,-0.83737,0.9935656
HAT-P-7 b,-0.82102,0.9934928
HAT-P-7 b,-0.80467,0.9936201
HAT-P-7 b,-0.78833,0.9935641
HAT-P-7 b,-0.77198,0.9935633
HAT-P-7 b,-0.75563,0.9934943
HAT-P-7 b,-0.73929,0.9936426
HAT-P-7 b,-0.72294,0.9934520
HAT-P-7 b,-0.70659,0.9935090
HAT-P-7 b,-0.69025,0.9935844
HAT-P-7 b,-0.67390,0.9936595
HAT-P-7 b,-0.65755,0.9935356
HAT-P-7 b,-0.64121,0.9935496
HAT-P-7 b,-0.62486,0.9936391
HAT-P-7 b,-0.60852,0.9932768
HAT-P-7 b,-0.59217,0.9936029
HAT-P-7 b,-0.57582,0.9933375
HAT-P-7 b,-0.55948,0.9935828
HAT-P-7 b,-0.54313,0.9932561
HAT-P-7 b,-0.52678,0.9935076
HAT-P-7 b,-0.51043,0.9934270
HAT-P-7 b,-0.49409,0.9933347
HAT-P-7 b,-0.47775,0.9934798
HAT-P-7 b,-0.46140,0.9934355
HAT-P-7 b,-0.44505,0.9932961
HAT-P-7 b,-0.42870,0.9931976
HAT-P-7 b,-0.41236,0.9933108
HAT-P-7 b,-0.39601,0.9933537
HAT-P-7 b,-0.37966,0.9935704
HAT-P-7 b,-0.36332,0.9930441
HAT-P-7 b,-0.34697,0.9932137
HAT-P-7 b,-0.33063,0.9931113
HAT-P-7 b,-0.31428,0.9930138
HAT-P-7 b,-0.29793,0.9930442
HAT-P-7 b,-0.28159,0.9935049
HAT-P-7 b,-0.26524,0.9931871
HAT-P-7 b,-0.24889,0.9933467
HAT-P-7 b,-0.23255,0.9930727
HAT-P-7 b,-0.21620,0.9934905
HAT-P-7 b,-0.19985,0.9937289
HAT-P-7 b,-0.18351,0.9935655
HAT-P-7 b,-0.16716,0.9932167
HAT-P-7 b,-0.15081,0.9934559
HAT-P-7 b,-0.13447,0.9934640
HAT-P-7 b,-0.11812,0.9931642
HAT-P-7 b,-0.10177,0.9933810
HAT-P-7 b,-0.08543,0.9932778
HAT-P-7 b,-0.06908,0.9934852
HAT-P-7 b,-0.05273,0.9933735
HAT-P-7 b,-0.03639,0.9935035
HAT-P-7 b,-0.02004,0.9935073
HAT-P-7 b,-0.00369,0.9934845
HAT-P-7 b,0.01265,0.9934188
HAT-P-7 b,0.02900,0.9933581
HAT-P-7 b,0.04534,0.9932016
HAT-P-7 b,0.06169,0.9933214
HAT-P-7 b,0.07804,0.9931341
HAT-P-7 b,0.09439,0.9932672
HAT-P-7 b,0.11073,0.9935066
HAT-P-7 b,0.12708,0.9933090
HAT-P-7 b,0.14343,0.9934364
HAT-P-7 b,0.15977,0.9929873
HAT-P-7 b,0.17612,0.9931676
HAT-P-7 b,0.19246,0.9933482
HAT-P-7 b,0.20881,0.9934164
HAT-P-7 b,0.22516,0.9932564
HAT-P-7 b,0.24150,0.9934416
HAT-P-7 b,0.25785,0.9935566
HAT-P-7 b,0.27420,0.9934101
HAT-P-7 b,0.29054,0.9935646
HAT-P-7 b,0.30689,0.9933480
HAT-P-7 b,0.32323,0.9932284
HAT-P-7 b,0.33958,0.9934021
HAT-P-7 b,0.35593,0.9936258
HAT-P-7 b,0.37228,0.9933477
HAT-P-7 b,0.38862,0.9930801
HAT-P-7 b,0.40497,0.9931314
HAT-P-7 b,0.42132,0.9931367
HAT-P-7 b,0.43766,0.9931513
HAT-P-7 b,0.45401,0.9933745
HAT-P-7 b,0.47035,0.9932382
HAT-P-7 b,0.48670,0.9931629
HAT-P-7 b,0.50305,0.9931634
HAT-P-7 b,0.51939,0.9935720
HAT-P-7 b,0.53574,0.9931927
HAT-P-7 b,0.55209,0.9933516
HAT-P-7 b,0.56843,0.9933267
HAT-P-7 b,0.58478,0.9932227
HAT-P-7 b,0.60112,0.9934020
HAT-P-7 b,0.61747,0.9933784
HAT-P-7 b,0.63382,0.9930847
HAT-P-7 b,0.65016,0.9932558
HAT-P-7 b,0.66651,0.9932632
HAT-P-7 b,0.68286,0.9936619
HAT-P-7 b,0.69921,0.9937106
HAT-P-7 b,0.71555,0.9936425
HAT-P-7 b,0.73190,0.9934111
HAT-P-7 b,0.74824,0.9937161
HAT-P-7 b,0.76459,0.9932600
HAT-P-7 b,0.78094,0.9933198
HAT-P-7 b,0.79729,0.9937851
HAT-P-7 b,0.81363,0.9934409
HAT-P-7 b,0.82998,0.9938523
HAT-P-7 b,0.84632,0.9936926
HAT-P-7 b,0.86267,0.9935296
HAT-P-7 b,0.87902,0.9935640
HAT-P-7 b,0.89536,0.9936886
HAT-P-7 b,0.91171,0.9936629
HAT-P-7 b,0.92806,0.9936072
HAT-P-7 b,0.94441,0.9937568
HAT-P-7 b,0.96075,0.9939761
HAT-P-7 b,0.97710,0.9940448
HAT-P-7 b,0.99344,0.9934808
HAT-P-7 b,1.00979,0.9938801
HAT-P-7 b,1.02614,0.9939629
HAT-P-7 b,1.04248,0.9936866
HAT-P-7 b,1.05883,0.9939450
HAT-P-7 b,1.07518,0.9936958
HAT-P-7 b,1.09152,0.9940775
HAT-P-7 b,1.10787,0.9938788
HAT-P-7 b,1.12421,0.9941575
HAT-P-7 b,1.14056,0.9939510
HAT-P-7 b,1.15691,0.9941901
HAT-P-7 b,1.17325,0.9941179
HAT-P-7 b,1.18960,0.9941103
HAT-P-7 b,1.20595,0.9940748
HAT-P-7 b,1.22230,0.9941385
HAT-P-7 b,1.23864,0.9941837
HAT-P-7 b,1.25498,0.9940992
HAT-P-7 b,1.27133,0.9940464
HAT-P-7 b,1.28768,0.9940949
HAT-P-7 b,1.30403,0.9936920
HAT-P-7 b,1.32037,0.9941154
HAT-P-7 b,1.33672,0.9942227
HAT-P-7 b,1.35307,0.9941165
HAT-P-7 b,1.36941,0.9939780
HAT-P-7 b,1.38576,0.9942255
HAT-P-7 b,1.40210,0.9942701
HAT-P-7 b,1.41845,0.9942817
HAT-P-7 b,1.43480,0.9942873
HAT-P-7 b,1.45114,0.9945250
HAT-P-7 b,1.46749,0.9943377
HAT-P-7 b,1.48384,0.9945340
HAT-P-7 b,1.50018,0.9946214
HAT-P-7 b,1.51653,0.9947851
HAT-P-7 b,1.53288,0.9948652
HAT-P-7 b,1.54922,0.9947025
HAT-P-7 b,1.56557,0.9945385
HAT-P-7 b,1.58192,0.9952309
HAT-P-7 b,1.59827,0.9948971
HAT-P-7 b,1.61461,0.9951539
HAT-P-7 b,1.63096,0.9955047
HAT-P-7 b,1.64730,0.9955539
HAT-P-7 b,1.66365,0.9959868
HAT-P-7 b,1.68000,0.9960214
HAT-P-7 b,1.69634,0.9963753
HAT-P-7 b,1.71269,0.9968653
HAT-P-7 b,1.72904,0.9967068
HAT-P-7 b,1.74538,0.9973888
HAT-P-7 b,1.76173,0.9972753
HAT-P-7 b,1.77807,0.9980826
HAT-P-7 b,1.79442,0.9977936
HAT-P-7 b,1.81077,0.9981334
HAT-P-7 b,1.82712,0.9985491
HAT-P-7 b,1.84346,0.9990088
HAT-P-7 b,1.85981,0.9991110
HAT-P-7 b,1.87616,0.9989865
HAT-P-7 b,1.89250,0.9995002
HAT-P-7 b,1.90885,0.9994849
HAT-P-7 b,1.92519,0.9999201
HAT-P-7 b,1.94154,0.9997886
HAT-P-7 b,1.95789,1.0001810
HAT-P-7 b,1.97423,0.9998268
HAT-P-7 b,1.99058,1.0002978
HAT-P-7 b,2.00693,1.0000709
HAT-P-7 b,2.02327,1.0002811
HAT-P-7 b,2.03962,1.0000183
HAT-P-7 b,2.05596,1.0003812
HAT-P-7 b,2.07231,1.0001454
HAT-P-7 b,2.08866,1.0003416
HAT-P-7 b,2.10501,1.0002186
HAT-P-7 b,2.12135,1.0001285
HAT-P-7 b,2.13770,1.0000525
HAT-P-7 b,2.15405,0.9999756
HAT-P-7 b,2.17039,1.0000324
HAT-P-7 b,2.18674,1.0000809
HAT-P-7 b,2.20308,1.0000405
HAT-P-7 b,2.21943,1.0001681
HAT-P-7 b,2.23578,0.9998736
HAT-P-7 b,2.25212,1.0001391
HAT-P-7 b,2.26847,1.0001023
HAT-P-7 b,2.28482,1.0000104
HAT-P-7 b,2.30116,1.0001472
HAT-P-7 b,2.31751,1.0004122
HAT-P-7 b,2.33386,0.9999819
HAT-P-7 b,2.35020,1.0000881
HAT-P-7 b,2.36655,1.0000062
HAT-P-7 b,2.38290,1.0000424
HAT-P-7 b,2.39924,0.9999814
HAT-P-7 b,2.41559,0.9998495
HAT-P-7 b,2.43194,1.0002727
HAT-P-7 b,2.44828,1.0001739
HAT-P-7 b,2.46463,0.9998267
HAT-P-7 b,2.48098,0.9996544
HAT-P-7 b,2.49732,0.9997301
HAT-P-7 b,2.51367,0.9995532
HAT-P-7 b,2.53002,0.9997512
HAT-P-7 b,2.54636,0.9999890
HAT-P-7 b,2.56271,0.9995982
HAT-P-7 b,2.57905,0.9997237
HAT-P-7 b,2.59540,0.9999809
HAT-P-7 b,2.61175,0.9998766
HAT-P-7 b,2.62810,1.0001252
HAT-P-7 b,2.64444,1.0001553
HAT-P-7 b,2.66079,0.9998702
HAT-P-7 b,2.67714,1.0002407
HAT-P-7 b,2.69348,1.0000832
HAT-P-7 b,2.70983,0.9998206
HAT-P-7 b,2.72617,0.9996229
HAT-P-7 b,2.74252,0.9997431
HAT-P-7 b,2.75887,1.0002325
HAT-P-7 b,2.77521,0.9999708
HAT-P-7 b,2.79156,1.0000699
HAT-P-7 b,2.80791,0.9999211
HAT-P-7 b,2.82425,1.0000140
HAT-P-7 b,2.84060,0.9997425
HAT-P-7 b,2.85694,1.0000407
HAT-P-7 b,2.87329,0.9999846
HAT-P-7 b,2.88964,0.9997924
HAT-P-7 b,2.90598,0.9996412
HAT-P-7 b,2.92233,0.9998243
HAT-P-7 b,2.93868,1.0002608
HAT-P-7 b,2.95502,0.9999680
HAT-P-7 b,2.97137,1.0000233
HAT-P-7 b,2.98772,0.9997768
HAT-P-7 b,3.00406,1.0000530
HAT-P-7 b,3.02041,0.9999685
HAT-P-7 b,3.03676,1.0000824
HAT-P-7 b,3.05310,0.9999869
HAT-P-7 b,3.06945,0.9999490
HAT-P-7 b,3.08580,0.9997752
HAT-P-7 b,3.10214,0.9998666
HAT-P-7 b,3.11849,0.9995562
HAT-P-7 b,3.13484,0.9999566
HAT-P-7 b,3.15118,0.9998786
HAT-P-7 b,3.16753,0.9998627
HAT-P-7 b,3.18388,0.9999931
HAT-P-7 b,3.20022,0.9999408
HAT-P-7 b,3.21657,0.9998749
HAT-P-7 b,3.23292,0.9999792
HAT-P-7 b,3.24926,0.9999049
HAT-P-7 b,3.26561,0.9998866
HAT-P-7 b,3.28196,0.9997918
HAT-P-7 b,3.29830,0.9999526
HAT-P-7 b,3.31465,0.9999731
HAT-P-7 b,3.33099,0.9997948
HAT-P-7 b,3.34734,1.0000581
HAT-P-7 b,3.36369,0.9997675
HAT-P-7 b,3.38003,0.9997454
HAT-P-7 b,3.39638,0.9997985
HAT-P-7 b,3.41273,0.9999077
HAT-P-7 b,3.42907,0.9999502
HAT-P-7 b,3.44542,1.0001090
HAT-P-7 b,3.46177,0.9999920
HAT-P-7 b,3.47811,0.9997566
HAT-P-7 b,3.49446,0.9999575
HAT-P-7 b,3.51080,0.9998525
HAT-P-7 b,3.52715,0.9998026
HAT-P-7 b,3.54350,0.9999685
HAT-P-7 b,3.55985,0.9995645
HAT-P-7 b,3.57619,0.9996178
HAT-P-7 b,3.59254,0.9997566
HAT-P-7 b,3.60888,0.9998119
HAT-P-7 b,3.62523,0.9996287
HAT-P-7 b,3.64158,0.9998424
HAT-P-7 b,3.65792,0.9999318
HAT-P-7 b,3.67427,0.9997166
HAT-P-7 b,3.69062,0.9997804
HAT-P-7 b,3.70696,1.0001239
HAT-P-7 b,3.72331,0.9996408
HAT-P-7 b,3.73966,1.0000862
HAT-P-7 b,3.75600,1.0000388
HAT-P-7 b,3.77235,1.0001245
HAT-P-7 b,3.78870,1.0000584
HAT-P-7 b,3.80504,0.9999280
HAT-P-7 b,3.82139,1.0002701
HAT-P-7 b,3.83774,0.9998495
HAT-P-7 b,3.85408,0.9998454
HAT-P-7 b,3.87043,0.9998791
HAT-P-7 b,3.88678,1.0002562
HAT-P-7 b,3.90312,1.0000374
HAT-P-7 b,3.91947,1.0000369
HAT-P-7 b,3.93582,0.9999123
HAT-P-7 b,3.95216,0.9999372
HAT-P-7 b,3.96851,1.0001019
HAT-P-7 b,3.98485,1.0001346
HAT-P-7 b,4.00120,1.0005357
HAT-P-7 b,4.01755,1.0002951
HAT-P-7 b,4.03389,0.9999216
HAT-P-7 b,4.05024,0.9999760
HAT-P-7 b,4.06659,1.0000706
HAT-P-7 b,4.08293,1.0001766
HAT-P-7 b,4.09928,1.0000819
HAT-P-7 b,4.11563,1.0000804
HAT-P-7 b,4.13197,1.0002288
HAT-P-7 b,4.14832,0.9998344
HAT-P-7 b,4.16467,0.9999789
HAT-P-7 b,4.18101,1.0003737
HAT-P-7 b,4.19736,1.0001125
HAT-P-7 b,4.21371,1.0001979
HAT-P-7 b,4.23005,0.9998991
HAT-P-7 b,4.24640,0.9999623
HAT-P-7 b,4.26275,1.0000719
HAT-P-7 b,4.27909,0.9980815
HAT-P-7 b,4.29544,1.0001874
HAT-P-7 b,4.31178,0.9975678
HAT-P-7 b,4.32813,1.0000349
HAT-P-7 b,4.34448,1.0000380
HAT-P-7 b,4.36083,0.9999750
HAT-P-7 b,4.37717,1.0001059
HAT-P-7 b,4.39352,1.0003167
HAT-P-7 b,4.40986,0.9999539
HAT-P-7 b,4.42621,0.9998919
HAT-P-7 b,4.44256,1.0000318
HAT-P-7 b,4.45890,1.0002576
HAT-P-7 b,4.47525,1.0001566
HAT-P-7 b,4.49160,1.0000692
HAT-P-7 b,4.50794,0.9997195
HAT-P-7 b,4.52429,0.9999618
HAT-P-7 b,4.54063,0.9999153
HAT-P-7 b,4.55698,0.9998428
HAT-P-7 b,4.57333,0.9999408
HAT-P-7 b,4.58967,1.0000785
HAT-P-7 b,4.60602,1.0000635
HAT-P-7 b,4.62237,1.0001842
HAT-P-7 b,4.63871,0.9998014
HAT-P-7 b,4.65506,1.0000255
HAT-P-7 b,4.67141,0.9999767
HAT-P-7 b,4.68775,1.0000286
HAT-P-7 b,4.70410,1.0001016
HAT-P-7 b,4.72045,1.0000336
HAT-P-7 b,4.73679,0.9999356
HAT-P-7 b,4.75314,1.0001423
HAT-P-7 b,4.76949,0.9999302
HAT-P-7 b,4.78583,0.9997118
HAT-P-7 b,4.80218,1.0001127
HAT-P-7 b,4.81853,0.9997413
HAT-P-7 b,4.83487,0.9999288
HAT-P-7 b,4.85122,0.9997814
HAT-P-7 b,4.86757,1.0000357
HAT-P-7 b,4.88391,1.0000434
HAT-P-7 b,4.90026,0.9999165
HAT-P-7 b,4.91661,0.9999350
HAT-P-7 b,4.93295,0.9992721
HAT-P-7 b,4.94930,0.9999377
HAT-P-7 b,4.96565,0.9996419
HAT-P-7 b,4.98199,0.9998622
HAT-P-7 b,4.99834,1.0000291
HAT-P-7 b,5.01469,0.9997567
HAT-P-7 b,5.03103,0.9999887
HAT-P-7 b,5.04738,0.9999011
HAT-P-7 b,5.06372,1.0002168
HAT-P-7 b,5.08007,0.9997608
HAT-P-7 b,5.09642,0.9999409
HAT-P-7 b,5.11276,0.9999929
HAT-P-7 b,5.12911,1.0000430
HAT-P-7 b,5.14546,1.0000174
HAT-P-7 b,5.16180,1.0000093
HAT-P-7 b,5.17815,0.9999938
HAT-P-7 b,5.19449,0.9999568
HAT-P-7 b,5.21084,1.0000708
HAT-P-7 b,5.22719,1.0000444
HAT-P-7 b,5.24353,1.0002273
HAT-P-7 b,5.25988,1.0000032
HAT-P-7 b,5.27623,1.0000997
HAT-P-7 b,5.29258,0.9998388
HAT-P-7 b,5.30892,1.0000300
HAT-P-7 b,5.32527,0.9998903
HAT-P-7 b,5.34161,1.0001731
HAT-P-7 b,5.35796,1.0000405
HAT-P-7 b,5.37431,0.9999605
HAT-P-7 b,5.39065,1.0002519
HAT-P-7 b,5.40700,0.9999735
HAT-P-7 b,5.42335,0.9999464
HAT-P-7 b,5.43969,1.0000124
HAT-P-7 b,5.45604,0.9997313
HAT-P-7 b,5.47239,1.0000114
HAT-P-7 b,5.48873,0.9999789
HAT-P-7 b,5.50508,1.0000588
HAT-P-7 b,5.52143,0.9998478
HAT-P-7 b,5.53777,1.0002534
HAT-P-7 b,5.55412,0.9998769
HAT-P-7 b,5.57047,0.9999893
HAT-P-7 b,5.58681,0.9999792
HAT-P-7 b,5.60316,0.9997453
HAT-P-7 b,5.61950,0.9998509
HAT-P-7 b,5.63585,1.0001598
HAT-P-7 b,5.65220,1.0000425
HAT-P-7 b,5.66855,0.9999641
HAT-P-7 b,5.68489,1.0004027
HAT-P-7 b,5.70124,1.0001514
HAT-P-7 b,5.71759,1.0002912
HAT-P-7 b,5.73393,1.0001091
HAT-P-7 b,5.75028,0.9999311
HAT-P-7 b,5.76662,1.0003077
HAT-P-7 b,5.78297,0.9999224
HAT-P-7 b,5.79932,0.9997837
HAT-P-7 b,5.81567,1.0001205
HAT-P-7 b,5.83201,0.9999695
HAT-P-7 b,5.84836,1.0001242
HAT-P-7 b,5.86470,1.0001200
HAT-P-7 b,5.88105,0.9997601
HAT-P-7 b,5.89740,1.0002102
HAT-P-7 b,5.91374,1.0002122
HAT-P-7 b,5.93009,0.9998912
HAT-P-7 b,5.94644,1.0000097
HAT-P-7 b,5.96278,1.0000710
HAT-P-7 b,5.97913,1.0003522
HAT-P-7 b,5.99547,0.9999433
HAT-P-7 b,6.01182,1.0001276
HAT-P-7 b,6.02817,1.0003278
HAT-P-7 b,6.04451,0.9998379
HAT-P-7 b,6.06086,0.9998737
HAT-P-7 b,6.07721,1.0001837
HAT-P-7 b,6.09356,1.0001079
HAT-P-7 b,6.10990,1.0001170
HAT-P-7 b,6.12625,1.0000653
HAT-P-7 b,6.14259,0.9999168
HAT-P-7 b,6.15894,0.9999612
HAT-P-7 b,6.17529,1.0001690
HAT-P-7 b,6.19163,0.9998575
HAT-P-7 b,6.20798,0.9999141
HAT-P-7 b,6.22433,1.0000494
HAT-P-7 b,6.24067,1.0004404
HAT-P-7 b,6.25702,1.0001606
HAT-P-7 b,6.27336,0.9999762
HAT-P-7 b,6.28971,1.0000479
HAT-P-7 b,6.30606,0.9999987
HAT-P-7 b,6.32240,1.0000815
HAT-P-7 b,6.33875,1.0000660
HAT-P-7 b,6.35510,1.0000686
HAT-P-7 b,6.37145,1.0000054
HAT-P-7 b,6.38779,0.9999338
HAT-P-7 b,6.40414,1.0000904
HAT-P-7 b,6.42048,0.9999511
HAT-P-7 b,6.43683,0.9995715
HAT-P-7 b,6.45318,1.0000697
HAT-P-7 b,6.46953,1.0000250
HAT-P-7 b,6.48587,1.0000419
HAT-P-7 b,6.50222,1.0001946
HAT-P-7 b,6.51856,1.0001027
HAT-P-7 b,6.53491,0.9999508
HAT-P-7 b,6.55126,1.0000066
HAT-P-7 b,6.56760,0.9999569
HAT-P-7 b,6.58395,0.9997789
HAT-P-7 b,6.60030,0.9999247
HAT-P-7 b,6.61664,1.0000223
HAT-P-7 b,6.63299,1.0001996
HAT-P-7 b,6.64933,0.9998558
HAT-P-7 b,6.66568,1.0000679
HAT-P-7 b,6.68203,0.9997301
HAT-P-7 b,6.69838,1.0003028
HAT-P-7 b,6.71472,1.0001288
HAT-P-7 b,6.73107,1.0002667
HAT-P-7 b,6.74742,0.9999232
HAT-P-7 b,6.76376,0.9999833
HAT-P-7 b,6.78011,1.0002319
HAT-P-7 b,6.79645,0.9999188
HAT-P-7 b,6.81280,1.0000685
HAT-P-7 b,6.82915,1.0000947
HAT-P-7 b,6.84549,1.0000341
HAT-P-7 b,6.86184,1.0000889
HAT-P-7 b,6.87819,1.0004425
HAT-P-7 b,6.89453,1.0003087
HAT-P-7 b,6.91088,0.9999141
HAT-P-7 b,6.92722,1.0002011
HAT-P-7 b,6.94357,1.0001155
HAT-P-7 b,6.95992,0.9998533
HAT-P-7 b,6.97626,1.0001856
HAT-P-7 b,6.99261,1.0001823
HAT-P-7 b,7.00896,1.0001878
HAT-P-7 b,7.02531,0.9999332
HAT-P-7 b,7.04165,1.0000383
HAT-P-7 b,7.05800,1.0001268
HAT-P-7 b,7.07434,1.0002139
HAT-P-7 b,7.09069,0.9999023
HAT-P-7 b,7.10704,1.0002454
HAT-P-7 b,7.12338,1.0000686
HAT-P-7 b,7.13973,1.0001338
HAT-P-7 b,7.15608,1.0002453
HAT-P-7 b,7.17242,1.0001340
HAT-P-7 b,7.18877,0.9999858
HAT-P-7 b,7.20512,0.9998516
HAT-P-7 b,7.22146,0.9997223
HAT-P-7 b,7.23781,1.0000609
HAT-P-7 b,7.25416,1.0000707
HAT-P-7 b,7.27050,1.0001105
HAT-P-7 b,7.28685,1.0000168
HAT-P-7 b,7.30320,1.0002632
HAT-P-7 b,7.31954,1.0000155
HAT-P-7 b,7.33589,1.0000240
HAT-P-7 b,7.35224,1.0000835
HAT-P-7 b,7.36858,1.0002070
HAT-P-7 b,7.38493,0.9999340
HAT-P-7 b,7.40128,1.0000565
HAT-P-7 b,7.41762,1.0001109
HAT-P-7 b,7.43397,0.9998753
HAT-P-7 b,7.45031,1.0000501
HAT-P-7 b,7.46666,1.0002743
HAT-P-7 b,7.48301,1.0000280
HAT-P-7 b,7.49935,0.9998902
HAT-P-7 b,7.51570,1.0001465
HAT-P-7 b,7.53205,0.9999239
HAT-P-7 b,7.54840,0.9999714
HAT-P-7 b,7.56474,1.0001012
HAT-P-7 b,7.58108,1.0001227
HAT-P-7 b,7.59743,1.0003085
HAT-P-7 b,7.61378,1.0000824
HAT-P-7 b,7.63013,1.0002010
HAT-P-7 b,7.64647,1.0001713
HAT-P-7 b,7.66282,0.9999453
HAT-P-7 b,7.67917,1.0000314
HAT-P-7 b,7.69551,0.9999941
HAT-P-7 b,7.71186,0.9999853
HAT-P-7 b,7.72820,1.0000271
HAT-P-7 b,7.74455,0.9982331
HAT-P-7 b,7.76090,0.9992080
HAT-P-7 b,7.77724,0.9999781
HAT-P-7 b,7.79359,1.0002854
HAT-P-7 b,7.80994,1.0000405
HAT-P-7 b,7.82628,1.0002406
HAT-P-7 b,7.84263,0.9997213
HAT-P-7 b,7.85898,1.0001717
HAT-P-7 b,7.87532,0.9988193
HAT-P-7 b,7.89167,0.9998856
HAT-P-7 b,7.90802,1.0000440
HAT-P-7 b,8.12052,1.0000234
HAT-P-7 b,8.13687,0.9999484
HAT-P-7 b,8.15322,1.0000949
HAT-P-7 b,8.16956,0.9999348
HAT-P-7 b,8.18591,1.0000061
HAT-P-7 b,8.20226,0.9998693
HAT-P-7 b,8.21860,1.0001917
HAT-P-7 b,8.23495,0.9999755
HAT-P-7 b,8.25129,1.0000323
HAT-P-7 b,8.26764,0.9999697
HAT-P-7 b,8.28399,1.0000718
HAT-P-7 b,8.30033,0.9998844
HAT-P-7 b,8.31668,0.9997636
HAT-P-7 b,8.33303,1.0001488
HAT-P-7 b,8.34937,1.0001201
HAT-P-7 b,8.36572,0.9999047
HAT-P-7 b,8.38206,0.9999700
HAT-P-7 b,8.39841,1.0002329
Kepler-10 b,-4.78839,1.0001578
Kepler-10 b,-4.77205,1.0002206
Kepler-10 b,-4.75570,1.0001342
Kepler-10 b,-4.73935,0.9998734
Kepler-10 b,-4.72301,1.0004624
Kepler-10 b,-4.70666,1.0002744
Kepler-10 b,-4.69031,0.9999965
Kepler-10 b,-4.67397,0.9997803
Kepler-10 b,-4.65762,0.9999803
Kepler-10 b,-4.64128,0.9998387
Kepler-10 b,-4.62493,0.9999098
Kepler-10 b,-4.60858,0.9995468
Kepler-10 b,-4.59224,1.0002564
Kepler-10 b,-4.57589,1.0002129
Kepler-10 b,-4.55954,0.9997496
Kepler-10 b,-4.54319,1.0002953
Kepler-10 b,-4.52685,1.0000400
Kepler-10 b,-4.51050,1.0000480
Kepler-10 b,-4.49416,0.9999557
Kepler-10 b,-4.47781,1.0001635
Kepler-10 b,-4.46146,1.0003032
Kepler-10 b,-4.44512,0.9999241
Kepler-10 b,-4.42877,0.9998865
Kepler-10 b,-4.41242,1.0000240
Kepler-10 b,-4.39607,1.0002688
Kepler-10 b,-4.37973,1.0002060
Kepler-10 b,-4.36338,0.9999811
Kepler-10 b,-4.34704,1.0001676
Kepler-10 b,-4.33069,1.0001620
Kepler-10 b,-4.31434,0.9997727
Kepler-10 b,-4.29800,0.9998105
Kepler-10 b,-4.28165,0.9998279
Kepler-10 b,-4.26530,1.0000419
Kepler-10 b,-4.24896,0.9998548
Kepler-10 b,-4.23261,0.9995034
Kepler-10 b,-4.21626,0.9999400
Kepler-10 b,-4.19992,0.9995208
Kepler-10 b,-4.18357,1.0003581
Kepler-10 b,-4.16722,0.9998204
Kepler-10 b,-4.15088,0.9998192
Kepler-10 b,-4.13453,0.9997403
Kepler-10 b,-4.11819,0.9998147
Kepler-10 b,-4.10184,0.9998503
Kepler-10 b,-4.08549,1.0000773
Kepler-10 b,-4.06915,0.9997001
Kepler-10 b,-4.05280,1.0000049
Kepler-10 b,-4.03645,1.0001266
Kepler-10 b,-4.02011,0.9998311
Kepler-10 b,-4.00376,0.9998806
Kepler-10 b,-3.98742,0.9997671
Kepler-10 b,-3.97107,1.0001157
Kepler-10 b,-3.95472,0.9999115
Kepler-10 b,-3.93838,0.9997081
Kepler-10 b,-3.92203,0.9997289
Kepler-10 b,-3.90568,1.0000418
Kepler-10 b,-3.88933,1.0003909
Kepler-10 b,-3.87299,0.9997967
Kepler-10 b,-3.85664,1.0005183
Kepler-10 b,-3.84030,0.9998673
Kepler-10 b,-3.82395,0.9999695
Kepler-10 b,-3.80760,0.9997875
Kepler-10 b,-3.79126,0.9997967
Kepler-10 b,-3.77491,1.0001622
Kepler-10 b,-3.75856,1.0004551
Kepler-10 b,-3.74221,1.0001387
Kepler-10 b,-3.72587,0.9998699
Kepler-10 b,-3.70952,1.0003202
Kepler-10 b,-3.69318,0.9999992
Kepler-10 b,-3.67683,1.0000033
Kepler-10 b,-3.66048,1.0000718
Kepler-10 b,-3.64414,0.9999846
Kepler-10 b,-3.62779,1.0003135
Kepler-10 b,-3.61144,0.9998576
Kepler-10 b,-3.59510,1.0000295
Kepler-10 b,-3.57875,1.0002504
Kepler-10 b,-3.56240,1.0005492
Kepler-10 b,-3.54606,1.0000035
Kepler-10 b,-3.52971,1.0000567
Kepler-10 b,-3.51336,1.0002945
Kepler-10 b,-3.49702,1.0003340
Kepler-10 b,-3.48067,1.0002604
Kepler-10 b,-3.46432,1.0000323
Kepler-10 b,-3.44798,1.0002443
Kepler-10 b,-3.43163,1.0001324
Kepler-10 b,-3.41529,0.9999549
Kepler-10 b,-3.39894,0.9999654
Kepler-10 b,-3.38259,1.0003474
Kepler-10 b,-3.36625,1.0000735
Kepler-10 b,-3.34990,1.0004790
Kepler-10 b,-3.33355,1.0001983
Kepler-10 b,-3.31721,1.0000016
Kepler-10 b,-3.30086,1.0002701
Kepler-10 b,-3.28452,1.0001397
Kepler-10 b,-3.26817,0.9998953
Kepler-10 b,-3.25182,1.0003095
Kepler-10 b,-3.23547,1.0001055
Kepler-10 b,-3.21913,0.9999833
Kepler-10 b,-3.20278,1.0000882
Kepler-10 b,-3.18644,1.0000889
Kepler-10 b,-3.17009,1.0000631
Kepler-10 b,-3.15374,1.0003369
Kepler-10 b,-3.13740,0.9999243
Kepler-10 b,-3.12105,0.9998525
Kepler-10 b,-3.10470,1.0000312
Kepler-10 b,-3.08836,0.9999358
Kepler-10 b,-3.07201,0.9999582
Kepler-10 b,-3.05566,0.9998728
Kepler-10 b,-3.03932,1.0001034
Kepler-10 b,-3.02297,0.9998363
Kepler-10 b,-3.00662,0.9997085
Kepler-10 b,-2.99028,0.9999841
Kepler-10 b,-2.97393,1.0000102
Kepler-10 b,-2.95758,0.9996130
Kepler-10 b,-2.94124,0.9997899
Kepler-10 b,-2.92489,0.9999916
Kepler-10 b,-2.90854,1.0004266
Kepler-10 b,-2.89220,0.9996166
Kepler-10 b,-2.87585,0.9999164
Kepler-10 b,-2.85950,0.9999212
Kepler-10 b,-2.84316,0.9996052
Kepler-10 b,-2.82681,0.9999071
Kepler-10 b,-2.81046,0.9994812
Kepler-10 b,-2.79412,0.9993756
Kepler-10 b,-2.77777,1.0002660
Kepler-10 b,-2.76143,1.0002874
Kepler-10 b,-2.74508,1.0000376
Kepler-10 b,-2.72873,1.0003176
Kepler-10 b,-2.71239,0.9998096
Kepler-10 b,-2.69604,0.9997242
Kepler-10 b,-2.67969,1.0001365
Kepler-10 b,-2.66335,0.9998368
Kepler-10 b,-2.64700,1.0001615
Kepler-10 b,-2.63066,0.9999528
Kepler-10 b,-2.61431,1.0001743
Kepler-10 b,-2.59796,0.9999342
Kepler-10 b,-2.58161,0.9999957
Kepler-10 b,-2.56527,0.9998640
Kepler-10 b,-2.54892,1.0000648
Kepler-10 b,-2.53258,0.9997521
Kepler-10 b,-2.51623,0.9998671
Kepler-10 b,-2.49988,0.9997559
Kepler-10 b,-2.48354,0.9999808
Kepler-10 b,-2.46719,0.9995936
Kepler-10 b,-2.45084,1.0002287
Kepler-10 b,-2.43450,0.9999541
Kepler-10 b,-2.41815,0.9995557
Kepler-10 b,-2.40181,0.9998472
Kepler-10 b,-2.38546,0.9999604
Kepler-10 b,-2.36911,0.9997182
Kepler-10 b,-2.35276,0.9999192
Kepler-10 b,-2.33642,1.0002409
Kepler-10 b,-2.32007,1.0001887
Kepler-10 b,-2.30372,0.9998829
Kepler-10 b,-2.28738,0.9994905
Kepler-10 b,-2.27103,1.0001022
Kepler-10 b,-2.25468,0.9996014
Kepler-10 b,-2.23834,0.9998198
Kepler-10 b,-2.22199,1.0001380
Kepler-10 b,-2.20564,0.9998596
Kepler-10 b,-2.18930,0.9998610
Kepler-10 b,-2.17295,0.9999869
Kepler-10 b,-2.15660,0.9999032
Kepler-10 b,-2.14026,1.0000210
Kepler-10 b,-2.12391,1.0002012
Kepler-10 b,-2.10757,0.9998806
Kepler-10 b,-2.09122,0.9999613
Kepler-10 b,-2.07487,1.0000811
Kepler-10 b,-2.05853,1.0003176
Kepler-10 b,-2.04218,1.0000456
Kepler-10 b,-2.02583,1.0001433
Kepler-10 b,-2.00949,0.9998852
Kepler-10 b,-1.99314,1.0000976
Kepler-10 b,-1.97680,0.9998858
Kepler-10 b,-1.96045,1.0001823
Kepler-10 b,-1.94410,1.0001693
Kepler-10 b,-1.92775,0.9997673
Kepler-10 b,-1.91141,0.9996056
Kepler-10 b,-1.89506,0.9999072
Kepler-10 b,-1.87871,0.9998270
Kepler-10 b,-1.86237,1.0001327
Kepler-10 b,-1.84602,0.9998111
Kepler-10 b,-1.82968,1.0000066
Kepler-10 b,-1.81333,1.0003855
Kepler-10 b,-1.79698,1.0001989
Kepler-10 b,-1.78064,1.0001195
Kepler-10 b,-1.76429,1.0001886
Kepler-10 b,-1.74794,0.9997625
Kepler-10 b,-1.73160,1.0000219
Kepler-10 b,-1.71525,0.9999125
Kepler-10 b,-1.69891,0.9997479
Kepler-10 b,-1.68256,0.9997473
Kepler-10 b,-1.66621,0.9998422
Kepler-10 b,-1.64986,1.0001642
Kepler-10 b,-1.63352,1.0000471
Kepler-10 b,-1.61717,0.9997791
Kepler-10 b,-1.60083,0.9998055
Kepler-10 b,-1.58448,0.9999155
Kepler-10 b,-1.56813,0.9996314
Kepler-10 b,-1.55178,1.0001763
Kepler-10 b,-1.53544,0.9999302
Kepler-10 b,-1.51909,1.0000450
Kepler-10 b,-1.50274,0.9998304
Kepler-10 b,-1.48640,1.0001933
Kepler-10 b,-1.47005,0.9998224
Kepler-10 b,-1.45371,1.0001322
Kepler-10 b,-1.43736,1.0003163
Kepler-10 b,-1.42101,0.9997962
Kepler-10 b,-1.40467,0.9998415
Kepler-10 b,-1.38832,0.9999945
Kepler-10 b,-1.37197,0.9999389
Kepler-10 b,-1.35563,0.9996872
Kepler-10 b,-1.33928,0.9999606
Kepler-10 b,-1.32294,0.9996926
Kepler-10 b,-1.30659,0.9999773
Kepler-10 b,-1.29024,0.9999748
Kepler-10 b,-1.27389,1.0001404
Kepler-10 b,-1.25755,1.0002776
Kepler-10 b,-1.24120,0.9999724
Kepler-10 b,-1.22485,0.9994835
Kepler-10 b,-1.20851,0.9998392
Kepler-10 b,-1.19216,1.0000162
Kepler-10 b,-1.17582,1.0001628
Kepler-10 b,-1.15947,1.0002668
Kepler-10 b,-1.14312,0.9999367
Kepler-10 b,-1.12678,1.0002853
Kepler-10 b,-1.11043,1.0000283
Kepler-10 b,-1.09408,1.0004454
Kepler-10 b,-1.07774,1.0000026
Kepler-10 b,-1.06139,1.0003441
Kepler-10 b,-1.04505,0.9998259
Kepler-10 b,-1.02870,0.9999869
Kepler-10 b,-1.01235,0.9997043
Kepler-10 b,-0.99601,1.0000472
Kepler-10 b,-0.97966,0.9998137
Kepler-10 b,-0.96331,0.9996894
Kepler-10 b,-0.94697,0.9996263
Kepler-10 b,-0.93062,0.9995026
Kepler-10 b,-0.91427,0.9999630
Kepler-10 b,-0.89793,0.9998950
Kepler-10 b,-0.88158,0.9996732
Kepler-10 b,-0.86523,0.9994848
Kepler-10 b,-0.84888,1.0000375
Kepler-10 b,-0.83254,1.0003467
Kepler-10 b,-0.81619,0.9998998
Kepler-10 b,-0.79985,0.9997890
Kepler-10 b,-0.78350,0.9993707
Kepler-10 b,-0.76715,0.9994393
Kepler-10 b,-0.75081,0.9996193
Kepler-10 b,-0.73446,0.9998066
Kepler-10 b,-0.71811,0.9996101
Kepler-10 b,-0.70177,0.9995794
Kepler-10 b,-0.68542,0.9998469
Kepler-10 b,-0.66908,0.9999697
Kepler-10 b,-0.65273,0.9996435
Kepler-10 b,-0.63638,0.9998659
Kepler-10 b,-0.62004,0.9998159
Kepler-10 b,-0.60369,0.9996066
Kepler-10 b,-0.58734,0.9996496
Kepler-10 b,-0.57099,1.0000657
Kepler-10 b,-0.55465,0.9994607
Kepler-10 b,-0.53830,0.9998542
Kepler-10 b,-0.52196,0.9999558
Kepler-10 b,-0.50561,0.9998440
Kepler-10 b,-0.48926,0.9995463
Kepler-10 b,-0.47292,1.0003976
Kepler-10 b,-0.45657,0.9998815
Kepler-10 b,-0.44022,1.0000890
Kepler-10 b,-0.42388,1.0000337
Kepler-10 b,-0.40753,1.0001227
Kepler-10 b,-0.39119,1.0000609
Kepler-10 b,-0.37484,0.9998238
Kepler-10 b,-0.35849,0.9998338
Kepler-10 b,-0.34215,0.9999413
Kepler-10 b,-0.32580,1.0000243
Kepler-10 b,-0.30945,0.9997305
Kepler-10 b,-0.29311,0.9999937
Kepler-10 b,-0.27676,0.9996309
Kepler-10 b,-0.26041,0.9997592
Kepler-10 b,-0.24407,1.0001748
Kepler-10 b,-0.22772,0.9999007
Kepler-10 b,-0.21137,0.9997740
Kepler-10 b,-0.19503,0.9999860
Kepler-10 b,-0.17868,0.9996474
Kepler-10 b,-0.16233,0.9997682
Kepler-10 b,-0.14599,0.9997580
Kepler-10 b,-0.12964,0.9997214
Kepler-10 b,-0.11329,0.9998318
Kepler-10 b,-0.09695,0.9999968
Kepler-10 b,-0.08060,0.9999975
Kepler-10 b,-0.06425,0.9998934
Kepler-10 b,-0.04791,0.9995754
Kepler-10 b,-0.03156,0.9996716
Kepler-10 b,-0.01522,0.9999411
Kepler-10 b,0.00113,1.0002132
Kepler-10 b,0.01748,0.9998552
Kepler-10 b,0.03382,1.0002054
Kepler-10 b,0.05017,1.0000616
Kepler-10 b,0.06652,0.9999139
Kepler-10 b,0.08287,1.0000138
Kepler-10 b,0.09921,0.9999649
Kepler-10 b,0.11555,0.9998749
Kepler-10 b,0.13190,0.9993328
Kepler-10 b,0.14825,1.0000411
Kepler-10 b,0.16460,0.9997880
Kepler-10 b,0.18094,1.0003580
Kepler-10 b,0.19729,1.0000687
Kepler-10 b,0.21364,0.9996339
Kepler-10 b,0.22998,1.0003506
Kepler-10 b,0.24633,1.0002359
Kepler-10 b,0.26267,0.9999215
Kepler-10 b,0.27902,0.9996798
Kepler-10 b,0.29537,1.0001020
Kepler-10 b,0.31171,0.9997256
Kepler-10 b,0.32806,1.0000200
Kepler-10 b,0.34441,0.9997213
Kepler-10 b,0.36075,0.9999214
Kepler-10 b,0.37710,1.0000728
Kepler-10 b,0.39345,0.9994815
Kepler-10 b,0.40979,0.9998654
Kepler-10 b,0.42614,0.9997855
Kepler-10 b,0.44249,1.0000962
Kepler-10 b,0.45883,1.0001511
Kepler-10 b,0.47518,0.9997007
Kepler-10 b,0.49153,0.9999417
Kepler-10 b,0.50787,0.9996832
Kepler-10 b,0.52422,0.9996721
Kepler-10 b,0.54057,1.0000004
Kepler-10 b,0.55691,0.9997085
Kepler-10 b,0.57326,1.0000305
Kepler-10 b,0.58961,0.9998952
Kepler-10 b,0.60595,0.9998374
Kepler-10 b,0.62230,1.0000855
Kepler-10 b,0.63864,0.9996751
Kepler-10 b,0.65499,1.0000707
Kepler-10 b,0.67134,1.0000644
Kepler-10 b,0.68768,1.0002151
Kepler-10 b,0.70403,0.9999380
Kepler-10 b,0.72038,0.9999941
Kepler-10 b,0.73673,0.9996579
Kepler-10 b,0.75307,0.9997465
Kepler-10 b,0.76941,0.9996854
Kepler-10 b,0.78576,0.9996980
Kepler-10 b,0.80211,0.9997398
Kepler-10 b,0.81846,0.9999671
Kepler-10 b,0.83480,0.9999139
Kepler-10 b,0.85115,0.9998815
Kepler-10 b,0.86750,0.9997529
Kepler-10 b,0.88384,0.9997558
Kepler-10 b,0.90019,0.9998036
Kepler-10 b,0.91653,1.0002625
Kepler-10 b,0.93288,1.0002023
Kepler-10 b,0.94923,1.0001609
Kepler-10 b,0.96557,0.9998474
Kepler-10 b,0.98192,0.9998904
Kepler-10 b,0.99827,0.9999809
Kepler-10 b,1.01461,0.9999954
Kepler-10 b,1.03096,0.9997949
Kepler-10 b,1.04731,1.0002761
Kepler-10 b,1.06365,0.9998478
Kepler-10 b,1.08000,0.9999579
Kepler-10 b,1.09635,1.0000700
Kepler-10 b,1.11269,0.9999834
Kepler-10 b,1.12904,1.0000492
Kepler-10 b,1.14539,0.9998252
Kepler-10 b,1.16173,0.9998874
Kepler-10 b,1.17808,1.0002111
Kepler-10 b,1.19443,0.9998454
Kepler-10 b,1.21077,1.0001240
Kepler-10 b,1.22712,0.9996562
Kepler-10 b,1.24347,0.9999034
Kepler-10 b,1.25981,0.9995688
Kepler-10 b,1.27616,1.0000073
Kepler-10 b,1.29251,0.9998081
Kepler-10 b,1.30885,1.0002793
Kepler-10 b,1.32520,0.9998858
Kepler-10 b,1.34154,0.9997023
Kepler-10 b,1.35789,1.0001085
Kepler-10 b,1.37424,0.9997855
Kepler-10 b,1.39059,0.9997168
Kepler-10 b,1.40693,0.9998266
Kepler-10 b,1.42328,0.9999628
Kepler-10 b,1.43962,0.9999807
Kepler-10 b,1.45597,0.9997780
Kepler-10 b,1.47232,1.0004829
Kepler-10 b,1.48866,1.0001316
Kepler-10 b,1.50501,0.9996153
Kepler-10 b,1.52136,0.9999085
Kepler-10 b,1.53770,0.9997440
Kepler-10 b,1.55405,0.9998544
Kepler-10 b,1.57039,1.0001744
Kepler-10 b,1.58674,1.0000935
Kepler-10 b,1.60309,1.0000894
Kepler-10 b,1.61943,0.9998078
Kepler-10 b,1.63578,1.0000557
Kepler-10 b,1.65213,0.9993681
Kepler-10 b,1.66847,1.0001053
Kepler-10 b,1.68482,0.9999282
Kepler-10 b,1.70117,0.9998476
Kepler-10 b,1.71751,0.9996112
Kepler-10 b,1.73386,1.0001848
Kepler-10 b,1.75020,0.9996882
Kepler-10 b,1.76655,0.9996009
Kepler-10 b,1.78290,0.9996803
Kepler-10 b,1.79925,1.0000833
Kepler-10 b,1.81559,0.9998362
Kepler-10 b,1.83194,0.9999778
Kepler-10 b,1.84828,0.9999209
Kepler-10 b,1.86463,0.9998167
Kepler-10 b,1.88098,1.0000449
Kepler-10 b,1.89733,1.0001810
Kepler-10 b,1.91367,1.0000703
Kepler-10 b,1.93002,0.9995762
Kepler-10 b,1.94637,1.0000206
Kepler-10 b,1.96271,1.0000720
Kepler-10 b,1.97906,0.9998552
Kepler-10 b,1.99540,1.0001164
Kepler-10 b,2.01175,1.0000476
Kepler-10 b,2.02810,1.0006780
Kepler-10 b,2.04444,1.0000972
Kepler-10 b,2.06079,1.0004759
Kepler-10 b,2.07714,0.9998162
Kepler-10 b,2.09348,1.0000595
Kepler-10 b,2.10983,0.9998491
Kepler-10 b,2.12618,1.0000818
Kepler-10 b,2.14252,1.0002850
Kepler-10 b,2.15887,0.9999830
Kepler-10 b,2.17522,1.0002469
Kepler-10 b,2.19156,1.0003240
Kepler-10 b,2.20791,1.0000299
Kepler-10 b,2.22425,1.0000936
Kepler-10 b,2.24060,0.9998839
Kepler-10 b,2.25695,0.9999482
Kepler-10 b,2.27329,0.9999737
Kepler-10 b,2.28964,0.9996601
Kepler-10 b,2.30599,0.9999190
Kepler-10 b,2.32233,1.0002092
Kepler-10 b,2.33868,0.9996095
Kepler-10 b,2.35503,1.0003455
Kepler-10 b,2.37137,1.0000902
Kepler-10 b,2.38772,0.9998204
Kepler-10 b,2.40406,0.9999492
Kepler-10 b,2.42041,0.9997287
Kepler-10 b,2.43676,1.0001103
Kepler-10 b,2.45310,0.9995906
Kepler-10 b,2.46945,1.0001125
Kepler-10 b,2.48580,0.9999844
Kepler-10 b,2.50214,1.0000851
Kepler-10 b,2.51849,1.0001636
Kepler-10 b,2.53484,1.0000475
Kepler-10 b,2.55118,0.9997818
Kepler-10 b,2.56753,0.9999626
Kepler-10 b,2.58388,0.9999407
Kepler-10 b,2.60023,1.0000733
Kepler-10 b,2.61657,0.9996090
Kepler-10 b,2.63292,0.9998715
Kepler-10 b,2.64926,1.0002065
Kepler-10 b,2.66561,1.0001559
Kepler-10 b,2.68196,0.9997981
Kepler-10 b,2.69830,1.0000855
Kepler-10 b,2.71465,1.0000188
Kepler-10 b,2.73100,0.9998631
Kepler-10 b,2.74735,1.0001980
Kepler-10 b,2.76369,1.0000845
Kepler-10 b,2.78003,1.0005034
Kepler-10 b,2.79638,1.0003058
Kepler-10 b,2.81273,1.0003385
Kepler-10 b,2.82908,1.0002841
Kepler-10 b,2.84542,1.0001308
Kepler-10 b,2.86177,1.0005871
Kepler-10 b,2.87812,0.9997943
Kepler-10 b,2.89446,1.0005021
Kepler-10 b,2.91081,1.0001265
Kepler-10 b,2.92715,0.9999741
Kepler-10 b,2.94350,0.9997838
Kepler-10 b,2.95985,0.9999813
Kepler-10 b,2.97619,1.0001448
Kepler-10 b,2.99254,1.0001302
Kepler-10 b,3.00889,0.9998739
Kepler-10 b,3.02523,1.0003126
Kepler-10 b,3.04158,0.9997362
Kepler-10 b,3.05792,1.0004006
Kepler-10 b,3.07427,0.9996269
Kepler-10 b,3.09062,1.0002355
Kepler-10 b,3.10696,0.9998667
Kepler-10 b,3.12331,0.9998657
Kepler-10 b,3.13966,1.0002307
Kepler-10 b,3.15600,0.9999089
Kepler-10 b,3.17235,0.9999864
Kepler-10 b,3.18870,1.0002123
Kepler-10 b,3.20504,0.9995959
Kepler-10 b,3.22139,0.9997552
Kepler-10 b,3.23774,1.0001506
Kepler-10 b,3.25408,0.9999605
Kepler-10 b,3.27043,0.9996659
Kepler-10 b,3.28678,0.9996868
Kepler-10 b,3.30312,1.0000484
Kepler-10 b,3.31947,0.9997398
Kepler-10 b,3.33582,0.9999383
Kepler-10 b,3.35216,1.0000288
Kepler-10 b,3.36851,0.9998576
Kepler-10 b,3.38486,0.9998334
Kepler-10 b,3.40121,1.0000085
Kepler-10 b,3.41755,1.0000751
Kepler-10 b,3.43389,0.9997959
Kepler-10 b,3.45024,0.9998898
Kepler-10 b,3.46659,0.9998436
Kepler-10 b,3.48294,0.9998900
Kepler-10 b,3.49928,0.9998392
Kepler-10 b,3.51563,1.0000816
Kepler-10 b,3.53198,1.0000621
Kepler-10 b,3.54832,1.0004676
Kepler-10 b,3.56467,0.9999651
Kepler-10 b,3.58101,0.9994744
Kepler-10 b,3.59736,1.0001933
Kepler-10 b,3.61371,1.0003388
Kepler-10 b,3.63005,0.9998683
Kepler-10 b,3.64640,1.0001017
Kepler-10 b,3.66275,1.0000103
Kepler-10 b,3.67909,0.9998505
Kepler-10 b,3.69544,0.9996127
Kepler-10 b,3.71178,0.9998274
Kepler-10 b,3.72813,0.9998791
Kepler-10 b,3.74448,0.9998553
Kepler-10 b,3.76082,1.0001589
Kepler-10 b,3.77717,1.0000774
Kepler-10 b,3.79352,1.0000162
Kepler-10 b,3.80987,1.0000542
Kepler-10 b,3.82621,1.0001928
Kepler-10 b,3.84256,1.0002211
Kepler-10 b,3.85890,0.9996055
Kepler-10 b,3.87525,1.0001061
Kepler-10 b,3.89160,1.0002829
Kepler-10 b,3.90794,0.9998109
Kepler-10 b,3.92429,1.0003209
Kepler-10 b,3.94064,1.0000620
Kepler-10 b,3.95698,0.9997778
Kepler-10 b,3.97333,1.0001850
Kepler-10 b,3.98968,1.0001203
Kepler-10 b,4.00602,1.0000016
Kepler-10 b,4.02237,1.0004062
Kepler-10 b,4.03872,0.9998297
Kepler-10 b,4.05506,0.9998230
Kepler-10 b,4.07141,0.9998567
Kepler-10 b,4.08775,0.9995927
Kepler-10 b,4.10410,0.9998180
Kepler-10 b,4.12045,1.0004389
Kepler-10 b,4.13680,1.0002044
Kepler-10 b,4.15314,1.0000650
Kepler-10 b,4.16949,0.9996531
Kepler-10 b,4.18584,1.0000644
Kepler-10 b,4.20218,1.0004285
Kepler-10 b,4.21853,0.9997623
Kepler-10 b,4.23487,0.9999738
Kepler-10 b,4.25122,1.0003446
Kepler-10 b,4.26757,0.9999782
Kepler-10 b,4.28391,1.0001156
Kepler-10 b,4.30026,1.0000720
Kepler-10 b,4.31661,1.0001743
Kepler-10 b,4.33295,1.0000658
Kepler-10 b,4.34930,0.9997034
Kepler-10 b,4.36564,0.9998370
Kepler-10 b,4.38199,1.0001290
Kepler-10 b,4.39834,1.0000996
Kepler-10 b,4.41468,1.0000176
Kepler-10 b,4.43103,0.9982600
Kepler-10 b,4.44738,0.9992094
Kepler-10 b,4.46373,1.0000227
Kepler-10 b,4.48007,1.0001222
Kepler-10 b,4.49642,1.0001829
Kepler-10 b,4.51276,1.0001544
Kepler-10 b,4.52911,1.0000172
Kepler-10 b,4.54546,1.0001164
Kepler-10 b,4.56180,0.9999838
Kepler-10 b,4.57815,0.9997219
Kepler-10 b,4.59450,1.0002214
Kepler-10 b,4.61084,1.0000614
Kepler-10 b,4.62719,1.0000783
Kepler-10 b,4.64354,0.9999874
Kepler-10 b,4.65988,1.0000388
Kepler-10 b,4.67623,1.0000312
Kepler-10 b,4.69258,1.0005409
Kepler-10 b,4.70892,1.0000636
Kepler-10 b,4.72527,1.0001157
Kepler-10 b,4.74161,1.0002655
Kepler-10 b,4.75796,0.9995487
Kepler-10 b,4.77431,0.9999431
Kepler-10 b,4.79065,1.0002666
Kepler-10 b,-4.79833,0.9997800
Kepler-10 b,-4.78198,1.0007337
Kepler-10 b,-4.76564,1.0003785
Kepler-10 b,-4.74929,0.9999880
Kepler-10 b,-4.73294,1.0002416
Kepler-10 b,-4.71659,0.9999202
Kepler-10 b,-4.70025,0.9999924
Kepler-10 b,-4.68390,0.9996368
Kepler-10 b,-4.66755,0.9999279
Kepler-10 b,-4.65121,0.9997887
Kepler-10 b,-4.63486,0.9999014
Kepler-10 b,-4.61852,0.9996042
Kepler-10 b,-4.60217,1.0000887
Kepler-10 b,-4.58582,0.9998661
Kepler-10 b,-4.56948,1.0001579
Kepler-10 b,-4.55313,0.9998772
Kepler-10 b,-4.53678,0.9994722
Kepler-10 b,-4.52044,0.9999069
Kepler-10 b,-4.50409,0.9994012
Kepler-10 b,-4.48775,0.9997315
Kepler-10 b,-4.47140,1.0002784
Kepler-10 b,-4.45505,0.9994829
Kepler-10 b,-4.43871,1.0000195
Kepler-10 b,-4.42236,0.9999052
Kepler-10 b,-4.40601,0.9998380
Kepler-10 b,-4.38966,1.0001918
Kepler-10 b,-4.37332,1.0000691
Kepler-10 b,-4.35697,0.9996394
Kepler-10 b,-4.34063,1.0000473
Kepler-10 b,-4.32428,1.0001105
Kepler-10 b,-4.30793,1.0001704
Kepler-10 b,-4.29159,0.9998927
Kepler-10 b,-4.27524,1.0001855
Kepler-10 b,-4.25889,0.9997634
Kepler-10 b,-4.24255,1.0002192
Kepler-10 b,-4.22620,1.0002768
Kepler-10 b,-4.20985,0.9997101
Kepler-10 b,-4.19351,0.9999632
Kepler-10 b,-4.17716,0.9997724
Kepler-10 b,-4.16081,1.0001701
Kepler-10 b,-4.14447,1.0000583
Kepler-10 b,-4.12812,1.0002668
Kepler-10 b,-4.11178,0.9998415
Kepler-10 b,-4.09543,0.9997731
Kepler-10 b,-4.07908,1.0004251
Kepler-10 b,-4.06273,1.0000441
Kepler-10 b,-4.04639,1.0004357
Kepler-10 b,-4.03004,1.0003189
Kepler-10 b,-4.01369,1.0002095
Kepler-10 b,-3.99735,0.9997414
Kepler-10 b,-3.98100,0.9996483
Kepler-10 b,-3.96466,0.9996224
Kepler-10 b,-3.94831,1.0004732
Kepler-10 b,-3.93196,0.9999810
Kepler-10 b,-3.91562,0.9998400
Kepler-10 b,-3.89927,0.9997226
Kepler-10 b,-3.88292,1.0001867
Kepler-10 b,-3.86658,0.9994037
Kepler-10 b,-3.85023,0.9999670
Kepler-10 b,-3.83389,0.9999137
Kepler-10 b,-3.81754,0.9999614
Kepler-10 b,-3.80119,0.9993224
Kepler-10 b,-3.78485,0.9998953
Kepler-10 b,-3.76850,0.9995151
Kepler-10 b,-3.75215,1.0004169
Kepler-10 b,-3.73581,1.0000647
Kepler-10 b,-3.71946,1.0000979
Kepler-10 b,-3.70311,1.0001700
Kepler-10 b,-3.68677,0.9998960
Kepler-10 b,-3.67042,0.9996100
Kepler-10 b,-3.65407,0.9995722
Kepler-10 b,-3.63773,1.0002273
Kepler-10 b,-3.62138,0.9995926
Kepler-10 b,-3.60503,0.9998526
Kepler-10 b,-3.58869,1.0002524
Kepler-10 b,-3.57234,1.0001234
Kepler-10 b,-3.55600,0.9999723
Kepler-10 b,-3.53965,0.9999645
Kepler-10 b,-3.52330,0.9999158
Kepler-10 b,-3.50696,0.9998937
Kepler-10 b,-3.49061,0.9999471
Kepler-10 b,-3.47426,1.0001683
Kepler-10 b,-3.45792,1.0002285
Kepler-10 b,-3.44157,1.0002249
Kepler-10 b,-3.42522,1.0003606
Kepler-10 b,-3.40888,1.0001914
Kepler-10 b,-3.39253,1.0000459
Kepler-10 b,-3.37618,0.9998652
Kepler-10 b,-3.35984,1.0000635
Kepler-10 b,-3.34349,1.0001146
Kepler-10 b,-3.32715,1.0002297
Kepler-10 b,-3.31080,1.0003563
Kepler-10 b,-3.29445,1.0001927
Kepler-10 b,-3.27810,1.0002482
Kepler-10 b,-3.26176,0.9999107
Kepler-10 b,-3.24541,1.0003189
Kepler-10 b,-3.22906,1.0002920
Kepler-10 b,-3.21272,1.0003779
Kepler-10 b,-3.19637,1.0001255
Kepler-10 b,-3.18003,0.9999173
Kepler-10 b,-3.16368,1.0003035
Kepler-10 b,-3.14733,0.9998389
Kepler-10 b,-3.13099,1.0002543
Kepler-10 b,-3.11464,1.0000628
Kepler-10 b,-3.09829,0.9997724
Kepler-10 b,-3.08195,0.9999038
Kepler-10 b,-3.06560,0.9998915
Kepler-10 b,-3.04925,0.9999474
Kepler-10 b,-3.03291,1.0001787
Kepler-10 b,-3.01656,0.9996006
Kepler-10 b,-3.00021,0.9999205
Kepler-10 b,-2.98387,1.0002713
Kepler-10 b,-2.96752,0.9998081
Kepler-10 b,-2.95117,0.9996853
Kepler-10 b,-2.93483,0.9999055
Kepler-10 b,-2.91848,0.9996999
Kepler-10 b,-2.90214,1.0002363
Kepler-10 b,-2.88579,0.9999241
Kepler-10 b,-2.86944,1.0000125
Kepler-10 b,-2.85310,1.0000988
Kepler-10 b,-2.83675,1.0000152
Kepler-10 b,-2.82040,0.9996582
Kepler-10 b,-2.80406,1.0003142
Kepler-10 b,-2.78771,0.9998306
Kepler-10 b,-2.77136,0.9999470
Kepler-10 b,-2.75502,1.0001184
Kepler-10 b,-2.73867,1.0003381
Kepler-10 b,-2.72232,0.9997586
Kepler-10 b,-2.70598,0.9999953
Kepler-10 b,-2.68963,1.0003292
Kepler-10 b,-2.67328,1.0000253
Kepler-10 b,-2.65694,1.0002365
Kepler-10 b,-2.64059,1.0001976
Kepler-10 b,-2.62424,0.9998967
Kepler-10 b,-2.60790,0.9999227
Kepler-10 b,-2.59155,0.9999137
Kepler-10 b,-2.57520,1.0001361
Kepler-10 b,-2.55886,1.0001558
Kepler-10 b,-2.54251,1.0001743
Kepler-10 b,-2.52617,0.9999712
Kepler-10 b,-2.50982,1.0001285
Kepler-10 b,-2.49347,0.9996832
Kepler-10 b,-2.47713,1.0002820
Kepler-10 b,-2.46078,1.0003443
Kepler-10 b,-2.44443,0.9994172
Kepler-10 b,-2.42809,0.9998846
Kepler-10 b,-2.41174,0.9999281
Kepler-10 b,-2.39539,1.0004034
Kepler-10 b,-2.37905,1.0003541
Kepler-10 b,-2.36270,0.9999109
Kepler-10 b,-2.34635,1.0000145
Kepler-10 b,-2.33001,0.9994866
Kepler-10 b,-2.31366,0.9998970
Kepler-10 b,-2.29731,0.9998400
Kepler-10 b,-2.28097,1.0001777
Kepler-10 b,-2.26462,0.9997957
Kepler-10 b,-2.24828,1.0003250
Kepler-10 b,-2.23193,1.0001780
Kepler-10 b,-2.21558,0.9998219
Kepler-10 b,-2.19924,1.0002726
Kepler-10 b,-2.18289,1.0003490
Kepler-10 b,-2.16654,0.9997628
Kepler-10 b,-2.15020,0.9998774
Kepler-10 b,-2.13385,1.0005212
Kepler-10 b,-2.11750,1.0000142
Kepler-10 b,-2.10116,0.9997240
Kepler-10 b,-2.08481,1.0003496
Kepler-10 b,-2.06846,1.0001756
Kepler-10 b,-2.05212,0.9998854
Kepler-10 b,-2.03577,0.9998095
Kepler-10 b,-2.01942,1.0002261
Kepler-10 b,-2.00308,1.0001599
Kepler-10 b,-1.98673,1.0000598
Kepler-10 b,-1.97039,1.0002875
Kepler-10 b,-1.95404,1.0002237
Kepler-10 b,-1.93769,1.0002576
Kepler-10 b,-1.92134,1.0002341
Kepler-10 b,-1.90500,0.9998978
Kepler-10 b,-1.88865,0.9998650
Kepler-10 b,-1.87231,0.9999532
Kepler-10 b,-1.85596,1.0004978
Kepler-10 b,-1.83961,0.9999057
Kepler-10 b,-1.82327,1.0001700
Kepler-10 b,-1.80692,0.9997500
Kepler-10 b,-1.79057,1.0000174
Kepler-10 b,-1.77423,0.9997946
Kepler-10 b,-1.75788,0.9999383
Kepler-10 b,-1.74153,0.9997428
Kepler-10 b,-1.72519,1.0002665
Kepler-10 b,-1.70884,1.0001842
Kepler-10 b,-1.69249,0.9998184
Kepler-10 b,-1.67615,0.9997330
Kepler-10 b,-1.65980,1.0003031
Kepler-10 b,-1.64346,0.9996451
Kepler-10 b,-1.62711,0.9998502
Kepler-10 b,-1.61076,0.9999356
Kepler-10 b,-1.59442,0.9997888
Kepler-10 b,-1.57807,1.0002976
Kepler-10 b,-1.56172,0.9998855
Kepler-10 b,-1.54538,1.0001002
Kepler-10 b,-1.52903,1.0000812
Kepler-10 b,-1.51268,1.0000822
Kepler-10 b,-1.49634,1.0000867
Kepler-10 b,-1.47999,1.0002546
Kepler-10 b,-1.46364,1.0001769
Kepler-10 b,-1.44730,1.0001381
Kepler-10 b,-1.43095,0.9998385
Kepler-10 b,-1.41460,1.0003217
Kepler-10 b,-1.39826,1.0000838
Kepler-10 b,-1.38191,0.9999659
Kepler-10 b,-1.36556,0.9998083
Kepler-10 b,-1.34922,1.0002779
Kepler-10 b,-1.33287,0.9999812
Kepler-10 b,-1.31653,1.0000237
Kepler-10 b,-1.30018,0.9998554
Kepler-10 b,-1.28383,0.9996937
Kepler-10 b,-1.26749,1.0002263
Kepler-10 b,-1.25114,0.9998790
Kepler-10 b,-1.23479,0.9994851
Kepler-10 b,-1.21844,1.0000548
Kepler-10 b,-1.20210,1.0001176
Kepler-10 b,-1.18575,0.9997960
Kepler-10 b,-1.16941,0.9999568
Kepler-10 b,-1.15306,0.9997982
Kepler-10 b,-1.13671,1.0000379
Kepler-10 b,-1.12037,0.9999012
Kepler-10 b,-1.10402,0.9999162
Kepler-10 b,-1.08767,0.9999355
Kepler-10 b,-1.07133,0.9997983
Kepler-10 b,-1.05498,1.0002271
Kepler-10 b,-1.03864,0.9999822
Kepler-10 b,-1.02229,1.0003019
Kepler-10 b,-1.00594,1.0004177
Kepler-10 b,-0.98960,1.0001901
Kepler-10 b,-0.97325,1.0003419
Kepler-10 b,-0.95690,1.0002282
Kepler-10 b,-0.94056,0.9998080
Kepler-10 b,-0.92421,0.9998051
Kepler-10 b,-0.90786,1.0003623
Kepler-10 b,-0.89152,1.0000977
Kepler-10 b,-0.87517,0.9995784
Kepler-10 b,-0.85882,0.9999160
Kepler-10 b,-0.84248,0.9997050
Kepler-10 b,-0.82613,1.0002046
Kepler-10 b,-0.80978,0.9998507
Kepler-10 b,-0.79344,0.9996132
Kepler-10 b,-0.77709,0.9997765
Kepler-10 b,-0.76074,1.0004312
Kepler-10 b,-0.74440,0.9997648
Kepler-10 b,-0.72805,0.9996960
Kepler-10 b,-0.71170,1.0000323
Kepler-10 b,-0.69536,0.9995596
Kepler-10 b,-0.67901,0.9997627
Kepler-10 b,-0.66267,1.0002041
Kepler-10 b,-0.64632,0.9999957
Kepler-10 b,-0.62997,1.0001109
Kepler-10 b,-0.61363,1.0001646
Kepler-10 b,-0.59728,0.9999951
Kepler-10 b,-0.58093,1.0000926
Kepler-10 b,-0.56458,0.9998200
Kepler-10 b,-0.54824,0.9997863
Kepler-10 b,-0.53190,1.0000830
Kepler-10 b,-0.51555,0.9997384
Kepler-10 b,-0.49920,0.9998937
Kepler-10 b,-0.48285,0.9998769
Kepler-10 b,-0.46651,1.0001581
Kepler-10 b,-0.45016,0.9999993
Kepler-10 b,-0.43381,0.9998493
Kepler-10 b,-0.41747,0.9998483
Kepler-10 b,-0.40112,1.0000238
Kepler-10 b,-0.38478,0.9996027
Kepler-10 b,-0.36843,0.9995758
Kepler-10 b,-0.35208,0.9995873
Kepler-10 b,-0.33574,0.9995143
Kepler-10 b,-0.31939,0.9996237
Kepler-10 b,-0.30304,1.0000377
Kepler-10 b,-0.28670,0.9997271
Kepler-10 b,-0.27035,0.9998130
Kepler-10 b,-0.25400,0.9992802
Kepler-10 b,-0.23766,0.9997461
Kepler-10 b,-0.22131,0.9999661
Kepler-10 b,-0.20496,0.9999391
Kepler-10 b,-0.18862,0.9998249
Kepler-10 b,-0.17227,0.9996915
Kepler-10 b,-0.15592,0.9997170
Kepler-10 b,-0.13958,1.0002065
Kepler-10 b,-0.12323,0.9994537
Kepler-10 b,-0.10688,0.9997120
Kepler-10 b,-0.09054,0.9996972
Kepler-10 b,-0.07419,0.9998114
Kepler-10 b,-0.05784,0.9998285
Kepler-10 b,-0.04150,0.9998512
Kepler-10 b,-0.02515,0.9992592
Kepler-10 b,-0.00881,0.9999668
Kepler-10 b,0.00754,0.9996396
Kepler-10 b,0.02389,0.9996431
Kepler-10 b,0.04023,0.9999827
Kepler-10 b,0.05658,1.0000368
Kepler-10 b,0.07293,0.9999683
Kepler-10 b,0.08927,0.9997368
Kepler-10 b,0.10562,0.9996651
Kepler-10 b,0.12196,0.9996964
Kepler-10 b,0.13831,0.9996715
Kepler-10 b,0.15466,0.9998079
Kepler-10 b,0.17100,0.9999916
Kepler-10 b,0.18735,0.9998372
Kepler-10 b,0.20370,0.9997114
Kepler-10 b,0.22005,1.0000493
Kepler-10 b,0.23639,0.9999281
Kepler-10 b,0.25274,1.0000467
Kepler-10 b,0.26908,0.9994934
Kepler-10 b,0.28543,1.0001223
Kepler-10 b,0.30178,0.9998225
Kepler-10 b,0.31812,0.9999531
Kepler-10 b,0.33447,0.9999856
Kepler-10 b,0.35082,0.9997723
Kepler-10 b,0.36716,0.9999802
Kepler-10 b,0.38351,0.9997156
Kepler-10 b,0.39986,1.0001363
Kepler-10 b,0.41620,0.9998948
Kepler-10 b,0.43255,1.0001650
Kepler-10 b,0.44890,1.0005758
Kepler-10 b,0.46524,0.9997637
Kepler-10 b,0.48159,0.9997844
Kepler-10 b,0.49794,0.9999379
Kepler-10 b,0.51428,1.0000075
Kepler-10 b,0.53063,0.9995907
Kepler-10 b,0.54698,0.9999574
Kepler-10 b,0.56332,0.9999384
Kepler-10 b,0.57967,1.0002447
Kepler-10 b,0.59601,0.9998013
Kepler-10 b,0.61236,0.9998296
Kepler-10 b,0.62871,1.0001018
Kepler-10 b,0.64505,0.9997820
Kepler-10 b,0.66140,1.0000985
Kepler-10 b,0.67775,1.0000733
Kepler-10 b,0.69409,0.9999871
Kepler-10 b,0.71044,0.9999841
Kepler-10 b,0.72679,0.9995813
Kepler-10 b,0.74313,0.9998914
Kepler-10 b,0.75948,0.9997490
Kepler-10 b,0.77582,0.9999469
Kepler-10 b,0.79217,0.9998827
Kepler-10 b,0.80852,1.0001599
Kepler-10 b,0.82486,0.9998228
Kepler-10 b,0.84121,0.9992387
Kepler-10 b,0.85756,1.0001199
Kepler-10 b,0.87390,1.0000547
Kepler-10 b,0.89025,0.9997844
Kepler-10 b,0.90659,1.0003552
Kepler-10 b,0.92294,1.0000041
Kepler-10 b,0.93929,0.9998694
Kepler-10 b,0.95564,1.0001804
Kepler-10 b,0.97198,1.0002962
Kepler-10 b,0.98833,0.9998607
Kepler-10 b,1.00468,0.9999180
Kepler-10 b,1.02102,1.0000030
Kepler-10 b,1.03737,0.9999047
Kepler-10 b,1.05372,1.0002610
Kepler-10 b,1.07006,1.0000638
Kepler-10 b,1.08641,1.0002598
Kepler-10 b,1.10276,0.9997985
Kepler-10 b,1.11910,1.0000828
Kepler-10 b,1.13545,1.0000359
Kepler-10 b,1.15180,1.0001437
Kepler-10 b,1.16814,1.0003323
Kepler-10 b,1.18449,0.9998465
Kepler-10 b,1.20083,0.9998748
Kepler-10 b,1.21718,0.9999403
Kepler-10 b,1.23353,1.0004823
Kepler-10 b,1.24987,0.9996806
Kepler-10 b,1.26622,1.0002161
Kepler-10 b,1.28257,1.0003105
Kepler-10 b,1.29891,1.0001304
Kepler-10 b,1.31526,0.9999568
Kepler-10 b,1.33161,1.0005631
Kepler-10 b,1.34795,1.0004136
Kepler-10 b,1.36430,0.9999567
Kepler-10 b,1.38065,1.0002306
Kepler-10 b,1.39699,1.0001506
Kepler-10 b,1.41334,1.0001090
Kepler-10 b,1.42969,0.9999050
Kepler-10 b,1.44603,1.0001088
Kepler-10 b,1.46238,0.9998853
Kepler-10 b,1.47872,1.0001378
Kepler-10 b,1.49507,0.9998742
Kepler-10 b,1.51142,0.9998754
Kepler-10 b,1.52776,1.0003259
Kepler-10 b,1.54411,1.0000070
Kepler-10 b,1.56046,0.9996525
Kepler-10 b,1.57680,1.0000215
Kepler-10 b,1.59315,1.0006079
Kepler-10 b,1.60949,0.9997739
Kepler-10 b,1.62584,0.9997674
Kepler-10 b,1.64219,1.0002717
Kepler-10 b,1.65854,0.9997008
Kepler-10 b,1.67488,1.0001024
Kepler-10 b,1.69123,1.0000641
Kepler-10 b,1.70757,1.0002099
Kepler-10 b,1.72392,1.0006674
Kepler-10 b,1.74027,0.9998554
Kepler-10 b,1.75662,1.0003328
Kepler-10 b,1.77296,1.0002179
Kepler-10 b,1.78931,0.9994613
Kepler-10 b,1.80566,1.0001926
Kepler-10 b,1.82200,0.9997056
Kepler-10 b,1.83835,1.0000130
Kepler-10 b,1.85469,0.9999310
Kepler-10 b,1.87104,0.9995825
Kepler-10 b,1.88739,0.9999068
Kepler-10 b,1.90373,1.0000358
Kepler-10 b,1.92008,0.9999128
Kepler-10 b,2.13258,0.9994908
Kepler-10 b,2.14893,1.0001144
Kepler-10 b,2.16528,1.0001408
Kepler-10 b,2.18162,0.9997834
Kepler-10 b,2.19797,1.0000634
Kepler-10 b,2.21432,0.9998529
Kepler-10 b,2.23066,1.0001754
Kepler-10 b,2.24701,0.9998572
Kepler-10 b,2.26335,0.9997954
Kepler-10 b,2.27970,0.9997167
Kepler-10 b,2.29605,1.0003821
Kepler-10 b,2.31239,1.0001949
Kepler-10 b,2.32874,1.0000138
Kepler-10 b,2.34509,0.9996545
Kepler-10 b,2.36143,1.0000160
Kepler-10 b,2.37778,0.9998615
Kepler-10 b,2.39413,0.9998468
Kepler-10 b,2.41047,0.9997771
Kepler-10 b,2.42682,0.9998009
Kepler-10 b,2.44317,0.9999427
Kepler-10 b,2.45952,1.0000676
Kepler-10 b,2.47586,0.9998142
Kepler-10 b,2.49221,0.9999791
Kepler-10 b,2.50855,1.0000793
Kepler-10 b,2.52490,0.9996847
Kepler-10 b,2.54125,1.0004960
Kepler-10 b,2.55759,0.9999547
Kepler-10 b,2.57394,0.9999842
Kepler-10 b,2.59029,0.9997573
Kepler-10 b,2.60663,0.9997254
Kepler-10 b,2.62298,0.9999386
Kepler-10 b,2.63932,1.0000728
Kepler-10 b,2.65567,0.9995127
Kepler-10 b,2.67202,0.9997703
Kepler-10 b,2.68837,1.0002164
Kepler-10 b,2.70471,0.9997774
Kepler-10 b,2.72106,1.0000051
Kepler-10 b,2.73741,1.0001757
Kepler-10 b,2.75375,0.9996521
Kepler-10 b,2.77010,0.9996581
Kepler-10 b,2.78644,0.9996184
Kepler-10 b,2.80279,1.0001929
Kepler-10 b,2.81914,0.9999472
Kepler-10 b,2.83548,1.0001434
Kepler-10 b,2.85183,0.9998467
Kepler-10 b,2.86818,0.9996830
Kepler-10 b,2.88452,0.9999929
Kepler-10 b,2.90087,1.0001908
Kepler-10 b,2.91721,1.0003800
Kepler-10 b,2.93356,1.0002231
Kepler-10 b,2.94991,1.0000566
Kepler-10 b,2.96625,1.0002084
Kepler-10 b,2.98260,0.9999011
Kepler-10 b,2.99895,0.9997334
Kepler-10 b,3.01529,1.0002246
Kepler-10 b,3.03164,1.0002161
Kepler-10 b,3.04799,1.0001274
Kepler-10 b,3.06433,1.0002294
Kepler-10 b,3.08068,1.0002456
Kepler-10 b,3.09703,0.9999600
Kepler-10 b,3.11337,0.9999185
Kepler-10 b,3.12972,0.9997560
Kepler-10 b,3.14607,0.9996894
Kepler-10 b,3.16241,0.9994867
Kepler-10 b,3.17876,0.9995551
Kepler-10 b,3.19511,0.9994078
Kepler-10 b,3.21145,0.9998425
Kepler-10 b,3.22780,0.9999527
Kepler-10 b,3.24415,0.9997529
Kepler-10 b,3.26049,1.0002089
Kepler-10 b,3.27684,0.9995883
Kepler-10 b,3.29318,0.9999391
Kepler-10 b,3.30953,1.0001123
Kepler-10 b,3.32588,1.0002323
Kepler-10 b,3.34222,0.9999675
Kepler-10 b,3.35857,0.9997981
Kepler-10 b,3.37492,0.9999377
Kepler-10 b,3.39127,0.9999521
Kepler-10 b,3.40761,0.9998633
Kepler-10 b,3.42395,0.9998175
Kepler-10 b,3.44030,1.0001343
Kepler-10 b,3.45665,1.0001518
Kepler-10 b,3.47300,1.0000746
Kepler-10 b,3.48934,0.9998655
Kepler-10 b,3.50569,1.0004580
Kepler-10 b,3.52204,1.0003399
Kepler-10 b,3.53838,1.0000846
Kepler-10 b,3.55473,1.0000375
Kepler-10 b,3.57107,1.0004444
Kepler-10 b,3.58742,1.0001133
Kepler-10 b,3.60377,1.0002369
Kepler-10 b,3.62011,1.0001088
Kepler-10 b,3.63646,1.0001440
Kepler-10 b,3.65281,0.9999867
Kepler-10 b,3.66915,0.9999085
Kepler-10 b,3.68550,0.9997690
Kepler-10 b,3.70185,1.0003903
Kepler-10 b,3.71819,1.0003245
Kepler-10 b,3.73454,1.0001635
Kepler-10 b,3.75089,0.9999855
Kepler-10 b,3.76723,1.0000495
Kepler-10 b,3.78358,0.9998684
Kepler-10 b,3.79993,1.0001014
Kepler-10 b,3.81627,0.9999800
Kepler-10 b,3.83262,0.9997801
Kepler-10 b,3.84897,1.0002910
Kepler-10 b,3.86531,1.0001645
Kepler-10 b,3.88166,0.9997544
Kepler-10 b,3.89801,0.9999342
Kepler-10 b,3.91435,1.0000548
Kepler-10 b,3.93070,1.0000889
Kepler-10 b,3.94704,1.0003227
Kepler-10 b,3.96339,0.9992611
Kepler-10 b,3.97974,1.0001954
Kepler-10 b,3.99608,0.9997680
Kepler-10 b,4.01243,1.0001891
Kepler-10 b,4.02878,0.9999663
Kepler-10 b,4.04512,1.0002113
Kepler-10 b,4.06147,1.0004243
Kepler-10 b,4.07782,0.9999783
Kepler-10 b,4.09416,1.0001241
Kepler-10 b,4.11051,1.0002055
Kepler-10 b,4.12685,0.9999644
Kepler-10 b,4.14320,1.0000339
Kepler-10 b,4.15955,0.9998631
Kepler-10 b,4.17590,0.9999035
Kepler-10 b,4.19224,0.9998761
Kepler-10 b,4.20859,0.9996796
Kepler-10 b,4.22493,1.0001127
Kepler-10 b,4.24128,0.9998273
Kepler-10 b,4.25763,1.0000454
Kepler-10 b,4.27397,1.0000688
Kepler-10 b,4.29032,1.0002914
Kepler-10 b,4.30667,1.0001454
Kepler-10 b,4.32301,0.9998700
Kepler-10 b,4.33936,0.9997796
Kepler-10 b,4.35570,0.9998042
Kepler-10 b,4.37205,1.0000250
Kepler-10 b,4.38840,0.9997337
Kepler-10 b,4.40475,1.0002017
Kepler-10 b,4.42109,0.9996489
Kepler-10 b,4.43744,0.9998151
Kepler-10 b,4.45379,0.9999901
Kepler-10 b,4.47013,1.0000791
Kepler-10 b,4.48648,1.0000245
Kepler-10 b,4.50282,1.0001886
Kepler-10 b,4.51917,0.9999701
Kepler-10 b,4.53552,1.0000432
Kepler-10 b,4.55187,1.0003268
Kepler-10 b,4.56821,1.0002193
Kepler-10 b,4.58456,1.0004179
Kepler-10 b,4.60091,1.0000825
Kepler-10 b,4.61725,1.0003903
Kepler-10 b,4.63360,0.9997255
Kepler-10 b,4.64994,1.0002743
Kepler-10 b,4.66629,1.0002766
Kepler-10 b,4.68264,0.9999524
Kepler-10 b,4.69898,1.0002440
Kepler-10 b,4.71533,0.9999830
Kepler-10 b,4.73168,1.0001702
Kepler-10 b,4.74802,0.9998362
Kepler-10 b,4.76437,0.9995271
Kepler-10 b,4.78071,1.0000730
Kepler-10 b,4.79706,1.0002748
Kepler-10 b,-4.79192,1.0005574
Kepler-10 b,-4.77558,0.9997985
Kepler-10 b,-4.75923,1.0002500
Kepler-10 b,-4.74288,0.9997752
Kepler-10 b,-4.72654,1.0003849
Kepler-10 b,-4.71019,1.0002613
Kepler-10 b,-4.69384,1.0000930
Kepler-10 b,-4.67750,0.9998263
Kepler-10 b,-4.66115,1.0004831
Kepler-10 b,-4.64481,0.9999588
Kepler-10 b,-4.62846,1.0001014
Kepler-10 b,-4.61211,0.9998750
Kepler-10 b,-4.59577,1.0000750
Kepler-10 b,-4.57942,0.9997878
Kepler-10 b,-4.56307,1.0002097
Kepler-10 b,-4.54672,1.0001405
Kepler-10 b,-4.53038,0.9999389
Kepler-10 b,-4.51404,1.0000059
Kepler-10 b,-4.49769,0.9998429
Kepler-10 b,-4.48134,1.0002177
Kepler-10 b,-4.46499,0.9997073
Kepler-10 b,-4.44865,1.0002679
Kepler-10 b,-4.43230,1.0001022
Kepler-10 b,-4.41595,1.0000634
Kepler-10 b,-4.39961,0.9999372
Kepler-10 b,-4.38326,1.0000467
Kepler-10 b,-4.36692,0.9997414
Kepler-10 b,-4.35057,0.9996910
Kepler-10 b,-4.33422,0.9998745
Kepler-10 b,-4.31788,0.9998545
Kepler-10 b,-4.30153,0.9999849
Kepler-10 b,-4.28518,1.0000916
Kepler-10 b,-4.26884,1.0001694
Kepler-10 b,-4.25249,0.9999843
Kepler-10 b,-4.23614,1.0000011
Kepler-10 b,-4.21980,0.9997753
Kepler-10 b,-4.20345,0.9999926
Kepler-10 b,-4.18710,0.9997307
Kepler-10 b,-4.17076,1.0001017
Kepler-10 b,-4.15441,1.0001501
Kepler-10 b,-4.13806,0.9999921
Kepler-10 b,-4.12172,1.0001742
Kepler-10 b,-4.10537,0.9995027
Kepler-10 b,-4.08902,1.0001664
Kepler-10 b,-4.07268,0.9996302
Kepler-10 b,-4.05633,0.9997876
Kepler-10 b,-4.03998,1.0000706
Kepler-10 b,-4.02364,1.0000020
Kepler-10 b,-4.00729,1.0003494
Kepler-10 b,-3.99094,0.9998947
Kepler-10 b,-3.97460,0.9999116
Kepler-10 b,-3.95825,1.0002561
Kepler-10 b,-3.94191,0.9992864
Kepler-10 b,-3.92556,1.0000509
Kepler-10 b,-3.90921,0.9996654
Kepler-10 b,-3.89287,0.9999176
Kepler-10 b,-3.87652,0.9994639
Kepler-10 b,-3.86017,0.9999448
Kepler-10 b,-3.84383,1.0001648
Kepler-10 b,-3.82748,1.0001205
Kepler-10 b,-3.81114,1.0005206
Kepler-10 b,-3.79479,1.0002200
Kepler-10 b,-3.77844,0.9999883
Kepler-10 b,-3.76209,1.0001440
Kepler-10 b,-3.74575,0.9994305
Kepler-10 b,-3.72940,1.0001852
Kepler-10 b,-3.71306,0.9998145
Kepler-10 b,-3.69671,1.0001734
Kepler-10 b,-3.68036,0.9995574
Kepler-10 b,-3.66402,0.9999378
Kepler-10 b,-3.64767,0.9997725
Kepler-10 b,-3.63132,1.0001364
Kepler-10 b,-3.61498,0.9998237
Kepler-10 b,-3.59863,0.9995218
Kepler-10 b,-3.58229,1.0001225
Kepler-10 b,-3.56594,0.9999786
Kepler-10 b,-3.54959,0.9999937
Kepler-10 b,-3.53324,0.9998307
Kepler-10 b,-3.51690,0.9998048
Kepler-10 b,-3.50055,1.0000788
Kepler-10 b,-3.48420,0.9997018
Kepler-10 b,-3.46786,1.0001293
Kepler-10 b,-3.45151,1.0000954
Kepler-10 b,-3.43517,0.9999010
Kepler-10 b,-3.41882,0.9996955
Kepler-10 b,-3.40247,1.0002578
Kepler-10 b,-3.38612,1.0000351
Kepler-10 b,-3.36978,1.0000699
Kepler-10 b,-3.35343,1.0004565
Kepler-10 b,-3.33708,0.9997108
Kepler-10 b,-3.32074,0.9997635
Kepler-10 b,-3.30439,1.0000512
Kepler-10 b,-3.28805,1.0000170
Kepler-10 b,-3.27170,1.0003315
Kepler-10 b,-3.25535,0.9997642
Kepler-10 b,-3.23901,1.0001752
Kepler-10 b,-3.22266,1.0002115
Kepler-10 b,-3.20631,0.9998455
Kepler-10 b,-3.18997,0.9998773
Kepler-10 b,-3.17362,0.9999844
Kepler-10 b,-3.15728,0.9994494
Kepler-10 b,-3.14093,0.9996414
Kepler-10 b,-3.12458,0.9999052
Kepler-10 b,-3.10824,0.9996970
Kepler-10 b,-3.09189,0.9999135
Kepler-10 b,-3.07554,1.0001425
Kepler-10 b,-3.05920,1.0001438
Kepler-10 b,-3.04285,1.0001216
Kepler-10 b,-3.02650,0.9998605
Kepler-10 b,-3.01016,0.9999314
Kepler-10 b,-2.99381,0.9999921
Kepler-10 b,-2.97746,1.0005623
Kepler-10 b,-2.96112,1.0002579
Kepler-10 b,-2.94477,1.0003371
Kepler-10 b,-2.92842,1.0001056
Kepler-10 b,-2.91208,1.0001567
Kepler-10 b,-2.89573,1.0002281
Kepler-10 b,-2.87939,1.0000402
Kepler-10 b,-2.86304,1.0002166
Kepler-10 b,-2.84669,0.9997877
Kepler-10 b,-2.83034,0.9998774
Kepler-10 b,-2.81400,1.0002610
Kepler-10 b,-2.79765,0.9998814
Kepler-10 b,-2.78131,0.9999615
Kepler-10 b,-2.76496,1.0001132
Kepler-10 b,-2.74861,1.0004374
Kepler-10 b,-2.73227,1.0000840
Kepler-10 b,-2.71592,0.9996427
Kepler-10 b,-2.69957,1.0002723
Kepler-10 b,-2.68322,1.0000888
Kepler-10 b,-2.66688,1.0004398
Kepler-10 b,-2.65054,1.0003268
Kepler-10 b,-2.63419,1.0001150
Kepler-10 b,-2.61784,0.9996765
Kepler-10 b,-2.60149,0.9998822
Kepler-10 b,-2.58515,0.9998371
Kepler-10 b,-2.56880,0.9997479
Kepler-10 b,-2.55245,1.0000848
Kepler-10 b,-2.53611,1.0000859
Kepler-10 b,-2.51976,0.9997564
Kepler-10 b,-2.50342,1.0002259
Kepler-10 b,-2.48707,1.0003742
Kepler-10 b,-2.47072,0.9998415
Kepler-10 b,-2.45438,0.9998186
Kepler-10 b,-2.43803,1.0002534
Kepler-10 b,-2.42168,0.9999262
Kepler-10 b,-2.40534,1.0003211
Kepler-10 b,-2.38899,0.9997685
Kepler-10 b,-2.37264,1.0003206
Kepler-10 b,-2.35630,0.9997525
Kepler-10 b,-2.33995,0.9997859
Kepler-10 b,-2.32361,1.0000506
Kepler-10 b,-2.30726,1.0000075
Kepler-10 b,-2.29091,1.0000265
Kepler-10 b,-2.27456,1.0000819
Kepler-10 b,-2.25822,1.0001232
Kepler-10 b,-2.24187,1.0003417
Kepler-10 b,-2.22553,1.0005125
Kepler-10 b,-2.20918,1.0000272
Kepler-10 b,-2.19283,0.9999589
Kepler-10 b,-2.17649,1.0000856
Kepler-10 b,-2.16014,0.9998529
Kepler-10 b,-2.14379,1.0000097
Kepler-10 b,-2.12745,0.9998155
Kepler-10 b,-2.11110,0.9999187
Kepler-10 b,-2.09475,1.0000621
Kepler-10 b,-2.07841,1.0002220
Kepler-10 b,-2.06206,0.9998953
Kepler-10 b,-2.04571,0.9998910
Kepler-10 b,-2.02937,0.9998376
Kepler-10 b,-2.01302,0.9999971
Kepler-10 b,-1.99668,1.0002919
Kepler-10 b,-1.98033,1.0000260
Kepler-10 b,-1.96398,0.9998856
Kepler-10 b,-1.94764,1.0001798
Kepler-10 b,-1.93129,1.0001117
Kepler-10 b,-1.91494,0.9998321
Kepler-10 b,-1.89859,1.0004781
Kepler-10 b,-1.88225,0.9997720
Kepler-10 b,-1.86590,0.9999775
Kepler-10 b,-1.84956,0.9997176
Kepler-10 b,-1.83321,1.0000108
Kepler-10 b,-1.81686,1.0002174
Kepler-10 b,-1.80052,1.0000716
Kepler-10 b,-1.78417,0.9998333
Kepler-10 b,-1.76782,0.9999340
Kepler-10 b,-1.75148,1.0000200
Kepler-10 b,-1.73513,1.0004030
Kepler-10 b,-1.71878,1.0001686
Kepler-10 b,-1.70244,0.9998423
Kepler-10 b,-1.68609,0.9998585
Kepler-10 b,-1.66975,0.9998423
Kepler-10 b,-1.65340,1.0002147
Kepler-10 b,-1.63705,1.0001156
Kepler-10 b,-1.62071,1.0010107
Kepler-10 b,-1.60436,1.0000890
Kepler-10 b,-1.58801,1.0000516
Kepler-10 b,-1.57167,0.9997508
Kepler-10 b,-1.55532,1.0001954
Kepler-10 b,-1.53897,1.0000577
Kepler-10 b,-1.52263,1.0000747
Kepler-10 b,-1.50628,1.0000010
Kepler-10 b,-1.48993,0.9998587
Kepler-10 b,-1.47359,1.0001743
Kepler-10 b,-1.45724,0.9998218
Kepler-10 b,-1.44089,0.9997331
Kepler-10 b,-1.42455,0.9995918
Kepler-10 b,-1.40820,0.9997187
Kepler-10 b,-1.39185,1.0000280
Kepler-10 b,-1.37551,1.0003559
Kepler-10 b,-1.35916,1.0003004
Kepler-10 b,-1.34281,1.0003362
Kepler-10 b,-1.32647,1.0003514
Kepler-10 b,-1.31012,0.9996775
Kepler-10 b,-1.29378,1.0001363
Kepler-10 b,-1.27743,0.9999468
Kepler-10 b,-1.26108,1.0003009
Kepler-10 b,-1.24474,1.0001947
Kepler-10 b,-1.22839,1.0005652
Kepler-10 b,-1.21204,0.9998770
Kepler-10 b,-1.19570,1.0000689
Kepler-10 b,-1.17935,1.0002850
Kepler-10 b,-1.16300,0.9999825
Kepler-10 b,-1.14666,0.9999170
Kepler-10 b,-1.13031,0.9994720
Kepler-10 b,-1.11396,0.9999402
Kepler-10 b,-1.09762,1.0001159
Kepler-10 b,-1.08127,1.0000248
Kepler-10 b,-1.06493,0.9999951
Kepler-10 b,-1.04858,0.9997140
Kepler-10 b,-1.03223,0.9999341
Kepler-10 b,-1.01589,0.9998833
Kepler-10 b,-0.99954,0.9998392
Kepler-10 b,-0.98319,1.0003635
Kepler-10 b,-0.96685,0.9999836
Kepler-10 b,-0.95050,1.0000757
Kepler-10 b,-0.93415,1.0002655
Kepler-10 b,-0.91781,0.9996800
Kepler-10 b,-0.90146,0.9997742
Kepler-10 b,-0.88511,1.0003072
Kepler-10 b,-0.86877,0.9997500
Kepler-10 b,-0.85242,0.9996859
Kepler-10 b,-0.83607,0.9996224
Kepler-10 b,-0.81973,0.9994604
Kepler-10 b,-0.80338,0.9999642
Kepler-10 b,-0.78703,1.0001481
Kepler-10 b,-0.77069,0.9998881
Kepler-10 b,-0.75434,1.0000670
Kepler-10 b,-0.73799,0.9999848
Kepler-10 b,-0.72165,0.9996946
Kepler-10 b,-0.70530,0.9999210
Kepler-10 b,-0.68895,0.9998309
Kepler-10 b,-0.67261,0.9997755
Kepler-10 b,-0.65626,0.9997608
Kepler-10 b,-0.63992,0.9999588
Kepler-10 b,-0.62357,0.9999266
Kepler-10 b,-0.60722,1.0000746
Kepler-10 b,-0.59088,0.9996979
Kepler-10 b,-0.57453,1.0000072
Kepler-10 b,-0.55818,0.9998806
Kepler-10 b,-0.54184,0.9998070
Kepler-10 b,-0.52549,0.9998727
Kepler-10 b,-0.50914,0.9999696
Kepler-10 b,-0.49280,0.9997288
Kepler-10 b,-0.47645,0.9995793
Kepler-10 b,-0.46011,1.0000591
Kepler-10 b,-0.44376,1.0000390
Kepler-10 b,-0.42741,0.9998758
Kepler-10 b,-0.41107,0.9995433
Kepler-10 b,-0.39472,0.9994442
Kepler-10 b,-0.37837,0.9998965
Kepler-10 b,-0.36203,0.9994864
Kepler-10 b,-0.34568,0.9999564
Kepler-10 b,-0.32933,0.9998390
Kepler-10 b,-0.31299,0.9996239
Kepler-10 b,-0.29664,0.9995072
Kepler-10 b,-0.28029,0.9999030
Kepler-10 b,-0.26395,0.9998637
Kepler-10 b,-0.24760,0.9997813
Kepler-10 b,-0.23125,0.9998304
Kepler-10 b,-0.21491,0.9995257
Kepler-10 b,-0.19856,0.9997839
Kepler-10 b,-0.18221,0.9999693
Kepler-10 b,-0.16587,0.9997492
Kepler-10 b,-0.14952,1.0000890
Kepler-10 b,-0.13318,0.9998432
Kepler-10 b,-0.11683,1.0001700
Kepler-10 b,-0.10048,0.9993801
Kepler-10 b,-0.08413,0.9996874
Kepler-10 b,-0.06779,1.0000856
Kepler-10 b,-0.05144,0.9998917
Kepler-10 b,-0.03509,0.9995435
Kepler-10 b,-0.01875,0.9994725
Kepler-10 b,-0.00240,0.9994677
Kepler-10 b,0.01394,0.9997680
Kepler-10 b,0.03029,0.9998853
Kepler-10 b,0.04664,0.9998643
Kepler-10 b,0.06298,0.9998745
Kepler-10 b,0.07933,0.9998443
Kepler-10 b,0.09568,0.9999020
Kepler-10 b,0.11202,0.9995376
Kepler-10 b,0.12837,0.9997036
Kepler-10 b,0.14471,0.9998583
Kepler-10 b,0.16106,0.9998339
Kepler-10 b,0.17741,0.9999207
Kepler-10 b,0.19375,0.9997262
Kepler-10 b,0.21010,0.9998792
Kepler-10 b,0.22645,0.9998066
Kepler-10 b,0.24279,0.9995134
Kepler-10 b,0.25914,0.9999449
Kepler-10 b,0.27549,0.9997320
Kepler-10 b,0.29183,0.9998319
Kepler-10 b,0.30818,0.9999857
Kepler-10 b,0.32453,1.0002323
Kepler-10 b,0.34087,0.9998084
Kepler-10 b,0.35722,0.9997409
Kepler-10 b,0.37357,1.0000735
Kepler-10 b,0.38991,0.9996347
Kepler-10 b,0.40626,0.9995839
Kepler-10 b,0.42261,0.9998320
Kepler-10 b,0.43895,0.9999630
Kepler-10 b,0.45530,0.9998947
Kepler-10 b,0.47164,1.0000249
Kepler-10 b,0.48799,0.9992633
Kepler-10 b,0.50434,0.9997198
Kepler-10 b,0.52068,0.9996573
Kepler-10 b,0.53703,1.0000618
Kepler-10 b,0.55338,0.9999981
Kepler-10 b,0.56972,0.9999601
Kepler-10 b,0.58607,0.9996543
Kepler-10 b,0.60242,0.9998152
Kepler-10 b,0.61876,0.9997039
Kepler-10 b,0.63511,0.9999509
Kepler-10 b,0.65145,0.9995791
Kepler-10 b,0.66780,0.9994607
Kepler-10 b,0.68415,1.0001359
Kepler-10 b,0.70049,0.9997405
Kepler-10 b,0.71684,0.9998390
Kepler-10 b,0.73319,0.9996443
Kepler-10 b,0.74954,1.0004681
Kepler-10 b,0.76588,0.9998008
Kepler-10 b,0.78223,0.9995089
Kepler-10 b,0.79857,0.9997564
Kepler-10 b,0.81492,0.9998406
Kepler-10 b,0.83127,0.9997834
Kepler-10 b,0.84761,1.0001356
Kepler-10 b,0.86396,1.0001252
Kepler-10 b,0.88031,0.9998140
Kepler-10 b,0.89665,1.0003423
Kepler-10 b,0.91300,1.0003678
Kepler-10 b,0.92935,0.9999756
Kepler-10 b,0.94569,1.0006347
Kepler-10 b,0.96204,1.0002298
Kepler-10 b,0.97839,0.9996228
Kepler-10 b,0.99473,1.0000359
Kepler-10 b,1.01108,1.0000847
Kepler-10 b,1.02743,0.9998119
Kepler-10 b,1.04377,1.0000949
Kepler-10 b,1.06012,1.0000227
Kepler-10 b,1.07647,1.0001287
Kepler-10 b,1.09281,1.0001847
Kepler-10 b,1.10916,0.9998504
Kepler-10 b,1.12550,1.0002574
Kepler-10 b,1.14185,0.9996059
Kepler-10 b,1.15820,1.0001325
Kepler-10 b,1.17454,0.9999804
Kepler-10 b,1.19089,1.0002427
Kepler-10 b,1.20724,0.9999545
Kepler-10 b,1.22358,1.0002508
Kepler-10 b,1.23993,0.9999995
Kepler-10 b,1.25628,0.9999650
Kepler-10 b,1.27262,1.0002422
Kepler-10 b,1.28897,0.9999180
Kepler-10 b,1.30531,1.0001501
Kepler-10 b,1.32166,0.9998571
Kepler-10 b,1.33801,1.0000112
Kepler-10 b,1.35435,0.9997977
Kepler-10 b,1.37070,0.9999098
Kepler-10 b,1.38705,1.0000051
Kepler-10 b,1.40339,1.0000188
Kepler-10 b,1.41974,0.9997371
Kepler-10 b,1.43609,0.9999544
Kepler-10 b,1.45243,1.0001517
Kepler-10 b,1.46878,0.9999402
Kepler-10 b,1.48513,1.0000036
Kepler-10 b,1.50147,0.9994108
Kepler-10 b,1.51782,0.9998480
Kepler-10 b,1.53417,0.9997328
Kepler-10 b,1.55051,1.0001531
Kepler-10 b,1.56686,1.0000164
Kepler-10 b,1.58321,0.9995867
Kepler-10 b,1.59955,0.9995682
Kepler-10 b,1.61590,1.0000356
Kepler-10 b,1.63225,0.9999339
Kepler-10 b,1.64859,0.9997549
Kepler-10 b,1.66494,0.9998543
Kepler-10 b,1.68129,0.9996646
Kepler-10 b,1.69763,0.9998761
Kepler-10 b,1.71398,1.0000273
Kepler-10 b,1.73032,0.9998696
Kepler-10 b,1.74667,0.9999963
Kepler-10 b,1.76302,0.9997406
Kepler-10 b,1.77936,1.0000062
Kepler-10 b,1.79571,0.9999207
Kepler-10 b,1.81206,1.0000325
Kepler-10 b,1.82840,0.9997880
Kepler-10 b,1.84475,1.0003815
Kepler-10 b,1.86110,0.9998432
Kepler-10 b,1.87744,1.0001875
Kepler-10 b,1.89379,1.0000229
Kepler-10 b,1.91014,0.9997939
Kepler-10 b,1.92648,0.9999171
Kepler-10 b,1.94283,0.9999123
Kepler-10 b,1.95918,0.9999747
Kepler-10 b,1.97552,0.9999585
Kepler-10 b,1.99187,0.9997460
Kepler-10 b,2.00821,0.9993833
Kepler-10 b,2.02456,0.9996025
Kepler-10 b,2.04091,1.0000543
Kepler-10 b,2.05725,0.9998930
Kepler-10 b,2.07360,0.9996319
Kepler-10 b,2.08995,0.9999329
Kepler-10 b,2.10629,0.9998879
Kepler-10 b,2.12264,1.0000593
Kepler-10 b,2.13899,1.0003613
Kepler-10 b,2.15533,1.0000153
Kepler-10 b,2.17168,0.9999359
Kepler-10 b,2.18803,1.0000469
Kepler-10 b,2.20437,1.0000703
Kepler-10 b,2.22072,1.0002162
Kepler-10 b,2.23706,1.0002310
Kepler-10 b,2.25341,1.0002096
Kepler-10 b,2.26976,1.0001073
Kepler-10 b,2.28611,0.9999143
Kepler-10 b,2.30245,0.9996790
Kepler-10 b,2.31880,1.0000098
Kepler-10 b,2.33515,0.9999666
Kepler-10 b,2.35149,1.0004075
Kepler-10 b,2.36784,1.0002891
Kepler-10 b,2.38418,1.0001693
Kepler-10 b,2.40053,0.9999800
Kepler-10 b,2.41688,1.0001342
Kepler-10 b,2.43322,1.0002295
Kepler-10 b,2.44957,0.9999175
Kepler-10 b,2.46592,0.9999220
Kepler-10 b,2.48226,0.9995223
Kepler-10 b,2.49861,1.0000824
Kepler-10 b,2.51495,0.9995334
Kepler-10 b,2.53130,0.9998438
Kepler-10 b,2.54765,1.0000678
Kepler-10 b,2.56399,1.0001589
Kepler-10 b,2.58034,0.9997852
Kepler-10 b,2.59669,0.9999883
Kepler-10 b,2.61304,0.9998563
Kepler-10 b,2.62938,1.0001126
Kepler-10 b,2.64573,1.0003690
Kepler-10 b,2.66207,0.9999063
Kepler-10 b,2.67842,1.0000169
Kepler-10 b,2.69477,0.9998829
Kepler-10 b,2.71111,0.9999250
Kepler-10 b,2.72746,1.0000808
Kepler-10 b,2.74381,0.9998793
Kepler-10 b,2.76015,0.9999438
Kepler-10 b,2.77650,0.9999093
Kepler-10 b,2.79284,0.9997681
Kepler-10 b,2.80919,1.0001726
Kepler-10 b,2.82554,1.0005212
Kepler-10 b,2.84189,0.9999227
Kepler-10 b,2.85823,1.0000013
Kepler-10 b,2.87458,1.0000622
Kepler-10 b,2.89093,1.0001211
Kepler-10 b,2.90727,1.0000369
Kepler-10 b,2.92362,0.9997936
Kepler-10 b,2.93997,0.9996813
Kepler-10 b,2.95631,1.0000876
Kepler-10 b,2.97266,0.9998682
Kepler-10 b,2.98901,1.0002597
Kepler-10 b,3.00535,0.9996056
Kepler-10 b,3.02170,1.0001157
Kepler-10 b,3.03804,0.9999222
Kepler-10 b,3.05439,1.0000715
Kepler-10 b,3.07074,1.0000220
Kepler-10 b,3.08708,0.9997159
Kepler-10 b,3.10343,1.0002941
Kepler-10 b,3.11978,0.9997404
Kepler-10 b,3.13612,0.9996978
Kepler-10 b,3.15247,1.0004829
Kepler-10 b,3.16881,1.0000960
Kepler-10 b,3.18516,0.9999753
Kepler-10 b,3.20151,0.9998701
Kepler-10 b,3.21785,0.9999123
Kepler-10 b,3.23420,0.9998561
Kepler-10 b,3.25055,0.9997627
Kepler-10 b,3.26689,0.9999612
Kepler-10 b,3.28324,0.9998963
Kepler-10 b,3.29958,0.9996806
Kepler-10 b,3.31593,0.9995331
Kepler-10 b,3.33228,0.9998034
Kepler-10 b,3.34862,0.9999911
Kepler-10 b,3.36497,1.0002641
Kepler-10 b,3.38132,1.0002301
Kepler-10 b,3.39767,1.0003041
Kepler-10 b,3.41401,0.9996750
Kepler-10 b,3.43036,0.9999700
Kepler-10 b,3.44670,0.9998688
Kepler-10 b,3.46305,0.9998058
Kepler-10 b,3.47940,0.9999973
Kepler-10 b,3.49574,1.0001100
Kepler-10 b,3.51209,0.9997354
Kepler-10 b,3.52844,1.0002111
Kepler-10 b,3.54479,0.9999597
Kepler-10 b,3.56113,0.9999594
Kepler-10 b,3.57748,0.9998657
Kepler-10 b,3.59382,1.0000418
Kepler-10 b,3.61017,0.9998593
Kepler-10 b,3.62652,0.9998500
Kepler-10 b,3.64286,0.9998738
Kepler-10 b,3.65921,1.0002014
Kepler-10 b,3.67556,1.0000684
Kepler-10 b,3.69190,0.9997935
Kepler-10 b,3.70825,1.0002385
Kepler-10 b,3.72460,0.9999941
Kepler-10 b,3.74094,1.0000800
Kepler-10 b,3.75729,1.0000377
Kepler-10 b,3.77364,1.0003282
Kepler-10 b,3.78998,0.9998485
Kepler-10 b,3.80633,1.0000646
Kepler-10 b,3.82267,0.9998194
Kepler-10 b,3.83902,0.9994548
Kepler-10 b,3.85537,0.9998104
Kepler-10 b,3.87171,0.9999963
Kepler-10 b,3.88806,1.0001648
Kepler-10 b,3.90441,0.9998853
Kepler-10 b,3.92075,0.9996436
Kepler-10 b,3.93710,1.0003580
Kepler-10 b,3.95344,0.9999167
Kepler-10 b,3.96979,1.0000493
Kepler-10 b,3.98614,0.9999643
Kepler-10 b,4.00248,0.9998954
Kepler-10 b,4.01883,1.0002317
Kepler-10 b,4.03518,0.9999213
Kepler-10 b,4.05152,0.9997962
Kepler-10 b,4.06787,0.9996959
Kepler-10 b,4.08422,0.9999746
Kepler-10 b,4.10056,0.9998477
Kepler-10 b,4.11691,1.0001048
Kepler-10 b,4.13326,1.0001091
Kepler-10 b,4.14960,0.9999041
Kepler-10 b,4.16595,0.9997954
Kepler-10 b,4.18230,0.9998932
Kepler-10 b,4.19864,0.9998288
Kepler-10 b,4.21499,1.0001389
Kepler-10 b,4.23134,0.9999853
Kepler-10 b,4.24768,1.0002428
Kepler-10 b,4.26403,1.0001836
Kepler-10 b,4.28038,1.0000882
Kepler-10 b,4.29672,1.0003707
Kepler-10 b,4.31307,1.0001725
Kepler-10 b,4.32942,0.9998435
Kepler-10 b,4.34576,1.0000439
Kepler-10 b,4.36211,1.0001723
Kepler-10 b,4.37845,1.0002680
Kepler-10 b,4.39480,1.0001086
Kepler-10 b,4.41115,1.0000544
Kepler-10 b,4.42749,0.9999902
Kepler-10 b,4.44384,1.0000367
Kepler-10 b,4.46019,0.9997308
Kepler-10 b,4.47654,0.9999403
Kepler-10 b,4.49288,1.0000353
Kepler-10 b,4.50923,1.0003541
Kepler-10 b,4.52557,1.0000129
Kepler-10 b,4.54192,0.9999047
Kepler-10 b,4.55827,1.0001397
Kepler-10 b,4.57461,1.0004643
Kepler-10 b,4.59096,1.0001881
Kepler-10 b,4.60731,1.0000063
Kepler-10 b,4.62365,1.0001218
Kepler-10 b,4.64000,0.9999284
Kepler-10 b,4.65634,1.0000371
Kepler-10 b,4.67269,1.0001547
Kepler-10 b,4.68904,1.0004157
Kepler-10 b,4.70538,1.0002366
Kepler-10 b,4.72173,0.9999287
Kepler-10 b,4.73808,1.0000787
Kepler-10 b,4.75442,1.0001620
Kepler-10 b,4.77077,1.0000223
Kepler-10 b,4.78712,1.0001042
Kepler-10 b,-4.78553,1.0000318
Kepler-10 b,-4.76918,0.9996875
Kepler-10 b,-4.75283,0.9999888
Kepler-10 b,-4.73649,0.9995643
Kepler-10 b,-4.72014,0.9996621
Kepler-10 b,-4.70379,0.9995545
Kepler-10 b,-4.68745,1.0004882
Kepler-10 b,-4.67110,0.9996365
Kepler-10 b,-4.65475,0.9999467
Kepler-10 b,-4.63841,0.9995983
Kepler-10 b,-4.62206,0.9997926
Kepler-10 b,-4.60571,0.9999864
Kepler-10 b,-4.58937,0.9999790
Kepler-10 b,-4.57302,1.0000993
Kepler-10 b,-4.55667,1.0000547
Kepler-10 b,-4.54033,1.0003949
Kepler-10 b,-4.52398,1.0003739
Kepler-10 b,-4.50764,0.9996549
Kepler-10 b,-4.49129,1.0000026
Kepler-10 b,-4.47494,1.0000626
Kepler-10 b,-4.45860,1.0000755
Kepler-10 b,-4.44225,0.9997617
Kepler-10 b,-4.42590,0.9999987
Kepler-10 b,-4.40956,1.0001880
Kepler-10 b,-4.39321,0.9998958
Kepler-10 b,-4.37686,1.0000118
Kepler-10 b,-4.36052,0.9995729
Kepler-10 b,-4.34417,0.9997427
Kepler-10 b,-4.32782,1.0000912
Kepler-10 b,-4.31148,0.9996919
Kepler-10 b,-4.29513,0.9998688
Kepler-10 b,-4.27878,0.9996511
Kepler-10 b,-4.26244,0.9997279
Kepler-10 b,-4.24609,0.9999034
Kepler-10 b,-4.22974,0.9997408
Kepler-10 b,-4.21340,1.0000958
Kepler-10 b,-4.19705,0.9998332
Kepler-10 b,-4.18070,1.0000058
Kepler-10 b,-4.16436,1.0000642
Kepler-10 b,-4.14801,1.0000671
Kepler-10 b,-4.13167,1.0001129
Kepler-10 b,-4.11532,1.0001822
Kepler-10 b,-4.09897,1.0004010
Kepler-10 b,-4.08263,0.9999965
Kepler-10 b,-4.06628,1.0002876
Kepler-10 b,-4.04993,1.0000809
Kepler-10 b,-4.03359,0.9998661
Kepler-10 b,-4.01724,0.9997975
Kepler-10 b,-4.00089,0.9999702
Kepler-10 b,-3.98455,1.0003034
Kepler-10 b,-3.96820,1.0001477
Kepler-10 b,-3.95186,1.0001269
Kepler-10 b,-3.93551,0.9999393
Kepler-10 b,-3.91916,0.9999721
Kepler-10 b,-3.90281,1.0005721
Kepler-10 b,-3.88647,1.0000706
Kepler-10 b,-3.87012,1.0003624
Kepler-10 b,-3.85377,0.9998764
Kepler-10 b,-3.83743,0.9998533
Kepler-10 b,-3.82108,0.9997335
Kepler-10 b,-3.80474,1.0000479
Kepler-10 b,-3.78839,0.9996381
Kepler-10 b,-3.77204,1.0000454
Kepler-10 b,-3.75570,1.0003705
Kepler-10 b,-3.73935,0.9999819
Kepler-10 b,-3.72300,0.9997249
Kepler-10 b,-3.70666,0.9999573
Kepler-10 b,-3.69031,0.9999428
Kepler-10 b,-3.67396,0.9999266
Kepler-10 b,-3.65762,0.9999418
Kepler-10 b,-3.64127,1.0001671
Kepler-10 b,-3.62492,1.0003178
Kepler-10 b,-3.60858,1.0000860
Kepler-10 b,-3.59223,1.0003191
Kepler-10 b,-3.57589,0.9998955
Kepler-10 b,-3.55954,0.9999031
Kepler-10 b,-3.54319,1.0003850
Kepler-10 b,-3.52684,1.0003017
Kepler-10 b,-3.51050,1.0000482
Kepler-10 b,-3.49415,1.0000696
Kepler-10 b,-3.47781,1.0001498
Kepler-10 b,-3.46146,1.0003661
Kepler-10 b,-3.44511,1.0000102
Kepler-10 b,-3.42877,0.9998118
Kepler-10 b,-3.41242,1.0003030
Kepler-10 b,-3.39607,1.0001095
Kepler-10 b,-3.37973,0.9998993
Kepler-10 b,-3.36338,1.0003430
Kepler-10 b,-3.34703,1.0000961
Kepler-10 b,-3.33069,0.9999723
Kepler-10 b,-3.31434,1.0000959
Kepler-10 b,-3.29800,1.0000448
Kepler-10 b,-3.28165,1.0001920
Kepler-10 b,-3.26530,1.0002378
Kepler-10 b,-3.24896,1.0000574
Kepler-10 b,-3.23261,0.9999083
Kepler-10 b,-3.21626,0.9997601
Kepler-10 b,-3.19992,1.0001907
Kepler-10 b,-3.18357,0.9999514
Kepler-10 b,-3.16723,0.9998146
Kepler-10 b,-3.15088,0.9996698
Kepler-10 b,-3.13453,0.9996740
Kepler-10 b,-3.11819,0.9999704
Kepler-10 b,-3.10184,0.9997798
Kepler-10 b,-3.08549,0.9998740
Kepler-10 b,-3.06914,1.0000073
Kepler-10 b,-3.05280,1.0001670
Kepler-10 b,-3.03645,1.0001460
Kepler-10 b,-3.02011,1.0000632
Kepler-10 b,-3.00376,0.9998920
Kepler-10 b,-2.98741,1.0002187
Kepler-10 b,-2.97106,0.9998547
Kepler-10 b,-2.95472,1.0002037
Kepler-10 b,-2.93837,0.9997645
Kepler-10 b,-2.92202,1.0002491
Kepler-10 b,-2.90568,1.0001922
Kepler-10 b,-2.88933,1.0000294
Kepler-10 b,-2.87299,0.9998279
Kepler-10 b,-2.85664,0.9996997
Kepler-10 b,-2.84029,1.0003410
Kepler-10 b,-2.82395,1.0001490
Kepler-10 b,-2.80760,0.9999032
Kepler-10 b,-2.79125,0.9997568
Kepler-10 b,-2.77491,1.0003511
Kepler-10 b,-2.75856,0.9996780
Kepler-10 b,-2.74222,0.9996954
Kepler-10 b,-2.72587,1.0000613
Kepler-10 b,-2.70952,1.0000581
Kepler-10 b,-2.69317,0.9996670
Kepler-10 b,-2.67683,0.9999414
Kepler-10 b,-2.66048,0.9997951
Kepler-10 b,-2.64414,1.0001471
Kepler-10 b,-2.62779,1.0002339
Kepler-10 b,-2.61144,0.9996919
Kepler-10 b,-2.59510,0.9999573
Kepler-10 b,-2.57875,0.9998131
Kepler-10 b,-2.56240,1.0000860
Kepler-10 b,-2.54606,0.9994885
Kepler-10 b,-2.52971,1.0000675
Kepler-10 b,-2.51337,0.9997596
Kepler-10 b,-2.49702,1.0001884
Kepler-10 b,-2.48067,1.0004531
Kepler-10 b,-2.46433,1.0002803
Kepler-10 b,-2.44798,0.9995861
Kepler-10 b,-2.43163,1.0000508
Kepler-10 b,-2.41529,1.0002232
Kepler-10 b,-2.39894,0.9997143
Kepler-10 b,-2.38259,1.0000606
Kepler-10 b,-2.36625,0.9998695
Kepler-10 b,-2.34990,0.9997612
Kepler-10 b,-2.33355,0.9999203
Kepler-10 b,-2.31721,0.9997011
Kepler-10 b,-2.30086,1.0004921
Kepler-10 b,-2.28451,1.0003489
Kepler-10 b,-2.26816,1.0002232
Kepler-10 b,-2.25182,1.0002374
Kepler-10 b,-2.23547,1.0001528
Kepler-10 b,-2.21913,1.0002383
Kepler-10 b,-2.20278,1.0002825
Kepler-10 b,-2.18643,0.9999958
Kepler-10 b,-2.17009,1.0002158
Kepler-10 b,-2.15374,1.0000536
Kepler-10 b,-2.13739,0.9997699
Kepler-10 b,-2.12105,1.0000645
Kepler-10 b,-2.10470,1.0000220
Kepler-10 b,-2.08836,1.0001494
Kepler-10 b,-2.07201,0.9999499
Kepler-10 b,-2.05566,1.0003888
Kepler-10 b,-2.03932,1.0000954
Kepler-10 b,-2.02297,0.9993486
Kepler-10 b,-2.00662,1.0001383
Kepler-10 b,-1.99028,0.9998750
Kepler-10 b,-1.97393,1.0002774
Kepler-10 b,-1.95759,1.0001591
Kepler-10 b,-1.94124,1.0002108
Kepler-10 b,-1.92489,0.9999576
Kepler-10 b,-1.90854,0.9999234
Kepler-10 b,-1.89220,1.0000834
Kepler-10 b,-1.87585,1.0001714
Kepler-10 b,-1.85951,0.9998947
Kepler-10 b,-1.84316,1.0000561
Kepler-10 b,-1.82681,0.9999374
Kepler-10 b,-1.81047,1.0000643
Kepler-10 b,-1.79412,0.9997907
Kepler-10 b,-1.77777,0.9998423
Kepler-10 b,-1.76143,0.9998976
Kepler-10 b,-1.74508,0.9998602
Kepler-10 b,-1.72873,1.0000897
Kepler-10 b,-1.71239,1.0001423
Kepler-10 b,-1.69604,1.0001935
Kepler-10 b,-1.67969,1.0002331
Kepler-10 b,-1.66335,1.0000838
Kepler-10 b,-1.64700,1.0004374
Kepler-10 b,-1.63065,1.0001094
Kepler-10 b,-1.61431,0.9996343
Kepler-10 b,-1.59796,0.9999868
Kepler-10 b,-1.58162,1.0003809
Kepler-10 b,-1.56527,0.9997752
Kepler-10 b,-1.54892,0.9998921
Kepler-10 b,-1.53257,0.9999385
Kepler-10 b,-1.51623,1.0002556
Kepler-10 b,-1.49988,1.0000227
Kepler-10 b,-1.48353,1.0004663
Kepler-10 b,-1.46719,0.9996172
Kepler-10 b,-1.45084,0.9998879
Kepler-10 b,-1.43450,1.0003644
Kepler-10 b,-1.41815,0.9998990
Kepler-10 b,-1.40180,1.0003362
Kepler-10 b,-1.38546,1.0000700
Kepler-10 b,-1.36911,1.0003791
Kepler-10 b,-1.35276,1.0000933
Kepler-10 b,-1.33642,0.9998854
Kepler-10 b,-1.32007,0.9998961
Kepler-10 b,-1.30373,1.0000016
Kepler-10 b,-1.28738,0.9998531
Kepler-10 b,-1.27103,0.9999869
Kepler-10 b,-1.25469,0.9999370
Kepler-10 b,-1.23834,0.9998370
Kepler-10 b,-1.22199,1.0000669
Kepler-10 b,-1.20565,1.0000741
Kepler-10 b,-1.18930,1.0003555
Kepler-10 b,-1.17295,1.0002357
Kepler-10 b,-1.15661,0.9998524
Kepler-10 b,-1.14026,0.9999269
Kepler-10 b,-1.12391,0.9995623
Kepler-10 b,-1.10757,0.9994012
Kepler-10 b,-1.09122,0.9998340
Kepler-10 b,-1.07487,0.9999433
Kepler-10 b,-1.05853,0.9999311
Kepler-10 b,-1.04218,0.9998832
Kepler-10 b,-1.02583,1.0000270
Kepler-10 b,-1.00949,1.0003087
Kepler-10 b,-0.99314,1.0000008
Kepler-10 b,-0.97679,1.0001642
Kepler-10 b,-0.96045,1.0002553
Kepler-10 b,-0.94410,1.0003998
Kepler-10 b,-0.92776,0.9998596
Kepler-10 b,-0.91141,0.9993423
Kepler-10 b,-0.89506,0.9997739
Kepler-10 b,-0.87872,1.0000609
Kepler-10 b,-0.86237,1.0001046
Kepler-10 b,-0.84602,0.9998035
Kepler-10 b,-0.82968,0.9998958
Kepler-10 b,-0.81333,0.9997178
Kepler-10 b,-0.79699,0.9999308
Kepler-10 b,-0.78064,0.9999275
Kepler-10 b,-0.76429,1.0001301
Kepler-10 b,-0.74795,1.0001055
Kepler-10 b,-0.73160,1.0001098
Kepler-10 b,-0.71525,0.9998563
Kepler-10 b,-0.69890,0.9996987
Kepler-10 b,-0.68256,0.9992906
Kepler-10 b,-0.66621,0.9995561
Kepler-10 b,-0.64987,0.9995964
Kepler-10 b,-0.63352,0.9998612
Kepler-10 b,-0.61717,1.0000018
Kepler-10 b,-0.60083,0.9997731
Kepler-10 b,-0.58448,0.9994530
Kepler-10 b,-0.56813,0.9998628
Kepler-10 b,-0.55179,0.9997154
Kepler-10 b,-0.53544,0.9998735
Kepler-10 b,-0.51909,0.9997947
Kepler-10 b,-0.50275,1.0001548
Kepler-10 b,-0.48640,0.9997563
Kepler-10 b,-0.47005,0.9999871
Kepler-10 b,-0.45371,0.9996810
Kepler-10 b,-0.43736,1.0000316
Kepler-10 b,-0.42101,1.0000476
Kepler-10 b,-0.40467,1.0000733
Kepler-10 b,-0.38832,1.0000482
Kepler-10 b,-0.37198,1.0000733
Kepler-10 b,-0.35563,0.9997389
Kepler-10 b,-0.33928,0.9998603
Kepler-10 b,-0.32293,0.9997914
Kepler-10 b,-0.30659,0.9996235
Kepler-10 b,-0.29024,0.9998133
Kepler-10 b,-0.27389,0.9998064
Kepler-10 b,-0.25755,0.9999178
Kepler-10 b,-0.24120,0.9997139
Kepler-10 b,-0.22486,0.9998995
Kepler-10 b,-0.20851,0.9999957
Kepler-10 b,-0.19216,0.9998182
Kepler-10 b,-0.17582,0.9998397
Kepler-10 b,-0.15947,0.9999573
Kepler-10 b,-0.14312,0.9999737
Kepler-10 b,-0.12678,0.9999202
Kepler-10 b,-0.11043,0.9998472
Kepler-10 b,-0.09409,0.9997387
Kepler-10 b,-0.07774,0.9997386
Kepler-10 b,-0.06139,0.9997244
Kepler-10 b,-0.04505,0.9998392
Kepler-10 b,-0.02870,0.9995334
Kepler-10 b,-0.01235,0.9994884
Kepler-10 b,0.00399,0.9996148
Kepler-10 b,0.02034,0.9993808
Kepler-10 b,0.03669,0.9996470
Kepler-10 b,0.05303,1.0003347
Kepler-10 b,0.06938,0.9997966
Kepler-10 b,0.08573,0.9999519
Kepler-10 b,0.10207,0.9998258
Kepler-10 b,0.11842,0.9996434
Kepler-10 b,0.13477,0.9998952
Kepler-10 b,0.15111,0.9995791
Kepler-10 b,0.16746,0.9998708
Kepler-10 b,0.18381,0.9997607
Kepler-10 b,0.20015,0.9996907
Kepler-10 b,0.21650,0.9993695
Kepler-10 b,0.23284,0.9998354
Kepler-10 b,0.24919,1.0000955
Kepler-10 b,0.26554,0.9999768
Kepler-10 b,0.28188,0.9996233
Kepler-10 b,0.29823,0.9997539
Kepler-10 b,0.31458,0.9998152
Kepler-10 b,0.33092,0.9998323
Kepler-10 b,0.34727,0.9999466
Kepler-10 b,0.36362,0.9994499
Kepler-10 b,0.37997,0.9997658
Kepler-10 b,0.39631,0.9990775
Kepler-10 b,0.41265,1.0000152
Kepler-10 b,0.42900,0.9997673
Kepler-10 b,0.44535,0.9996451
Kepler-10 b,0.46170,0.9993290
Kepler-10 b,0.47804,0.9998953
Kepler-10 b,0.49439,0.9997252
Kepler-10 b,0.51074,0.9997378
Kepler-10 b,0.52708,0.9995492
Kepler-10 b,0.54343,0.9998659
Kepler-10 b,0.55977,1.0000463
Kepler-10 b,0.57612,0.9999210
Kepler-10 b,0.59247,0.9995051
Kepler-10 b,0.60881,1.0000516
Kepler-10 b,0.62516,0.9996034
Kepler-10 b,0.64151,1.0001231
Kepler-10 b,0.65785,0.9998186
Kepler-10 b,0.67420,1.0000608
Kepler-10 b,0.69055,0.9997188
Kepler-10 b,0.70689,0.9999141
Kepler-10 b,0.72324,1.0001340
Kepler-10 b,0.73959,1.0001262
Kepler-10 b,0.75593,1.0002821
Kepler-10 b,0.77228,0.9999232
Kepler-10 b,0.78862,1.0001260
Kepler-10 b,0.80497,1.0000013
Kepler-10 b,0.82132,1.0002934
Kepler-10 b,0.83767,0.9998277
Kepler-10 b,0.85401,0.9997936
Kepler-10 b,0.87036,1.0000616
Kepler-10 b,0.88670,0.9999452
Kepler-10 b,0.90305,1.0000636
Kepler-10 b,0.91940,0.9996815
Kepler-10 b,0.93574,1.0001405
Kepler-10 b,0.95209,1.0002609
Kepler-10 b,0.96844,0.9996610
Kepler-10 b,0.98478,0.9998791
Kepler-10 b,1.00113,1.0003084
Kepler-10 b,1.01748,1.0001185
Kepler-10 b,1.03382,1.0000466
Kepler-10 b,1.05017,0.9997806
Kepler-10 b,1.06651,1.0001610
Kepler-10 b,1.08286,0.9999102
Kepler-10 b,1.09921,1.0000513
Kepler-10 b,1.11555,1.0002918
Kepler-10 b,1.13190,1.0002069
Kepler-10 b,1.14825,1.0003942
Kepler-10 b,1.16459,1.0000050
Kepler-10 b,1.18094,0.9996029
Kepler-10 b,1.19728,1.0002955
Kepler-10 b,1.21363,0.9997034
Kepler-10 b,1.22998,1.0001547
Kepler-10 b,1.24633,1.0000668
Kepler-10 b,1.26267,0.9999129
Kepler-10 b,1.27902,0.9999827
Kepler-10 b,1.29537,1.0003067
Kepler-10 b,1.31171,1.0000415
Kepler-10 b,1.32806,1.0002419
Kepler-10 b,1.34441,1.0000152
Kepler-10 b,1.36075,0.9997781
Kepler-10 b,1.37710,1.0000461
Kepler-10 b,1.39345,0.9999819
Kepler-10 b,1.40979,0.9999004
Kepler-10 b,1.42614,1.0002511
Kepler-10 b,1.44249,0.9998884
Kepler-10 b,1.45883,1.0001104
Kepler-10 b,1.47518,0.9996931
Kepler-10 b,1.49152,1.0000717
Kepler-10 b,1.50787,1.0005115
Kepler-10 b,1.52422,1.0000283
Kepler-10 b,1.54056,1.0001524
Kepler-10 b,1.55691,0.9999614
Kepler-10 b,1.57326,0.9998366
Kepler-10 b,1.58960,0.9999672
Kepler-10 b,1.60595,0.9996927
Kepler-10 b,1.62229,1.0002052
Kepler-10 b,1.63864,1.0003819
Kepler-10 b,1.65499,1.0001713
Kepler-10 b,1.67134,1.0002945
Kepler-10 b,1.68768,1.0002209
Kepler-10 b,1.70403,0.9996426
Kepler-10 b,1.72037,1.0003404
Kepler-10 b,1.73672,0.9996798
Kepler-10 b,1.75307,1.0000275
Kepler-10 b,1.76941,1.0002544
Kepler-10 b,1.78576,0.9996506
Kepler-10 b,1.80211,0.9999938
Kepler-10 b,1.81845,1.0000070
Kepler-10 b,1.83480,1.0000352
Kepler-10 b,1.85114,0.9994288
Kepler-10 b,1.86749,0.9997842
Kepler-10 b,1.88384,1.0000258
Kepler-10 b,1.90019,1.0000828
Kepler-10 b,1.91653,0.9999231
Kepler-10 b,1.93288,0.9996827
Kepler-10 b,1.94923,0.9998471
Kepler-10 b,1.96557,1.0002708
Kepler-10 b,1.98192,0.9997330
Kepler-10 b,1.99827,0.9999783
Kepler-10 b,2.01461,0.9998800
Kepler-10 b,2.03096,0.9997207
Kepler-10 b,2.04731,1.0002860
Kepler-10 b,2.06365,1.0000405
Kepler-10 b,2.08000,0.9998012
Kepler-10 b,2.09634,0.9996670
Kepler-10 b,2.11269,0.9999463
Kepler-10 b,2.12904,0.9997694
Kepler-10 b,2.14538,0.9997387
Kepler-10 b,2.16173,0.9999574
Kepler-10 b,2.17808,1.0002642
Kepler-10 b,2.19442,0.9998353
Kepler-10 b,2.21077,0.9996858
Kepler-10 b,2.22712,1.0000266
Kepler-10 b,2.24346,1.0003322
Kepler-10 b,2.25981,0.9997782
Kepler-10 b,2.27615,1.0000180
Kepler-10 b,2.29250,1.0002173
Kepler-10 b,2.30885,1.0001047
Kepler-10 b,2.32519,1.0001263
Kepler-10 b,2.34154,0.9999669
Kepler-10 b,2.35789,0.9999080
Kepler-10 b,2.37423,1.0000346
Kepler-10 b,2.39058,1.0000717
Kepler-10 b,2.40692,1.0003798
Kepler-10 b,2.42327,1.0001004
Kepler-10 b,2.43962,0.9999555
Kepler-10 b,2.45597,1.0002846
Kepler-10 b,2.47231,1.0002010
Kepler-10 b,2.48866,1.0002551
Kepler-10 b,2.50500,1.0001183
Kepler-10 b,2.52135,0.9998548
Kepler-10 b,2.53770,1.0000128
Kepler-10 b,2.55404,1.0001170
Kepler-10 b,2.57039,0.9999567
Kepler-10 b,2.58674,1.0004758
Kepler-10 b,2.60308,0.9998479
Kepler-10 b,2.61943,1.0001395
Kepler-10 b,2.63578,1.0006533
Kepler-10 b,2.65212,0.9999980
Kepler-10 b,2.66847,0.9999740
Kepler-10 b,2.68482,1.0000803
Kepler-10 b,2.70116,0.9997022
Kepler-10 b,2.71751,1.0002495
Kepler-10 b,2.73386,1.0000803
Kepler-10 b,2.75020,0.9998216
Kepler-10 b,2.76655,1.0004387
Kepler-10 b,2.78289,1.0001485
Kepler-10 b,2.79924,1.0000414
Kepler-10 b,2.81559,0.9998378
Kepler-10 b,2.83194,0.9999309
Kepler-10 b,2.84828,1.0000419
Kepler-10 b,2.86463,0.9997872
Kepler-10 b,2.88098,0.9999939
Kepler-10 b,2.89732,1.0001034
Kepler-10 b,2.91367,0.9999514
Kepler-10 b,2.93001,0.9995599
Kepler-10 b,2.94636,1.0002797
Kepler-10 b,2.96271,0.9997566
Kepler-10 b,2.97905,0.9997151
Kepler-10 b,2.99540,1.0003069
Kepler-10 b,3.01175,0.9998046
Kepler-10 b,3.02809,1.0001493
Kepler-10 b,3.04444,1.0002373
Kepler-10 b,3.06078,0.9998041
Kepler-10 b,3.07713,0.9996457
Kepler-10 b,3.09348,0.9999167
Kepler-10 b,3.10982,0.9997905
Kepler-10 b,3.12617,0.9996534
Kepler-10 b,3.14252,0.9995940
Kepler-10 b,3.15886,1.0001818
Kepler-10 b,3.17521,0.9999790
Kepler-10 b,3.19156,0.9995546
Kepler-10 b,3.20790,1.0000390
Kepler-10 b,3.22425,0.9997423
Kepler-10 b,3.24060,0.9998364
Kepler-10 b,3.25694,0.9999322
Kepler-10 b,3.27329,0.9998634
Kepler-10 b,3.28964,0.9997027
Kepler-10 b,3.30598,0.9998974
Kepler-10 b,3.32233,1.0000175
Kepler-10 b,3.33868,1.0002185
Kepler-10 b,3.35502,0.9996762
Kepler-10 b,3.37137,0.9998541
Kepler-10 b,3.38772,0.9996719
Kepler-10 b,3.40406,0.9996119
Kepler-10 b,3.42041,0.9999125
Kepler-10 b,3.43675,0.9994357
Kepler-10 b,3.45310,0.9995735
Kepler-10 b,3.46945,0.9998711
Kepler-10 b,3.48579,0.9997349
Kepler-10 b,3.50214,0.9999822
Kepler-10 b,3.51849,1.0001154
Kepler-10 b,3.53483,1.0000573
Kepler-10 b,3.55118,1.0002521
Kepler-10 b,3.56753,1.0000135
Kepler-10 b,3.58387,1.0001661
Kepler-10 b,3.60022,1.0001167
Kepler-10 b,3.61656,1.0001489
Kepler-10 b,3.63291,1.0000226
Kepler-10 b,3.64926,1.0000451
Kepler-10 b,3.66561,0.9999448
Kepler-10 b,3.68195,1.0001994
Kepler-10 b,3.69830,1.0000206
Kepler-10 b,3.71464,1.0004467
Kepler-10 b,3.73099,1.0001001
Kepler-10 b,3.74734,0.9997532
Kepler-10 b,3.76368,1.0002862
Kepler-10 b,3.78003,1.0002797
Kepler-10 b,3.79638,1.0002093
Kepler-10 b,3.81272,1.0001550
Kepler-10 b,3.82907,1.0004453
Kepler-10 b,3.84542,1.0000434
Kepler-10 b,3.86176,0.9999075
Kepler-10 b,3.87811,1.0000468
Kepler-10 b,3.89446,0.9999299
Kepler-10 b,3.91080,0.9999168
Kepler-10 b,3.92715,1.0002436
Kepler-10 b,3.94350,1.0000716
Kepler-10 b,3.95984,1.0001090
Kepler-10 b,3.97619,1.0001841
Kepler-10 b,3.99253,0.9999231
Kepler-10 b,4.00888,0.9998675
Kepler-10 b,4.02523,0.9999332
Kepler-10 b,4.04158,1.0001702
Kepler-10 b,4.05792,0.9997323
Kepler-10 b,4.07427,1.0000897
Kepler-10 b,4.09062,0.9997256
Kepler-10 b,4.10696,1.0000721
Kepler-10 b,4.12331,1.0002609
Kepler-10 b,4.13965,1.0003246
Kepler-10 b,4.15600,1.0001711
Kepler-10 b,4.17235,1.0000713
Kepler-10 b,4.18869,0.9994877
Kepler-10 b,4.20504,1.0001558
Kepler-10 b,4.22139,0.9997276
Kepler-10 b,4.23773,0.9999392
Kepler-10 b,4.25408,0.9998120
Kepler-10 b,4.27042,1.0000152
Kepler-10 b,4.28677,1.0000271
Kepler-10 b,4.30312,1.0006556
Kepler-10 b,4.31946,1.0002832
Kepler-10 b,4.33581,1.0003097
Kepler-10 b,4.35216,1.0001651
Kepler-10 b,4.36850,1.0002355
Kepler-10 b,4.38485,0.9998776
Kepler-10 b,4.40120,1.0001688
Kepler-10 b,4.41754,0.9999362
Kepler-10 b,4.43389,0.9997906
Kepler-10 b,4.45024,1.0003028
Kepler-10 b,4.46658,0.9999115
Kepler-10 b,4.48293,1.0000063
Kepler-10 b,4.49928,1.0001131
Kepler-10 b,4.51562,1.0001383
Kepler-10 b,4.53197,1.0001670
Kepler-10 b,4.54832,0.9999435
Kepler-10 b,4.56466,1.0000819
Kepler-10 b,4.58101,0.9996393
Kepler-10 b,4.59736,0.9999242
Kepler-10 b,4.61370,0.9998400
Kepler-10 b,4.63005,0.9996785
Kepler-10 b,4.64639,1.0002084
Kepler-10 b,4.66274,1.0000607
Kepler-10 b,4.67909,0.9998064
Kepler-10 b,4.69543,0.9998534
Kepler-10 b,4.71178,0.9999257
Kepler-10 b,4.72813,1.0001914
Kepler-10 b,4.74447,0.9998623
Kepler-10 b,4.76082,0.9998271
Kepler-10 b,4.77716,1.0002621
Kepler-10 b,4.79351,0.9999933
Kepler-10 b,-4.79548,0.9999002
Kepler-10 b,-4.77913,1.0000541
Kepler-10 b,-4.76279,1.0004000
Kepler-10 b,-4.74644,0.9999700
Kepler-10 b,-4.73009,1.0001773
Kepler-10 b,-4.71375,0.9993894
Kepler-10 b,-4.69740,0.9999585
Kepler-10 b,-4.68105,0.9998726
Kepler-10 b,-4.66471,0.9998170
Kepler-10 b,-4.64836,1.0003814
Kepler-10 b,-4.63201,1.0002189
Kepler-10 b,-4.61567,1.0003568
Kepler-10 b,-4.59932,1.0004207
Kepler-10 b,-4.58298,0.9998253
Kepler-10 b,-4.56663,0.9996933
Kepler-10 b,-4.55028,0.9996577
Kepler-10 b,-4.53394,0.9999219
Kepler-10 b,-4.51759,1.0001292
Kepler-10 b,-4.50124,1.0003443
Kepler-10 b,-4.48490,1.0001809
Kepler-10 b,-4.46855,0.9995758
Kepler-10 b,-4.45220,1.0001531
Kepler-10 b,-4.43586,1.0000976
Kepler-10 b,-4.41951,1.0000753
Kepler-10 b,-4.40316,1.0001987
Kepler-10 b,-4.38682,1.0006034
Kepler-10 b,-4.37047,0.9998483
Kepler-10 b,-4.35412,0.9998254
Kepler-10 b,-4.33778,1.0003403
Kepler-10 b,-4.32143,0.9999697
Kepler-10 b,-4.30508,0.9997269
Kepler-10 b,-4.28874,1.0001853
Kepler-10 b,-4.27239,0.9999470
Kepler-10 b,-4.25604,0.9997578
Kepler-10 b,-4.23970,1.0004097
Kepler-10 b,-4.22335,1.0000055
Kepler-10 b,-4.20701,0.9999906
Kepler-10 b,-4.19066,1.0003115
Kepler-10 b,-4.17431,0.9998672
Kepler-10 b,-4.15797,0.9999474
Kepler-10 b,-4.14162,0.9998345
Kepler-10 b,-4.12527,1.0002786
Kepler-10 b,-4.10892,0.9997905
Kepler-10 b,-4.09258,1.0003084
Kepler-10 b,-4.07624,0.9999365
Kepler-10 b,-4.05989,0.9999342
Kepler-10 b,-4.04354,1.0001013
Kepler-10 b,-4.02719,0.9998998
Kepler-10 b,-4.01085,0.9996977
Kepler-10 b,-3.99450,1.0000841
Kepler-10 b,-3.97815,1.0000117
Kepler-10 b,-3.96181,0.9998116
Kepler-10 b,-3.94546,1.0000699
Kepler-10 b,-3.92912,0.9999067
Kepler-10 b,-3.91277,0.9998295
Kepler-10 b,-3.89642,0.9997530
Kepler-10 b,-3.88008,0.9996517
Kepler-10 b,-3.86373,0.9999659
Kepler-10 b,-3.84738,0.9998165
Kepler-10 b,-3.83104,0.9998861
Kepler-10 b,-3.81469,1.0000559
Kepler-10 b,-3.79834,1.0002729
Kepler-10 b,-3.78200,0.9998446
Kepler-10 b,-3.76565,1.0001236
Kepler-10 b,-3.74930,0.9999788
Kepler-10 b,-3.73296,0.9999393
Kepler-10 b,-3.71661,0.9999580
Kepler-10 b,-3.70027,1.0008271
Kepler-10 b,-3.68392,1.0000821
Kepler-10 b,-3.66757,0.9996791
Kepler-10 b,-3.65122,0.9996858
Kepler-10 b,-3.63488,1.0002333
Kepler-10 b,-3.61853,0.9999166
Kepler-10 b,-3.60219,1.0000046
Kepler-10 b,-3.58584,0.9999770
Kepler-10 b,-3.56949,0.9996482
Kepler-10 b,-3.55315,1.0001175
Kepler-10 b,-3.53680,0.9997325
Kepler-10 b,-3.52045,1.0001178
Kepler-10 b,-3.50411,0.9998127
Kepler-10 b,-3.48776,0.9998599
Kepler-10 b,-3.47141,0.9997660
Kepler-10 b,-3.45507,0.9998125
Kepler-10 b,-3.43872,1.0001734
Kepler-10 b,-3.42238,0.9999312
Kepler-10 b,-3.40603,1.0000660
Kepler-10 b,-3.38968,0.9998695
Kepler-10 b,-3.37334,0.9999627
Kepler-10 b,-3.35699,0.9998849
Kepler-10 b,-3.34064,1.0000443
Kepler-10 b,-3.32430,0.9998675
Kepler-10 b,-3.30795,1.0000643
Kepler-10 b,-3.29160,1.0004431
Kepler-10 b,-3.27526,0.9996453
Kepler-10 b,-3.25891,1.0000011
Kepler-10 b,-3.24256,1.0001389
Kepler-10 b,-3.22622,0.9998010
Kepler-10 b,-3.20987,0.9996513
Kepler-10 b,-3.19352,0.9997377
Kepler-10 b,-3.17718,0.9994873
Kepler-10 b,-3.16083,0.9999331
Kepler-10 b,-3.14448,0.9996230
Kepler-10 b,-3.12814,0.9998888
Kepler-10 b,-3.11179,1.0002208
Kepler-10 b,-3.09544,0.9995785
Kepler-10 b,-3.07910,0.9998004
Kepler-10 b,-3.06275,0.9999531
Kepler-10 b,-3.04640,1.0000428
Kepler-10 b,-3.03006,1.0000658
Kepler-10 b,-3.01371,1.0002317
Kepler-10 b,-2.99737,0.9998498
Kepler-10 b,-2.98102,1.0002271
Kepler-10 b,-2.96467,1.0001436
Kepler-10 b,-2.94833,0.9996338
Kepler-10 b,-2.93198,1.0001517
Kepler-10 b,-2.91563,0.9996998
Kepler-10 b,-2.89929,1.0000903
Kepler-10 b,-2.88294,0.9997533
Kepler-10 b,-2.86660,1.0000678
Kepler-10 b,-2.85025,0.9999943
Kepler-10 b,-2.83390,1.0000125
Kepler-10 b,-2.81755,0.9999176
Kepler-10 b,-2.80121,1.0005634
Kepler-10 b,-2.78486,1.0000061
Kepler-10 b,-2.76852,1.0000758
Kepler-10 b,-2.75217,1.0001802
Kepler-10 b,-2.73582,0.9999466
Kepler-10 b,-2.71948,0.9999697
Kepler-10 b,-2.70313,0.9997801
Kepler-10 b,-2.68678,1.0002401
Kepler-10 b,-2.67044,0.9999294
Kepler-10 b,-2.65409,1.0000227
Kepler-10 b,-2.63775,0.9999073
Kepler-10 b,-2.62140,1.0002725
Kepler-10 b,-2.60505,1.0000168
Kepler-10 b,-2.58870,1.0001304
Kepler-10 b,-2.57236,1.0000129
Kepler-10 b,-2.55601,1.0000111
Kepler-10 b,-2.53966,0.9995886
Kepler-10 b,-2.52332,1.0000375
Kepler-10 b,-2.50697,0.9998015
Kepler-10 b,-2.49063,0.9999171
Kepler-10 b,-2.47428,1.0001897
Kepler-10 b,-2.45793,0.9999116
Kepler-10 b,-2.44158,1.0002607
Kepler-10 b,-2.42524,1.0002431
Kepler-10 b,-2.40889,1.0000792
Kepler-10 b,-2.39254,1.0003053
Kepler-10 b,-2.37620,0.9995875
Kepler-10 b,-2.35985,1.0003183
Kepler-10 b,-2.34351,0.9996126
Kepler-10 b,-2.32716,1.0002629
Kepler-10 b,-2.31081,0.9999184
Kepler-10 b,-2.29447,1.0000541
Kepler-10 b,-2.27812,1.0001456
Kepler-10 b,-2.26177,1.0002940
Kepler-10 b,-2.24543,1.0000366
Kepler-10 b,-2.22908,1.0000796
Kepler-10 b,-2.21274,1.0004927
Kepler-10 b,-2.19639,1.0000964
Kepler-10 b,-2.18004,1.0002047
Kepler-10 b,-2.16370,0.9997219
Kepler-10 b,-2.14735,1.0002400
Kepler-10 b,-2.13100,0.9997030
Kepler-10 b,-2.11466,0.9999428
Kepler-10 b,-2.09831,1.0001129
Kepler-10 b,-2.08197,1.0000161
Kepler-10 b,-2.06562,0.9998834
Kepler-10 b,-2.04927,0.9998581
Kepler-10 b,-2.03293,1.0002027
Kepler-10 b,-2.01658,0.9998786
Kepler-10 b,-2.00023,1.0001015
Kepler-10 b,-1.98389,0.9997923
Kepler-10 b,-1.96754,0.9996741
Kepler-10 b,-1.95119,0.9999820
Kepler-10 b,-1.93485,0.9999306
Kepler-10 b,-1.91850,1.0000943
Kepler-10 b,-1.90215,1.0005234
Kepler-10 b,-1.88580,1.0001456
Kepler-10 b,-1.86946,1.0001091
Kepler-10 b,-1.85311,1.0002132
Kepler-10 b,-1.83677,0.9997351
Kepler-10 b,-1.82042,1.0003767
Kepler-10 b,-1.80407,1.0001344
Kepler-10 b,-1.78773,0.9997540
Kepler-10 b,-1.77138,1.0003048
Kepler-10 b,-1.75503,0.9997973
Kepler-10 b,-1.73869,0.9999327
Kepler-10 b,-1.72234,0.9997344
Kepler-10 b,-1.70600,0.9998977
Kepler-10 b,-1.68965,1.0000177
Kepler-10 b,-1.67330,0.9998137
Kepler-10 b,-1.65696,0.9996903
Kepler-10 b,-1.64061,1.0000605
Kepler-10 b,-1.62426,1.0003027
Kepler-10 b,-1.60791,1.0000067
Kepler-10 b,-1.59157,0.9997961
Kepler-10 b,-1.57522,0.9999687
Kepler-10 b,-1.55888,0.9995416
Kepler-10 b,-1.54253,0.9997979
Kepler-10 b,-1.52618,0.9998886
Kepler-10 b,-1.50984,0.9999506
Kepler-10 b,-1.49349,0.9996988
Kepler-10 b,-1.47714,0.9994956
Kepler-10 b,-1.46080,0.9999250
Kepler-10 b,-1.44445,0.9995058
Kepler-10 b,-1.42811,1.0003627
Kepler-10 b,-1.41176,0.9999777
Kepler-10 b,-1.39541,1.0002048
Kepler-10 b,-1.37907,1.0003572
Kepler-10 b,-1.36272,1.0002563
Kepler-10 b,-1.34637,0.9997285
Kepler-10 b,-1.33003,1.0001535
Kepler-10 b,-1.31368,0.9999970
Kepler-10 b,-1.29733,1.0000295
Kepler-10 b,-1.28099,0.9997019
Kepler-10 b,-1.26464,0.9999460
Kepler-10 b,-1.24829,1.0003712
Kepler-10 b,-1.23195,0.9999327
Kepler-10 b,-1.21560,1.0000891
Kepler-10 b,-1.19925,1.0000174
Kepler-10 b,-1.18291,0.9996405
Kepler-10 b,-1.16656,0.9997727
Kepler-10 b,-1.15021,0.9999424
Kepler-10 b,-1.13387,1.0002079
Kepler-10 b,-1.11752,0.9996221
Kepler-10 b,-1.10117,1.0000079
Kepler-10 b,-1.08483,0.9999624
Kepler-10 b,-1.06848,1.0000959
Kepler-10 b,-1.05214,0.9998664
Kepler-10 b,-1.03579,0.9999652
Kepler-10 b,-1.01944,1.0001565
Kepler-10 b,-1.00310,1.0001024
Kepler-10 b,-0.98675,0.9997505
Kepler-10 b,-0.97040,1.0000098
Kepler-10 b,-0.95406,0.9998255
Kepler-10 b,-0.93771,1.0000085
Kepler-10 b,-0.92136,1.0002893
Kepler-10 b,-0.90502,0.9998643
Kepler-10 b,-0.88867,0.9997602
Kepler-10 b,-0.87232,0.9999676
Kepler-10 b,-0.85598,0.9997993
Kepler-10 b,-0.83963,1.0003261
Kepler-10 b,-0.82329,0.9996987
Kepler-10 b,-0.80694,1.0002640
Kepler-10 b,-0.79059,0.9997776
Kepler-10 b,-0.77425,1.0000395
Kepler-10 b,-0.75790,0.9997208
Kepler-10 b,-0.74155,0.9993333
Kepler-10 b,-0.72521,1.0001737
Kepler-10 b,-0.70886,0.9997682
Kepler-10 b,-0.69251,0.9997665
Kepler-10 b,-0.67617,0.9997022
Kepler-10 b,-0.65982,0.9994961
Kepler-10 b,-0.64347,0.9997648
Kepler-10 b,-0.62713,1.0000580
Kepler-10 b,-0.61078,1.0001289
Kepler-10 b,-0.59443,0.9998171
Kepler-10 b,-0.57809,1.0000219
Kepler-10 b,-0.56174,0.9999815
Kepler-10 b,-0.54539,1.0000867
Kepler-10 b,-0.52905,0.9995516
Kepler-10 b,-0.51270,0.9996214
Kepler-10 b,-0.49636,0.9998756
Kepler-10 b,-0.48001,1.0001790
Kepler-10 b,-0.46366,0.9996719
Kepler-10 b,-0.44732,0.9998380
Kepler-10 b,-0.43097,1.0001593
Kepler-10 b,-0.41462,0.9995903
Kepler-10 b,-0.39828,1.0001532
Kepler-10 b,-0.38193,0.9996374
Kepler-10 b,-0.36558,0.9997811
Kepler-10 b,-0.34924,0.9997437
Kepler-10 b,-0.33289,0.9995841
Kepler-10 b,-0.31654,0.9999199
Kepler-10 b,-0.30020,0.9994022
Kepler-10 b,-0.28385,0.9998979
Kepler-10 b,-0.26750,0.9996844
Kepler-10 b,-0.25116,0.9999792
Kepler-10 b,-0.23481,0.9996014
Kepler-10 b,-0.21847,0.9997731
Kepler-10 b,-0.20212,0.9997037
Kepler-10 b,-0.18577,0.9996467
Kepler-10 b,-0.16943,1.0001464
Kepler-10 b,-0.15308,0.9998917
Kepler-10 b,-0.13673,0.9998136
Kepler-10 b,-0.12039,0.9999603
Kepler-10 b,-0.10404,1.0001250
Kepler-10 b,-0.08769,0.9994544
Kepler-10 b,-0.07135,0.9998724
Kepler-10 b,-0.05500,0.9996851
Kepler-10 b,-0.03865,0.9998702
Kepler-10 b,-0.02231,0.9994844
Kepler-10 b,-0.00596,0.9999750
Kepler-10 b,0.01038,0.9997821
Kepler-10 b,0.02673,0.9997119
Kepler-10 b,0.04308,0.9997529
Kepler-10 b,0.05942,0.9998305
Kepler-10 b,0.07577,0.9999412
Kepler-10 b,0.09212,0.9995368
Kepler-10 b,0.10847,0.9997621
Kepler-10 b,0.12481,0.9995800
Kepler-10 b,0.14115,0.9999355
Kepler-10 b,0.15750,0.9995652
Kepler-10 b,0.17385,0.9994575
Kepler-10 b,0.19020,0.9992572
Kepler-10 b,0.20654,1.0001186
Kepler-10 b,0.22289,0.9996351
Kepler-10 b,0.23924,0.9996104
Kepler-10 b,0.25558,1.0000201
Kepler-10 b,0.27193,1.0000070
Kepler-10 b,0.28827,0.9993752
Kepler-10 b,0.30462,0.9995751
Kepler-10 b,0.32097,0.9995469
Kepler-10 b,0.33731,0.9998130
Kepler-10 b,0.35366,0.9998602
Kepler-10 b,0.37001,0.9995596
Kepler-10 b,0.38635,0.9997014
Kepler-10 b,0.40270,0.9999971
Kepler-10 b,0.41905,0.9996463
Kepler-10 b,0.43539,0.9998250
Kepler-10 b,0.45174,0.9996989
Kepler-10 b,0.46809,1.0001174
Kepler-10 b,0.48443,1.0002269
Kepler-10 b,0.50078,1.0000504
Kepler-10 b,0.51713,1.0000438
Kepler-10 b,0.53347,1.0000060
Kepler-10 b,0.54982,0.9995337
Kepler-10 b,0.56617,0.9998382
Kepler-10 b,0.58251,0.9997801
Kepler-10 b,0.59886,0.9999615
Kepler-10 b,0.61521,0.9998650
Kepler-10 b,0.63155,0.9997028
Kepler-10 b,0.64790,0.9998830
Kepler-10 b,0.66424,0.9995540
Kepler-10 b,0.68059,0.9999434
Kepler-10 b,0.69694,1.0000516
Kepler-10 b,0.71328,0.9994015
Kepler-10 b,0.72963,0.9999032
Kepler-10 b,0.74598,0.9997004
Kepler-10 b,0.76232,0.9998438
Kepler-10 b,0.77867,0.9998477
Kepler-10 b,0.79501,0.9994478
Kepler-10 b,0.81136,1.0001230
Kepler-10 b,0.82771,0.9998773
Kepler-10 b,0.84405,0.9997424
Kepler-10 b,0.86040,0.9999703
Kepler-10 b,0.87675,0.9999016
Kepler-10 b,0.89309,1.0003431
Kepler-10 b,0.90944,1.0000527
Kepler-10 b,0.92579,0.9996270
Kepler-10 b,0.94213,0.9998347
Kepler-10 b,0.95848,0.9997619
Kepler-10 b,0.97483,1.0000627
Kepler-10 b,0.99117,1.0001737
Kepler-10 b,1.00752,1.0001089
Kepler-10 b,1.02387,1.0000181
Kepler-10 b,1.04021,1.0000304
Kepler-10 b,1.05656,1.0003213
Kepler-10 b,1.07291,0.9999566
Kepler-10 b,1.08925,0.9999602
Kepler-10 b,1.10560,0.9999686
Kepler-10 b,1.12195,1.0000947
Kepler-10 b,1.13829,1.0000652
Kepler-10 b,1.15464,0.9998945
Kepler-10 b,1.17099,0.9996699
Kepler-10 b,1.18733,0.9998390
Kepler-10 b,1.20368,1.0001369
Kepler-10 b,1.22002,1.0004183
Kepler-10 b,1.23637,0.9997549
Kepler-10 b,1.25272,1.0003144
Kepler-10 b,1.26906,1.0002596
Kepler-10 b,1.28541,0.9997763
Kepler-10 b,1.30176,1.0001383
Kepler-10 b,1.31811,1.0002140
Kepler-10 b,1.33445,1.0001065
Kepler-10 b,1.35079,1.0002134
Kepler-10 b,1.36714,0.9999077
Kepler-10 b,1.38349,1.0000316
Kepler-10 b,1.39984,1.0000775
Kepler-10 b,1.41618,1.0003150
Kepler-10 b,1.43253,1.0000367
Kepler-10 b,1.44888,0.9999135
Kepler-10 b,1.46522,1.0000904
Kepler-10 b,1.48157,1.0003398
Kepler-10 b,1.49791,0.9997254
Kepler-10 b,1.51426,0.9997938
Kepler-10 b,1.53061,1.0003412
Kepler-10 b,1.54695,0.9996798
Kepler-10 b,1.56330,0.9997985
Kepler-10 b,1.57965,0.9999971
Kepler-10 b,1.59599,1.0002550
Kepler-10 b,1.61234,1.0001365
Kepler-10 b,1.62869,0.9996704
Kepler-10 b,1.64503,1.0004991
Kepler-10 b,1.66138,1.0002947
Kepler-10 b,1.67773,1.0000634
Kepler-10 b,1.69407,1.0001396
Kepler-10 b,1.71042,0.9999266
Kepler-10 b,1.72676,1.0001946
Kepler-10 b,1.74311,0.9999795
Kepler-10 b,1.75946,1.0000225
Kepler-10 b,1.77581,0.9997169
Kepler-10 b,1.79215,0.9996643
Kepler-10 b,1.80850,1.0003090
Kepler-10 b,1.82485,1.0001437
Kepler-10 b,1.84119,0.9996504
Kepler-10 b,1.85754,1.0000835
Kepler-10 b,1.87388,0.9998626
Kepler-10 b,1.89023,1.0000661
Kepler-10 b,1.90658,0.9998377
Kepler-10 b,1.92292,1.0001929
Kepler-10 b,1.93927,0.9995416
Kepler-10 b,1.95562,0.9998527
Kepler-10 b,1.97196,0.9998587
Kepler-10 b,1.98831,1.0000003
Kepler-10 b,2.00465,0.9998886
Kepler-10 b,2.02100,0.9999831
Kepler-10 b,2.03735,0.9998273
Kepler-10 b,2.05369,1.0003262
Kepler-10 b,2.07004,1.0000784
Kepler-10 b,2.08639,1.0002431
Kepler-10 b,2.10273,0.9997404
Kepler-10 b,2.11908,0.9999896
Kepler-10 b,2.13543,1.0000101
Kepler-10 b,2.15177,0.9999923
Kepler-10 b,2.16812,1.0001180
Kepler-10 b,2.18447,0.9999602
Kepler-10 b,2.20081,0.9997781
Kepler-10 b,2.21716,0.9999944
Kepler-10 b,2.23351,1.0003272
Kepler-10 b,2.24985,0.9998418
Kepler-10 b,2.26620,0.9998547
Kepler-10 b,2.28254,0.9998602
Kepler-10 b,2.29889,1.0000804
Kepler-10 b,2.31524,1.0004421
Kepler-10 b,2.33159,0.9998681
Kepler-10 b,2.34793,0.9999930
Kepler-10 b,2.36428,1.0000308
Kepler-10 b,2.38063,0.9999752
Kepler-10 b,2.39697,0.9998308
Kepler-10 b,2.41332,1.0001869
Kepler-10 b,2.42966,0.9993267
Kepler-10 b,2.44601,1.0003186
Kepler-10 b,2.46236,0.9995977
Kepler-10 b,2.47870,1.0002121
Kepler-10 b,2.49505,0.9996368
Kepler-10 b,2.51140,1.0001340
Kepler-10 b,2.52774,0.9999906
Kepler-10 b,2.54409,1.0001348
Kepler-10 b,2.56043,0.9998177
Kepler-10 b,2.57678,1.0000474
Kepler-10 b,2.59313,0.9998495
Kepler-10 b,2.60947,0.9998912
Kepler-10 b,2.62582,0.9999618
Kepler-10 b,2.64217,0.9998684
Kepler-10 b,2.65851,1.0001446
Kepler-10 b,2.67486,1.0000705
Kepler-10 b,2.69121,1.0001032
Kepler-10 b,2.70755,1.0001256
Kepler-10 b,2.72390,1.0000171
Kepler-10 b,2.74025,1.0005970
Kepler-10 b,2.75659,1.0000620
Kepler-10 b,2.77294,1.0001133
Kepler-10 b,2.78929,1.0002290
Kepler-10 b,2.80563,1.0000351
Kepler-10 b,2.82198,1.0000174
Kepler-10 b,2.83832,1.0002304
Kepler-10 b,2.85467,0.9997192
Kepler-10 b,2.87102,1.0003042
Kepler-10 b,2.88737,0.9998544
Kepler-10 b,2.90371,1.0000219
Kepler-10 b,2.92006,1.0002059
Kepler-10 b,2.93640,0.9998568
Kepler-10 b,2.95275,0.9998391
Kepler-10 b,2.96910,0.9999831
Kepler-10 b,2.98544,0.9997894
Kepler-10 b,3.00179,1.0000840
Kepler-10 b,3.01814,1.0000119
Kepler-10 b,3.03449,1.0000452
Kepler-10 b,3.05083,1.0004102
Kepler-10 b,3.06717,0.9998586
Kepler-10 b,3.08352,1.0003518
Kepler-10 b,3.09987,0.9997567
Kepler-10 b,3.11622,0.9999393
Kepler-10 b,3.13256,0.9996887
Kepler-10 b,3.14891,1.0001876
Kepler-10 b,3.16526,0.9998058
Kepler-10 b,3.18160,0.9999691
Kepler-10 b,3.19795,1.0002285
Kepler-10 b,3.21429,0.9996328
Kepler-10 b,3.23064,0.9998631
Kepler-10 b,3.24699,0.9999301
Kepler-10 b,3.26333,1.0001819
Kepler-10 b,3.27968,1.0004816
Kepler-10 b,3.29603,1.0000948
Kepler-10 b,3.31237,1.0002107
Kepler-10 b,3.32872,0.9998263
Kepler-10 b,3.34507,1.0001459
Kepler-10 b,3.36141,1.0003663
Kepler-10 b,3.37776,0.9997273
Kepler-10 b,3.39411,0.9997350
Kepler-10 b,3.41045,0.9998653
Kepler-10 b,3.42680,0.9999723
Kepler-10 b,3.44314,1.0003046
Kepler-10 b,3.45949,1.0001352
Kepler-10 b,3.47584,0.9997078
Kepler-10 b,3.49218,1.0004305
Kepler-10 b,3.50853,1.0002723
Kepler-10 b,3.52488,1.0001450
Kepler-10 b,3.54122,0.9994230
Kepler-10 b,3.55757,0.9999931
Kepler-10 b,3.57392,1.0000649
Kepler-10 b,3.59026,0.9998504
Kepler-10 b,3.60661,1.0001867
Kepler-10 b,3.62296,0.9995072
Kepler-10 b,3.63930,1.0000727
Kepler-10 b,3.65565,1.0000102
Kepler-10 b,3.67200,0.9999904
Kepler-10 b,3.68834,1.0000843
Kepler-10 b,3.70469,0.9999956
Kepler-10 b,3.72103,1.0003969
Kepler-10 b,3.73738,1.0000222
Kepler-10 b,3.75373,1.0003218
Kepler-10 b,3.77007,0.9998420
Kepler-10 b,3.78642,0.9998432
Kepler-10 b,3.80277,1.0003128
Kepler-10 b,3.81911,1.0000448
Kepler-10 b,3.83546,1.0000190
Kepler-10 b,3.85181,1.0002414
Kepler-10 b,3.86815,1.0001963
Kepler-10 b,3.88450,1.0000346
Kepler-10 b,3.90085,1.0001493
Kepler-10 b,3.91719,0.9999373
Kepler-10 b,3.93354,1.0001583
Kepler-10 b,3.94989,0.9999624
Kepler-10 b,3.96623,0.9996419
Kepler-10 b,3.98258,1.0003855
Kepler-10 b,3.99893,1.0003056
Kepler-10 b,4.01527,0.9999106
Kepler-10 b,4.03162,0.9998336
Kepler-10 b,4.04797,1.0002685
Kepler-10 b,4.06431,1.0001673
Kepler-10 b,4.08066,0.9999478
Kepler-10 b,4.09701,1.0002306
Kepler-10 b,4.11335,1.0001595
Kepler-10 b,4.12970,0.9999043
Kepler-10 b,4.14604,0.9996053
Kepler-10 b,4.16239,1.0002383
Kepler-10 b,4.17874,0.9998355
Kepler-10 b,4.19508,0.9998131
Kepler-10 b,4.21143,1.0003419
Kepler-10 b,4.22778,0.9995190
Kepler-10 b,4.24412,1.0001722
Kepler-10 b,4.26047,1.0000771
Kepler-10 b,4.27681,0.9996944
Kepler-10 b,4.29316,0.9999587
Kepler-10 b,4.30951,1.0002456
Kepler-10 b,4.32586,1.0002441
Kepler-10 b,4.34220,1.0003139
Kepler-10 b,4.35855,1.0000593
Kepler-10 b,4.37489,0.9999795
Kepler-10 b,4.39124,1.0002194
Kepler-10 b,4.40759,0.9997836
Kepler-10 b,4.42393,1.0000060
Kepler-10 b,4.44028,0.9998158
Kepler-10 b,4.45663,0.9997507
Kepler-10 b,4.47297,0.9996986
Kepler-10 b,4.48932,0.9996330
Kepler-10 b,4.50566,0.9999504
Kepler-10 b,4.52201,0.9997397
Kepler-10 b,4.53836,0.9999977
Kepler-10 b,4.55471,0.9996606
Kepler-10 b,4.57105,1.0000456
Kepler-10 b,4.58740,0.9998093
Kepler-10 b,4.60375,0.9998019
Kepler-10 b,4.62009,1.0003206
Kepler-10 b,4.63644,1.0002565
Kepler-10 b,4.65278,0.9998732
Kepler-10 b,4.66913,1.0000831
Kepler-10 b,4.68548,0.9996104
Kepler-10 b,4.70183,0.9999129
Kepler-10 b,4.71817,0.9999441
Kepler-10 b,4.73452,0.9999623
Kepler-10 b,4.75086,0.9998885
Kepler-10 b,4.76721,0.9997215
Kepler-10 b,4.78356,0.9997585
Kepler-10 b,4.79990,1.0001050
Kepler-10 b,-4.78911,1.0001506
Kepler-10 b,-4.77276,0.9999625
Kepler-10 b,-4.75641,1.0002982
Kepler-10 b,-4.74007,0.9998540
Kepler-10 b,-4.72372,0.9998702
Kepler-10 b,-4.70737,0.9997222
Kepler-10 b,-4.69103,1.0002473
Kepler-10 b,-4.67468,0.9999364
Kepler-10 b,-4.65833,1.0002216
Kepler-10 b,-4.64199,1.0002817
Kepler-10 b,-4.62564,0.9999284
Kepler-10 b,-4.60929,1.0002386
Kepler-10 b,-4.59295,0.9997577
Kepler-10 b,-4.57660,0.9998955
Kepler-10 b,-4.56026,1.0003222
Kepler-10 b,-4.54391,1.0002739
Kepler-10 b,-4.52756,1.0000308
Kepler-10 b,-4.51122,0.9999921
Kepler-10 b,-4.49487,1.0001898
Kepler-10 b,-4.47852,1.0002459
Kepler-10 b,-4.46218,0.9999151
Kepler-10 b,-4.44583,1.0001513
Kepler-10 b,-4.42948,1.0001683
Kepler-10 b,-4.41314,1.0000611
Kepler-10 b,-4.39679,0.9997178
Kepler-10 b,-4.38044,0.9996271
Kepler-10 b,-4.36410,0.9997843
Kepler-10 b,-4.34775,1.0000486
Kepler-10 b,-4.33141,1.0002385
Kepler-10 b,-4.31506,1.0002478
Kepler-10 b,-4.29871,0.9997091
Kepler-10 b,-4.28236,0.9998392
Kepler-10 b,-4.26602,1.0000319
Kepler-10 b,-4.24967,0.9997591
Kepler-10 b,-4.23332,1.0000994
Kepler-10 b,-4.21698,0.9999898
Kepler-10 b,-4.20064,1.0003409
Kepler-10 b,-4.18429,1.0003531
Kepler-10 b,-4.16794,0.9995841
Kepler-10 b,-4.15159,1.0000042
Kepler-10 b,-4.13525,0.9997184
Kepler-10 b,-4.11890,0.9998038
Kepler-10 b,-4.10255,1.0004262
Kepler-10 b,-4.08621,1.0000545
Kepler-10 b,-4.06986,0.9999113
Kepler-10 b,-4.05351,1.0000941
Kepler-10 b,-4.03717,1.0000204
Kepler-10 b,-4.02082,0.9997470
Kepler-10 b,-4.00447,1.0000326
Kepler-10 b,-3.98813,1.0001598
Kepler-10 b,-3.97178,0.9996321
Kepler-10 b,-3.95544,1.0000747
Kepler-10 b,-3.93909,0.9994603
Kepler-10 b,-3.92274,0.9999238
Kepler-10 b,-3.90640,1.0000278
Kepler-10 b,-3.89005,1.0000835
Kepler-10 b,-3.87370,0.9998187
Kepler-10 b,-3.85736,1.0000148
Kepler-10 b,-3.84101,0.9998819
Kepler-10 b,-3.82467,1.0003704
Kepler-10 b,-3.80832,0.9997061
Kepler-10 b,-3.79197,1.0000067
Kepler-10 b,-3.77562,1.0003554
Kepler-10 b,-3.75928,1.0005191
Kepler-10 b,-3.74293,1.0002447
Kepler-10 b,-3.72658,1.0001398
Kepler-10 b,-3.71024,1.0000924
Kepler-10 b,-3.69389,1.0001019
Kepler-10 b,-3.67755,1.0000506
Kepler-10 b,-3.66120,0.9998394
Kepler-10 b,-3.64485,0.9997845
Kepler-10 b,-3.62851,0.9996895
Kepler-10 b,-3.61216,1.0000675
Kepler-10 b,-3.59581,1.0001724
Kepler-10 b,-3.57947,1.0003996
Kepler-10 b,-3.56312,1.0003667
Kepler-10 b,-3.54678,0.9999850
Kepler-10 b,-3.53043,0.9996582
Kepler-10 b,-3.51408,0.9997507
Kepler-10 b,-3.49774,0.9997639
Kepler-10 b,-3.48139,1.0004125
Kepler-10 b,-3.46504,0.9994767
Kepler-10 b,-3.44869,0.9998836
Kepler-10 b,-3.43235,0.9999057
Kepler-10 b,-3.41600,0.9997695
Kepler-10 b,-3.39966,1.0001664
Kepler-10 b,-3.38331,0.9998965
Kepler-10 b,-3.36696,0.9999248
Kepler-10 b,-3.35061,1.0001418
Kepler-10 b,-3.33427,0.9998277
Kepler-10 b,-3.31792,1.0000891
Kepler-10 b,-3.30158,0.9996917
Kepler-10 b,-3.28523,0.9999865
Kepler-10 b,-3.26888,0.9997054
Kepler-10 b,-3.25254,0.9999054
Kepler-10 b,-3.23619,1.0000521
Kepler-10 b,-3.21984,0.9997313
Kepler-10 b,-3.20350,0.9998108
Kepler-10 b,-3.18715,0.9998490
Kepler-10 b,-3.17080,0.9997273
Kepler-10 b,-3.15446,0.9999918
Kepler-10 b,-3.13811,1.0001984
Kepler-10 b,-3.12177,1.0004104
Kepler-10 b,-3.10542,0.9997363
Kepler-10 b,-3.08907,1.0000590
Kepler-10 b,-3.07273,1.0000738
Kepler-10 b,-3.05638,0.9999403
Kepler-10 b,-3.04003,0.9999033
Kepler-10 b,-3.02369,0.9997741
Kepler-10 b,-3.00734,1.0001894
Kepler-10 b,-2.99100,1.0001476
Kepler-10 b,-2.97465,1.0001948
Kepler-10 b,-2.95830,0.9998411
Kepler-10 b,-2.94196,0.9999901
Kepler-10 b,-2.92561,0.9998960
Kepler-10 b,-2.90926,0.9998752
Kepler-10 b,-2.89292,1.0006811
Kepler-10 b,-2.87657,0.9999489
Kepler-10 b,-2.86022,1.0001500
Kepler-10 b,-2.84388,1.0001966
Kepler-10 b,-2.82753,1.0001421
Kepler-10 b,-2.81118,1.0000213
Kepler-10 b,-2.79484,0.9999591
Kepler-10 b,-2.77849,0.9996097
Kepler-10 b,-2.76214,0.9999099
Kepler-10 b,-2.74580,0.9994865
Kepler-10 b,-2.72945,0.9997601
Kepler-10 b,-2.71310,1.0003165
Kepler-10 b,-2.69676,1.0003790
Kepler-10 b,-2.68041,0.9999147
Kepler-10 b,-2.66406,1.0000204
Kepler-10 b,-2.64772,1.0001247
Kepler-10 b,-2.63137,1.0001382
Kepler-10 b,-2.61503,0.9997536
Kepler-10 b,-2.59868,1.0000122
Kepler-10 b,-2.58233,1.0002411
Kepler-10 b,-2.56599,1.0002734
Kepler-10 b,-2.54964,1.0000425
Kepler-10 b,-2.53329,1.0000393
Kepler-10 b,-2.51694,0.9996164
Kepler-10 b,-2.50060,1.0000251
Kepler-10 b,-2.48425,0.9999940
Kepler-10 b,-2.46791,0.9997786
Kepler-10 b,-2.45156,0.9997696
Kepler-10 b,-2.43521,1.0000393
Kepler-10 b,-2.41887,0.9997457
Kepler-10 b,-2.40252,1.0002638
Kepler-10 b,-2.38617,0.9999414
Kepler-10 b,-2.36983,0.9999128
Kepler-10 b,-2.35348,1.0002138
Kepler-10 b,-2.33714,0.9999441
Kepler-10 b,-2.32079,1.0000103
Kepler-10 b,-2.30444,0.9997200
Kepler-10 b,-2.28810,0.9999315
Kepler-10 b,-2.27175,1.0000344
Kepler-10 b,-2.25540,0.9997916
Kepler-10 b,-2.23906,0.9997842
Kepler-10 b,-2.22271,1.0003466
Kepler-10 b,-2.20636,0.9995708
Kepler-10 b,-2.19002,1.0001786
Kepler-10 b,-2.17367,1.0005518
Kepler-10 b,-2.15732,0.9996658
Kepler-10 b,-2.14098,1.0002901
Kepler-10 b,-2.12463,0.9999224
Kepler-10 b,-2.10828,0.9997593
Kepler-10 b,-2.09194,1.0000894
Kepler-10 b,-2.07559,1.0000258
Kepler-10 b,-2.05924,1.0000076
Kepler-10 b,-2.04290,1.0000764
Kepler-10 b,-2.02655,1.0003930
Kepler-10 b,-2.01020,1.0001108
Kepler-10 b,-1.99386,1.0002607
Kepler-10 b,-1.97751,0.9999534
Kepler-10 b,-1.96117,0.9998350
Kepler-10 b,-1.94482,1.0001030
Kepler-10 b,-1.92847,1.0000293
Kepler-10 b,-1.91213,0.9998926
Kepler-10 b,-1.89578,1.0000414
Kepler-10 b,-1.87943,1.0003199
Kepler-10 b,-1.86309,1.0001600
Kepler-10 b,-1.84674,0.9998226
Kepler-10 b,-1.83040,1.0000723
Kepler-10 b,-1.81405,0.9998227
Kepler-10 b,-1.79770,1.0001619
Kepler-10 b,-1.78136,1.0001492
Kepler-10 b,-1.76501,0.9997159
Kepler-10 b,-1.74866,1.0000851
Kepler-10 b,-1.73232,0.9999509
Kepler-10 b,-1.71597,0.9999726
Kepler-10 b,-1.69962,0.9996738
Kepler-10 b,-1.68328,1.0000627
Kepler-10 b,-1.66693,1.0004915
Kepler-10 b,-1.65058,0.9997913
Kepler-10 b,-1.63424,1.0002876
Kepler-10 b,-1.61789,1.0000766
Kepler-10 b,-1.60154,1.0000661
Kepler-10 b,-1.58520,0.9998880
Kepler-10 b,-1.56885,1.0003897
Kepler-10 b,-1.55250,0.9995994
Kepler-10 b,-1.53616,1.0005152
Kepler-10 b,-1.51981,0.9999429
Kepler-10 b,-1.50346,0.9997584
Kepler-10 b,-1.48712,1.0001697
Kepler-10 b,-1.47077,0.9997494
Kepler-10 b,-1.45442,1.0000107
Kepler-10 b,-1.43808,1.0000488
Kepler-10 b,-1.42173,1.0001111
Kepler-10 b,-1.40539,1.0000131
Kepler-10 b,-1.38904,0.9993331
Kepler-10 b,-1.37269,1.0000879
Kepler-10 b,-1.35635,1.0003542
Kepler-10 b,-1.34000,0.9997645
Kepler-10 b,-1.32365,1.0000850
Kepler-10 b,-1.30731,0.9998172
Kepler-10 b,-1.29096,1.0002563
Kepler-10 b,-1.27462,1.0001030
Kepler-10 b,-1.25827,1.0003585
Kepler-10 b,-1.24192,1.0003631
Kepler-10 b,-1.22558,1.0002204
Kepler-10 b,-1.20923,0.9999684
Kepler-10 b,-1.19288,1.0004582
Kepler-10 b,-1.17654,1.0001658
Kepler-10 b,-1.16019,1.0002169
Kepler-10 b,-1.14384,1.0001029
Kepler-10 b,-1.12750,1.0004179
Kepler-10 b,-1.11115,1.0000810
Kepler-10 b,-1.09480,0.9999846
Kepler-10 b,-1.07846,1.0001805
Kepler-10 b,-1.06211,0.9998032
Kepler-10 b,-1.04576,1.0007269
Kepler-10 b,-1.02942,0.9999546
Kepler-10 b,-1.01307,0.9998938
Kepler-10 b,-0.99672,0.9998088
Kepler-10 b,-0.98038,1.0000886
Kepler-10 b,-0.96403,1.0000735
Kepler-10 b,-0.94768,0.9999056
Kepler-10 b,-0.93134,1.0001993
Kepler-10 b,-0.91499,1.0002909
Kepler-10 b,-0.89865,0.9999430
Kepler-10 b,-0.88230,1.0001734
Kepler-10 b,-0.86595,0.9998904
Kepler-10 b,-0.84961,0.9998091
Kepler-10 b,-0.83326,0.9997448
Kepler-10 b,-0.81691,0.9993129
Kepler-10 b,-0.80057,1.0001267
Kepler-10 b,-0.78422,0.9995631
Kepler-10 b,-0.76788,1.0001707
Kepler-10 b,-0.75153,0.9997724
Kepler-10 b,-0.73518,0.9997813
Kepler-10 b,-0.71884,0.9997893
Kepler-10 b,-0.70249,1.0000509
Kepler-10 b,-0.68614,0.9999286
Kepler-10 b,-0.66979,1.0000921
Kepler-10 b,-0.65345,0.9998448
Kepler-10 b,-0.63710,0.9995347
Kepler-10 b,-0.62076,0.9993292
Kepler-10 b,-0.60441,0.9999366
Kepler-10 b,-0.58806,0.9994416
Kepler-10 b,-0.57172,0.9996655
Kepler-10 b,-0.55537,0.9994894
Kepler-10 b,-0.53902,0.9992625
Kepler-10 b,-0.52268,0.9992544
Kepler-10 b,-0.50633,0.9996884
Kepler-10 b,-0.48998,0.9999523
Kepler-10 b,-0.47364,0.9998927
Kepler-10 b,-0.45729,0.9998292
Kepler-10 b,-0.44094,0.9998255
Kepler-10 b,-0.42460,0.9996590
Kepler-10 b,-0.40825,0.9997917
Kepler-10 b,-0.39190,0.9992495
Kepler-10 b,-0.37556,0.9999472
Kepler-10 b,-0.35921,0.9998812
Kepler-10 b,-0.34287,1.0001180
Kepler-10 b,-0.32652,1.0000976
Kepler-10 b,-0.31017,0.9991520
Kepler-10 b,-0.29382,0.9996522
Kepler-10 b,-0.27748,0.9996300
Kepler-10 b,-0.26113,0.9993991
Kepler-10 b,-0.24479,0.9999018
Kepler-10 b,-0.22844,1.0000607
Kepler-10 b,-0.21209,0.9998974
Kepler-10 b,-0.19575,0.9997091
Kepler-10 b,-0.17940,0.9996211
Kepler-10 b,-0.16305,0.9996302
Kepler-10 b,-0.14671,0.9996504
Kepler-10 b,-0.13036,0.9996208
Kepler-10 b,-0.11402,0.9997520
Kepler-10 b,-0.09767,0.9997601
Kepler-10 b,-0.08132,0.9997534
Kepler-10 b,-0.06498,0.9997914
Kepler-10 b,-0.04863,1.0000516
Kepler-10 b,-0.03228,0.9996607
Kepler-10 b,-0.01594,0.9998784
Kepler-10 b,0.00041,0.9997709
Kepler-10 b,0.01675,0.9998902
Kepler-10 b,0.03310,0.9997633
Kepler-10 b,0.04945,1.0000975
Kepler-10 b,0.06580,1.0000100
Kepler-10 b,0.08214,0.9998858
Kepler-10 b,0.09849,0.9997876
Kepler-10 b,0.11484,0.9996480
Kepler-10 b,0.13118,0.9999583
Kepler-10 b,0.14753,0.9996230
Kepler-10 b,0.16387,1.0000537
Kepler-10 b,0.18022,1.0002257
Kepler-10 b,0.19657,0.9999184
Kepler-10 b,0.21292,0.9998115
Kepler-10 b,0.22926,0.9999423
Kepler-10 b,0.24561,0.9995435
Kepler-10 b,0.26196,0.9995497
Kepler-10 b,0.27830,1.0003151
Kepler-10 b,0.29465,0.9997789
Kepler-10 b,0.31099,0.9999374
Kepler-10 b,0.32734,0.9999281
Kepler-10 b,0.34369,0.9999999
Kepler-10 b,0.36003,0.9996177
Kepler-10 b,0.37638,0.9997810
Kepler-10 b,0.39273,0.9998902
Kepler-10 b,0.40907,0.9998052
Kepler-10 b,0.42542,0.9996891
Kepler-10 b,0.44176,0.9999899
Kepler-10 b,0.45811,0.9999274
Kepler-10 b,0.47446,0.9998463
Kepler-10 b,0.49080,0.9995336
Kepler-10 b,0.50715,0.9999339
Kepler-10 b,0.52350,0.9996197
Kepler-10 b,0.53984,0.9997743
Kepler-10 b,0.55619,0.9997743
Kepler-10 b,0.57253,0.9995638
Kepler-10 b,0.58888,0.9994503
Kepler-10 b,0.60523,0.9997791
Kepler-10 b,0.62158,0.9998532
Kepler-10 b,0.63792,0.9997188
Kepler-10 b,0.65427,0.9992567
Kepler-10 b,0.67061,0.9997844
Kepler-10 b,0.68696,0.9995178
Kepler-10 b,0.70331,0.9995802
Kepler-10 b,0.71966,0.9998033
Kepler-10 b,0.73600,0.9994825
Kepler-10 b,0.75235,0.9993301
Kepler-10 b,0.76870,0.9997772
Kepler-10 b,0.78504,0.9999168
Kepler-10 b,0.80139,0.9997333
Kepler-10 b,0.81773,0.9996721
Kepler-10 b,0.83408,0.9999327
Kepler-10 b,0.85043,0.9997444
Kepler-10 b,0.86677,0.9999407
Kepler-10 b,0.88312,1.0001004
Kepler-10 b,0.89947,0.9998750
Kepler-10 b,0.91581,1.0001611
Kepler-10 b,0.93216,1.0001233
Kepler-10 b,0.94850,0.9998694
Kepler-10 b,0.96485,0.9995233
Kepler-10 b,0.98120,1.0001603
Kepler-10 b,0.99754,0.9998693
Kepler-10 b,1.01389,0.9998674
Kepler-10 b,1.03024,0.9997467
Kepler-10 b,1.04659,1.0000685
Kepler-10 b,1.06293,1.0000968
Kepler-10 b,1.07928,0.9996586
Kepler-10 b,1.09562,1.0000466
Kepler-10 b,1.11197,1.0001241
Kepler-10 b,1.12832,1.0002103
Kepler-10 b,1.14466,1.0000369
Kepler-10 b,1.16101,1.0000089
Kepler-10 b,1.17736,1.0003243
Kepler-10 b,1.19370,0.9997932
Kepler-10 b,1.21005,0.9999850
Kepler-10 b,1.22639,1.0000910
Kepler-10 b,1.24274,1.0002032
Kepler-10 b,1.25909,1.0000131
Kepler-10 b,1.27543,1.0000816
Kepler-10 b,1.29178,1.0002919
Kepler-10 b,1.30813,1.0001486
Kepler-10 b,1.32448,0.9999968
Kepler-10 b,1.34082,0.9999069
Kepler-10 b,1.35717,1.0000194
Kepler-10 b,1.37351,0.9997883
Kepler-10 b,1.38986,0.9998485
Kepler-10 b,1.40621,1.0000322
Kepler-10 b,1.42255,0.9999051
Kepler-10 b,1.43890,1.0001660
Kepler-10 b,1.45525,1.0000471
Kepler-10 b,1.47159,0.9998094
Kepler-10 b,1.48794,0.9998272
Kepler-10 b,1.50428,1.0002437
Kepler-10 b,1.52063,1.0000893
Kepler-10 b,1.53698,1.0004704
Kepler-10 b,1.55333,1.0000747
Kepler-10 b,1.56967,0.9999219
Kepler-10 b,1.58602,1.0000690
Kepler-10 b,1.60236,1.0003885
Kepler-10 b,1.61871,0.9997222
Kepler-10 b,1.63506,1.0001218
Kepler-10 b,1.65140,0.9999015
Kepler-10 b,1.66775,1.0000517
Kepler-10 b,1.68410,0.9998130
Kepler-10 b,1.70044,0.9997863
Kepler-10 b,1.71679,0.9996487
Kepler-10 b,1.73314,0.9997555
Kepler-10 b,1.74948,1.0003382
Kepler-10 b,1.76583,1.0001229
Kepler-10 b,1.78218,1.0000717
Kepler-10 b,1.79852,1.0004402
Kepler-10 b,1.81487,0.9999060
Kepler-10 b,1.83122,0.9999434
Kepler-10 b,1.84756,1.0001555
Kepler-10 b,1.86391,0.9997953
Kepler-10 b,1.88025,0.9998030
Kepler-10 b,1.89660,1.0000255
Kepler-10 b,1.91295,1.0001479
Kepler-10 b,1.92929,1.0004027
Kepler-10 b,1.94564,0.9998068
Kepler-10 b,1.96199,0.9995500
Kepler-10 b,1.97833,0.9994886
Kepler-10 b,1.99468,0.9995288
Kepler-10 b,2.01103,1.0001932
Kepler-10 b,2.02737,1.0001813
Kepler-10 b,2.04372,0.9998630
Kepler-10 b,2.06007,0.9998489
Kepler-10 b,2.07641,0.9998355
Kepler-10 b,2.09276,0.9996462
Kepler-10 b,2.10911,1.0002783
Kepler-10 b,2.12545,1.0003341
Kepler-10 b,2.14180,0.9998887
Kepler-10 b,2.15814,0.9995059
Kepler-10 b,2.17449,0.9998185
Kepler-10 b,2.19084,1.0000470
Kepler-10 b,2.20718,1.0000132
Kepler-10 b,2.22353,0.9998037
Kepler-10 b,2.23988,0.9997293
Kepler-10 b,2.25622,0.9997999
Kepler-10 b,2.27257,1.0001213
Kepler-10 b,2.28892,0.9995281
Kepler-10 b,2.30526,0.9997037
Kepler-10 b,2.32161,1.0000346
Kepler-10 b,2.33796,0.9999478
Kepler-10 b,2.35430,0.9996695
Kepler-10 b,2.37065,1.0000519
Kepler-10 b,2.38700,1.0000388
Kepler-10 b,2.40334,1.0000425
Kepler-10 b,2.41969,0.9999617
Kepler-10 b,2.43604,0.9998979
Kepler-10 b,2.45238,0.9999978
Kepler-10 b,2.46873,0.9995215
Kepler-10 b,2.48507,0.9999698
Kepler-10 b,2.50142,0.9999677
Kepler-10 b,2.51777,1.0001463
Kepler-10 b,2.53411,0.9999076
Kepler-10 b,2.55046,0.9998479
Kepler-10 b,2.56681,1.0000144
Kepler-10 b,2.58315,0.9998500
Kepler-10 b,2.59950,1.0001794
Kepler-10 b,2.61585,1.0000603
Kepler-10 b,2.63219,0.9998640
Kepler-10 b,2.64854,1.0002902
Kepler-10 b,2.66488,0.9998541
Kepler-10 b,2.68123,1.0004128
Kepler-10 b,2.69758,1.0000109
Kepler-10 b,2.71392,1.0000258
Kepler-10 b,2.73027,0.9998745
Kepler-10 b,2.74662,0.9998073
Kepler-10 b,2.76296,1.0002768
Kepler-10 b,2.77931,1.0002472
Kepler-10 b,2.79565,0.9999153
Kepler-10 b,2.81200,1.0004188
Kepler-10 b,2.82835,0.9998290
Kepler-10 b,2.84470,1.0000444
Kepler-10 b,2.86104,1.0005771
Kepler-10 b,2.87739,0.9998578
Kepler-10 b,2.89374,0.9999955
Kepler-10 b,2.91008,1.0000000
Kepler-10 b,2.92643,0.9997519
Kepler-10 b,2.94277,1.0005543
Kepler-10 b,2.95912,0.9998922
Kepler-10 b,2.97547,0.9999891
Kepler-10 b,2.99182,0.9998719
Kepler-10 b,3.00816,1.0002149
Kepler-10 b,3.02451,0.9996020
Kepler-10 b,3.04086,1.0004095
Kepler-10 b,3.05720,1.0004562
Kepler-10 b,3.07355,1.0000817
Kepler-10 b,3.08989,1.0002745
Kepler-10 b,3.10624,1.0002218
Kepler-10 b,3.12259,1.0004461
Kepler-10 b,3.13893,1.0001012
Kepler-10 b,3.15528,0.9998746
Kepler-10 b,3.17163,1.0000888
Kepler-10 b,3.18797,0.9999992
Kepler-10 b,3.20432,1.0001259
Kepler-10 b,3.22066,1.0003335
Kepler-10 b,3.23701,0.9995489
Kepler-10 b,3.25336,0.9996426
Kepler-10 b,3.26970,1.0004726
Kepler-10 b,3.28605,0.9998971
Kepler-10 b,3.30240,0.9998401
Kepler-10 b,3.31874,0.9999228
Kepler-10 b,3.33509,1.0001526
Kepler-10 b,3.35143,0.9997663
Kepler-10 b,3.36778,0.9997887
Kepler-10 b,3.38413,1.0000661
Kepler-10 b,3.40048,1.0003389
Kepler-10 b,3.41682,1.0001371
Kepler-10 b,3.43317,1.0006004
Kepler-10 b,3.44951,1.0003748
Kepler-10 b,3.46586,0.9999505
Kepler-10 b,3.48221,1.0004220
Kepler-10 b,3.49855,1.0003654
Kepler-10 b,3.51490,0.9996730
Kepler-10 b,3.53125,0.9998133
Kepler-10 b,3.54759,1.0004173
Kepler-10 b,3.56394,1.0006829
Kepler-10 b,3.58029,0.9997457
Kepler-10 b,3.59663,0.9999166
Kepler-10 b,3.61298,1.0001804
Kepler-10 b,3.62933,1.0000038
Kepler-10 b,3.64567,0.9998943
Kepler-10 b,3.66202,0.9999188
Kepler-10 b,3.67837,1.0004151
Kepler-10 b,3.69472,0.9999489
Kepler-10 b,3.71106,0.9998756
Kepler-10 b,3.72740,0.9998457
Kepler-10 b,3.74375,0.9999985
Kepler-10 b,3.76010,1.0001876
Kepler-10 b,3.77645,1.0004013
Kepler-10 b,3.79279,0.9998475
Kepler-10 b,3.80914,0.9999226
Kepler-10 b,3.82549,1.0000759
Kepler-10 b,3.84183,1.0001126
Kepler-10 b,3.85818,1.0000017
Kepler-10 b,3.87452,0.9997762
Kepler-10 b,3.89087,1.0001209
Kepler-10 b,3.90722,1.0001249
Kepler-10 b,3.92356,0.9999351
Kepler-10 b,3.93991,1.0001863
Kepler-10 b,3.95626,1.0000636
Kepler-10 b,3.97260,1.0000109
Kepler-10 b,3.98895,1.0001422
Kepler-10 b,4.00529,1.0001860
Kepler-10 b,4.02164,1.0001950
Kepler-10 b,4.03799,1.0001088
Kepler-10 b,4.05433,0.9999230
Kepler-10 b,4.07068,0.9996594
Kepler-10 b,4.08703,0.9998197
Kepler-10 b,4.10337,1.0002650
Kepler-10 b,4.11972,1.0003628
Kepler-10 b,4.13607,0.9997822
Kepler-10 b,4.15241,1.0000696
Kepler-10 b,4.16876,1.0002355
Kepler-10 b,4.18511,0.9992979
Kepler-10 b,4.20145,1.0001158
Kepler-10 b,4.21780,1.0001785
Kepler-10 b,4.23415,1.0001949
Kepler-10 b,4.25049,0.9998988
Kepler-10 b,4.26684,0.9999599
Kepler-10 b,4.28319,0.9999240
Kepler-10 b,4.29953,0.9994822
Kepler-10 b,4.31588,1.0000712
Kepler-10 b,4.33223,0.9999009
Kepler-10 b,4.34857,0.9999594
Kepler-10 b,4.36492,1.0002761
Kepler-10 b,4.38126,0.9999659
Kepler-10 b,4.39761,0.9999958
Kepler-10 b,4.41396,0.9997418
Kepler-10 b,4.43030,0.9994743
Kepler-10 b,4.44665,1.0006589
Kepler-10 b,4.46300,0.9998631
Kepler-10 b,4.47934,1.0004303
Kepler-10 b,4.49569,0.9999597
Kepler-10 b,4.51204,1.0002201
Kepler-10 b,4.52838,1.0001380
Kepler-10 b,4.54473,0.9999050
Kepler-10 b,4.56108,1.0002329
Kepler-10 b,4.57742,1.0001359
Kepler-10 b,4.59377,0.9997695
Kepler-10 b,4.61011,0.9995424
Kepler-10 b,4.62646,0.9998046
Kepler-10 b,4.64281,1.0001391
Kepler-10 b,4.65915,1.0000682
Kepler-10 b,4.67550,0.9994916
Kepler-10 b,4.69185,1.0001336
Kepler-10 b,4.70819,0.9998109
Kepler-10 b,4.72454,0.9994050
Kepler-10 b,4.74089,1.0000021
Kepler-10 b,4.75723,0.9995943
Kepler-10 b,4.77358,0.9998077
Kepler-10 b,4.78993,0.9997699
Kepler-10 b,-4.79907,0.9998705
Kepler-10 b,-4.78273,1.0000131
Kepler-10 b,-4.76638,0.9994992
Kepler-10 b,-4.75003,1.0000804
Kepler-10 b,-4.73369,0.9999405
Kepler-10 b,-4.71734,1.0000588
Kepler-10 b,-4.70099,1.0002298
Kepler-10 b,-4.68465,1.0000126
Kepler-10 b,-4.66830,0.9999067
Kepler-10 b,-4.65195,0.9996424
Kepler-10 b,-4.63561,1.0001355
Kepler-10 b,-4.61926,1.0002205
Kepler-10 b,-4.60292,1.0001223
Kepler-10 b,-4.58657,1.0002541
Kepler-10 b,-4.57022,1.0003039
Kepler-10 b,-4.55387,1.0002293
Kepler-10 b,-4.53753,0.9995643
Kepler-10 b,-4.52118,0.9996826
Kepler-10 b,-4.50483,0.9997048
Kepler-10 b,-4.48849,0.9998420
Kepler-10 b,-4.47214,0.9999141
Kepler-10 b,-4.45580,1.0002830
Kepler-10 b,-4.43945,0.9999037
Kepler-10 b,-4.42310,1.0000729
Kepler-10 b,-4.40676,0.9998589
Kepler-10 b,-4.39041,1.0000712
Kepler-10 b,-4.37406,0.9999695
Kepler-10 b,-4.35772,1.0001847
Kepler-10 b,-4.34137,1.0003332
Kepler-10 b,-4.32502,0.9999931
Kepler-10 b,-4.30868,1.0001650
Kepler-10 b,-4.29233,1.0002078
Kepler-10 b,-4.27598,0.9999872
Kepler-10 b,-4.25964,1.0004526
Kepler-10 b,-4.24329,0.9999050
Kepler-10 b,-4.22694,1.0001847
Kepler-10 b,-4.21060,1.0003285
Kepler-10 b,-4.19425,0.9999839
Kepler-10 b,-4.17790,1.0001471
Kepler-10 b,-4.16156,0.9999922
Kepler-10 b,-4.14521,1.0003718
Kepler-10 b,-4.12887,1.0000390
Kepler-10 b,-4.11252,1.0003277
Kepler-10 b,-4.09617,0.9997309
Kepler-10 b,-4.07983,1.0001909
Kepler-10 b,-4.06348,0.9998909
Kepler-10 b,-4.04713,1.0002306
Kepler-10 b,-4.03079,0.9999480
Kepler-10 b,-4.01444,0.9998966
Kepler-10 b,-3.99809,1.0003841
Kepler-10 b,-3.98175,0.9995689
Kepler-10 b,-3.96540,1.0005324
Kepler-10 b,-3.94906,0.9997229
Kepler-10 b,-3.93271,0.9999642
Kepler-10 b,-3.91636,0.9996631
Kepler-10 b,-3.90002,0.9999743
Kepler-10 b,-3.88367,1.0000851
Kepler-10 b,-3.86732,1.0001263
Kepler-10 b,-3.85098,0.9998178
Kepler-10 b,-3.83463,0.9999807
Kepler-10 b,-3.81829,1.0001336
Kepler-10 b,-3.80194,1.0001405
Kepler-10 b,-3.78559,0.9998056
Kepler-10 b,-3.76924,1.0000773
Kepler-10 b,-3.75290,0.9998706
Kepler-10 b,-3.73655,1.0001687
Kepler-10 b,-3.72020,1.0000335
Kepler-10 b,-3.70386,0.9999433
Kepler-10 b,-3.68751,1.0000666
Kepler-10 b,-3.67116,1.0000136
Kepler-10 b,-3.65482,0.9994754
Kepler-10 b,-3.63847,0.9997365
Kepler-10 b,-3.62212,1.0001264
Kepler-10 b,-3.60578,0.9998234
Kepler-10 b,-3.58943,1.0002201
Kepler-10 b,-3.57308,0.9997203
Kepler-10 b,-3.55674,1.0000549
Kepler-10 b,-3.54039,1.0001966
Kepler-10 b,-3.52405,0.9998704
Kepler-10 b,-3.50770,0.9998272
Kepler-10 b,-3.49135,0.9999922
Kepler-10 b,-3.47501,1.0000779
Kepler-10 b,-3.45866,1.0001772
Kepler-10 b,-3.44231,1.0000737
Kepler-10 b,-3.42597,0.9999522
Kepler-10 b,-3.40962,1.0000098
Kepler-10 b,-3.39328,1.0000443
Kepler-10 b,-3.37693,0.9998285
Kepler-10 b,-3.36058,0.9997623
Kepler-10 b,-3.34424,1.0000516
Kepler-10 b,-3.32789,1.0002857
Kepler-10 b,-3.31154,1.0001440
Kepler-10 b,-3.29520,0.9999104
Kepler-10 b,-3.27885,0.9998393
Kepler-10 b,-3.26251,0.9997540
Kepler-10 b,-3.24616,0.9999445
Kepler-10 b,-3.22981,0.9999295
Kepler-10 b,-3.21347,0.9999726
Kepler-10 b,-3.19712,1.0000366
Kepler-10 b,-3.18077,0.9998538
Kepler-10 b,-3.16442,1.0000163
Kepler-10 b,-3.14808,1.0002954
Kepler-10 b,-3.13173,0.9998845
Kepler-10 b,-3.11539,1.0002511
Kepler-10 b,-3.09904,1.0001874
Kepler-10 b,-3.08269,1.0003931
Kepler-10 b,-3.06634,0.9996486
Kepler-10 b,-3.05000,1.0000192
Kepler-10 b,-3.03365,0.9999362
Kepler-10 b,-3.01731,1.0001797
Kepler-10 b,-3.00096,0.9997903
Kepler-10 b,-2.98461,0.9998372
Kepler-10 b,-2.96827,1.0001039
Kepler-10 b,-2.95192,0.9997850
Kepler-10 b,-2.93557,0.9995946
Kepler-10 b,-2.91923,0.9996265
Kepler-10 b,-2.90288,1.0003924
Kepler-10 b,-2.88654,0.9999446
Kepler-10 b,-2.87019,0.9998653
Kepler-10 b,-2.85384,0.9994099
Kepler-10 b,-2.83750,0.9998123
Kepler-10 b,-2.82115,0.9997427
Kepler-10 b,-2.80480,0.9999349
Kepler-10 b,-2.78846,0.9999883
Kepler-10 b,-2.77211,0.9998304
Kepler-10 b,-2.75576,0.9998449
Kepler-10 b,-2.73942,0.9998272
Kepler-10 b,-2.72307,1.0000522
Kepler-10 b,-2.70672,0.9998291
Kepler-10 b,-2.69038,0.9998858
Kepler-10 b,-2.67403,1.0003171
Kepler-10 b,-2.65768,1.0000440
Kepler-10 b,-2.64134,1.0001311
Kepler-10 b,-2.62499,1.0000998
Kepler-10 b,-2.60865,1.0003062
Kepler-10 b,-2.59230,1.0002306
Kepler-10 b,-2.57595,1.0000191
Kepler-10 b,-2.55961,0.9998767
Kepler-10 b,-2.54326,1.0002178
Kepler-10 b,-2.52691,1.0002014
Kepler-10 b,-2.51057,0.9995532
Kepler-10 b,-2.49422,0.9999739
Kepler-10 b,-2.47787,1.0002874
Kepler-10 b,-2.46153,1.0001064
Kepler-10 b,-2.44518,1.0001494
Kepler-10 b,-2.42883,0.9996348
Kepler-10 b,-2.41249,1.0001875
Kepler-10 b,-2.39614,0.9995557
Kepler-10 b,-2.37979,0.9998658
Kepler-10 b,-2.36345,1.0000428
Kepler-10 b,-2.34710,1.0001371
Kepler-10 b,-2.33076,0.9997541
Kepler-10 b,-2.31441,0.9998709
Kepler-10 b,-2.29806,1.0001413
Kepler-10 b,-2.28171,0.9997926
Kepler-10 b,-2.26537,0.9999007
Kepler-10 b,-2.24902,1.0000884
Kepler-10 b,-2.23267,1.0000670
Kepler-10 b,-2.21633,0.9999582
Kepler-10 b,-2.19998,1.0001311
Kepler-10 b,-2.18364,0.9999294
Kepler-10 b,-2.16729,1.0001263
Kepler-10 b,-2.15094,0.9998642
Kepler-10 b,-2.13460,1.0000931
Kepler-10 b,-2.11825,0.9996414
Kepler-10 b,-2.10190,1.0000947
Kepler-10 b,-2.08556,1.0003180
Kepler-10 b,-2.06921,0.9999086
Kepler-10 b,-2.05286,1.0000901
Kepler-10 b,-2.03652,1.0002661
Kepler-10 b,-2.02017,0.9998159
Kepler-10 b,-2.00383,1.0000698
Kepler-10 b,-1.98748,1.0003390
Kepler-10 b,-1.97113,0.9999005
Kepler-10 b,-1.95479,0.9998485
Kepler-10 b,-1.93844,0.9999715
Kepler-10 b,-1.92209,1.0001866
Kepler-10 b,-1.90575,1.0001327
Kepler-10 b,-1.88940,0.9996695
Kepler-10 b,-1.87305,0.9997605
Kepler-10 b,-1.85671,0.9998643
Kepler-10 b,-1.84036,0.9998640
Kepler-10 b,-1.82402,1.0001296
Kepler-10 b,-1.80767,1.0000114
Kepler-10 b,-1.79132,1.0001189
Kepler-10 b,-1.77497,0.9997358
Kepler-10 b,-1.75863,1.0000477
Kepler-10 b,-1.74228,1.0001043
Kepler-10 b,-1.72593,1.0000595
Kepler-10 b,-1.70959,0.9998467
Kepler-10 b,-1.69324,1.0000933
Kepler-10 b,-1.67690,0.9997877
Kepler-10 b,-1.66055,0.9999511
Kepler-10 b,-1.64420,0.9999250
Kepler-10 b,-1.62786,0.9997849
Kepler-10 b,-1.61151,1.0001223
Kepler-10 b,-1.59516,0.9995050
Kepler-10 b,-1.57882,0.9998501
Kepler-10 b,-1.56247,1.0005834
Kepler-10 b,-1.54612,1.0001722
Kepler-10 b,-1.52978,0.9998816
Kepler-10 b,-1.51343,0.9999760
Kepler-10 b,-1.49708,0.9998608
Kepler-10 b,-1.48074,1.0005584
Kepler-10 b,-1.46439,0.9999566
Kepler-10 b,-1.44805,0.9999870
Kepler-10 b,-1.43170,0.9998668
Kepler-10 b,-1.41535,0.9999885
Kepler-10 b,-1.39901,0.9999026
Kepler-10 b,-1.38266,0.9995639
Kepler-10 b,-1.36631,0.9999959
Kepler-10 b,-1.34997,0.9999337
Kepler-10 b,-1.33362,1.0000169
Kepler-10 b,-1.31727,0.9998123
Kepler-10 b,-1.30093,0.9998245
Kepler-10 b,-1.28458,0.9998439
Kepler-10 b,-1.26823,0.9995739
Kepler-10 b,-1.25189,0.9994262
Kepler-10 b,-1.23554,0.9998288
Kepler-10 b,-1.21919,1.0001025
Kepler-10 b,-1.20285,0.9997099
Kepler-10 b,-1.18650,0.9997343
Kepler-10 b,-1.17016,0.9998683
Kepler-10 b,-1.15381,0.9996960
Kepler-10 b,-1.13746,0.9997518
Kepler-10 b,-1.12112,0.9999518
Kepler-10 b,-1.10477,0.9998997
Kepler-10 b,-1.08842,0.9999947
Kepler-10 b,-1.07208,0.9997084
Kepler-10 b,-1.05573,1.0000804
Kepler-10 b,-1.03939,0.9997506
Kepler-10 b,-1.02304,0.9996947
Kepler-10 b,-1.00669,1.0000880
Kepler-10 b,-0.99035,0.9998375
Kepler-10 b,-0.97400,0.9999228
Kepler-10 b,-0.95765,0.9995096
Kepler-10 b,-0.94130,0.9994572
Kepler-10 b,-0.92496,0.9996887
Kepler-10 b,-0.90861,1.0003724
Kepler-10 b,-0.89227,1.0000494
Kepler-10 b,-0.87592,1.0000308
Kepler-10 b,-0.85957,0.9998002
Kepler-10 b,-0.84323,0.9998456
Kepler-10 b,-0.82688,1.0003896
Kepler-10 b,-0.81053,0.9996822
Kepler-10 b,-0.79419,1.0001670
Kepler-10 b,-0.77784,0.9997673
Kepler-10 b,-0.76149,0.9999066
Kepler-10 b,-0.74515,0.9997159
Kepler-10 b,-0.72880,0.9998125
Kepler-10 b,-0.71245,0.9997926
Kepler-10 b,-0.69611,0.9999442
Kepler-10 b,-0.67976,0.9999424
Kepler-10 b,-0.66341,0.9997566
Kepler-10 b,-0.64707,1.0003269
Kepler-10 b,-0.63072,0.9996956
Kepler-10 b,-0.61438,0.9996317
Kepler-10 b,-0.59803,0.9995807
Kepler-10 b,-0.58168,0.9996041
Kepler-10 b,-0.56534,0.9998234
Kepler-10 b,-0.54899,0.9997187
Kepler-10 b,-0.53264,0.9997840
Kepler-10 b,-0.51630,0.9998328
Kepler-10 b,-0.49995,0.9999726
Kepler-10 b,-0.48361,0.9999320
Kepler-10 b,-0.46726,1.0001411
Kepler-10 b,-0.45091,0.9998064
Kepler-10 b,-0.43457,0.9996359
Kepler-10 b,-0.41822,0.9999897
Kepler-10 b,-0.40187,0.9997388
Kepler-10 b,-0.38552,0.9995532
Kepler-10 b,-0.36918,1.0001600
Kepler-10 b,-0.35283,0.9999809
Kepler-10 b,-0.33649,0.9995880
Kepler-10 b,-0.32014,0.9997640
Kepler-10 b,-0.30379,0.9999950
Kepler-10 b,-0.28745,0.9997297
Kepler-10 b,-0.27110,0.9997245
Kepler-10 b,-0.25475,0.9989107
Kepler-10 b,-0.23841,0.9998112
Kepler-10 b,-0.22206,0.9995351
Kepler-10 b,-0.20571,0.9996300
Kepler-10 b,-0.18937,0.9995908
Kepler-10 b,-0.17302,0.9993703
Kepler-10 b,-0.15667,0.9992954
Kepler-10 b,-0.14033,0.9994553
Kepler-10 b,-0.12398,1.0000373
Kepler-10 b,-0.10764,0.9999399
Kepler-10 b,-0.09129,0.9993471
Kepler-10 b,-0.07494,0.9992249
Kepler-10 b,-0.05860,0.9996884
Kepler-10 b,-0.04225,0.9999221
Kepler-10 b,-0.02590,0.9994225
Kepler-10 b,-0.00956,0.9999909
Kepler-10 b,0.00679,0.9998291
Kepler-10 b,0.02314,0.9997151
Kepler-10 b,0.03948,0.9998052
Kepler-10 b,0.05583,0.9996151
Kepler-10 b,0.07217,0.9998564
Kepler-10 b,0.08852,0.9993402
Kepler-10 b,0.10487,1.0000493
Kepler-10 b,0.12122,0.9999313
Kepler-10 b,0.13756,0.9998337
Kepler-10 b,0.15391,0.9995992
Kepler-10 b,0.17025,0.9996996
Kepler-10 b,0.18660,0.9998746
Kepler-10 b,0.20295,0.9996276
Kepler-10 b,0.21929,0.9994990
Kepler-10 b,0.23564,0.9996131
Kepler-10 b,0.25199,0.9999790
Kepler-10 b,0.26833,0.9997351
Kepler-10 b,0.28468,0.9994624
Kepler-10 b,0.30103,0.9995205
Kepler-10 b,0.31737,0.9999869
Kepler-10 b,0.33372,0.9999661
Kepler-10 b,0.35007,1.0001631
Kepler-10 b,0.36641,0.9997952
Kepler-10 b,0.38276,0.9997369
Kepler-10 b,0.39911,0.9998779
Kepler-10 b,0.41545,0.9999873
Kepler-10 b,0.43180,1.0002028
Kepler-10 b,0.44814,1.0000297
Kepler-10 b,0.46449,0.9997994
Kepler-10 b,0.48084,0.9998245
Kepler-10 b,0.49718,1.0000023
Kepler-10 b,0.51353,0.9995582
Kepler-10 b,0.52988,1.0000354
Kepler-10 b,0.54622,0.9998377
Kepler-10 b,0.56257,0.9998174
Kepler-10 b,0.57892,1.0001693
Kepler-10 b,0.59526,1.0001718
Kepler-10 b,0.61161,0.9999869
Kepler-10 b,0.62796,1.0000073
Kepler-10 b,0.64430,1.0001229
Kepler-10 b,0.66065,0.9998092
Kepler-10 b,0.67699,0.9997321
Kepler-10 b,0.69334,0.9999128
Kepler-10 b,0.70969,0.9997763
Kepler-10 b,0.72603,0.9998514
Kepler-10 b,0.74238,0.9995885
Kepler-10 b,0.75873,0.9993937
Kepler-10 b,0.77507,0.9999285
Kepler-10 b,0.79142,0.9999888
Kepler-10 b,0.80777,0.9999888
Kepler-10 b,0.82411,0.9999021
Kepler-10 b,0.84046,1.0000892
Kepler-10 b,0.85681,0.9996718
Kepler-10 b,0.87315,1.0000618
Kepler-10 b,0.88950,0.9999013
Kepler-10 b,0.90585,0.9998033
Kepler-10 b,0.92219,1.0000644
Kepler-10 b,0.93854,0.9999428
Kepler-10 b,0.95488,0.9997319
Kepler-10 b,0.97123,0.9998793
Kepler-10 b,0.98758,1.0000532
Kepler-10 b,1.00392,1.0002880
Kepler-10 b,1.02027,1.0000138
Kepler-10 b,1.03662,1.0000698
Kepler-10 b,1.05297,1.0000078
Kepler-10 b,1.06931,1.0000944
Kepler-10 b,1.08565,0.9996631
Kepler-10 b,1.10200,1.0002672
Kepler-10 b,1.11835,0.9997533
Kepler-10 b,1.13470,1.0001551
Kepler-10 b,1.15104,1.0001391
Kepler-10 b,1.16739,1.0000593
Kepler-10 b,1.18374,0.9999949
Kepler-10 b,1.20008,0.9998640
Kepler-10 b,1.21643,1.0000688
Kepler-10 b,1.23277,1.0000613
Kepler-10 b,1.24912,1.0003225
Kepler-10 b,1.26547,1.0000490
Kepler-10 b,1.28181,1.0002040
Kepler-10 b,1.29816,0.9994345
Kepler-10 b,1.31451,1.0000625
Kepler-10 b,1.33085,1.0044692
Kepler-10 b,1.34720,1.0001293
Kepler-10 b,1.36355,0.9998929
Kepler-10 b,1.37989,0.9999180
Kepler-10 b,1.39624,0.9998698
Kepler-10 b,1.41259,1.0000304
Kepler-10 b,1.42893,0.9999574
Kepler-10 b,1.44528,1.0005249
Kepler-10 b,1.46163,1.0000282
Kepler-10 b,1.47797,0.9997003
Kepler-10 b,1.49432,0.9995867
Kepler-10 b,1.51066,0.9997564
Kepler-10 b,1.52701,1.0003393
Kepler-10 b,1.54336,0.9997976
Kepler-10 b,1.55971,0.9997560
Kepler-10 b,1.57605,0.9996576
Kepler-10 b,1.59240,1.0000473
Kepler-10 b,1.60874,0.9997658
Kepler-10 b,1.62509,0.9999775
Kepler-10 b,1.64144,0.9998724
Kepler-10 b,1.65778,1.0000113
Kepler-10 b,1.67413,0.9998292
Kepler-10 b,1.69048,1.0000934
Kepler-10 b,1.70682,1.0001647
Kepler-10 b,1.72317,1.0003549
Kepler-10 b,1.73951,1.0000982
Kepler-10 b,1.75586,1.0003660
Kepler-10 b,1.77221,1.0002122
Kepler-10 b,1.78855,1.0002177
Kepler-10 b,1.80490,1.0000872
Kepler-10 b,1.82125,1.0000379
Kepler-10 b,1.83759,0.9997386
Kepler-10 b,1.85394,0.9998899
Kepler-10 b,1.87029,1.0003364
Kepler-10 b,1.88663,0.9997009
Kepler-10 b,1.90298,0.9997713
Kepler-10 b,1.91933,0.9998836
Kepler-10 b,1.93567,0.9998544
Kepler-10 b,1.95202,1.0001696
Kepler-10 b,1.96837,1.0002018
Kepler-10 b,1.98471,0.9998727
Kepler-10 b,2.00106,1.0001428
Kepler-10 b,2.01740,1.0000265
Kepler-10 b,2.03375,1.0001105
Kepler-10 b,2.05010,1.0002219
Kepler-10 b,2.06645,0.9994817
Kepler-10 b,2.08279,0.9997071
Kepler-10 b,2.09914,1.0001960
Kepler-10 b,2.11549,1.0000267
Kepler-10 b,2.13183,0.9998206
Kepler-10 b,2.14818,1.0000335
Kepler-10 b,2.16452,1.0000128
Kepler-10 b,2.18087,0.9998610
Kepler-10 b,2.19722,1.0001134
Kepler-10 b,2.21356,1.0002921
Kepler-10 b,2.22991,1.0001533
Kepler-10 b,2.24626,1.0002934
Kepler-10 b,2.26260,1.0001026
Kepler-10 b,2.27895,1.0002840
Kepler-10 b,2.29529,0.9996441
Kepler-10 b,2.31164,1.0003470
Kepler-10 b,2.32799,1.0000466
Kepler-10 b,2.34433,1.0000692
Kepler-10 b,2.36068,1.0001909
Kepler-10 b,2.37703,1.0001300
Kepler-10 b,2.39337,1.0002982
Kepler-10 b,2.40972,0.9998651
Kepler-10 b,2.42607,1.0002765
Kepler-10 b,2.44241,1.0001140
Kepler-10 b,2.45876,1.0000768
Kepler-10 b,2.47511,1.0001558
Kepler-10 b,2.49145,0.9997783
Kepler-10 b,2.50780,1.0001715
Kepler-10 b,2.52415,1.0003928
Kepler-10 b,2.54049,1.0003096
Kepler-10 b,2.55684,1.0007064
Kepler-10 b,2.57319,0.9998299
Kepler-10 b,2.58953,1.0001313
Kepler-10 b,2.60588,0.9999178
Kepler-10 b,2.62223,0.9996958
Kepler-10 b,2.63857,0.9997702
Kepler-10 b,2.65492,1.0003835
Kepler-10 b,2.67126,0.9996609
Kepler-10 b,2.68761,1.0000482
Kepler-10 b,2.70396,0.9999170
Kepler-10 b,2.72030,1.0002300
Kepler-10 b,2.73665,1.0000627
Kepler-10 b,2.75300,1.0001353
Kepler-10 b,2.76934,1.0000074
Kepler-10 b,2.78569,0.9998470
Kepler-10 b,2.80203,1.0000292
Kepler-10 b,2.81838,0.9999818
Kepler-10 b,2.83473,0.9999368
Kepler-10 b,2.85107,1.0005529
Kepler-10 b,2.86742,0.9998143
Kepler-10 b,2.88377,1.0001228
Kepler-10 b,2.90011,1.0003044
Kepler-10 b,2.91646,1.0004829
Kepler-10 b,2.93281,1.0002390
Kepler-10 b,2.94915,0.9998223
Kepler-10 b,2.96550,1.0001774
Kepler-10 b,2.98185,1.0000394
Kepler-10 b,2.99819,0.9999037
Kepler-10 b,3.01454,0.9997673
Kepler-10 b,3.03089,0.9996171
Kepler-10 b,3.04723,0.9999689
Kepler-10 b,3.06358,1.0001407
Kepler-10 b,3.07992,1.0001329
Kepler-10 b,3.09627,0.9996932
Kepler-10 b,3.11262,1.0002445
Kepler-10 b,3.12897,0.9993970
Kepler-10 b,3.14531,0.9997755
Kepler-10 b,3.16166,1.0000896
Kepler-10 b,3.17801,1.0000666
Kepler-10 b,3.19435,1.0001362
Kepler-10 b,3.21070,1.0005794
Kepler-10 b,3.22704,0.9999413
Kepler-10 b,3.24339,0.9998665
Kepler-10 b,3.25974,0.9999822
Kepler-10 b,3.27608,0.9997118
Kepler-10 b,3.29243,0.9998224
Kepler-10 b,3.30878,1.0001189
Kepler-10 b,3.32512,0.9999087
Kepler-10 b,3.34147,0.9998002
Kepler-10 b,3.35781,0.9997526
Kepler-10 b,3.37416,1.0000722
Kepler-10 b,3.39051,0.9998719
Kepler-10 b,3.40685,1.0000729
Kepler-10 b,3.42320,1.0000504
Kepler-10 b,3.43955,0.9998865
Kepler-10 b,3.45589,0.9999537
Kepler-10 b,3.47224,0.9994823
Kepler-10 b,3.48859,0.9998429
Kepler-10 b,3.50493,0.9996739
Kepler-10 b,3.52128,1.0001275
Kepler-10 b,3.53763,0.9999538
Kepler-10 b,3.55397,1.0000646
Kepler-10 b,3.57032,0.9995280
Kepler-10 b,3.58667,1.0002841
Kepler-10 b,3.60301,0.9998442
Kepler-10 b,3.61936,1.0001324
Kepler-10 b,3.63571,0.9999602
Kepler-10 b,3.65205,0.9998719
Kepler-10 b,3.66840,1.0000090
Kepler-10 b,3.68475,1.0001550
Kepler-10 b,3.70109,1.0000999
Kepler-10 b,3.71744,1.0000082
Kepler-10 b,3.73378,0.9999325
Kepler-10 b,3.75013,1.0001588
Kepler-10 b,3.76648,1.0002886
Kepler-10 b,3.78282,1.0001194
Kepler-10 b,3.79917,0.9998740
Kepler-10 b,3.81552,1.0000354
Kepler-10 b,3.83186,0.9999291
Kepler-10 b,3.84821,1.0000661
Kepler-10 b,3.86455,1.0001111
Kepler-10 b,3.88090,0.9999940
Kepler-10 b,3.89725,0.9998181
Kepler-10 b,3.91359,0.9998293
Kepler-10 b,3.92994,1.0001374
Kepler-10 b,3.94629,1.0000311
Kepler-10 b,3.96264,0.9999696
Kepler-10 b,3.97898,0.9998121
Kepler-10 b,3.99533,0.9996511
Kepler-10 b,4.01167,0.9999406
Kepler-10 b,4.02802,1.0001448
Kepler-10 b,4.04437,0.9998282
Kepler-10 b,4.06071,0.9997486
Kepler-10 b,4.07706,1.0001142
Kepler-10 b,4.09341,0.9999527
Kepler-10 b,4.10975,1.0002910
Kepler-10 b,4.12610,1.0001176
Kepler-10 b,4.14245,0.9996179
Kepler-10 b,4.15879,1.0003275
Kepler-10 b,4.17514,0.9996704
Kepler-10 b,4.19149,0.9999202
Kepler-10 b,4.20783,1.0000836
Kepler-10 b,4.22418,1.0001892
Kepler-10 b,4.24053,0.9999662
Kepler-10 b,4.25687,1.0000947
Kepler-10 b,4.27322,1.0000239
Kepler-10 b,4.28956,1.0001856
Kepler-10 b,4.30591,1.0000087
Kepler-10 b,4.32226,1.0002865
Kepler-10 b,4.33860,1.0001908
Kepler-10 b,4.35495,0.9998922
Kepler-10 b,4.37130,0.9999170
Kepler-10 b,4.38764,1.0001450
Kepler-10 b,4.40399,1.0000703
Kepler-10 b,4.42033,0.9998159
Kepler-10 b,4.43668,0.9999546
Kepler-10 b,4.45303,0.9999121
Kepler-10 b,4.46938,1.0002890
Kepler-10 b,4.48572,1.0002863
Kepler-10 b,4.50207,0.9999589
Kepler-10 b,4.51841,1.0000409
Kepler-10 b,4.53476,1.0000923
Kepler-10 b,4.55111,1.0000766
Kepler-10 b,4.56745,0.9999051
Kepler-10 b,4.58380,0.9998158
Kepler-10 b,4.60015,1.0001420
Kepler-10 b,4.61649,0.9998948
Kepler-10 b,4.63284,0.9997361
Kepler-10 b,4.64918,0.9998040
Kepler-10 b,4.66553,0.9996551
Kepler-10 b,4.68188,1.0000020
Kepler-10 b,4.69823,0.9999043
Kepler-10 b,4.71457,0.9999599
Kepler-10 b,4.73092,1.0000440
Kepler-10 b,4.74727,0.9994961
Kepler-10 b,4.76361,1.0001342
Kepler-10 b,4.77996,0.9997420
Kepler-10 b,4.79630,1.0002637
Kepler-10 b,-4.79270,1.0002872
Kepler-10 b,-4.77635,0.9998090
Kepler-10 b,-4.76000,1.0001913
Kepler-10 b,-4.74366,0.9995647
Kepler-10 b,-4.72731,1.0001831
Kepler-10 b,-4.71096,1.0000748
Kepler-10 b,-4.69462,0.9991392
Kepler-10 b,-4.67827,1.0000846
Kepler-10 b,-4.66192,0.9999491
Kepler-10 b,-4.64558,1.0001228
Kepler-10 b,-4.62923,0.9999040
Kepler-10 b,-4.61288,0.9999343
Kepler-10 b,-4.59654,0.9999323
Kepler-10 b,-4.58019,0.9999289
Kepler-10 b,-4.56384,0.9997953
Kepler-10 b,-4.54750,1.0000029
Kepler-10 b,-4.53115,0.9999817
Kepler-10 b,-4.51480,0.9997024
Kepler-10 b,-4.49846,1.0002002
Kepler-10 b,-4.48211,0.9997071
Kepler-10 b,-4.46577,0.9997134
Kepler-10 b,-4.44942,1.0000999
Kepler-10 b,-4.43307,1.0003706
Kepler-10 b,-4.41673,0.9997549
Kepler-10 b,-4.40038,0.9998034
Kepler-10 b,-4.38403,0.9998967
Kepler-10 b,-4.36769,0.9999899
Kepler-10 b,-4.35134,0.9999354
Kepler-10 b,-4.33500,0.9998827
Kepler-10 b,-4.31865,1.0000065
Kepler-10 b,-4.30230,1.0000503
Kepler-10 b,-4.28596,1.0000107
Kepler-10 b,-4.26961,0.9999491
Kepler-10 b,-4.25326,0.9997340
Kepler-10 b,-4.23692,1.0000160
Kepler-10 b,-4.22057,1.0002843
Kepler-10 b,-4.20423,1.0001523
Kepler-10 b,-4.18788,0.9997831
Kepler-10 b,-4.17153,0.9999327
Kepler-10 b,-4.15519,0.9999221
Kepler-10 b,-4.13884,0.9998582
Kepler-10 b,-4.12249,0.9996746
Kepler-10 b,-4.10614,0.9997602
Kepler-10 b,-4.08980,1.0001742
Kepler-10 b,-4.07345,0.9996323
Kepler-10 b,-4.05711,1.0001580
Kepler-10 b,-4.04076,0.9999431
Kepler-10 b,-4.02441,1.0003713
Kepler-10 b,-4.00806,1.0000395
Kepler-10 b,-3.99172,0.9995309
Kepler-10 b,-3.97537,1.0000336
Kepler-10 b,-3.95902,1.0002424
Kepler-10 b,-3.94268,1.0000720
Kepler-10 b,-3.92633,1.0002295
Kepler-10 b,-3.90999,1.0009563
Kepler-10 b,-3.89364,1.0002632
Kepler-10 b,-3.87729,1.0000036
Kepler-10 b,-3.86095,1.0002062
Kepler-10 b,-3.84460,0.9998789
Kepler-10 b,-3.82825,1.0001796
Kepler-10 b,-3.81191,1.0002214
Kepler-10 b,-3.79556,0.9999366
Kepler-10 b,-3.77922,1.0001071
Kepler-10 b,-3.76287,0.9998709
Kepler-10 b,-3.74652,1.0000748
Kepler-10 b,-3.73018,1.0001738
Kepler-10 b,-3.71383,1.0002277
Kepler-10 b,-3.69748,1.0000257
Kepler-10 b,-3.68114,0.9999263
Kepler-10 b,-3.66479,1.0000785
Kepler-10 b,-3.64845,1.0002409
Kepler-10 b,-3.63210,1.0000779
Kepler-10 b,-3.61575,1.0000604
Kepler-10 b,-3.59940,1.0005947
Kepler-10 b,-3.58306,1.0000456
Kepler-10 b,-3.56671,1.0000409
Kepler-10 b,-3.55037,1.0003133
Kepler-10 b,-3.53402,0.9999299
Kepler-10 b,-3.51767,1.0000657
Kepler-10 b,-3.50133,1.0001817
Kepler-10 b,-3.48498,1.0001024
Kepler-10 b,-3.46863,0.9999738
Kepler-10 b,-3.45229,1.0002564
Kepler-10 b,-3.43594,1.0000405
Kepler-10 b,-3.41959,0.9998415
Kepler-10 b,-3.40325,0.9996831
Kepler-10 b,-3.38690,1.0002061
Kepler-10 b,-3.37055,0.9999446
Kepler-10 b,-3.35421,1.0001807
Kepler-10 b,-3.33786,0.9999081
Kepler-10 b,-3.32151,1.0000684
Kepler-10 b,-3.30517,0.9997455
Kepler-10 b,-3.28882,1.0000143
Kepler-10 b,-3.27248,1.0000335
Kepler-10 b,-3.25613,0.9998985
Kepler-10 b,-3.23978,0.9995659
Kepler-10 b,-3.22344,0.9997338
Kepler-10 b,-3.20709,0.9996659
Kepler-10 b,-3.19074,1.0000400
Kepler-10 b,-3.17439,0.9995779
Kepler-10 b,-3.15805,1.0000907
Kepler-10 b,-3.14170,0.9999839
Kepler-10 b,-3.12536,1.0002687
Kepler-10 b,-3.10901,0.9999424
Kepler-10 b,-3.09266,0.9997648
Kepler-10 b,-3.07632,1.0000981
Kepler-10 b,-3.05997,0.9999996
Kepler-10 b,-3.04362,1.0002588
Kepler-10 b,-3.02728,0.9998894
Kepler-10 b,-3.01093,1.0005596
Kepler-10 b,-2.99459,1.0001018
Kepler-10 b,-2.97824,0.9998526
Kepler-10 b,-2.96189,0.9999981
Kepler-10 b,-2.94555,0.9999422
Kepler-10 b,-2.92920,1.0002166
Kepler-10 b,-2.91285,0.9998330
Kepler-10 b,-2.89651,1.0002348
Kepler-10 b,-2.88016,0.9998901
Kepler-10 b,-2.86381,1.0001376
Kepler-10 b,-2.84747,0.9999732
Kepler-10 b,-2.83112,0.9998891
Kepler-10 b,-2.81477,1.0000556
Kepler-10 b,-2.79843,0.9997804
Kepler-10 b,-2.78208,0.9999647
Kepler-10 b,-2.76573,1.0002538
Kepler-10 b,-2.74939,0.9997577
Kepler-10 b,-2.73304,0.9996459
Kepler-10 b,-2.71670,1.0001511
Kepler-10 b,-2.70035,0.9998275
Kepler-10 b,-2.68400,0.9996219
Kepler-10 b,-2.66765,1.0001280
Kepler-10 b,-2.65131,1.0000996
Kepler-10 b,-2.63496,1.0002332
Kepler-10 b,-2.61862,1.0000611
Kepler-10 b,-2.60227,1.0001648
Kepler-10 b,-2.58592,1.0001733
Kepler-10 b,-2.56958,0.9996496
Kepler-10 b,-2.55323,0.9999886
Kepler-10 b,-2.53688,0.9997848
Kepler-10 b,-2.52054,0.9998829
Kepler-10 b,-2.50419,0.9998339
Kepler-10 b,-2.48784,0.9996317
Kepler-10 b,-2.47150,0.9998193
Kepler-10 b,-2.45515,1.0000336
Kepler-10 b,-2.43881,0.9999189
Kepler-10 b,-2.42246,0.9996465
Kepler-10 b,-2.40611,0.9996730
Kepler-10 b,-2.38977,1.0002820
Kepler-10 b,-2.37342,0.9997338
Kepler-10 b,-2.35707,0.9996321
Kepler-10 b,-2.34073,0.9998230
Kepler-10 b,-2.32438,1.0002309
Kepler-10 b,-2.30803,1.0002664
Kepler-10 b,-2.29169,1.0000454
Kepler-10 b,-2.27534,1.0001322
Kepler-10 b,-2.25899,1.0002410
Kepler-10 b,-2.24265,1.0001079
Kepler-10 b,-2.22630,1.0001869
Kepler-10 b,-2.20996,0.9997317
Kepler-10 b,-2.19361,0.9996887
Kepler-10 b,-2.17726,1.0001876
Kepler-10 b,-2.16092,1.0002512
Kepler-10 b,-2.14457,0.9997825
Kepler-10 b,-2.12822,1.0000643
Kepler-10 b,-2.11187,0.9999451
Kepler-10 b,-2.09553,0.9999298
Kepler-10 b,-2.07919,1.0003383
Kepler-10 b,-2.06284,1.0001615
Kepler-10 b,-2.04649,1.0000818
Kepler-10 b,-2.03014,1.0002236
Kepler-10 b,-2.01380,0.9997402
Kepler-10 b,-1.99745,0.9999141
Kepler-10 b,-1.98110,0.9996548
Kepler-10 b,-1.96476,0.9997860
Kepler-10 b,-1.94841,1.0000829
Kepler-10 b,-1.93207,0.9998748
Kepler-10 b,-1.91572,1.0002148
Kepler-10 b,-1.89937,1.0001624
Kepler-10 b,-1.88302,0.9998548
Kepler-10 b,-1.86668,1.0001783
Kepler-10 b,-1.85033,0.9997194
Kepler-10 b,-1.83398,0.9999572
Kepler-10 b,-1.81764,0.9998087
Kepler-10 b,-1.80129,1.0002887
Kepler-10 b,-1.78495,0.9999691
Kepler-10 b,-1.76860,0.9998634
Kepler-10 b,-1.75225,1.0002461
Kepler-10 b,-1.73591,0.9999369
Kepler-10 b,-1.71956,0.9998612
Kepler-10 b,-1.70321,0.9997945
Kepler-10 b,-1.68687,1.0000163
Kepler-10 b,-1.67052,1.0000791
Kepler-10 b,-1.65418,0.9999614
Kepler-10 b,-1.63783,0.9999303
Kepler-10 b,-1.62148,0.9999830
Kepler-10 b,-1.60513,1.0005546
Kepler-10 b,-1.58879,0.9998736
Kepler-10 b,-1.57244,1.0004207
Kepler-10 b,-1.55610,1.0000797
Kepler-10 b,-1.53975,0.9998835
Kepler-10 b,-1.52340,1.0001086
Kepler-10 b,-1.50706,0.9998411
Kepler-10 b,-1.49071,1.0000655
Kepler-10 b,-1.47436,1.0000249
Kepler-10 b,-1.45802,0.9999408
Kepler-10 b,-1.44167,0.9998217
Kepler-10 b,-1.42533,0.9998936
Kepler-10 b,-1.40898,1.0000340
Kepler-10 b,-1.39263,1.0000904
Kepler-10 b,-1.37629,1.0001099
Kepler-10 b,-1.35994,0.9996815
Kepler-10 b,-1.34359,0.9994241
Kepler-10 b,-1.32725,0.9998992
Kepler-10 b,-1.31090,1.0004620
Kepler-10 b,-1.29455,0.9999329
Kepler-10 b,-1.27821,1.0002484
Kepler-10 b,-1.26186,1.0001168
Kepler-10 b,-1.24551,1.0001718
Kepler-10 b,-1.22917,0.9999515
Kepler-10 b,-1.21282,1.0000547
Kepler-10 b,-1.19647,1.0001047
Kepler-10 b,-1.18012,1.0000062
Kepler-10 b,-1.16378,0.9998894
Kepler-10 b,-1.14744,0.9998108
Kepler-10 b,-1.13109,1.0000666
Kepler-10 b,-1.11474,1.0001615
Kepler-10 b,-1.09839,1.0001903
Kepler-10 b,-1.08205,1.0000579
Kepler-10 b,-1.06570,1.0003819
Kepler-10 b,-1.04935,0.9999659
Kepler-10 b,-1.03301,0.9998664
Kepler-10 b,-1.01666,1.0001359
Kepler-10 b,-1.00032,1.0000670
Kepler-10 b,-0.98397,1.0001855
Kepler-10 b,-0.96762,1.0006636
Kepler-10 b,-0.95128,1.0004597
Kepler-10 b,-0.93493,1.0001294
Kepler-10 b,-0.91858,0.9998005
Kepler-10 b,-0.90224,1.0000682
Kepler-10 b,-0.88589,1.0002607
Kepler-10 b,-0.86955,0.9997970
Kepler-10 b,-0.85320,0.9998323
Kepler-10 b,-0.83685,0.9994045
Kepler-10 b,-0.82051,0.9996527
Kepler-10 b,-0.80416,0.9997126
Kepler-10 b,-0.78781,0.9999542
Kepler-10 b,-0.77147,0.9996707
Kepler-10 b,-0.75512,0.9997608
Kepler-10 b,-0.73877,0.9999729
Kepler-10 b,-0.72243,0.9997090
Kepler-10 b,-0.70608,0.9996705
Kepler-10 b,-0.68973,0.9996271
Kepler-10 b,-0.67339,0.9997319
Kepler-10 b,-0.65704,0.9997983
Kepler-10 b,-0.64070,0.9998045
Kepler-10 b,-0.62435,0.9996490
Kepler-10 b,-0.60800,1.0001975
Kepler-10 b,-0.59165,0.9995195
Kepler-10 b,-0.57531,0.9996402
Kepler-10 b,-0.55896,0.9998251
Kepler-10 b,-0.54261,1.0000690
Kepler-10 b,-0.52627,0.9998588
Kepler-10 b,-0.50992,1.0002519
Kepler-10 b,-0.49358,1.0001271
Kepler-10 b,-0.47723,0.9995412
Kepler-10 b,-0.46088,0.9999735
Kepler-10 b,-0.44454,0.9995781
Kepler-10 b,-0.42819,0.9995694
Kepler-10 b,-0.41184,0.9998784
Kepler-10 b,-0.39550,0.9997673
Kepler-10 b,-0.37915,0.9997865
Kepler-10 b,-0.36280,0.9997667
Kepler-10 b,-0.34646,0.9999785
Kepler-10 b,-0.33011,0.9998988
Kepler-10 b,-0.31377,0.9995262
Kepler-10 b,-0.29742,1.0000268
Kepler-10 b,-0.28107,1.0000532
Kepler-10 b,-0.26473,0.9995171
Kepler-10 b,-0.24838,0.9995575
Kepler-10 b,-0.23203,0.9998588
Kepler-10 b,-0.21569,0.9995868
Kepler-10 b,-0.19934,0.9998186
Kepler-10 b,-0.18299,1.0000519
Kepler-10 b,-0.16665,0.9997478
Kepler-10 b,-0.15030,0.9997179
Kepler-10 b,-0.13395,0.9996426
Kepler-10 b,-0.11761,1.0002428
Kepler-10 b,-0.10126,1.0001139
Kepler-10 b,-0.08491,0.9999118
Kepler-10 b,-0.06857,0.9998592
Kepler-10 b,-0.05222,0.9999597
Kepler-10 b,-0.03587,1.0001389
Kepler-10 b,-0.01953,1.0001859
Kepler-10 b,-0.00318,0.9998417
Kepler-10 b,0.01317,0.9998599
Kepler-10 b,0.02951,0.9996452
Kepler-10 b,0.04586,0.9997333
Kepler-10 b,0.06220,0.9999127
Kepler-10 b,0.07855,0.9999627
Kepler-10 b,0.09490,0.9995364
Kepler-10 b,0.11124,0.9997405
Kepler-10 b,0.12759,0.9994257
Kepler-10 b,0.14394,0.9995796
Kepler-10 b,0.16028,0.9999027
Kepler-10 b,0.17663,0.9996048
Kepler-10 b,0.19297,1.0001263
Kepler-10 b,0.20932,0.9997837
Kepler-10 b,0.22567,0.9998464
Kepler-10 b,0.24201,1.0001287
Kepler-10 b,0.25836,0.9997908
Kepler-10 b,0.27471,0.9996949
Kepler-10 b,0.29105,0.9997971
Kepler-10 b,0.30740,0.9993609
Kepler-10 b,0.32375,0.9999105
Kepler-10 b,0.34009,0.9997375
Kepler-10 b,0.35644,0.9999784
Kepler-10 b,0.37279,0.9997518
Kepler-10 b,0.38913,0.9998337
Kepler-10 b,0.40548,0.9998787
Kepler-10 b,0.42182,0.9999703
Kepler-10 b,0.43817,0.9999199
Kepler-10 b,0.45452,0.9997041
Kepler-10 b,0.47087,0.9999226
Kepler-10 b,0.48721,0.9997196
Kepler-10 b,0.50356,1.0002142
Kepler-10 b,0.51991,0.9997643
Kepler-10 b,0.53625,0.9995113
Kepler-10 b,0.55260,0.9998731
Kepler-10 b,0.56894,0.9997652
Kepler-10 b,0.58529,0.9997920
Kepler-10 b,0.60164,0.9996292
Kepler-10 b,0.61798,0.9995867
Kepler-10 b,0.63433,0.9997751
Kepler-10 b,0.65068,1.0000971
Kepler-10 b,0.66702,0.9999320
Kepler-10 b,0.68337,0.9997244
Kepler-10 b,0.69971,0.9999473
Kepler-10 b,0.71606,0.9999503
Kepler-10 b,0.73241,0.9998405
Kepler-10 b,0.74875,0.9995499
Kepler-10 b,0.76510,1.0002005
Kepler-10 b,0.78145,0.9999439
Kepler-10 b,0.79779,0.9998165
Kepler-10 b,0.81414,1.0003257
Kepler-10 b,0.83049,0.9999126
Kepler-10 b,0.84683,0.9997437
Kepler-10 b,0.86318,0.9993607
Kepler-10 b,0.87953,0.9995848
Kepler-10 b,0.89587,1.0001656
Kepler-10 b,0.91222,1.0000832
Kepler-10 b,0.92857,1.0003372
Kepler-10 b,0.94491,1.0006855
Kepler-10 b,0.96126,0.9994546
Kepler-10 b,0.97761,0.9996915
Kepler-10 b,0.99395,0.9998082
Kepler-10 b,1.01030,0.9998890
Kepler-10 b,1.02665,0.9999704
Kepler-10 b,1.04299,0.9997100
Kepler-10 b,1.05934,0.9998075
Kepler-10 b,1.07569,1.0000731
Kepler-10 b,1.09203,1.0002088
Kepler-10 b,1.10838,1.0004437
Kepler-10 b,1.12472,1.0002356
Kepler-10 b,1.14107,0.9997260
Kepler-10 b,1.15742,1.0001875
Kepler-10 b,1.17376,1.0000022
Kepler-10 b,1.19011,0.9997941
Kepler-10 b,1.20646,1.0002970
Kepler-10 b,1.22280,0.9999805
Kepler-10 b,1.23915,0.9998422
Kepler-10 b,1.25549,0.9998591
Kepler-10 b,1.27184,1.0000854
Kepler-10 b,1.28819,1.0002213
Kepler-10 b,1.30453,1.0001028
Kepler-10 b,1.32088,0.9998595
Kepler-10 b,1.33723,1.0000778
Kepler-10 b,1.35357,1.0000271
Kepler-10 b,1.36992,0.9997258
Kepler-10 b,1.38627,0.9999800
Kepler-10 b,1.40261,0.9998650
Kepler-10 b,1.41896,1.0001711
Kepler-10 b,1.43531,1.0000219
Kepler-10 b,1.45165,1.0004310
Kepler-10 b,1.46800,1.0000727
Kepler-10 b,1.48435,1.0000692
Kepler-10 b,1.50069,0.9997680
Kepler-10 b,1.51704,1.0001377
Kepler-10 b,1.53339,1.0002963
Kepler-10 b,1.54973,1.0000727
Kepler-10 b,1.56608,0.9999079
Kepler-10 b,1.58243,1.0003820
Kepler-10 b,1.59877,1.0000251
Kepler-10 b,1.61512,1.0000309
Kepler-10 b,1.63146,1.0000239
Kepler-10 b,1.64781,0.9998926
Kepler-10 b,1.66416,1.0001077
Kepler-10 b,1.68050,1.0006594
Kepler-10 b,1.69685,0.9998595
Kepler-10 b,1.71320,0.9994897
Kepler-10 b,1.72954,1.0003271
Kepler-10 b,1.74589,0.9997981
Kepler-10 b,1.76223,0.9997462
Kepler-10 b,1.77858,1.0002910
Kepler-10 b,1.79493,1.0000993
Kepler-10 b,1.81127,0.9996584
Kepler-10 b,1.82762,1.0000465
Kepler-10 b,1.84397,1.0002632
Kepler-10 b,1.86031,1.0004259
Kepler-10 b,1.87666,1.0002544
Kepler-10 b,1.89301,0.9999452
Kepler-10 b,1.90935,1.0000617
Kepler-10 b,1.92570,0.9999514
Kepler-10 b,1.94205,1.0001204
Kepler-10 b,1.95839,1.0000068
Kepler-10 b,1.97474,1.0000511
Kepler-10 b,1.99109,1.0004075
Kepler-10 b,2.00743,1.0000810
Kepler-10 b,2.02378,1.0000961
Kepler-10 b,2.04013,1.0000606
Kepler-10 b,2.05647,0.9998568
Kepler-10 b,2.07282,1.0001347
Kepler-10 b,2.08917,1.0001308
Kepler-10 b,2.10551,1.0002298
Kepler-10 b,2.12186,0.9999916
Kepler-10 b,2.13820,1.0002595
Kepler-10 b,2.15455,1.0000709
Kepler-10 b,2.17090,1.0004463
Kepler-10 b,2.18724,1.0003208
Kepler-10 b,2.20359,1.0003452
Kepler-10 b,2.21994,1.0001297
Kepler-10 b,2.23628,0.9997479
Kepler-10 b,2.25263,1.0002201
Kepler-10 b,2.26897,0.9999363
Kepler-10 b,2.28532,0.9995051
Kepler-10 b,2.30167,0.9998797
Kepler-10 b,2.31801,0.9999865
Kepler-10 b,2.33436,1.0000575
Kepler-10 b,2.35071,1.0000366
Kepler-10 b,2.36705,0.9994335
Kepler-10 b,2.38340,1.0003230
Kepler-10 b,2.39975,1.0001673
Kepler-10 b,2.41609,1.0002630
Kepler-10 b,2.43244,1.0001161
Kepler-10 b,2.44879,0.9997427
Kepler-10 b,2.46513,1.0001875
Kepler-10 b,2.48148,1.0004694
Kepler-10 b,2.49783,0.9999625
Kepler-10 b,2.51417,1.0001370
Kepler-10 b,2.53052,1.0000447
Kepler-10 b,2.54687,1.0005887
Kepler-10 b,2.56321,0.9998624
Kepler-10 b,2.57956,0.9997824
Kepler-10 b,2.59591,0.9997220
Kepler-10 b,2.61225,0.9999446
Kepler-10 b,2.62860,1.0001291
Kepler-10 b,2.64495,0.9996629
Kepler-10 b,2.66129,0.9996186
Kepler-10 b,2.67764,0.9999599
Kepler-10 b,2.69398,1.0000108
Kepler-10 b,2.71033,1.0000809
Kepler-10 b,2.72668,0.9999984
Kepler-10 b,2.74302,1.0002548
Kepler-10 b,2.75937,1.0002594
Kepler-10 b,2.77572,1.0000898
Kepler-10 b,2.79206,1.0001936
Kepler-10 b,2.80841,1.0000945
Kepler-10 b,2.82475,1.0001312
Kepler-10 b,2.84110,1.0002203
Kepler-10 b,2.85745,1.0000528
Kepler-10 b,2.87379,1.0001388
Kepler-10 b,2.89014,1.0001769
Kepler-10 b,2.90649,1.0000228
Kepler-10 b,2.92283,1.0001194
Kepler-10 b,2.93918,1.0001633
Kepler-10 b,2.95553,0.9999442
Kepler-10 b,2.97187,0.9996983
Kepler-10 b,2.98822,0.9999941
Kepler-10 b,3.00457,1.0001493
Kepler-10 b,3.02091,0.9999754
Kepler-10 b,3.03726,1.0000789
Kepler-10 b,3.05361,1.0002785
Kepler-10 b,3.06995,1.0001570
Kepler-10 b,3.08630,1.0002646
Kepler-10 b,3.10265,0.9999737
Kepler-10 b,3.11899,1.0004252
Kepler-10 b,3.13534,1.0000864
Kepler-10 b,3.15169,1.0001102
Kepler-10 b,3.16803,0.9998396
Kepler-10 b,3.18438,1.0002575
Kepler-10 b,3.20072,1.0000788
Kepler-10 b,3.21707,1.0004638
Kepler-10 b,3.23342,1.0002057
Kepler-10 b,3.24976,0.9997661
Kepler-10 b,3.26611,0.9996052
Kepler-10 b,3.28246,1.0000372
Kepler-10 b,3.29880,1.0003536
Kepler-10 b,3.31515,0.9998394
Kepler-10 b,3.33149,1.0000789
Kepler-10 b,3.34784,0.9997685
Kepler-10 b,3.36419,1.0004634
Kepler-10 b,3.38053,1.0002655
Kepler-10 b,3.39688,1.0004311
Kepler-10 b,3.41323,0.9999429
Kepler-10 b,3.42957,1.0002708
Kepler-10 b,3.44592,0.9997982
Kepler-10 b,3.46227,0.9998296
Kepler-10 b,3.47861,0.9998449
Kepler-10 b,3.49496,1.0002832
Kepler-10 b,3.51131,1.0000930
Kepler-10 b,3.52765,0.9999549
Kepler-10 b,3.54400,0.9999602
Kepler-10 b,3.56035,1.0001066
Kepler-10 b,3.57669,0.9997986
Kepler-10 b,3.59304,1.0001474
Kepler-10 b,3.60939,0.9995070
Kepler-10 b,3.62573,1.0000176
Kepler-10 b,3.64208,0.9997771
Kepler-10 b,3.65843,0.9998879
Kepler-10 b,3.67477,1.0001784
Kepler-10 b,3.69112,1.0000474
Kepler-10 b,3.70747,0.9996753
Kepler-10 b,3.72381,0.9982129
Kepler-10 b,3.74016,0.9998406
Kepler-10 b,3.75650,0.9996033
Kepler-10 b,3.77285,1.0002069
Kepler-10 b,3.78920,0.9999288
Kepler-10 b,3.80554,0.9997837
Kepler-10 b,3.82189,0.9998573
Kepler-10 b,3.83824,0.9998748
Kepler-10 b,3.85458,1.0000844
Kepler-10 b,3.87093,0.9998601
Kepler-10 b,3.88727,1.0000606
Kepler-10 b,3.90362,1.0002669
Kepler-10 b,3.91997,1.0001159
Kepler-10 b,3.93631,0.9997768
Kepler-10 b,3.95266,0.9996621
Kepler-10 b,3.96901,1.0001869
Kepler-10 b,3.98536,0.9998765
Kepler-10 b,4.00170,1.0001559
Kepler-10 b,4.01805,0.9994023
Kepler-10 b,4.03439,0.9998887
Kepler-10 b,4.05074,0.9998666
Kepler-10 b,4.06709,0.9998829
Kepler-10 b,4.08343,0.9996895
Kepler-10 b,4.09978,0.9997650
Kepler-10 b,4.11613,1.0003560
Kepler-10 b,4.13247,0.9998558
Kepler-10 b,4.14882,0.9997714
Kepler-10 b,4.16516,0.9999210
Kepler-10 b,4.18151,0.9999299
Kepler-10 b,4.19786,0.9999299
Kepler-10 b,4.21421,0.9998686
Kepler-10 b,4.23055,0.9996743
Kepler-10 b,4.24690,1.0000519
Kepler-10 b,4.26324,1.0002341
Kepler-10 b,4.27959,0.9996440
Kepler-10 b,4.29594,0.9998478
Kepler-10 b,4.31228,1.0002850
Kepler-10 b,4.32863,1.0001736
Kepler-10 b,4.34498,1.0002879
Kepler-10 b,4.36132,0.9994648
Kepler-10 b,4.37767,0.9999824
Kepler-10 b,4.39401,1.0001852
Kepler-10 b,4.41036,1.0000425
Kepler-10 b,4.42671,1.0001215
Kepler-10 b,4.44305,0.9999793
Kepler-10 b,4.45940,1.0002464
Kepler-10 b,4.47575,1.0000659
Kepler-10 b,4.49209,0.9999923
Kepler-10 b,4.50844,1.0000939
Kepler-10 b,4.52479,1.0000395
Kepler-10 b,4.54113,1.0001517
Kepler-10 b,4.55748,0.9996126
Kepler-10 b,4.57383,0.9999474
Kepler-10 b,4.59017,0.9999008
Kepler-10 b,4.60652,1.0001982
Kepler-10 b,4.62287,1.0000687
Kepler-10 b,4.63921,0.9998890
Kepler-10 b,4.65556,0.9998405
Kepler-10 b,4.67191,0.9994901
Kepler-10 b,4.68825,0.9999247
Kepler-10 b,4.70460,1.0003369
Kepler-10 b,4.72095,0.9998084
Kepler-10 b,4.73729,0.9999033
Kepler-10 b,4.75364,0.9999560
Kepler-10 b,4.76999,1.0000216
Kepler-10 b,4.78633,0.9998269
Kepler-10 b,-4.78632,1.0001562
Kepler-10 b,-4.76998,0.9999596
Kepler-10 b,-4.75363,0.9999943
Kepler-10 b,-4.73729,0.9996408
Kepler-10 b,-4.72094,1.0003569
Kepler-10 b,-4.70459,1.0001223
Kepler-10 b,-4.68825,0.9998449
Kepler-10 b,-4.67190,1.0002352
Kepler-10 b,-4.65555,0.9999191
Kepler-10 b,-4.63921,1.0000551
Kepler-10 b,-4.62286,1.0002542
Kepler-10 b,-4.60652,0.9996185
Kepler-10 b,-4.59017,0.9996997
Kepler-10 b,-4.57382,1.0000477
Kepler-10 b,-4.55748,1.0000432
Kepler-10 b,-4.54113,1.0001266
Kepler-10 b,-4.52478,1.0000038
Kepler-10 b,-4.50844,0.9998707
Kepler-10 b,-4.49209,0.9999414
Kepler-10 b,-4.47574,1.0000780
Kepler-10 b,-4.45940,1.0000903
Kepler-10 b,-4.44305,1.0001399
Kepler-10 b,-4.42670,1.0000508
Kepler-10 b,-4.41036,0.9995447
Kepler-10 b,-4.39401,1.0007585
Kepler-10 b,-4.37766,0.9994749
Kepler-10 b,-4.36132,0.9997756
Kepler-10 b,-4.34497,0.9998603
Kepler-10 b,-4.32863,1.0002836
Kepler-10 b,-4.31228,0.9999370
Kepler-10 b,-4.29593,0.9999852
Kepler-10 b,-4.27958,1.0001340
Kepler-10 b,-4.26324,1.0002164
Kepler-10 b,-4.24689,0.9997312
Kepler-10 b,-4.23054,1.0000596
Kepler-10 b,-4.21420,1.0002741
Kepler-10 b,-4.19785,1.0000841
Kepler-10 b,-4.18151,1.0000668
Kepler-10 b,-4.16516,0.9997718
Kepler-10 b,-4.14881,1.0002517
Kepler-10 b,-4.13247,0.9997199
Kepler-10 b,-4.11612,1.0006264
Kepler-10 b,-4.09977,0.9999974
Kepler-10 b,-4.08343,0.9999669
Kepler-10 b,-4.06708,0.9999970
Kepler-10 b,-4.05074,0.9999201
Kepler-10 b,-4.03439,0.9999894
Kepler-10 b,-4.01804,1.0000225
Kepler-10 b,-4.00170,1.0002846
Kepler-10 b,-3.98535,0.9998464
Kepler-10 b,-3.96900,0.9999535
Kepler-10 b,-3.95266,0.9998565
Kepler-10 b,-3.93631,0.9996360
Kepler-10 b,-3.91996,0.9998221
Kepler-10 b,-3.90362,0.9999633
Kepler-10 b,-3.88727,0.9997699
Kepler-10 b,-3.87093,0.9998295
Kepler-10 b,-3.85458,1.0004286
Kepler-10 b,-3.83823,0.9998100
Kepler-10 b,-3.82188,0.9997017
Kepler-10 b,-3.80554,0.9999274
Kepler-10 b,-3.78919,1.0000201
Kepler-10 b,-3.77285,1.0005730
Kepler-10 b,-3.75650,0.9996676
Kepler-10 b,-3.74015,0.9998342
Kepler-10 b,-3.72380,1.0002006
Kepler-10 b,-3.70746,0.9999119
Kepler-10 b,-3.69111,0.9998937
Kepler-10 b,-3.67477,1.0004436
Kepler-10 b,-3.65842,0.9998949
Kepler-10 b,-3.64207,1.0001775
Kepler-10 b,-3.62573,1.0001511
Kepler-10 b,-3.60938,1.0001846
Kepler-10 b,-3.59303,0.9997595
Kepler-10 b,-3.57669,0.9996923
Kepler-10 b,-3.56034,1.0001551
Kepler-10 b,-3.54400,1.0003519
Kepler-10 b,-3.52765,0.9997506
Kepler-10 b,-3.51130,1.0000064
Kepler-10 b,-3.49496,0.9996918
Kepler-10 b,-3.47861,0.9997921
Kepler-10 b,-3.46226,0.9993389
Kepler-10 b,-3.44592,1.0001608
Kepler-10 b,-3.42957,0.9997355
Kepler-10 b,-3.41322,0.9999964
Kepler-10 b,-3.39688,1.0000461
Kepler-10 b,-3.38053,1.0000552
Kepler-10 b,-3.36418,0.9999359
Kepler-10 b,-3.34784,1.0001822
Kepler-10 b,-3.33149,0.9999092
Kepler-10 b,-3.31514,0.9998636
Kepler-10 b,-3.29880,0.9998070
Kepler-10 b,-3.28245,1.0000923
Kepler-10 b,-3.26611,0.9998511
Kepler-10 b,-3.24976,1.0002164
Kepler-10 b,-3.23341,0.9995130
Kepler-10 b,-3.21707,1.0002707
Kepler-10 b,-3.20072,0.9999450
Kepler-10 b,-3.18437,0.9999479
Kepler-10 b,-3.16802,1.0001837
Kepler-10 b,-3.15168,0.9999013
Kepler-10 b,-3.13533,0.9999149
Kepler-10 b,-3.11899,1.0000471
Kepler-10 b,-3.10264,1.0001029
Kepler-10 b,-3.08629,1.0000191
Kepler-10 b,-3.06995,1.0000819
Kepler-10 b,-3.05360,1.0001802
Kepler-10 b,-3.03725,0.9998617
Kepler-10 b,-3.02091,1.0003107
Kepler-10 b,-3.00456,0.9997872
Kepler-10 b,-2.98822,1.0001570
Kepler-10 b,-2.97187,0.9999989
Kepler-10 b,-2.95552,1.0001776
Kepler-10 b,-2.93918,1.0002743
Kepler-10 b,-2.92283,1.0002381
Kepler-10 b,-2.90648,0.9998254
Kepler-10 b,-2.89014,0.9999745
Kepler-10 b,-2.87379,1.0001034
Kepler-10 b,-2.85744,1.0002688
Kepler-10 b,-2.84110,1.0002811
Kepler-10 b,-2.82475,1.0000930
Kepler-10 b,-2.80840,0.9997187
Kepler-10 b,-2.79206,0.9996261
Kepler-10 b,-2.77571,0.9996524
Kepler-10 b,-2.75936,1.0000355
Kepler-10 b,-2.74302,0.9999258
Kepler-10 b,-2.72667,0.9998710
Kepler-10 b,-2.71033,1.0001976
Kepler-10 b,-2.69398,1.0001245
Kepler-10 b,-2.67763,1.0002671
Kepler-10 b,-2.66129,0.9997669
Kepler-10 b,-2.64494,1.0000448
Kepler-10 b,-2.62859,1.0000018
Kepler-10 b,-2.61225,1.0000867
Kepler-10 b,-2.59590,1.0001551
Kepler-10 b,-2.57955,1.0003139
Kepler-10 b,-2.56321,1.0001593
Kepler-10 b,-2.54686,1.0001727
Kepler-10 b,-2.53051,1.0002546
Kepler-10 b,-2.51417,0.9999903
Kepler-10 b,-2.49782,1.0004676
Kepler-10 b,-2.48148,1.0004018
Kepler-10 b,-2.46513,1.0000144
Kepler-10 b,-2.44878,1.0002106
Kepler-10 b,-2.43244,0.9997419
Kepler-10 b,-2.41609,1.0000199
Kepler-10 b,-2.39974,0.9999053
Kepler-10 b,-2.38340,0.9997634
Kepler-10 b,-2.36705,1.0001858
Kepler-10 b,-2.35071,0.9999999
Kepler-10 b,-2.33436,0.9998492
Kepler-10 b,-2.31801,0.9996844
Kepler-10 b,-2.30166,1.0002395
Kepler-10 b,-2.28532,0.9998303
Kepler-10 b,-2.26897,0.9998491
Kepler-10 b,-2.25262,1.0003573
Kepler-10 b,-2.23628,1.0000207
Kepler-10 b,-2.21993,0.9996692
Kepler-10 b,-2.20359,1.0003952
Kepler-10 b,-2.18724,1.0000882
Kepler-10 b,-2.17089,0.9996087
Kepler-10 b,-2.15454,1.0000963
Kepler-10 b,-2.13820,1.0000720
Kepler-10 b,-2.12185,1.0001095
Kepler-10 b,-2.10550,0.9999868
Kepler-10 b,-2.08916,1.0000036
Kepler-10 b,-2.07282,0.9998364
Kepler-10 b,-2.05647,1.0001947
Kepler-10 b,-2.04012,0.9996802
Kepler-10 b,-2.02377,0.9998823
Kepler-10 b,-2.00743,0.9996869
Kepler-10 b,-1.99108,0.9999072
Kepler-10 b,-1.97473,0.9999013
Kepler-10 b,-1.95839,1.0000793
Kepler-10 b,-1.94204,0.9995621
Kepler-10 b,-1.92570,1.0000602
Kepler-10 b,-1.90935,1.0001190
Kepler-10 b,-1.89300,0.9997822
Kepler-10 b,-1.87666,1.0000383
Kepler-10 b,-1.86031,1.0001745
Kepler-10 b,-1.84396,0.9998766
Kepler-10 b,-1.82762,0.9998728
Kepler-10 b,-1.81127,1.0002184
Kepler-10 b,-1.79493,1.0001991
Kepler-10 b,-1.77858,1.0003968
Kepler-10 b,-1.76223,0.9999829
Kepler-10 b,-1.74589,1.0001429
Kepler-10 b,-1.72954,0.9993720
Kepler-10 b,-1.71319,0.9999807
Kepler-10 b,-1.69685,1.0000831
Kepler-10 b,-1.68050,1.0001016
Kepler-10 b,-1.66415,0.9995246
Kepler-10 b,-1.64781,0.9999227
Kepler-10 b,-1.63146,1.0002075
Kepler-10 b,-1.61511,1.0000064
Kepler-10 b,-1.59876,0.9998903
Kepler-10 b,-1.58242,1.0000957
Kepler-10 b,-1.56607,1.0005543
Kepler-10 b,-1.54973,1.0001469
Kepler-10 b,-1.53338,1.0001369
Kepler-10 b,-1.51703,0.9998998
Kepler-10 b,-1.50069,1.0003511
Kepler-10 b,-1.48434,1.0000262
Kepler-10 b,-1.46799,1.0000251
Kepler-10 b,-1.45165,0.9998103
Kepler-10 b,-1.43530,0.9998698
Kepler-10 b,-1.41896,1.0000272
Kepler-10 b,-1.40261,1.0000100
Kepler-10 b,-1.38626,1.0002898
Kepler-10 b,-1.36992,0.9996598
Kepler-10 b,-1.35357,1.0001181
Kepler-10 b,-1.33722,0.9995391
Kepler-10 b,-1.32088,1.0001311
Kepler-10 b,-1.30453,1.0001073
Kepler-10 b,-1.28818,0.9997652
Kepler-10 b,-1.27184,0.9999489
Kepler-10 b,-1.25549,0.9995538
Kepler-10 b,-1.23914,0.9997374
Kepler-10 b,-1.22280,0.9998334
Kepler-10 b,-1.20645,1.0007170
Kepler-10 b,-1.19011,1.0004200
Kepler-10 b,-1.17376,0.9997951
Kepler-10 b,-1.15741,0.9999029
Kepler-10 b,-1.14107,0.9998601
Kepler-10 b,-1.12472,1.0001518
Kepler-10 b,-1.10837,1.0000431
Kepler-10 b,-1.09203,0.9996576
Kepler-10 b,-1.07568,1.0001490
Kepler-10 b,-1.05933,1.0005168
Kepler-10 b,-1.04299,1.0000453
Kepler-10 b,-1.02664,1.0000047
Kepler-10 b,-1.01030,1.0004276
Kepler-10 b,-0.99395,1.0002520
Kepler-10 b,-0.97760,1.0000482
Kepler-10 b,-0.96125,1.0002632
Kepler-10 b,-0.94491,0.9999394
Kepler-10 b,-0.92856,0.9999481
Kepler-10 b,-0.91221,1.0003213
Kepler-10 b,-0.89587,1.0002434
Kepler-10 b,-0.87952,1.0000477
Kepler-10 b,-0.86318,0.9995501
Kepler-10 b,-0.84683,0.9998280
Kepler-10 b,-0.83048,0.9996506
Kepler-10 b,-0.81414,0.9997425
Kepler-10 b,-0.79779,0.9998822
Kepler-10 b,-0.78144,0.9996490
Kepler-10 b,-0.76510,1.0000392
Kepler-10 b,-0.74875,0.9998302
Kepler-10 b,-0.73240,0.9995101
Kepler-10 b,-0.71606,1.0002503
Kepler-10 b,-0.69971,1.0000146
Kepler-10 b,-0.68336,0.9999998
Kepler-10 b,-0.66702,0.9997911
Kepler-10 b,-0.65067,0.9995677
Kepler-10 b,-0.63433,1.0000061
Kepler-10 b,-0.61798,0.9999365
Kepler-10 b,-0.60163,0.9999430
Kepler-10 b,-0.58529,0.9998571
Kepler-10 b,-0.56894,1.0000027
Kepler-10 b,-0.55259,0.9995378
Kepler-10 b,-0.53625,1.0003014
Kepler-10 b,-0.51990,1.0002980
Kepler-10 b,-0.50356,1.0000654
Kepler-10 b,-0.48721,0.9999182
Kepler-10 b,-0.47086,1.0001679
Kepler-10 b,-0.45451,0.9997567
Kepler-10 b,-0.43817,0.9998672
Kepler-10 b,-0.42182,0.9997014
Kepler-10 b,-0.40547,0.9998633
Kepler-10 b,-0.38913,0.9996724
Kepler-10 b,-0.37279,0.9993320
Kepler-10 b,-0.35644,0.9993753
Kepler-10 b,-0.34009,1.0000369
Kepler-10 b,-0.32374,0.9999528
Kepler-10 b,-0.30740,1.0002706
Kepler-10 b,-0.29105,0.9996281
Kepler-10 b,-0.27470,0.9997357
Kepler-10 b,-0.25836,0.9998782
Kepler-10 b,-0.24201,0.9996573
Kepler-10 b,-0.22567,0.9999328
Kepler-10 b,-0.20932,0.9996531
Kepler-10 b,-0.19297,0.9995771
Kepler-10 b,-0.17662,0.9998637
Kepler-10 b,-0.16028,0.9997849
Kepler-10 b,-0.14393,0.9997927
Kepler-10 b,-0.12758,0.9999100
Kepler-10 b,-0.11124,1.0001037
Kepler-10 b,-0.09489,0.9997994
Kepler-10 b,-0.07855,0.9998320
Kepler-10 b,-0.06220,1.0000666
Kepler-10 b,-0.04585,0.9994479
Kepler-10 b,-0.02951,1.0000746
Kepler-10 b,-0.01316,0.9998432
Kepler-10 b,0.00319,0.9996965
Kepler-10 b,0.01954,0.9997167
Kepler-10 b,0.03588,0.9997403
Kepler-10 b,0.05222,1.0001754
Kepler-10 b,0.06857,0.9997073
Kepler-10 b,0.08492,0.9999828
Kepler-10 b,0.10127,0.9997860
Kepler-10 b,0.11761,0.9998322
Kepler-10 b,0.13396,1.0000099
Kepler-10 b,0.15031,0.9998512
Kepler-10 b,0.16665,0.9996121
Kepler-10 b,0.18300,0.9998383
Kepler-10 b,0.19934,0.9999329
Kepler-10 b,0.21569,0.9996542
Kepler-10 b,0.23204,0.9995604
Kepler-10 b,0.24838,0.9996476
Kepler-10 b,0.26473,1.0000442
Kepler-10 b,0.28108,0.9995392
Kepler-10 b,0.29742,0.9997871
Kepler-10 b,0.31377,0.9999967
Kepler-10 b,0.33011,0.9993578
Kepler-10 b,0.34646,0.9997962
Kepler-10 b,0.36281,0.9996354
Kepler-10 b,0.37915,0.9998160
Kepler-10 b,0.39550,0.9998982
Kepler-10 b,0.41185,0.9997534
Kepler-10 b,0.42819,0.9992612
Kepler-10 b,0.44454,0.9997739
Kepler-10 b,0.46089,0.9996836
Kepler-10 b,0.47723,0.9999484
Kepler-10 b,0.49358,0.9994993
Kepler-10 b,0.50993,1.0000228
Kepler-10 b,0.52628,0.9991260
Kepler-10 b,0.54262,0.9997419
Kepler-10 b,0.55896,1.0000441
Kepler-10 b,0.57531,0.9998929
Kepler-10 b,0.59166,0.9993469
Kepler-10 b,0.60800,0.9999097
Kepler-10 b,0.62435,1.0002970
Kepler-10 b,0.64070,0.9999158
Kepler-10 b,0.65705,0.9999307
Kepler-10 b,0.67339,1.0000183
Kepler-10 b,0.68974,0.9995484
Kepler-10 b,0.70608,0.9994294
Kepler-10 b,0.72243,1.0000042
Kepler-10 b,0.73878,0.9996409
Kepler-10 b,0.75512,0.9997482
Kepler-10 b,0.77147,0.9996736
Kepler-10 b,0.78782,0.9998014
Kepler-10 b,0.80416,1.0000374
Kepler-10 b,0.82051,0.9997509
Kepler-10 b,0.83686,1.0001945
Kepler-10 b,0.85320,1.0000316
Kepler-10 b,0.86955,1.0001125
Kepler-10 b,0.88590,0.9998452
Kepler-10 b,0.90224,1.0001742
Kepler-10 b,0.91859,0.9997707
Kepler-10 b,0.93493,0.9997988
Kepler-10 b,0.95128,1.0001587
Kepler-10 b,0.96763,1.0002232
Kepler-10 b,0.98397,1.0001542
Kepler-10 b,1.00032,0.9999526
Kepler-10 b,1.01667,1.0003909
Kepler-10 b,1.03301,0.9996127
Kepler-10 b,1.04936,0.9995311
Kepler-10 b,1.06571,1.0003183
Kepler-10 b,1.08205,0.9996841
Kepler-10 b,1.09840,0.9997946
Kepler-10 b,1.11474,0.9997743
Kepler-10 b,1.13109,0.9998362
Kepler-10 b,1.14744,0.9997789
Kepler-10 b,1.16379,0.9999503
Kepler-10 b,1.18013,1.0000564
Kepler-10 b,1.19648,0.9997947
Kepler-10 b,1.21282,1.0000501
Kepler-10 b,1.22917,1.0000063
Kepler-10 b,1.24552,1.0001986
Kepler-10 b,1.26186,0.9998434
Kepler-10 b,1.27821,0.9998755
Kepler-10 b,1.29456,1.0000013
Kepler-10 b,1.31090,1.0000748
Kepler-10 b,1.32725,1.0003061
Kepler-10 b,1.34360,1.0000901
Kepler-10 b,1.35994,1.0001962
Kepler-10 b,1.37629,0.9998200
Kepler-10 b,1.39264,1.0001846
Kepler-10 b,1.40898,0.9999327
Kepler-10 b,1.42533,1.0000739
Kepler-10 b,1.44168,1.0000543
Kepler-10 b,1.45802,1.0001665
Kepler-10 b,1.47437,0.9998766
Kepler-10 b,1.49071,1.0004063
Kepler-10 b,1.50706,0.9999440
Kepler-10 b,1.52341,1.0001469
Kepler-10 b,1.53975,0.9999897
Kepler-10 b,1.55610,1.0000484
Kepler-10 b,1.57245,1.0000430
Kepler-10 b,1.58879,1.0002290
Kepler-10 b,1.60514,1.0000041
Kepler-10 b,1.62148,1.0000118
Kepler-10 b,1.63783,0.9996428
Kepler-10 b,1.65418,0.9999314
Kepler-10 b,1.67052,1.0001197
Kepler-10 b,1.68687,0.9997429
Kepler-10 b,1.70322,1.0006025
Kepler-10 b,1.71957,1.0003665
Kepler-10 b,1.73591,1.0004409
Kepler-10 b,1.75225,1.0002285
Kepler-10 b,1.76860,1.0001821
Kepler-10 b,1.78495,1.0000390
Kepler-10 b,1.80130,0.9993170
Kepler-10 b,1.81764,1.0002440
Kepler-10 b,1.83399,0.9999424
Kepler-10 b,1.85034,1.0002375
Kepler-10 b,1.86668,1.0001106
Kepler-10 b,1.88303,1.0000307
Kepler-10 b,1.89937,0.9997173
Kepler-10 b,1.91572,1.0000229
Kepler-10 b,1.93207,0.9995874
Kepler-10 b,1.94842,0.9999039
Kepler-10 b,1.96476,1.0000631
Kepler-10 b,1.98111,1.0001804
Kepler-10 b,1.99746,0.9998422
Kepler-10 b,2.01380,0.9999509
Kepler-10 b,2.03015,1.0002653
Kepler-10 b,2.04649,1.0001470
Kepler-10 b,2.06284,1.0000574
Kepler-10 b,2.07919,0.9996880
Kepler-10 b,2.09553,1.0000518
Kepler-10 b,2.11188,1.0001017
Kepler-10 b,2.12823,1.0000386
Kepler-10 b,2.14457,0.9998637
Kepler-10 b,2.16092,1.0000687
Kepler-10 b,2.17726,1.0003465
Kepler-10 b,2.19361,0.9996888
Kepler-10 b,2.20996,0.9999973
Kepler-10 b,2.22630,1.0002876
Kepler-10 b,2.24265,0.9999294
Kepler-10 b,2.25900,0.9999155
Kepler-10 b,2.27534,0.9999958
Kepler-10 b,2.29169,0.9999115
Kepler-10 b,2.30804,0.9999140
Kepler-10 b,2.32438,0.9999714
Kepler-10 b,2.34073,1.0001745
Kepler-10 b,2.35708,1.0000631
Kepler-10 b,2.37342,0.9996955
Kepler-10 b,2.38977,1.0001053
Kepler-10 b,2.40611,0.9997228
Kepler-10 b,2.42246,1.0001866
Kepler-10 b,2.43881,1.0001412
Kepler-10 b,2.45515,1.0000885
Kepler-10 b,2.47150,1.0002710
Kepler-10 b,2.48785,1.0001130
Kepler-10 b,2.50419,1.0000979
Kepler-10 b,2.52054,0.9997067
Kepler-10 b,2.53689,0.9998462
Kepler-10 b,2.55323,0.9996798
Kepler-10 b,2.56958,1.0001644
Kepler-10 b,2.58593,1.0000746
Kepler-10 b,2.60227,1.0000729
Kepler-10 b,2.61862,1.0001875
Kepler-10 b,2.63497,0.9999319
Kepler-10 b,2.65131,0.9998199
Kepler-10 b,2.66766,0.9997321
Kepler-10 b,2.68400,0.9998223
Kepler-10 b,2.70035,0.9998701
Kepler-10 b,2.71670,1.0000417
Kepler-10 b,2.73304,1.0001428
Kepler-10 b,2.74939,1.0000137
Kepler-10 b,2.76574,0.9998134
Kepler-10 b,2.78209,1.0002022
Kepler-10 b,2.79843,1.0002017
Kepler-10 b,2.81478,0.9998380
Kepler-10 b,2.83112,0.9999549
Kepler-10 b,2.84747,0.9997977
Kepler-10 b,2.86382,1.0000025
Kepler-10 b,2.88016,0.9997304
Kepler-10 b,2.89651,1.0001457
Kepler-10 b,2.91286,0.9999587
Kepler-10 b,2.92920,0.9998652
Kepler-10 b,2.94555,1.0000530
Kepler-10 b,2.96189,0.9999324
Kepler-10 b,2.97824,0.9998041
Kepler-10 b,2.99459,0.9998960
Kepler-10 b,3.01093,0.9999700
Kepler-10 b,3.02728,1.0001963
Kepler-10 b,3.04363,1.0002840
Kepler-10 b,3.05997,1.0000850
Kepler-10 b,3.07632,1.0000116
Kepler-10 b,3.09267,1.0001295
Kepler-10 b,3.10901,1.0000171
Kepler-10 b,3.12536,1.0002193
Kepler-10 b,3.14171,1.0000460
Kepler-10 b,3.15805,1.0001225
Kepler-10 b,3.17440,1.0003985
Kepler-10 b,3.19075,1.0000275
Kepler-10 b,3.20709,1.0001563
Kepler-10 b,3.22344,1.0001337
Kepler-10 b,3.23978,0.9996987
Kepler-10 b,3.25613,1.0003188
Kepler-10 b,3.27248,1.0001056
Kepler-10 b,3.28882,1.0000812
Kepler-10 b,3.30517,1.0003006
Kepler-10 b,3.32152,1.0001236
Kepler-10 b,3.33786,0.9999149
Kepler-10 b,3.35421,1.0002949
Kepler-10 b,3.37055,0.9997357
Kepler-10 b,3.38690,0.9999780
Kepler-10 b,3.40325,0.9997818
Kepler-10 b,3.41960,1.0000583
Kepler-10 b,3.43594,1.0001340
Kepler-10 b,3.45229,0.9998004
Kepler-10 b,3.46863,1.0003079
Kepler-10 b,3.48498,1.0000911
Kepler-10 b,3.50133,0.9998278
Kepler-10 b,3.51768,1.0001073
Kepler-10 b,3.53402,0.9998777
Kepler-10 b,3.55037,0.9997739
Kepler-10 b,3.56672,0.9996963
Kepler-10 b,3.58306,0.9999927
Kepler-10 b,3.59941,1.0001673
Kepler-10 b,3.61575,1.0001291
Kepler-10 b,3.63210,0.9994335
Kepler-10 b,3.64845,0.9999417
Kepler-10 b,3.66479,1.0001828
Kepler-10 b,3.68114,0.9998392
Kepler-10 b,3.69749,0.9996188
Kepler-10 b,3.71383,0.9999494
Kepler-10 b,3.73018,1.0003049
Kepler-10 b,3.74652,0.9999309
Kepler-10 b,3.76287,0.9998091
Kepler-10 b,3.77922,0.9997660
Kepler-10 b,3.79556,0.9996697
Kepler-10 b,3.81191,0.9999449
Kepler-10 b,3.82826,1.0001491
Kepler-10 b,3.84460,1.0002464
Kepler-10 b,3.86095,1.0001165
Kepler-10 b,3.87729,0.9996405
Kepler-10 b,3.89364,1.0001075
Kepler-10 b,3.90999,1.0001314
Kepler-10 b,3.92633,1.0002967
Kepler-10 b,3.94268,1.0003359
Kepler-10 b,-4.79631,0.9998789
Kepler-10 b,-4.77996,0.9996519
Kepler-10 b,-4.76361,1.0000554
Kepler-10 b,-4.74727,0.9998761
Kepler-10 b,-4.73092,0.9999094
Kepler-10 b,-4.71458,0.9999964
Kepler-10 b,-4.69823,1.0000287
Kepler-10 b,-4.68188,0.9999783
Kepler-10 b,-4.66553,0.9999865
Kepler-10 b,-4.64919,0.9999468
Kepler-10 b,-4.63284,0.9996149
Kepler-10 b,-4.61649,0.9999878
Kepler-10 b,-4.60015,1.0002827
Kepler-10 b,-4.58381,0.9998137
Kepler-10 b,-4.56746,0.9999048
Kepler-10 b,-4.55111,0.9996136
Kepler-10 b,-4.53476,1.0000412
Kepler-10 b,-4.51842,0.9996720
Kepler-10 b,-4.50207,0.9997041
Kepler-10 b,-4.48572,1.0001655
Kepler-10 b,-4.46938,1.0001390
Kepler-10 b,-4.45303,0.9997410
Kepler-10 b,-4.43669,0.9999164
Kepler-10 b,-4.42034,1.0000923
Kepler-10 b,-4.40399,1.0001587
Kepler-10 b,-4.38765,1.0005047
Kepler-10 b,-4.37130,1.0001394
Kepler-10 b,-4.35495,1.0004117
Kepler-10 b,-4.33861,0.9997778
Kepler-10 b,-4.32226,1.0002273
Kepler-10 b,-4.30591,1.0001905
Kepler-10 b,-4.28957,1.0003646
Kepler-10 b,-4.27322,1.0000690
Kepler-10 b,-4.25688,1.0000814
Kepler-10 b,-4.24053,0.9996754
Kepler-10 b,-4.22418,1.0000886
Kepler-10 b,-4.20783,1.0000391
Kepler-10 b,-4.19149,1.0000295
Kepler-10 b,-4.17514,1.0001801
Kepler-10 b,-4.15880,0.9999771
Kepler-10 b,-4.14245,0.9998728
Kepler-10 b,-4.12610,1.0002589
Kepler-10 b,-4.10976,0.9999127
Kepler-10 b,-4.09341,0.9998220
Kepler-10 b,-4.07706,0.9999546
Kepler-10 b,-4.06072,0.9998680
Kepler-10 b,-4.04437,1.0001656
Kepler-10 b,-4.02803,0.9998500
Kepler-10 b,-4.01168,1.0003756
Kepler-10 b,-3.99533,1.0000288
Kepler-10 b,-3.97898,1.0004544
Kepler-10 b,-3.96264,1.0001894
Kepler-10 b,-3.94629,1.0004070
Kepler-10 b,-3.92995,0.9995955
Kepler-10 b,-3.91360,0.9998709
Kepler-10 b,-3.89725,0.9996343
Kepler-10 b,-3.88091,0.9998880
Kepler-10 b,-3.86456,0.9998348
Kepler-10 b,-3.84821,0.9999327
Kepler-10 b,-3.83187,1.0000680
Kepler-10 b,-3.81552,1.0005174
Kepler-10 b,-3.79917,0.9997806
Kepler-10 b,-3.78283,0.9998167
Kepler-10 b,-3.76648,1.0002066
Kepler-10 b,-3.75013,1.0001948
Kepler-10 b,-3.73379,1.0002558
Kepler-10 b,-3.71744,1.0001248
Kepler-10 b,-3.70109,1.0004247
Kepler-10 b,-3.68475,1.0002813
Kepler-10 b,-3.66840,1.0002697
Kepler-10 b,-3.65206,1.0003436
Kepler-10 b,-3.63571,1.0000593
Kepler-10 b,-3.61936,0.9999295
Kepler-10 b,-3.60302,1.0002984
Kepler-10 b,-3.58667,0.9997272
Kepler-10 b,-3.57032,0.9997502
Kepler-10 b,-3.55398,0.9997907
Kepler-10 b,-3.53763,0.9999276
Kepler-10 b,-3.52129,0.9999226
Kepler-10 b,-3.50494,0.9999926
Kepler-10 b,-3.48859,1.0001012
Kepler-10 b,-3.47225,0.9996419
Kepler-10 b,-3.45590,0.9999538
Kepler-10 b,-3.43955,0.9995989
Kepler-10 b,-3.42320,1.0003353
Kepler-10 b,-3.40686,0.9998920
Kepler-10 b,-3.39052,0.9998042
Kepler-10 b,-3.37417,1.0000769
Kepler-10 b,-3.35782,0.9993240
Kepler-10 b,-3.34147,1.0001366
Kepler-10 b,-3.32513,0.9999399
Kepler-10 b,-3.30878,1.0003935
Kepler-10 b,-3.29243,1.0001544
Kepler-10 b,-3.27609,0.9994115
Kepler-10 b,-3.25974,0.9999198
Kepler-10 b,-3.24339,1.0001476
Kepler-10 b,-3.22705,0.9998175
Kepler-10 b,-3.21070,0.9998694
Kepler-10 b,-3.19435,0.9998380
Kepler-10 b,-3.17801,1.0005302
Kepler-10 b,-3.16166,0.9999323
Kepler-10 b,-3.14532,0.9998097
Kepler-10 b,-3.12897,0.9999053
Kepler-10 b,-3.11262,0.9998281
Kepler-10 b,-3.09628,0.9996610
Kepler-10 b,-3.07993,0.9998122
Kepler-10 b,-3.06358,0.9996471
Kepler-10 b,-3.04724,0.9996100
Kepler-10 b,-3.03089,1.0000281
Kepler-10 b,-3.01455,0.9999930
Kepler-10 b,-2.99820,0.9999192
Kepler-10 b,-2.98185,0.9998338
Kepler-10 b,-2.96551,0.9997500
Kepler-10 b,-2.94916,0.9999426
Kepler-10 b,-2.93281,0.9998450
Kepler-10 b,-2.91647,1.0002550
Kepler-10 b,-2.90012,0.9999670
Kepler-10 b,-2.88377,0.9999025
Kepler-10 b,-2.86743,0.9999334
Kepler-10 b,-2.85108,1.0002767
Kepler-10 b,-2.83474,0.9998538
Kepler-10 b,-2.81839,1.0000662
Kepler-10 b,-2.80204,0.9999884
Kepler-10 b,-2.78569,1.0001479
Kepler-10 b,-2.76935,0.9998339
Kepler-10 b,-2.75300,1.0002568
Kepler-10 b,-2.73666,1.0001951
Kepler-10 b,-2.72031,0.9999932
Kepler-10 b,-2.70396,0.9996767
Kepler-10 b,-2.68762,0.9998976
Kepler-10 b,-2.67127,0.9997979
Kepler-10 b,-2.65492,0.9998093
Kepler-10 b,-2.63857,1.0002518
Kepler-10 b,-2.62223,0.9997544
Kepler-10 b,-2.60588,0.9997157
Kepler-10 b,-2.58954,0.9997208
Kepler-10 b,-2.57319,1.0003284
Kepler-10 b,-2.55684,0.9999661
Kepler-10 b,-2.54050,1.0000736
Kepler-10 b,-2.52415,1.0001118
Kepler-10 b,-2.50780,0.9997475
Kepler-10 b,-2.49146,0.9999698
Kepler-10 b,-2.47511,1.0004461
Kepler-10 b,-2.45877,1.0000542
Kepler-10 b,-2.44242,0.9996839
Kepler-10 b,-2.42607,0.9999794
Kepler-10 b,-2.40973,0.9998746
Kepler-10 b,-2.39338,1.0002135
Kepler-10 b,-2.37703,0.9998054
Kepler-10 b,-2.36069,0.9997828
Kepler-10 b,-2.34434,1.0000534
Kepler-10 b,-2.32799,1.0003056
Kepler-10 b,-2.31165,1.0001666
Kepler-10 b,-2.29530,0.9998013
Kepler-10 b,-2.27895,1.0001574
Kepler-10 b,-2.26261,0.9998694
Kepler-10 b,-2.24626,1.0001077
Kepler-10 b,-2.22991,0.9995971
Kepler-10 b,-2.21357,1.0000207
Kepler-10 b,-2.19722,1.0000617
Kepler-10 b,-2.18088,1.0000231
Kepler-10 b,-2.16453,1.0001129
Kepler-10 b,-2.14818,1.0003516
Kepler-10 b,-2.13184,1.0006149
Kepler-10 b,-2.11549,1.0002587
Kepler-10 b,-2.09914,0.9999245
Kepler-10 b,-2.08280,1.0001543
Kepler-10 b,-2.06645,0.9997901
Kepler-10 b,-2.05010,0.9998953
Kepler-10 b,-2.03376,0.9999709
Kepler-10 b,-2.01741,0.9998209
Kepler-10 b,-2.00106,1.0002022
Kepler-10 b,-1.98472,1.0003175
Kepler-10 b,-1.96837,1.0001400
Kepler-10 b,-1.95203,1.0003505
Kepler-10 b,-1.93568,1.0001661
Kepler-10 b,-1.91933,0.9998085
Kepler-10 b,-1.90299,0.9996959
Kepler-10 b,-1.88664,1.0001235
Kepler-10 b,-1.87029,0.9997923
Kepler-10 b,-1.85395,0.9999640
Kepler-10 b,-1.83760,1.0000989
Kepler-10 b,-1.82125,1.0002429
Kepler-10 b,-1.80491,1.0001465
Kepler-10 b,-1.78856,1.0001698
Kepler-10 b,-1.77221,0.9996091
Kepler-10 b,-1.75587,0.9996502
Kepler-10 b,-1.73952,0.9997460
Kepler-10 b,-1.72317,0.9997070
Kepler-10 b,-1.70683,1.0000276
Kepler-10 b,-1.69048,0.9998266
Kepler-10 b,-1.67413,0.9999160
Kepler-10 b,-1.65779,1.0001443
Kepler-10 b,-1.64144,1.0003405
Kepler-10 b,-1.62509,0.9999410
Kepler-10 b,-1.60875,1.0002364
Kepler-10 b,-1.59240,0.9999383
Kepler-10 b,-1.57606,1.0000726
Kepler-10 b,-1.55971,1.0001024
Kepler-10 b,-1.54336,1.0000047
Kepler-10 b,-1.52702,1.0002728
Kepler-10 b,-1.51067,0.9996790
Kepler-10 b,-1.49432,0.9996666
Kepler-10 b,-1.47798,0.9996283
Kepler-10 b,-1.46163,1.0001634
Kepler-10 b,-1.44528,1.0000924
Kepler-10 b,-1.42894,1.0002054
Kepler-10 b,-1.41259,1.0001238
Kepler-10 b,-1.39625,0.9997217
Kepler-10 b,-1.37990,0.9996440
Kepler-10 b,-1.36355,0.9999459
Kepler-10 b,-1.34721,0.9997686
Kepler-10 b,-1.33086,0.9996722
Kepler-10 b,-1.31451,0.9993122
Kepler-10 b,-1.29817,1.0000709
Kepler-10 b,-1.28182,0.9999518
Kepler-10 b,-1.26548,0.9998140
Kepler-10 b,-1.24913,1.0002179
Kepler-10 b,-1.23278,1.0001077
Kepler-10 b,-1.21643,0.9998467
Kepler-10 b,-1.20009,1.0000541
Kepler-10 b,-1.18374,1.0001929
Kepler-10 b,-1.16739,1.0000928
Kepler-10 b,-1.15105,0.9999692
Kepler-10 b,-1.13470,0.9999644
Kepler-10 b,-1.11835,0.9999111
Kepler-10 b,-1.10201,0.9998909
Kepler-10 b,-1.08566,1.0001920
Kepler-10 b,-1.06931,0.9999518
Kepler-10 b,-1.05297,1.0001619
Kepler-10 b,-1.03662,0.9998349
Kepler-10 b,-1.02028,1.0002083
Kepler-10 b,-1.00393,0.9996730
Kepler-10 b,-0.98758,1.0002384
Kepler-10 b,-0.97124,1.0001981
Kepler-10 b,-0.95489,0.9997637
Kepler-10 b,-0.93854,1.0001741
Kepler-10 b,-0.92220,0.9998570
Kepler-10 b,-0.90585,1.0000357
Kepler-10 b,-0.88951,0.9998083
Kepler-10 b,-0.87316,0.9998313
Kepler-10 b,-0.85681,0.9996377
Kepler-10 b,-0.84047,0.9998685
Kepler-10 b,-0.82412,0.9996493
Kepler-10 b,-0.80777,0.9998998
Kepler-10 b,-0.79143,1.0000185
Kepler-10 b,-0.77508,1.0001174
Kepler-10 b,-0.75873,0.9998599
Kepler-10 b,-0.74239,0.9999593
Kepler-10 b,-0.72604,0.9995708
Kepler-10 b,-0.70970,0.9999807
Kepler-10 b,-0.69335,0.9997858
Kepler-10 b,-0.67700,0.9998495
Kepler-10 b,-0.66066,0.9998685
Kepler-10 b,-0.64431,0.9997019
Kepler-10 b,-0.62796,0.9998799
Kepler-10 b,-0.61162,1.0000100
Kepler-10 b,-0.59527,0.9995899
Kepler-10 b,-0.57892,0.9995744
Kepler-10 b,-0.56258,1.0002756
Kepler-10 b,-0.54623,0.9998007
Kepler-10 b,-0.52988,0.9993774
Kepler-10 b,-0.51353,0.9998858
Kepler-10 b,-0.49719,1.0002258
Kepler-10 b,-0.48084,1.0000521
Kepler-10 b,-0.46450,1.0000736
Kepler-10 b,-0.44815,0.9997562
Kepler-10 b,-0.43180,0.9999452
Kepler-10 b,-0.41546,0.9997694
Kepler-10 b,-0.39911,0.9995962
Kepler-10 b,-0.38276,0.9996572
Kepler-10 b,-0.36642,0.9995579
Kepler-10 b,-0.35007,0.9995581
Kepler-10 b,-0.33373,0.9995456
Kepler-10 b,-0.31738,0.9996395
Kepler-10 b,-0.30103,0.9994652
Kepler-10 b,-0.28469,0.9997531
Kepler-10 b,-0.26834,0.9993306
Kepler-10 b,-0.25199,0.9999881
Kepler-10 b,-0.23565,0.9997407
Kepler-10 b,-0.21930,1.0003252
Kepler-10 b,-0.20295,1.0000060
Kepler-10 b,-0.18661,0.9997978
Kepler-10 b,-0.17026,0.9993947
Kepler-10 b,-0.15391,0.9997655
Kepler-10 b,-0.13757,0.9997249
Kepler-10 b,-0.12122,0.9994825
Kepler-10 b,-0.10488,0.9995453
Kepler-10 b,-0.08853,0.9998867
Kepler-10 b,-0.07218,0.9997946
Kepler-10 b,-0.05584,0.9996902
Kepler-10 b,-0.03949,1.0002662
Kepler-10 b,-0.02314,0.9997080
Kepler-10 b,-0.00680,0.9997306
Kepler-10 b,0.00955,1.0000351
Kepler-10 b,0.02589,0.9997704
Kepler-10 b,0.04224,0.9997822
Kepler-10 b,0.05859,0.9999035
Kepler-10 b,0.07494,0.9995101
Kepler-10 b,0.09128,0.9998584
Kepler-10 b,0.10763,0.9997240
Kepler-10 b,0.12398,0.9994676
Kepler-10 b,0.14032,0.9994398
Kepler-10 b,0.15666,0.9995217
Kepler-10 b,0.17301,0.9994738
Kepler-10 b,0.18936,0.9996223
Kepler-10 b,0.20571,0.9995872
Kepler-10 b,0.22205,0.9996149
Kepler-10 b,0.23840,0.9997610
Kepler-10 b,0.25475,0.9999221
Kepler-10 b,0.27109,0.9996009
Kepler-10 b,0.28744,0.9995217
Kepler-10 b,0.30379,0.9997357
Kepler-10 b,0.32013,0.9998602
Kepler-10 b,0.33648,0.9994316
Kepler-10 b,0.35283,0.9999091
Kepler-10 b,0.36917,0.9997003
Kepler-10 b,0.38552,0.9991287
Kepler-10 b,0.40187,1.0001497
Kepler-10 b,0.41821,0.9996033
Kepler-10 b,0.43456,0.9998415
Kepler-10 b,0.45090,0.9996193
Kepler-10 b,0.46725,0.9997885
Kepler-10 b,0.48360,0.9996916
Kepler-10 b,0.49994,0.9999622
Kepler-10 b,0.51629,0.9993978
Kepler-10 b,0.53264,0.9997841
Kepler-10 b,0.54898,0.9997574
Kepler-10 b,0.56533,0.9998950
Kepler-10 b,0.58167,0.9994897
Kepler-10 b,0.59802,0.9997669
Kepler-10 b,0.61437,1.0000602
Kepler-10 b,0.63072,1.0002037
Kepler-10 b,0.64706,0.9999376
Kepler-10 b,0.66341,0.9995020
Kepler-10 b,0.67976,0.9997616
Kepler-10 b,0.69610,0.9997964
Kepler-10 b,0.71244,0.9996785
Kepler-10 b,0.72879,0.9997529
Kepler-10 b,0.74514,0.9996580
Kepler-10 b,0.76149,0.9997145
Kepler-10 b,0.77783,1.0001053
Kepler-10 b,0.79418,1.0000127
Kepler-10 b,0.81053,1.0000788
Kepler-10 b,0.82687,0.9994250
Kepler-10 b,0.84322,0.9998441
Kepler-10 b,0.85956,1.0001735
Kepler-10 b,0.87591,1.0002507
Kepler-10 b,0.89226,1.0001342
Kepler-10 b,0.90861,0.9999148
Kepler-10 b,0.92495,0.9997475
Kepler-10 b,0.94130,1.0001586
Kepler-10 b,0.95764,0.9998601
Kepler-10 b,0.97399,0.9998847
Kepler-10 b,0.99034,1.0000576
Kepler-10 b,1.00668,0.9997191
Kepler-10 b,1.02303,0.9997628
Kepler-10 b,1.03938,0.9999947
Kepler-10 b,1.05572,0.9999030
Kepler-10 b,1.07207,1.0000978
Kepler-10 b,1.08841,0.9999362
Kepler-10 b,1.10476,0.9999532
Kepler-10 b,1.12111,1.0001077
Kepler-10 b,1.13745,1.0002166
Kepler-10 b,1.15380,1.0002092
Kepler-10 b,1.17015,0.9999447
Kepler-10 b,1.18649,1.0001115
Kepler-10 b,1.20284,1.0000486
Kepler-10 b,1.21919,1.0000276
Kepler-10 b,1.23553,0.9994524
Kepler-10 b,1.25188,0.9998779
Kepler-10 b,1.26823,0.9998274
Kepler-10 b,1.28457,0.9997336
Kepler-10 b,1.30092,0.9998958
Kepler-10 b,1.31727,0.9997796
Kepler-10 b,1.33361,0.9996871
Kepler-10 b,1.34996,0.9999432
Kepler-10 b,1.36630,0.9998465
Kepler-10 b,1.38265,1.0000542
Kepler-10 b,1.39900,0.9998955
Kepler-10 b,1.41534,0.9999259
Kepler-10 b,1.43169,1.0000554
Kepler-10 b,1.44804,0.9997476
Kepler-10 b,1.46438,1.0003344
Kepler-10 b,1.48073,0.9998843
Kepler-10 b,1.49708,0.9997798
Kepler-10 b,1.51342,1.0001621
Kepler-10 b,1.52977,1.0002299
Kepler-10 b,1.54612,0.9998633
Kepler-10 b,1.56246,0.9999874
Kepler-10 b,1.57881,0.9999478
Kepler-10 b,1.59516,1.0004767
Kepler-10 b,1.61150,1.0000998
Kepler-10 b,1.62785,1.0001294
Kepler-10 b,1.64419,1.0003601
Kepler-10 b,1.66054,0.9996297
Kepler-10 b,1.67689,1.0002775
Kepler-10 b,1.69323,0.9998844
Kepler-10 b,1.70958,1.0002143
Kepler-10 b,1.72593,1.0002760
Kepler-10 b,1.74227,0.9999198
Kepler-10 b,1.75862,1.0000143
Kepler-10 b,1.77497,1.0001588
Kepler-10 b,1.79131,1.0002909
Kepler-10 b,1.80766,1.0001256
Kepler-10 b,1.82401,1.0000058
Kepler-10 b,1.84035,1.0000221
Kepler-10 b,1.85670,1.0004542
Kepler-10 b,1.87305,0.9999271
Kepler-10 b,1.88939,1.0005532
Kepler-10 b,1.90574,1.0001459
Kepler-10 b,1.92209,1.0001405
Kepler-10 b,1.93843,1.0001658
Kepler-10 b,1.95478,0.9998408
Kepler-10 b,1.97112,1.0001155
Kepler-10 b,1.98747,1.0000093
Kepler-10 b,2.00382,0.9997679
Kepler-10 b,2.02016,0.9999643
Kepler-10 b,2.03651,0.9995772
Kepler-10 b,2.05286,0.9998558
Kepler-10 b,2.06920,1.0000704
Kepler-10 b,2.08555,1.0001590
Kepler-10 b,2.10190,0.9999200
Kepler-10 b,2.11824,0.9997310
Kepler-10 b,2.13459,1.0002316
Kepler-10 b,2.15093,0.9998907
Kepler-10 b,2.16728,1.0000306
Kepler-10 b,2.18363,0.9999083
Kepler-10 b,2.19997,1.0001553
Kepler-10 b,2.21632,1.0002379
Kepler-10 b,2.23267,1.0002235
Kepler-10 b,2.24901,1.0001389
Kepler-10 b,2.26536,1.0003024
Kepler-10 b,2.28170,1.0001855
Kepler-10 b,2.29805,1.0001105
Kepler-10 b,2.31440,1.0000247
Kepler-10 b,2.33075,0.9999854
Kepler-10 b,2.34709,1.0001386
Kepler-10 b,2.36344,1.0002289
Kepler-10 b,2.37979,0.9997285
Kepler-10 b,2.39613,0.9997723
Kepler-10 b,2.41248,0.9996037
Kepler-10 b,2.42883,0.9998591
Kepler-10 b,2.44517,1.0000734
Kepler-10 b,2.46152,1.0000943
Kepler-10 b,2.47787,1.0002424
Kepler-10 b,2.49421,0.9999907
Kepler-10 b,2.51056,0.9999856
Kepler-10 b,2.52691,1.0000007
Kepler-10 b,2.54325,1.0000899
Kepler-10 b,2.55960,0.9995890
Kepler-10 b,2.57594,0.9998452
Kepler-10 b,2.59229,0.9999646
Kepler-10 b,2.60864,0.9996443
Kepler-10 b,2.62498,1.0000469
Kepler-10 b,2.64133,1.0004579
Kepler-10 b,2.65768,1.0001551
Kepler-10 b,2.67402,0.9999562
Kepler-10 b,2.69037,0.9997796
Kepler-10 b,2.70671,0.9998970
Kepler-10 b,2.72306,1.0003722
Kepler-10 b,2.73941,1.0000910
Kepler-10 b,2.75575,1.0000811
Kepler-10 b,2.77210,1.0004946
Kepler-10 b,2.78845,0.9999432
Kepler-10 b,2.80479,1.0001069
Kepler-10 b,2.82114,0.9998451
Kepler-10 b,2.83748,1.0001831
Kepler-10 b,2.85383,0.9999186
Kepler-10 b,2.87018,0.9999353
Kepler-10 b,2.88652,0.9996796
Kepler-10 b,2.90287,0.9998623
Kepler-10 b,2.91922,1.0002214
Kepler-10 b,2.93556,1.0000722
Kepler-10 b,2.95191,1.0004911
Kepler-10 b,2.96826,1.0000971
Kepler-10 b,2.98460,1.0000616
Kepler-10 b,3.00095,1.0001661
Kepler-10 b,3.01730,1.0002379
Kepler-10 b,3.03365,1.0004325
Kepler-10 b,3.04999,1.0002292
Kepler-10 b,3.06633,0.9997952
Kepler-10 b,3.08268,1.0000916
Kepler-10 b,3.09903,1.0001526
Kepler-10 b,3.11538,1.0000259
Kepler-10 b,3.13172,0.9998980
Kepler-10 b,3.14807,1.0004460
Kepler-10 b,3.16442,1.0000499
Kepler-10 b,3.18076,1.0003959
Kepler-10 b,3.19711,1.0004740
Kepler-10 b,3.21345,0.9997892
Kepler-10 b,3.22980,0.9997032
Kepler-10 b,3.24615,0.9997758
Kepler-10 b,3.26249,0.9998378
Kepler-10 b,3.27884,0.9999349
Kepler-10 b,3.29519,1.0003730
Kepler-10 b,3.31153,1.0000484
Kepler-10 b,3.32788,1.0000804
Kepler-10 b,3.34423,0.9997394
Kepler-10 b,3.36057,0.9994017
Kepler-10 b,3.37692,1.0002119
Kepler-10 b,3.39327,1.0000327
Kepler-10 b,3.40961,0.9998142
Kepler-10 b,3.42596,0.9997621
Kepler-10 b,3.44230,0.9998858
Kepler-10 b,3.45865,1.0000552
Kepler-10 b,3.47500,1.0001799
Kepler-10 b,3.49134,0.9998193
Kepler-10 b,3.50769,0.9999583
Kepler-10 b,3.52404,1.0000417
Kepler-10 b,3.54038,0.9999132
Kepler-10 b,3.55673,1.0002153
Kepler-10 b,3.57308,0.9999156
Kepler-10 b,3.58942,0.9998492
Kepler-10 b,3.60577,0.9997754
Kepler-10 b,3.62211,0.9997972
Kepler-10 b,3.63846,0.9997649
Kepler-10 b,3.65481,0.9999168
Kepler-10 b,3.67116,0.9998546
Kepler-10 b,3.68750,1.0002553
Kepler-10 b,3.70385,0.9997222
Kepler-10 b,3.72020,0.9998688
Kepler-10 b,3.73654,0.9998814
Kepler-10 b,3.75289,1.0001232
Kepler-10 b,3.76923,0.9997768
Kepler-10 b,3.78558,0.9998937
Kepler-10 b,3.80193,0.9995868
Kepler-10 b,3.81827,1.0000723
Kepler-10 b,3.83462,1.0004386
Kepler-10 b,3.85097,1.0001574
Kepler-10 b,3.86731,0.9994267
Kepler-10 b,3.88366,0.9995265
Kepler-10 b,3.90001,0.9999975
Kepler-10 b,3.91635,1.0002003
Kepler-10 b,3.93270,1.0002771
Kepler-10 b,3.94905,0.9998214
Kepler-10 b,3.96539,1.0003520
Kepler-10 b,3.98174,1.0001490
Kepler-10 b,3.99808,1.0001678
Kepler-10 b,4.01443,0.9998857
Kepler-10 b,4.03078,1.0002384
Kepler-10 b,4.04712,1.0001582
Kepler-10 b,4.06347,1.0000239
Kepler-10 b,4.07982,1.0000789
Kepler-10 b,4.09616,1.0001394
Kepler-10 b,4.11251,1.0000274
Kepler-10 b,4.12885,1.0004333
Kepler-10 b,4.14520,1.0000970
Kepler-10 b,4.16155,1.0001393
Kepler-10 b,4.17789,1.0002498
Kepler-10 b,4.19424,0.9999527
Kepler-10 b,4.21059,0.9998126
Kepler-10 b,4.22694,0.9999876
Kepler-10 b,4.24328,0.9995628
Kepler-10 b,4.25962,0.9999461
Kepler-10 b,4.27597,0.9996278
Kepler-10 b,4.29232,0.9998685
Kepler-10 b,4.30867,0.9997898
Kepler-10 b,4.32501,0.9999716
Kepler-10 b,4.34136,1.0003423
Kepler-10 b,4.35771,0.9998587
Kepler-10 b,4.37405,0.9999917
Kepler-10 b,4.39040,0.9998800
Kepler-10 b,4.40674,1.0002388
Kepler-10 b,4.42309,0.9999482
Kepler-10 b,4.43944,1.0003655
Kepler-10 b,4.45578,0.9998124
Kepler-10 b,4.47213,0.9997546
Kepler-10 b,4.48848,0.9999158
Kepler-10 b,4.50483,0.9997349
Kepler-10 b,4.52117,0.9996327
Kepler-10 b,4.53752,0.9996525
Kepler-10 b,4.55386,0.9999383
Kepler-10 b,4.57021,1.0002374
Kepler-10 b,4.58656,1.0001415
Kepler-10 b,4.60290,1.0002897
Kepler-10 b,4.61925,1.0001295
Kepler-10 b,4.63560,1.0001323
Kepler-10 b,4.65194,0.9997130
Kepler-10 b,4.66829,0.9999906
Kepler-10 b,4.68463,1.0002461
Kepler-10 b,4.70098,0.9999675
Kepler-10 b,4.71733,0.9992354
Kepler-10 b,4.73367,0.9998081
Kepler-10 b,4.75002,0.9997772
Kepler-10 b,4.76637,1.0002518
Kepler-10 b,4.78272,0.9998389
Kepler-10 b,4.79906,0.9997178
Kepler-10 b,-4.78995,0.9997214
Kepler-10 b,-4.77360,1.0005589
Kepler-10 b,-4.75726,1.0004734
Kepler-10 b,-4.74091,0.9997778
Kepler-10 b,-4.72456,0.9997068
Kepler-10 b,-4.70822,1.0001368
Kepler-10 b,-4.69187,1.0001047
Kepler-10 b,-4.67552,0.9998119
Kepler-10 b,-4.65918,0.9998453
Kepler-10 b,-4.64283,0.9993427
Kepler-10 b,-4.62648,1.0007794
Kepler-10 b,-4.61014,0.9998568
Kepler-10 b,-4.59379,1.0001687
Kepler-10 b,-4.57744,0.9999775
Kepler-10 b,-4.56110,0.9997129
Kepler-10 b,-4.54475,1.0001121
Kepler-10 b,-4.52840,0.9997839
Kepler-10 b,-4.51206,0.9998420
Kepler-10 b,-4.49571,0.9999404
Kepler-10 b,-4.47936,1.0000933
Kepler-10 b,-4.46302,0.9995897
Kepler-10 b,-4.44667,1.0001023
Kepler-10 b,-4.43033,1.0000021
Kepler-10 b,-4.41398,1.0003259
Kepler-10 b,-4.39763,0.9996945
Kepler-10 b,-4.38129,0.9999566
Kepler-10 b,-4.36494,0.9999827
Kepler-10 b,-4.34859,1.0001280
Kepler-10 b,-4.33225,1.0000087
Kepler-10 b,-4.31590,1.0001883
Kepler-10 b,-4.29956,1.0001654
Kepler-10 b,-4.28321,1.0002487
Kepler-10 b,-4.26686,0.9997957
Kepler-10 b,-4.25052,1.0004084
Kepler-10 b,-4.23417,1.0004444
Kepler-10 b,-4.21782,0.9998955
Kepler-10 b,-4.20148,1.0002475
Kepler-10 b,-4.18513,1.0002390
Kepler-10 b,-4.16878,0.9994252
Kepler-10 b,-4.15244,1.0001996
Kepler-10 b,-4.13609,1.0002323
Kepler-10 b,-4.11974,1.0001870
Kepler-10 b,-4.10340,0.9999024
Kepler-10 b,-4.08705,0.9998108
Kepler-10 b,-4.07071,0.9998650
Kepler-10 b,-4.05436,0.9999322
Kepler-10 b,-4.03801,1.0004043
Kepler-10 b,-4.02167,1.0002148
Kepler-10 b,-4.00532,0.9998849
Kepler-10 b,-3.98897,0.9998989
Kepler-10 b,-3.97262,1.0002207
Kepler-10 b,-3.95628,1.0000329
Kepler-10 b,-3.93994,1.0000714
Kepler-10 b,-3.92359,0.9995091
Kepler-10 b,-3.90724,1.0000544
Kepler-10 b,-3.89089,0.9995054
Kepler-10 b,-3.87455,1.0002015
Kepler-10 b,-3.85820,1.0000154
Kepler-10 b,-3.84185,1.0000418
Kepler-10 b,-3.82551,0.9998422
Kepler-10 b,-3.80916,0.9996327
Kepler-10 b,-3.79282,1.0002857
Kepler-10 b,-3.77647,0.9999258
Kepler-10 b,-3.76012,1.0000892
Kepler-10 b,-3.74378,1.0001637
Kepler-10 b,-3.72743,1.0000079
Kepler-10 b,-3.71108,0.9999115
Kepler-10 b,-3.69474,0.9999160
Kepler-10 b,-3.67839,0.9999432
Kepler-10 b,-3.66204,1.0003121
Kepler-10 b,-3.64570,0.9997966
Kepler-10 b,-3.62935,0.9999357
Kepler-10 b,-3.61300,1.0001487
Kepler-10 b,-3.59666,0.9998173
Kepler-10 b,-3.58031,0.9999888
Kepler-10 b,-3.56396,1.0000861
Kepler-10 b,-3.54762,0.9999317
Kepler-10 b,-3.53127,0.9999553
Kepler-10 b,-3.51493,0.9998926
Kepler-10 b,-3.49858,1.0000101
Kepler-10 b,-3.48223,0.9997738
Kepler-10 b,-3.46589,1.0002132
Kepler-10 b,-3.44954,0.9999350
Kepler-10 b,-3.43319,1.0008333
Kepler-10 b,-3.41684,0.9998837
Kepler-10 b,-3.40050,0.9997577
Kepler-10 b,-3.38416,0.9999133
Kepler-10 b,-3.36781,0.9997360
Kepler-10 b,-3.35146,0.9998756
Kepler-10 b,-3.33511,1.0003541
Kepler-10 b,-3.31877,0.9999504
Kepler-10 b,-3.30242,1.0002761
Kepler-10 b,-3.28607,0.9998453
Kepler-10 b,-3.26973,1.0000090
Kepler-10 b,-3.25338,0.9999439
Kepler-10 b,-3.23704,1.0000060
Kepler-10 b,-3.22069,1.0001502
Kepler-10 b,-3.20434,1.0001357
Kepler-10 b,-3.18800,0.9996846
Kepler-10 b,-3.17165,1.0000936
Kepler-10 b,-3.15530,1.0002653
Kepler-10 b,-3.13896,0.9998937
Kepler-10 b,-3.12261,1.0002948
Kepler-10 b,-3.10626,1.0001339
Kepler-10 b,-3.08992,1.0000532
Kepler-10 b,-3.07357,1.0001964
Kepler-10 b,-3.05722,1.0002122
Kepler-10 b,-3.04088,0.9999761
Kepler-10 b,-3.02453,1.0004025
Kepler-10 b,-3.00819,1.0002336
Kepler-10 b,-2.99184,1.0001411
Kepler-10 b,-2.97549,0.9999317
Kepler-10 b,-2.95915,1.0000294
Kepler-10 b,-2.94280,1.0001926
Kepler-10 b,-2.92645,1.0001758
Kepler-10 b,-2.91011,0.9997441
Kepler-10 b,-2.89376,0.9999095
Kepler-10 b,-2.87742,1.0002709
Kepler-10 b,-2.86107,1.0001511
Kepler-10 b,-2.84472,1.0000936
Kepler-10 b,-2.82838,0.9999577
Kepler-10 b,-2.81203,0.9997376
Kepler-10 b,-2.79568,1.0002620
Kepler-10 b,-2.77933,1.0000142
Kepler-10 b,-2.76299,1.0001907
Kepler-10 b,-2.74664,1.0001341
Kepler-10 b,-2.73030,0.9999155
Kepler-10 b,-2.71395,1.0002487
Kepler-10 b,-2.69760,0.9999864
Kepler-10 b,-2.68126,0.9997549
Kepler-10 b,-2.66491,0.9999191
Kepler-10 b,-2.64856,1.0000300
Kepler-10 b,-2.63222,0.9994883
Kepler-10 b,-2.61587,0.9997101
Kepler-10 b,-2.59952,1.0002479
Kepler-10 b,-2.58318,0.9999211
Kepler-10 b,-2.56683,0.9996875
Kepler-10 b,-2.55048,0.9994236
Kepler-10 b,-2.53414,0.9998709
Kepler-10 b,-2.51779,1.0000099
Kepler-10 b,-2.50144,0.9997186
Kepler-10 b,-2.48510,1.0001109
Kepler-10 b,-2.46875,0.9997955
Kepler-10 b,-2.45241,0.9998371
Kepler-10 b,-2.43606,1.0000754
Kepler-10 b,-2.41971,1.0000156
Kepler-10 b,-2.40337,1.0001116
Kepler-10 b,-2.38702,1.0001796
Kepler-10 b,-2.37067,1.0001545
Kepler-10 b,-2.35433,1.0001887
Kepler-10 b,-2.33798,0.9997895
Kepler-10 b,-2.32164,0.9999217
Kepler-10 b,-2.30529,0.9997266
Kepler-10 b,-2.28894,1.0000483
Kepler-10 b,-2.27260,1.0002771
Kepler-10 b,-2.25625,1.0000674
Kepler-10 b,-2.23990,0.9998820
Kepler-10 b,-2.22356,0.9996087
Kepler-10 b,-2.20721,1.0001404
Kepler-10 b,-2.19086,1.0003208
Kepler-10 b,-2.17452,0.9999981
Kepler-10 b,-2.15817,0.9993928
Kepler-10 b,-2.14182,0.9998125
Kepler-10 b,-2.12548,1.0001190
Kepler-10 b,-2.10913,0.9997911
Kepler-10 b,-2.09278,0.9998498
Kepler-10 b,-2.07644,1.0001269
Kepler-10 b,-2.06009,0.9998257
Kepler-10 b,-2.04374,1.0000700
Kepler-10 b,-2.02740,1.0000578
Kepler-10 b,-2.01105,0.9997480
Kepler-10 b,-1.99470,0.9995612
Kepler-10 b,-1.97836,0.9997870
Kepler-10 b,-1.96201,1.0003206
Kepler-10 b,-1.94567,1.0001337
Kepler-10 b,-1.92932,1.0001384
Kepler-10 b,-1.91297,1.0000233
Kepler-10 b,-1.89663,0.9995599
Kepler-10 b,-1.88028,0.9995175
Kepler-10 b,-1.86393,1.0000191
Kepler-10 b,-1.84759,0.9997392
Kepler-10 b,-1.83124,1.0001084
Kepler-10 b,-1.81490,0.9998620
Kepler-10 b,-1.79855,0.9997657
Kepler-10 b,-1.78220,0.9998081
Kepler-10 b,-1.76586,0.9997169
Kepler-10 b,-1.74951,1.0001376
Kepler-10 b,-1.73316,0.9996481
Kepler-10 b,-1.71682,0.9999602
Kepler-10 b,-1.70047,0.9998996
Kepler-10 b,-1.68412,1.0001074
Kepler-10 b,-1.66778,0.9998181
Kepler-10 b,-1.65143,1.0000282
Kepler-10 b,-1.63508,1.0003476
Kepler-10 b,-1.61874,1.0001211
Kepler-10 b,-1.60239,0.9999795
Kepler-10 b,-1.58604,0.9998489
Kepler-10 b,-1.56970,0.9997038
Kepler-10 b,-1.55335,1.0006819
Kepler-10 b,-1.53701,0.9998709
Kepler-10 b,-1.52066,0.9998006
Kepler-10 b,-1.50431,0.9998375
Kepler-10 b,-1.48796,0.9997655
Kepler-10 b,-1.47162,0.9997836
Kepler-10 b,-1.45527,1.0002542
Kepler-10 b,-1.43892,1.0001860
Kepler-10 b,-1.42258,1.0000201
Kepler-10 b,-1.40624,1.0001979
Kepler-10 b,-1.38989,1.0004950
Kepler-10 b,-1.37354,1.0001816
Kepler-10 b,-1.35719,1.0001832
Kepler-10 b,-1.34085,1.0001533
Kepler-10 b,-1.32450,1.0000462
Kepler-10 b,-1.30815,0.9998304
Kepler-10 b,-1.29181,0.9997762
Kepler-10 b,-1.27546,1.0000237
Kepler-10 b,-1.25912,1.0000945
Kepler-10 b,-1.24277,1.0001535
Kepler-10 b,-1.22642,1.0000846
Kepler-10 b,-1.21008,1.0002786
Kepler-10 b,-1.19373,1.0002865
Kepler-10 b,-1.17738,0.9997320
Kepler-10 b,-1.16104,1.0002717
Kepler-10 b,-1.14469,0.9996180
Kepler-10 b,-1.12834,1.0000184
Kepler-10 b,-1.11200,1.0001110
Kepler-10 b,-1.09565,0.9999523
Kepler-10 b,-1.07930,1.0000371
Kepler-10 b,-1.06296,0.9995983
Kepler-10 b,-1.04661,1.0001477
Kepler-10 b,-1.03027,0.9998682
Kepler-10 b,-1.01392,0.9997936
Kepler-10 b,-0.99757,1.0003017
Kepler-10 b,-0.98123,0.9998284
Kepler-10 b,-0.96488,1.0002462
Kepler-10 b,-0.94853,0.9998568
Kepler-10 b,-0.93219,1.0002466
Kepler-10 b,-0.91584,0.9999152
Kepler-10 b,-0.89949,0.9996229
Kepler-10 b,-0.88315,0.9994015
Kepler-10 b,-0.86680,1.0000501
Kepler-10 b,-0.85046,1.0000747
Kepler-10 b,-0.83411,0.9999305
Kepler-10 b,-0.81776,0.9995975
Kepler-10 b,-0.80141,0.9997625
Kepler-10 b,-0.78507,0.9999023
Kepler-10 b,-0.76872,1.0000004
Kepler-10 b,-0.75238,1.0000276
Kepler-10 b,-0.73603,1.0002850
Kepler-10 b,-0.71968,0.9996121
Kepler-10 b,-0.70334,0.9999656
Kepler-10 b,-0.68699,1.0007064
Kepler-10 b,-0.67064,0.9998353
Kepler-10 b,-0.65430,1.0000698
Kepler-10 b,-0.63795,1.0000306
Kepler-10 b,-0.62160,0.9996984
Kepler-10 b,-0.60526,1.0000560
Kepler-10 b,-0.58891,0.9998131
Kepler-10 b,-0.57256,1.0001016
Kepler-10 b,-0.55622,0.9996744
Kepler-10 b,-0.53987,0.9996258
Kepler-10 b,-0.52352,0.9995727
Kepler-10 b,-0.50718,0.9998274
Kepler-10 b,-0.49083,0.9995486
Kepler-10 b,-0.47449,0.9996551
Kepler-10 b,-0.45814,1.0000266
Kepler-10 b,-0.44179,0.9997195
Kepler-10 b,-0.42545,0.9997888
Kepler-10 b,-0.40910,0.9996499
Kepler-10 b,-0.39275,0.9997430
Kepler-10 b,-0.37641,0.9993414
Kepler-10 b,-0.36006,0.9997760
Kepler-10 b,-0.34372,1.0000280
Kepler-10 b,-0.32737,0.9999742
Kepler-10 b,-0.31102,0.9999713
Kepler-10 b,-0.29468,0.9995931
Kepler-10 b,-0.27833,0.9997717
Kepler-10 b,-0.26198,1.0001068
Kepler-10 b,-0.24564,0.9996714
Kepler-10 b,-0.22929,1.0000768
Kepler-10 b,-0.21294,0.9996244
Kepler-10 b,-0.19660,0.9999018
Kepler-10 b,-0.18025,0.9998538
Kepler-10 b,-0.16390,1.0001763
Kepler-10 b,-0.14756,0.9993841
Kepler-10 b,-0.13121,0.9995781
Kepler-10 b,-0.11486,0.9993428
Kepler-10 b,-0.09852,0.9995674
Kepler-10 b,-0.08217,0.9998700
Kepler-10 b,-0.06582,0.9996603
Kepler-10 b,-0.04948,0.9999101
Kepler-10 b,-0.03313,0.9995036
Kepler-10 b,-0.01678,0.9995791
Kepler-10 b,-0.00044,0.9997953
Kepler-10 b,0.01591,0.9996209
Kepler-10 b,0.03225,0.9996859
Kepler-10 b,0.04860,0.9996057
Kepler-10 b,0.06495,0.9995350
Kepler-10 b,0.08129,0.9996446
Kepler-10 b,0.09764,0.9996527
Kepler-10 b,0.11399,0.9996441
Kepler-10 b,0.13033,0.9997433
Kepler-10 b,0.14668,0.9998163
Kepler-10 b,0.16302,0.9998955
Kepler-10 b,0.17937,0.9997241
Kepler-10 b,0.19572,0.9997519
Kepler-10 b,0.21206,0.9995166
Kepler-10 b,0.22841,0.9999128
Kepler-10 b,0.24476,0.9997755
Kepler-10 b,0.26110,0.9997999
Kepler-10 b,0.27745,1.0001016
Kepler-10 b,0.29380,0.9999825
Kepler-10 b,0.31014,0.9995899
Kepler-10 b,0.32649,0.9998699
Kepler-10 b,0.34284,0.9997580
Kepler-10 b,0.35918,0.9997181
Kepler-10 b,0.37553,0.9998608
Kepler-10 b,0.39188,0.9999644
Kepler-10 b,0.40822,0.9991851
Kepler-10 b,0.42457,0.9996786
Kepler-10 b,0.44091,0.9998637
Kepler-10 b,0.45726,0.9998684
Kepler-10 b,0.47361,1.0002723
Kepler-10 b,0.48996,0.9995866
Kepler-10 b,0.50630,0.9997110
Kepler-10 b,0.52265,0.9999555
Kepler-10 b,0.53900,0.9997972
Kepler-10 b,0.55534,0.9994547
Kepler-10 b,0.57169,0.9994578
Kepler-10 b,0.58803,0.9995601
Kepler-10 b,0.60438,1.0000043
Kepler-10 b,0.62073,1.0000734
Kepler-10 b,0.63707,0.9995786
Kepler-10 b,0.65342,0.9999097
Kepler-10 b,0.66977,0.9996122
Kepler-10 b,0.68611,0.9998143
Kepler-10 b,0.70246,0.9999061
Kepler-10 b,0.71880,0.9998996
Kepler-10 b,0.73515,0.9999990
Kepler-10 b,0.75150,0.9996013
Kepler-10 b,0.76785,0.9995131
Kepler-10 b,0.78419,1.0000269
Kepler-10 b,0.80054,0.9995049
Kepler-10 b,0.81688,1.0002078
Kepler-10 b,0.83323,0.9996263
Kepler-10 b,0.84958,0.9998678
Kepler-10 b,0.86592,0.9996619
Kepler-10 b,0.88227,0.9997344
Kepler-10 b,0.89862,1.0003430
Kepler-10 b,0.91496,1.0002395
Kepler-10 b,0.93131,1.0000965
Kepler-10 b,0.94766,1.0000128
Kepler-10 b,0.96400,1.0001269
Kepler-10 b,0.98035,0.9994577
Kepler-10 b,0.99669,1.0000364
Kepler-10 b,1.01304,1.0002286
Kepler-10 b,1.02939,0.9996265
Kepler-10 b,1.04574,0.9996970
Kepler-10 b,1.06208,0.9998704
Kepler-10 b,1.07843,0.9998352
Kepler-10 b,1.09477,0.9999828
Kepler-10 b,1.11112,0.9998563
Kepler-10 b,1.12746,0.9999606
Kepler-10 b,1.14381,0.9999560
Kepler-10 b,1.16016,1.0003538
Kepler-10 b,1.17651,1.0000759
Kepler-10 b,1.19285,0.9998463
Kepler-10 b,1.20920,1.0003965
Kepler-10 b,1.22554,0.9996152
Kepler-10 b,1.24189,1.0001645
Kepler-10 b,1.25824,0.9999724
Kepler-10 b,1.27458,0.9997198
Kepler-10 b,1.29093,1.0000415
Kepler-10 b,1.30728,0.9997662
Kepler-10 b,1.32362,0.9998482
Kepler-10 b,1.33997,1.0001495
Kepler-10 b,1.35632,1.0002646
Kepler-10 b,1.37266,1.0001295
Kepler-10 b,1.38901,1.0002394
Kepler-10 b,1.40536,1.0000505
Kepler-10 b,1.42170,0.9997237
Kepler-10 b,1.43805,1.0000971
Kepler-10 b,1.45440,1.0000202
Kepler-10 b,1.47074,0.9999243
Kepler-10 b,1.48709,0.9999731
Kepler-10 b,1.50343,0.9997805
Kepler-10 b,1.51978,0.9999178
Kepler-10 b,1.53613,0.9998840
Kepler-10 b,1.55247,0.9998619
Kepler-10 b,1.56882,1.0000907
Kepler-10 b,1.58517,0.9998102
Kepler-10 b,1.60151,0.9999137
Kepler-10 b,1.61786,0.9999451
Kepler-10 b,1.63420,0.9997948
Kepler-10 b,1.65055,0.9998733
Kepler-10 b,1.66690,1.0002716
Kepler-10 b,1.68324,1.0000037
Kepler-10 b,1.69959,0.9999462
Kepler-10 b,1.71594,0.9993799
Kepler-10 b,1.73229,0.9999008
Kepler-10 b,1.74863,0.9998468
Kepler-10 b,1.76498,1.0001132
Kepler-10 b,1.78132,1.0000129
Kepler-10 b,1.79767,0.9997180
Kepler-10 b,1.81402,1.0001572
Kepler-10 b,1.83036,1.0000102
Kepler-10 b,1.84671,1.0001650
Kepler-10 b,1.86306,0.9997946
Kepler-10 b,1.87940,1.0000431
Kepler-10 b,1.89575,1.0000511
Kepler-10 b,1.91210,0.9999053
Kepler-10 b,1.92844,1.0000455
Kepler-10 b,1.94479,0.9999775
Kepler-10 b,1.96114,0.9998923
Kepler-10 b,1.97748,1.0000117
Kepler-10 b,1.99383,0.9999629
Kepler-10 b,2.01017,1.0002264
Kepler-10 b,2.02652,1.0001308
Kepler-10 b,2.04287,0.9999987
Kepler-10 b,2.05921,0.9997050
Kepler-10 b,2.07556,0.9999149
Kepler-10 b,2.09191,0.9999522
Kepler-10 b,2.10825,1.0000928
Kepler-10 b,2.12460,0.9997951
Kepler-10 b,2.14095,0.9998524
Kepler-10 b,2.15729,0.9999527
Kepler-10 b,2.17364,0.9996796
Kepler-10 b,2.18998,1.0000340
Kepler-10 b,2.20633,1.0000508
Kepler-10 b,2.22268,0.9999713
Kepler-10 b,2.23902,0.9998354
Kepler-10 b,2.25537,0.9998733
Kepler-10 b,2.27172,0.9999252
Kepler-10 b,2.28806,0.9999353
Kepler-10 b,2.30441,1.0001756
Kepler-10 b,2.32076,0.9997825
Kepler-10 b,2.33710,0.9999280
Kepler-10 b,2.35345,1.0003474
Kepler-10 b,2.36980,1.0004023
Kepler-10 b,2.38614,0.9999727
Kepler-10 b,2.40249,0.9999655
Kepler-10 b,2.41884,1.0001236
Kepler-10 b,2.43518,1.0002489
Kepler-10 b,2.45153,1.0000146
Kepler-10 b,2.46788,0.9999391
Kepler-10 b,2.48422,0.9999369
Kepler-10 b,2.50057,0.9998048
Kepler-10 b,2.51692,1.0001417
Kepler-10 b,2.53326,1.0002051
Kepler-10 b,2.54961,0.9999447
Kepler-10 b,2.56595,0.9998190
Kepler-10 b,2.58230,0.9998662
Kepler-10 b,2.59865,0.9999825
Kepler-10 b,2.61499,0.9997451
Kepler-10 b,2.63134,1.0003825
Kepler-10 b,2.64769,0.9999613
Kepler-10 b,2.66403,1.0000149
Kepler-10 b,2.68038,0.9999661
Kepler-10 b,2.69672,0.9997369
Kepler-10 b,2.71307,1.0000114
Kepler-10 b,2.72942,0.9999651
Kepler-10 b,2.74576,1.0002490
Kepler-10 b,2.76211,1.0002703
Kepler-10 b,2.77846,0.9999613
Kepler-10 b,2.79481,0.9998684
Kepler-10 b,2.81115,1.0004830
Kepler-10 b,2.82750,1.0001945
Kepler-10 b,2.84384,0.9997897
Kepler-10 b,2.86019,1.0002025
Kepler-10 b,2.87654,1.0001300
Kepler-10 b,2.89288,1.0001867
Kepler-10 b,2.90923,0.9996681
Kepler-10 b,2.92558,1.0000253
Kepler-10 b,2.94192,1.0002992
Kepler-10 b,2.95827,1.0002918
Kepler-10 b,2.97461,1.0000917
Kepler-10 b,2.99096,0.9998139
Kepler-10 b,3.00731,0.9999821
Kepler-10 b,3.02366,1.0002785
Kepler-10 b,3.04000,1.0000198
Kepler-10 b,3.05635,1.0002505
Kepler-10 b,3.07269,0.9999270
Kepler-10 b,3.08904,1.0001173
Kepler-10 b,3.10539,1.0003024
Kepler-10 b,3.12173,0.9998572
Kepler-10 b,3.13808,1.0000530
Kepler-10 b,3.15443,0.9998153
Kepler-10 b,3.17077,0.9999222
Kepler-10 b,3.18712,1.0001405
Kepler-10 b,3.20346,1.0004180
Kepler-10 b,3.21981,1.0002563
Kepler-10 b,3.23616,1.0001103
Kepler-10 b,3.25250,0.9995764
Kepler-10 b,3.26885,0.9999577
Kepler-10 b,3.28520,1.0005382
Kepler-10 b,3.30154,1.0006831
Kepler-10 b,3.31789,0.9999992
Kepler-10 b,3.33424,0.9996476
Kepler-10 b,3.35058,0.9996553
Kepler-10 b,3.36693,1.0000289
Kepler-10 b,3.38328,0.9999825
Kepler-10 b,3.39962,0.9998456
Kepler-10 b,3.41597,1.0004074
Kepler-10 b,3.43232,1.0000422
Kepler-10 b,3.44866,0.9998436
Kepler-10 b,3.46501,1.0000376
Kepler-10 b,3.48135,0.9997277
Kepler-10 b,3.49770,1.0000687
Kepler-10 b,3.51405,0.9999163
Kepler-10 b,3.53039,1.0003945
Kepler-10 b,3.54674,1.0002528
Kepler-10 b,3.56309,1.0005863
Kepler-10 b,3.57944,1.0000279
Kepler-10 b,3.59578,1.0001888
Kepler-10 b,3.61212,0.9996693
Kepler-10 b,3.62847,1.0002557
Kepler-10 b,3.64482,0.9999289
Kepler-10 b,3.66117,0.9999767
Kepler-10 b,3.67751,1.0000942
Kepler-10 b,3.69386,0.9998186
Kepler-10 b,3.71021,0.9996140
Kepler-10 b,3.72655,1.0000295
Kepler-10 b,3.74290,0.9998946
Kepler-10 b,3.75924,0.9994625
Kepler-10 b,3.77559,0.9997633
Kepler-10 b,3.79194,0.9999673
Kepler-10 b,3.80828,1.0001159
Kepler-10 b,3.82463,0.9999460
Kepler-10 b,3.84098,0.9998845
Kepler-10 b,3.85732,0.9997336
Kepler-10 b,3.87367,0.9998882
Kepler-10 b,3.89002,1.0002295
Kepler-10 b,3.90636,0.9999666
Kepler-10 b,3.92271,0.9999552
Kepler-10 b,3.93906,0.9999331
Kepler-10 b,3.95540,1.0001460
Kepler-10 b,3.97175,0.9994831
Kepler-10 b,3.98810,1.0000601
Kepler-10 b,4.00444,0.9999995
Kepler-10 b,4.02079,1.0004468
Kepler-10 b,4.03713,1.0000777
Kepler-10 b,4.05348,0.9996024
Kepler-10 b,4.06983,1.0003084
Kepler-10 b,4.08617,0.9998477
Kepler-10 b,4.10252,1.0000903
Kepler-10 b,4.11887,0.9999782
Kepler-10 b,4.13521,1.0002878
Kepler-10 b,4.15156,1.0000510
Kepler-10 b,4.16790,1.0001754
Kepler-10 b,4.18425,0.9995356
Kepler-10 b,4.20060,0.9996035
Kepler-10 b,4.21694,0.9998693
Kepler-10 b,4.23329,0.9998744
Kepler-10 b,4.24964,0.9996903
Kepler-10 b,4.26598,1.0000438
Kepler-10 b,4.28233,1.0002239
Kepler-10 b,4.29868,1.0002686
Kepler-10 b,4.31502,0.9999455
Kepler-10 b,4.33137,1.0000911
Kepler-10 b,4.34772,1.0002048
Kepler-10 b,4.36406,0.9999716
Kepler-10 b,4.38041,0.9997071
Kepler-10 b,4.39676,0.9999500
Kepler-10 b,4.41310,0.9995419
Kepler-10 b,4.42945,0.9997850
Kepler-10 b,4.44580,0.9998797
Kepler-10 b,4.46214,0.9997838
Kepler-10 b,4.47849,1.0002688
Kepler-10 b,4.49484,1.0000622
Kepler-10 b,4.51118,0.9999975
Kepler-10 b,4.52753,1.0005447
Kepler-10 b,4.54387,1.0000506
Kepler-10 b,4.56022,0.9998801
Kepler-10 b,4.57657,0.9996716
Kepler-10 b,4.59291,0.9999187
Kepler-10 b,4.60926,1.0000110
Kepler-10 b,4.62561,1.0000023
Kepler-10 b,4.64195,1.0004232
Kepler-10 b,4.65830,1.0000463
Kepler-10 b,4.67464,1.0001542
Kepler-10 b,4.69099,1.0002494
Kepler-10 b,4.70734,0.9996509
Kepler-10 b,4.72368,0.9997499
Kepler-10 b,4.74003,0.9999398
Kepler-10 b,4.75638,0.9997526
Kepler-10 b,4.77272,0.9999429
Kepler-10 b,4.78907,1.0002336
Kepler-10 b,-4.79994,0.9999040
Kepler-10 b,-4.78359,1.0002390
Kepler-10 b,-4.76725,1.0001058
Kepler-10 b,-4.75090,1.0001627
Kepler-10 b,-4.73455,0.9996892
Kepler-10 b,-4.71821,1.0001391
Kepler-10 b,-4.70186,0.9998938
Kepler-10 b,-4.68552,0.9996991
Kepler-10 b,-4.66917,0.9998600
Kepler-10 b,-4.65282,0.9998402
Kepler-10 b,-4.63648,1.0001630
Kepler-10 b,-4.62013,0.9997392
Kepler-10 b,-4.60378,0.9998619
Kepler-10 b,-4.58744,0.9998032
Kepler-10 b,-4.57109,1.0001839
Kepler-10 b,-4.55474,0.9999374
Kepler-10 b,-4.53840,0.9997641
Kepler-10 b,-4.52205,1.0003840
Kepler-10 b,-4.50570,0.9997830
Kepler-10 b,-4.48936,0.9999332
Kepler-10 b,-4.47301,0.9998784
Kepler-10 b,-4.45667,1.0002326
Kepler-10 b,-4.44032,0.9999793
Kepler-10 b,-4.42397,0.9997762
Kepler-10 b,-4.40763,0.9998302
Kepler-10 b,-4.39128,0.9995905
Kepler-10 b,-4.37493,1.0001018
Kepler-10 b,-4.35859,0.9999851
Kepler-10 b,-4.34224,1.0001565
Kepler-10 b,-4.32590,0.9997847
Kepler-10 b,-4.30955,0.9997092
Kepler-10 b,-4.29320,0.9997514
Kepler-10 b,-4.27686,1.0000602
Kepler-10 b,-4.26051,1.0002140
Kepler-10 b,-4.24416,1.0001742
Kepler-10 b,-4.22781,1.0000782
Kepler-10 b,-4.21147,1.0003520
Kepler-10 b,-4.19512,0.9998364
Kepler-10 b,-4.17878,1.0000297
Kepler-10 b,-4.16243,1.0000066
Kepler-10 b,-4.14608,0.9997685
Kepler-10 b,-4.12974,1.0002549
Kepler-10 b,-4.11339,0.9997605
Kepler-10 b,-4.09704,0.9999431
Kepler-10 b,-4.08070,0.9999650
Kepler-10 b,-4.06435,0.9998432
Kepler-10 b,-4.04800,0.9994923
Kepler-10 b,-4.03166,1.0002607
Kepler-10 b,-4.01531,1.0000370
Kepler-10 b,-3.99896,0.9998829
Kepler-10 b,-3.98262,1.0000381
Kepler-10 b,-3.96627,0.9996578
Kepler-10 b,-3.94992,0.9997803
Kepler-10 b,-3.93358,1.0000674
Kepler-10 b,-3.91723,1.0003092
Kepler-10 b,-3.90089,1.0000284
Kepler-10 b,-3.88454,1.0001689
Kepler-10 b,-3.86819,0.9997933
Kepler-10 b,-3.85185,0.9998455
Kepler-10 b,-3.83550,1.0000142
Kepler-10 b,-3.81915,1.0002195
Kepler-10 b,-3.80281,1.0001550
Kepler-10 b,-3.78646,1.0003287
Kepler-10 b,-3.77012,0.9999455
Kepler-10 b,-3.75377,0.9996090
Kepler-10 b,-3.73742,1.0000675
Kepler-10 b,-3.72108,0.9997077
Kepler-10 b,-3.70473,1.0003208
Kepler-10 b,-3.68838,1.0003666
Kepler-10 b,-3.67204,0.9996977
Kepler-10 b,-3.65569,1.0001828
Kepler-10 b,-3.63934,0.9998865
Kepler-10 b,-3.62300,0.9997674
Kepler-10 b,-3.60665,0.9998566
Kepler-10 b,-3.59030,1.0001373
Kepler-10 b,-3.57396,0.9997456
Kepler-10 b,-3.55761,1.0002534
Kepler-10 b,-3.54127,0.9996962
Kepler-10 b,-3.52492,0.9999430
Kepler-10 b,-3.50857,0.9999394
Kepler-10 b,-3.49222,1.0000058
Kepler-10 b,-3.47588,1.0001284
Kepler-10 b,-3.45953,1.0004418
Kepler-10 b,-3.44318,0.9998404
Kepler-10 b,-3.42684,1.0000198
Kepler-10 b,-3.41049,1.0004491
Kepler-10 b,-3.39415,1.0002012
Kepler-10 b,-3.37780,0.9999879
Kepler-10 b,-3.36145,0.9999249
Kepler-10 b,-3.34511,0.9996268
Kepler-10 b,-3.32876,0.9999819
Kepler-10 b,-3.31241,0.9999302
Kepler-10 b,-3.29607,1.0000081
Kepler-10 b,-3.27972,0.9995719
Kepler-10 b,-3.26338,1.0002359
Kepler-10 b,-3.24703,1.0000769
Kepler-10 b,-3.23068,1.0001480
Kepler-10 b,-3.21434,0.9996844
Kepler-10 b,-3.19799,1.0002125
Kepler-10 b,-3.18164,1.0004626
Kepler-10 b,-3.16530,0.9998452
Kepler-10 b,-3.14895,0.9998183
Kepler-10 b,-3.13260,1.0002726
Kepler-10 b,-3.11626,0.9999590
Kepler-10 b,-3.09991,1.0005489
Kepler-10 b,-3.08356,1.0001729
Kepler-10 b,-3.06722,1.0002160
Kepler-10 b,-3.05087,0.9999235
Kepler-10 b,-3.03452,0.9995092
Kepler-10 b,-3.01818,1.0001663
Kepler-10 b,-3.00183,1.0002787
Kepler-10 b,-2.98549,0.9999203
Kepler-10 b,-2.96914,0.9998388
Kepler-10 b,-2.95279,1.0001047
Kepler-10 b,-2.93645,1.0000499
Kepler-10 b,-2.92010,0.9997975
Kepler-10 b,-2.90375,1.0000455
Kepler-10 b,-2.88740,1.0002671
Kepler-10 b,-2.87106,1.0001231
Kepler-10 b,-2.85472,1.0001432
Kepler-10 b,-2.83837,1.0001280
Kepler-10 b,-2.82202,0.9998658
Kepler-10 b,-2.80567,1.0002568
Kepler-10 b,-2.78933,1.0000890
Kepler-10 b,-2.77298,0.9997351
Kepler-10 b,-2.75663,0.9999432
Kepler-10 b,-2.74029,0.9999976
Kepler-10 b,-2.72394,1.0002266
Kepler-10 b,-2.70760,1.0001128
Kepler-10 b,-2.69125,1.0000717
Kepler-10 b,-2.67490,1.0003124
Kepler-10 b,-2.65856,1.0003187
Kepler-10 b,-2.64221,1.0001376
Kepler-10 b,-2.62586,1.0003718
Kepler-10 b,-2.60952,0.9996187
Kepler-10 b,-2.59317,1.0001998
Kepler-10 b,-2.57682,0.9999831
Kepler-10 b,-2.56048,1.0000500
Kepler-10 b,-2.54413,1.0002647
Kepler-10 b,-2.52778,1.0001744
Kepler-10 b,-2.51144,1.0001221
Kepler-10 b,-2.49509,1.0002252
Kepler-10 b,-2.47875,0.9999728
Kepler-10 b,-2.46240,1.0004822
Kepler-10 b,-2.44605,1.0001022
Kepler-10 b,-2.42971,1.0000726
Kepler-10 b,-2.41336,0.9997971
Kepler-10 b,-2.39701,1.0000213
Kepler-10 b,-2.38067,1.0001474
Kepler-10 b,-2.36432,1.0000076
Kepler-10 b,-2.34798,0.9999136
Kepler-10 b,-2.33163,0.9998116
Kepler-10 b,-2.31528,1.0003414
Kepler-10 b,-2.29894,0.9996246
Kepler-10 b,-2.28259,1.0001068
Kepler-10 b,-2.26624,1.0001101
Kepler-10 b,-2.24990,0.9999640
Kepler-10 b,-2.23355,1.0003007
Kepler-10 b,-2.21720,0.9999270
Kepler-10 b,-2.20086,1.0001940
Kepler-10 b,-2.18451,0.9997853
Kepler-10 b,-2.16816,0.9999936
Kepler-10 b,-2.15182,0.9999096
Kepler-10 b,-2.13547,1.0002815
Kepler-10 b,-2.11912,0.9998394
Kepler-10 b,-2.10278,0.9998251
Kepler-10 b,-2.08643,0.9994423
Kepler-10 b,-2.07008,0.9996764
Kepler-10 b,-2.05374,1.0002999
Kepler-10 b,-2.03739,1.0004670
Kepler-10 b,-2.02104,0.9997050
Kepler-10 b,-2.00470,0.9996424
Kepler-10 b,-1.98835,1.0002040
Kepler-10 b,-1.97200,1.0001884
Kepler-10 b,-1.95566,0.9997786
Kepler-10 b,-1.93931,1.0003154
Kepler-10 b,-1.92297,0.9999462
Kepler-10 b,-1.90662,0.9999584
Kepler-10 b,-1.89027,0.9997711
Kepler-10 b,-1.87393,0.9998489
Kepler-10 b,-1.85758,0.9997981
Kepler-10 b,-1.84123,0.9998869
Kepler-10 b,-1.82489,1.0002164
Kepler-10 b,-1.80854,0.9998942
Kepler-10 b,-1.79220,0.9997624
Kepler-10 b,-1.77585,0.9995883
Kepler-10 b,-1.75950,0.9997046
Kepler-10 b,-1.74316,1.0001215
Kepler-10 b,-1.72681,1.0000631
Kepler-10 b,-1.71046,1.0000276
Kepler-10 b,-1.69411,1.0000470
Kepler-10 b,-1.67777,1.0000206
Kepler-10 b,-1.66142,0.9995968
Kepler-10 b,-1.64508,0.9998024
Kepler-10 b,-1.62873,1.0000839
Kepler-10 b,-1.61238,1.0000959
Kepler-10 b,-1.59604,1.0000269
Kepler-10 b,-1.57969,0.9999051
Kepler-10 b,-1.56334,1.0001160
Kepler-10 b,-1.54700,1.0000218
Kepler-10 b,-1.53065,1.0003228
Kepler-10 b,-1.51431,0.9999525
Kepler-10 b,-1.49796,0.9998576
Kepler-10 b,-1.48161,1.0000014
Kepler-10 b,-1.46526,1.0001275
Kepler-10 b,-1.44892,1.0002649
Kepler-10 b,-1.43257,0.9999770
Kepler-10 b,-1.41623,1.0001319
Kepler-10 b,-1.39988,0.9995965
Kepler-10 b,-1.38353,1.0000865
Kepler-10 b,-1.36719,1.0001793
Kepler-10 b,-1.35084,1.0003451
Kepler-10 b,-1.33449,1.0000370
Kepler-10 b,-1.31815,0.9997585
Kepler-10 b,-1.30180,1.0002198
Kepler-10 b,-1.28546,0.9997304
Kepler-10 b,-1.26911,0.9998803
Kepler-10 b,-1.25276,0.9998022
Kepler-10 b,-1.23642,0.9999871
Kepler-10 b,-1.22007,0.9998951
Kepler-10 b,-1.20372,0.9996612
Kepler-10 b,-1.18738,0.9999655
Kepler-10 b,-1.17103,1.0000090
Kepler-10 b,-1.15468,1.0001821
Kepler-10 b,-1.13834,0.9996870
Kepler-10 b,-1.12199,0.9999973
Kepler-10 b,-1.10564,0.9998197
Kepler-10 b,-1.08930,1.0001621
Kepler-10 b,-1.07295,1.0001890
Kepler-10 b,-1.05660,0.9999978
Kepler-10 b,-1.04026,1.0000656
Kepler-10 b,-1.02391,0.9996363
Kepler-10 b,-1.00757,1.0004246
Kepler-10 b,-0.99122,1.0004678
Kepler-10 b,-0.97487,0.9999051
Kepler-10 b,-0.95853,1.0000058
Kepler-10 b,-0.94218,1.0002667
Kepler-10 b,-0.92583,0.9998422
Kepler-10 b,-0.90949,0.9998140
Kepler-10 b,-0.89314,0.9996356
Kepler-10 b,-0.87679,0.9998378
Kepler-10 b,-0.86045,1.0000503
Kepler-10 b,-0.84410,0.9994673
Kepler-10 b,-0.82776,0.9996631
Kepler-10 b,-0.81141,0.9998277
Kepler-10 b,-0.79506,0.9996480
Kepler-10 b,-0.77871,1.0000658
Kepler-10 b,-0.76237,1.0003621
Kepler-10 b,-0.74602,1.0001059
Kepler-10 b,-0.72968,1.0000121
Kepler-10 b,-0.71333,1.0001750
Kepler-10 b,-0.69698,0.9997833
Kepler-10 b,-0.68064,1.0001532
Kepler-10 b,-0.66429,0.9999214
Kepler-10 b,-0.64794,1.0001576
Kepler-10 b,-0.63160,0.9999573
Kepler-10 b,-0.61525,0.9998935
Kepler-10 b,-0.59890,0.9999664
Kepler-10 b,-0.58256,0.9999680
Kepler-10 b,-0.56621,0.9998688
Kepler-10 b,-0.54986,0.9999893
Kepler-10 b,-0.53352,0.9997235
Kepler-10 b,-0.51717,1.0003504
Kepler-10 b,-0.50082,0.9998042
Kepler-10 b,-0.48448,1.0003093
Kepler-10 b,-0.46813,1.0003259
Kepler-10 b,-0.45179,1.0000054
Kepler-10 b,-0.43544,1.0002144
Kepler-10 b,-0.41909,1.0000545
Kepler-10 b,-0.40275,0.9997894
Kepler-10 b,-0.38640,1.0002654
Kepler-10 b,-0.37005,0.9996839
Kepler-10 b,-0.35371,0.9997811
Kepler-10 b,-0.33736,1.0000857
Kepler-10 b,-0.32102,0.9998672
Kepler-10 b,-0.30467,0.9999089
Kepler-10 b,-0.28832,1.0001062
Kepler-10 b,-0.27197,0.9997232
Kepler-10 b,-0.25563,0.9998079
Kepler-10 b,-0.23928,0.9997825
Kepler-10 b,-0.22294,0.9997995
Kepler-10 b,-0.20659,1.0000731
Kepler-10 b,-0.19024,0.9993058
Kepler-10 b,-0.17390,0.9997949
Kepler-10 b,-0.15755,0.9999423
Kepler-10 b,-0.14120,0.9996803
Kepler-10 b,-0.12486,0.9997395
Kepler-10 b,-0.10851,0.9997770
Kepler-10 b,-0.09217,1.0001164
Kepler-10 b,-0.07582,1.0000338
Kepler-10 b,-0.05947,0.9995468
Kepler-10 b,-0.04312,0.9998493
Kepler-10 b,-0.02678,0.9996454
Kepler-10 b,-0.01043,0.9996960
Kepler-10 b,0.00592,0.9997819
Kepler-10 b,0.02226,0.9998812
Kepler-10 b,0.03861,1.0000211
Kepler-10 b,0.05495,1.0000536
Kepler-10 b,0.07130,0.9997346
Kepler-10 b,0.08765,1.0001264
Kepler-10 b,0.10399,0.9998770
Kepler-10 b,0.12034,0.9997788
Kepler-10 b,0.13669,0.9999559
Kepler-10 b,0.15303,0.9996740
Kepler-10 b,0.16938,0.9996790
Kepler-10 b,0.18572,1.0002328
Kepler-10 b,0.20207,0.9999130
Kepler-10 b,0.21842,0.9997732
Kepler-10 b,0.23476,0.9998460
Kepler-10 b,0.25111,0.9992440
Kepler-10 b,0.26746,1.0003494
Kepler-10 b,0.28380,0.9998594
Kepler-10 b,0.30015,0.9997196
Kepler-10 b,0.31650,1.0000952
Kepler-10 b,0.33284,0.9998974
Kepler-10 b,0.34919,1.0002630
Kepler-10 b,0.36554,0.9999763
Kepler-10 b,0.38188,0.9998913
Kepler-10 b,0.39823,1.0003056
Kepler-10 b,0.41458,0.9999623
Kepler-10 b,0.43092,1.0001588
Kepler-10 b,0.44727,0.9999686
Kepler-10 b,0.46361,0.9998630
Kepler-10 b,0.47996,0.9999744
Kepler-10 b,0.49631,0.9998992
Kepler-10 b,0.51265,1.0000423
Kepler-10 b,0.52900,0.9994260
Kepler-10 b,0.54535,1.0001462
Kepler-10 b,0.56169,0.9999816
Kepler-10 b,0.57804,0.9999877
Kepler-10 b,0.59438,1.0001279
Kepler-10 b,0.61073,0.9998035
Kepler-10 b,0.62708,1.0003023
Kepler-10 b,0.64343,0.9995661
Kepler-10 b,0.65977,0.9996958
Kepler-10 b,0.67612,0.9996855
Kepler-10 b,0.69246,0.9992604
Kepler-10 b,0.70881,1.0000422
Kepler-10 b,0.72516,1.0000213
Kepler-10 b,0.74150,0.9999578
Kepler-10 b,0.75785,1.0000247
Kepler-10 b,0.77420,0.9996370
Kepler-10 b,0.79054,0.9999521
Kepler-10 b,0.80689,0.9997541
Kepler-10 b,0.82324,1.0002704
Kepler-10 b,0.83958,1.0001999
Kepler-10 b,0.85593,1.0002626
Kepler-10 b,0.87228,0.9998558
Kepler-10 b,0.88862,1.0001438
Kepler-10 b,0.90497,1.0000905
Kepler-10 b,0.92132,1.0002176
Kepler-10 b,0.93766,1.0000701
Kepler-10 b,0.95401,1.0003063
Kepler-10 b,0.97035,0.9998302
Kepler-10 b,0.98670,0.9998651
Kepler-10 b,1.00305,1.0000710
Kepler-10 b,1.01939,1.0000266
Kepler-10 b,1.03574,0.9998790
Kepler-10 b,1.05209,1.0000467
Kepler-10 b,1.06843,0.9998167
Kepler-10 b,1.08478,0.9995635
Kepler-10 b,1.10112,1.0002806
Kepler-10 b,1.11747,1.0002769
Kepler-10 b,1.13382,0.9999781
Kepler-10 b,1.15017,1.0001468
Kepler-10 b,1.16651,1.0000356
Kepler-10 b,1.18286,0.9999483
Kepler-10 b,1.19920,0.9998922
Kepler-10 b,1.21555,0.9996709
Kepler-10 b,1.23190,0.9997262
Kepler-10 b,1.24824,0.9999129
Kepler-10 b,1.26459,1.0001222
Kepler-10 b,1.28094,1.0000432
Kepler-10 b,1.29728,0.9996579
Kepler-10 b,1.31363,1.0001212
Kepler-10 b,1.32998,1.0003184
Kepler-10 b,1.34632,1.0002077
Kepler-10 b,1.36267,1.0001635
Kepler-10 b,1.37902,1.0001215
Kepler-10 b,1.39536,1.0001974
Kepler-10 b,1.41171,1.0000936
Kepler-10 b,1.42806,0.9998682
Kepler-10 b,1.44440,0.9998659
Kepler-10 b,1.46075,1.0002183
Kepler-10 b,1.47710,1.0003146
Kepler-10 b,1.49344,1.0001122
Kepler-10 b,1.50979,1.0006814
Kepler-10 b,1.52613,1.0001664
Kepler-10 b,1.54248,1.0001223
Kepler-10 b,1.55883,1.0000854
Kepler-10 b,1.57517,1.0004348
Kepler-10 b,1.59152,1.0005000
Kepler-10 b,1.60787,1.0000924
Kepler-10 b,1.62421,1.0000634
Kepler-10 b,1.64056,0.9996519
Kepler-10 b,1.65690,1.0000640
Kepler-10 b,1.67325,0.9998959
Kepler-10 b,1.68960,0.9995469
Kepler-10 b,1.70594,1.0000058
Kepler-10 b,1.72229,0.9997856
Kepler-10 b,1.73864,0.9999780
Kepler-10 b,1.75498,1.0001375
Kepler-10 b,1.77133,0.9998923
Kepler-10 b,1.78768,0.9999011
Kepler-10 b,1.80402,0.9996251
Kepler-10 b,1.82037,1.0004799
Kepler-10 b,1.83672,0.9998256
Kepler-10 b,1.85306,0.9999916
Kepler-10 b,1.86941,0.9999518
Kepler-10 b,1.88575,1.0001025
Kepler-10 b,1.90210,0.9998445
Kepler-10 b,1.91845,1.0001128
Kepler-10 b,1.93479,0.9999902
Kepler-10 b,1.95114,1.0001073
Kepler-10 b,1.96749,0.9997897
Kepler-10 b,1.98384,0.9997237
Kepler-10 b,2.00018,0.9997519
Kepler-10 b,2.01653,0.9995669
Kepler-10 b,2.03287,0.9999481
Kepler-10 b,2.04922,0.9996608
Kepler-10 b,2.06557,1.0000274
Kepler-10 b,2.08191,1.0003800
Kepler-10 b,2.09826,1.0000698
Kepler-10 b,2.11461,1.0003622
Kepler-10 b,2.13095,1.0002189
Kepler-10 b,2.14730,1.0003655
Kepler-10 b,2.16364,1.0000162
Kepler-10 b,2.17999,1.0002546
Kepler-10 b,2.19634,0.9999532
Kepler-10 b,2.21268,0.9998213
Kepler-10 b,2.22903,0.9999122
Kepler-10 b,2.24538,0.9996709
Kepler-10 b,2.26172,1.0002048
Kepler-10 b,2.27807,1.0000028
Kepler-10 b,2.29442,1.0000205
Kepler-10 b,2.31076,0.9997855
Kepler-10 b,2.32711,1.0001060
Kepler-10 b,2.34346,1.0001026
Kepler-10 b,2.35980,1.0003167
Kepler-10 b,2.37615,0.9996555
Kepler-10 b,2.39250,1.0003808
Kepler-10 b,2.40884,0.9993768
Kepler-10 b,2.42519,0.9997889
Kepler-10 b,2.44153,1.0001446
Kepler-10 b,2.45788,1.0000373
Kepler-10 b,2.47423,1.0003480
Kepler-10 b,2.49057,0.9999058
Kepler-10 b,2.50692,1.0001180
Kepler-10 b,2.52327,1.0004423
Kepler-10 b,2.53961,0.9997441
Kepler-10 b,2.55596,0.9996736
Kepler-10 b,2.57231,1.0000390
Kepler-10 b,2.58865,1.0000341
Kepler-10 b,2.60500,1.0001118
Kepler-10 b,2.62135,1.0001607
Kepler-10 b,2.63769,0.9998515
Kepler-10 b,2.65404,0.9999455
Kepler-10 b,2.67039,1.0002599
Kepler-10 b,2.68673,0.9997337
Kepler-10 b,2.70308,1.0000401
Kepler-10 b,2.71942,0.9997620
Kepler-10 b,2.73577,0.9998185
Kepler-10 b,2.75212,0.9998918
Kepler-10 b,2.76846,0.9998259
Kepler-10 b,2.78481,0.9999000
Kepler-10 b,2.80116,0.9999302
Kepler-10 b,2.81750,0.9998987
Kepler-10 b,2.83385,0.9997755
Kepler-10 b,2.85020,1.0003570
Kepler-10 b,2.86654,1.0000816
Kepler-10 b,2.88289,1.0002778
Kepler-10 b,2.89924,1.0005630
Kepler-10 b,2.91558,0.9996560
Kepler-10 b,2.93193,0.9996826
Kepler-10 b,2.94827,0.9998783
Kepler-10 b,2.96462,1.0001927
Kepler-10 b,2.98097,1.0001203
Kepler-10 b,2.99731,1.0001687
Kepler-10 b,3.01366,0.9996185
Kepler-10 b,3.03001,0.9998713
Kepler-10 b,3.04635,0.9997818
Kepler-10 b,3.06270,1.0002536
Kepler-10 b,3.07904,0.9998530
Kepler-10 b,3.09539,0.9998153
Kepler-10 b,3.11174,1.0001059
Kepler-10 b,3.12808,0.9998510
Kepler-10 b,3.14443,0.9998970
Kepler-10 b,3.16078,0.9997552
Kepler-10 b,3.17712,1.0000089
Kepler-10 b,3.19347,0.9998262
Kepler-10 b,3.20982,0.9997209
Kepler-10 b,3.22616,1.0000894
Kepler-10 b,3.24251,0.9999215
Kepler-10 b,3.25886,0.9995865
Kepler-10 b,3.27520,0.9996693
Kepler-10 b,3.29155,0.9998138
Kepler-10 b,3.30790,0.9998990
Kepler-10 b,3.32424,0.9999639
Kepler-10 b,3.34059,0.9995057
Kepler-10 b,3.35693,0.9999344
Kepler-10 b,3.37328,0.9996356
Kepler-10 b,3.38963,1.0003728
Kepler-10 b,3.40598,0.9999319
Kepler-10 b,3.42232,0.9992881
Kepler-10 b,3.43867,0.9998195
Kepler-10 b,3.45502,0.9999474
Kepler-10 b,3.47136,0.9999913
Kepler-10 b,3.48771,1.0002439
Kepler-10 b,3.50405,0.9995378
Kepler-10 b,3.52040,1.0003238
Kepler-10 b,3.53675,0.9996638
Kepler-10 b,3.55309,0.9998434
Kepler-10 b,3.56944,1.0000128
Kepler-10 b,3.58579,1.0000201
Kepler-10 b,3.60213,0.9999678
Kepler-10 b,3.61848,0.9998506
Kepler-10 b,3.63482,1.0000289
Kepler-10 b,3.65117,1.0001372
Kepler-10 b,3.66752,0.9998586
Kepler-10 b,3.68386,0.9999452
Kepler-10 b,3.70021,0.9999915
Kepler-10 b,3.71656,1.0001030
Kepler-10 b,3.73290,0.9999027
Kepler-10 b,3.74925,1.0001562
Kepler-10 b,3.76560,0.9999996
Kepler-10 b,3.78194,1.0000859
Kepler-10 b,3.79829,0.9998897
Kepler-10 b,3.81464,0.9994671
Kepler-10 b,3.83098,1.0000023
Kepler-10 b,3.84733,0.9999612
Kepler-10 b,3.86368,1.0000257
Kepler-10 b,3.88002,0.9999491
Kepler-10 b,3.89637,1.0000084
Kepler-10 b,3.91271,1.0006635
Kepler-10 b,3.92906,1.0003177
Kepler-10 b,3.94541,1.0004316
Kepler-10 b,3.96175,1.0001559
Kepler-10 b,3.97810,1.0002062
Kepler-10 b,3.99445,0.9999755
Kepler-10 b,4.01079,1.0000739
Kepler-10 b,4.02714,1.0001481
Kepler-10 b,4.04349,1.0001586
Kepler-10 b,4.05983,0.9998167
Kepler-10 b,4.07618,0.9997329
Kepler-10 b,4.09252,0.9999098
Kepler-10 b,4.10887,1.0001111
Kepler-10 b,4.12522,0.9999045
Kepler-10 b,4.14157,1.0032032
Kepler-10 b,4.15791,1.0004197
Kepler-10 b,4.17426,0.9996309
Kepler-10 b,4.19060,1.0002735
Kepler-10 b,4.20695,1.0001026
Kepler-10 b,4.22330,1.0003218
Kepler-10 b,4.23964,0.9999206
Kepler-10 b,4.25599,0.9999568
Kepler-10 b,4.27234,0.9999066
Kepler-10 b,4.28868,1.0000711
Kepler-10 b,4.30503,1.0001006
Kepler-10 b,4.32138,0.9998693
Kepler-10 b,4.33772,0.9998534
Kepler-10 b,4.35407,0.9999864
Kepler-10 b,4.37042,0.9998018
Kepler-10 b,4.38676,0.9999226
Kepler-10 b,4.40311,0.9998547
Kepler-10 b,4.41945,1.0000416
Kepler-10 b,4.43580,1.0000341
Kepler-10 b,4.45215,0.9999336
Kepler-10 b,4.46849,0.9999040
Kepler-10 b,4.48484,1.0002016
Kepler-10 b,4.50119,1.0003906
Kepler-10 b,4.51753,0.9997905
Kepler-10 b,4.53388,1.0001623
Kepler-10 b,4.55022,1.0000852
Kepler-10 b,4.56657,0.9998139
Kepler-10 b,4.58292,1.0003897
Kepler-10 b,4.59927,0.9998336
Kepler-10 b,4.61561,0.9998963
Kepler-10 b,4.63196,0.9997863
Kepler-10 b,4.64831,0.9998511
Kepler-10 b,4.66465,0.9996023
Kepler-10 b,4.68100,0.9999565
Kepler-10 b,4.69734,0.9998440
Kepler-10 b,4.71369,0.9997357
Kepler-10 b,4.73004,1.0001453
Kepler-10 b,4.74638,1.0002189
Kepler-10 b,4.76273,0.9999400
Kepler-10 b,4.77908,1.0001860
Kepler-10 b,4.79542,1.0000481
Kepler-10 b,-4.64647,1.0007309
Kepler-10 b,-4.63013,1.0005279
Kepler-10 b,-4.61378,1.0004299
Kepler-10 b,-4.59743,1.0002953
Kepler-10 b,-4.58109,1.0002153
Kepler-10 b,-4.56474,0.9999872
Kepler-10 b,-4.54840,0.9999398
Kepler-10 b,-4.53205,0.9996751
Kepler-10 b,-4.51570,1.0001667
Kepler-10 b,-4.49936,0.9999522
Kepler-10 b,-4.48301,0.9996550
Kepler-10 b,-4.46666,1.0000889
Kepler-10 b,-4.45032,0.9997860
Kepler-10 b,-4.43397,0.9998911
Kepler-10 b,-4.41762,0.9997973
Kepler-10 b,-4.40128,0.9998811
Kepler-10 b,-4.38493,0.9998851
Kepler-10 b,-4.36858,0.9999616
Kepler-10 b,-4.35224,1.0000263
Kepler-10 b,-4.33589,1.0000030
Kepler-10 b,-4.31955,0.9995511
Kepler-10 b,-4.30320,0.9998521
Kepler-10 b,-4.28685,1.0000779
Kepler-10 b,-4.27051,1.0001746
Kepler-10 b,-4.25416,1.0001348
Kepler-10 b,-4.23781,0.9999366
Kepler-10 b,-4.22147,1.0001750
Kepler-10 b,-4.20512,0.9992780
Kepler-10 b,-4.18878,0.9998490
Kepler-10 b,-4.17243,0.9998331
Kepler-10 b,-4.15608,0.9997485
Kepler-10 b,-4.13973,0.9999586
Kepler-10 b,-4.12339,0.9998294
Kepler-10 b,-4.10704,0.9996821
Kepler-10 b,-4.09069,1.0000763
Kepler-10 b,-4.07435,0.9997810
Kepler-10 b,-4.05800,0.9999234
Kepler-10 b,-4.04165,1.0001419
Kepler-10 b,-4.02531,1.0000020
Kepler-10 b,-4.00896,1.0002405
Kepler-10 b,-3.99261,0.9996273
Kepler-10 b,-3.97627,1.0002342
Kepler-10 b,-3.95992,0.9999995
Kepler-10 b,-3.94358,1.0001446
Kepler-10 b,-3.92723,1.0000300
Kepler-10 b,-3.91088,0.9999163
Kepler-10 b,-3.89454,1.0002769
Kepler-10 b,-3.87819,1.0003567
Kepler-10 b,-3.86184,0.9991461
Kepler-10 b,-3.84550,0.9998208
Kepler-10 b,-3.82915,0.9995854
Kepler-10 b,-3.81280,0.9997747
Kepler-10 b,-3.79646,0.9998521
Kepler-10 b,-3.78011,0.9997785
Kepler-10 b,-3.76377,1.0004690
Kepler-10 b,-3.74742,1.0000547
Kepler-10 b,-3.73107,0.9999151
Kepler-10 b,-3.71473,1.0003437
Kepler-10 b,-3.69838,1.0002629
Kepler-10 b,-3.68203,1.0001946
Kepler-10 b,-3.66569,0.9998573
Kepler-10 b,-3.64934,1.0000773
Kepler-10 b,-3.63300,1.0001202
Kepler-10 b,-3.61665,1.0003144
Kepler-10 b,-3.60030,1.0001252
Kepler-10 b,-3.58395,1.0003911
Kepler-10 b,-3.56761,0.9999515
Kepler-10 b,-3.55126,1.0003048
Kepler-10 b,-3.53492,0.9999543
Kepler-10 b,-3.51857,0.9997769
Kepler-10 b,-3.50222,0.9998968
Kepler-10 b,-3.48588,1.0003258
Kepler-10 b,-3.46953,1.0002893
Kepler-10 b,-3.45318,1.0001402
Kepler-10 b,-3.43683,0.9995615
Kepler-10 b,-3.42049,1.0001727
Kepler-10 b,-3.40415,1.0001042
Kepler-10 b,-3.38780,1.0001309
Kepler-10 b,-3.37145,0.9999410
Kepler-10 b,-3.35510,0.9999221
Kepler-10 b,-3.33876,0.9997711
Kepler-10 b,-3.32241,0.9999925
Kepler-10 b,-3.30606,0.9997157
Kepler-10 b,-3.28972,0.9996691
Kepler-10 b,-3.27337,0.9996881
Kepler-10 b,-3.25703,0.9997449
Kepler-10 b,-3.24068,1.0000619
Kepler-10 b,-3.22433,0.9999203
Kepler-10 b,-3.20799,0.9998465
Kepler-10 b,-3.19164,0.9999567
Kepler-10 b,-3.17529,0.9999757
Kepler-10 b,-3.15895,1.0000080
Kepler-10 b,-3.14260,1.0003514
Kepler-10 b,-3.12626,0.9994967
Kepler-10 b,-3.10991,0.9999860
Kepler-10 b,-3.09356,1.0001116
Kepler-10 b,-3.07722,1.0001043
Kepler-10 b,-3.06087,1.0001885
Kepler-10 b,-3.04452,0.9999036
Kepler-10 b,-3.02818,0.9998252
Kepler-10 b,-3.01183,0.9999434
Kepler-10 b,-2.99548,1.0001588
Kepler-10 b,-2.97914,0.9997635
Kepler-10 b,-2.96279,1.0002556
Kepler-10 b,-2.94644,0.9999921
Kepler-10 b,-2.93010,1.0002160
Kepler-10 b,-2.91375,0.9999467
Kepler-10 b,-2.89740,1.0000573
Kepler-10 b,-2.88106,1.0003587
Kepler-10 b,-2.86471,1.0002709
Kepler-10 b,-2.84837,1.0002005
Kepler-10 b,-2.83202,1.0001526
Kepler-10 b,-2.81567,1.0004761
Kepler-10 b,-2.79933,1.0003443
Kepler-10 b,-2.78298,0.9999208
Kepler-10 b,-2.76663,0.9999566
Kepler-10 b,-2.75029,1.0001913
Kepler-10 b,-2.73394,1.0001951
Kepler-10 b,-2.71759,0.9998957
Kepler-10 b,-2.70125,1.0001371
Kepler-10 b,-2.68490,1.0003603
Kepler-10 b,-2.66855,1.0003388
Kepler-10 b,-2.65221,0.9996849
Kepler-10 b,-2.63586,0.9998058
Kepler-10 b,-2.61951,1.0001667
Kepler-10 b,-2.60317,1.0001919
Kepler-10 b,-2.58682,1.0003949
Kepler-10 b,-2.57047,0.9999272
Kepler-10 b,-2.55413,0.9998649
Kepler-10 b,-2.53778,1.0004949
Kepler-10 b,-2.52144,1.0001221
Kepler-10 b,-2.50509,1.0000913
Kepler-10 b,-2.48874,1.0002047
Kepler-10 b,-2.47240,0.9997022
Kepler-10 b,-2.45605,0.9996835
Kepler-10 b,-2.43970,1.0004460
Kepler-10 b,-2.42336,1.0000952
Kepler-10 b,-2.40701,1.0001317
Kepler-10 b,-2.39066,1.0000741
Kepler-10 b,-2.37432,0.9999056
Kepler-10 b,-2.35797,1.0001014
Kepler-10 b,-2.34163,1.0000434
Kepler-10 b,-2.32528,0.9997480
Kepler-10 b,-2.30893,1.0001621
Kepler-10 b,-2.29259,1.0001072
Kepler-10 b,-2.27624,1.0000811
Kepler-10 b,-2.25989,1.0003156
Kepler-10 b,-2.24355,1.0000216
Kepler-10 b,-2.22720,0.9998414
Kepler-10 b,-2.21086,0.9998675
Kepler-10 b,-2.19451,0.9993483
Kepler-10 b,-2.17816,0.9999694
Kepler-10 b,-2.16182,1.0003535
Kepler-10 b,-2.14547,1.0003376
Kepler-10 b,-2.12912,1.0000244
Kepler-10 b,-2.11277,0.9996162
Kepler-10 b,-2.09643,0.9998355
Kepler-10 b,-2.08008,0.9999547
Kepler-10 b,-2.06374,1.0003313
Kepler-10 b,-2.04739,0.9997358
Kepler-10 b,-2.03104,0.9999422
Kepler-10 b,-2.01470,0.9998539
Kepler-10 b,-1.99835,0.9999626
Kepler-10 b,-1.98200,0.9994129
Kepler-10 b,-1.96565,0.9996972
Kepler-10 b,-1.94931,0.9997997
Kepler-10 b,-1.93297,1.0001453
Kepler-10 b,-1.91662,1.0001392
Kepler-10 b,-1.90027,1.0001369
Kepler-10 b,-1.88393,1.0002004
Kepler-10 b,-1.86758,0.9998619
Kepler-10 b,-1.85123,0.9998925
Kepler-10 b,-1.83488,1.0001151
Kepler-10 b,-1.81854,0.9994767
Kepler-10 b,-1.80219,0.9999337
Kepler-10 b,-1.78585,0.9996010
Kepler-10 b,-1.76950,1.0001530
Kepler-10 b,-1.75315,1.0001051
Kepler-10 b,-1.73681,0.9997692
Kepler-10 b,-1.72046,1.0000049
Kepler-10 b,-1.70411,0.9996424
Kepler-10 b,-1.68777,0.9998139
Kepler-10 b,-1.67142,1.0001517
Kepler-10 b,-1.65508,1.0003753
Kepler-10 b,-1.63873,1.0001280
Kepler-10 b,-1.62238,0.9996979
Kepler-10 b,-1.60604,0.9998098
Kepler-10 b,-1.58969,1.0002438
Kepler-10 b,-1.57334,1.0001715
Kepler-10 b,-1.55699,1.0002358
Kepler-10 b,-1.54065,1.0000330
Kepler-10 b,-1.52430,1.0001983
Kepler-10 b,-1.50796,1.0000225
Kepler-10 b,-1.49161,0.9998418
Kepler-10 b,-1.47526,0.9997861
Kepler-10 b,-1.45892,0.9999564
Kepler-10 b,-1.44257,1.0002186
Kepler-10 b,-1.42622,0.9995393
Kepler-10 b,-1.40988,1.0000768
Kepler-10 b,-1.39353,1.0001270
Kepler-10 b,-1.37719,1.0001821
Kepler-10 b,-1.36084,0.9996837
Kepler-10 b,-1.34449,0.9999953
Kepler-10 b,-1.32815,0.9998480
Kepler-10 b,-1.31180,1.0002328
Kepler-10 b,-1.29545,0.9999759
Kepler-10 b,-1.27911,1.0001975
Kepler-10 b,-1.26276,1.0000329
Kepler-10 b,-1.24641,0.9998630
Kepler-10 b,-1.23007,1.0000660
Kepler-10 b,-1.21372,0.9998349
Kepler-10 b,-1.19737,0.9998563
Kepler-10 b,-1.18103,0.9998312
Kepler-10 b,-1.16468,0.9997848
Kepler-10 b,-1.14834,0.9999680
Kepler-10 b,-1.13199,0.9996528
Kepler-10 b,-1.11564,1.0000478
Kepler-10 b,-1.09929,1.0001588
Kepler-10 b,-1.08295,1.0000822
Kepler-10 b,-1.06660,1.0000465
Kepler-10 b,-1.05026,1.0001580
Kepler-10 b,-1.03391,0.9999138
Kepler-10 b,-1.01756,0.9999575
Kepler-10 b,-1.00122,0.9998705
Kepler-10 b,-0.98487,1.0000947
Kepler-10 b,-0.96852,1.0003052
Kepler-10 b,-0.95218,0.9996058
Kepler-10 b,-0.93583,1.0001577
Kepler-10 b,-0.91948,0.9998879
Kepler-10 b,-0.90314,0.9998225
Kepler-10 b,-0.88679,1.0000175
Kepler-10 b,-0.87045,0.9997578
Kepler-10 b,-0.85410,1.0000749
Kepler-10 b,-0.83775,0.9996460
Kepler-10 b,-0.82141,1.0000780
Kepler-10 b,-0.80506,0.9998228
Kepler-10 b,-0.78871,1.0002577
Kepler-10 b,-0.77237,1.0003997
Kepler-10 b,-0.75602,0.9998508
Kepler-10 b,-0.73968,0.9994975
Kepler-10 b,-0.72333,0.9998121
Kepler-10 b,-0.70698,0.9997802
Kepler-10 b,-0.69063,0.9994581
Kepler-10 b,-0.67429,0.9996726
Kepler-10 b,-0.65794,1.0000342
Kepler-10 b,-0.64159,1.0001149
Kepler-10 b,-0.62525,0.9999911
Kepler-10 b,-0.60890,0.9997147
Kepler-10 b,-0.59256,0.9996260
Kepler-10 b,-0.57621,0.9997284
Kepler-10 b,-0.55986,0.9996008
Kepler-10 b,-0.54352,0.9999332
Kepler-10 b,-0.52717,0.9996903
Kepler-10 b,-0.51082,0.9996567
Kepler-10 b,-0.49448,1.0000637
Kepler-10 b,-0.47813,1.0002597
Kepler-10 b,-0.46179,1.0000508
Kepler-10 b,-0.44544,0.9999413
Kepler-10 b,-0.42909,0.9997199
Kepler-10 b,-0.41275,0.9999335
Kepler-10 b,-0.39640,0.9993948
Kepler-10 b,-0.38005,0.9997016
Kepler-10 b,-0.36371,1.0001265
Kepler-10 b,-0.34736,0.9995788
Kepler-10 b,-0.33101,0.9998374
Kepler-10 b,-0.31467,0.9997878
Kepler-10 b,-0.29832,0.9997894
Kepler-10 b,-0.28197,0.9999474
Kepler-10 b,-0.26563,1.0000357
Kepler-10 b,-0.24928,1.0001027
Kepler-10 b,-0.23294,0.9999071
Kepler-10 b,-0.21659,0.9996792
Kepler-10 b,-0.20024,0.9996008
Kepler-10 b,-0.18390,0.9997397
Kepler-10 b,-0.16755,0.9998302
Kepler-10 b,-0.15120,0.9996713
Kepler-10 b,-0.13486,0.9999852
Kepler-10 b,-0.11851,0.9995382
Kepler-10 b,-0.10216,1.0000314
Kepler-10 b,-0.08582,0.9998719
Kepler-10 b,-0.06947,0.9997994
Kepler-10 b,-0.05312,0.9998380
Kepler-10 b,-0.03678,1.0001473
Kepler-10 b,-0.02043,0.9997937
Kepler-10 b,-0.00408,0.9998618
Kepler-10 b,0.01226,0.9997781
Kepler-10 b,0.02861,1.0000015
Kepler-10 b,0.04495,1.0002469
Kepler-10 b,0.06130,0.9998534
Kepler-10 b,0.07765,1.0000989
Kepler-10 b,0.09399,0.9999677
Kepler-10 b,0.11034,0.9998518
Kepler-10 b,0.12669,1.0000920
Kepler-10 b,0.14303,0.9996374
Kepler-10 b,0.15938,0.9995614
Kepler-10 b,0.17573,1.0001109
Kepler-10 b,0.19207,0.9996173
Kepler-10 b,0.20842,1.0001880
Kepler-10 b,0.22477,1.0000498
Kepler-10 b,0.24111,0.9980809
Kepler-10 b,0.25746,0.9997787
Kepler-10 b,0.27381,0.9997751
Kepler-10 b,0.29015,0.9998533
Kepler-10 b,0.30650,1.0000084
Kepler-10 b,0.32284,0.9996985
Kepler-10 b,0.33919,0.9999079
Kepler-10 b,0.35554,0.9994471
Kepler-10 b,0.37189,0.9999021
Kepler-10 b,0.38823,0.9996928
Kepler-10 b,0.40458,0.9996201
Kepler-10 b,0.42092,0.9996827
Kepler-10 b,0.43727,0.9999894
Kepler-10 b,0.45361,0.9997035
Kepler-10 b,0.46996,1.0000480
Kepler-10 b,0.48631,1.0000923
Kepler-10 b,0.50266,0.9998075
Kepler-10 b,0.51900,1.0002119
Kepler-10 b,0.53535,0.9999798
Kepler-10 b,0.55170,1.0000567
Kepler-10 b,0.56804,0.9995850
Kepler-10 b,0.58439,0.9997983
Kepler-10 b,0.60073,0.9998066
Kepler-10 b,0.61708,0.9994188
Kepler-10 b,0.63343,1.0001021
Kepler-10 b,0.64977,0.9996602
Kepler-10 b,0.66612,0.9997903
Kepler-10 b,0.68247,0.9999902
Kepler-10 b,0.69881,0.9994302
Kepler-10 b,0.71516,0.9997392
Kepler-10 b,0.73151,0.9999176
Kepler-10 b,0.74785,1.0000816
Kepler-10 b,0.76420,0.9997297
Kepler-10 b,0.78055,0.9995975
Kepler-10 b,0.79689,0.9999386
Kepler-10 b,0.81324,0.9999509
Kepler-10 b,0.82958,0.9999435
Kepler-10 b,0.84593,0.9995962
Kepler-10 b,0.86228,0.9996951
Kepler-10 b,0.87862,0.9997652
Kepler-10 b,0.89497,0.9997348
Kepler-10 b,0.91132,0.9998773
Kepler-10 b,0.92766,0.9997510
Kepler-10 b,0.94401,1.0001033
Kepler-10 b,0.96035,1.0000667
Kepler-10 b,0.97670,1.0000438
Kepler-10 b,0.99305,1.0000465
Kepler-10 b,1.00939,1.0005211
Kepler-10 b,1.02574,0.9997200
Kepler-10 b,1.04209,1.0004076
Kepler-10 b,1.05843,0.9999230
Kepler-10 b,1.07478,1.0000143
Kepler-10 b,1.09113,0.9997667
Kepler-10 b,1.10747,0.9999417
Kepler-10 b,1.12382,0.9999329
Kepler-10 b,1.14017,1.0000598
Kepler-10 b,1.15651,1.0001881
Kepler-10 b,1.17286,0.9999375
Kepler-10 b,1.18920,0.9997894
Kepler-10 b,1.20555,0.9994926
Kepler-10 b,1.22190,0.9998636
Kepler-10 b,1.23824,1.0000974
Kepler-10 b,1.25459,1.0000703
Kepler-10 b,1.27094,1.0000635
Kepler-10 b,1.28728,1.0000048
Kepler-10 b,1.30363,0.9998776
Kepler-10 b,1.31998,0.9999547
Kepler-10 b,1.33633,0.9992593
Kepler-10 b,1.35267,0.9998279
Kepler-10 b,1.36902,0.9996726
Kepler-10 b,1.38536,0.9999680
Kepler-10 b,1.40171,0.9999812
Kepler-10 b,1.41806,1.0000561
Kepler-10 b,1.43440,1.0005477
Kepler-10 b,1.45075,0.9999981
Kepler-10 b,1.46710,0.9998842
Kepler-10 b,1.48344,1.0000224
Kepler-10 b,1.49979,0.9993062
Kepler-10 b,1.51613,0.9999954
Kepler-10 b,1.53248,0.9998726
Kepler-10 b,1.54883,1.0003241
Kepler-10 b,1.56517,1.0004792
Kepler-10 b,1.58152,1.0003657
Kepler-10 b,1.59787,0.9998093
Kepler-10 b,1.61421,1.0000123
Kepler-10 b,1.63056,1.0001106
Kepler-10 b,1.64691,0.9999027
Kepler-10 b,1.66325,1.0001098
Kepler-10 b,1.67960,0.9999737
Kepler-10 b,1.69595,1.0000387
Kepler-10 b,1.71229,0.9996998
Kepler-10 b,1.72864,1.0000874
Kepler-10 b,1.74499,0.9997692
Kepler-10 b,1.76133,0.9999635
Kepler-10 b,1.77768,1.0000993
Kepler-10 b,1.79402,1.0000169
Kepler-10 b,1.81037,0.9999578
Kepler-10 b,1.82672,0.9996172
Kepler-10 b,1.84306,0.9995145
Kepler-10 b,1.85941,0.9999704
Kepler-10 b,1.87576,0.9993621
Kepler-10 b,1.89210,0.9998442
Kepler-10 b,1.90845,1.0000615
Kepler-10 b,1.92479,0.9997627
Kepler-10 b,1.94114,1.0002494
Kepler-10 b,1.95749,1.0000620
Kepler-10 b,1.97384,1.0000339
Kepler-10 b,1.99018,1.0000481
Kepler-10 b,2.00653,0.9999826
Kepler-10 b,2.02287,0.9996200
Kepler-10 b,2.03922,0.9999989
Kepler-10 b,2.05557,1.0000484
Kepler-10 b,2.07191,0.9997941
Kepler-10 b,2.08826,1.0001276
Kepler-10 b,2.10461,0.9997273
Kepler-10 b,2.12095,0.9997837
Kepler-10 b,2.13730,0.9998993
Kepler-10 b,2.15365,1.0002713
Kepler-10 b,2.16999,0.9998372
Kepler-10 b,2.18634,1.0000236
Kepler-10 b,2.20269,0.9997750
Kepler-10 b,2.21903,1.0002176
Kepler-10 b,2.23538,1.0001157
Kepler-10 b,2.25173,0.9998430
Kepler-10 b,2.26807,1.0003237
Kepler-10 b,2.28442,0.9997738
Kepler-10 b,2.30076,1.0001078
Kepler-10 b,2.31711,0.9998705
Kepler-10 b,2.33346,0.9994092
Kepler-10 b,2.34980,0.9998325
Kepler-10 b,2.36615,1.0000625
Kepler-10 b,2.38250,0.9998975
Kepler-10 b,2.39884,1.0002265
Kepler-10 b,2.41519,0.9996843
Kepler-10 b,2.43153,0.9999123
Kepler-10 b,2.44788,1.0000365
Kepler-10 b,2.46423,0.9996012
Kepler-10 b,2.48057,1.0000113
Kepler-10 b,2.49692,1.0001643
Kepler-10 b,2.51327,0.9999685
Kepler-10 b,2.52961,0.9999881
Kepler-10 b,2.54596,0.9997487
Kepler-10 b,2.56231,0.9999605
Kepler-10 b,2.57865,0.9998570
Kepler-10 b,2.59500,0.9999521
Kepler-10 b,2.61135,1.0001419
Kepler-10 b,2.62769,0.9999566
Kepler-10 b,2.64404,0.9999406
Kepler-10 b,2.66039,0.9997389
Kepler-10 b,2.67673,1.0000711
Kepler-10 b,2.69308,1.0000605
Kepler-10 b,2.70942,1.0003380
Kepler-10 b,2.72577,0.9998813
Kepler-10 b,2.74212,1.0001584
Kepler-10 b,2.75847,0.9995681
Kepler-10 b,2.77481,1.0001663
Kepler-10 b,2.79116,1.0001950
Kepler-10 b,2.80751,1.0000775
Kepler-10 b,2.82385,1.0000456
Kepler-10 b,2.84020,0.9999184
Kepler-10 b,2.85654,0.9998138
Kepler-10 b,2.87289,0.9998161
Kepler-10 b,2.88924,1.0000863
Kepler-10 b,2.90558,1.0001232
Kepler-10 b,2.92193,1.0000958
Kepler-10 b,2.93828,1.0001001
Kepler-10 b,2.95462,1.0003188
Kepler-10 b,2.97097,0.9998607
Kepler-10 b,2.98731,1.0004097
Kepler-10 b,3.00366,0.9998080
Kepler-10 b,3.02001,0.9998846
Kepler-10 b,3.03635,1.0002561
Kepler-10 b,3.05270,0.9996019
Kepler-10 b,3.06905,0.9997206
Kepler-10 b,3.08539,1.0002238
Kepler-10 b,3.10174,1.0002649
Kepler-10 b,3.11809,0.9997523
Kepler-10 b,3.13443,0.9998949
Kepler-10 b,3.15078,1.0003029
Kepler-10 b,3.16713,0.9997122
Kepler-10 b,3.18347,0.9999566
Kepler-10 b,3.19982,1.0003569
Kepler-10 b,3.21616,1.0001928
Kepler-10 b,3.23251,1.0003017
Kepler-10 b,3.24886,1.0000377
Kepler-10 b,3.26520,1.0001700
Kepler-10 b,3.28155,1.0000957
Kepler-10 b,3.29790,1.0000042
Kepler-10 b,3.31424,1.0000916
Kepler-10 b,3.33059,1.0000008
Kepler-10 b,3.34693,0.9996906
Kepler-10 b,3.36328,0.9999055
Kepler-10 b,3.37963,1.0000688
Kepler-10 b,3.39597,1.0000360
Kepler-10 b,3.41232,1.0001265
Kepler-10 b,3.42867,0.9997238
Kepler-10 b,3.44502,0.9997847
Kepler-10 b,3.46136,1.0000179
Kepler-10 b,3.47771,0.9998148
Kepler-10 b,3.49405,1.0002760
Kepler-10 b,3.51040,0.9997952
Kepler-10 b,3.52675,1.0001101
Kepler-10 b,3.54309,0.9998306
Kepler-10 b,3.55944,0.9994749
Kepler-10 b,3.57579,1.0003534
Kepler-10 b,3.59213,1.0000407
Kepler-10 b,3.60848,0.9995779
Kepler-10 b,3.62483,1.0000821
Kepler-10 b,3.64117,1.0004165
Kepler-10 b,3.65752,0.9999817
Kepler-10 b,3.67387,1.0000667
Kepler-10 b,3.69021,0.9997745
Kepler-10 b,3.70656,1.0000445
Kepler-10 b,3.72291,0.9998684
Kepler-10 b,3.73925,0.9999786
Kepler-10 b,3.75560,0.9998742
Kepler-10 b,3.77194,1.0000619
Kepler-10 b,3.78829,1.0004477
Kepler-10 b,3.80464,0.9999440
Kepler-10 b,3.82098,1.0000388
Kepler-10 b,3.83733,0.9996023
Kepler-10 b,3.85368,0.9999302
Kepler-10 b,3.87002,1.0001061
Kepler-10 b,3.88637,0.9998487
Kepler-10 b,3.90271,0.9997150
Kepler-10 b,3.91906,1.0001482
Kepler-10 b,3.93541,1.0001178
Kepler-10 b,3.95175,1.0000565
Kepler-10 b,3.96810,0.9998300
Kepler-10 b,3.98445,1.0001342
Kepler-10 b,4.00079,1.0004835
Kepler-10 b,4.01714,0.9999837
Kepler-10 b,4.03349,1.0004784
Kepler-10 b,4.04983,1.0001069
Kepler-10 b,4.06618,1.0001317
Kepler-10 b,4.08253,0.9997470
Kepler-10 b,4.09887,0.9998889
Kepler-10 b,4.11522,0.9999884
Kepler-10 b,4.13156,1.0001364
Kepler-10 b,4.14791,1.0002712
Kepler-10 b,4.16426,0.9999404
Kepler-10 b,4.18060,1.0002173
Kepler-10 b,4.19695,0.9994451
Kepler-10 b,4.21330,1.0000031
Kepler-10 b,4.22965,1.0000814
Kepler-10 b,4.24599,1.0005347
Kepler-10 b,4.26234,1.0001283
Kepler-10 b,4.27868,1.0001070
Kepler-10 b,4.29503,1.0001992
Kepler-10 b,4.31138,0.9998545
Kepler-10 b,4.32772,1.0001387
Kepler-10 b,4.34407,0.9997990
Kepler-10 b,4.36042,1.0004757
Kepler-10 b,4.37676,0.9997819
Kepler-10 b,4.39311,1.0000064
Kepler-10 b,4.40945,0.9999935
Kepler-10 b,4.42580,1.0000145
Kepler-10 b,4.44215,1.0000701
Kepler-10 b,4.45849,1.0000641
Kepler-10 b,4.47484,1.0001395
Kepler-10 b,4.49119,0.9997787
Kepler-10 b,4.50753,1.0000033
Kepler-10 b,4.52388,0.9998675
Kepler-10 b,4.54023,0.9998782
Kepler-10 b,4.55657,1.0002288
Kepler-10 b,4.57292,0.9999544
Kepler-10 b,4.58927,0.9998509
Kepler-10 b,4.60561,1.0000591
Kepler-10 b,4.62196,0.9998567
Kepler-10 b,4.63831,1.0001210
Kepler-10 b,4.65465,1.0000715
Kepler-10 b,4.67100,1.0000723
Kepler-10 b,4.68734,1.0002523
Kepler-10 b,4.70369,1.0003889
Kepler-10 b,4.72004,0.9999735
Kepler-10 b,4.73638,0.9999648
Kepler-10 b,4.75273,0.9999257
Kepler-10 b,4.76908,0.9999673
Kepler-10 b,4.78542,1.0003411
Kepler-10 b,-4.78725,1.0000191
Kepler-10 b,-4.77090,1.0002655
Kepler-10 b,-4.75455,1.0001432
Kepler-10 b,-4.73821,0.9997018
Kepler-10 b,-4.72186,1.0000511
Kepler-10 b,-4.70552,0.9998341
Kepler-10 b,-4.68917,1.0000735
Kepler-10 b,-4.67282,0.9999741
Kepler-10 b,-4.65648,0.9995758
Kepler-10 b,-4.64013,0.9997888
Kepler-10 b,-4.62378,0.9999291
Kepler-10 b,-4.60744,0.9998869
Kepler-10 b,-4.59109,0.9999168
Kepler-10 b,-4.57475,1.0000290
Kepler-10 b,-4.55840,0.9997490
Kepler-10 b,-4.54205,0.9997105
Kepler-10 b,-4.52571,1.0000578
Kepler-10 b,-4.50936,1.0005365
Kepler-10 b,-4.49301,1.0001489
Kepler-10 b,-4.47666,1.0002879
Kepler-10 b,-4.46032,1.0000887
Kepler-10 b,-4.44397,1.0000843
Kepler-10 b,-4.42763,1.0004728
Kepler-10 b,-4.41128,1.0001292
Kepler-10 b,-4.39493,0.9998694
Kepler-10 b,-4.37858,0.9998135
Kepler-10 b,-4.36224,1.0001748
Kepler-10 b,-4.34589,0.9999324
Kepler-10 b,-4.32955,0.9999483
Kepler-10 b,-4.31320,0.9998196
Kepler-10 b,-4.29685,0.9998224
Kepler-10 b,-4.28051,0.9996648
Kepler-10 b,-4.26416,0.9996807
Kepler-10 b,-4.24781,0.9997097
Kepler-10 b,-4.23147,1.0000434
Kepler-10 b,-4.21512,1.0000855
Kepler-10 b,-4.19877,0.9999583
Kepler-10 b,-4.18243,1.0000150
Kepler-10 b,-4.16608,0.9994722
Kepler-10 b,-4.14974,1.0000939
Kepler-10 b,-4.13339,1.0000938
Kepler-10 b,-4.11704,1.0001447
Kepler-10 b,-4.10070,1.0004438
Kepler-10 b,-4.08435,1.0001579
Kepler-10 b,-4.06800,1.0000737
Kepler-10 b,-4.05166,1.0002129
Kepler-10 b,-4.03531,1.0000246
Kepler-10 b,-4.01897,1.0001208
Kepler-10 b,-4.00262,1.0000076
Kepler-10 b,-3.98627,1.0003334
Kepler-10 b,-3.96993,1.0003609
Kepler-10 b,-3.95358,1.0000334
Kepler-10 b,-3.93723,0.9999317
Kepler-10 b,-3.92089,0.9998603
Kepler-10 b,-3.90454,0.9996865
Kepler-10 b,-3.88819,0.9999991
Kepler-10 b,-3.87185,1.0003903
Kepler-10 b,-3.85550,1.0000118
Kepler-10 b,-3.83915,1.0000233
Kepler-10 b,-3.82281,0.9998600
Kepler-10 b,-3.80646,0.9995503
Kepler-10 b,-3.79012,1.0002275
Kepler-10 b,-3.77377,0.9996057
Kepler-10 b,-3.75742,0.9999113
Kepler-10 b,-3.74108,0.9999575
Kepler-10 b,-3.72473,1.0000762
Kepler-10 b,-3.70838,0.9998391
Kepler-10 b,-3.69204,0.9997719
Kepler-10 b,-3.67569,1.0000676
Kepler-10 b,-3.65934,1.0000809
Kepler-10 b,-3.64300,0.9998135
Kepler-10 b,-3.62665,0.9995901
Kepler-10 b,-3.61030,0.9999295
Kepler-10 b,-3.59396,0.9997222
Kepler-10 b,-3.57761,1.0002209
Kepler-10 b,-3.56126,1.0000877
Kepler-10 b,-3.54492,1.0002415
Kepler-10 b,-3.52857,1.0000545
Kepler-10 b,-3.51222,1.0001677
Kepler-10 b,-3.49588,1.0000621
Kepler-10 b,-3.47953,1.0000833
Kepler-10 b,-3.46319,0.9993944
Kepler-10 b,-3.44684,0.9997776
Kepler-10 b,-3.43049,0.9999224
Kepler-10 b,-3.41415,1.0001720
Kepler-10 b,-3.39780,1.0004087
Kepler-10 b,-3.38145,0.9999852
Kepler-10 b,-3.36511,0.9995548
Kepler-10 b,-3.34876,1.0003469
Kepler-10 b,-3.33241,1.0000402
Kepler-10 b,-3.31607,0.9999163
Kepler-10 b,-3.29972,0.9998838
Kepler-10 b,-3.28337,0.9998589
Kepler-10 b,-3.26703,1.0001362
Kepler-10 b,-3.25068,1.0000029
Kepler-10 b,-3.23434,1.0000585
Kepler-10 b,-3.21799,1.0005033
Kepler-10 b,-3.20164,1.0002446
Kepler-10 b,-3.18530,1.0007012
Kepler-10 b,-3.16895,1.0001168
Kepler-10 b,-3.15260,1.0000496
Kepler-10 b,-3.13626,1.0001432
Kepler-10 b,-3.11991,1.0000452
Kepler-10 b,-3.10357,1.0002587
Kepler-10 b,-3.08722,1.0001364
Kepler-10 b,-3.07087,1.0003641
Kepler-10 b,-3.05452,0.9998587
Kepler-10 b,-3.03818,1.0000987
Kepler-10 b,-3.02183,1.0002888
Kepler-10 b,-3.00549,0.9999654
Kepler-10 b,-2.98914,1.0000549
Kepler-10 b,-2.97279,0.9997995
Kepler-10 b,-2.95645,0.9999075
Kepler-10 b,-2.94010,0.9998866
Kepler-10 b,-2.92375,1.0002785
Kepler-10 b,-2.90740,0.9998319
Kepler-10 b,-2.89106,0.9996622
Kepler-10 b,-2.87471,0.9996846
Kepler-10 b,-2.85837,0.9999844
Kepler-10 b,-2.84202,0.9995718
Kepler-10 b,-2.82568,1.0000700
Kepler-10 b,-2.80933,0.9996805
Kepler-10 b,-2.79298,0.9997803
Kepler-10 b,-2.77663,0.9997041
Kepler-10 b,-2.76029,1.0001748
Kepler-10 b,-2.74394,0.9997476
Kepler-10 b,-2.72760,1.0002302
Kepler-10 b,-2.71125,0.9996272
Kepler-10 b,-2.69491,0.9996238
Kepler-10 b,-2.67856,1.0000404
Kepler-10 b,-2.66221,1.0000944
Kepler-10 b,-2.64586,1.0001279
Kepler-10 b,-2.62952,1.0000234
Kepler-10 b,-2.61317,1.0000297
Kepler-10 b,-2.59683,0.9994196
Kepler-10 b,-2.58048,0.9996776
Kepler-10 b,-2.56413,0.9999532
Kepler-10 b,-2.54779,0.9997321
Kepler-10 b,-2.53144,1.0000807
Kepler-10 b,-2.51509,0.9999050
Kepler-10 b,-2.49874,1.0002371
Kepler-10 b,-2.48240,0.9999531
Kepler-10 b,-2.46605,1.0000703
Kepler-10 b,-2.44971,0.9997111
Kepler-10 b,-2.43336,0.9994210
Kepler-10 b,-2.41701,0.9997481
Kepler-10 b,-2.40067,0.9998300
Kepler-10 b,-2.38432,0.9997472
Kepler-10 b,-2.36797,0.9998105
Kepler-10 b,-2.35163,0.9999820
Kepler-10 b,-2.33528,1.0000921
Kepler-10 b,-2.31894,0.9997461
Kepler-10 b,-2.30259,0.9999472
Kepler-10 b,-2.28624,1.0006029
Kepler-10 b,-2.26990,0.9998285
Kepler-10 b,-2.25355,0.9998574
Kepler-10 b,-2.23720,0.9999777
Kepler-10 b,-2.22086,1.0002281
Kepler-10 b,-2.20451,0.9998892
Kepler-10 b,-2.18816,1.0001349
Kepler-10 b,-2.17182,1.0001661
Kepler-10 b,-2.15547,1.0000266
Kepler-10 b,-2.13912,0.9998766
Kepler-10 b,-2.12278,1.0001691
Kepler-10 b,-2.10643,1.0002981
Kepler-10 b,-2.09009,0.9998276
Kepler-10 b,-2.07374,0.9999790
Kepler-10 b,-2.05739,1.0000792
Kepler-10 b,-2.04105,0.9999693
Kepler-10 b,-2.02470,0.9999973
Kepler-10 b,-2.00835,0.9998905
Kepler-10 b,-1.99201,0.9997564
Kepler-10 b,-1.97566,1.0001232
Kepler-10 b,-1.95931,1.0002848
Kepler-10 b,-1.94297,0.9999395
Kepler-10 b,-1.92662,1.0001873
Kepler-10 b,-1.91028,1.0003287
Kepler-10 b,-1.89393,1.0001171
Kepler-10 b,-1.87758,1.0003285
Kepler-10 b,-1.86123,1.0003098
Kepler-10 b,-1.84489,1.0006292
Kepler-10 b,-1.82854,1.0001566
Kepler-10 b,-1.81220,0.9999153
Kepler-10 b,-1.79585,1.0002074
Kepler-10 b,-1.77950,1.0001663
Kepler-10 b,-1.76316,0.9999936
Kepler-10 b,-1.74681,0.9999610
Kepler-10 b,-1.73046,0.9999337
Kepler-10 b,-1.71412,1.0004187
Kepler-10 b,-1.69777,1.0002556
Kepler-10 b,-1.68143,0.9999426
Kepler-10 b,-1.66508,1.0000875
Kepler-10 b,-1.64873,0.9999207
Kepler-10 b,-1.63238,1.0001402
Kepler-10 b,-1.61604,1.0000856
Kepler-10 b,-1.59969,0.9996408
Kepler-10 b,-1.58334,1.0002355
Kepler-10 b,-1.56700,0.9999979
Kepler-10 b,-1.55065,0.9999639
Kepler-10 b,-1.53431,0.9997701
Kepler-10 b,-1.51796,1.0001842
Kepler-10 b,-1.50161,0.9999310
Kepler-10 b,-1.48527,1.0001006
Kepler-10 b,-1.46892,0.9997966
Kepler-10 b,-1.45257,0.9999064
Kepler-10 b,-1.43623,0.9998157
Kepler-10 b,-1.41988,0.9995803
Kepler-10 b,-1.40354,1.0000333
Kepler-10 b,-1.38719,0.9997837
Kepler-10 b,-1.37084,1.0001887
Kepler-10 b,-1.35450,1.0000807
Kepler-10 b,-1.33815,1.0000283
Kepler-10 b,-1.32180,0.9996068
Kepler-10 b,-1.30546,1.0000872
Kepler-10 b,-1.28911,1.0002883
Kepler-10 b,-1.27276,0.9995009
Kepler-10 b,-1.25642,1.0000265
Kepler-10 b,-1.24007,0.9995964
Kepler-10 b,-1.22373,0.9999311
Kepler-10 b,-1.20738,0.9996395
Kepler-10 b,-1.19103,0.9997878
Kepler-10 b,-1.17469,0.9997060
Kepler-10 b,-1.15834,0.9998505
Kepler-10 b,-1.14199,0.9997615
Kepler-10 b,-1.12565,0.9999337
Kepler-10 b,-1.10930,0.9995361
Kepler-10 b,-1.09295,0.9994622
Kepler-10 b,-1.07661,0.9999619
Kepler-10 b,-1.06026,0.9994991
Kepler-10 b,-1.04391,1.0000837
Kepler-10 b,-1.02756,1.0002096
Kepler-10 b,-1.01122,1.0003080
Kepler-10 b,-0.99487,0.9995462
Kepler-10 b,-0.97853,0.9996182
Kepler-10 b,-0.96218,0.9998281
Kepler-10 b,-0.94583,1.0001489
Kepler-10 b,-0.92949,0.9997340
Kepler-10 b,-0.91314,0.9996461
Kepler-10 b,-0.89679,0.9996755
Kepler-10 b,-0.88045,1.0001491
Kepler-10 b,-0.86410,1.0000919
Kepler-10 b,-0.84776,0.9993119
Kepler-10 b,-0.83141,1.0005297
Kepler-10 b,-0.81506,0.9997915
Kepler-10 b,-0.79872,0.9996426
Kepler-10 b,-0.78237,0.9995389
Kepler-10 b,-0.76602,0.9997406
Kepler-10 b,-0.74968,1.0001351
Kepler-10 b,-0.73333,0.9996708
Kepler-10 b,-0.71698,0.9999102
Kepler-10 b,-0.70064,0.9997082
Kepler-10 b,-0.68429,0.9998556
Kepler-10 b,-0.66794,0.9995061
Kepler-10 b,-0.65160,0.9997625
Kepler-10 b,-0.63525,0.9996910
Kepler-10 b,-0.61891,0.9997071
Kepler-10 b,-0.60256,0.9995653
Kepler-10 b,-0.58621,0.9998899
Kepler-10 b,-0.56987,0.9998807
Kepler-10 b,-0.55352,0.9997941
Kepler-10 b,-0.53717,0.9996768
Kepler-10 b,-0.52083,0.9996557
Kepler-10 b,-0.50448,0.9999407
Kepler-10 b,-0.48814,0.9996967
Kepler-10 b,-0.47179,0.9994412
Kepler-10 b,-0.45544,0.9998223
Kepler-10 b,-0.43910,0.9995611
Kepler-10 b,-0.42275,0.9996410
Kepler-10 b,-0.40640,0.9998737
Kepler-10 b,-0.39006,1.0001820
Kepler-10 b,-0.37371,0.9997922
Kepler-10 b,-0.35737,0.9999855
Kepler-10 b,-0.34102,0.9998016
Kepler-10 b,-0.32467,0.9995972
Kepler-10 b,-0.30832,1.0000844
Kepler-10 b,-0.29198,1.0001728
Kepler-10 b,-0.27563,0.9995169
Kepler-10 b,-0.25928,0.9999162
Kepler-10 b,-0.24294,0.9998903
Kepler-10 b,-0.22659,0.9998307
Kepler-10 b,-0.21024,0.9999866
Kepler-10 b,-0.19390,0.9998706
Kepler-10 b,-0.17755,0.9999524
Kepler-10 b,-0.16120,0.9999212
Kepler-10 b,-0.14486,0.9999194
Kepler-10 b,-0.12851,1.0001535
Kepler-10 b,-0.11216,0.9998444
Kepler-10 b,-0.09582,0.9996588
Kepler-10 b,-0.07947,0.9997832
Kepler-10 b,-0.06313,0.9995971
Kepler-10 b,-0.04678,0.9999743
Kepler-10 b,-0.03043,0.9999697
Kepler-10 b,-0.01409,0.9994340
Kepler-10 b,0.00226,0.9996177
Kepler-10 b,0.01861,0.9999745
Kepler-10 b,0.03495,0.9997382
Kepler-10 b,0.05130,0.9997184
Kepler-10 b,0.06764,0.9995981
Kepler-10 b,0.08399,0.9998699
Kepler-10 b,0.10034,0.9995061
Kepler-10 b,0.11668,0.9995697
Kepler-10 b,0.13303,0.9999059
Kepler-10 b,0.14938,0.9994082
Kepler-10 b,0.16572,0.9999923
Kepler-10 b,0.18207,0.9999553
Kepler-10 b,0.19841,0.9999087
Kepler-10 b,0.21476,0.9991218
Kepler-10 b,0.23111,0.9995383
Kepler-10 b,0.24745,1.0000288
Kepler-10 b,0.26380,0.9999029
Kepler-10 b,0.28015,0.9997122
Kepler-10 b,0.29650,0.9997465
Kepler-10 b,0.31284,0.9996589
Kepler-10 b,0.32919,0.9996451
Kepler-10 b,0.34553,0.9999910
Kepler-10 b,0.36188,0.9996264
Kepler-10 b,0.37823,0.9998698
Kepler-10 b,0.39457,0.9999380
Kepler-10 b,0.41092,0.9995288
Kepler-10 b,0.42727,0.9996289
Kepler-10 b,0.44361,0.9997640
Kepler-10 b,0.45996,0.9998248
Kepler-10 b,0.47630,0.9997097
Kepler-10 b,0.49265,0.9995608
Kepler-10 b,0.50900,0.9998663
Kepler-10 b,0.52534,0.9996975
Kepler-10 b,0.54169,0.9997226
Kepler-10 b,0.55804,0.9997525
Kepler-10 b,0.57438,0.9998253
Kepler-10 b,0.59073,0.9998298
Kepler-10 b,0.60708,0.9999861
Kepler-10 b,0.62342,0.9999627
Kepler-10 b,0.63977,0.9995714
Kepler-10 b,0.65612,0.9999862
Kepler-10 b,0.67246,0.9998130
Kepler-10 b,0.68881,1.0002768
Kepler-10 b,0.70516,1.0001019
Kepler-10 b,0.72150,0.9995321
Kepler-10 b,0.73785,1.0002195
Kepler-10 b,0.75420,0.9999949
Kepler-10 b,0.77054,1.0000222
Kepler-10 b,0.78689,0.9997559
Kepler-10 b,0.80324,0.9998048
Kepler-10 b,0.81958,1.0001375
Kepler-10 b,0.83593,0.9998141
Kepler-10 b,0.85227,1.0001115
Kepler-10 b,0.86862,0.9997907
Kepler-10 b,0.88497,1.0002395
Kepler-10 b,0.90131,0.9997920
Kepler-10 b,0.91766,1.0002153
Kepler-10 b,0.93401,1.0003967
Kepler-10 b,0.95035,1.0003924
Kepler-10 b,0.96670,1.0001277
Kepler-10 b,0.98304,1.0002901
Kepler-10 b,0.99939,1.0000887
Kepler-10 b,1.01574,0.9999456
Kepler-10 b,1.03208,1.0001077
Kepler-10 b,1.04843,0.9999624
Kepler-10 b,1.06478,0.9997149
Kepler-10 b,1.08112,1.0000180
Kepler-10 b,1.09747,0.9996503
Kepler-10 b,1.11382,1.0003087
Kepler-10 b,1.13016,0.9995563
Kepler-10 b,1.14651,1.0004512
Kepler-10 b,1.16286,1.0000799
Kepler-10 b,1.17920,1.0000883
Kepler-10 b,1.19555,0.9997930
Kepler-10 b,1.21190,1.0001301
Kepler-10 b,1.22824,1.0003790
Kepler-10 b,1.24459,0.9998637
Kepler-10 b,1.26093,1.0003156
Kepler-10 b,1.27728,0.9994390
Kepler-10 b,1.29363,0.9999932
Kepler-10 b,1.30998,1.0000563
Kepler-10 b,1.32632,0.9998936
Kepler-10 b,1.34267,1.0006185
Kepler-10 b,1.35901,0.9999740
Kepler-10 b,1.37536,1.0001307
Kepler-10 b,1.39170,1.0004882
Kepler-10 b,1.40805,0.9998179
Kepler-10 b,1.42440,1.0005581
Kepler-10 b,1.44075,0.9995901
Kepler-10 b,1.45709,0.9998846
Kepler-10 b,1.47344,0.9999327
Kepler-10 b,1.48979,1.0000672
Kepler-10 b,1.50613,1.0005440
Kepler-10 b,1.52248,1.0002716
Kepler-10 b,1.53882,0.9999082
Kepler-10 b,1.55517,0.9996608
Kepler-10 b,1.57152,0.9996579
Kepler-10 b,1.58786,1.0000417
Kepler-10 b,1.60421,1.0006736
Kepler-10 b,1.62056,0.9998038
Kepler-10 b,1.63690,0.9998934
Kepler-10 b,1.65325,0.9996633
Kepler-10 b,1.66959,0.9997140
Kepler-10 b,1.68594,1.0005009
Kepler-10 b,1.70229,0.9995062
Kepler-10 b,1.71864,1.0004562
Kepler-10 b,1.73498,0.9994794
Kepler-10 b,1.75133,0.9995093
Kepler-10 b,1.76767,1.0000338
Kepler-10 b,1.78402,1.0002666
Kepler-10 b,1.80037,0.9997354
Kepler-10 b,1.81671,1.0006979
Kepler-10 b,1.83306,0.9996396
Kepler-10 b,1.84941,1.0006141
Kepler-10 b,1.86575,0.9996662
Kepler-10 b,1.88210,1.0000930
Kepler-10 b,1.89844,0.9998451
Kepler-10 b,1.91479,0.9994147
Kepler-10 b,1.93114,0.9999366
Kepler-10 b,1.94748,0.9998368
Kepler-10 b,1.96383,1.0004175
Kepler-10 b,1.98018,0.9998776
Kepler-10 b,1.99652,1.0002202
Kepler-10 b,2.01287,1.0002721
Kepler-10 b,2.02922,0.9992050
Kepler-10 b,2.04556,1.0005365
Kepler-10 b,2.06191,1.0002361
Kepler-10 b,2.07826,0.9997842
Kepler-10 b,2.09460,0.9999817
Kepler-10 b,2.11095,0.9996955
Kepler-10 b,2.12730,1.0002129
Kepler-10 b,2.14364,1.0004055
Kepler-10 b,2.15999,0.9995719
Kepler-10 b,2.17633,1.0001708
Kepler-10 b,2.19268,1.0002785
Kepler-10 b,2.20903,0.9998347
Kepler-10 b,2.22537,0.9989587
Kepler-10 b,2.24172,1.0006869
Kepler-10 b,2.25807,1.0003052
Kepler-10 b,2.27441,1.0004019
Kepler-10 b,2.29076,1.0000551
Kepler-10 b,2.30710,0.9994046
Kepler-10 b,2.32345,1.0006613
Kepler-10 b,2.33980,0.9990879
Kepler-10 b,2.35615,1.0008729
Kepler-10 b,2.37249,0.9998785
Kepler-10 b,2.38884,1.0000520
Kepler-10 b,2.40519,0.9998414
Kepler-10 b,2.42153,0.9996914
Kepler-10 b,2.43788,0.9996980
Kepler-10 b,2.45422,1.0002776
Kepler-10 b,2.47057,0.9993945
Kepler-10 b,2.48692,0.9999740
Kepler-10 b,2.50326,1.0007596
Kepler-10 b,2.51961,1.0027916
Kepler-10 b,2.53596,1.0002323
Kepler-10 b,2.55230,0.9998362
Kepler-10 b,2.56865,1.0001827
Kepler-10 b,2.58500,0.9999242
Kepler-10 b,2.60134,0.9997066
Kepler-10 b,2.61769,0.9996935
Kepler-10 b,2.63404,1.0000920
Kepler-10 b,2.65038,1.0002313
Kepler-10 b,2.66673,0.9999259
Kepler-10 b,2.68307,0.9999905
Kepler-10 b,2.69942,0.9999748
Kepler-10 b,2.71577,0.9999844
Kepler-10 b,2.73211,1.0000805
Kepler-10 b,2.74846,0.9999148
Kepler-10 b,2.76481,0.9999187
Kepler-10 b,2.78115,0.9999619
Kepler-10 b,2.79750,0.9996955
Kepler-10 b,2.81384,0.9999796
Kepler-10 b,2.83019,1.0002951
Kepler-10 b,2.84654,0.9999464
Kepler-10 b,2.86288,1.0003361
Kepler-10 b,2.87923,1.0005983
Kepler-10 b,2.89558,1.0001975
Kepler-10 b,2.91192,0.9999460
Kepler-10 b,2.92827,1.0002192
Kepler-10 b,2.94462,1.0001704
Kepler-10 b,2.96096,0.9999389
Kepler-10 b,2.97731,1.0000307
Kepler-10 b,2.99366,1.0000335
Kepler-10 b,3.01000,1.0001896
Kepler-10 b,3.02635,1.0006329
Kepler-10 b,3.04270,0.9998231
Kepler-10 b,3.05904,0.9997280
Kepler-10 b,3.07539,1.0001063
Kepler-10 b,3.09173,0.9998681
Kepler-10 b,3.10808,0.9998621
Kepler-10 b,3.12443,0.9999819
Kepler-10 b,3.14078,0.9998522
Kepler-10 b,3.15712,0.9994968
Kepler-10 b,3.17347,0.9998905
Kepler-10 b,3.18982,1.0004456
Kepler-10 b,3.20616,1.0001760
Kepler-10 b,3.22251,1.0004035
Kepler-10 b,3.23885,1.0002954
Kepler-10 b,3.25520,1.0000509
Kepler-10 b,3.27155,1.0000614
Kepler-10 b,3.28789,1.0001051
Kepler-10 b,3.30424,0.9999817
Kepler-10 b,3.32059,1.0002638
Kepler-10 b,3.33693,0.9999674
Kepler-10 b,3.35328,1.0000869
Kepler-10 b,3.36962,1.0003049
Kepler-10 b,3.38597,1.0002878
Kepler-10 b,3.40232,1.0001776
Kepler-10 b,3.41866,0.9999250
Kepler-10 b,3.43501,1.0003853
Kepler-10 b,3.45136,1.0000531
Kepler-10 b,3.46770,0.9999539
Kepler-10 b,3.48405,0.9996674
Kepler-10 b,3.50040,0.9998519
Kepler-10 b,3.51674,1.0003111
Kepler-10 b,3.53309,0.9997733
Kepler-10 b,3.54944,1.0000157
Kepler-10 b,3.56578,0.9998989
Kepler-10 b,3.58213,1.0003191
Kepler-10 b,3.59848,0.9996712
Kepler-10 b,3.61482,0.9998678
Kepler-10 b,3.63117,0.9997105
Kepler-10 b,3.64751,1.0003173
Kepler-10 b,3.66386,0.9999717
Kepler-10 b,3.68021,0.9998612
Kepler-10 b,3.69655,0.9995505
Kepler-10 b,3.71290,0.9999562
Kepler-10 b,3.72925,0.9996637
Kepler-10 b,3.74559,1.0000239
Kepler-10 b,3.76194,0.9999895
Kepler-10 b,3.77828,0.9995551
Kepler-10 b,3.79463,1.0000264
Kepler-10 b,3.81098,0.9998033
Kepler-10 b,3.82732,1.0000752
Kepler-10 b,3.84367,0.9994642
Kepler-10 b,3.86002,1.0000348
Kepler-10 b,3.87636,0.9995538
Kepler-10 b,3.89271,1.0000285
Kepler-10 b,3.90906,1.0000437
Kepler-10 b,3.92540,0.9996769
Kepler-10 b,3.94175,1.0003364
Kepler-10 b,3.95810,0.9998731
Kepler-10 b,3.97444,0.9999769
Kepler-10 b,3.99079,1.0002428
Kepler-10 b,4.00714,0.9998709
Kepler-10 b,4.02348,0.9997063
Kepler-10 b,4.03983,1.0000762
Kepler-10 b,4.05618,1.0003426
Kepler-10 b,4.07252,1.0000612
Kepler-10 b,4.08887,0.9999511
Kepler-10 b,4.10522,0.9998433
Kepler-10 b,4.12156,1.0002779
Kepler-10 b,4.13791,0.9995899
Kepler-10 b,4.15425,0.9999151
Kepler-10 b,4.17060,1.0000005
Kepler-10 b,4.18695,1.0001793
Kepler-10 b,4.20329,0.9997004
Kepler-10 b,4.21964,0.9996445
Kepler-10 b,4.23599,0.9994908
Kepler-10 b,4.25233,1.0000257
Kepler-10 b,4.26868,0.9998148
Kepler-10 b,4.28502,0.9998423
Kepler-10 b,4.30137,1.0004547
Kepler-10 b,4.31772,0.9997475
Kepler-10 b,4.33406,0.9998734
Kepler-10 b,4.35041,0.9998685
Kepler-10 b,4.36676,0.9998356
Kepler-10 b,4.38310,1.0001278
Kepler-10 b,4.39945,1.0000723
Kepler-10 b,4.41580,1.0002091
Kepler-10 b,4.43214,1.0002896
Kepler-10 b,4.44849,0.9999795
Kepler-10 b,4.46484,1.0000946
Kepler-10 b,4.48118,0.9996603
Kepler-10 b,4.49753,0.9998661
Kepler-10 b,4.51388,1.0000392
Kepler-10 b,4.53022,1.0001427
Kepler-10 b,4.54657,0.9999319
Kepler-10 b,4.56291,1.0004340
Kepler-10 b,4.57926,0.9996775
Kepler-10 b,4.59561,0.9999522
Kepler-10 b,4.61195,0.9996653
Kepler-10 b,4.62830,1.0001445
Kepler-10 b,4.64465,0.9999248
Kepler-10 b,4.66100,0.9997969
Kepler-10 b,4.67734,0.9997714
Kepler-10 b,4.69368,0.9996520
Kepler-10 b,4.71003,0.9999122
Kepler-10 b,4.72638,0.9998616
Kepler-10 b,4.74273,1.0002584
Kepler-10 b,4.75907,0.9998305
Kepler-10 b,4.77542,1.0000042
Kepler-10 b,4.79177,0.9999312
Kepler-10 b,-4.79725,0.9999862
Kepler-10 b,-4.78091,0.9997875
Kepler-10 b,-4.76456,1.0002545
Kepler-10 b,-4.74821,1.0002551
Kepler-10 b,-4.73187,1.0001732
Kepler-10 b,-4.71552,1.0001684
Kepler-10 b,-4.69918,1.0000042
Kepler-10 b,-4.68283,0.9995955
Kepler-10 b,-4.66648,1.0001638
Kepler-10 b,-4.65014,1.0000142
Kepler-10 b,-4.63379,1.0000963
Kepler-10 b,-4.61744,0.9999431
Kepler-10 b,-4.60110,1.0000096
Kepler-10 b,-4.58475,0.9998374
Kepler-10 b,-4.56841,0.9998718
Kepler-10 b,-4.55206,1.0001222
Kepler-10 b,-4.53571,0.9996490
Kepler-10 b,-4.51937,0.9998242
Kepler-10 b,-4.50302,0.9997040
Kepler-10 b,-4.48667,0.9996313
Kepler-10 b,-4.47033,1.0000354
Kepler-10 b,-4.45398,0.9994035
Kepler-10 b,-4.43763,1.0000738
Kepler-10 b,-4.42129,0.9999077
Kepler-10 b,-4.40494,0.9998676
Kepler-10 b,-4.38859,0.9995304
Kepler-10 b,-4.37225,0.9998701
Kepler-10 b,-4.35590,1.0000513
Kepler-10 b,-4.33955,1.0002720
Kepler-10 b,-4.32321,1.0000221
Kepler-10 b,-4.30686,1.0001657
Kepler-10 b,-4.29052,0.9997507
Kepler-10 b,-4.27417,0.9997869
Kepler-10 b,-4.25782,1.0001516
Kepler-10 b,-4.24147,1.0000088
Kepler-10 b,-4.22513,1.0000330
Kepler-10 b,-4.20878,1.0003026
Kepler-10 b,-4.19243,1.0002952
Kepler-10 b,-4.17609,0.9998520
Kepler-10 b,-4.15974,1.0001741
Kepler-10 b,-4.14340,1.0000461
Kepler-10 b,-4.12705,1.0002369
Kepler-10 b,-4.11070,1.0001476
Kepler-10 b,-4.09436,0.9999810
Kepler-10 b,-4.07801,1.0001758
Kepler-10 b,-4.06166,0.9998084
Kepler-10 b,-4.04532,0.9998994
Kepler-10 b,-4.02897,1.0001563
Kepler-10 b,-4.01263,0.9997650
Kepler-10 b,-3.99628,1.0001659
Kepler-10 b,-3.97993,1.0001600
Kepler-10 b,-3.96359,1.0000368
Kepler-10 b,-3.94724,0.9999452
Kepler-10 b,-3.93089,0.9999316
Kepler-10 b,-3.91455,0.9999440
Kepler-10 b,-3.89820,0.9997055
Kepler-10 b,-3.88185,0.9995763
Kepler-10 b,-3.86551,0.9999033
Kepler-10 b,-3.84916,1.0001968
Kepler-10 b,-3.83281,1.0001307
Kepler-10 b,-3.81647,1.0002671
Kepler-10 b,-3.80012,0.9997770
Kepler-10 b,-3.78378,1.0001622
Kepler-10 b,-3.76743,0.9999625
Kepler-10 b,-3.75108,0.9998866
Kepler-10 b,-3.73474,1.0002535
Kepler-10 b,-3.71839,0.9999011
Kepler-10 b,-3.70204,1.0000621
Kepler-10 b,-3.68570,1.0001110
Kepler-10 b,-3.66935,0.9999713
Kepler-10 b,-3.65301,1.0003681
Kepler-10 b,-3.63666,1.0003031
Kepler-10 b,-3.62031,1.0001785
Kepler-10 b,-3.60397,0.9999162
Kepler-10 b,-3.58762,1.0003387
Kepler-10 b,-3.57127,0.9997969
Kepler-10 b,-3.55493,0.9997532
Kepler-10 b,-3.53858,0.9998856
Kepler-10 b,-3.52224,0.9996263
Kepler-10 b,-3.50589,0.9996784
Kepler-10 b,-3.48954,0.9997423
Kepler-10 b,-3.47319,1.0002017
Kepler-10 b,-3.45685,1.0002242
Kepler-10 b,-3.44050,1.0002661
Kepler-10 b,-3.42415,1.0001375
Kepler-10 b,-3.40781,1.0006601
Kepler-10 b,-3.39146,0.9997839
Kepler-10 b,-3.37511,0.9997510
Kepler-10 b,-3.35877,0.9994480
Kepler-10 b,-3.34242,1.0004213
Kepler-10 b,-3.32607,1.0000657
Kepler-10 b,-3.30973,1.0000783
Kepler-10 b,-3.29338,0.9999891
Kepler-10 b,-3.27703,1.0001018
Kepler-10 b,-3.26069,1.0001014
Kepler-10 b,-3.24434,1.0002638
Kepler-10 b,-3.22800,1.0005762
Kepler-10 b,-3.21165,0.9998679
Kepler-10 b,-3.19530,1.0003145
Kepler-10 b,-3.17896,1.0000393
Kepler-10 b,-3.16261,1.0002141
Kepler-10 b,-3.14626,1.0000314
Kepler-10 b,-3.12992,0.9998890
Kepler-10 b,-3.11357,0.9999494
Kepler-10 b,-3.09723,1.0001258
Kepler-10 b,-3.08088,0.9999313
Kepler-10 b,-3.06453,1.0003753
Kepler-10 b,-3.04819,0.9998852
Kepler-10 b,-3.03184,1.0000253
Kepler-10 b,-3.01549,1.0000520
Kepler-10 b,-2.99915,0.9999857
Kepler-10 b,-2.98280,0.9999350
Kepler-10 b,-2.96645,0.9996950
Kepler-10 b,-2.95011,1.0001879
Kepler-10 b,-2.93376,1.0002307
Kepler-10 b,-2.91741,1.0006651
Kepler-10 b,-2.90107,1.0000197
Kepler-10 b,-2.88472,1.0003107
Kepler-10 b,-2.86838,1.0001322
Kepler-10 b,-2.85203,1.0000801
Kepler-10 b,-2.83568,0.9996722
Kepler-10 b,-2.81934,1.0001957
Kepler-10 b,-2.80299,0.9997460
Kepler-10 b,-2.78664,0.9996848
Kepler-10 b,-2.77030,0.9999643
Kepler-10 b,-2.75395,1.0004174
Kepler-10 b,-2.73760,0.9997477
Kepler-10 b,-2.72126,0.9997714
Kepler-10 b,-2.70491,1.0004930
Kepler-10 b,-2.68857,0.9999801
Kepler-10 b,-2.67222,0.9996786
Kepler-10 b,-2.65587,1.0000639
Kepler-10 b,-2.63953,0.9999144
Kepler-10 b,-2.62318,0.9999197
Kepler-10 b,-2.60683,0.9999110
Kepler-10 b,-2.59049,1.0002065
Kepler-10 b,-2.57414,1.0002534
Kepler-10 b,-2.55779,0.9998389
Kepler-10 b,-2.54145,1.0003921
Kepler-10 b,-2.52510,1.0000187
Kepler-10 b,-2.50875,1.0001543
Kepler-10 b,-2.49241,0.9996158
Kepler-10 b,-2.47606,0.9999823
Kepler-10 b,-2.45971,1.0002139
Kepler-10 b,-2.44337,1.0002001
Kepler-10 b,-2.42702,0.9994566
Kepler-10 b,-2.41067,0.9997728
Kepler-10 b,-2.39433,1.0001520
Kepler-10 b,-2.37798,1.0001203
Kepler-10 b,-2.36163,1.0000497
Kepler-10 b,-2.34529,0.9999333
Kepler-10 b,-2.32894,0.9997965
Kepler-10 b,-2.31260,1.0002712
Kepler-10 b,-2.29625,0.9999905
Kepler-10 b,-2.27990,0.9998615
Kepler-10 b,-2.26356,0.9999049
Kepler-10 b,-2.24721,0.9999892
Kepler-10 b,-2.23086,1.0001065
Kepler-10 b,-2.21452,1.0003139
Kepler-10 b,-2.19817,1.0000162
Kepler-10 b,-2.18183,0.9997257
Kepler-10 b,-2.16548,0.9999535
Kepler-10 b,-2.14913,0.9995585
Kepler-10 b,-2.13279,0.9996771
Kepler-10 b,-2.11644,1.0000224
Kepler-10 b,-2.10009,1.0000927
Kepler-10 b,-2.08375,0.9998652
Kepler-10 b,-2.06740,1.0000847
Kepler-10 b,-2.05105,0.9999845
Kepler-10 b,-2.03471,1.0002723
Kepler-10 b,-2.01836,0.9995620
Kepler-10 b,-2.00201,0.9999676
Kepler-10 b,-1.98567,0.9996855
Kepler-10 b,-1.96932,0.9998435
Kepler-10 b,-1.95297,1.0001174
Kepler-10 b,-1.93663,1.0000590
Kepler-10 b,-1.92028,0.9999063
Kepler-10 b,-1.90394,0.9999603
Kepler-10 b,-1.88759,0.9998794
Kepler-10 b,-1.87124,0.9999257
Kepler-10 b,-1.85490,0.9998401
Kepler-10 b,-1.83855,1.0001946
Kepler-10 b,-1.82220,0.9999869
Kepler-10 b,-1.80586,0.9999999
Kepler-10 b,-1.78951,0.9999316
Kepler-10 b,-1.77317,0.9999440
Kepler-10 b,-1.75682,0.9997778
Kepler-10 b,-1.74047,1.0000702
Kepler-10 b,-1.72413,1.0000885
Kepler-10 b,-1.70778,0.9998320
Kepler-10 b,-1.69143,0.9998442
Kepler-10 b,-1.67509,1.0002206
Kepler-10 b,-1.65874,1.0001727
Kepler-10 b,-1.64239,0.9997667
Kepler-10 b,-1.62605,1.0001973
Kepler-10 b,-1.60970,0.9997113
Kepler-10 b,-1.59335,0.9999438
Kepler-10 b,-1.57701,1.0001718
Kepler-10 b,-1.56066,0.9996099
Kepler-10 b,-1.54431,0.9998117
Kepler-10 b,-1.52797,1.0004172
Kepler-10 b,-1.51162,1.0003222
Kepler-10 b,-1.49527,0.9999733
Kepler-10 b,-1.47893,0.9998137
Kepler-10 b,-1.46258,0.9998944
Kepler-10 b,-1.44623,0.9999609
Kepler-10 b,-1.42989,0.9998306
Kepler-10 b,-1.41354,0.9998047
Kepler-10 b,-1.39720,0.9999566
Kepler-10 b,-1.38085,1.0000563
Kepler-10 b,-1.36450,1.0000288
Kepler-10 b,-1.34816,1.0000746
Kepler-10 b,-1.33181,0.9999820
Kepler-10 b,-1.31546,1.0002599
Kepler-10 b,-1.29912,1.0002850
Kepler-10 b,-1.28277,0.9995317
Kepler-10 b,-1.26643,1.0000296
Kepler-10 b,-1.25008,1.0001922
Kepler-10 b,-1.23373,1.0001140
Kepler-10 b,-1.21739,1.0004167
Kepler-10 b,-1.20104,0.9999086
Kepler-10 b,-1.18469,1.0001854
Kepler-10 b,-1.16835,0.9999730
Kepler-10 b,-1.15200,1.0002417
Kepler-10 b,-1.13565,1.0003541
Kepler-10 b,-1.11931,1.0000162
Kepler-10 b,-1.10296,1.0001212
Kepler-10 b,-1.08661,1.0001571
Kepler-10 b,-1.07027,0.9999117
Kepler-10 b,-1.05392,0.9993168
Kepler-10 b,-1.03757,0.9997440
Kepler-10 b,-1.02123,1.0001197
Kepler-10 b,-1.00488,1.0000288
Kepler-10 b,-0.98854,0.9994444
Kepler-10 b,-0.97219,0.9998758
Kepler-10 b,-0.95584,1.0002414
Kepler-10 b,-0.93950,1.0000634
Kepler-10 b,-0.92315,1.0000174
Kepler-10 b,-0.90680,0.9999935
Kepler-10 b,-0.89046,0.9999892
Kepler-10 b,-0.87411,0.9999330
Kepler-10 b,-0.85777,0.9996908
Kepler-10 b,-0.84142,0.9998220
Kepler-10 b,-0.82507,0.9995739
Kepler-10 b,-0.80873,0.9993557
Kepler-10 b,-0.79238,0.9996184
Kepler-10 b,-0.77603,0.9997367
Kepler-10 b,-0.75969,0.9993506
Kepler-10 b,-0.74334,0.9998656
Kepler-10 b,-0.72699,1.0001267
Kepler-10 b,-0.71065,0.9999845
Kepler-10 b,-0.69430,1.0000088
Kepler-10 b,-0.67795,1.0000400
Kepler-10 b,-0.66161,0.9997082
Kepler-10 b,-0.64526,0.9996705
Kepler-10 b,-0.62891,0.9999473
Kepler-10 b,-0.61257,0.9996938
Kepler-10 b,-0.59622,0.9999378
Kepler-10 b,-0.57987,0.9999281
Kepler-10 b,-0.56353,1.0001200
Kepler-10 b,-0.54718,0.9998143
Kepler-10 b,-0.53083,0.9997230
Kepler-10 b,-0.51449,0.9995077
Kepler-10 b,-0.49814,0.9999148
Kepler-10 b,-0.48180,0.9995960
Kepler-10 b,-0.46545,1.0003847
Kepler-10 b,-0.44910,0.9999438
Kepler-10 b,-0.43276,1.0000405
Kepler-10 b,-0.41641,1.0001707
Kepler-10 b,-0.40006,1.0001037
Kepler-10 b,-0.38372,0.9998066
Kepler-10 b,-0.36737,0.9998205
Kepler-10 b,-0.35103,0.9996759
Kepler-10 b,-0.33468,0.9997281
Kepler-10 b,-0.31833,0.9997013
Kepler-10 b,-0.30199,0.9996581
Kepler-10 b,-0.28564,0.9999347
Kepler-10 b,-0.26929,0.9997724
Kepler-10 b,-0.25295,0.9997944
Kepler-10 b,-0.23660,0.9999536
Kepler-10 b,-0.22025,0.9996008
Kepler-10 b,-0.20391,0.9995403
Kepler-10 b,-0.18756,0.9996104
Kepler-10 b,-0.17121,0.9995726
Kepler-10 b,-0.15487,0.9998013
Kepler-10 b,-0.13852,0.9997392
Kepler-10 b,-0.12217,0.9997962
Kepler-10 b,-0.10583,0.9996584
Kepler-10 b,-0.08948,0.9999987
Kepler-10 b,-0.07314,0.9993399
Kepler-10 b,-0.05679,0.9999150
Kepler-10 b,-0.04044,0.9997552
Kepler-10 b,-0.02410,0.9998345
Kepler-10 b,-0.00775,0.9998192
Kepler-10 b,0.00860,1.0002001
Kepler-10 b,0.02494,0.9996469
Kepler-10 b,0.04129,0.9995936
Kepler-10 b,0.05763,0.9996752
Kepler-10 b,0.07398,1.0001978
Kepler-10 b,0.09033,0.9998251
Kepler-10 b,0.10667,0.9999176
Kepler-10 b,0.12302,1.0001017
Kepler-10 b,0.13937,0.9995951
Kepler-10 b,0.15572,0.9998509
Kepler-10 b,0.17206,0.9997540
Kepler-10 b,0.18841,1.0001856
Kepler-10 b,0.20475,0.9996179
Kepler-10 b,0.22110,0.9995709
Kepler-10 b,0.23745,1.0000400
Kepler-10 b,0.25380,0.9997211
Kepler-10 b,0.27014,0.9999940
Kepler-10 b,0.28649,0.9996060
Kepler-10 b,0.30283,0.9999032
Kepler-10 b,0.31918,0.9994776
Kepler-10 b,0.33553,0.9995510
Kepler-10 b,0.35187,0.9997047
Kepler-10 b,0.36822,0.9997322
Kepler-10 b,0.38457,1.0000951
Kepler-10 b,0.40091,0.9999819
Kepler-10 b,0.41726,0.9995677
Kepler-10 b,0.43361,0.9997910
Kepler-10 b,0.44995,0.9998304
Kepler-10 b,0.46630,1.0000398
Kepler-10 b,0.48264,0.9998243
Kepler-10 b,0.49899,0.9997087
Kepler-10 b,0.51534,1.0000137
Kepler-10 b,0.53168,0.9997610
Kepler-10 b,0.54803,0.9998769
Kepler-10 b,0.56438,0.9997578
Kepler-10 b,0.58072,0.9996559
Kepler-10 b,0.59707,0.9997285
Kepler-10 b,0.61341,0.9996587
Kepler-10 b,0.62976,0.9997071
Kepler-10 b,0.64611,1.0001714
Kepler-10 b,0.66245,0.9999765
Kepler-10 b,0.67880,0.9999114
Kepler-10 b,0.69515,0.9996141
Kepler-10 b,0.71149,0.9994010
Kepler-10 b,0.72784,1.0001090
Kepler-10 b,0.74419,0.9999256
Kepler-10 b,0.76053,0.9996553
Kepler-10 b,0.77688,1.0000149
Kepler-10 b,0.79323,1.0001753
Kepler-10 b,0.80957,0.9995144
Kepler-10 b,0.82592,0.9997262
Kepler-10 b,0.84226,0.9995821
Kepler-10 b,0.85861,1.0001507
Kepler-10 b,0.87496,0.9994487
Kepler-10 b,0.89130,0.9997931
Kepler-10 b,0.90765,0.9997742
Kepler-10 b,0.92400,0.9999200
Kepler-10 b,0.94034,0.9998613
Kepler-10 b,0.95669,1.0000854
Kepler-10 b,0.97304,0.9997972
Kepler-10 b,0.98938,1.0001250
Kepler-10 b,1.00573,1.0001958
Kepler-10 b,1.02208,1.0002126
Kepler-10 b,1.03842,1.0004677
Kepler-10 b,1.05477,0.9997906
Kepler-10 b,1.07111,1.0001242
Kepler-10 b,1.08746,1.0001433
Kepler-10 b,1.10381,1.0000710
Kepler-10 b,1.12015,1.0003360
Kepler-10 b,1.13650,0.9999289
Kepler-10 b,1.15285,1.0002066
Kepler-10 b,1.16919,1.0006266
Kepler-10 b,1.18554,1.0000367
Kepler-10 b,1.20189,1.0003459
Kepler-10 b,1.21823,1.0001450
Kepler-10 b,1.23458,1.0001148
Kepler-10 b,1.25093,1.0003916
Kepler-10 b,1.26727,0.9999852
Kepler-10 b,1.28362,1.0001914
Kepler-10 b,1.29997,0.9997849
Kepler-10 b,1.31631,1.0004035
Kepler-10 b,1.33266,1.0001248
Kepler-10 b,1.34901,0.9994483
Kepler-10 b,1.36535,0.9997756
Kepler-10 b,1.38170,1.0002427
Kepler-10 b,1.39804,0.9996426
Kepler-10 b,1.41439,1.0002144
Kepler-10 b,1.43074,1.0000865
Kepler-10 b,1.44708,0.9998570
Kepler-10 b,1.46343,1.0001311
Kepler-10 b,1.47978,1.0001146
Kepler-10 b,1.49612,0.9996156
Kepler-10 b,1.51247,1.0002779
Kepler-10 b,1.52881,1.0000210
Kepler-10 b,1.54516,0.9998164
Kepler-10 b,1.56151,0.9997579
Kepler-10 b,1.57786,0.9999902
Kepler-10 b,1.59420,0.9996150
Kepler-10 b,1.61055,0.9997512
Kepler-10 b,1.62690,0.9998299
Kepler-10 b,1.64324,1.0001235
Kepler-10 b,1.65959,1.0000361
Kepler-10 b,1.67593,0.9995818
Kepler-10 b,1.69228,1.0001833
Kepler-10 b,1.70863,0.9997534
Kepler-10 b,1.72497,1.0001569
Kepler-10 b,1.74132,1.0001713
Kepler-10 b,1.75767,1.0002293
Kepler-10 b,1.77401,1.0001445
Kepler-10 b,1.79036,0.9996206
Kepler-10 b,1.80670,1.0002598
Kepler-10 b,1.82305,0.9998634
Kepler-10 b,1.83940,1.0001262
Kepler-10 b,1.85574,1.0002068
Kepler-10 b,1.87209,1.0000813
Kepler-10 b,1.88844,1.0000417
Kepler-10 b,1.90478,0.9999203
Kepler-10 b,1.92113,0.9995917
Kepler-10 b,1.93747,0.9998104
Kepler-10 b,1.95382,1.0000415
Kepler-10 b,1.97017,1.0000697
Kepler-10 b,1.98651,0.9995719
Kepler-10 b,2.00286,0.9997529
Kepler-10 b,2.01921,0.9996011
Kepler-10 b,2.03555,0.9999787
Kepler-10 b,2.05190,0.9998062
Kepler-10 b,2.06825,1.0001032
Kepler-10 b,2.08459,0.9997848
Kepler-10 b,2.10094,0.9996655
Kepler-10 b,2.11729,0.9999432
Kepler-10 b,2.13363,1.0000451
Kepler-10 b,2.14998,0.9997543
Kepler-10 b,2.16633,1.0000213
Kepler-10 b,2.18267,1.0001921
Kepler-10 b,2.19902,0.9998416
Kepler-10 b,2.21537,1.0001861
Kepler-10 b,2.23171,0.9997220
Kepler-10 b,2.24806,1.0003530
Kepler-10 b,2.26441,1.0002563
Kepler-10 b,2.28075,1.0001459
Kepler-10 b,2.29710,0.9997386
Kepler-10 b,2.31344,0.9997075
Kepler-10 b,2.32979,1.0002222
Kepler-10 b,2.34614,1.0001156
Kepler-10 b,2.36248,1.0002643
Kepler-10 b,2.37883,0.9993879
Kepler-10 b,2.39518,1.0000140
Kepler-10 b,2.41152,0.9994148
Kepler-10 b,2.42787,0.9999300
Kepler-10 b,2.44422,0.9997892
Kepler-10 b,2.46056,1.0002618
Kepler-10 b,2.47691,1.0000363
Kepler-10 b,2.49326,1.0002661
Kepler-10 b,2.50960,1.0000413
Kepler-10 b,2.52595,0.9997052
Kepler-10 b,2.54229,0.9999846
Kepler-10 b,2.55864,1.0004066
Kepler-10 b,2.57499,0.9998833
Kepler-10 b,2.59133,1.0000591
Kepler-10 b,2.60768,1.0002789
Kepler-10 b,2.62403,1.0000301
Kepler-10 b,2.64037,0.9999967
Kepler-10 b,2.65672,1.0001465
Kepler-10 b,2.67307,0.9999096
Kepler-10 b,2.68941,0.9999184
Kepler-10 b,2.70576,1.0003049
Kepler-10 b,2.72210,0.9999824
Kepler-10 b,2.73845,1.0004815
Kepler-10 b,2.75480,1.0000741
Kepler-10 b,2.77114,0.9996345
Kepler-10 b,2.78749,1.0003527
Kepler-10 b,2.80384,0.9999533
Kepler-10 b,2.82018,1.0000018
Kepler-10 b,2.83653,1.0000838
Kepler-10 b,2.85287,0.9996895
Kepler-10 b,2.86922,1.0002506
Kepler-10 b,2.88557,0.9997758
Kepler-10 b,2.90192,1.0001317
Kepler-10 b,2.91826,1.0001800
Kepler-10 b,2.93461,0.9998338
Kepler-10 b,2.95095,1.0002732
Kepler-10 b,2.96730,0.9995505
Kepler-10 b,2.98365,1.0001414
Kepler-10 b,3.00000,0.9997728
Kepler-10 b,3.01634,1.0001225
Kepler-10 b,3.03269,1.0001551
Kepler-10 b,3.04904,1.0001664
Kepler-10 b,3.06538,0.9999775
Kepler-10 b,3.08173,1.0001838
Kepler-10 b,3.09807,0.9999898
Kepler-10 b,3.11442,0.9999978
Kepler-10 b,3.13077,0.9998798
Kepler-10 b,3.14711,0.9999033
Kepler-10 b,3.16346,0.9999473
Kepler-10 b,3.17981,0.9998809
Kepler-10 b,3.19615,1.0002597
Kepler-10 b,3.21250,0.9999842
Kepler-10 b,3.22884,1.0002355
Kepler-10 b,3.24519,0.9999733
Kepler-10 b,3.26154,1.0000133
Kepler-10 b,3.27788,1.0002475
Kepler-10 b,3.29423,1.0002588
Kepler-10 b,3.31058,1.0000232
Kepler-10 b,3.32692,1.0001135
Kepler-10 b,3.34327,0.9997790
Kepler-10 b,3.35961,0.9999608
Kepler-10 b,3.37596,0.9998606
Kepler-10 b,3.39231,0.9998479
Kepler-10 b,3.40865,1.0004399
Kepler-10 b,3.42500,0.9999834
Kepler-10 b,3.44135,0.9995665
Kepler-10 b,3.45769,0.9998117
Kepler-10 b,3.47404,0.9997669
Kepler-10 b,3.49039,0.9999568
Kepler-10 b,3.50673,0.9994203
Kepler-10 b,3.52308,1.0000113
Kepler-10 b,3.53943,1.0001082
Kepler-10 b,3.55577,1.0000177
Kepler-10 b,3.57212,1.0001888
Kepler-10 b,3.58847,1.0004151
Kepler-10 b,3.60481,0.9997006
Kepler-10 b,3.62116,0.9999981
Kepler-10 b,3.63750,0.9997512
Kepler-10 b,3.65385,1.0000107
Kepler-10 b,3.67020,1.0002158
Kepler-10 b,3.68654,1.0001788
Kepler-10 b,3.70289,0.9996530
Kepler-10 b,3.71924,1.0004272
Kepler-10 b,3.73558,1.0000995
Kepler-10 b,3.75193,1.0005468
Kepler-10 b,3.76828,1.0000418
Kepler-10 b,3.78462,1.0000661
Kepler-10 b,3.80097,0.9995107
Kepler-10 b,3.81732,0.9999110
Kepler-10 b,3.83366,0.9995850
Kepler-10 b,3.85001,1.0001609
Kepler-10 b,3.86636,0.9999855
Kepler-10 b,3.88270,1.0000305
Kepler-10 b,3.89905,0.9999591
Kepler-10 b,3.91540,0.9996455
Kepler-10 b,3.93174,0.9997347
Kepler-10 b,3.94809,1.0000996
Kepler-10 b,3.96443,0.9996775
Kepler-10 b,3.98078,0.9999946
Kepler-10 b,3.99713,1.0000301
Kepler-10 b,4.01347,0.9998496
Kepler-10 b,4.02982,0.9996561
Kepler-10 b,4.04617,0.9997193
Kepler-10 b,4.06251,1.0000622
Kepler-10 b,4.07886,0.9999947
Kepler-10 b,4.09521,1.0005957
Kepler-10 b,4.11155,0.9998244
Kepler-10 b,4.12790,1.0001639
Kepler-10 b,4.14424,0.9999538
Kepler-10 b,4.16059,1.0000247
Kepler-10 b,4.17694,0.9999714
Kepler-10 b,4.19328,0.9998911
Kepler-10 b,4.20963,1.0003456
Kepler-10 b,4.22598,1.0000898
Kepler-10 b,4.24232,0.9995925
Kepler-10 b,4.25867,0.9999196
Kepler-10 b,4.27501,0.9998883
Kepler-10 b,4.29136,0.9999752
Kepler-10 b,4.30771,0.9996846
Kepler-10 b,4.32406,0.9998670
Kepler-10 b,4.34040,1.0004650
Kepler-10 b,4.35675,1.0001912
Kepler-10 b,4.37310,1.0001217
Kepler-10 b,4.38944,0.9999966
Kepler-10 b,4.40579,1.0001192
Kepler-10 b,4.42213,1.0000124
Kepler-10 b,4.43848,1.0000216
Kepler-10 b,4.45483,1.0002820
Kepler-10 b,4.47117,1.0001071
Kepler-10 b,4.48752,1.0002391
Kepler-10 b,4.50387,0.9998038
Kepler-10 b,4.52021,0.9996654
Kepler-10 b,4.53656,1.0002253
Kepler-10 b,4.55290,0.9996735
Kepler-10 b,4.56925,1.0000484
Kepler-10 b,4.58560,0.9997544
Kepler-10 b,4.60194,1.0000334
Kepler-10 b,4.61829,1.0000352
Kepler-10 b,4.63464,1.0001837
Kepler-10 b,4.65098,1.0000306
Kepler-10 b,4.66733,1.0002382
Kepler-10 b,4.68368,1.0002568
Kepler-10 b,4.70002,1.0004444
Kepler-10 b,4.71637,0.9999889
Kepler-10 b,4.73272,0.9999599
Kepler-10 b,4.74906,0.9999040
Kepler-10 b,4.76541,1.0003179
Kepler-10 b,4.78175,1.0000313
Kepler-10 b,4.79810,1.0001543
Kepler-10 b,-4.79092,0.9998704
Kepler-10 b,-4.77457,1.0001626
Kepler-10 b,-4.75823,0.9997892
Kepler-10 b,-4.74188,0.9998157
Kepler-10 b,-4.72553,1.0004168
Kepler-10 b,-4.70919,0.9998253
Kepler-10 b,-4.69284,0.9997956
Kepler-10 b,-4.67650,1.0000534
Kepler-10 b,-4.66015,1.0006225
Kepler-10 b,-4.64380,1.0002638
Kepler-10 b,-4.62746,1.0003172
Kepler-10 b,-4.61111,1.0001729
Kepler-10 b,-4.59476,0.9998787
Kepler-10 b,-4.57842,0.9999410
Kepler-10 b,-4.56207,1.0002603
Kepler-10 b,-4.54572,1.0003093
Kepler-10 b,-4.52938,1.0000686
Kepler-10 b,-4.51303,1.0002344
Kepler-10 b,-4.49668,0.9995093
Kepler-10 b,-4.48034,0.9999211
Kepler-10 b,-4.46399,0.9995499
Kepler-10 b,-4.44765,1.0001694
Kepler-10 b,-4.43130,1.0000226
Kepler-10 b,-4.41495,0.9998984
Kepler-10 b,-4.39861,1.0000643
Kepler-10 b,-4.38226,0.9994977
Kepler-10 b,-4.36591,1.0000306
Kepler-10 b,-4.34957,1.0001688
Kepler-10 b,-4.33322,0.9999587
Kepler-10 b,-4.31687,1.0001151
Kepler-10 b,-4.30053,1.0000144
Kepler-10 b,-4.28418,1.0000180
Kepler-10 b,-4.26783,0.9999819
Kepler-10 b,-4.25149,0.9999701
Kepler-10 b,-4.23514,1.0001237
Kepler-10 b,-4.21879,1.0001899
Kepler-10 b,-4.20245,1.0003789
Kepler-10 b,-4.18610,0.9997314
Kepler-10 b,-4.16976,0.9999317
Kepler-10 b,-4.15341,0.9997480
Kepler-10 b,-4.13706,1.0000106
Kepler-10 b,-4.12072,1.0005551
Kepler-10 b,-4.10437,0.9999133
Kepler-10 b,-4.08802,1.0002698
Kepler-10 b,-4.07168,1.0003408
Kepler-10 b,-4.05533,0.9998260
Kepler-10 b,-4.03899,0.9996312
Kepler-10 b,-4.02264,0.9995704
Kepler-10 b,-4.00629,1.0003361
Kepler-10 b,-3.98995,1.0001852
Kepler-10 b,-3.97360,0.9998966
Kepler-10 b,-3.95725,1.0000588
Kepler-10 b,-3.94090,0.9998651
Kepler-10 b,-3.92456,1.0003677
Kepler-10 b,-3.90822,0.9996965
Kepler-10 b,-3.89187,0.9999965
Kepler-10 b,-3.87552,1.0001861
Kepler-10 b,-3.85917,0.9997726
Kepler-10 b,-3.84283,1.0000220
Kepler-10 b,-3.82648,0.9998095
Kepler-10 b,-3.81013,1.0001558
Kepler-10 b,-3.79379,0.9999706
Kepler-10 b,-3.77744,1.0003462
Kepler-10 b,-3.76110,1.0001978
Kepler-10 b,-3.74475,0.9996878
Kepler-10 b,-3.72840,0.9996690
Kepler-10 b,-3.71205,0.9998131
Kepler-10 b,-3.69571,0.9997426
Kepler-10 b,-3.67936,0.9999559
Kepler-10 b,-3.66301,1.0001499
Kepler-10 b,-3.64667,1.0001530
Kepler-10 b,-3.63032,1.0002933
Kepler-10 b,-3.61398,0.9998384
Kepler-10 b,-3.59763,1.0002680
Kepler-10 b,-3.58128,0.9999676
Kepler-10 b,-3.56494,1.0000772
Kepler-10 b,-3.54859,0.9995087
Kepler-10 b,-3.53224,1.0001885
Kepler-10 b,-3.51590,1.0000682
Kepler-10 b,-3.49955,1.0000143
Kepler-10 b,-3.48321,1.0001719
Kepler-10 b,-3.46686,0.9996009
Kepler-10 b,-3.45051,0.9999223
Kepler-10 b,-3.43417,0.9998112
Kepler-10 b,-3.41782,0.9997603
Kepler-10 b,-3.40147,0.9998894
Kepler-10 b,-3.38513,0.9999618
Kepler-10 b,-3.36878,0.9999261
Kepler-10 b,-3.35243,1.0000967
Kepler-10 b,-3.33609,0.9998003
Kepler-10 b,-3.31974,0.9998068
Kepler-10 b,-3.30339,0.9997816
Kepler-10 b,-3.28705,0.9995102
Kepler-10 b,-3.27070,1.0001248
Kepler-10 b,-3.25436,0.9996357
Kepler-10 b,-3.23801,0.9997972
Kepler-10 b,-3.22166,0.9996055
Kepler-10 b,-3.20532,0.9999334
Kepler-10 b,-3.18897,0.9994939
Kepler-10 b,-3.17262,0.9997210
Kepler-10 b,-3.15628,1.0001913
Kepler-10 b,-3.13993,0.9998474
Kepler-10 b,-3.12359,1.0000553
Kepler-10 b,-3.10724,0.9998445
Kepler-10 b,-3.09089,1.0000069
Kepler-10 b,-3.07455,1.0000465
Kepler-10 b,-3.05820,0.9998742
Kepler-10 b,-3.04185,0.9998323
Kepler-10 b,-3.02551,1.0005916
Kepler-10 b,-3.00916,1.0003042
Kepler-10 b,-2.99281,0.9998896
Kepler-10 b,-2.97647,1.0002913
Kepler-10 b,-2.96012,1.0000052
Kepler-10 b,-2.94377,0.9998495
Kepler-10 b,-2.92743,1.0000711
Kepler-10 b,-2.91108,1.0001801
Kepler-10 b,-2.89473,1.0000955
Kepler-10 b,-2.87839,0.9998265
Kepler-10 b,-2.86204,1.0000797
Kepler-10 b,-2.84569,1.0001652
Kepler-10 b,-2.82935,0.9999730
Kepler-10 b,-2.81300,1.0001419
Kepler-10 b,-2.79665,0.9998838
Kepler-10 b,-2.78031,1.0002319
Kepler-10 b,-2.76396,1.0001916
Kepler-10 b,-2.74761,0.9998995
Kepler-10 b,-2.73127,1.0000703
Kepler-10 b,-2.71492,1.0001624
Kepler-10 b,-2.69858,1.0001025
Kepler-10 b,-2.68223,0.9999935
Kepler-10 b,-2.66588,1.0000244
Kepler-10 b,-2.64954,1.0004874
Kepler-10 b,-2.63319,0.9999839
Kepler-10 b,-2.61684,1.0001546
Kepler-10 b,-2.60050,1.0001527
Kepler-10 b,-2.58415,0.9998694
Kepler-10 b,-2.56781,1.0001073
Kepler-10 b,-2.55146,0.9997270
Kepler-10 b,-2.53511,1.0001059
Kepler-10 b,-2.51877,1.0000344
Kepler-10 b,-2.50242,0.9995710
Kepler-10 b,-2.48607,1.0000313
Kepler-10 b,-2.46973,0.9999527
Kepler-10 b,-2.45338,1.0000547
Kepler-10 b,-2.43704,1.0002174
Kepler-10 b,-2.42069,1.0001370
Kepler-10 b,-2.40434,0.9999682
Kepler-10 b,-2.38799,0.9999654
Kepler-10 b,-2.37165,0.9999779
Kepler-10 b,-2.35530,0.9998891
Kepler-10 b,-2.33895,0.9999112
Kepler-10 b,-2.32261,0.9996173
Kepler-10 b,-2.30626,1.0001890
Kepler-10 b,-2.28992,0.9997283
Kepler-10 b,-2.27357,0.9999049
Kepler-10 b,-2.25722,1.0001715
Kepler-10 b,-2.24088,1.0001344
Kepler-10 b,-2.22453,1.0001485
Kepler-10 b,-2.20818,1.0001426
Kepler-10 b,-2.19184,1.0003900
Kepler-10 b,-2.17549,1.0000873
Kepler-10 b,-2.15915,0.9996110
Kepler-10 b,-2.14280,1.0001432
Kepler-10 b,-2.12645,1.0000820
Kepler-10 b,-2.11011,1.0003635
Kepler-10 b,-2.09376,1.0000684
Kepler-10 b,-2.07741,1.0002298
Kepler-10 b,-2.06107,0.9999580
Kepler-10 b,-2.04472,0.9993531
Kepler-10 b,-2.02837,1.0001255
Kepler-10 b,-2.01203,1.0002780
Kepler-10 b,-1.99568,1.0001684
Kepler-10 b,-1.97933,0.9999409
Kepler-10 b,-1.96299,0.9999663
Kepler-10 b,-1.94664,1.0002812
Kepler-10 b,-1.93030,1.0001447
Kepler-10 b,-1.91395,1.0002117
Kepler-10 b,-1.89760,0.9999617
Kepler-10 b,-1.88125,1.0001575
Kepler-10 b,-1.86491,1.0002252
Kepler-10 b,-1.84856,0.9997224
Kepler-10 b,-1.83221,0.9999447
Kepler-10 b,-1.81587,0.9998987
Kepler-10 b,-1.79953,1.0002521
Kepler-10 b,-1.78318,1.0000041
Kepler-10 b,-1.76683,1.0000898
Kepler-10 b,-1.75048,0.9996429
Kepler-10 b,-1.73414,0.9996124
Kepler-10 b,-1.71779,1.0004354
Kepler-10 b,-1.70144,0.9995895
Kepler-10 b,-1.68510,0.9999403
Kepler-10 b,-1.66875,1.0001329
Kepler-10 b,-1.65241,0.9999933
Kepler-10 b,-1.63606,0.9998226
Kepler-10 b,-1.61971,0.9999463
Kepler-10 b,-1.60337,0.9999844
Kepler-10 b,-1.58702,1.0000037
Kepler-10 b,-1.57067,0.9999378
Kepler-10 b,-1.55433,1.0002109
Kepler-10 b,-1.53798,0.9999356
Kepler-10 b,-1.52163,0.9996287
Kepler-10 b,-1.50529,1.0000719
Kepler-10 b,-1.48894,0.9997185
Kepler-10 b,-1.47259,0.9998298
Kepler-10 b,-1.45625,0.9997879
Kepler-10 b,-1.43990,1.0000690
Kepler-10 b,-1.42355,1.0002059
Kepler-10 b,-1.40721,1.0000246
Kepler-10 b,-1.39086,0.9998842
Kepler-10 b,-1.37452,0.9998461
Kepler-10 b,-1.35817,0.9998487
Kepler-10 b,-1.34182,0.9998202
Kepler-10 b,-1.32548,0.9998010
Kepler-10 b,-1.30913,0.9997479
Kepler-10 b,-1.29278,0.9998627
Kepler-10 b,-1.27644,0.9999923
Kepler-10 b,-1.26009,0.9999296
Kepler-10 b,-1.24375,0.9998670
Kepler-10 b,-1.22740,1.0001445
Kepler-10 b,-1.21105,0.9999664
Kepler-10 b,-1.19471,0.9999988
Kepler-10 b,-1.17836,0.9997455
Kepler-10 b,-1.16201,1.0001243
Kepler-10 b,-1.14567,0.9996935
Kepler-10 b,-1.12932,1.0000558
Kepler-10 b,-1.11297,1.0001911
Kepler-10 b,-1.09663,1.0000557
Kepler-10 b,-1.08028,1.0002573
Kepler-10 b,-1.06393,0.9999737
Kepler-10 b,-1.04759,0.9999256
Kepler-10 b,-1.03124,1.0003703
Kepler-10 b,-1.01489,0.9999058
Kepler-10 b,-0.99855,1.0001318
Kepler-10 b,-0.98220,1.0001680
Kepler-10 b,-0.96586,1.0003335
Kepler-10 b,-0.94951,1.0003500
Kepler-10 b,-0.93316,0.9998809
Kepler-10 b,-0.91681,0.9999261
Kepler-10 b,-0.90047,1.0001256
Kepler-10 b,-0.88412,1.0000110
Kepler-10 b,-0.86778,0.9999710
Kepler-10 b,-0.85143,0.9997660
Kepler-10 b,-0.83509,1.0000023
Kepler-10 b,-0.81874,1.0001273
Kepler-10 b,-0.80239,0.9995993
Kepler-10 b,-0.78604,1.0000551
Kepler-10 b,-0.76970,1.0002469
Kepler-10 b,-0.75335,0.9998102
Kepler-10 b,-0.73701,1.0003023
Kepler-10 b,-0.72066,0.9997324
Kepler-10 b,-0.70431,0.9995896
Kepler-10 b,-0.68797,1.0001243
Kepler-10 b,-0.67162,0.9998489
Kepler-10 b,-0.65527,1.0001721
Kepler-10 b,-0.63893,0.9996170
Kepler-10 b,-0.62258,1.0000634
Kepler-10 b,-0.60623,0.9999803
Kepler-10 b,-0.58989,0.9999278
Kepler-10 b,-0.57354,0.9998831
Kepler-10 b,-0.55719,0.9999737
Kepler-10 b,-0.54085,0.9996799
Kepler-10 b,-0.52450,0.9999024
Kepler-10 b,-0.50815,0.9999774
Kepler-10 b,-0.49181,0.9997196
Kepler-10 b,-0.47546,0.9999728
Kepler-10 b,-0.45912,1.0001504
Kepler-10 b,-0.44277,0.9998786
Kepler-10 b,-0.42642,1.0005533
Kepler-10 b,-0.41008,0.9999453
Kepler-10 b,-0.39373,0.9999292
Kepler-10 b,-0.37738,0.9998339
Kepler-10 b,-0.36104,0.9999540
Kepler-10 b,-0.34469,0.9998477
Kepler-10 b,-0.32835,1.0001636
Kepler-10 b,-0.31200,0.9994927
Kepler-10 b,-0.29565,0.9997647
Kepler-10 b,-0.27931,0.9998938
Kepler-10 b,-0.26296,0.9999219
Kepler-10 b,-0.24661,0.9998220
Kepler-10 b,-0.23027,0.9996140
Kepler-10 b,-0.21392,1.0000633
Kepler-10 b,-0.19757,0.9999760
Kepler-10 b,-0.18123,0.9999001
Kepler-10 b,-0.16488,0.9995966
Kepler-10 b,-0.14853,0.9997502
Kepler-10 b,-0.13219,1.0001561
Kepler-10 b,-0.11584,0.9995200
Kepler-10 b,-0.09949,0.9999175
Kepler-10 b,-0.08315,0.9996888
Kepler-10 b,-0.06680,0.9998593
Kepler-10 b,-0.05046,0.9998046
Kepler-10 b,-0.03411,0.9994551
Kepler-10 b,-0.01776,1.0000692
Kepler-10 b,-0.00142,1.0001332
Kepler-10 b,0.01493,1.0005263
Kepler-10 b,0.03128,0.9996424
Kepler-10 b,0.04762,0.9995509
Kepler-10 b,0.06397,0.9997806
Kepler-10 b,0.08031,0.9997332
Kepler-10 b,0.09666,0.9997695
Kepler-10 b,0.11301,0.9998811
Kepler-10 b,0.12935,0.9997783
Kepler-10 b,0.14570,0.9996532
Kepler-10 b,0.16205,0.9996627
Kepler-10 b,0.17839,0.9999444
Kepler-10 b,0.19474,0.9998170
Kepler-10 b,0.21109,1.0002705
Kepler-10 b,0.22743,0.9998143
Kepler-10 b,0.24378,0.9996471
Kepler-10 b,0.26013,1.0000282
Kepler-10 b,0.27647,0.9996161
Kepler-10 b,0.29282,0.9998462
Kepler-10 b,0.30917,1.0002628
Kepler-10 b,0.32551,0.9997541
Kepler-10 b,0.34186,0.9997998
Kepler-10 b,0.35821,0.9999158
Kepler-10 b,0.37455,1.0001534
Kepler-10 b,0.39090,0.9997552
Kepler-10 b,0.40725,0.9999792
Kepler-10 b,0.42359,0.9998408
Kepler-10 b,0.43994,0.9998309
Kepler-10 b,0.45628,0.9996737
Kepler-10 b,0.47263,1.0001179
Kepler-10 b,0.48898,0.9997781
Kepler-10 b,0.50532,1.0002003
Kepler-10 b,0.52167,1.0000544
Kepler-10 b,0.53802,0.9999581
Kepler-10 b,0.55436,1.0000146
Kepler-10 b,0.57071,0.9999434
Kepler-10 b,0.58705,1.0001861
Kepler-10 b,0.60340,0.9997758
Kepler-10 b,0.61975,1.0002340
Kepler-10 b,0.63610,0.9999241
Kepler-10 b,0.65244,1.0000572
Kepler-10 b,0.66879,1.0000396
Kepler-10 b,0.68513,0.9996830
Kepler-10 b,0.70148,0.9997545
Kepler-10 b,0.71783,0.9995708
Kepler-10 b,0.73417,0.9996602
Kepler-10 b,0.75052,0.9996841
Kepler-10 b,0.76687,1.0000305
Kepler-10 b,0.78321,1.0000571
Kepler-10 b,0.79956,0.9998298
Kepler-10 b,0.81591,1.0001206
Kepler-10 b,0.83225,0.9996287
Kepler-10 b,0.84860,0.9998096
Kepler-10 b,0.86494,0.9998466
Kepler-10 b,0.88129,1.0000426
Kepler-10 b,0.89764,0.9997288
Kepler-10 b,0.91398,0.9999026
Kepler-10 b,0.93033,1.0002036
Kepler-10 b,0.94668,1.0000433
Kepler-10 b,0.96302,1.0002236
Kepler-10 b,0.97937,1.0002298
Kepler-10 b,0.99571,1.0002388
Kepler-10 b,1.01206,1.0002842
Kepler-10 b,1.02841,0.9998824
Kepler-10 b,1.04475,0.9998378
Kepler-10 b,1.06110,0.9999804
Kepler-10 b,1.07745,1.0002235
Kepler-10 b,1.09379,0.9999228
Kepler-10 b,1.11014,1.0002260
Kepler-10 b,1.12649,1.0003393
Kepler-10 b,1.14283,1.0000807
Kepler-10 b,1.15918,1.0001641
Kepler-10 b,1.17553,1.0004880
Kepler-10 b,1.19187,0.9999106
Kepler-10 b,1.20822,0.9999937
Kepler-10 b,1.22457,1.0002113
Kepler-10 b,1.24091,0.9999368
Kepler-10 b,1.25726,1.0000741
Kepler-10 b,1.27361,0.9999093
Kepler-10 b,1.28995,1.0000244
Kepler-10 b,1.30630,0.9998727
Kepler-10 b,1.32265,1.0002944
Kepler-10 b,1.33899,1.0001185
Kepler-10 b,1.35534,0.9997132
Kepler-10 b,1.37168,1.0001465
Kepler-10 b,1.38803,1.0000642
Kepler-10 b,1.40438,0.9997827
Kepler-10 b,1.42072,1.0002536
Kepler-10 b,1.43707,0.9999587
Kepler-10 b,1.45342,1.0001671
Kepler-10 b,1.46976,0.9999047
Kepler-10 b,1.48611,0.9999845
Kepler-10 b,1.50246,0.9997565
Kepler-10 b,1.51880,1.0002093
Kepler-10 b,1.53515,0.9997921
Kepler-10 b,1.55149,1.0000340
Kepler-10 b,1.56784,0.9998204
Kepler-10 b,1.58419,1.0000398
Kepler-10 b,1.60053,0.9999547
Kepler-10 b,1.61688,1.0001246
Kepler-10 b,1.63323,0.9996726
Kepler-10 b,1.64957,1.0000096
Kepler-10 b,1.66592,1.0000675
Kepler-10 b,1.68227,1.0000862
Kepler-10 b,1.69861,0.9996898
Kepler-10 b,1.71496,1.0001391
Kepler-10 b,1.73131,1.0002681
Kepler-10 b,1.74765,1.0000350
Kepler-10 b,1.76400,0.9999740
Kepler-10 b,1.78034,0.9996437
Kepler-10 b,1.79669,0.9998801
Kepler-10 b,1.81304,0.9999662
Kepler-10 b,1.82938,0.9999439
Kepler-10 b,1.84573,0.9997281
Kepler-10 b,1.86208,1.0000060
Kepler-10 b,1.87842,0.9997244
Kepler-10 b,1.89477,1.0000295
Kepler-10 b,1.91111,0.9997687
Kepler-10 b,1.92746,0.9999522
Kepler-10 b,1.94381,0.9997413
Kepler-10 b,1.96016,0.9997387
Kepler-10 b,1.97650,1.0000888
Kepler-10 b,1.99285,1.0000307
Kepler-10 b,2.00920,1.0000395
Kepler-10 b,2.02554,0.9998040
Kepler-10 b,2.04189,0.9997920
Kepler-10 b,2.05823,1.0001405
Kepler-10 b,2.07458,1.0001577
Kepler-10 b,2.09093,0.9998065
Kepler-10 b,2.10728,1.0000128
Kepler-10 b,2.12362,0.9999725
Kepler-10 b,2.13997,1.0002700
Kepler-10 b,2.15631,0.9997374
Kepler-10 b,2.17266,1.0001518
Kepler-10 b,2.18900,1.0004602
Kepler-10 b,2.20535,1.0000269
Kepler-10 b,2.22170,1.0000030
Kepler-10 b,2.23805,0.9998378
Kepler-10 b,2.25439,0.9999555
Kepler-10 b,2.27074,1.0000677
Kepler-10 b,2.28709,0.9997649
Kepler-10 b,2.30343,0.9998056
Kepler-10 b,2.31978,0.9998675
Kepler-10 b,2.33612,1.0000166
Kepler-10 b,2.35247,1.0000778
Kepler-10 b,2.36882,1.0000439
Kepler-10 b,2.38516,0.9999231
Kepler-10 b,2.40151,0.9995100
Kepler-10 b,2.41786,0.9998100
Kepler-10 b,2.43420,0.9995321
Kepler-10 b,2.45055,1.0004144
Kepler-10 b,2.46689,0.9997344
Kepler-10 b,2.48324,0.9999726
Kepler-10 b,2.49959,0.9998243
Kepler-10 b,2.51593,1.0002215
Kepler-10 b,2.53228,1.0003086
Kepler-10 b,2.54863,1.0001198
Kepler-10 b,2.56497,0.9997744
Kepler-10 b,2.58132,0.9997600
Kepler-10 b,2.59767,0.9999415
Kepler-10 b,2.61401,0.9998499
Kepler-10 b,2.63036,0.9998870
Kepler-10 b,2.64671,0.9999692
Kepler-10 b,2.66305,0.9997261
Kepler-10 b,2.67940,0.9999641
Kepler-10 b,2.69574,1.0002754
Kepler-10 b,2.71209,0.9994818
Kepler-10 b,2.72844,0.9997615
Kepler-10 b,2.74478,0.9998796
Kepler-10 b,2.76113,0.9996359
Kepler-10 b,2.77748,0.9997183
Kepler-10 b,2.79382,1.0000849
Kepler-10 b,2.81017,0.9999157
Kepler-10 b,2.82652,1.0001014
Kepler-10 b,2.84286,0.9998500
Kepler-10 b,2.85921,1.0000203
Kepler-10 b,2.87556,1.0001652
Kepler-10 b,2.89190,0.9999115
Kepler-10 b,2.90825,0.9999456
Kepler-10 b,2.92460,1.0002216
Kepler-10 b,2.94094,1.0001770
Kepler-10 b,2.95729,0.9998725
Kepler-10 b,2.97363,1.0000536
Kepler-10 b,2.98998,1.0001191
Kepler-10 b,3.00633,1.0005052
Kepler-10 b,3.02267,0.9998095
Kepler-10 b,3.03902,1.0001295
Kepler-10 b,3.05537,1.0002123
Kepler-10 b,3.07171,0.9998962
Kepler-10 b,3.08806,1.0002301
Kepler-10 b,3.10440,1.0001403
Kepler-10 b,3.12075,0.9997000
Kepler-10 b,3.13710,0.9997357
Kepler-10 b,3.15344,1.0001812
Kepler-10 b,3.16979,1.0003090
Kepler-10 b,3.18614,1.0002659
Kepler-10 b,3.20248,1.0001598
Kepler-10 b,3.21883,0.9998261
Kepler-10 b,3.23517,1.0000271
Kepler-10 b,3.25152,1.0003962
Kepler-10 b,3.26787,0.9999169
Kepler-10 b,3.28422,1.0001226
Kepler-10 b,3.30056,1.0002969
Kepler-10 b,3.31691,1.0000018
Kepler-10 b,3.33326,0.9996758
Kepler-10 b,3.34960,1.0001301
Kepler-10 b,3.36595,1.0002495
Kepler-10 b,3.38230,1.0002650
Kepler-10 b,3.39864,0.9999796
Kepler-10 b,3.41499,1.0003231
Kepler-10 b,3.43134,1.0001448
Kepler-10 b,3.44768,1.0000021
Kepler-10 b,3.46403,1.0000009
Kepler-10 b,3.48038,1.0001338
Kepler-10 b,3.49672,0.9999847
Kepler-10 b,3.51307,1.0002897
Kepler-10 b,3.52941,1.0004560
Kepler-10 b,3.54576,1.0002704
Kepler-10 b,3.56211,0.9999526
Kepler-10 b,3.57845,0.9999170
Kepler-10 b,3.59480,0.9999250
Kepler-10 b,3.61115,0.9999189
Kepler-10 b,3.62749,0.9999290
Kepler-10 b,3.64384,0.9997654
Kepler-10 b,3.66018,0.9999196
Kepler-10 b,3.67653,1.0001957
Kepler-10 b,3.69288,0.9997987
Kepler-10 b,3.70922,0.9999496
Kepler-10 b,3.72557,1.0000968
Kepler-10 b,3.74192,0.9998296
Kepler-10 b,3.75826,0.9999328
Kepler-10 b,3.77461,0.9996921
Kepler-10 b,3.79095,0.9997490
Kepler-10 b,3.80730,1.0002868
Kepler-10 b,3.82365,0.9997034
Kepler-10 b,3.83999,1.0000260
Kepler-10 b,3.85634,0.9993926
Kepler-10 b,3.87269,1.0000495
Kepler-10 b,3.88903,0.9999791
Kepler-10 b,3.90538,1.0002113
Kepler-10 b,3.92173,1.0000395
Kepler-10 b,3.93807,1.0002773
Kepler-10 b,3.95442,0.9996805
Kepler-10 b,3.97077,0.9996801
Kepler-10 b,3.98711,0.9997972
Kepler-10 b,4.00346,0.9998736
Kepler-10 b,4.01980,1.0001813
Kepler-10 b,4.03615,0.9999605
Kepler-10 b,4.05250,0.9999058
Kepler-10 b,4.06884,1.0004575
Kepler-10 b,4.08519,1.0000256
Kepler-10 b,4.10154,1.0003760
Kepler-10 b,4.11788,1.0002498
Kepler-10 b,4.13423,0.9996697
Kepler-10 b,4.15058,0.9998737
Kepler-10 b,4.16692,1.0001382
Kepler-10 b,4.18327,0.9999296
Kepler-10 b,4.19962,1.0000791
Kepler-10 b,4.21596,0.9997352
Kepler-10 b,4.23231,0.9998695
Kepler-10 b,4.24866,1.0001288
Kepler-10 b,4.26500,0.9996132
Kepler-10 b,4.28135,1.0003546
Kepler-10 b,4.29769,0.9997232
Kepler-10 b,4.31404,1.0001310
Kepler-10 b,4.33039,0.9999575
Kepler-10 b,4.34674,1.0000356
Kepler-10 b,4.36308,1.0002429
Kepler-10 b,4.37943,1.0001017
Kepler-10 b,4.39577,1.0000889
Kepler-10 b,4.41212,1.0000335
Kepler-10 b,4.42846,0.9999785
Kepler-10 b,4.44481,1.0003443
Kepler-10 b,4.46116,0.9999342
Kepler-10 b,4.47751,0.9998429
Kepler-10 b,4.49385,0.9999030
Kepler-10 b,4.51020,0.9997034
Kepler-10 b,4.52655,1.0003374
Kepler-10 b,4.54289,0.9999025
Kepler-10 b,4.55924,0.9998585
Kepler-10 b,4.57558,1.0000009
Kepler-10 b,4.59193,0.9999903
Kepler-10 b,4.60828,1.0000728
Kepler-10 b,4.62462,1.0002108
Kepler-10 b,4.64097,1.0001802
Kepler-10 b,4.65732,1.0000939
Kepler-10 b,4.67366,1.0001795
Kepler-10 b,4.69001,0.9999818
Kepler-10 b,4.70635,1.0001286
Kepler-10 b,4.72270,1.0000930
Kepler-10 b,4.73905,1.0001176
Kepler-10 b,4.75540,1.0003227
Kepler-10 b,4.77174,0.9997820
Kepler-10 b,4.78809,0.9999880
Kepler-10 b,-4.78459,1.0002519
Kepler-10 b,-4.76824,1.0001039
Kepler-10 b,-4.75190,1.0001726
Kepler-10 b,-4.73555,0.9997259
Kepler-10 b,-4.71920,1.0001394
Kepler-10 b,-4.70286,1.0000271
Kepler-10 b,-4.68651,1.0001739
Kepler-10 b,-4.67017,1.0000345
Kepler-10 b,-4.65382,0.9997870
Kepler-10 b,-4.63747,1.0003017
Kepler-10 b,-4.62113,1.0000620
Kepler-10 b,-4.60478,0.9997142
Kepler-10 b,-4.58843,0.9997023
Kepler-10 b,-4.57209,0.9999464
Kepler-10 b,-4.55574,0.9990792
Kepler-10 b,-4.53939,0.9999800
Kepler-10 b,-4.52305,0.9996163
Kepler-10 b,-4.50670,1.0000497
Kepler-10 b,-4.49035,1.0000973
Kepler-10 b,-4.47401,0.9997480
Kepler-10 b,-4.45766,0.9993195
Kepler-10 b,-4.44132,0.9999921
Kepler-10 b,-4.42497,0.9998236
Kepler-10 b,-4.40862,0.9999253
Kepler-10 b,-4.39228,0.9998125
Kepler-10 b,-4.37593,0.9998031
Kepler-10 b,-4.35958,0.9998652
Kepler-10 b,-4.34324,0.9999425
Kepler-10 b,-4.32689,1.0001060
Kepler-10 b,-4.31055,0.9999214
Kepler-10 b,-4.29420,1.0000521
Kepler-10 b,-4.27785,1.0001150
Kepler-10 b,-4.26151,0.9994919
Kepler-10 b,-4.24516,1.0001407
Kepler-10 b,-4.22881,1.0002220
Kepler-10 b,-4.21246,0.9998261
Kepler-10 b,-4.19612,1.0000316
Kepler-10 b,-4.17977,1.0002984
Kepler-10 b,-4.16343,0.9999489
Kepler-10 b,-4.14708,1.0002333
Kepler-10 b,-4.13073,1.0004429
Kepler-10 b,-4.11439,1.0003916
Kepler-10 b,-4.09804,1.0002256
Kepler-10 b,-4.08169,0.9999344
Kepler-10 b,-4.06535,0.9999400
Kepler-10 b,-4.04900,0.9999421
Kepler-10 b,-4.03265,0.9999494
Kepler-10 b,-4.01631,0.9998284
Kepler-10 b,-3.99996,0.9999312
Kepler-10 b,-3.98361,1.0001433
Kepler-10 b,-3.96727,0.9996953
Kepler-10 b,-3.95092,0.9995103
Kepler-10 b,-3.93457,1.0000722
Kepler-10 b,-3.91823,0.9998508
Kepler-10 b,-3.90188,1.0002376
Kepler-10 b,-3.88554,0.9996895
Kepler-10 b,-3.86919,1.0000684
Kepler-10 b,-3.85284,0.9997883
Kepler-10 b,-3.83650,1.0002420
Kepler-10 b,-3.82015,1.0003013
Kepler-10 b,-3.80380,1.0001163
Kepler-10 b,-3.78746,0.9997253
Kepler-10 b,-3.77111,1.0001106
Kepler-10 b,-3.75477,1.0001160
Kepler-10 b,-3.73842,1.0000166
Kepler-10 b,-3.72207,1.0002945
Kepler-10 b,-3.70573,1.0005076
Kepler-10 b,-3.68938,1.0005293
Kepler-10 b,-3.67303,1.0003208
Kepler-10 b,-3.65669,1.0003458
Kepler-10 b,-3.64034,1.0004320
Kepler-10 b,-3.62399,0.9998408
Kepler-10 b,-3.60765,0.9999002
Kepler-10 b,-3.59130,1.0002700
Kepler-10 b,-3.57495,0.9997952
Kepler-10 b,-3.55861,1.0000982
Kepler-10 b,-3.54226,0.9999569
Kepler-10 b,-3.52591,1.0003101
Kepler-10 b,-3.50957,1.0000304
Kepler-10 b,-3.49322,1.0000132
Kepler-10 b,-3.47688,1.0002788
Kepler-10 b,-3.46053,1.0002885
Kepler-10 b,-3.44418,1.0001086
Kepler-10 b,-3.42784,1.0002057
Kepler-10 b,-3.41149,1.0000019
Kepler-10 b,-3.39514,0.9998513
Kepler-10 b,-3.37880,1.0000516
Kepler-10 b,-3.36245,1.0001368
Kepler-10 b,-3.34611,1.0001756
Kepler-10 b,-3.32976,0.9999837
Kepler-10 b,-3.31341,0.9998383
Kepler-10 b,-3.29707,1.0000689
Kepler-10 b,-3.28072,0.9995511
Kepler-10 b,-3.26437,0.9999268
Kepler-10 b,-3.24803,0.9998886
Kepler-10 b,-3.23168,0.9999313
Kepler-10 b,-3.21533,1.0002028
Kepler-10 b,-3.19899,0.9998419
Kepler-10 b,-3.18264,0.9999116
Kepler-10 b,-3.16629,1.0000352
Kepler-10 b,-3.14995,0.9998496
Kepler-10 b,-3.13360,0.9996460
Kepler-10 b,-3.11726,1.0003883
Kepler-10 b,-3.10091,0.9998168
Kepler-10 b,-3.08456,0.9998023
Kepler-10 b,-3.06821,1.0005693
Kepler-10 b,-3.05187,0.9998829
Kepler-10 b,-3.03552,0.9998202
Kepler-10 b,-3.01917,1.0000683
Kepler-10 b,-3.00283,0.9997908
Kepler-10 b,-2.98649,0.9999831
Kepler-10 b,-2.97014,1.0001817
Kepler-10 b,-2.95379,1.0000369
Kepler-10 b,-2.93744,1.0002155
Kepler-10 b,-2.92110,0.9992751
Kepler-10 b,-2.90475,1.0003231
Kepler-10 b,-2.88840,1.0002763
Kepler-10 b,-2.87206,0.9998550
Kepler-10 b,-2.85571,0.9998285
Kepler-10 b,-2.83937,1.0000344
Kepler-10 b,-2.82302,0.9999285
Kepler-10 b,-2.80667,1.0000842
Kepler-10 b,-2.79033,1.0000664
Kepler-10 b,-2.77398,0.9998611
Kepler-10 b,-2.75763,1.0000570
Kepler-10 b,-2.74129,0.9998978
Kepler-10 b,-2.72494,1.0003662
Kepler-10 b,-2.70859,1.0005216
Kepler-10 b,-2.69225,1.0001205
Kepler-10 b,-2.67590,0.9998168
Kepler-10 b,-2.65955,1.0002132
Kepler-10 b,-2.64321,0.9999466
Kepler-10 b,-2.62686,1.0002844
Kepler-10 b,-2.61051,0.9998636
Kepler-10 b,-2.59417,0.9997591
Kepler-10 b,-2.57782,1.0000074
Kepler-10 b,-2.56148,1.0000545
Kepler-10 b,-2.54513,1.0002710
Kepler-10 b,-2.52878,1.0002272
Kepler-10 b,-2.51244,0.9998888
Kepler-10 b,-2.49609,0.9996299
Kepler-10 b,-2.47974,0.9998186
Kepler-10 b,-2.46340,1.0001571
Kepler-10 b,-2.44705,1.0000351
Kepler-10 b,-2.43070,1.0000430
Kepler-10 b,-2.41436,1.0003595
Kepler-10 b,-2.39801,1.0002061
Kepler-10 b,-2.38167,0.9995358
Kepler-10 b,-2.36532,1.0000685
Kepler-10 b,-2.34897,0.9996510
Kepler-10 b,-2.33263,0.9999729
Kepler-10 b,-2.31628,1.0004732
Kepler-10 b,-2.29993,1.0003902
Kepler-10 b,-2.28359,1.0003444
Kepler-10 b,-2.26724,0.9999903
Kepler-10 b,-2.25089,0.9996121
Kepler-10 b,-2.23455,0.9999698
Kepler-10 b,-2.21820,0.9999128
Kepler-10 b,-2.20185,1.0000632
Kepler-10 b,-2.18551,1.0001153
Kepler-10 b,-2.16916,0.9995425
Kepler-10 b,-2.15282,1.0001261
Kepler-10 b,-2.13647,1.0001992
Kepler-10 b,-2.12012,0.9999138
Kepler-10 b,-2.10378,0.9996086
Kepler-10 b,-2.08743,0.9999667
Kepler-10 b,-2.07108,1.0002713
Kepler-10 b,-2.05474,0.9999413
Kepler-10 b,-2.03839,1.0000611
Kepler-10 b,-2.02205,0.9997828
Kepler-10 b,-2.00570,0.9999963
Kepler-10 b,-1.98935,1.0002284
Kepler-10 b,-1.97300,0.9996542
Kepler-10 b,-1.95666,0.9997218
Kepler-10 b,-1.94031,0.9995273
Kepler-10 b,-1.92397,0.9998306
Kepler-10 b,-1.90762,0.9998451
Kepler-10 b,-1.89127,1.0001908
Kepler-10 b,-1.87493,0.9996654
Kepler-10 b,-1.85858,0.9999515
Kepler-10 b,-1.84223,1.0001773
Kepler-10 b,-1.82588,0.9998481
Kepler-10 b,-1.80954,1.0005033
Kepler-10 b,-1.79319,1.0000029
Kepler-10 b,-1.77685,1.0000357
Kepler-10 b,-1.76050,0.9997630
Kepler-10 b,-1.74415,0.9998021
Kepler-10 b,-1.72781,0.9999810
Kepler-10 b,-1.71146,0.9997628
Kepler-10 b,-1.69511,1.0003609
Kepler-10 b,-1.67877,0.9999255
Kepler-10 b,-1.66242,0.9998850
Kepler-10 b,-1.64608,0.9997885
Kepler-10 b,-1.62973,1.0004016
Kepler-10 b,-1.61338,1.0002201
Kepler-10 b,-1.59704,1.0000114
Kepler-10 b,-1.58069,0.9998704
Kepler-10 b,-1.56434,0.9999715
Kepler-10 b,-1.54800,0.9996845
Kepler-10 b,-1.53165,0.9997822
Kepler-10 b,-1.51531,1.0002612
Kepler-10 b,-1.49896,0.9996525
Kepler-10 b,-1.48261,1.0000495
Kepler-10 b,-1.46627,0.9998239
Kepler-10 b,-1.44992,1.0004651
Kepler-10 b,-1.43357,1.0002761
Kepler-10 b,-1.41723,0.9998991
Kepler-10 b,-1.40088,0.9998408
Kepler-10 b,-1.38453,0.9999680
Kepler-10 b,-1.36819,0.9998392
Kepler-10 b,-1.35184,1.0003145
Kepler-10 b,-1.33549,1.0000539
Kepler-10 b,-1.31915,1.0000039
Kepler-10 b,-1.30280,1.0000511
Kepler-10 b,-1.28645,0.9999597
Kepler-10 b,-1.27011,1.0002979
Kepler-10 b,-1.25376,0.9999593
Kepler-10 b,-1.23742,0.9994540
Kepler-10 b,-1.22107,1.0000847
Kepler-10 b,-1.20472,1.0001028
Kepler-10 b,-1.18838,0.9997647
Kepler-10 b,-1.17203,0.9998159
Kepler-10 b,-1.15568,1.0001657
Kepler-10 b,-1.13934,0.9999768
Kepler-10 b,-1.12299,0.9998843
Kepler-10 b,-1.10664,1.0001744
Kepler-10 b,-1.09030,1.0000501
Kepler-10 b,-1.07395,0.9996781
Kepler-10 b,-1.05760,1.0000264
Kepler-10 b,-1.04126,0.9996457
Kepler-10 b,-1.02491,0.9996972
Kepler-10 b,-1.00857,1.0000166
Kepler-10 b,-0.99222,1.0004257
Kepler-10 b,-0.97587,0.9999138
Kepler-10 b,-0.95953,0.9997940
Kepler-10 b,-0.94318,0.9997289
Kepler-10 b,-0.92683,1.0001204
Kepler-10 b,-0.91049,1.0001949
Kepler-10 b,-0.89414,0.9997511
Kepler-10 b,-0.87780,0.9998954
Kepler-10 b,-0.86145,1.0001445
Kepler-10 b,-0.84510,0.9997566
Kepler-10 b,-0.82876,1.0000058
Kepler-10 b,-0.81241,0.9999740
Kepler-10 b,-0.79606,0.9997607
Kepler-10 b,-0.77971,0.9998862
Kepler-10 b,-0.76337,0.9999882
Kepler-10 b,-0.74702,0.9998720
Kepler-10 b,-0.73068,0.9996500
Kepler-10 b,-0.71433,1.0000113
Kepler-10 b,-0.69799,0.9999294
Kepler-10 b,-0.68164,0.9996674
Kepler-10 b,-0.66529,0.9997024
Kepler-10 b,-0.64894,0.9997002
Kepler-10 b,-0.63260,0.9996801
Kepler-10 b,-0.61625,1.0001935
Kepler-10 b,-0.59991,1.0001096
Kepler-10 b,-0.58356,0.9995871
Kepler-10 b,-0.56721,0.9997060
Kepler-10 b,-0.55087,0.9997531
Kepler-10 b,-0.53452,0.9999992
Kepler-10 b,-0.51817,0.9997449
Kepler-10 b,-0.50182,1.0000042
Kepler-10 b,-0.48548,1.0001901
Kepler-10 b,-0.46913,0.9997545
Kepler-10 b,-0.45279,1.0000649
Kepler-10 b,-0.43644,0.9996355
Kepler-10 b,-0.42009,1.0001151
Kepler-10 b,-0.40375,0.9995335
Kepler-10 b,-0.38740,0.9999898
Kepler-10 b,-0.37105,0.9996877
Kepler-10 b,-0.35471,0.9999075
Kepler-10 b,-0.33836,0.9998627
Kepler-10 b,-0.32202,0.9996246
Kepler-10 b,-0.30567,0.9995245
Kepler-10 b,-0.28932,0.9992881
Kepler-10 b,-0.27298,0.9999640
Kepler-10 b,-0.25663,0.9996060
Kepler-10 b,-0.24028,0.9997150
Kepler-10 b,-0.22394,0.9996615
Kepler-10 b,-0.20759,0.9997702
Kepler-10 b,-0.19124,0.9998280
Kepler-10 b,-0.17490,0.9995990
Kepler-10 b,-0.15855,0.9998610
Kepler-10 b,-0.14221,0.9997046
Kepler-10 b,-0.12586,1.0000212
Kepler-10 b,-0.10951,0.9999676
Kepler-10 b,-0.09317,0.9999700
Kepler-10 b,-0.07682,0.9997415
Kepler-10 b,-0.06047,1.0000136
Kepler-10 b,-0.04413,0.9997807
Kepler-10 b,-0.02778,0.9995548
Kepler-10 b,-0.01143,1.0001792
Kepler-10 b,0.00491,0.9997460
Kepler-10 b,0.02126,0.9996496
Kepler-10 b,0.03761,0.9998360
Kepler-10 b,0.05395,0.9996186
Kepler-10 b,0.07030,0.9996542
Kepler-10 b,0.08664,0.9998340
Kepler-10 b,0.10299,1.0002811
Kepler-10 b,0.11934,1.0003177
Kepler-10 b,0.13568,0.9998705
Kepler-10 b,0.15203,0.9998804
Kepler-10 b,0.16838,0.9993804
Kepler-10 b,0.18472,0.9999668
Kepler-10 b,0.20107,0.9996072
Kepler-10 b,0.21742,0.9997373
Kepler-10 b,0.23376,0.9997042
Kepler-10 b,0.25011,0.9999955
Kepler-10 b,0.26646,0.9995230
Kepler-10 b,0.28280,1.0000301
Kepler-10 b,0.29915,0.9999827
Kepler-10 b,0.31549,0.9996071
Kepler-10 b,0.33184,0.9998547
Kepler-10 b,0.34819,0.9999147
Kepler-10 b,0.36454,1.0001688
Kepler-10 b,0.38088,0.9999822
Kepler-10 b,0.39723,0.9995126
Kepler-10 b,0.41358,1.0002564
Kepler-10 b,0.42992,0.9998462
Kepler-10 b,0.44626,0.9999737
Kepler-10 b,0.46261,0.9996129
Kepler-10 b,0.47896,0.9999474
Kepler-10 b,0.49530,1.0001481
Kepler-10 b,0.51165,0.9998302
Kepler-10 b,0.52800,0.9997224
Kepler-10 b,0.54435,1.0000963
Kepler-10 b,0.56069,0.9999510
Kepler-10 b,0.57704,0.9997335
Kepler-10 b,0.59338,0.9998057
Kepler-10 b,0.60973,0.9998205
Kepler-10 b,0.62608,1.0000323
Kepler-10 b,0.64242,0.9996661
Kepler-10 b,0.65877,1.0002250
Kepler-10 b,0.67512,0.9999168
Kepler-10 b,0.69146,1.0000162
Kepler-10 b,0.70781,0.9997189
Kepler-10 b,0.72415,0.9997180
Kepler-10 b,0.74050,0.9996983
Kepler-10 b,0.75685,0.9998446
Kepler-10 b,0.77319,0.9999893
Kepler-10 b,0.78954,0.9999467
Kepler-10 b,0.80589,1.0005116
Kepler-10 b,0.82224,0.9997155
Kepler-10 b,0.83858,0.9995158
Kepler-10 b,0.85493,0.9997928
Kepler-10 b,0.87127,0.9995488
Kepler-10 b,0.88762,0.9999002
Kepler-10 b,0.90397,1.0000654
Kepler-10 b,0.92031,0.9996772
Kepler-10 b,0.93666,1.0000748
Kepler-10 b,0.95301,0.9996684
Kepler-10 b,0.96935,0.9997195
Kepler-10 b,0.98570,1.0002635
Kepler-10 b,1.00204,0.9998176
Kepler-10 b,1.01839,0.9997405
Kepler-10 b,1.03474,0.9997129
Kepler-10 b,1.05108,0.9996277
Kepler-10 b,1.06743,0.9996237
Kepler-10 b,1.08378,1.0000914
Kepler-10 b,1.10012,0.9997099
Kepler-10 b,1.11647,1.0001837
Kepler-10 b,1.13282,0.9998343
Kepler-10 b,1.14916,1.0003261
Kepler-10 b,1.16551,0.9998267
Kepler-10 b,1.18186,1.0000358
Kepler-10 b,1.19820,1.0000739
Kepler-10 b,1.21455,1.0001451
Kepler-10 b,1.23090,1.0001359
Kepler-10 b,1.24724,1.0001134
Kepler-10 b,1.26359,0.9992275
Kepler-10 b,1.27993,1.0000712
Kepler-10 b,1.29628,0.9999022
Kepler-10 b,1.31263,0.9999345
Kepler-10 b,1.32897,1.0002907
Kepler-10 b,1.34532,0.9998822
Kepler-10 b,1.36167,1.0001152
Kepler-10 b,1.37801,0.9999180
Kepler-10 b,1.39436,1.0001187
Kepler-10 b,1.41070,1.0000505
Kepler-10 b,1.42705,1.0000208
Kepler-10 b,1.44340,0.9997993
Kepler-10 b,1.45974,1.0001053
Kepler-10 b,1.47609,1.0001005
Kepler-10 b,1.49244,0.9999856
Kepler-10 b,1.50878,1.0000930
Kepler-10 b,1.52513,0.9999791
Kepler-10 b,1.54148,1.0000196
Kepler-10 b,1.55782,0.9999423
Kepler-10 b,1.57417,0.9999459
Kepler-10 b,1.59052,0.9996982
Kepler-10 b,1.60686,1.0003183
Kepler-10 b,1.62321,1.0001039
Kepler-10 b,1.63955,0.9996866
Kepler-10 b,1.65590,1.0001126
Kepler-10 b,1.67225,0.9995864
Kepler-10 b,1.68860,0.9997690
Kepler-10 b,1.70494,1.0003453
Kepler-10 b,1.72129,0.9999169
Kepler-10 b,1.73764,1.0002519
Kepler-10 b,1.75398,0.9998736
Kepler-10 b,1.77032,1.0000550
Kepler-10 b,1.78667,1.0000680
Kepler-10 b,1.80302,1.0002386
Kepler-10 b,1.81937,1.0001656
Kepler-10 b,1.83571,1.0000096
Kepler-10 b,1.85206,1.0002400
Kepler-10 b,1.86841,1.0001163
Kepler-10 b,1.88475,1.0004146
Kepler-10 b,1.90110,1.0001476
Kepler-10 b,1.91744,0.9997441
Kepler-10 b,1.93379,0.9994647
Kepler-10 b,1.95014,0.9999509
Kepler-10 b,1.96648,0.9996371
Kepler-10 b,1.98283,1.0001496
Kepler-10 b,1.99918,1.0001776
Kepler-10 b,2.01552,1.0001601
Kepler-10 b,2.03187,0.9996860
Kepler-10 b,2.04822,0.9996581
Kepler-10 b,2.06456,1.0001840
Kepler-10 b,2.08091,1.0001872
Kepler-10 b,2.09726,0.9997353
Kepler-10 b,2.11360,1.0000076
Kepler-10 b,2.12995,1.0004845
Kepler-10 b,2.14630,0.9993593
Kepler-10 b,2.16264,0.9998270
Kepler-10 b,2.17899,0.9996996
Kepler-10 b,2.19533,0.9998901
Kepler-10 b,2.21168,0.9999024
Kepler-10 b,2.22803,0.9996476
Kepler-10 b,2.24437,0.9997466
Kepler-10 b,2.26072,0.9998744
Kepler-10 b,2.27707,1.0005994
Kepler-10 b,2.29341,0.9998727
Kepler-10 b,2.30976,1.0002862
Kepler-10 b,2.32610,1.0003822
Kepler-10 b,2.34245,0.9996737
Kepler-10 b,2.35880,0.9997525
Kepler-10 b,2.37514,0.9999357
Kepler-10 b,2.39149,1.0001229
Kepler-10 b,2.40784,0.9994981
Kepler-10 b,2.42418,1.0001732
Kepler-10 b,2.44053,1.0004353
Kepler-10 b,2.45688,0.9999763
Kepler-10 b,2.47322,0.9997014
Kepler-10 b,2.48957,0.9999828
Kepler-10 b,2.50592,1.0006105
Kepler-10 b,2.52226,0.9996539
Kepler-10 b,2.53861,1.0000451
Kepler-10 b,2.55496,1.0000415
Kepler-10 b,2.57130,0.9999599
Kepler-10 b,2.58765,0.9999006
Kepler-10 b,2.60399,1.0001892
Kepler-10 b,2.62034,0.9998342
Kepler-10 b,2.63669,1.0001318
Kepler-10 b,2.65303,1.0003013
Kepler-10 b,2.66938,1.0004755
Kepler-10 b,2.68573,1.0001164
Kepler-10 b,2.70207,1.0001152
Kepler-10 b,2.71842,0.9997265
Kepler-10 b,2.73476,1.0000740
Kepler-10 b,2.75111,0.9997139
Kepler-10 b,2.76746,0.9996032
Kepler-10 b,2.78380,0.9997230
Kepler-10 b,2.80015,1.0000484
Kepler-10 b,2.81650,0.9999275
Kepler-10 b,2.83284,0.9997901
Kepler-10 b,2.84919,0.9994872
Kepler-10 b,2.86554,1.0000798
Kepler-10 b,2.88188,1.0002430
Kepler-10 b,2.89823,0.9998212
Kepler-10 b,2.91458,1.0000577
Kepler-10 b,2.93092,0.9998697
Kepler-10 b,2.94727,0.9996605
Kepler-10 b,2.96362,0.9999643
Kepler-10 b,2.97996,1.0003027
Kepler-10 b,2.99631,0.9998989
Kepler-10 b,3.01266,1.0004032
Kepler-10 b,3.02900,1.0000155
Kepler-10 b,3.04535,0.9999485
Kepler-10 b,3.06170,1.0002428
Kepler-10 b,3.07804,1.0005045
Kepler-10 b,3.09439,1.0002739
Kepler-10 b,3.11073,0.9998539
Kepler-10 b,3.12708,0.9997304
Kepler-10 b,3.14343,0.9998725
Kepler-10 b,3.15977,0.9999382
Kepler-10 b,3.17612,0.9997947
Kepler-10 b,3.19247,1.0003795
Kepler-10 b,3.20881,1.0000314
Kepler-10 b,3.22516,0.9998102
Kepler-10 b,3.24150,0.9999643
Kepler-10 b,3.25785,1.0000527
Kepler-10 b,3.27420,0.9997787
Kepler-10 b,3.29054,0.9997842
Kepler-10 b,3.30689,1.0000499
Kepler-10 b,3.32324,0.9999804
Kepler-10 b,3.33958,1.0002126
Kepler-10 b,3.35593,0.9998391
Kepler-10 b,3.37228,1.0001584
Kepler-10 b,3.38862,0.9995799
Kepler-10 b,3.40497,1.0003300
Kepler-10 b,3.42132,0.9998395
Kepler-10 b,3.43766,0.9997125
Kepler-10 b,3.45401,0.9999113
Kepler-10 b,3.47036,0.9999511
Kepler-10 b,3.48670,0.9999364
Kepler-10 b,3.50305,0.9996435
Kepler-10 b,3.51939,1.0000601
Kepler-10 b,3.53574,0.9997242
Kepler-10 b,3.55209,0.9996910
Kepler-10 b,3.56843,0.9997488
Kepler-10 b,3.58478,0.9998234
Kepler-10 b,3.60113,1.0000165
Kepler-10 b,3.61747,0.9996457
Kepler-10 b,3.63382,0.9996160
Kepler-10 b,3.65016,0.9998794
Kepler-10 b,3.66651,0.9998504
Kepler-10 b,3.68286,1.0005778
Kepler-10 b,3.69920,0.9999873
Kepler-10 b,3.71555,1.0000049
Kepler-10 b,3.73190,0.9996466
Kepler-10 b,3.74825,0.9998094
Kepler-10 b,3.76459,1.0000498
Kepler-10 b,3.78094,0.9996700
Kepler-10 b,3.79728,0.9997027
Kepler-10 b,3.81363,0.9998494
Kepler-10 b,3.82998,1.0002464
Kepler-10 b,3.84632,0.9998899
Kepler-10 b,3.86267,1.0003274
Kepler-10 b,3.87902,1.0009377
Kepler-10 b,3.89536,0.9998792
Kepler-10 b,3.91171,1.0001249
Kepler-10 b,3.92805,1.0003950
Kepler-10 b,3.94440,0.9996089
Kepler-10 b,3.96075,0.9997647
Kepler-10 b,3.97710,1.0004900
Kepler-10 b,3.99344,1.0000001
Kepler-10 b,4.00979,1.0002429
Kepler-10 b,4.02613,1.0004057
Kepler-10 b,4.04248,1.0001716
Kepler-10 b,4.05882,1.0003249
Kepler-10 b,4.07517,1.0000908
Kepler-10 b,4.09152,1.0001014
Kepler-10 b,4.10787,1.0000924
Kepler-10 b,4.12421,1.0004439
Kepler-10 b,4.14056,1.0003381
Kepler-10 b,4.15690,0.9998262
Kepler-10 b,4.17325,1.0003467
Kepler-10 b,4.18960,0.9997360
Kepler-10 b,4.20594,0.9999403
Kepler-10 b,4.22229,1.0000164
Kepler-10 b,4.23864,0.9999822
Kepler-10 b,4.25498,1.0002398
Kepler-10 b,4.27133,1.0005637
Kepler-10 b,4.28768,1.0004119
Kepler-10 b,4.30402,0.9996611
Kepler-10 b,4.32037,1.0000213
Kepler-10 b,4.33672,0.9996704
Kepler-10 b,4.35306,1.0000671
Kepler-10 b,4.36941,0.9998562
Kepler-10 b,4.38576,1.0002910
Kepler-10 b,4.40210,0.9998846
Kepler-10 b,4.41845,0.9999841
Kepler-10 b,4.43479,1.0001770
Kepler-10 b,4.45114,0.9997919
Kepler-10 b,4.46749,1.0000498
Kepler-10 b,4.48383,0.9997219
Kepler-10 b,4.50018,0.9999706
Kepler-10 b,4.51653,0.9997585
Kepler-10 b,4.53287,1.0001124
Kepler-10 b,4.54922,1.0002357
Kepler-10 b,4.56556,0.9997767
Kepler-10 b,4.58191,1.0001095
Kepler-10 b,4.59826,1.0000936
Kepler-10 b,4.61461,1.0000099
Kepler-10 b,4.63095,1.0002217
Kepler-10 b,4.64730,0.9998931
Kepler-10 b,4.66364,0.9993979
Kepler-10 b,4.67999,1.0000695
Kepler-10 b,4.69634,0.9999830
Kepler-10 b,4.71268,0.9998430
Kepler-10 b,4.72903,1.0000693
Kepler-10 b,4.74538,0.9997510
Kepler-10 b,4.76172,1.0001927
Kepler-10 b,4.77807,1.0003180
Kepler-10 b,4.79442,1.0003763
Kepler-10 b,-4.79461,1.0000426
Kepler-10 b,-4.77826,1.0001828
Kepler-10 b,-4.76192,1.0002292
Kepler-10 b,-4.74557,0.9996167
Kepler-10 b,-4.72922,1.0000433
Kepler-10 b,-4.71288,0.9999931
Kepler-10 b,-4.69653,1.0001550
Kepler-10 b,-4.68019,0.9998827
Kepler-10 b,-4.66384,1.0002968
Kepler-10 b,-4.64749,1.0002030
Kepler-10 b,-4.63115,1.0001045
Kepler-10 b,-4.61480,1.0000008
Kepler-10 b,-4.59845,0.9998121
Kepler-10 b,-4.58211,0.9997797
Kepler-10 b,-4.56576,1.0003857
Kepler-10 b,-4.54942,1.0003676
Kepler-10 b,-4.53307,1.0000167
Kepler-10 b,-4.51672,0.9997363
Kepler-10 b,-4.50038,1.0000176
Kepler-10 b,-4.48403,1.0002771
Kepler-10 b,-4.46768,0.9998097
Kepler-10 b,-4.45134,1.0000133
Kepler-10 b,-4.43499,1.0002089
Kepler-10 b,-4.41864,0.9997532
Kepler-10 b,-4.40230,1.0000483
Kepler-10 b,-4.38595,0.9998131
Kepler-10 b,-4.36960,0.9999065
Kepler-10 b,-4.35326,1.0001900
Kepler-10 b,-4.33691,1.0001398
Kepler-10 b,-4.32056,1.0001998
Kepler-10 b,-4.30422,1.0003677
Kepler-10 b,-4.28787,1.0001427
Kepler-10 b,-4.27153,0.9998953
Kepler-10 b,-4.25518,1.0001727
Kepler-10 b,-4.23883,1.0000325
Kepler-10 b,-4.22248,1.0000264
Kepler-10 b,-4.20614,0.9996065
Kepler-10 b,-4.18979,1.0004407
Kepler-10 b,-4.17345,0.9999181
Kepler-10 b,-4.15710,0.9997323
Kepler-10 b,-4.14076,0.9999587
Kepler-10 b,-4.12441,0.9998779
Kepler-10 b,-4.10806,0.9997696
Kepler-10 b,-4.09171,0.9999484
Kepler-10 b,-4.07537,0.9997746
Kepler-10 b,-4.05902,1.0000222
Kepler-10 b,-4.04268,1.0001624
Kepler-10 b,-4.02633,0.9995939
Kepler-10 b,-4.00998,0.9999718
Kepler-10 b,-3.99364,0.9996860
Kepler-10 b,-3.97729,1.0002006
Kepler-10 b,-3.96094,1.0002603
Kepler-10 b,-3.94460,1.0000591
Kepler-10 b,-3.92825,1.0002449
Kepler-10 b,-3.91190,1.0004193
Kepler-10 b,-3.89556,1.0001355
Kepler-10 b,-3.87921,0.9999923
Kepler-10 b,-3.86287,1.0001485
Kepler-10 b,-3.84652,0.9997118
Kepler-10 b,-3.83017,0.9996366
Kepler-10 b,-3.81382,1.0000860
Kepler-10 b,-3.79748,0.9999035
Kepler-10 b,-3.78113,0.9999146
Kepler-10 b,-3.76479,1.0000374
Kepler-10 b,-3.74844,0.9996072
Kepler-10 b,-3.73209,1.0001744
Kepler-10 b,-3.71575,1.0000550
Kepler-10 b,-3.69940,0.9995558
Kepler-10 b,-3.68305,0.9999121
Kepler-10 b,-3.66671,0.9998703
Kepler-10 b,-3.65036,0.9996922
Kepler-10 b,-3.63402,1.0003695
Kepler-10 b,-3.61767,1.0001271
Kepler-10 b,-3.60132,1.0000152
Kepler-10 b,-3.58498,0.9997957
Kepler-10 b,-3.56863,1.0003146
Kepler-10 b,-3.55228,1.0002432
Kepler-10 b,-3.53594,1.0000270
Kepler-10 b,-3.51959,0.9998803
Kepler-10 b,-3.50324,1.0000507
Kepler-10 b,-3.48690,0.9999269
Kepler-10 b,-3.47055,1.0002559
Kepler-10 b,-3.45420,0.9996277
Kepler-10 b,-3.43786,1.0002879
Kepler-10 b,-3.42151,0.9998751
Kepler-10 b,-3.40516,0.9996278
Kepler-10 b,-3.38882,0.9995148
Kepler-10 b,-3.37247,1.0002098
Kepler-10 b,-3.35613,1.0000091
Kepler-10 b,-3.33978,0.9997785
Kepler-10 b,-3.32343,1.0001396
Kepler-10 b,-3.30709,0.9999008
Kepler-10 b,-3.29074,0.9996663
Kepler-10 b,-3.27439,0.9998310
Kepler-10 b,-3.25805,1.0005409
Kepler-10 b,-3.24170,1.0001008
Kepler-10 b,-3.22536,0.9999068
Kepler-10 b,-3.20901,0.9999483
Kepler-10 b,-3.19266,0.9996143
Kepler-10 b,-3.17632,0.9997450
Kepler-10 b,-3.15997,0.9997633
Kepler-10 b,-3.14362,0.9996972
Kepler-10 b,-3.12728,1.0003692
Kepler-10 b,-3.11093,1.0001676
Kepler-10 b,-3.09458,1.0000069
Kepler-10 b,-3.07824,0.9993585
Kepler-10 b,-3.06189,0.9999224
Kepler-10 b,-3.04554,0.9997693
Kepler-10 b,-3.02920,1.0001002
Kepler-10 b,-3.01285,0.9996269
Kepler-10 b,-2.99650,0.9998125
Kepler-10 b,-2.98016,1.0001776
Kepler-10 b,-2.96381,0.9999552
Kepler-10 b,-2.94747,0.9997790
Kepler-10 b,-2.93112,0.9997105
Kepler-10 b,-2.91477,0.9997958
Kepler-10 b,-2.89842,1.0002099
Kepler-10 b,-2.88208,0.9996235
Kepler-10 b,-2.86573,1.0001678
Kepler-10 b,-2.84939,0.9998316
Kepler-10 b,-2.83304,1.0000025
Kepler-10 b,-2.81670,0.9996791
Kepler-10 b,-2.80035,0.9999315
Kepler-10 b,-2.78400,0.9997761
Kepler-10 b,-2.76765,1.0001477
Kepler-10 b,-2.75131,0.9998672
Kepler-10 b,-2.73496,1.0000052
Kepler-10 b,-2.71862,0.9997894
Kepler-10 b,-2.70227,0.9996932
Kepler-10 b,-2.68592,0.9996939
Kepler-10 b,-2.66958,1.0000193
Kepler-10 b,-2.65323,0.9994441
Kepler-10 b,-2.63688,1.0000711
Kepler-10 b,-2.62054,0.9996748
Kepler-10 b,-2.60419,1.0001728
Kepler-10 b,-2.58784,0.9996237
Kepler-10 b,-2.57150,1.0000204
Kepler-10 b,-2.55515,0.9998504
Kepler-10 b,-2.53880,1.0001160
Kepler-10 b,-2.52246,1.0000275
Kepler-10 b,-2.50611,1.0001469
Kepler-10 b,-2.48976,0.9998495
Kepler-10 b,-2.47342,0.9998819
Kepler-10 b,-2.45707,0.9999008
Kepler-10 b,-2.44073,0.9997662
Kepler-10 b,-2.42438,0.9997988
Kepler-10 b,-2.40803,1.0001042
Kepler-10 b,-2.39169,0.9995620
Kepler-10 b,-2.37534,1.0001291
Kepler-10 b,-2.35899,0.9998127
Kepler-10 b,-2.34265,0.9996682
Kepler-10 b,-2.32630,0.9999405
Kepler-10 b,-2.30996,0.9999123
Kepler-10 b,-2.29361,1.0000857
Kepler-10 b,-2.27726,1.0001017
Kepler-10 b,-2.26092,0.9998695
Kepler-10 b,-2.24457,1.0003653
Kepler-10 b,-2.22822,1.0002201
Kepler-10 b,-2.21188,1.0000278
Kepler-10 b,-2.19553,1.0001078
Kepler-10 b,-2.17918,0.9998626
Kepler-10 b,-2.16284,1.0002714
Kepler-10 b,-2.14649,1.0000772
Kepler-10 b,-2.13014,1.0001586
Kepler-10 b,-2.11380,1.0000735
Kepler-10 b,-2.09745,1.0003419
Kepler-10 b,-2.08110,1.0000316
Kepler-10 b,-2.06476,0.9999597
Kepler-10 b,-2.04841,1.0001649
Kepler-10 b,-2.03207,1.0002282
Kepler-10 b,-2.01572,1.0006329
Kepler-10 b,-1.99937,1.0002483
Kepler-10 b,-1.98303,0.9999205
Kepler-10 b,-1.96668,1.0002721
Kepler-10 b,-1.95033,1.0001743
Kepler-10 b,-1.93399,1.0001487
Kepler-10 b,-1.91764,1.0002613
Kepler-10 b,-1.90130,1.0006359
Kepler-10 b,-1.88495,1.0003384
Kepler-10 b,-1.86860,1.0004672
Kepler-10 b,-1.85226,1.0004103
Kepler-10 b,-1.83591,1.0004619
Kepler-10 b,-1.81956,1.0001055
Kepler-10 b,-1.80322,1.0002602
Kepler-10 b,-1.78687,1.0005413
Kepler-10 b,-1.77052,1.0007068
Kepler-10 b,-1.75418,1.0001687
Kepler-10 b,-1.73783,1.0005144
Kepler-10 b,-1.72148,1.0003486
Kepler-10 b,-1.70514,1.0000797
Kepler-10 b,-1.68879,1.0005117
Kepler-10 b,-1.67244,0.9998729
Kepler-10 b,-1.65610,1.0001082
Kepler-10 b,-1.63975,1.0004515
Kepler-10 b,-1.62341,1.0005247
Kepler-10 b,-1.60706,1.0002634
Kepler-10 b,-1.59071,1.0003272
Kepler-10 b,-1.57436,1.0005789
Kepler-10 b,-1.55802,1.0005824
Kepler-10 b,-1.54167,1.0002411
Kepler-10 b,-1.52533,1.0004958
Kepler-10 b,-1.50898,1.0007619
Kepler-10 b,-1.49264,1.0000902
Kepler-10 b,-1.47629,1.0006722
Kepler-10 b,-1.45994,1.0003224
Kepler-10 b,-1.44359,1.0002228
Kepler-10 b,-1.42725,1.0004557
Kepler-10 b,-1.41090,1.0007544
Kepler-10 b,-1.39456,1.0001357
Kepler-10 b,-1.37821,1.0005809
Kepler-10 b,-1.36186,1.0002571
Kepler-10 b,-1.34551,1.0002590
Kepler-10 b,-1.32917,1.0004538
Kepler-10 b,-1.31282,1.0001985
Kepler-10 b,-1.29648,1.0002406
Kepler-10 b,-1.28013,1.0000696
Kepler-10 b,-1.26378,1.0001686
Kepler-10 b,-1.24744,1.0004203
Kepler-10 b,-1.23109,1.0003465
Kepler-10 b,-1.21474,1.0002773
Kepler-10 b,-1.19840,1.0004221
Kepler-10 b,-1.18205,1.0005742
Kepler-10 b,-1.16570,1.0002302
Kepler-10 b,-1.14936,1.0003130
Kepler-10 b,-1.13301,1.0003763
Kepler-10 b,-1.11667,0.9997580
Kepler-10 b,-1.10032,0.9999107
Kepler-10 b,-1.08397,1.0002909
Kepler-10 b,-1.06763,1.0006481
Kepler-10 b,-1.05128,1.0002972
Kepler-10 b,-1.03493,0.9998443
Kepler-10 b,-1.01859,1.0000225
Kepler-10 b,-1.00224,1.0003405
Kepler-10 b,-0.98590,0.9999334
Kepler-10 b,-0.96955,1.0004728
Kepler-10 b,-0.95320,1.0003572
Kepler-10 b,-0.93686,1.0001867
Kepler-10 b,-0.92051,1.0007949
Kepler-10 b,-0.90416,1.0001965
Kepler-10 b,-0.88781,0.9998615
Kepler-10 b,-0.87147,1.0004604
Kepler-10 b,-0.85512,1.0000658
Kepler-10 b,-0.83878,0.9999477
Kepler-10 b,-0.82243,1.0000582
Kepler-10 b,-0.80608,1.0002546
Kepler-10 b,-0.78974,1.0002031
Kepler-10 b,-0.77339,1.0000149
Kepler-10 b,-0.75704,1.0000891
Kepler-10 b,-0.74070,1.0002248
Kepler-10 b,-0.72435,1.0004943
Kepler-10 b,-0.70801,1.0000886
Kepler-10 b,-0.69166,1.0003756
Kepler-10 b,-0.67531,1.0000850
Kepler-10 b,-0.65897,1.0002818
Kepler-10 b,-0.64262,1.0003664
Kepler-10 b,-0.62627,0.9999305
Kepler-10 b,-0.60993,1.0001487
Kepler-10 b,-0.59358,1.0004471
Kepler-10 b,-0.57723,0.9997989
Kepler-10 b,-0.56089,1.0000974
Kepler-10 b,-0.54454,0.9997717
Kepler-10 b,-0.52820,0.9998793
Kepler-10 b,-0.51185,1.0002845
Kepler-10 b,-0.49550,0.9996718
Kepler-10 b,-0.47916,1.0002190
Kepler-10 b,-0.46281,0.9996741
Kepler-10 b,-0.44646,1.0002809
Kepler-10 b,-0.43012,1.0000702
Kepler-10 b,-0.41377,0.9999042
Kepler-10 b,-0.39742,0.9998832
Kepler-10 b,-0.38108,0.9999413
Kepler-10 b,-0.36473,0.9999982
Kepler-10 b,-0.34838,1.0003535
Kepler-10 b,-0.33204,1.0000305
Kepler-10 b,-0.31569,1.0001959
Kepler-10 b,-0.29935,0.9998113
Kepler-10 b,-0.28300,0.9998858
Kepler-10 b,-0.26665,1.0000168
Kepler-10 b,-0.25031,0.9999882
Kepler-10 b,-0.23396,1.0000498
Kepler-10 b,-0.21761,1.0000518
Kepler-10 b,-0.20127,0.9998532
Kepler-10 b,-0.18492,0.9996946
Kepler-10 b,-0.16858,0.9995933
Kepler-10 b,-0.15223,0.9999216
Kepler-10 b,-0.13588,1.0003531
Kepler-10 b,-0.11953,1.0000051
Kepler-10 b,-0.10319,0.9999122
Kepler-10 b,-0.08684,1.0002862
Kepler-10 b,-0.07050,1.0001368
Kepler-10 b,-0.05415,1.0002566
Kepler-10 b,-0.03780,0.9999270
Kepler-10 b,-0.02145,0.9997960
Kepler-10 b,-0.00511,0.9999327
Kepler-10 b,0.01124,1.0003546
Kepler-10 b,0.02759,1.0001495
Kepler-10 b,0.04393,1.0000456
Kepler-10 b,0.06028,1.0000145
Kepler-10 b,0.07662,1.0000789
Kepler-10 b,0.09297,1.0000109
Kepler-10 b,0.10932,0.9996798
Kepler-10 b,0.12566,0.9998589
Kepler-10 b,0.14201,0.9998103
Kepler-10 b,0.15836,0.9996801
Kepler-10 b,0.17470,0.9998243
Kepler-10 b,0.19105,1.0001036
Kepler-10 b,0.20739,1.0001555
Kepler-10 b,0.22374,1.0001788
Kepler-10 b,0.24009,0.9999800
Kepler-10 b,0.25643,0.9998637
Kepler-10 b,0.27278,0.9998933
Kepler-10 b,0.28913,0.9998752
Kepler-10 b,0.30547,1.0001635
Kepler-10 b,0.32182,1.0003586
Kepler-10 b,0.33816,0.9996264
Kepler-10 b,0.35451,1.0000786
Kepler-10 b,0.37086,0.9999023
Kepler-10 b,0.38720,1.0001017
Kepler-10 b,0.40355,1.0000509
Kepler-10 b,0.41990,0.9997972
Kepler-10 b,0.43625,1.0000281
Kepler-10 b,0.45259,1.0001029
Kepler-10 b,0.46894,0.9999161
Kepler-10 b,0.48528,1.0000205
Kepler-10 b,0.50163,1.0001657
Kepler-10 b,0.51798,0.9997524
Kepler-10 b,0.53432,1.0001996
Kepler-10 b,0.55067,1.0000177
Kepler-10 b,0.56702,0.9998292
Kepler-10 b,0.58336,0.9999014
Kepler-10 b,0.59971,0.9998970
Kepler-10 b,0.61605,1.0002533
Kepler-10 b,0.63240,1.0001338
Kepler-10 b,0.64875,1.0000304
Kepler-10 b,0.66509,1.0005393
Kepler-10 b,0.68144,1.0000939
Kepler-10 b,0.69779,1.0002877
Kepler-10 b,0.71413,1.0003070
Kepler-10 b,0.73048,1.0000787
Kepler-10 b,0.74683,1.0001774
Kepler-10 b,0.76317,0.9997982
Kepler-10 b,0.77952,0.9997321
Kepler-10 b,0.79587,1.0000847
Kepler-10 b,0.81221,1.0000142
Kepler-10 b,0.82856,0.9995577
Kepler-10 b,0.84491,0.9998682
Kepler-10 b,0.86125,0.9999681
Kepler-10 b,0.87760,0.9996492
Kepler-10 b,0.89394,1.0001009
Kepler-10 b,0.91029,0.9995533
Kepler-10 b,0.92664,1.0002847
Kepler-10 b,0.94298,1.0000139
Kepler-10 b,0.95933,1.0001813
Kepler-10 b,0.97568,1.0005309
Kepler-10 b,0.99202,1.0002514
Kepler-10 b,1.00837,1.0005005
Kepler-10 b,1.02471,1.0000236
Kepler-10 b,1.04106,1.0000101
Kepler-10 b,1.05741,1.0001137
Kepler-10 b,1.07375,0.9999109
Kepler-10 b,1.09010,1.0003583
Kepler-10 b,1.10645,1.0001038
Kepler-10 b,1.12279,1.0002136
Kepler-10 b,1.13914,1.0001336
Kepler-10 b,1.15548,1.0002964
Kepler-10 b,1.17183,1.0003198
Kepler-10 b,1.18818,1.0002573
Kepler-10 b,1.20453,1.0000681
Kepler-10 b,1.22087,1.0004953
Kepler-10 b,1.23722,1.0002072
Kepler-10 b,1.25356,0.9998351
Kepler-10 b,1.26991,1.0001818
Kepler-10 b,1.28626,1.0001263
Kepler-10 b,1.30261,1.0002146
Kepler-10 b,1.31895,0.9999288
Kepler-10 b,1.33530,1.0000885
Kepler-10 b,1.35165,0.9996493
Kepler-10 b,1.36799,0.9998774
Kepler-10 b,1.38434,1.0001903
Kepler-10 b,1.40068,1.0001919
Kepler-10 b,1.41703,1.0001561
Kepler-10 b,1.43338,1.0003697
Kepler-10 b,1.44972,1.0002909
Kepler-10 b,1.46607,1.0001794
Kepler-10 b,1.48242,1.0000929
Kepler-10 b,1.49876,1.0001552
Kepler-10 b,1.51511,1.0002083
Kepler-10 b,1.53145,0.9999201
Kepler-10 b,1.54780,1.0000710
Kepler-10 b,1.56415,0.9998945
Kepler-10 b,1.58049,0.9994985
Kepler-10 b,1.59684,1.0003273
Kepler-10 b,1.61319,1.0003046
Kepler-10 b,1.62953,1.0005576
Kepler-10 b,1.64588,0.9999248
Kepler-10 b,1.66223,1.0003392
Kepler-10 b,1.67857,1.0001639
Kepler-10 b,1.69492,1.0003826
Kepler-10 b,1.71126,1.0001387
Kepler-10 b,1.72761,1.0001176
Kepler-10 b,1.74396,1.0002500
Kepler-10 b,1.76030,1.0000635
Kepler-10 b,1.77665,0.9999828
Kepler-10 b,1.79300,1.0002592
Kepler-10 b,1.80934,0.9999537
Kepler-10 b,1.82569,1.0001187
Kepler-10 b,1.84204,0.9999821
Kepler-10 b,1.85838,0.9999221
Kepler-10 b,1.87473,0.9996732
Kepler-10 b,1.89108,0.9999185
Kepler-10 b,1.90742,1.0001524
Kepler-10 b,1.92377,0.9998936
Kepler-10 b,1.94011,1.0001645
Kepler-10 b,1.95646,0.9998556
Kepler-10 b,1.97281,0.9997520
Kepler-10 b,1.98915,1.0005073
Kepler-10 b,2.00550,1.0001816
Kepler-10 b,2.02185,1.0002889
Kepler-10 b,2.03819,1.0001750
Kepler-10 b,2.05454,0.9996228
Kepler-10 b,2.07089,1.0000617
Kepler-10 b,2.08723,1.0000293
Kepler-10 b,2.10358,1.0002147
Kepler-10 b,2.11993,1.0003293
Kepler-10 b,2.13627,1.0003497
Kepler-10 b,2.15262,0.9999680
Kepler-10 b,2.16896,1.0000100
Kepler-10 b,2.18531,1.0000936
Kepler-10 b,2.20166,1.0001486
Kepler-10 b,2.21800,1.0001880
Kepler-10 b,2.23435,1.0002834
Kepler-10 b,2.25070,0.9999667
Kepler-10 b,2.26704,1.0001293
Kepler-10 b,2.28339,0.9999321
Kepler-10 b,2.29974,0.9998617
Kepler-10 b,2.31608,1.0005196
Kepler-10 b,2.33243,0.9997442
Kepler-10 b,2.34877,1.0002743
Kepler-10 b,2.36512,1.0002645
Kepler-10 b,2.38147,0.9999996
Kepler-10 b,2.39781,1.0000511
Kepler-10 b,2.41416,0.9999859
Kepler-10 b,2.43051,0.9997950
Kepler-10 b,2.44685,1.0000870
Kepler-10 b,2.46320,1.0001640
Kepler-10 b,2.47955,1.0001801
Kepler-10 b,2.49589,1.0005472
Kepler-10 b,2.51224,0.9999691
Kepler-10 b,2.52859,1.0000588
Kepler-10 b,2.54493,0.9997692
Kepler-10 b,2.56128,1.0003419
Kepler-10 b,2.57762,1.0003654
Kepler-10 b,2.59397,1.0000077
Kepler-10 b,2.61032,1.0004210
Kepler-10 b,2.62667,1.0000698
Kepler-10 b,2.64301,1.0001489
Kepler-10 b,2.65936,0.9998424
Kepler-10 b,2.67571,1.0004162
Kepler-10 b,2.69205,0.9999929
Kepler-10 b,2.70839,1.0000295
Kepler-10 b,2.72474,1.0001135
Kepler-10 b,2.74109,0.9999135
Kepler-10 b,2.75744,1.0000185
Kepler-10 b,2.77378,0.9999191
Kepler-10 b,2.79013,1.0000278
Kepler-10 b,2.80648,1.0001109
Kepler-10 b,2.82282,0.9995527
Kepler-10 b,2.83917,1.0001040
Kepler-10 b,2.85551,0.9996782
Kepler-10 b,2.87186,1.0001224
Kepler-10 b,2.88821,0.9992061
Kepler-10 b,2.90455,0.9998582
Kepler-10 b,2.92090,1.0000019
Kepler-10 b,2.93725,0.9997862
Kepler-10 b,2.95359,1.0000365
Kepler-10 b,2.96994,1.0002899
Kepler-10 b,2.98629,1.0000103
Kepler-10 b,3.00263,1.0001252
Kepler-10 b,3.01898,0.9999537
Kepler-10 b,3.03533,0.9997544
Kepler-10 b,3.05167,1.0001390
Kepler-10 b,3.06802,0.9997864
Kepler-10 b,3.08437,0.9998265
Kepler-10 b,3.10071,0.9998866
Kepler-10 b,3.11706,0.9994817
Kepler-10 b,3.13340,1.0001231
Kepler-10 b,3.14975,0.9999073
Kepler-10 b,3.16610,0.9999032
Kepler-10 b,3.18244,1.0003033
Kepler-10 b,3.19879,0.9997572
Kepler-10 b,3.21514,1.0003533
Kepler-10 b,3.23148,0.9998379
Kepler-10 b,3.24783,1.0003078
Kepler-10 b,3.26417,0.9996700
Kepler-10 b,3.28052,1.0004046
Kepler-10 b,3.29687,1.0000232
Kepler-10 b,3.31321,0.9997592
Kepler-10 b,3.32956,1.0001469
Kepler-10 b,3.34591,0.9999799
Kepler-10 b,3.36225,0.9998593
Kepler-10 b,3.37860,0.9999374
Kepler-10 b,3.39495,1.0001710
Kepler-10 b,3.41129,0.9998973
Kepler-10 b,3.42764,1.0000625
Kepler-10 b,3.44399,0.9996254
Kepler-10 b,3.46033,1.0000184
Kepler-10 b,3.47668,0.9999355
Kepler-10 b,3.49302,1.0001269
Kepler-10 b,3.50937,0.9999908
Kepler-10 b,3.52572,1.0000531
Kepler-10 b,3.54206,1.0002788
Kepler-10 b,3.55841,0.9997592
Kepler-10 b,3.57476,1.0001285
Kepler-10 b,3.59110,0.9998139
Kepler-10 b,3.60745,0.9997084
Kepler-10 b,3.62379,0.9999857
Kepler-10 b,3.64014,0.9997575
Kepler-10 b,3.65649,1.0000259
Kepler-10 b,3.67283,1.0000223
Kepler-10 b,3.68918,1.0001246
Kepler-10 b,3.70553,1.0005660
Kepler-10 b,3.72187,1.0000473
Kepler-10 b,3.73822,0.9999976
Kepler-10 b,3.75457,0.9999250
Kepler-10 b,3.77091,1.0002530
Kepler-10 b,3.78726,1.0000680
Kepler-10 b,3.80361,1.0001961
Kepler-10 b,3.81995,1.0000126
Kepler-10 b,3.83630,0.9997589
Kepler-10 b,3.85265,1.0002926
Kepler-10 b,3.86899,0.9996085
Kepler-10 b,3.88534,0.9998103
Kepler-10 b,3.90168,1.0000995
Kepler-10 b,3.91803,0.9998443
Kepler-10 b,3.93438,0.9999272
Kepler-10 b,3.95073,0.9999351
Kepler-10 b,3.96707,0.9998834
Kepler-10 b,3.98342,1.0005957
Kepler-10 b,3.99977,1.0004336
Kepler-10 b,4.01611,1.0001953
Kepler-10 b,4.03245,1.0001942
Kepler-10 b,4.04880,0.9997822
Kepler-10 b,4.06515,0.9995390
Kepler-10 b,4.08149,0.9998596
Kepler-10 b,4.09784,0.9998588
Kepler-10 b,4.11419,0.9997217
Kepler-10 b,4.13054,0.9998969
Kepler-10 b,4.14688,1.0002745
Kepler-10 b,4.16323,0.9995499
Kepler-10 b,4.17957,1.0005007
Kepler-10 b,4.19592,1.0001701
Kepler-10 b,4.21227,1.0002422
Kepler-10 b,4.22862,1.0000687
Kepler-10 b,4.24496,1.0002728
Kepler-10 b,4.26131,0.9994726
Kepler-10 b,4.27765,0.9999239
Kepler-10 b,4.29400,1.0004449
Kepler-10 b,4.31035,0.9996129
Kepler-10 b,4.32669,0.9997322
Kepler-10 b,4.34304,0.9998348
Kepler-10 b,4.35939,0.9997467
Kepler-10 b,4.37573,1.0001173
Kepler-10 b,4.39208,1.0000213
Kepler-10 b,4.40843,0.9998068
Kepler-10 b,4.42477,1.0000781
Kepler-10 b,4.44112,1.0000295
Kepler-10 b,4.45746,1.0000068
Kepler-10 b,4.47381,0.9995276
Kepler-10 b,4.49016,1.0002832
Kepler-10 b,4.50650,0.9998185
Kepler-10 b,4.52285,1.0001440
Kepler-10 b,4.53920,1.0005860
Kepler-10 b,4.55554,1.0004277
Kepler-10 b,4.57189,0.9997191
Kepler-10 b,4.58823,0.9998815
Kepler-10 b,4.60458,1.0000493
Kepler-10 b,4.62093,0.9996998
Kepler-10 b,4.63727,0.9998769
Kepler-10 b,4.65362,0.9998190
Kepler-10 b,4.66997,0.9999054
Kepler-10 b,4.68631,1.0000952
Kepler-10 b,4.70266,0.9994325
Kepler-10 b,4.71901,0.9999132
Kepler-10 b,4.73535,1.0000299
Kepler-10 b,4.75170,0.9996503
Kepler-10 b,4.76805,0.9998641
Kepler-10 b,4.78439,0.9993481
Kepler-10 b,-4.78829,0.9998766
Kepler-10 b,-4.77194,0.9998856
Kepler-10 b,-4.75560,1.0001234
Kepler-10 b,-4.73925,0.9998400
Kepler-10 b,-4.72290,1.0000465
Kepler-10 b,-4.70656,0.9995723
Kepler-10 b,-4.69021,1.0000168
Kepler-10 b,-4.67387,0.9997535
Kepler-10 b,-4.65752,0.9996983
Kepler-10 b,-4.64117,0.9998458
Kepler-10 b,-4.62483,0.9999657
Kepler-10 b,-4.60848,1.0001725
Kepler-10 b,-4.59213,1.0000134
Kepler-10 b,-4.57579,0.9999209
Kepler-10 b,-4.55944,1.0000353
Kepler-10 b,-4.54309,0.9999666
Kepler-10 b,-4.52675,0.9997711
Kepler-10 b,-4.51040,0.9998214
Kepler-10 b,-4.49405,0.9998989
Kepler-10 b,-4.47771,0.9998073
Kepler-10 b,-4.46136,1.0002272
Kepler-10 b,-4.44501,1.0002508
Kepler-10 b,-4.42867,1.0002703
Kepler-10 b,-4.41232,0.9998325
Kepler-10 b,-4.39598,1.0004099
Kepler-10 b,-4.37963,1.0001656
Kepler-10 b,-4.36328,1.0002346
Kepler-10 b,-4.34694,1.0000086
Kepler-10 b,-4.33059,0.9999497
Kepler-10 b,-4.31424,0.9996724
Kepler-10 b,-4.29790,1.0002017
Kepler-10 b,-4.28155,0.9998212
Kepler-10 b,-4.26521,1.0001058
Kepler-10 b,-4.24886,1.0000066
Kepler-10 b,-4.23251,0.9998157
Kepler-10 b,-4.21617,0.9998761
Kepler-10 b,-4.19982,0.9998396
Kepler-10 b,-4.18347,1.0000729
Kepler-10 b,-4.16713,1.0002187
Kepler-10 b,-4.15078,1.0002804
Kepler-10 b,-4.13443,1.0004107
Kepler-10 b,-4.11809,1.0002041
Kepler-10 b,-4.10174,0.9998676
Kepler-10 b,-4.08539,0.9997310
Kepler-10 b,-4.06905,1.0001397
Kepler-10 b,-4.05270,1.0002806
Kepler-10 b,-4.03636,0.9998973
Kepler-10 b,-4.02001,1.0000755
Kepler-10 b,-4.00366,1.0000414
Kepler-10 b,-3.98732,0.9998172
Kepler-10 b,-3.97097,0.9998563
Kepler-10 b,-3.95462,1.0001850
Kepler-10 b,-3.93827,1.0002111
Kepler-10 b,-3.92193,1.0000759
Kepler-10 b,-3.90559,1.0005414
Kepler-10 b,-3.88924,1.0000746
Kepler-10 b,-3.87289,1.0000509
Kepler-10 b,-3.85655,1.0000123
Kepler-10 b,-3.84020,0.9999406
Kepler-10 b,-3.82385,0.9998451
Kepler-10 b,-3.80751,0.9999090
Kepler-10 b,-3.79116,1.0000828
Kepler-10 b,-3.77481,0.9997853
Kepler-10 b,-3.75847,0.9997582
Kepler-10 b,-3.74212,1.0000463
Kepler-10 b,-3.72577,1.0002050
Kepler-10 b,-3.70943,0.9999270
Kepler-10 b,-3.69308,0.9999829
Kepler-10 b,-3.67673,0.9998481
Kepler-10 b,-3.66039,0.9999786
Kepler-10 b,-3.64404,1.0002293
Kepler-10 b,-3.62769,1.0001548
Kepler-10 b,-3.61135,0.9998561
Kepler-10 b,-3.59500,1.0002668
Kepler-10 b,-3.57865,0.9996326
Kepler-10 b,-3.56231,0.9998753
Kepler-10 b,-3.54596,0.9997759
Kepler-10 b,-3.52961,0.9999987
Kepler-10 b,-3.51327,1.0000282
Kepler-10 b,-3.49692,0.9998089
Kepler-10 b,-3.48058,0.9996712
Kepler-10 b,-3.46423,1.0000187
Kepler-10 b,-3.44788,1.0001823
Kepler-10 b,-3.43154,0.9999279
Kepler-10 b,-3.41519,1.0001213
Kepler-10 b,-3.39884,1.0002262
Kepler-10 b,-3.38250,1.0007340
Kepler-10 b,-3.36615,1.0001460
Kepler-10 b,-3.34981,0.9998030
Kepler-10 b,-3.33346,0.9998172
Kepler-10 b,-3.31711,0.9997504
Kepler-10 b,-3.30077,1.0001204
Kepler-10 b,-3.28442,1.0001629
Kepler-10 b,-3.26807,1.0004232
Kepler-10 b,-3.25172,1.0005884
Kepler-10 b,-3.23538,0.9999524
Kepler-10 b,-3.21903,0.9999037
Kepler-10 b,-3.20269,0.9998146
Kepler-10 b,-3.18634,1.0000732
Kepler-10 b,-3.16999,1.0000895
Kepler-10 b,-3.15365,0.9999991
Kepler-10 b,-3.13730,1.0001242
Kepler-10 b,-3.12095,0.9999294
Kepler-10 b,-3.10461,0.9996247
Kepler-10 b,-3.08826,0.9998571
Kepler-10 b,-3.07192,0.9999745
Kepler-10 b,-3.05557,1.0001868
Kepler-10 b,-3.03922,0.9998944
Kepler-10 b,-3.02288,0.9999961
Kepler-10 b,-3.00653,0.9997709
Kepler-10 b,-2.99018,1.0004364
Kepler-10 b,-2.97384,0.9997910
Kepler-10 b,-2.95749,1.0000199
Kepler-10 b,-2.94115,1.0002058
Kepler-10 b,-2.92480,0.9997428
Kepler-10 b,-2.90845,1.0002501
Kepler-10 b,-2.89211,0.9999385
Kepler-10 b,-2.87576,1.0002836
Kepler-10 b,-2.85941,0.9998737
Kepler-10 b,-2.84307,1.0001975
Kepler-10 b,-2.82672,1.0000631
Kepler-10 b,-2.81037,0.9999479
Kepler-10 b,-2.79403,1.0000094
Kepler-10 b,-2.77768,0.9997809
Kepler-10 b,-2.76133,0.9997618
Kepler-10 b,-2.74499,0.9999137
Kepler-10 b,-2.72864,1.0002738
Kepler-10 b,-2.71230,1.0000375
Kepler-10 b,-2.69595,0.9999892
Kepler-10 b,-2.67960,0.9994427
Kepler-10 b,-2.66326,1.0002273
Kepler-10 b,-2.64691,0.9999564
Kepler-10 b,-2.63056,1.0000474
Kepler-10 b,-2.61422,0.9997507
Kepler-10 b,-2.59787,0.9997488
Kepler-10 b,-2.58153,1.0001232
Kepler-10 b,-2.56518,0.9998385
Kepler-10 b,-2.54883,1.0000879
Kepler-10 b,-2.53249,1.0000127
Kepler-10 b,-2.51614,1.0000119
Kepler-10 b,-2.49979,1.0001639
Kepler-10 b,-2.48344,0.9996450
Kepler-10 b,-2.46710,1.0000581
Kepler-10 b,-2.45075,1.0005852
Kepler-10 b,-2.43441,0.9998620
Kepler-10 b,-2.41806,0.9998776
Kepler-10 b,-2.40171,0.9998252
Kepler-10 b,-2.38536,0.9997509
Kepler-10 b,-2.36902,0.9998950
Kepler-10 b,-2.35267,1.0000547
Kepler-10 b,-2.33633,0.9997035
Kepler-10 b,-2.31998,0.9999096
Kepler-10 b,-2.30364,1.0000233
Kepler-10 b,-2.28729,0.9999675
Kepler-10 b,-2.27094,1.0001529
Kepler-10 b,-2.25459,0.9997570
Kepler-10 b,-2.23825,0.9997196
Kepler-10 b,-2.22190,1.0000700
Kepler-10 b,-2.20555,0.9999186
Kepler-10 b,-2.18921,0.9996037
Kepler-10 b,-2.17287,0.9995182
Kepler-10 b,-2.15652,0.9999591
Kepler-10 b,-2.14017,1.0000525
Kepler-10 b,-2.12383,1.0004687
Kepler-10 b,-2.10748,1.0001973
Kepler-10 b,-2.09113,1.0005540
Kepler-10 b,-2.07478,0.9997798
Kepler-10 b,-2.05844,1.0002352
Kepler-10 b,-2.04209,1.0000128
Kepler-10 b,-2.02575,0.9998238
Kepler-10 b,-2.00940,1.0001388
Kepler-10 b,-1.99305,0.9999721
Kepler-10 b,-1.97671,1.0000371
Kepler-10 b,-1.96036,0.9998447
Kepler-10 b,-1.94401,0.9998019
Kepler-10 b,-1.92766,1.0001242
Kepler-10 b,-1.91132,1.0001926
Kepler-10 b,-1.89497,1.0000276
Kepler-10 b,-1.87863,1.0000055
Kepler-10 b,-1.86228,1.0001764
Kepler-10 b,-1.84593,1.0000598
Kepler-10 b,-1.82959,0.9999872
Kepler-10 b,-1.81324,1.0005848
Kepler-10 b,-1.79689,1.0002458
Kepler-10 b,-1.78055,0.9999733
Kepler-10 b,-1.76420,0.9999193
Kepler-10 b,-1.74786,0.9998442
Kepler-10 b,-1.73151,1.0000696
Kepler-10 b,-1.71516,0.9999700
Kepler-10 b,-1.69882,1.0004962
Kepler-10 b,-1.68247,0.9998244
Kepler-10 b,-1.66612,0.9999081
Kepler-10 b,-1.64978,1.0007676
Kepler-10 b,-1.63343,1.0001591
Kepler-10 b,-1.61708,0.9999281
Kepler-10 b,-1.60074,0.9999196
Kepler-10 b,-1.58439,1.0000866
Kepler-10 b,-1.56804,0.9995859
Kepler-10 b,-1.55170,0.9997511
Kepler-10 b,-1.53535,0.9999794
Kepler-10 b,-1.51901,1.0003786
Kepler-10 b,-1.50266,1.0001092
Kepler-10 b,-1.48631,0.9999356
Kepler-10 b,-1.46997,1.0001696
Kepler-10 b,-1.45362,0.9999862
Kepler-10 b,-1.43727,1.0000242
Kepler-10 b,-1.42093,0.9997440
Kepler-10 b,-1.40458,1.0000860
Kepler-10 b,-1.38824,0.9999398
Kepler-10 b,-1.37189,1.0001267
Kepler-10 b,-1.35554,0.9999488
Kepler-10 b,-1.33920,1.0000294
Kepler-10 b,-1.32285,0.9998443
Kepler-10 b,-1.30650,1.0003073
Kepler-10 b,-1.29016,1.0003271
Kepler-10 b,-1.27381,0.9999138
Kepler-10 b,-1.25747,1.0001208
Kepler-10 b,-1.24112,0.9999663
Kepler-10 b,-1.22477,1.0001101
Kepler-10 b,-1.20842,1.0001733
Kepler-10 b,-1.19208,0.9999744
Kepler-10 b,-1.17573,0.9998858
Kepler-10 b,-1.15938,0.9999972
Kepler-10 b,-1.14304,0.9999893
Kepler-10 b,-1.12669,1.0000402
Kepler-10 b,-1.11035,0.9997627
Kepler-10 b,-1.09400,0.9998861
Kepler-10 b,-1.07765,0.9996329
Kepler-10 b,-1.06131,1.0002139
Kepler-10 b,-1.04496,0.9995644
Kepler-10 b,-1.02861,1.0001651
Kepler-10 b,-1.01227,0.9998903
Kepler-10 b,-0.99592,1.0000525
Kepler-10 b,-0.97958,0.9999014
Kepler-10 b,-0.96323,0.9996822
Kepler-10 b,-0.94688,1.0003841
Kepler-10 b,-0.93054,1.0004088
Kepler-10 b,-0.91419,1.0000239
Kepler-10 b,-0.89784,1.0000083
Kepler-10 b,-0.88150,0.9999079
Kepler-10 b,-0.86515,0.9998180
Kepler-10 b,-0.84880,0.9996203
Kepler-10 b,-0.83246,1.0000918
Kepler-10 b,-0.81611,1.0003218
Kepler-10 b,-0.79976,1.0005134
Kepler-10 b,-0.78342,0.9998805
Kepler-10 b,-0.76707,0.9999552
Kepler-10 b,-0.75073,1.0002882
Kepler-10 b,-0.73438,0.9998806
Kepler-10 b,-0.71803,0.9998736
Kepler-10 b,-0.70169,0.9999432
Kepler-10 b,-0.68534,0.9999624
Kepler-10 b,-0.66899,1.0002331
Kepler-10 b,-0.65265,0.9995910
Kepler-10 b,-0.63630,1.0000110
Kepler-10 b,-0.61995,0.9997292
Kepler-10 b,-0.60361,0.9999705
Kepler-10 b,-0.58726,0.9997647
Kepler-10 b,-0.57092,0.9996205
Kepler-10 b,-0.55457,0.9999843
Kepler-10 b,-0.53822,0.9996112
Kepler-10 b,-0.52187,0.9997776
Kepler-10 b,-0.50553,0.9999586
Kepler-10 b,-0.48918,0.9993496
Kepler-10 b,-0.47283,0.9995402
Kepler-10 b,-0.45649,0.9999935
Kepler-10 b,-0.44014,0.9998995
Kepler-10 b,-0.42380,0.9996534
Kepler-10 b,-0.40745,0.9995026
Kepler-10 b,-0.39110,1.0001998
Kepler-10 b,-0.37476,0.9996525
Kepler-10 b,-0.35841,0.9996376
Kepler-10 b,-0.34206,0.9998065
Kepler-10 b,-0.32572,0.9995705
Kepler-10 b,-0.30937,0.9998082
Kepler-10 b,-0.29302,1.0003423
Kepler-10 b,-0.27668,0.9999172
Kepler-10 b,-0.26033,0.9996858
Kepler-10 b,-0.24398,0.9994896
Kepler-10 b,-0.22764,0.9997705
Kepler-10 b,-0.21129,0.9998753
Kepler-10 b,-0.19495,1.0000870
Kepler-10 b,-0.17860,0.9999592
Kepler-10 b,-0.16225,0.9999438
Kepler-10 b,-0.14591,0.9998022
Kepler-10 b,-0.12956,0.9997070
Kepler-10 b,-0.11321,0.9996145
Kepler-10 b,-0.09687,0.9996564
Kepler-10 b,-0.08052,0.9999399
Kepler-10 b,-0.06418,0.9997474
Kepler-10 b,-0.04783,0.9997342
Kepler-10 b,-0.03148,0.9998089
Kepler-10 b,-0.01514,0.9998503
Kepler-10 b,0.00121,0.9996350
Kepler-10 b,0.01756,1.0003670
Kepler-10 b,0.03390,0.9996664
Kepler-10 b,0.05025,0.9996411
Kepler-10 b,0.06660,0.9996160
Kepler-10 b,0.08294,0.9997166
Kepler-10 b,0.09929,1.0000627
Kepler-10 b,0.11564,1.0002829
Kepler-10 b,0.13198,0.9996426
Kepler-10 b,0.14833,1.0002802
Kepler-10 b,0.16468,1.0000206
Kepler-10 b,0.18102,0.9996002
Kepler-10 b,0.19737,1.0003778
Kepler-10 b,0.21371,1.0001065
Kepler-10 b,0.23006,0.9998334
Kepler-10 b,0.24641,0.9996132
Kepler-10 b,0.26275,0.9999917
Kepler-10 b,0.27910,0.9998400
Kepler-10 b,0.29545,1.0000117
Kepler-10 b,0.31179,1.0000885
Kepler-10 b,0.32814,1.0000342
Kepler-10 b,0.34448,1.0002377
Kepler-10 b,0.36083,1.0000526
Kepler-10 b,0.37718,0.9996045
Kepler-10 b,0.39352,0.9993018
Kepler-10 b,0.40987,0.9996243
Kepler-10 b,0.42622,0.9995905
Kepler-10 b,0.44256,0.9997435
Kepler-10 b,0.45891,1.0002625
Kepler-10 b,0.47526,0.9997873
Kepler-10 b,0.49160,0.9998784
Kepler-10 b,0.50795,0.9997344
Kepler-10 b,0.52430,0.9999529
Kepler-10 b,0.54064,0.9998968
Kepler-10 b,0.55699,0.9998285
Kepler-10 b,0.57334,1.0002993
Kepler-10 b,0.58968,0.9998797
Kepler-10 b,0.60603,0.9995788
Kepler-10 b,0.62237,1.0003326
Kepler-10 b,0.63872,0.9997799
Kepler-10 b,0.65507,0.9998769
Kepler-10 b,0.67141,0.9996828
Kepler-10 b,0.68776,0.9996072
Kepler-10 b,0.70411,1.0001616
Kepler-10 b,0.72045,0.9998759
Kepler-10 b,0.73680,0.9996773
Kepler-10 b,0.75314,0.9997921
Kepler-10 b,0.76949,1.0001409
Kepler-10 b,0.78584,1.0000496
Kepler-10 b,0.80218,0.9997378
Kepler-10 b,0.81853,0.9998720
Kepler-10 b,0.83488,0.9993428
Kepler-10 b,0.85122,0.9995693
Kepler-10 b,0.86757,0.9999266
Kepler-10 b,0.88392,0.9996450
Kepler-10 b,0.90026,1.0000115
Kepler-10 b,0.91661,1.0002141
Kepler-10 b,0.93296,0.9999172
Kepler-10 b,0.94930,0.9999458
Kepler-10 b,0.96565,0.9998179
Kepler-10 b,0.98200,1.0001568
Kepler-10 b,0.99834,1.0002227
Kepler-10 b,1.01469,0.9997582
Kepler-10 b,1.03104,1.0001477
Kepler-10 b,1.04738,0.9998848
Kepler-10 b,1.06373,0.9999948
Kepler-10 b,1.08008,0.9999283
Kepler-10 b,1.09642,0.9995950
Kepler-10 b,1.11277,0.9995151
Kepler-10 b,1.12911,0.9998756
Kepler-10 b,1.14546,1.0000767
Kepler-10 b,1.16181,1.0000424
Kepler-10 b,1.17815,0.9997122
Kepler-10 b,1.19450,1.0000791
Kepler-10 b,1.21085,0.9999708
Kepler-10 b,1.22719,1.0001909
Kepler-10 b,1.24354,1.0001726
Kepler-10 b,1.25988,0.9998328
Kepler-10 b,1.27623,0.9997247
Kepler-10 b,1.29258,0.9999139
Kepler-10 b,1.30892,0.9996805
Kepler-10 b,1.32527,0.9998050
Kepler-10 b,1.34162,1.0002436
Kepler-10 b,1.35796,1.0001711
Kepler-10 b,1.37431,0.9997649
Kepler-10 b,1.39066,1.0002045
Kepler-10 b,1.40700,0.9996361
Kepler-10 b,1.42335,1.0000699
Kepler-10 b,1.43970,1.0000298
Kepler-10 b,1.45604,0.9996853
Kepler-10 b,1.47239,0.9997422
Kepler-10 b,1.48874,0.9994897
Kepler-10 b,1.50508,0.9997063
Kepler-10 b,1.52143,1.0001672
Kepler-10 b,1.53777,1.0003734
Kepler-10 b,1.55412,0.9999467
Kepler-10 b,1.57047,1.0001155
Kepler-10 b,1.58681,1.0000434
Kepler-10 b,1.60316,1.0003044
Kepler-10 b,1.61951,1.0000148
Kepler-10 b,1.63585,1.0001391
Kepler-10 b,1.65220,1.0001945
Kepler-10 b,1.66854,1.0002230
Kepler-10 b,1.68489,0.9999655
Kepler-10 b,1.70124,1.0002379
Kepler-10 b,1.71758,1.0003579
Kepler-10 b,1.73393,0.9997717
Kepler-10 b,1.75028,1.0001807
Kepler-10 b,1.76663,1.0000555
Kepler-10 b,1.78297,1.0002019
Kepler-10 b,1.79932,0.9999044
Kepler-10 b,1.81566,1.0004174
Kepler-10 b,1.83201,1.0000071
Kepler-10 b,1.84836,1.0001106
Kepler-10 b,1.86470,1.0000233
Kepler-10 b,1.88105,1.0000719
Kepler-10 b,1.89740,0.9999625
Kepler-10 b,1.91374,0.9999533
Kepler-10 b,1.93009,1.0004234
Kepler-10 b,1.94643,0.9997660
Kepler-10 b,1.96278,0.9997959
Kepler-10 b,1.97913,0.9997393
Kepler-10 b,1.99547,1.0000681
Kepler-10 b,2.01182,1.0000532
Kepler-10 b,2.02817,1.0002063
Kepler-10 b,2.04451,0.9995596
Kepler-10 b,2.06086,1.0003828
Kepler-10 b,2.07720,0.9999840
Kepler-10 b,2.09355,0.9998000
Kepler-10 b,2.10990,0.9995100
Kepler-10 b,2.12624,1.0000460
Kepler-10 b,2.14259,1.0002823
Kepler-10 b,2.15894,0.9997675
Kepler-10 b,2.17528,0.9999034
Kepler-10 b,2.19163,1.0001912
Kepler-10 b,2.20798,1.0000634
Kepler-10 b,2.22432,0.9999548
Kepler-10 b,2.24067,0.9996758
Kepler-10 b,2.25702,1.0003477
Kepler-10 b,2.27336,0.9998038
Kepler-10 b,2.28971,0.9994808
Kepler-10 b,2.30605,0.9998746
Kepler-10 b,2.32240,1.0000457
Kepler-10 b,2.33875,1.0001580
Kepler-10 b,2.35509,1.0000928
Kepler-10 b,2.37144,0.9998337
Kepler-10 b,2.38779,0.9995965
Kepler-10 b,2.40413,1.0001206
Kepler-10 b,2.42048,0.9995863
Kepler-10 b,2.43683,0.9999972
Kepler-10 b,2.45317,0.9997921
Kepler-10 b,2.46952,1.0001747
Kepler-10 b,2.48587,1.0004141
Kepler-10 b,2.50221,0.9996742
Kepler-10 b,2.51856,0.9997668
Kepler-10 b,2.53491,0.9996996
Kepler-10 b,2.55125,0.9999267
Kepler-10 b,2.56760,1.0001815
Kepler-10 b,2.58395,1.0000929
Kepler-10 b,2.60029,0.9997499
Kepler-10 b,2.61664,1.0001316
Kepler-10 b,2.63299,0.9998029
Kepler-10 b,2.64933,1.0000956
Kepler-10 b,2.66568,1.0003411
Kepler-10 b,2.68202,0.9999367
Kepler-10 b,2.69837,0.9999247
Kepler-10 b,2.71472,0.9999321
Kepler-10 b,2.73106,0.9998468
Kepler-10 b,2.74741,0.9998366
Kepler-10 b,2.76376,1.0000514
Kepler-10 b,2.78010,0.9996898
Kepler-10 b,2.79645,1.0000204
Kepler-10 b,2.81280,0.9999719
Kepler-10 b,2.82914,1.0001604
Kepler-10 b,2.84548,1.0000685
Kepler-10 b,2.86183,0.9998250
Kepler-10 b,2.87818,1.0000841
Kepler-10 b,2.89453,0.9997958
Kepler-10 b,2.91087,1.0000953
Kepler-10 b,2.92722,1.0002280
Kepler-10 b,2.94357,0.9995130
Kepler-10 b,2.95991,1.0000825
Kepler-10 b,2.97626,0.9998742
Kepler-10 b,2.99260,1.0003191
Kepler-10 b,3.00895,1.0000607
Kepler-10 b,3.02530,0.9999827
Kepler-10 b,3.04164,0.9997827
Kepler-10 b,3.05799,0.9999603
Kepler-10 b,3.07434,1.0001651
Kepler-10 b,3.09069,0.9996383
Kepler-10 b,3.10703,1.0003652
Kepler-10 b,3.12338,1.0000733
Kepler-10 b,3.13972,1.0002107
Kepler-10 b,3.15607,1.0000396
Kepler-10 b,3.17242,1.0001170
Kepler-10 b,3.18876,1.0004523
Kepler-10 b,3.20511,0.9997988
Kepler-10 b,3.22146,1.0003666
Kepler-10 b,3.23780,1.0002583
Kepler-10 b,3.25415,0.9998790
Kepler-10 b,3.27049,0.9997260
Kepler-10 b,3.28684,1.0001210
Kepler-10 b,3.30319,1.0001216
Kepler-10 b,3.31953,1.0004027
Kepler-10 b,3.33588,1.0006325
Kepler-10 b,3.35223,0.9999979
Kepler-10 b,3.36857,0.9998504
Kepler-10 b,3.38492,1.0002928
Kepler-10 b,3.40127,1.0000438
Kepler-10 b,3.41761,1.0004544
Kepler-10 b,3.43396,0.9998259
Kepler-10 b,3.45030,1.0000791
Kepler-10 b,3.46665,0.9999692
Kepler-10 b,3.48300,0.9996066
Kepler-10 b,3.49934,0.9999103
Kepler-10 b,3.51569,0.9998616
Kepler-10 b,3.53204,0.9999220
Kepler-10 b,3.54838,0.9997505
Kepler-10 b,3.56473,0.9996667
Kepler-10 b,3.58108,0.9999794
Kepler-10 b,3.59742,1.0000056
Kepler-10 b,3.61377,1.0003500
Kepler-10 b,3.63011,0.9999927
Kepler-10 b,3.64646,1.0000044
Kepler-10 b,3.66281,1.0000201
Kepler-10 b,3.67915,0.9998649
Kepler-10 b,3.69550,0.9999133
Kepler-10 b,3.71185,0.9996290
Kepler-10 b,3.72819,0.9999808
Kepler-10 b,3.74454,1.0001679
Kepler-10 b,3.76088,0.9997413
Kepler-10 b,3.77723,0.9999428
Kepler-10 b,3.79358,0.9998197
Kepler-10 b,3.80993,0.9998627
Kepler-10 b,3.82627,0.9998090
Kepler-10 b,3.84262,0.9998402
Kepler-10 b,3.85897,1.0001123
Kepler-10 b,3.87531,1.0000931
Kepler-10 b,3.89166,0.9998242
Kepler-10 b,3.90800,1.0000679
Kepler-10 b,3.92435,1.0000973
Kepler-10 b,3.94070,0.9996637
Kepler-10 b,3.95704,1.0000488
Kepler-10 b,3.97339,0.9999919
Kepler-10 b,3.98974,0.9998610
Kepler-10 b,4.00609,1.0002132
Kepler-10 b,4.02243,1.0000888
Kepler-10 b,4.03877,1.0002490
Kepler-10 b,4.05512,0.9998572
Kepler-10 b,4.07147,1.0004734
Kepler-10 b,4.08781,0.9998796
Kepler-10 b,4.10416,0.9997459
Kepler-10 b,4.12051,1.0002523
Kepler-10 b,4.13686,1.0000037
Kepler-10 b,4.15320,1.0003641
Kepler-10 b,4.16955,0.9997480
Kepler-10 b,4.18589,0.9998185
Kepler-10 b,4.20224,0.9999575
Kepler-10 b,4.21859,1.0004588
Kepler-10 b,4.23493,1.0001007
Kepler-10 b,4.25128,1.0004439
Kepler-10 b,4.26762,0.9996746
Kepler-10 b,4.28397,1.0001743
Kepler-10 b,4.30032,1.0001615
Kepler-10 b,4.31666,1.0000507
Kepler-10 b,4.33301,0.9999915
Kepler-10 b,4.34936,1.0003096
Kepler-10 b,4.36570,0.9998447
Kepler-10 b,4.38205,0.9999578
Kepler-10 b,4.39840,0.9994784
Kepler-10 b,4.41475,1.0001407
Kepler-10 b,4.43109,1.0001926
Kepler-10 b,4.44744,1.0000549
Kepler-10 b,4.46378,0.9998274
Kepler-10 b,4.48013,1.0002421
Kepler-10 b,4.49648,0.9999270
Kepler-10 b,4.51282,0.9998637
Kepler-10 b,4.52917,1.0000133
Kepler-10 b,4.54552,0.9998936
Kepler-10 b,4.56186,0.9999224
Kepler-10 b,4.57821,1.0001903
Kepler-10 b,4.59455,1.0002290
Kepler-10 b,4.61090,1.0001009
Kepler-10 b,4.62725,0.9999556
Kepler-10 b,4.64359,0.9997768
Kepler-10 b,4.65994,0.9999647
Kepler-10 b,4.67629,1.0001205
Kepler-10 b,4.69263,0.9998356
Kepler-10 b,4.70898,1.0002670
Kepler-10 b,4.72533,1.0001415
Kepler-10 b,4.74167,1.0000822
Kepler-10 b,4.75802,0.9998965
Kepler-10 b,4.77437,0.9998951
Kepler-10 b,4.79071,0.9998961
Kepler-10 b,-4.79832,1.0005078
Kepler-10 b,-4.78197,1.0004681
Kepler-10 b,-4.76563,1.0002669
Kepler-10 b,-4.74928,0.9997784
Kepler-10 b,-4.73293,0.9996476
Kepler-10 b,-4.71659,0.9998520
Kepler-10 b,-4.70024,1.0000369
Kepler-10 b,-4.68389,1.0002186
Kepler-10 b,-4.66755,1.0004511
Kepler-10 b,-4.65120,1.0002884
Kepler-10 b,-4.63486,1.0000809
Kepler-10 b,-4.61851,1.0000778
Kepler-10 b,-4.60216,0.9998706
Kepler-10 b,-4.58582,0.9997733
Kepler-10 b,-4.56947,1.0001192
Kepler-10 b,-4.55312,1.0001005
Kepler-10 b,-4.53678,0.9999266
Kepler-10 b,-4.52043,0.9999708
Kepler-10 b,-4.50408,0.9999221
Kepler-10 b,-4.48774,1.0001001
Kepler-10 b,-4.47139,1.0002639
Kepler-10 b,-4.45504,1.0001036
Kepler-10 b,-4.43870,0.9998518
Kepler-10 b,-4.42236,0.9998094
Kepler-10 b,-4.40601,0.9999589
Kepler-10 b,-4.38966,1.0001688
Kepler-10 b,-4.37331,1.0002987
Kepler-10 b,-4.35697,0.9999092
Kepler-10 b,-4.34062,1.0003077
Kepler-10 b,-4.32427,0.9997780
Kepler-10 b,-4.30793,0.9998475
Kepler-10 b,-4.29158,1.0001753
Kepler-10 b,-4.27523,1.0000237
Kepler-10 b,-4.25889,1.0000284
Kepler-10 b,-4.24254,1.0001909
Kepler-10 b,-4.22619,0.9997932
Kepler-10 b,-4.20985,0.9999128
Kepler-10 b,-4.19350,1.0004388
Kepler-10 b,-4.17715,0.9998451
Kepler-10 b,-4.16081,0.9999630
Kepler-10 b,-4.14446,1.0001692
Kepler-10 b,-4.12812,1.0002047
Kepler-10 b,-4.11177,0.9998163
Kepler-10 b,-4.09542,1.0004827
Kepler-10 b,-4.07908,1.0001780
Kepler-10 b,-4.06273,1.0001323
Kepler-10 b,-4.04638,0.9999489
Kepler-10 b,-4.03004,0.9997836
Kepler-10 b,-4.01369,0.9991833
Kepler-10 b,-3.99735,0.9998161
Kepler-10 b,-3.98100,0.9995535
Kepler-10 b,-3.96465,0.9997474
Kepler-10 b,-3.94831,0.9999992
Kepler-10 b,-3.93196,0.9999472
Kepler-10 b,-3.91561,0.9996935
Kepler-10 b,-3.89927,0.9994187
Kepler-10 b,-3.88292,0.9997454
Kepler-10 b,-3.86657,0.9996770
Kepler-10 b,-3.85023,0.9999845
Kepler-10 b,-3.83388,1.0001901
Kepler-10 b,-3.81753,0.9999540
Kepler-10 b,-3.80119,0.9999881
Kepler-10 b,-3.78484,1.0000528
Kepler-10 b,-3.76850,0.9997187
Kepler-10 b,-3.75215,0.9999436
Kepler-10 b,-3.73580,1.0003359
Kepler-10 b,-3.71946,1.0002058
Kepler-10 b,-3.70311,1.0001418
Kepler-10 b,-3.68676,1.0000886
Kepler-10 b,-3.67042,1.0002663
Kepler-10 b,-3.65407,1.0003775
Kepler-10 b,-3.63773,1.0001671
Kepler-10 b,-3.62138,1.0004441
Kepler-10 b,-3.60503,0.9999389
Kepler-10 b,-3.58869,0.9997587
Kepler-10 b,-3.57234,0.9996384
Kepler-10 b,-3.55599,0.9998350
Kepler-10 b,-3.53965,1.0003300
Kepler-10 b,-3.52330,1.0000492
Kepler-10 b,-3.50695,0.9994835
Kepler-10 b,-3.49061,1.0001550
Kepler-10 b,-3.47426,0.9999314
Kepler-10 b,-3.45791,0.9998138
Kepler-10 b,-3.44157,0.9997952
Kepler-10 b,-3.42522,0.9996811
Kepler-10 b,-3.40887,0.9998379
Kepler-10 b,-3.39253,1.0001579
Kepler-10 b,-3.37618,0.9997639
Kepler-10 b,-3.35984,0.9996078
Kepler-10 b,-3.34349,1.0001501
Kepler-10 b,-3.32714,1.0001806
Kepler-10 b,-3.31080,1.0000926
Kepler-10 b,-3.29445,0.9999454
Kepler-10 b,-3.27810,0.9999248
Kepler-10 b,-3.26176,0.9999517
Kepler-10 b,-3.24541,1.0002189
Kepler-10 b,-3.22907,0.9998616
Kepler-10 b,-3.21272,0.9999275
Kepler-10 b,-3.19637,1.0003600
Kepler-10 b,-3.18003,0.9997075
Kepler-10 b,-3.16368,0.9999097
Kepler-10 b,-3.14733,0.9993778
Kepler-10 b,-3.13099,0.9996907
Kepler-10 b,-3.11464,1.0006187
Kepler-10 b,-3.09829,0.9999126
Kepler-10 b,-3.08195,1.0001149
Kepler-10 b,-3.06560,1.0000853
Kepler-10 b,-3.04925,1.0003108
Kepler-10 b,-3.03291,0.9999857
Kepler-10 b,-3.01656,0.9998300
Kepler-10 b,-3.00021,1.0002944
Kepler-10 b,-2.98387,1.0001188
Kepler-10 b,-2.96752,0.9994569
Kepler-10 b,-2.95118,0.9996977
Kepler-10 b,-2.93483,0.9998843
Kepler-10 b,-2.91848,0.9998301
Kepler-10 b,-2.90213,1.0000475
Kepler-10 b,-2.88579,0.9999494
Kepler-10 b,-2.86944,1.0001682
Kepler-10 b,-2.85309,0.9997856
Kepler-10 b,-2.83675,1.0000676
Kepler-10 b,-2.82041,1.0000279
Kepler-10 b,-2.80406,1.0001490
Kepler-10 b,-2.78771,0.9998333
Kepler-10 b,-2.77136,1.0001351
Kepler-10 b,-2.75502,0.9999323
Kepler-10 b,-2.73867,0.9997594
Kepler-10 b,-2.72232,1.0000006
Kepler-10 b,-2.70598,0.9999578
Kepler-10 b,-2.68963,1.0001210
Kepler-10 b,-2.67329,1.0001347
Kepler-10 b,-2.65694,1.0000452
Kepler-10 b,-2.64059,1.0002086
Kepler-10 b,-2.62425,1.0000909
Kepler-10 b,-2.60790,1.0003135
Kepler-10 b,-2.59155,0.9999964
Kepler-10 b,-2.57521,1.0000581
Kepler-10 b,-2.55886,0.9997683
Kepler-10 b,-2.54251,0.9998618
Kepler-10 b,-2.52617,0.9999221
Kepler-10 b,-2.50982,1.0004744
Kepler-10 b,-2.49347,0.9999811
Kepler-10 b,-2.47713,0.9998026
Kepler-10 b,-2.46078,0.9998434
Kepler-10 b,-2.44444,0.9999211
Kepler-10 b,-2.42809,0.9997076
Kepler-10 b,-2.41174,1.0003271
Kepler-10 b,-2.39540,1.0000763
Kepler-10 b,-2.37905,1.0001246
Kepler-10 b,-2.36270,0.9999787
Kepler-10 b,-2.15020,1.0001084
Kepler-10 b,-2.13385,0.9998555
Kepler-10 b,-2.11751,1.0003900
Kepler-10 b,-2.10116,1.0001277
Kepler-10 b,-2.08481,1.0001355
Kepler-10 b,-2.06847,1.0001086
Kepler-10 b,-2.05212,1.0002573
Kepler-10 b,-2.03578,0.9998508
Kepler-10 b,-2.01943,0.9996867
Kepler-10 b,-2.00308,1.0002118
Kepler-10 b,-1.98674,1.0003786
Kepler-10 b,-1.97039,0.9998315
Kepler-10 b,-1.95404,0.9999034
Kepler-10 b,-1.93770,0.9997560
Kepler-10 b,-1.92135,1.0000736
Kepler-10 b,-1.90500,1.0000102
Kepler-10 b,-1.88866,0.9996452
Kepler-10 b,-1.87231,0.9998684
Kepler-10 b,-1.85597,1.0002294
Kepler-10 b,-1.83962,1.0002083
Kepler-10 b,-1.82327,0.9997551
Kepler-10 b,-1.80693,1.0000394
Kepler-10 b,-1.79058,1.0003250
Kepler-10 b,-1.77423,1.0002992
Kepler-10 b,-1.75789,1.0002853
Kepler-10 b,-1.74154,0.9997376
Kepler-10 b,-1.72519,1.0004863
Kepler-10 b,-1.70885,1.0001737
Kepler-10 b,-1.69250,0.9997906
Kepler-10 b,-1.67615,0.9998559
Kepler-10 b,-1.65981,0.9997475
Kepler-10 b,-1.64346,0.9999027
Kepler-10 b,-1.62712,0.9995341
Kepler-10 b,-1.61077,1.0000845
Kepler-10 b,-1.59442,1.0000806
Kepler-10 b,-1.57808,1.0001840
Kepler-10 b,-1.56173,0.9998296
Kepler-10 b,-1.54538,0.9995920
Kepler-10 b,-1.52904,1.0002732
Kepler-10 b,-1.51269,0.9999515
Kepler-10 b,-1.49635,0.9997448
Kepler-10 b,-1.48000,1.0001023
Kepler-10 b,-1.46365,0.9995358
Kepler-10 b,-1.44731,1.0000206
Kepler-10 b,-1.43096,0.9997929
Kepler-10 b,-1.41461,1.0001845
Kepler-10 b,-1.39826,1.0001541
Kepler-10 b,-1.38192,0.9999091
Kepler-10 b,-1.36557,0.9997848
Kepler-10 b,-1.34923,1.0004279
Kepler-10 b,-1.33288,0.9996007
Kepler-10 b,-1.31653,0.9996157
Kepler-10 b,-1.30019,1.0004430
Kepler-10 b,-1.28384,0.9999472
Kepler-10 b,-1.26749,1.0001851
Kepler-10 b,-1.25115,0.9997783
Kepler-10 b,-1.23480,0.9999021
Kepler-10 b,-1.21846,0.9999429
Kepler-10 b,-1.20211,1.0002169
Kepler-10 b,-1.18576,1.0001106
Kepler-10 b,-1.16941,0.9997445
Kepler-10 b,-1.15307,1.0002290
Kepler-10 b,-1.13672,1.0003156
Kepler-10 b,-1.12038,0.9999550
Kepler-10 b,-1.10403,1.0005425
Kepler-10 b,-1.08769,1.0002035
Kepler-10 b,-1.07134,1.0001657
Kepler-10 b,-1.05499,1.0001423
Kepler-10 b,-1.03865,0.9999145
Kepler-10 b,-1.02230,1.0002854
Kepler-10 b,-1.00595,1.0000580
Kepler-10 b,-0.98961,1.0002954
Kepler-10 b,-0.97326,1.0002982
Kepler-10 b,-0.95691,1.0000090
Kepler-10 b,-0.94057,1.0000857
Kepler-10 b,-0.92422,0.9999867
Kepler-10 b,-0.90787,0.9998023
Kepler-10 b,-0.89153,0.9997198
Kepler-10 b,-0.87518,0.9999831
Kepler-10 b,-0.85883,0.9995982
Kepler-10 b,-0.84249,0.9995589
Kepler-10 b,-0.82614,1.0002052
Kepler-10 b,-0.80979,0.9999425
Kepler-10 b,-0.79345,0.9998156
Kepler-10 b,-0.77710,1.0000069
Kepler-10 b,-0.76075,1.0001832
Kepler-10 b,-0.74441,0.9999314
Kepler-10 b,-0.72807,1.0000159
Kepler-10 b,-0.71172,1.0000072
Kepler-10 b,-0.69537,0.9996533
Kepler-10 b,-0.67902,0.9998731
Kepler-10 b,-0.66268,0.9996853
Kepler-10 b,-0.64633,0.9996089
Kepler-10 b,-0.62998,0.9999773
Kepler-10 b,-0.61364,0.9997400
Kepler-10 b,-0.59729,1.0002268
Kepler-10 b,-0.58094,1.0001523
Kepler-10 b,-0.56460,0.9997914
Kepler-10 b,-0.54825,0.9993765
Kepler-10 b,-0.53190,1.0001722
Kepler-10 b,-0.51556,0.9999685
Kepler-10 b,-0.49921,1.0000613
Kepler-10 b,-0.48286,0.9998446
Kepler-10 b,-0.46652,0.9997915
Kepler-10 b,-0.45017,0.9997689
Kepler-10 b,-0.43383,0.9998037
Kepler-10 b,-0.41748,0.9998007
Kepler-10 b,-0.40113,1.0000572
Kepler-10 b,-0.38479,0.9998051
Kepler-10 b,-0.36844,1.0000696
Kepler-10 b,-0.35209,0.9996435
Kepler-10 b,-0.33575,0.9998421
Kepler-10 b,-0.31940,0.9997562
Kepler-10 b,-0.30306,1.0002906
Kepler-10 b,-0.28671,0.9996718
Kepler-10 b,-0.27036,0.9994482
Kepler-10 b,-0.25402,0.9999535
Kepler-10 b,-0.23767,0.9998614
Kepler-10 b,-0.22132,0.9998227
Kepler-10 b,-0.20498,0.9997098
Kepler-10 b,-0.18863,0.9999220
Kepler-10 b,-0.17229,0.9999560
Kepler-10 b,-0.15594,0.9994872
Kepler-10 b,-0.13959,1.0002946
Kepler-10 b,-0.12324,0.9997204
Kepler-10 b,-0.10690,1.0001264
Kepler-10 b,-0.09055,1.0001596
Kepler-10 b,-0.07420,0.9996746
Kepler-10 b,-0.05786,0.9993570
Kepler-10 b,-0.04151,0.9999829
Kepler-10 b,-0.02517,0.9998391
Kepler-10 b,-0.00882,0.9998343
Kepler-10 b,0.00753,0.9998447
Kepler-10 b,0.02387,0.9996925
Kepler-10 b,0.04022,0.9996845
Kepler-10 b,0.05657,0.9995949
Kepler-10 b,0.07291,0.9999716
Kepler-10 b,0.08926,0.9998794
Kepler-10 b,0.10560,0.9997978
Kepler-10 b,0.12195,0.9998444
Kepler-10 b,0.13830,0.9996011
Kepler-10 b,0.15464,1.0000346
Kepler-10 b,0.17099,0.9997540
Kepler-10 b,0.18734,0.9996839
Kepler-10 b,0.20368,1.0000453
Kepler-10 b,0.22003,0.9997390
Kepler-10 b,0.23638,0.9997053
Kepler-10 b,0.25272,1.0000877
Kepler-10 b,0.26907,1.0002144
Kepler-10 b,0.28542,0.9998783
Kepler-10 b,0.30176,0.9995397
Kepler-10 b,0.31811,0.9998658
Kepler-10 b,0.33445,0.9996039
Kepler-10 b,0.35080,1.0000632
Kepler-10 b,0.36715,0.9998667
Kepler-10 b,0.38349,0.9998993
Kepler-10 b,0.39984,1.0004263
Kepler-10 b,0.41619,0.9997228
Kepler-10 b,0.43253,0.9994810
Kepler-10 b,0.44888,1.0001017
Kepler-10 b,0.46522,0.9997957
Kepler-10 b,0.48157,0.9997089
Kepler-10 b,0.49792,1.0000797
Kepler-10 b,0.51426,0.9999273
Kepler-10 b,0.53061,0.9996938
Kepler-10 b,0.54696,1.0001682
Kepler-10 b,0.56330,1.0000476
Kepler-10 b,0.57965,0.9996821
Kepler-10 b,0.59599,0.9996695
Kepler-10 b,0.61234,1.0003275
Kepler-10 b,0.62869,0.9996679
Kepler-10 b,0.64504,0.9997107
Kepler-10 b,0.66138,0.9997713
Kepler-10 b,0.67773,0.9997899
Kepler-10 b,0.69408,1.0002526
Kepler-10 b,0.71042,0.9999155
Kepler-10 b,0.72677,0.9999025
Kepler-10 b,0.74311,1.0000876
Kepler-10 b,0.75946,0.9997220
Kepler-10 b,0.77581,0.9999216
Kepler-10 b,0.79216,0.9997235
Kepler-10 b,0.80850,1.0001018
Kepler-10 b,0.82485,1.0000122
Kepler-10 b,0.84120,0.9995068
Kepler-10 b,0.85754,0.9999003
Kepler-10 b,0.87388,1.0000685
Kepler-10 b,0.89023,1.0001549
Kepler-10 b,0.90658,0.9999191
Kepler-10 b,0.92293,0.9998635
Kepler-10 b,0.93927,1.0004221
Kepler-10 b,0.95562,0.9999782
Kepler-10 b,0.97197,1.0001895
Kepler-10 b,0.98831,0.9999648
Kepler-10 b,1.00466,1.0000294
Kepler-10 b,1.02100,1.0003732
Kepler-10 b,1.03735,1.0001972
Kepler-10 b,1.05370,0.9999496
Kepler-10 b,1.07004,1.0000266
Kepler-10 b,1.08639,0.9999623
Kepler-10 b,1.10274,1.0001457
Kepler-10 b,1.11908,1.0003408
Kepler-10 b,1.13543,0.9997226
Kepler-10 b,1.15178,1.0002584
Kepler-10 b,1.16812,1.0001001
Kepler-10 b,1.18447,0.9999329
Kepler-10 b,1.20082,0.9998601
Kepler-10 b,1.21716,1.0001082
Kepler-10 b,1.23351,1.0003209
Kepler-10 b,1.24986,0.9998022
Kepler-10 b,1.26620,1.0002019
Kepler-10 b,1.28255,1.0000310
Kepler-10 b,1.29889,1.0002822
Kepler-10 b,1.31524,1.0001893
Kepler-10 b,1.33159,0.9996067
Kepler-10 b,1.34793,0.9996496
Kepler-10 b,1.36428,0.9998058
Kepler-10 b,1.38063,0.9996935
Kepler-10 b,1.39697,1.0000221
Kepler-10 b,1.41332,1.0002738
Kepler-10 b,1.42966,0.9997045
Kepler-10 b,1.44601,0.9999506
Kepler-10 b,1.46236,1.0002883
Kepler-10 b,1.47870,1.0002654
Kepler-10 b,1.49505,1.0001537
Kepler-10 b,1.51140,1.0000488
Kepler-10 b,1.52774,1.0000873
Kepler-10 b,1.54409,1.0001038
Kepler-10 b,1.56044,0.9999003
Kepler-10 b,1.57678,0.9997689
Kepler-10 b,1.59313,0.9999224
Kepler-10 b,1.60948,1.0005794
Kepler-10 b,1.62582,1.0004229
Kepler-10 b,1.64217,0.9998138
Kepler-10 b,1.65851,1.0003194
Kepler-10 b,1.67486,1.0003141
Kepler-10 b,1.69121,0.9998942
Kepler-10 b,1.70755,1.0000690
Kepler-10 b,1.72390,1.0002590
Kepler-10 b,1.74025,0.9998854
Kepler-10 b,1.75659,0.9999276
Kepler-10 b,1.77294,1.0000243
Kepler-10 b,1.78928,1.0000619
Kepler-10 b,1.80563,1.0000846
Kepler-10 b,1.82198,1.0002288
Kepler-10 b,1.83832,1.0001005
Kepler-10 b,1.85467,1.0000488
Kepler-10 b,1.87102,1.0000697
Kepler-10 b,1.88736,1.0001760
Kepler-10 b,1.90371,0.9999198
Kepler-10 b,1.92006,1.0002314
Kepler-10 b,1.93640,1.0003958
Kepler-10 b,1.95275,1.0001609
Kepler-10 b,1.96910,1.0001717
Kepler-10 b,1.98544,1.0005711
Kepler-10 b,2.00179,1.0004233
Kepler-10 b,2.01814,1.0000150
Kepler-10 b,2.03448,1.0001111
Kepler-10 b,2.05083,1.0003489
Kepler-10 b,2.06717,0.9998527
Kepler-10 b,2.08352,1.0000437
Kepler-10 b,2.09987,1.0001564
Kepler-10 b,2.11621,1.0001735
Kepler-10 b,2.13256,0.9999452
Kepler-10 b,2.14891,0.9997431
Kepler-10 b,2.16525,0.9997341
Kepler-10 b,2.18160,0.9994213
Kepler-10 b,2.19794,0.9997711
Kepler-10 b,2.21429,0.9996339
Kepler-10 b,2.23064,1.0003630
Kepler-10 b,2.24699,1.0001420
Kepler-10 b,2.26333,1.0002514
Kepler-10 b,2.27968,1.0003955
Kepler-10 b,2.29602,1.0000841
Kepler-10 b,2.31237,0.9996713
Kepler-10 b,2.32872,0.9999574
Kepler-10 b,2.34506,1.0001431
Kepler-10 b,2.36141,1.0002202
Kepler-10 b,2.37776,0.9999043
Kepler-10 b,2.39410,0.9998219
Kepler-10 b,2.41045,1.0002339
Kepler-10 b,2.42680,0.9998379
Kepler-10 b,2.44314,1.0000967
Kepler-10 b,2.45949,0.9996483
Kepler-10 b,2.47583,0.9999134
Kepler-10 b,2.49218,0.9999156
Kepler-10 b,2.50853,1.0000150
Kepler-10 b,2.52487,1.0000417
Kepler-10 b,2.54122,0.9996391
Kepler-10 b,2.55757,1.0000609
Kepler-10 b,2.57391,0.9999088
Kepler-10 b,2.59026,0.9999397
Kepler-10 b,2.60660,0.9999165
Kepler-10 b,2.62295,0.9999344
Kepler-10 b,2.63930,0.9998801
Kepler-10 b,2.65564,0.9997991
Kepler-10 b,2.67199,0.9998791
Kepler-10 b,2.68834,0.9997963
Kepler-10 b,2.70468,0.9997329
Kepler-10 b,2.72103,0.9997854
Kepler-10 b,2.73738,1.0001836
Kepler-10 b,2.75372,0.9997380
Kepler-10 b,2.77007,0.9999493
Kepler-10 b,2.78642,0.9997247
Kepler-10 b,2.80276,0.9997233
Kepler-10 b,2.81911,1.0000818
Kepler-10 b,2.83546,1.0000181
Kepler-10 b,2.85180,0.9998310
Kepler-10 b,2.86815,1.0001544
Kepler-10 b,2.88450,1.0001401
Kepler-10 b,2.90084,1.0001882
Kepler-10 b,2.91719,0.9999836
Kepler-10 b,2.93354,0.9997643
Kepler-10 b,2.94988,0.9999245
Kepler-10 b,2.96623,1.0001906
Kepler-10 b,2.98257,1.0001927
Kepler-10 b,2.99892,1.0002695
Kepler-10 b,3.01527,0.9998627
Kepler-10 b,3.03161,0.9998794
Kepler-10 b,3.04796,1.0000436
Kepler-10 b,3.06431,0.9999639
Kepler-10 b,3.08065,1.0000878
Kepler-10 b,3.09700,0.9998117
Kepler-10 b,3.11334,0.9998224
Kepler-10 b,3.12969,1.0002327
Kepler-10 b,3.14604,1.0000821
Kepler-10 b,3.16238,1.0000727
Kepler-10 b,3.17873,1.0001954
Kepler-10 b,3.19508,1.0001619
Kepler-10 b,3.21142,1.0000536
Kepler-10 b,3.22777,1.0002264
Kepler-10 b,3.24412,1.0001599
Kepler-10 b,3.26046,1.0001195
Kepler-10 b,3.27681,0.9998591
Kepler-10 b,3.29316,1.0000204
Kepler-10 b,3.30950,0.9998021
Kepler-10 b,3.32585,0.9997723
Kepler-10 b,3.34220,1.0004694
Kepler-10 b,3.35854,1.0000817
Kepler-10 b,3.37489,1.0003457
Kepler-10 b,3.39123,1.0000423
Kepler-10 b,3.40758,1.0001878
Kepler-10 b,3.42393,0.9997569
Kepler-10 b,3.44027,0.9999689
Kepler-10 b,3.45662,1.0001570
Kepler-10 b,3.47297,0.9996601
Kepler-10 b,3.48931,0.9999076
Kepler-10 b,3.50566,0.9998162
Kepler-10 b,3.52200,1.0000061
Kepler-10 b,3.53835,1.0002478
Kepler-10 b,3.55470,0.9998771
Kepler-10 b,3.57105,0.9999340
Kepler-10 b,3.58739,0.9997949
Kepler-10 b,3.60374,0.9998950
Kepler-10 b,3.62009,0.9994473
Kepler-10 b,3.63643,0.9999965
Kepler-10 b,3.65278,1.0000292
Kepler-10 b,3.66912,0.9996416
Kepler-10 b,3.68547,1.0000782
Kepler-10 b,3.70182,0.9999234
Kepler-10 b,3.71816,0.9998919
Kepler-10 b,3.73451,0.9998745
Kepler-10 b,3.75086,0.9998774
Kepler-10 b,3.76720,1.0001783
Kepler-10 b,3.78355,0.9999845
Kepler-10 b,3.79989,1.0002172
Kepler-10 b,3.81624,1.0002638
Kepler-10 b,3.83259,1.0001068
Kepler-10 b,3.84893,0.9997619
Kepler-10 b,3.86528,0.9996835
Kepler-10 b,3.88163,1.0001161
Kepler-10 b,3.89797,0.9996650
Kepler-10 b,3.91432,1.0000388
Kepler-10 b,3.93066,1.0000977
Kepler-10 b,3.94701,0.9996690
Kepler-10 b,3.96336,0.9997350
Kepler-10 b,3.97970,1.0003768
Kepler-10 b,3.99605,1.0004706
Kepler-10 b,4.01240,0.9996663
Kepler-10 b,4.02874,1.0003189
Kepler-10 b,4.04509,0.9999995
Kepler-10 b,4.06144,1.0003645
Kepler-10 b,4.07778,0.9996178
Kepler-10 b,4.09413,0.9994690
Kepler-10 b,4.11048,0.9998914
Kepler-10 b,4.12682,0.9997911
Kepler-10 b,4.14317,0.9997345
Kepler-10 b,4.15952,0.9997109
Kepler-10 b,4.17586,0.9998003
Kepler-10 b,4.19221,0.9996219
Kepler-10 b,4.20855,1.0001229
Kepler-10 b,4.22490,0.9999796
Kepler-10 b,4.24125,0.9998186
Kepler-10 b,4.25759,1.0001612
Kepler-10 b,4.27394,1.0000780
Kepler-10 b,4.29029,1.0000334
Kepler-10 b,4.30663,0.9998086
Kepler-10 b,4.32298,0.9995630
Kepler-10 b,4.33933,1.0002495
Kepler-10 b,4.35567,1.0001324
Kepler-10 b,4.37202,0.9998158
Kepler-10 b,4.38837,1.0000619
Kepler-10 b,4.40471,0.9997818
Kepler-10 b,4.42106,1.0000431
Kepler-10 b,4.43740,1.0002207
Kepler-10 b,4.45375,1.0000393
Kepler-10 b,4.47010,0.9999284
Kepler-10 b,4.48644,1.0001460
Kepler-10 b,4.50279,1.0003936
Kepler-10 b,4.51914,0.9999997
Kepler-10 b,4.53548,1.0003373
Kepler-10 b,4.55183,1.0005211
Kepler-10 b,4.56817,0.9999372
Kepler-10 b,4.58452,0.9997484
Kepler-10 b,4.60087,0.9997069
Kepler-10 b,4.61721,0.9998665
Kepler-10 b,4.63356,1.0001600
Kepler-10 b,4.64991,1.0003271
Kepler-10 b,4.66626,1.0003586
Kepler-10 b,4.68260,0.9999715
Kepler-10 b,4.69895,0.9999445
Kepler-10 b,4.71529,0.9997507
Kepler-10 b,4.73164,0.9998126
Kepler-10 b,4.74798,1.0003567
Kepler-10 b,4.76433,1.0001003
Kepler-10 b,4.78068,1.0008329
Kepler-10 b,4.79703,1.0001807
Kepler-10 b,-4.79201,0.9996553
Kepler-10 b,-4.77566,1.0000876
Kepler-10 b,-4.75932,0.9997903
Kepler-10 b,-4.74297,0.9999812
Kepler-10 b,-4.72662,0.9998486
Kepler-10 b,-4.71027,0.9998329
Kepler-10 b,-4.69393,0.9999710
Kepler-10 b,-4.67758,1.0002260
Kepler-10 b,-4.66124,0.9995585
Kepler-10 b,-4.64489,0.9998533
Kepler-10 b,-4.62854,0.9999835
Kepler-10 b,-4.61220,1.0000528
Kepler-10 b,-4.59585,0.9998031
Kepler-10 b,-4.57950,1.0001050
Kepler-10 b,-4.56316,0.9998484
Kepler-10 b,-4.54681,0.9999162
Kepler-10 b,-4.53047,0.9992962
Kepler-10 b,-4.51412,1.0002828
Kepler-10 b,-4.49777,0.9999071
Kepler-10 b,-4.48143,1.0000215
Kepler-10 b,-4.46508,1.0000611
Kepler-10 b,-4.44873,0.9996676
Kepler-10 b,-4.43239,1.0000389
Kepler-10 b,-4.41604,1.0002883
Kepler-10 b,-4.39969,0.9997151
Kepler-10 b,-4.38335,0.9998151
Kepler-10 b,-4.36700,1.0001098
Kepler-10 b,-4.35065,1.0002615
Kepler-10 b,-4.33431,1.0002732
Kepler-10 b,-4.31796,0.9999619
Kepler-10 b,-4.30161,1.0001245
Kepler-10 b,-4.28527,0.9997334
Kepler-10 b,-4.26892,0.9997770
Kepler-10 b,-4.25258,1.0000763
Kepler-10 b,-4.23623,0.9996155
Kepler-10 b,-4.21988,0.9998502
Kepler-10 b,-4.20354,0.9998110
Kepler-10 b,-4.18719,1.0001950
Kepler-10 b,-4.17084,1.0004608
Kepler-10 b,-4.15450,1.0000526
Kepler-10 b,-4.13815,0.9997399
Kepler-10 b,-4.12181,1.0000854
Kepler-10 b,-4.10546,1.0001320
Kepler-10 b,-4.08911,0.9999692
Kepler-10 b,-4.07277,1.0000376
Kepler-10 b,-4.05642,1.0001933
Kepler-10 b,-4.04007,1.0005219
Kepler-10 b,-4.02373,1.0000595
Kepler-10 b,-4.00738,1.0002175
Kepler-10 b,-3.99103,1.0001524
Kepler-10 b,-3.97469,0.9998044
Kepler-10 b,-3.95834,0.9996516
Kepler-10 b,-3.94199,1.0002749
Kepler-10 b,-3.92565,1.0000137
Kepler-10 b,-3.90930,1.0004234
Kepler-10 b,-3.89296,0.9999653
Kepler-10 b,-3.87661,1.0001157
Kepler-10 b,-3.86026,1.0001502
Kepler-10 b,-3.84391,1.0000618
Kepler-10 b,-3.82757,1.0000600
Kepler-10 b,-3.81122,1.0003829
Kepler-10 b,-3.79487,0.9998740
Kepler-10 b,-3.77853,1.0000677
Kepler-10 b,-3.76219,1.0000203
Kepler-10 b,-3.74584,0.9998206
Kepler-10 b,-3.72949,0.9996572
Kepler-10 b,-3.71315,1.0001897
Kepler-10 b,-3.69680,1.0001951
Kepler-10 b,-3.68045,0.9997128
Kepler-10 b,-3.66410,0.9998732
Kepler-10 b,-3.64776,0.9999182
Kepler-10 b,-3.63141,1.0003773
Kepler-10 b,-3.61507,0.9999759
Kepler-10 b,-3.59872,1.0000984
Kepler-10 b,-3.58237,1.0003585
Kepler-10 b,-3.56603,1.0001724
Kepler-10 b,-3.54968,0.9999987
Kepler-10 b,-3.53333,0.9999785
Kepler-10 b,-3.51699,0.9996472
Kepler-10 b,-3.50064,0.9998409
Kepler-10 b,-3.48429,1.0003502
Kepler-10 b,-3.46795,0.9999771
Kepler-10 b,-3.45160,0.9998021
Kepler-10 b,-3.43525,0.9999276
Kepler-10 b,-3.41891,0.9999069
Kepler-10 b,-3.40256,0.9997500
Kepler-10 b,-3.38621,0.9999984
Kepler-10 b,-3.36987,1.0001421
Kepler-10 b,-3.35352,0.9999339
Kepler-10 b,-3.33718,0.9996219
Kepler-10 b,-3.32083,0.9999308
Kepler-10 b,-3.30448,0.9997890
Kepler-10 b,-3.28814,1.0001044
Kepler-10 b,-3.27179,0.9998041
Kepler-10 b,-3.25544,1.0000971
Kepler-10 b,-3.23910,1.0001912
Kepler-10 b,-3.22275,1.0001291
Kepler-10 b,-3.20641,0.9999470
Kepler-10 b,-3.19006,0.9998072
Kepler-10 b,-3.17371,1.0002985
Kepler-10 b,-3.15737,1.0002999
Kepler-10 b,-3.14102,0.9999348
Kepler-10 b,-3.12467,1.0000074
Kepler-10 b,-3.10833,1.0001652
Kepler-10 b,-3.09198,0.9997479
Kepler-10 b,-3.07563,1.0002274
Kepler-10 b,-3.05929,1.0002012
Kepler-10 b,-3.04294,1.0003066
Kepler-10 b,-3.02659,0.9999747
Kepler-10 b,-3.01025,0.9998730
Kepler-10 b,-2.99390,1.0000055
Kepler-10 b,-2.97756,0.9999860
Kepler-10 b,-2.96121,1.0000913
Kepler-10 b,-2.94486,0.9999571
Kepler-10 b,-2.92852,1.0000539
Kepler-10 b,-2.91217,0.9998279
Kepler-10 b,-2.89582,0.9999293
Kepler-10 b,-2.87948,1.0000418
Kepler-10 b,-2.86313,0.9998965
Kepler-10 b,-2.84678,0.9998753
Kepler-10 b,-2.83044,1.0001553
Kepler-10 b,-2.81409,1.0001044
Kepler-10 b,-2.79775,0.9999061
Kepler-10 b,-2.78140,1.0001370
Kepler-10 b,-2.76505,1.0001926
Kepler-10 b,-2.74871,0.9998573
Kepler-10 b,-2.73236,1.0001902
Kepler-10 b,-2.71601,1.0001149
Kepler-10 b,-2.69967,1.0003776
Kepler-10 b,-2.68332,1.0000953
Kepler-10 b,-2.66697,1.0001571
Kepler-10 b,-2.65063,0.9995783
Kepler-10 b,-2.63428,1.0002150
Kepler-10 b,-2.61793,1.0002269
Kepler-10 b,-2.60159,1.0003692
Kepler-10 b,-2.58524,1.0003840
Kepler-10 b,-2.56890,1.0001687
Kepler-10 b,-2.55255,0.9998989
Kepler-10 b,-2.53620,1.0000139
Kepler-10 b,-2.51986,0.9996359
Kepler-10 b,-2.50351,1.0001652
Kepler-10 b,-2.48716,1.0001218
Kepler-10 b,-2.47082,0.9999917
Kepler-10 b,-2.45447,1.0000735
Kepler-10 b,-2.43813,0.9999088
Kepler-10 b,-2.42178,0.9996033
Kepler-10 b,-2.40543,0.9999253
Kepler-10 b,-2.38908,1.0002584
Kepler-10 b,-2.37274,1.0002259
Kepler-10 b,-2.35639,0.9999806
Kepler-10 b,-2.34004,1.0002777
Kepler-10 b,-2.32370,0.9999902
Kepler-10 b,-2.30735,1.0000999
Kepler-10 b,-2.29101,1.0000472
Kepler-10 b,-2.27466,0.9999870
Kepler-10 b,-2.25831,0.9996132
Kepler-10 b,-2.24197,1.0002108
Kepler-10 b,-2.22562,0.9997263
Kepler-10 b,-2.20927,0.9997973
Kepler-10 b,-2.19293,1.0001904
Kepler-10 b,-2.17658,0.9999713
Kepler-10 b,-2.16024,0.9998658
Kepler-10 b,-2.14389,0.9999680
Kepler-10 b,-2.12754,1.0002590
Kepler-10 b,-2.11120,0.9998634
Kepler-10 b,-2.09485,0.9996553
Kepler-10 b,-2.07850,0.9998352
Kepler-10 b,-2.06216,1.0002166
Kepler-10 b,-2.04581,1.0000663
Kepler-10 b,-2.02947,0.9997750
Kepler-10 b,-2.01312,0.9998525
Kepler-10 b,-1.99677,1.0002147
Kepler-10 b,-1.98043,0.9999305
Kepler-10 b,-1.96408,0.9995375
Kepler-10 b,-1.94773,1.0000414
Kepler-10 b,-1.93139,1.0000005
Kepler-10 b,-1.91504,0.9998873
Kepler-10 b,-1.89869,0.9999643
Kepler-10 b,-1.88235,0.9997826
Kepler-10 b,-1.86600,0.9996188
Kepler-10 b,-1.84965,1.0000592
Kepler-10 b,-1.83331,0.9999806
Kepler-10 b,-1.81696,0.9996877
Kepler-10 b,-1.80061,0.9998084
Kepler-10 b,-1.78427,1.0000338
Kepler-10 b,-1.76792,0.9999537
Kepler-10 b,-1.75158,1.0003356
Kepler-10 b,-1.73523,0.9999401
Kepler-10 b,-1.71888,0.9998955
Kepler-10 b,-1.70254,0.9998730
Kepler-10 b,-1.68619,1.0001747
Kepler-10 b,-1.66984,0.9997421
Kepler-10 b,-1.65350,1.0003312
Kepler-10 b,-1.63715,1.0000261
Kepler-10 b,-1.62080,1.0003133
Kepler-10 b,-1.60446,0.9995053
Kepler-10 b,-1.58811,1.0002198
Kepler-10 b,-1.57176,0.9995751
Kepler-10 b,-1.55542,1.0002101
Kepler-10 b,-1.53907,1.0001393
Kepler-10 b,-1.52273,0.9999962
Kepler-10 b,-1.50638,0.9999574
Kepler-10 b,-1.49003,0.9997172
Kepler-10 b,-1.47369,1.0002890
Kepler-10 b,-1.45734,0.9999042
Kepler-10 b,-1.44099,1.0001110
Kepler-10 b,-1.42465,1.0000044
Kepler-10 b,-1.40830,0.9999093
Kepler-10 b,-1.39195,1.0003697
Kepler-10 b,-1.37561,0.9998662
Kepler-10 b,-1.35926,0.9998731
Kepler-10 b,-1.34291,0.9998423
Kepler-10 b,-1.32657,0.9995375
Kepler-10 b,-1.31022,0.9994204
Kepler-10 b,-1.29387,1.0001209
Kepler-10 b,-1.27753,1.0002209
Kepler-10 b,-1.26118,0.9997736
Kepler-10 b,-1.24484,1.0001181
Kepler-10 b,-1.22849,0.9994256
Kepler-10 b,-1.21215,0.9999608
Kepler-10 b,-1.19580,0.9997307
Kepler-10 b,-1.17945,0.9997414
Kepler-10 b,-1.16310,0.9999913
Kepler-10 b,-1.14676,1.0000059
Kepler-10 b,-1.13041,0.9996612
Kepler-10 b,-1.11407,0.9998084
Kepler-10 b,-1.09772,1.0000384
Kepler-10 b,-1.08137,0.9998671
Kepler-10 b,-1.06502,0.9996217
Kepler-10 b,-1.04868,1.0001619
Kepler-10 b,-1.03233,0.9999189
Kepler-10 b,-1.01598,0.9999179
Kepler-10 b,-0.99964,0.9995621
Kepler-10 b,-0.98329,1.0003976
Kepler-10 b,-0.96695,0.9999246
Kepler-10 b,-0.95060,1.0000911
Kepler-10 b,-0.93425,0.9999266
Kepler-10 b,-0.91791,0.9996420
Kepler-10 b,-0.90156,0.9999302
Kepler-10 b,-0.88521,1.0000588
Kepler-10 b,-0.86887,0.9996916
Kepler-10 b,-0.85252,0.9999393
Kepler-10 b,-0.83618,0.9997390
Kepler-10 b,-0.81983,0.9996731
Kepler-10 b,-0.80348,0.9999897
Kepler-10 b,-0.78714,0.9997617
Kepler-10 b,-0.77079,0.9999440
Kepler-10 b,-0.75444,0.9993768
Kepler-10 b,-0.73810,0.9998684
Kepler-10 b,-0.72175,0.9999174
Kepler-10 b,-0.70540,0.9996389
Kepler-10 b,-0.68906,0.9998454
Kepler-10 b,-0.67271,0.9996781
Kepler-10 b,-0.65637,0.9993948
Kepler-10 b,-0.64002,0.9999510
Kepler-10 b,-0.62367,1.0000765
Kepler-10 b,-0.60733,0.9998172
Kepler-10 b,-0.59098,0.9996733
Kepler-10 b,-0.57463,0.9994543
Kepler-10 b,-0.55829,0.9999100
Kepler-10 b,-0.54194,0.9999184
Kepler-10 b,-0.52559,1.0001296
Kepler-10 b,-0.50925,1.0001486
Kepler-10 b,-0.49290,0.9999366
Kepler-10 b,-0.47655,0.9995246
Kepler-10 b,-0.46021,0.9997821
Kepler-10 b,-0.44386,0.9994838
Kepler-10 b,-0.42752,0.9996943
Kepler-10 b,-0.41117,0.9997298
Kepler-10 b,-0.39482,0.9994050
Kepler-10 b,-0.37848,0.9996140
Kepler-10 b,-0.36213,0.9996983
Kepler-10 b,-0.34578,1.0000972
Kepler-10 b,-0.32944,0.9998423
Kepler-10 b,-0.31309,0.9995741
Kepler-10 b,-0.29674,0.9993996
Kepler-10 b,-0.28040,1.0001651
Kepler-10 b,-0.26405,0.9995572
Kepler-10 b,-0.24770,1.0001734
Kepler-10 b,-0.23136,0.9996757
Kepler-10 b,-0.21501,1.0000149
Kepler-10 b,-0.19867,0.9999145
Kepler-10 b,-0.18232,0.9996405
Kepler-10 b,-0.16597,0.9997616
Kepler-10 b,-0.14963,0.9999057
Kepler-10 b,-0.13328,1.0001249
Kepler-10 b,-0.11693,0.9996835
Kepler-10 b,-0.10059,0.9996211
Kepler-10 b,-0.08424,0.9998474
Kepler-10 b,-0.06790,0.9998538
Kepler-10 b,-0.05155,0.9996199
Kepler-10 b,-0.03520,0.9998051
Kepler-10 b,-0.01886,0.9997224
Kepler-10 b,-0.00251,0.9996729
Kepler-10 b,0.01384,0.9996754
Kepler-10 b,0.03018,0.9992023
Kepler-10 b,0.04653,0.9993848
Kepler-10 b,0.06288,1.0000300
Kepler-10 b,0.07922,0.9997671
Kepler-10 b,0.09557,1.0001529
Kepler-10 b,0.11192,0.9999279
Kepler-10 b,0.12826,1.0001321
Kepler-10 b,0.14461,0.9997308
Kepler-10 b,0.16096,1.0000423
Kepler-10 b,0.17730,0.9997703
Kepler-10 b,0.19365,1.0002676
Kepler-10 b,0.20999,0.9999475
Kepler-10 b,0.22634,1.0000326
Kepler-10 b,0.24269,1.0002950
Kepler-10 b,0.25903,0.9999687
Kepler-10 b,0.27538,0.9995475
Kepler-10 b,0.29173,0.9995890
Kepler-10 b,0.30807,0.9995668
Kepler-10 b,0.32442,0.9996098
Kepler-10 b,0.34076,0.9999206
Kepler-10 b,0.35711,1.0001293
Kepler-10 b,0.37346,0.9998189
Kepler-10 b,0.38980,0.9997191
Kepler-10 b,0.40615,0.9994496
Kepler-10 b,0.42250,0.9999271
Kepler-10 b,0.43884,1.0001397
Kepler-10 b,0.45519,1.0001530
Kepler-10 b,0.47154,0.9998238
Kepler-10 b,0.48788,0.9994715
Kepler-10 b,0.50423,0.9998753
Kepler-10 b,0.52058,0.9999328
Kepler-10 b,0.53692,0.9999380
Kepler-10 b,0.55327,0.9995513
Kepler-10 b,0.56962,0.9993475
Kepler-10 b,0.58596,0.9995271
Kepler-10 b,0.60231,0.9992590
Kepler-10 b,0.61865,0.9998711
Kepler-10 b,0.63500,0.9995085
Kepler-10 b,0.65135,1.0001022
Kepler-10 b,0.66769,0.9996905
Kepler-10 b,0.68404,0.9996466
Kepler-10 b,0.70039,0.9996962
Kepler-10 b,0.71674,0.9996991
Kepler-10 b,0.73308,0.9997433
Kepler-10 b,0.74942,0.9993638
Kepler-10 b,0.76577,0.9999876
Kepler-10 b,0.78212,0.9998444
Kepler-10 b,0.79846,0.9997493
Kepler-10 b,0.81481,0.9999243
Kepler-10 b,0.83116,1.0000675
Kepler-10 b,0.84751,0.9999621
Kepler-10 b,0.86385,1.0003237
Kepler-10 b,0.88020,1.0000805
Kepler-10 b,0.89654,1.0005982
Kepler-10 b,0.91289,1.0000345
Kepler-10 b,0.92924,1.0002203
Kepler-10 b,0.94558,0.9998509
Kepler-10 b,0.96193,1.0002738
Kepler-10 b,0.97828,0.9998875
Kepler-10 b,0.99462,0.9997853
Kepler-10 b,1.01097,1.0001888
Kepler-10 b,1.02732,1.0004502
Kepler-10 b,1.04366,1.0000536
Kepler-10 b,1.06001,1.0001612
Kepler-10 b,1.07636,0.9995261
Kepler-10 b,1.09270,0.9999840
Kepler-10 b,1.10905,0.9998399
Kepler-10 b,1.12539,1.0000956
Kepler-10 b,1.14174,1.0002539
Kepler-10 b,1.15808,1.0001569
Kepler-10 b,1.17443,0.9993372
Kepler-10 b,1.19078,0.9999853
Kepler-10 b,1.20713,1.0000252
Kepler-10 b,1.22347,0.9999681
Kepler-10 b,1.23982,0.9997834
Kepler-10 b,1.25616,1.0000598
Kepler-10 b,1.27251,0.9999945
Kepler-10 b,1.28886,1.0001606
Kepler-10 b,1.30520,0.9997665
Kepler-10 b,1.32155,0.9995889
Kepler-10 b,1.33790,0.9997758
Kepler-10 b,1.35424,0.9998876
Kepler-10 b,1.37059,1.0000072
Kepler-10 b,1.38694,1.0002387
Kepler-10 b,1.40328,1.0002574
Kepler-10 b,1.41963,0.9996884
Kepler-10 b,1.43598,1.0002365
Kepler-10 b,1.45232,1.0003078
Kepler-10 b,1.46867,1.0001177
Kepler-10 b,1.48502,0.9998223
Kepler-10 b,1.50136,0.9995986
Kepler-10 b,1.51771,0.9998224
Kepler-10 b,1.53405,0.9998496
Kepler-10 b,1.55040,1.0003216
Kepler-10 b,1.56675,1.0002661
Kepler-10 b,1.58309,0.9996575
Kepler-10 b,1.59944,0.9998986
Kepler-10 b,1.61579,0.9997721
Kepler-10 b,1.63213,0.9997337
Kepler-10 b,1.64848,1.0000910
Kepler-10 b,1.66482,1.0000998
Kepler-10 b,1.68117,1.0005751
Kepler-10 b,1.69752,0.9996227
Kepler-10 b,1.71386,0.9997517
Kepler-10 b,1.73021,1.0001736
Kepler-10 b,1.74656,1.0000769
Kepler-10 b,1.76290,0.9999419
Kepler-10 b,1.77925,1.0003800
Kepler-10 b,1.79560,0.9999350
Kepler-10 b,1.81194,0.9999400
Kepler-10 b,1.82829,0.9999532
Kepler-10 b,1.84464,0.9995127
Kepler-10 b,1.86098,1.0001084
Kepler-10 b,1.87733,1.0004050
Kepler-10 b,1.89368,0.9995505
Kepler-10 b,1.91002,1.0000143
Kepler-10 b,1.92637,1.0001002
Kepler-10 b,1.94271,0.9995658
Kepler-10 b,1.95906,0.9999804
Kepler-10 b,1.97541,1.0002337
Kepler-10 b,1.99175,0.9997164
Kepler-10 b,2.00810,0.9999124
Kepler-10 b,2.02445,1.0001260
Kepler-10 b,2.04079,1.0002454
Kepler-10 b,2.05714,1.0000156
Kepler-10 b,2.07348,1.0001293
Kepler-10 b,2.08983,1.0000670
Kepler-10 b,2.10618,1.0005469
Kepler-10 b,2.12252,1.0000011
Kepler-10 b,2.13887,1.0001762
Kepler-10 b,2.15522,1.0000243
Kepler-10 b,2.17156,0.9998963
Kepler-10 b,2.18791,1.0002019
Kepler-10 b,2.20426,1.0004012
Kepler-10 b,2.22060,0.9999220
Kepler-10 b,2.23695,1.0002344
Kepler-10 b,2.25330,0.9997777
Kepler-10 b,2.26964,1.0000103
Kepler-10 b,2.28599,1.0000494
Kepler-10 b,2.30234,1.0001023
Kepler-10 b,2.31868,1.0000685
Kepler-10 b,2.33503,0.9998321
Kepler-10 b,2.35137,1.0003050
Kepler-10 b,2.36772,1.0000958
Kepler-10 b,2.38407,1.0003625
Kepler-10 b,2.40041,1.0000056
Kepler-10 b,2.41676,0.9998725
Kepler-10 b,2.43311,0.9999970
Kepler-10 b,2.44945,1.0002711
Kepler-10 b,2.46580,0.9998871
Kepler-10 b,2.48214,0.9999343
Kepler-10 b,2.49849,1.0002428
Kepler-10 b,2.51484,0.9999121
Kepler-10 b,2.53119,1.0001317
Kepler-10 b,2.54753,1.0001207
Kepler-10 b,2.56388,0.9999083
Kepler-10 b,2.58022,1.0000534
Kepler-10 b,2.59657,0.9998387
Kepler-10 b,2.61292,1.0004260
Kepler-10 b,2.62926,1.0000407
Kepler-10 b,2.64561,1.0001809
Kepler-10 b,2.66196,0.9997091
Kepler-10 b,2.67830,1.0001470
Kepler-10 b,2.69465,0.9998519
Kepler-10 b,2.71099,1.0002357
Kepler-10 b,2.72734,0.9998131
Kepler-10 b,2.74369,0.9998415
Kepler-10 b,2.76003,0.9997294
Kepler-10 b,2.77638,0.9997795
Kepler-10 b,2.79273,1.0000243
Kepler-10 b,2.80907,1.0003706
Kepler-10 b,2.82542,1.0003139
Kepler-10 b,2.84177,1.0000984
Kepler-10 b,2.85811,1.0001329
Kepler-10 b,2.87446,1.0002842
Kepler-10 b,2.89081,1.0002719
Kepler-10 b,2.90715,0.9999574
Kepler-10 b,2.92350,0.9997992
Kepler-10 b,2.93984,1.0003799
Kepler-10 b,2.95619,0.9999418
Kepler-10 b,2.97254,1.0002530
Kepler-10 b,2.98888,0.9998234
Kepler-10 b,3.00523,1.0000673
Kepler-10 b,3.02158,1.0003157
Kepler-10 b,3.03792,0.9998288
Kepler-10 b,3.05427,1.0002413
Kepler-10 b,3.07062,0.9997415
Kepler-10 b,3.08696,0.9995468
Kepler-10 b,3.10331,0.9996620
Kepler-10 b,3.11965,0.9998038
Kepler-10 b,3.13600,1.0001958
Kepler-10 b,3.15235,1.0001758
Kepler-10 b,3.16869,1.0003008
Kepler-10 b,3.18504,0.9999178
Kepler-10 b,3.20139,0.9996169
Kepler-10 b,3.21774,0.9994795
Kepler-10 b,3.23408,1.0000310
Kepler-10 b,3.25043,1.0000381
Kepler-10 b,3.26677,1.0002580
Kepler-10 b,3.28312,0.9998588
Kepler-10 b,3.29947,0.9996460
Kepler-10 b,3.31581,0.9996170
Kepler-10 b,3.33216,0.9998833
Kepler-10 b,3.34851,1.0002499
Kepler-10 b,3.36485,1.0002640
Kepler-10 b,3.38120,1.0000224
Kepler-10 b,3.39755,1.0001993
Kepler-10 b,3.41389,1.0001274
Kepler-10 b,3.43024,0.9998868
Kepler-10 b,3.44659,0.9998677
Kepler-10 b,3.46293,1.0002594
Kepler-10 b,3.47928,0.9999740
Kepler-10 b,3.49562,0.9999172
Kepler-10 b,3.51197,0.9997785
Kepler-10 b,3.52831,0.9999537
Kepler-10 b,3.54466,1.0001757
Kepler-10 b,3.56101,1.0004333
Kepler-10 b,3.57736,0.9999228
Kepler-10 b,3.59370,0.9995668
Kepler-10 b,3.61005,1.0000084
Kepler-10 b,3.62640,1.0001148
Kepler-10 b,3.64274,1.0001577
Kepler-10 b,3.65908,0.9998371
Kepler-10 b,3.67543,1.0002913
Kepler-10 b,3.69178,1.0000482
Kepler-10 b,3.70813,0.9998400
Kepler-10 b,3.72447,1.0001150
Kepler-10 b,3.74082,1.0000033
Kepler-10 b,3.75717,0.9999461
Kepler-10 b,3.77351,0.9999467
Kepler-10 b,3.78986,1.0000588
Kepler-10 b,3.80620,0.9999926
Kepler-10 b,3.82255,0.9999841
Kepler-10 b,3.83890,0.9999133
Kepler-10 b,3.85525,0.9999750
Kepler-10 b,3.87159,1.0006183
Kepler-10 b,3.88794,1.0002210
Kepler-10 b,3.90428,0.9999339
Kepler-10 b,3.92063,0.9998459
Kepler-10 b,3.93698,1.0002279
Kepler-10 b,3.95332,1.0000987
Kepler-10 b,3.96967,0.9999715
Kepler-10 b,3.98602,1.0000800
Kepler-10 b,4.00236,0.9996871
Kepler-10 b,4.01871,1.0002522
Kepler-10 b,4.03505,1.0000700
Kepler-10 b,4.05140,0.9995411
Kepler-10 b,4.06775,0.9994926
Kepler-10 b,4.08409,0.9998567
Kepler-10 b,4.10044,0.9998368
Kepler-10 b,4.11679,1.0002009
Kepler-10 b,4.13313,1.0004447
Kepler-10 b,4.14948,0.9996701
Kepler-10 b,4.16583,0.9997788
Kepler-10 b,4.18217,0.9998436
Kepler-10 b,4.19852,1.0000058
Kepler-10 b,4.21487,0.9997831
Kepler-10 b,4.23121,0.9998848
Kepler-10 b,4.24756,0.9998965
Kepler-10 b,4.26391,0.9996437
Kepler-10 b,4.28025,0.9999749
Kepler-10 b,4.29660,1.0000157
Kepler-10 b,4.31294,1.0001116
Kepler-10 b,4.32929,0.9996744
Kepler-10 b,4.34564,0.9997382
Kepler-10 b,4.36198,0.9997280
Kepler-10 b,4.37833,1.0002329
Kepler-10 b,4.39468,1.0001211
Kepler-10 b,4.41102,0.9997489
Kepler-10 b,4.42737,0.9997566
Kepler-10 b,4.44371,1.0002892
Kepler-10 b,4.46006,1.0001841
Kepler-10 b,4.47641,0.9996778
Kepler-10 b,4.49275,0.9998657
Kepler-10 b,4.50910,1.0001930
Kepler-10 b,4.52545,0.9998955
Kepler-10 b,4.54179,0.9994902
Kepler-10 b,4.55814,1.0003096
Kepler-10 b,4.57449,0.9999240
Kepler-10 b,4.59083,1.0000587
Kepler-10 b,4.60718,1.0000403
Kepler-10 b,4.62353,0.9998578
Kepler-10 b,4.63987,1.0000946
Kepler-10 b,4.65622,1.0003289
Kepler-10 b,4.67257,0.9999794
Kepler-10 b,4.68891,0.9997590
Kepler-10 b,4.70526,0.9998979
Kepler-10 b,4.72160,1.0001783
Kepler-10 b,4.73795,1.0001113
Kepler-10 b,4.75430,1.0000362
Kepler-10 b,4.77064,0.9998163
Kepler-10 b,4.78699,1.0003764
Kepler-10 b,-4.78570,0.9998203
Kepler-10 b,-4.76935,0.9999652
Kepler-10 b,-4.75301,0.9996511
Kepler-10 b,-4.73666,0.9998100
Kepler-10 b,-4.72031,0.9995641
Kepler-10 b,-4.70397,0.9998952
Kepler-10 b,-4.68762,1.0002716
Kepler-10 b,-4.67127,1.0001542
Kepler-10 b,-4.65493,1.0002154
Kepler-10 b,-4.63858,0.9998179
Kepler-10 b,-4.62223,1.0000974
Kepler-10 b,-4.60589,0.9996157
Kepler-10 b,-4.58954,1.0000818
Kepler-10 b,-4.57319,1.0002097
Kepler-10 b,-4.55685,0.9998698
Kepler-10 b,-4.54051,1.0000714
Kepler-10 b,-4.52416,1.0001572
Kepler-10 b,-4.50781,1.0001529
Kepler-10 b,-4.49146,1.0004138
Kepler-10 b,-4.47512,1.0002554
Kepler-10 b,-4.45877,1.0001745
Kepler-10 b,-4.44242,0.9997583
Kepler-10 b,-4.42608,1.0001012
Kepler-10 b,-4.40973,1.0001631
Kepler-10 b,-4.39339,1.0002783
Kepler-10 b,-4.37704,0.9996645
Kepler-10 b,-4.36069,1.0003066
Kepler-10 b,-4.34435,1.0001143
Kepler-10 b,-4.32800,1.0000117
Kepler-10 b,-4.31165,1.0000253
Kepler-10 b,-4.29531,0.9999431
Kepler-10 b,-4.27896,0.9999997
Kepler-10 b,-4.26261,1.0001817
Kepler-10 b,-4.24627,0.9998591
Kepler-10 b,-4.22992,1.0002715
Kepler-10 b,-4.21357,0.9996721
Kepler-10 b,-4.19723,0.9998536
Kepler-10 b,-4.18088,0.9998868
Kepler-10 b,-4.16454,1.0000337
Kepler-10 b,-4.14819,0.9999059
Kepler-10 b,-4.13184,1.0001234
Kepler-10 b,-4.11550,0.9997782
Kepler-10 b,-4.09915,0.9996985
Kepler-10 b,-4.08280,0.9998835
Kepler-10 b,-4.06646,0.9999424
Kepler-10 b,-4.05011,0.9999891
Kepler-10 b,-4.03377,1.0000879
Kepler-10 b,-4.01742,1.0003803
Kepler-10 b,-4.00107,0.9997726
Kepler-10 b,-3.98472,0.9997706
Kepler-10 b,-3.96838,0.9999147
Kepler-10 b,-3.95203,1.0000273
Kepler-10 b,-3.93569,0.9997109
Kepler-10 b,-3.91934,1.0001397
Kepler-10 b,-3.90299,0.9999401
Kepler-10 b,-3.88665,1.0002323
Kepler-10 b,-3.87030,0.9998154
Kepler-10 b,-3.85395,1.0002264
Kepler-10 b,-3.83761,1.0001484
Kepler-10 b,-3.82126,0.9999951
Kepler-10 b,-3.80491,1.0000133
Kepler-10 b,-3.78857,1.0002626
Kepler-10 b,-3.77222,1.0001495
Kepler-10 b,-3.75588,0.9998505
Kepler-10 b,-3.73953,1.0005946
Kepler-10 b,-3.72318,0.9999990
Kepler-10 b,-3.70684,1.0003836
Kepler-10 b,-3.69049,0.9994245
Kepler-10 b,-3.67414,0.9998369
Kepler-10 b,-3.65780,1.0000125
Kepler-10 b,-3.64145,0.9997168
Kepler-10 b,-3.62511,0.9999812
Kepler-10 b,-3.60876,0.9995345
Kepler-10 b,-3.59241,1.0006001
Kepler-10 b,-3.57607,0.9998911
Kepler-10 b,-3.55972,1.0003809
Kepler-10 b,-3.54337,0.9997675
Kepler-10 b,-3.52702,0.9999894
Kepler-10 b,-3.51068,0.9994830
Kepler-10 b,-3.49433,1.0004489
Kepler-10 b,-3.47799,1.0002679
Kepler-10 b,-3.46164,0.9999157
Kepler-10 b,-3.44529,1.0000374
Kepler-10 b,-3.42895,0.9998388
Kepler-10 b,-3.41260,0.9997855
Kepler-10 b,-3.39625,1.0000751
Kepler-10 b,-3.37991,1.0002229
Kepler-10 b,-3.36356,1.0002546
Kepler-10 b,-3.34722,0.9998407
Kepler-10 b,-3.33087,1.0004406
Kepler-10 b,-3.31452,0.9998978
Kepler-10 b,-3.29818,0.9999600
Kepler-10 b,-3.28183,0.9998924
Kepler-10 b,-3.26548,1.0000233
Kepler-10 b,-3.24914,1.0002485
Kepler-10 b,-3.23279,1.0003184
Kepler-10 b,-3.21644,0.9999027
Kepler-10 b,-3.20010,0.9998693
Kepler-10 b,-3.18375,0.9999241
Kepler-10 b,-3.16740,1.0002613
Kepler-10 b,-3.15106,0.9998799
Kepler-10 b,-3.13471,0.9998569
Kepler-10 b,-3.11837,0.9997825
Kepler-10 b,-3.10202,1.0007661
Kepler-10 b,-3.08567,0.9997551
Kepler-10 b,-3.06933,1.0001247
Kepler-10 b,-3.05298,1.0002347
Kepler-10 b,-3.03663,1.0002214
Kepler-10 b,-3.02029,1.0002112
Kepler-10 b,-3.00394,1.0001421
Kepler-10 b,-2.98759,0.9996978
Kepler-10 b,-2.97125,0.9997064
Kepler-10 b,-2.95490,0.9998133
Kepler-10 b,-2.93856,1.0001751
Kepler-10 b,-2.92221,1.0001546
Kepler-10 b,-2.90586,0.9998550
Kepler-10 b,-2.88952,1.0003080
Kepler-10 b,-2.87317,1.0001294
Kepler-10 b,-2.85682,0.9997027
Kepler-10 b,-2.84048,1.0005226
Kepler-10 b,-2.82413,0.9998862
Kepler-10 b,-2.80778,0.9999437
Kepler-10 b,-2.79144,1.0000829
Kepler-10 b,-2.77509,0.9997337
Kepler-10 b,-2.75874,1.0002056
Kepler-10 b,-2.74240,0.9996176
Kepler-10 b,-2.72605,1.0003629
Kepler-10 b,-2.70971,0.9995601
Kepler-10 b,-2.69336,0.9999072
Kepler-10 b,-2.67701,1.0002952
Kepler-10 b,-2.66067,0.9995534
Kepler-10 b,-2.64432,0.9998446
Kepler-10 b,-2.62797,1.0004735
Kepler-10 b,-2.61163,0.9995955
Kepler-10 b,-2.59528,0.9996968
Kepler-10 b,-2.57894,0.9998203
Kepler-10 b,-2.56259,0.9997926
Kepler-10 b,-2.54624,1.0001493
Kepler-10 b,-2.52990,1.0000060
Kepler-10 b,-2.51355,0.9999553
Kepler-10 b,-2.49720,1.0001451
Kepler-10 b,-2.48086,0.9999509
Kepler-10 b,-2.46451,0.9997146
Kepler-10 b,-2.44816,1.0001664
Kepler-10 b,-2.43182,0.9998023
Kepler-10 b,-2.41547,0.9998209
Kepler-10 b,-2.39912,0.9998843
Kepler-10 b,-2.38278,1.0001724
Kepler-10 b,-2.36643,0.9999782
Kepler-10 b,-2.35008,1.0003296
Kepler-10 b,-2.33374,0.9997956
Kepler-10 b,-2.31739,0.9996287
Kepler-10 b,-2.30105,1.0003197
Kepler-10 b,-2.28470,1.0003195
Kepler-10 b,-2.26835,1.0002199
Kepler-10 b,-2.25201,0.9998764
Kepler-10 b,-2.23566,1.0001169
Kepler-10 b,-2.21931,1.0000223
Kepler-10 b,-2.20296,1.0001679
Kepler-10 b,-2.18662,0.9999448
Kepler-10 b,-2.17028,0.9999056
Kepler-10 b,-2.15393,0.9998582
Kepler-10 b,-2.13758,1.0000835
Kepler-10 b,-2.12124,0.9998250
Kepler-10 b,-2.10489,0.9994989
Kepler-10 b,-2.08854,0.9998687
Kepler-10 b,-2.07219,0.9997708
Kepler-10 b,-2.05585,0.9996334
Kepler-10 b,-2.03950,0.9998950
Kepler-10 b,-2.02316,0.9996803
Kepler-10 b,-2.00681,0.9996322
Kepler-10 b,-1.99046,0.9998338
Kepler-10 b,-1.97412,1.0002077
Kepler-10 b,-1.95777,0.9999421
Kepler-10 b,-1.94142,0.9999628
Kepler-10 b,-1.92508,0.9999594
Kepler-10 b,-1.90873,0.9996590
Kepler-10 b,-1.89238,1.0003127
Kepler-10 b,-1.87604,1.0003662
Kepler-10 b,-1.85969,0.9999551
Kepler-10 b,-1.84334,1.0001999
Kepler-10 b,-1.82700,0.9997770
Kepler-10 b,-1.81065,1.0001324
Kepler-10 b,-1.79430,1.0001546
Kepler-10 b,-1.77796,0.9996661
Kepler-10 b,-1.76162,1.0001605
Kepler-10 b,-1.74527,1.0000909
Kepler-10 b,-1.72892,0.9999791
Kepler-10 b,-1.71257,0.9998557
Kepler-10 b,-1.69623,1.0001598
Kepler-10 b,-1.67988,1.0000618
Kepler-10 b,-1.66353,0.9996512
Kepler-10 b,-1.64719,0.9998272
Kepler-10 b,-1.63084,1.0000305
Kepler-10 b,-1.61450,0.9994838
Kepler-10 b,-1.59815,1.0001876
Kepler-10 b,-1.58180,1.0003151
Kepler-10 b,-1.56546,0.9998828
Kepler-10 b,-1.54911,1.0002689
Kepler-10 b,-1.53276,0.9995868
Kepler-10 b,-1.51642,0.9995108
Kepler-10 b,-1.50007,0.9998792
Kepler-10 b,-1.48372,0.9998708
Kepler-10 b,-1.46738,1.0002229
Kepler-10 b,-1.45103,1.0002355
Kepler-10 b,-1.43468,0.9997384
Kepler-10 b,-1.41834,0.9999884
Kepler-10 b,-1.40199,1.0001368
Kepler-10 b,-1.38565,1.0004580
Kepler-10 b,-1.36930,1.0000101
Kepler-10 b,-1.35295,0.9995582
Kepler-10 b,-1.33661,1.0003032
Kepler-10 b,-1.32026,1.0002872
Kepler-10 b,-1.30391,1.0000382
Kepler-10 b,-1.28757,1.0004874
Kepler-10 b,-1.27122,1.0000731
Kepler-10 b,-1.25488,1.0000872
Kepler-10 b,-1.23853,0.9997960
Kepler-10 b,-1.22218,0.9999882
Kepler-10 b,-1.20584,1.0001026
Kepler-10 b,-1.18949,1.0002508
Kepler-10 b,-1.17314,0.9997945
Kepler-10 b,-1.15680,0.9998591
Kepler-10 b,-1.14045,1.0003099
Kepler-10 b,-1.12410,0.9996895
Kepler-10 b,-1.10776,0.9995945
Kepler-10 b,-1.09141,1.0004833
Kepler-10 b,-1.07506,1.0001578
Kepler-10 b,-1.05872,0.9998181
Kepler-10 b,-1.04237,1.0000319
Kepler-10 b,-1.02602,0.9999155
Kepler-10 b,-1.00968,0.9999734
Kepler-10 b,-0.99333,0.9999719
Kepler-10 b,-0.97699,0.9995705
Kepler-10 b,-0.96064,1.0000165
Kepler-10 b,-0.94429,1.0000164
Kepler-10 b,-0.92795,1.0002647
Kepler-10 b,-0.91160,0.9999754
Kepler-10 b,-0.89525,1.0001089
Kepler-10 b,-0.87891,0.9997453
Kepler-10 b,-0.86256,0.9995418
Kepler-10 b,-0.84622,0.9996597
Kepler-10 b,-0.82987,1.0002070
Kepler-10 b,-0.81352,0.9997961
Kepler-10 b,-0.79718,0.9995856
Kepler-10 b,-0.78083,0.9997544
Kepler-10 b,-0.76448,1.0000750
Kepler-10 b,-0.74814,0.9993401
Kepler-10 b,-0.73179,0.9994832
Kepler-10 b,-0.71544,0.9995200
Kepler-10 b,-0.69910,0.9997304
Kepler-10 b,-0.68275,0.9997995
Kepler-10 b,-0.66640,1.0001351
Kepler-10 b,-0.65006,0.9997038
Kepler-10 b,-0.63371,0.9998363
Kepler-10 b,-0.61736,0.9996830
Kepler-10 b,-0.60102,0.9991836
Kepler-10 b,-0.58467,0.9995072
Kepler-10 b,-0.56833,1.0001271
Kepler-10 b,-0.55198,0.9998601
Kepler-10 b,-0.53563,0.9997497
Kepler-10 b,-0.51929,0.9995206
Kepler-10 b,-0.50294,0.9992632
Kepler-10 b,-0.48659,0.9996683
Kepler-10 b,-0.47025,0.9996714
Kepler-10 b,-0.45390,0.9998974
Kepler-10 b,-0.43755,0.9997441
Kepler-10 b,-0.42121,0.9995146
Kepler-10 b,-0.40486,1.0000687
Kepler-10 b,-0.38852,1.0004523
Kepler-10 b,-0.37217,1.0001235
Kepler-10 b,-0.35582,1.0001547
Kepler-10 b,-0.33948,1.0000704
Kepler-10 b,-0.32313,0.9998506
Kepler-10 b,-0.30678,0.9999352
Kepler-10 b,-0.29044,0.9997974
Kepler-10 b,-0.27409,0.9997031
Kepler-10 b,-0.25774,1.0000145
Kepler-10 b,-0.24140,0.9996530
Kepler-10 b,-0.22505,1.0000925
Kepler-10 b,-0.20870,0.9994517
Kepler-10 b,-0.19236,0.9997438
Kepler-10 b,-0.17601,0.9997586
Kepler-10 b,-0.15967,0.9998627
Kepler-10 b,-0.14332,1.0000133
Kepler-10 b,-0.12697,0.9995215
Kepler-10 b,-0.11063,0.9993817
Kepler-10 b,-0.09428,0.9997484
Kepler-10 b,-0.07793,0.9996009
Kepler-10 b,-0.06159,0.9998114
Kepler-10 b,-0.04524,0.9997598
Kepler-10 b,-0.02890,0.9995658
Kepler-10 b,-0.01255,0.9994264
Kepler-10 b,0.00380,0.9997075
Kepler-10 b,0.02015,0.9996953
Kepler-10 b,0.03649,0.9999977
Kepler-10 b,0.05284,0.9995593
Kepler-10 b,0.06918,1.0002345
Kepler-10 b,0.08553,0.9999003
Kepler-10 b,0.10188,0.9993785
Kepler-10 b,0.11822,1.0001019
Kepler-10 b,0.13457,1.0000361
Kepler-10 b,0.15092,0.9994905
Kepler-10 b,0.16726,1.0003213
Kepler-10 b,0.18361,0.9998035
Kepler-10 b,0.19995,0.9999098
Kepler-10 b,0.21630,0.9996159
Kepler-10 b,0.23265,1.0001833
Kepler-10 b,0.24899,1.0000389
Kepler-10 b,0.26534,1.0000698
Kepler-10 b,0.28169,1.0000072
Kepler-10 b,0.29803,0.9998763
Kepler-10 b,0.31438,0.9996686
Kepler-10 b,0.33073,0.9997842
Kepler-10 b,0.34707,0.9998758
Kepler-10 b,0.36342,0.9999325
Kepler-10 b,0.37977,0.9995477
Kepler-10 b,0.39611,0.9996662
Kepler-10 b,0.41246,0.9996897
Kepler-10 b,0.42880,0.9998691
Kepler-10 b,0.44515,0.9996605
Kepler-10 b,0.46150,0.9996815
Kepler-10 b,0.47784,0.9995812
Kepler-10 b,0.49419,1.0001504
Kepler-10 b,0.51054,0.9998308
Kepler-10 b,0.52688,0.9998277
Kepler-10 b,0.54323,0.9999648
Kepler-10 b,0.55958,1.0002284
Kepler-10 b,0.57592,0.9997127
Kepler-10 b,0.59227,0.9997353
Kepler-10 b,0.60861,0.9995133
Kepler-10 b,0.62496,0.9998673
Kepler-10 b,0.64131,0.9995827
Kepler-10 b,0.65765,0.9995699
Kepler-10 b,0.67400,0.9994006
Kepler-10 b,0.69035,1.0002191
Kepler-10 b,0.70669,0.9997209
Kepler-10 b,0.72304,0.9994840
Kepler-10 b,0.73938,1.0002770
Kepler-10 b,0.75573,1.0003040
Kepler-10 b,0.77208,1.0002227
Kepler-10 b,0.78843,0.9999660
Kepler-10 b,0.80477,0.9997830
Kepler-10 b,0.82112,1.0002012
Kepler-10 b,0.83747,0.9998062
Kepler-10 b,0.85381,0.9997230
Kepler-10 b,0.87016,0.9999683
Kepler-10 b,0.88650,0.9998342
Kepler-10 b,0.90285,0.9999787
Kepler-10 b,0.91920,1.0001034
Kepler-10 b,0.93555,1.0000155
Kepler-10 b,0.95189,1.0003421
Kepler-10 b,0.96824,0.9997783
Kepler-10 b,0.98459,0.9995781
Kepler-10 b,1.00093,1.0002771
Kepler-10 b,1.01727,1.0006494
Kepler-10 b,1.03362,1.0000146
Kepler-10 b,1.04997,0.9999493
Kepler-10 b,1.06631,1.0000543
Kepler-10 b,1.08266,0.9999541
Kepler-10 b,1.09901,1.0000816
Kepler-10 b,1.11536,1.0003413
Kepler-10 b,1.13170,1.0005144
Kepler-10 b,1.14805,1.0001879
Kepler-10 b,1.16439,1.0003574
Kepler-10 b,1.18074,0.9999901
Kepler-10 b,1.19708,1.0003557
Kepler-10 b,1.21343,0.9998733
Kepler-10 b,1.22978,0.9998245
Kepler-10 b,1.24613,0.9999827
Kepler-10 b,1.26247,1.0005583
Kepler-10 b,1.27882,1.0004934
Kepler-10 b,1.29516,1.0004542
Kepler-10 b,1.31151,1.0000614
Kepler-10 b,1.32786,0.9997576
Kepler-10 b,1.34420,1.0001168
Kepler-10 b,1.36055,0.9998854
Kepler-10 b,1.37690,0.9997555
Kepler-10 b,1.39324,1.0000119
Kepler-10 b,1.40959,0.9999979
Kepler-10 b,1.42594,1.0001300
Kepler-10 b,1.44228,1.0000441
Kepler-10 b,1.45863,0.9998577
Kepler-10 b,1.47498,0.9995691
Kepler-10 b,1.49132,0.9999419
Kepler-10 b,1.50767,1.0003836
Kepler-10 b,1.52401,0.9999555
Kepler-10 b,1.54036,0.9998841
Kepler-10 b,1.55671,1.0001147
Kepler-10 b,1.57305,0.9996446
Kepler-10 b,1.58940,0.9999534
Kepler-10 b,1.60575,1.0000098
Kepler-10 b,1.62209,0.9997611
Kepler-10 b,1.63844,0.9997718
Kepler-10 b,1.65479,1.0000535
Kepler-10 b,1.67113,1.0002429
Kepler-10 b,1.68748,0.9999878
Kepler-10 b,1.70383,0.9997205
Kepler-10 b,1.72017,0.9999942
Kepler-10 b,1.73652,1.0000900
Kepler-10 b,1.75287,0.9996778
Kepler-10 b,1.76921,0.9995530
Kepler-10 b,1.78556,1.0002980
Kepler-10 b,1.80190,0.9997617
Kepler-10 b,1.81825,1.0001271
Kepler-10 b,1.83460,1.0001305
Kepler-10 b,1.85094,0.9998814
Kepler-10 b,1.86729,0.9999669
Kepler-10 b,1.88364,1.0000121
Kepler-10 b,1.89998,1.0000945
Kepler-10 b,1.91633,0.9998404
Kepler-10 b,1.93267,1.0001348
Kepler-10 b,1.94902,0.9999761
Kepler-10 b,1.96537,1.0001136
Kepler-10 b,1.98171,1.0003189
Kepler-10 b,1.99806,1.0001906
Kepler-10 b,2.01441,0.9996771
Kepler-10 b,2.03075,0.9996323
Kepler-10 b,2.04710,1.0001408
Kepler-10 b,2.06344,1.0000540
Kepler-10 b,2.07979,1.0004834
Kepler-10 b,2.09614,1.0006032
Kepler-10 b,2.11249,1.0001294
Kepler-10 b,2.12883,0.9998794
Kepler-10 b,2.14518,0.9997555
Kepler-10 b,2.16153,0.9999048
Kepler-10 b,2.17787,1.0001815
Kepler-10 b,2.19422,0.9997941
Kepler-10 b,2.21056,1.0000843
Kepler-10 b,2.22691,1.0000413
Kepler-10 b,2.24326,1.0003532
Kepler-10 b,2.25960,0.9997787
Kepler-10 b,2.27595,1.0000995
Kepler-10 b,2.29230,1.0000084
Kepler-10 b,2.30864,0.9996619
Kepler-10 b,2.32499,1.0001011
Kepler-10 b,2.34133,1.0001326
Kepler-10 b,2.35768,1.0001080
Kepler-10 b,2.37403,1.0000946
Kepler-10 b,2.39037,0.9998270
Kepler-10 b,2.40672,0.9997831
Kepler-10 b,2.42307,0.9998326
Kepler-10 b,2.43941,1.0002835
Kepler-10 b,2.45576,0.9999446
Kepler-10 b,2.47211,1.0002132
Kepler-10 b,2.48845,1.0001349
Kepler-10 b,2.50480,0.9998534
Kepler-10 b,2.52115,1.0001407
Kepler-10 b,2.53749,1.0000293
Kepler-10 b,2.55384,1.0002225
Kepler-10 b,2.57019,1.0001355
Kepler-10 b,2.58653,0.9994163
Kepler-10 b,2.60288,0.9998913
Kepler-10 b,2.61922,0.9998389
Kepler-10 b,2.63557,0.9999559
Kepler-10 b,2.65192,1.0003051
Kepler-10 b,2.66826,0.9998826
Kepler-10 b,2.68461,1.0001641
Kepler-10 b,2.70096,1.0001594
Kepler-10 b,2.71730,1.0001407
Kepler-10 b,2.73365,1.0002658
Kepler-10 b,2.74999,0.9999662
Kepler-10 b,2.76634,1.0001423
Kepler-10 b,2.78269,1.0003144
Kepler-10 b,2.79903,1.0000894
Kepler-10 b,2.81538,1.0000687
Kepler-10 b,2.83173,0.9997668
Kepler-10 b,2.84807,1.0001872
Kepler-10 b,2.86442,0.9998272
Kepler-10 b,2.88077,1.0002059
Kepler-10 b,2.89711,1.0001727
Kepler-10 b,2.91346,0.9999852
Kepler-10 b,2.92981,0.9998916
Kepler-10 b,2.94615,1.0000450
Kepler-10 b,2.96250,1.0000009
Kepler-10 b,2.97884,1.0001023
Kepler-10 b,2.99519,0.9998773
Kepler-10 b,3.01154,1.0001837
Kepler-10 b,3.02788,0.9998411
Kepler-10 b,3.04423,0.9999969
Kepler-10 b,3.06058,1.0003141
Kepler-10 b,3.07692,0.9998773
Kepler-10 b,3.09327,1.0000189
Kepler-10 b,3.10961,1.0001127
Kepler-10 b,3.12596,1.0001830
Kepler-10 b,3.14231,0.9998656
Kepler-10 b,3.15865,1.0000467
Kepler-10 b,3.17500,1.0000481
Kepler-10 b,3.19135,0.9997581
Kepler-10 b,3.20769,1.0000215
Kepler-10 b,3.22404,0.9999765
Kepler-10 b,3.24039,0.9999881
Kepler-10 b,3.25673,1.0004461
Kepler-10 b,3.27308,0.9996513
Kepler-10 b,3.28943,1.0003124
Kepler-10 b,3.30577,1.0001241
Kepler-10 b,3.32212,0.9997611
Kepler-10 b,3.33847,1.0000854
Kepler-10 b,3.35481,0.9998555
Kepler-10 b,3.37116,0.9999150
Kepler-10 b,3.38750,0.9999058
Kepler-10 b,3.40385,0.9996149
Kepler-10 b,3.42020,0.9999794
Kepler-10 b,3.43654,0.9999907
Kepler-10 b,3.45289,1.0002922
Kepler-10 b,3.46924,1.0000829
Kepler-10 b,3.48558,1.0001202
Kepler-10 b,3.50193,0.9999114
Kepler-10 b,3.51827,1.0000161
Kepler-10 b,3.53462,1.0002596
Kepler-10 b,3.55097,0.9998698
Kepler-10 b,3.56731,1.0003215
Kepler-10 b,3.58366,0.9999679
Kepler-10 b,3.60001,0.9999363
Kepler-10 b,3.61636,1.0000106
Kepler-10 b,3.63270,0.9998221
Kepler-10 b,3.64905,1.0000509
Kepler-10 b,3.66539,1.0000488
Kepler-10 b,3.68174,1.0000091
Kepler-10 b,3.69809,0.9999462
Kepler-10 b,3.71443,0.9999483
Kepler-10 b,3.73078,1.0001143
Kepler-10 b,3.74713,1.0002638
Kepler-10 b,3.76347,0.9999158
Kepler-10 b,3.77982,1.0001170
Kepler-10 b,3.79616,0.9999839
Kepler-10 b,3.81251,0.9998806
Kepler-10 b,3.82886,0.9998880
Kepler-10 b,3.84520,0.9999649
Kepler-10 b,3.86155,0.9998360
Kepler-10 b,3.87790,1.0002130
Kepler-10 b,3.89424,0.9997425
Kepler-10 b,3.91059,1.0000713
Kepler-10 b,3.92694,1.0000361
Kepler-10 b,3.94328,0.9998004
Kepler-10 b,3.95963,0.9998038
Kepler-10 b,3.97597,1.0000721
Kepler-10 b,3.99232,0.9999788
Kepler-10 b,4.00867,1.0000935
Kepler-10 b,4.02501,0.9998465
Kepler-10 b,4.04136,0.9997837
Kepler-10 b,4.05771,1.0001311
Kepler-10 b,4.07405,0.9999495
Kepler-10 b,4.09040,0.9999440
Kepler-10 b,4.10675,0.9998071
Kepler-10 b,4.12309,1.0000015
Kepler-10 b,4.13944,0.9999743
Kepler-10 b,4.15579,1.0000903
Kepler-10 b,4.17213,1.0000716
Kepler-10 b,4.18848,1.0000864
Kepler-10 b,4.20482,0.9999091
Kepler-10 b,4.22117,0.9997273
Kepler-10 b,4.23752,1.0001001
Kepler-10 b,4.25386,1.0003720
Kepler-10 b,4.27021,1.0001343
Kepler-10 b,4.28656,1.0000816
Kepler-10 b,4.30290,0.9997414
Kepler-10 b,4.31925,0.9994644
Kepler-10 b,4.33560,0.9999803
Kepler-10 b,4.35194,0.9995662
Kepler-10 b,4.36829,1.0004263
Kepler-10 b,4.38464,0.9998170
Kepler-10 b,4.40098,1.0001395
Kepler-10 b,4.41733,1.0002354
Kepler-10 b,4.43368,1.0000906
Kepler-10 b,4.45002,0.9998877
Kepler-10 b,4.46637,0.9999234
Kepler-10 b,4.48272,0.9998995
Kepler-10 b,4.49906,0.9996038
Kepler-10 b,4.51541,0.9997046
Kepler-10 b,4.53175,0.9998769
Kepler-10 b,4.54810,0.9997245
Kepler-10 b,4.56444,0.9998997
Kepler-10 b,4.58079,1.0000684
Kepler-10 b,4.59714,1.0004492
Kepler-10 b,4.61349,0.9997636
Kepler-10 b,4.62983,0.9997943
Kepler-10 b,4.64618,0.9998870
Kepler-10 b,4.66253,1.0003918
Kepler-10 b,4.67887,0.9998619
Kepler-10 b,4.69522,0.9999988
Kepler-10 b,4.71156,1.0001827
Kepler-10 b,4.72791,0.9999971
Kepler-10 b,4.74425,0.9998657
Kepler-10 b,4.76060,1.0003778
Kepler-10 b,4.77695,0.9999854
Kepler-10 b,4.79330,0.9997816
Kepler-10 b,-4.79574,1.0002430
Kepler-10 b,-4.77940,1.0003795
Kepler-10 b,-4.76305,0.9999205
Kepler-10 b,-4.74670,1.0002448
Kepler-10 b,-4.73036,0.9997895
Kepler-10 b,-4.71401,1.0000181
Kepler-10 b,-4.69766,0.9998104
Kepler-10 b,-4.68132,1.0000671
Kepler-10 b,-4.66497,0.9997856
Kepler-10 b,-4.64862,0.9997709
Kepler-10 b,-4.63228,1.0002668
Kepler-10 b,-4.61593,1.0003753
Kepler-10 b,-4.59958,1.0000107
Kepler-10 b,-4.58324,1.0000382
Kepler-10 b,-4.56689,0.9998484
Kepler-10 b,-4.55055,0.9999314
Kepler-10 b,-4.53420,1.0000666
Kepler-10 b,-4.51785,0.9997609
Kepler-10 b,-4.50151,0.9999793
Kepler-10 b,-4.48516,1.0003415
Kepler-10 b,-4.46881,1.0000488
Kepler-10 b,-4.45247,1.0002408
Kepler-10 b,-4.43612,1.0001115
Kepler-10 b,-4.41978,0.9995424
Kepler-10 b,-4.40343,1.0004695
Kepler-10 b,-4.38708,0.9998425
Kepler-10 b,-4.37073,0.9998937
Kepler-10 b,-4.35439,1.0003768
Kepler-10 b,-4.33804,1.0001567
Kepler-10 b,-4.32170,0.9999392
Kepler-10 b,-4.30535,1.0003452
Kepler-10 b,-4.28900,0.9998635
Kepler-10 b,-4.27266,1.0000485
Kepler-10 b,-4.25631,1.0000741
Kepler-10 b,-4.23996,0.9997708
Kepler-10 b,-4.22362,0.9996794
Kepler-10 b,-4.20727,1.0001206
Kepler-10 b,-4.19092,1.0002443
Kepler-10 b,-4.17458,0.9997128
Kepler-10 b,-4.15823,0.9994889
Kepler-10 b,-4.14189,1.0001406
Kepler-10 b,-4.12554,1.0003879
Kepler-10 b,-4.10919,0.9998258
Kepler-10 b,-4.09285,0.9998690
Kepler-10 b,-4.07650,1.0000577
Kepler-10 b,-4.06015,0.9998509
Kepler-10 b,-4.04381,0.9996273
Kepler-10 b,-4.02746,1.0002775
Kepler-10 b,-4.01112,0.9998655
Kepler-10 b,-3.99477,0.9997202
Kepler-10 b,-3.97842,0.9997596
Kepler-10 b,-3.96208,0.9997638
Kepler-10 b,-3.94573,0.9996311
Kepler-10 b,-3.92938,1.0001832
Kepler-10 b,-3.91304,0.9998560
Kepler-10 b,-3.89669,0.9999190
Kepler-10 b,-3.88034,0.9998567
Kepler-10 b,-3.86400,1.0002689
Kepler-10 b,-3.84765,1.0001273
Kepler-10 b,-3.83130,1.0000319
Kepler-10 b,-3.81496,0.9998030
Kepler-10 b,-3.79861,0.9997880
Kepler-10 b,-3.78226,1.0001226
Kepler-10 b,-3.76592,0.9997932
Kepler-10 b,-3.74957,0.9998304
Kepler-10 b,-3.73323,1.0001968
Kepler-10 b,-3.71688,0.9997849
Kepler-10 b,-3.70053,0.9999661
Kepler-10 b,-3.68419,1.0001930
Kepler-10 b,-3.66784,1.0001160
Kepler-10 b,-3.65149,0.9998260
Kepler-10 b,-3.63515,0.9998369
Kepler-10 b,-3.61880,1.0000710
Kepler-10 b,-3.60245,0.9996614
Kepler-10 b,-3.58611,1.0005122
Kepler-10 b,-3.56976,0.9999734
Kepler-10 b,-3.55341,1.0001975
Kepler-10 b,-3.53707,1.0002976
Kepler-10 b,-3.52072,0.9996726
Kepler-10 b,-3.50438,1.0001189
Kepler-10 b,-3.48803,0.9998293
Kepler-10 b,-3.47168,1.0000268
Kepler-10 b,-3.45534,0.9996541
Kepler-10 b,-3.43899,1.0001560
Kepler-10 b,-3.42264,1.0000647
Kepler-10 b,-3.40630,0.9999149
Kepler-10 b,-3.38995,0.9998822
Kepler-10 b,-3.37360,0.9997992
Kepler-10 b,-3.35726,0.9998849
Kepler-10 b,-3.34091,1.0001324
Kepler-10 b,-3.32457,1.0005555
Kepler-10 b,-3.30822,1.0004453
Kepler-10 b,-3.29187,1.0002685
Kepler-10 b,-3.27553,1.0002219
Kepler-10 b,-3.25918,0.9997932
Kepler-10 b,-3.24283,1.0000366
Kepler-10 b,-3.22649,1.0001560
Kepler-10 b,-3.21014,1.0000831
Kepler-10 b,-3.19380,0.9995241
Kepler-10 b,-3.17745,1.0004458
Kepler-10 b,-3.16110,0.9997801
Kepler-10 b,-3.14475,0.9999733
Kepler-10 b,-3.12841,0.9999806
Kepler-10 b,-3.11206,1.0002157
Kepler-10 b,-3.09572,1.0000849
Kepler-10 b,-3.07937,0.9999045
Kepler-10 b,-3.06302,0.9998597
Kepler-10 b,-3.04668,1.0003243
Kepler-10 b,-3.03033,1.0002471
Kepler-10 b,-3.01398,1.0000092
Kepler-10 b,-2.99763,0.9997969
Kepler-10 b,-2.98129,1.0000364
Kepler-10 b,-2.96495,0.9998650
Kepler-10 b,-2.94860,0.9998970
Kepler-10 b,-2.93225,0.9998345
Kepler-10 b,-2.91591,1.0000070
Kepler-10 b,-2.89956,1.0003855
Kepler-10 b,-2.88321,1.0003101
Kepler-10 b,-2.86686,1.0000366
Kepler-10 b,-2.85052,0.9999572
Kepler-10 b,-2.83417,0.9999044
Kepler-10 b,-2.81783,1.0001253
Kepler-10 b,-2.80148,1.0000714
Kepler-10 b,-2.78513,0.9999051
Kepler-10 b,-2.76879,1.0004013
Kepler-10 b,-2.75244,0.9996607
Kepler-10 b,-2.73609,0.9996044
Kepler-10 b,-2.71975,0.9998656
Kepler-10 b,-2.70340,0.9999649
Kepler-10 b,-2.68706,1.0000361
Kepler-10 b,-2.67071,1.0000052
Kepler-10 b,-2.65436,0.9997401
Kepler-10 b,-2.63802,1.0005824
Kepler-10 b,-2.62167,0.9998188
Kepler-10 b,-2.60532,1.0001791
Kepler-10 b,-2.58898,1.0002733
Kepler-10 b,-2.57263,0.9996776
Kepler-10 b,-2.55629,0.9998794
Kepler-10 b,-2.53994,0.9998354
Kepler-10 b,-2.52359,1.0001933
Kepler-10 b,-2.50724,1.0001551
Kepler-10 b,-2.49090,1.0000677
Kepler-10 b,-2.47455,1.0001422
Kepler-10 b,-2.45820,1.0000072
Kepler-10 b,-2.44186,0.9997338
Kepler-10 b,-2.42551,0.9998256
Kepler-10 b,-2.40917,1.0005833
Kepler-10 b,-2.39282,1.0000602
Kepler-10 b,-2.37647,1.0002480
Kepler-10 b,-2.36013,0.9998523
Kepler-10 b,-2.34378,1.0004315
Kepler-10 b,-2.32743,0.9999249
Kepler-10 b,-2.31109,0.9999411
Kepler-10 b,-2.29474,0.9998603
Kepler-10 b,-2.27839,0.9999907
Kepler-10 b,-2.26205,1.0001234
Kepler-10 b,-2.24570,0.9996563
Kepler-10 b,-2.22935,1.0000005
Kepler-10 b,-2.21301,1.0000071
Kepler-10 b,-2.19666,0.9999813
Kepler-10 b,-2.18031,1.0003147
Kepler-10 b,-2.16397,1.0003456
Kepler-10 b,-2.14762,1.0002755
Kepler-10 b,-2.13128,1.0002450
Kepler-10 b,-2.11493,0.9996749
Kepler-10 b,-2.09858,1.0000707
Kepler-10 b,-2.08224,0.9997799
Kepler-10 b,-2.06589,0.9999332
Kepler-10 b,-2.04954,0.9998386
Kepler-10 b,-2.03320,0.9999103
Kepler-10 b,-2.01685,0.9996434
Kepler-10 b,-2.00051,1.0000402
Kepler-10 b,-1.98416,0.9997222
Kepler-10 b,-1.96781,0.9998050
Kepler-10 b,-1.95147,0.9994668
Kepler-10 b,-1.93512,0.9999985
Kepler-10 b,-1.91877,0.9998570
Kepler-10 b,-1.90243,0.9999924
Kepler-10 b,-1.88608,0.9997720
Kepler-10 b,-1.86973,1.0002301
Kepler-10 b,-1.85339,0.9995578
Kepler-10 b,-1.83704,1.0001145
Kepler-10 b,-1.82069,0.9997880
Kepler-10 b,-1.80435,0.9998507
Kepler-10 b,-1.78800,1.0000408
Kepler-10 b,-1.77166,0.9996626
Kepler-10 b,-1.75531,0.9997257
Kepler-10 b,-1.73896,1.0000166
Kepler-10 b,-1.72262,0.9997688
Kepler-10 b,-1.70627,0.9996461
Kepler-10 b,-1.68992,0.9995601
Kepler-10 b,-1.67358,0.9999369
Kepler-10 b,-1.65723,0.9998723
Kepler-10 b,-1.64089,0.9998552
Kepler-10 b,-1.62454,0.9999006
Kepler-10 b,-1.60819,1.0000835
Kepler-10 b,-1.59185,0.9996139
Kepler-10 b,-1.57550,0.9998081
Kepler-10 b,-1.55915,1.0002996
Kepler-10 b,-1.54281,1.0002371
Kepler-10 b,-1.52646,1.0001913
Kepler-10 b,-1.51011,0.9999692
Kepler-10 b,-1.49377,1.0003348
Kepler-10 b,-1.47742,0.9999267
Kepler-10 b,-1.46107,1.0002581
Kepler-10 b,-1.44473,1.0001261
Kepler-10 b,-1.42838,1.0000811
Kepler-10 b,-1.41203,0.9999404
Kepler-10 b,-1.39569,0.9999806
Kepler-10 b,-1.37934,1.0002025
Kepler-10 b,-1.36300,0.9998076
Kepler-10 b,-1.34665,1.0003040
Kepler-10 b,-1.33030,1.0002045
Kepler-10 b,-1.31396,0.9996648
Kepler-10 b,-1.29761,1.0000683
Kepler-10 b,-1.28126,0.9999650
Kepler-10 b,-1.26492,0.9997012
Kepler-10 b,-1.24857,0.9999265
Kepler-10 b,-1.23223,0.9995659
Kepler-10 b,-1.21588,1.0001783
Kepler-10 b,-1.19953,1.0001666
Kepler-10 b,-1.18319,0.9997148
Kepler-10 b,-1.16684,1.0000828
Kepler-10 b,-1.15049,1.0002474
Kepler-10 b,-1.13415,1.0003414
Kepler-10 b,-1.11780,0.9999153
Kepler-10 b,-1.10145,0.9996150
Kepler-10 b,-1.08511,1.0000796
Kepler-10 b,-1.06876,0.9996560
Kepler-10 b,-1.05241,0.9998855
Kepler-10 b,-1.03607,0.9996907
Kepler-10 b,-1.01972,0.9997768
Kepler-10 b,-1.00337,1.0000235
Kepler-10 b,-0.98703,0.9996027
Kepler-10 b,-0.97068,0.9998350
Kepler-10 b,-0.95434,1.0000400
Kepler-10 b,-0.93799,0.9999990
Kepler-10 b,-0.92164,1.0000448
Kepler-10 b,-0.90530,0.9998122
Kepler-10 b,-0.88895,0.9999469
Kepler-10 b,-0.87260,0.9998986
Kepler-10 b,-0.85626,0.9999546
Kepler-10 b,-0.83991,0.9996335
Kepler-10 b,-0.82357,1.0000238
Kepler-10 b,-0.80722,0.9999734
Kepler-10 b,-0.79087,0.9999675
Kepler-10 b,-0.77452,1.0000048
Kepler-10 b,-0.75818,0.9996634
Kepler-10 b,-0.74183,0.9999068
Kepler-10 b,-0.72549,0.9994627
Kepler-10 b,-0.70914,1.0000738
Kepler-10 b,-0.69279,0.9998473
Kepler-10 b,-0.67645,0.9999179
Kepler-10 b,-0.66010,0.9999804
Kepler-10 b,-0.64375,1.0002482
Kepler-10 b,-0.62741,0.9995975
Kepler-10 b,-0.61106,1.0001033
Kepler-10 b,-0.59471,0.9998993
Kepler-10 b,-0.57837,0.9996655
Kepler-10 b,-0.56202,0.9998677
Kepler-10 b,-0.54568,0.9996811
Kepler-10 b,-0.52933,0.9996344
Kepler-10 b,-0.51298,0.9996296
Kepler-10 b,-0.49664,0.9996560
Kepler-10 b,-0.48029,1.0005054
Kepler-10 b,-0.46394,0.9999718
Kepler-10 b,-0.44760,0.9994537
Kepler-10 b,-0.43125,1.0000671
Kepler-10 b,-0.41491,1.0000111
Kepler-10 b,-0.39856,1.0001312
Kepler-10 b,-0.38221,0.9996967
Kepler-10 b,-0.36587,0.9996991
Kepler-10 b,-0.34952,0.9997250
Kepler-10 b,-0.33317,1.0000468
Kepler-10 b,-0.31683,0.9996587
Kepler-10 b,-0.30048,0.9997150
Kepler-10 b,-0.28413,0.9996474
Kepler-10 b,-0.26779,0.9997644
Kepler-10 b,-0.25144,0.9999413
Kepler-10 b,-0.23509,1.0002250
Kepler-10 b,-0.21875,0.9999446
Kepler-10 b,-0.20240,0.9999395
Kepler-10 b,-0.18606,0.9998670
Kepler-10 b,-0.16971,1.0000069
Kepler-10 b,-0.15336,1.0001600
Kepler-10 b,-0.13702,0.9999513
Kepler-10 b,-0.12067,0.9998263
Kepler-10 b,-0.10432,0.9996793
Kepler-10 b,-0.08798,0.9995168
Kepler-10 b,-0.07163,0.9996352
Kepler-10 b,-0.05528,1.0001512
Kepler-10 b,-0.03894,0.9995480
Kepler-10 b,-0.02259,1.0000340
Kepler-10 b,-0.00625,0.9996078
Kepler-10 b,0.01010,1.0000847
Kepler-10 b,0.02645,0.9999757
Kepler-10 b,0.04279,0.9999068
Kepler-10 b,0.05914,0.9998400
Kepler-10 b,0.07549,1.0001483
Kepler-10 b,0.09183,0.9997050
Kepler-10 b,0.10818,0.9995230
Kepler-10 b,0.12453,0.9997087
Kepler-10 b,0.14087,0.9997539
Kepler-10 b,0.15722,0.9996045
Kepler-10 b,0.17357,0.9999877
Kepler-10 b,0.18991,0.9996968
Kepler-10 b,0.20626,0.9997726
Kepler-10 b,0.22260,1.0002615
Kepler-10 b,0.23895,0.9998324
Kepler-10 b,0.25530,0.9999984
Kepler-10 b,0.27164,0.9995710
Kepler-10 b,0.28799,0.9999996
Kepler-10 b,0.30434,1.0000036
Kepler-10 b,0.32068,0.9997207
Kepler-10 b,0.33703,1.0021073
Kepler-10 b,0.35337,0.9997599
Kepler-10 b,0.36972,0.9996679
Kepler-10 b,0.38607,0.9994772
Kepler-10 b,0.40241,0.9996537
Kepler-10 b,0.41876,0.9992160
Kepler-10 b,0.43511,0.9995077
Kepler-10 b,0.45146,1.0000388
Kepler-10 b,0.46780,0.9996956
Kepler-10 b,0.48415,1.0003720
Kepler-10 b,0.50049,1.0003325
Kepler-10 b,0.51684,0.9997948
Kepler-10 b,0.53319,0.9998132
Kepler-10 b,0.54953,0.9998669
Kepler-10 b,0.56588,0.9995547
Kepler-10 b,0.58223,0.9999203
Kepler-10 b,0.59857,1.0003854
Kepler-10 b,0.61492,0.9995392
Kepler-10 b,0.63126,0.9995319
Kepler-10 b,0.64761,1.0000886
Kepler-10 b,0.66396,1.0001381
Kepler-10 b,0.68030,0.9999411
Kepler-10 b,0.69665,0.9999424
Kepler-10 b,0.71300,1.0004515
Kepler-10 b,0.72934,0.9999044
Kepler-10 b,0.74569,1.0000214
Kepler-10 b,0.76204,1.0002079
Kepler-10 b,0.77838,0.9999050
Kepler-10 b,0.79473,0.9998674
Kepler-10 b,0.81108,1.0003477
Kepler-10 b,0.82742,1.0002630
Kepler-10 b,0.84377,0.9998522
Kepler-10 b,0.86011,1.0001431
Kepler-10 b,0.87646,1.0000463
Kepler-10 b,0.89281,1.0001041
Kepler-10 b,0.90915,1.0001048
Kepler-10 b,0.92550,1.0003939
Kepler-10 b,0.94185,0.9996840
Kepler-10 b,0.95819,1.0001293
Kepler-10 b,0.97454,1.0004036
Kepler-10 b,0.99089,1.0001962
Kepler-10 b,1.00723,0.9999574
Kepler-10 b,1.02358,1.0001243
Kepler-10 b,1.03992,1.0001327
Kepler-10 b,1.05627,0.9999631
Kepler-10 b,1.07262,1.0002463
Kepler-10 b,1.08896,0.9998088
Kepler-10 b,1.10531,1.0000377
Kepler-10 b,1.12166,0.9997444
Kepler-10 b,1.13800,1.0000293
Kepler-10 b,1.15435,0.9997583
Kepler-10 b,1.17070,0.9999582
Kepler-10 b,1.18704,1.0001409
Kepler-10 b,1.20339,0.9995139
Kepler-10 b,1.21974,0.9996676
Kepler-10 b,1.23608,0.9995725
Kepler-10 b,1.25243,0.9999049
Kepler-10 b,1.26877,0.9997329
Kepler-10 b,1.28512,1.0000218
Kepler-10 b,1.30147,0.9999381
Kepler-10 b,1.31782,1.0001896
Kepler-10 b,1.33416,1.0004362
Kepler-10 b,1.35051,0.9998437
Kepler-10 b,1.36686,1.0001781
Kepler-10 b,1.38320,1.0000092
Kepler-10 b,1.39954,1.0001255
Kepler-10 b,1.41589,1.0002166
Kepler-10 b,1.43224,1.0000199
Kepler-10 b,1.44858,0.9998634
Kepler-10 b,1.46493,1.0001094
Kepler-10 b,1.48128,0.9999814
Kepler-10 b,1.49763,0.9999677
Kepler-10 b,1.51397,1.0001495
Kepler-10 b,1.53032,1.0000959
Kepler-10 b,1.54666,1.0003094
Kepler-10 b,1.56301,1.0003423
Kepler-10 b,1.57936,0.9999260
Kepler-10 b,1.59570,1.0000526
Kepler-10 b,1.61205,1.0001923
Kepler-10 b,1.62840,1.0001762
Kepler-10 b,1.64474,1.0003690
Kepler-10 b,1.66109,0.9998542
Kepler-10 b,1.67743,1.0000334
Kepler-10 b,1.69378,1.0005340
Kepler-10 b,1.71013,0.9999286
Kepler-10 b,1.72648,1.0001438
Kepler-10 b,1.74282,0.9995429
Kepler-10 b,1.75917,0.9997086
Kepler-10 b,1.77552,1.0001700
Kepler-10 b,1.79186,1.0001146
Kepler-10 b,1.80820,0.9999947
Kepler-10 b,1.82455,1.0001731
Kepler-10 b,1.84090,1.0002266
Kepler-10 b,1.85725,1.0004105
Kepler-10 b,1.87359,1.0003700
Kepler-10 b,1.88994,1.0001855
Kepler-10 b,1.90629,1.0002015
Kepler-10 b,1.92263,1.0001842
Kepler-10 b,1.93898,0.9998712
Kepler-10 b,1.95532,0.9999400
Kepler-10 b,1.97167,1.0001566
Kepler-10 b,1.98802,0.9993647
Kepler-10 b,2.00436,0.9999640
Kepler-10 b,2.02071,0.9995653
Kepler-10 b,2.03706,1.0001367
Kepler-10 b,2.05340,1.0002028
Kepler-10 b,2.06975,1.0003541
Kepler-10 b,2.08610,1.0002331
Kepler-10 b,2.10244,0.9998365
Kepler-10 b,2.11879,0.9999572
Kepler-10 b,2.13514,1.0000849
Kepler-10 b,2.15148,1.0000829
Kepler-10 b,2.16783,1.0003300
Kepler-10 b,2.18418,1.0000387
Kepler-10 b,2.20052,1.0000596
Kepler-10 b,2.21687,0.9999399
Kepler-10 b,2.23321,1.0003593
Kepler-10 b,2.24956,0.9999917
Kepler-10 b,2.26591,0.9998963
Kepler-10 b,2.28225,1.0002364
Kepler-10 b,2.29860,1.0000529
Kepler-10 b,2.31495,0.9996298
Kepler-10 b,2.33129,0.9998327
Kepler-10 b,2.34764,0.9998518
Kepler-10 b,2.36398,0.9999652
Kepler-10 b,2.38033,1.0000242
Kepler-10 b,2.39668,1.0002110
Kepler-10 b,2.41302,1.0002275
Kepler-10 b,2.42937,1.0000143
Kepler-10 b,2.44572,0.9995737
Kepler-10 b,2.46206,0.9996381
Kepler-10 b,2.47841,1.0000280
Kepler-10 b,2.49476,1.0001195
Kepler-10 b,2.51110,0.9997534
Kepler-10 b,2.52745,1.0001643
Kepler-10 b,2.54380,1.0000176
Kepler-10 b,2.56014,0.9995735
Kepler-10 b,2.57649,1.0000622
Kepler-10 b,2.59283,0.9999242
Kepler-10 b,2.60918,1.0001221
Kepler-10 b,2.62553,0.9999482
Kepler-10 b,2.64187,1.0004079
Kepler-10 b,2.65822,0.9997902
Kepler-10 b,2.67457,1.0000115
Kepler-10 b,2.69091,1.0000569
Kepler-10 b,2.70726,1.0003279
Kepler-10 b,2.72360,1.0000568
Kepler-10 b,2.73995,0.9998806
Kepler-10 b,2.75630,0.9999508
Kepler-10 b,2.77264,1.0001262
Kepler-10 b,2.78899,0.9996284
Kepler-10 b,2.80534,0.9999869
Kepler-10 b,2.82168,0.9996748
Kepler-10 b,2.83803,1.0000202
Kepler-10 b,2.85438,0.9997333
Kepler-10 b,2.87072,1.0003610
Kepler-10 b,2.88707,0.9997899
Kepler-10 b,2.90342,0.9998723
Kepler-10 b,2.91976,0.9996920
Kepler-10 b,2.93611,1.0000155
Kepler-10 b,2.95246,1.0000593
Kepler-10 b,2.96880,1.0001451
Kepler-10 b,2.98515,1.0000750
Kepler-10 b,3.00149,1.0000320
Kepler-10 b,3.01784,1.0004005
Kepler-10 b,3.03419,1.0000151
Kepler-10 b,3.05053,0.9998948
Kepler-10 b,3.06688,0.9995530
Kepler-10 b,3.08323,1.0000688
Kepler-10 b,3.09957,1.0000103
Kepler-10 b,3.11592,0.9999863
Kepler-10 b,3.13226,1.0000689
Kepler-10 b,3.14861,0.9998780
Kepler-10 b,3.16496,0.9998035
Kepler-10 b,3.18130,0.9999869
Kepler-10 b,3.19765,0.9997859
Kepler-10 b,3.21400,0.9999583
Kepler-10 b,3.23034,0.9996676
Kepler-10 b,3.24669,0.9998952
Kepler-10 b,3.26304,1.0000807
Kepler-10 b,3.27938,1.0000767
Kepler-10 b,3.29573,0.9999440
Kepler-10 b,3.31208,1.0002067
Kepler-10 b,3.32842,0.9998034
Kepler-10 b,3.34477,0.9997505
Kepler-10 b,3.36112,0.9996558
Kepler-10 b,3.37746,1.0000593
Kepler-10 b,3.39381,1.0002353
Kepler-10 b,3.41015,0.9998466
Kepler-10 b,3.42650,0.9997105
Kepler-10 b,3.44285,0.9999579
Kepler-10 b,3.45919,1.0003602
Kepler-10 b,3.47554,0.9997734
Kepler-10 b,3.49189,1.0001907
Kepler-10 b,3.50823,1.0001134
Kepler-10 b,3.52458,0.9999961
Kepler-10 b,3.54093,1.0001408
Kepler-10 b,3.55727,1.0001818
Kepler-10 b,3.57362,0.9999773
Kepler-10 b,3.58996,0.9998924
Kepler-10 b,3.60631,1.0001370
Kepler-10 b,3.62266,1.0001209
Kepler-10 b,3.63900,1.0002165
Kepler-10 b,3.65535,0.9999757
Kepler-10 b,3.67170,1.0004650
Kepler-10 b,3.68804,0.9998254
Kepler-10 b,3.70439,1.0002798
Kepler-10 b,3.72074,1.0000460
Kepler-10 b,3.73708,0.9996558
Kepler-10 b,3.75343,0.9999373
Kepler-10 b,3.76978,1.0000222
Kepler-10 b,3.78612,0.9997366
Kepler-10 b,3.80247,0.9999456
Kepler-10 b,3.81881,0.9999654
Kepler-10 b,3.83516,1.0001671
Kepler-10 b,3.85151,1.0000914
Kepler-10 b,3.86785,0.9997604
Kepler-10 b,3.88420,0.9998219
Kepler-10 b,3.90055,1.0001178
Kepler-10 b,3.91689,0.9997982
Kepler-10 b,3.93324,1.0004873
Kepler-10 b,3.94958,1.0001713
Kepler-10 b,3.96593,1.0002403
Kepler-10 b,3.98228,0.9998347
Kepler-10 b,3.99863,1.0007606
Kepler-10 b,4.01497,1.0001433
Kepler-10 b,4.03132,1.0003009
Kepler-10 b,4.04766,1.0003724
Kepler-10 b,4.06401,1.0000503
Kepler-10 b,4.08036,0.9998346
Kepler-10 b,4.09670,1.0002090
Kepler-10 b,4.11305,1.0001875
Kepler-10 b,4.12940,0.9999068
Kepler-10 b,4.14574,0.9999667
Kepler-10 b,4.16209,1.0002262
Kepler-10 b,4.17843,0.9994776
Kepler-10 b,4.19478,1.0000729
Kepler-10 b,4.21113,1.0000584
Kepler-10 b,4.22747,0.9997443
Kepler-10 b,4.24382,1.0001141
Kepler-10 b,4.26017,1.0003545
Kepler-10 b,4.27651,1.0001078
Kepler-10 b,4.29286,1.0000881
Kepler-10 b,4.30921,0.9999417
Kepler-10 b,4.32555,1.0003086
Kepler-10 b,4.34190,1.0001898
Kepler-10 b,4.35825,0.9995932
Kepler-10 b,4.37459,1.0001214
Kepler-10 b,4.39094,0.9999110
Kepler-10 b,4.40728,0.9999737
Kepler-10 b,4.42363,1.0001706
Kepler-10 b,4.43998,0.9996059
Kepler-10 b,4.45632,0.9999488
Kepler-10 b,4.47267,0.9997996
Kepler-10 b,4.48902,0.9996297
Kepler-10 b,4.50536,1.0000307
Kepler-10 b,4.52171,1.0001251
Kepler-10 b,4.53806,0.9999460
Kepler-10 b,4.55440,1.0001024
Kepler-10 b,4.57075,0.9999353
Kepler-10 b,4.58709,0.9998278
Kepler-10 b,4.60344,0.9999747
Kepler-10 b,4.61979,1.0004471
Kepler-10 b,4.63613,1.0001557
Kepler-10 b,4.65248,0.9996627
Kepler-10 b,4.66883,0.9997583
Kepler-10 b,4.68517,0.9999337
Kepler-10 b,4.70152,0.9997737
Kepler-10 b,4.71787,1.0003136
Kepler-10 b,4.73421,0.9999486
Kepler-10 b,4.75056,0.9998606
Kepler-10 b,4.76691,0.9995911
Kepler-10 b,4.78325,0.9995584
Kepler-10 b,4.79960,1.0000382
Kepler-10 b,-4.78944,1.0000779
Kepler-10 b,-4.77309,1.0001526
Kepler-10 b,-4.75675,0.9996332
Kepler-10 b,-4.74040,1.0001699
Kepler-10 b,-4.72405,0.9996686
Kepler-10 b,-4.70771,1.0001433
Kepler-10 b,-4.69136,1.0000337
Kepler-10 b,-4.67502,0.9998966
Kepler-10 b,-4.65867,1.0003788
Kepler-10 b,-4.64232,0.9997163
Kepler-10 b,-4.62598,1.0003885
Kepler-10 b,-4.60963,1.0001751
Kepler-10 b,-4.59328,1.0001541
Kepler-10 b,-4.57694,1.0001430
Kepler-10 b,-4.56059,1.0000111
Kepler-10 b,-4.54424,0.9999860
Kepler-10 b,-4.52790,1.0003164
Kepler-10 b,-4.51155,1.0002324
Kepler-10 b,-4.49521,1.0002600
Kepler-10 b,-4.47886,1.0003293
Kepler-10 b,-4.46251,1.0000723
Kepler-10 b,-4.44617,1.0001339
Kepler-10 b,-4.42982,0.9998881
Kepler-10 b,-4.41347,0.9999152
Kepler-10 b,-4.39713,0.9999829
Kepler-10 b,-4.38078,1.0002637
Kepler-10 b,-4.36443,1.0002562
Kepler-10 b,-4.34809,0.9999685
Kepler-10 b,-4.33174,1.0001330
Kepler-10 b,-4.31539,1.0003437
Kepler-10 b,-4.29905,0.9999182
Kepler-10 b,-4.28271,0.9999280
Kepler-10 b,-4.26636,1.0002049
Kepler-10 b,-4.25001,0.9999995
Kepler-10 b,-4.23366,1.0001669
Kepler-10 b,-4.21732,0.9998951
Kepler-10 b,-4.20097,1.0000509
Kepler-10 b,-4.18462,0.9996714
Kepler-10 b,-4.16828,1.0002242
Kepler-10 b,-4.15193,0.9998605
Kepler-10 b,-4.13559,0.9999661
Kepler-10 b,-4.11924,1.0000340
Kepler-10 b,-4.10289,0.9998014
Kepler-10 b,-4.08654,0.9993978
Kepler-10 b,-4.07020,1.0001166
Kepler-10 b,-4.05385,0.9999770
Kepler-10 b,-4.03750,0.9998473
Kepler-10 b,-4.02116,1.0000323
Kepler-10 b,-4.00481,0.9999496
Kepler-10 b,-3.98847,0.9998596
Kepler-10 b,-3.97212,0.9998152
Kepler-10 b,-3.95577,0.9999507
Kepler-10 b,-3.93943,0.9998341
Kepler-10 b,-3.92308,1.0001705
Kepler-10 b,-3.90673,0.9998104
Kepler-10 b,-3.89039,0.9999995
Kepler-10 b,-3.87404,1.0000487
Kepler-10 b,-3.85770,0.9996290
Kepler-10 b,-3.84135,0.9999152
Kepler-10 b,-3.82500,0.9999005
Kepler-10 b,-3.80866,0.9997933
Kepler-10 b,-3.79231,1.0000702
Kepler-10 b,-3.77596,0.9998294
Kepler-10 b,-3.75962,1.0001001
Kepler-10 b,-3.74327,1.0000720
Kepler-10 b,-3.72692,0.9997001
Kepler-10 b,-3.71058,1.0001021
Kepler-10 b,-3.69423,0.9999799
Kepler-10 b,-3.67789,1.0001031
Kepler-10 b,-3.66154,1.0001319
Kepler-10 b,-3.64519,0.9999107
Kepler-10 b,-3.62885,0.9998058
Kepler-10 b,-3.61250,0.9997055
Kepler-10 b,-3.59615,0.9998451
Kepler-10 b,-3.57981,0.9998158
Kepler-10 b,-3.56346,0.9999571
Kepler-10 b,-3.54711,1.0000543
Kepler-10 b,-3.53077,0.9998834
Kepler-10 b,-3.51442,0.9997170
Kepler-10 b,-3.49807,1.0002809
Kepler-10 b,-3.48173,0.9999817
Kepler-10 b,-3.46538,1.0000686
Kepler-10 b,-3.44904,0.9999518
Kepler-10 b,-3.43269,0.9996453
Kepler-10 b,-3.41634,1.0004940
Kepler-10 b,-3.40000,1.0004351
Kepler-10 b,-3.38365,1.0000867
Kepler-10 b,-3.36730,0.9999064
Kepler-10 b,-3.35096,1.0001420
Kepler-10 b,-3.33461,1.0002752
Kepler-10 b,-3.31826,1.0002825
Kepler-10 b,-3.30192,1.0003735
Kepler-10 b,-3.28557,1.0002677
Kepler-10 b,-3.26922,0.9998732
Kepler-10 b,-3.25288,0.9999107
Kepler-10 b,-3.23653,1.0001804
Kepler-10 b,-3.22019,0.9998922
Kepler-10 b,-3.20384,1.0001925
Kepler-10 b,-3.18749,0.9998306
Kepler-10 b,-3.17115,1.0002560
Kepler-10 b,-3.15480,0.9998347
Kepler-10 b,-3.13845,1.0003312
Kepler-10 b,-3.12211,1.0001528
Kepler-10 b,-3.10576,0.9995570
Kepler-10 b,-3.08942,1.0001972
Kepler-10 b,-3.07307,1.0002588
Kepler-10 b,-3.05672,1.0003272
Kepler-10 b,-3.04038,0.9994154
Kepler-10 b,-3.02403,0.9999633
Kepler-10 b,-3.00768,0.9997797
Kepler-10 b,-2.99134,1.0000807
Kepler-10 b,-2.97499,1.0003771
Kepler-10 b,-2.95864,1.0004099
Kepler-10 b,-2.94230,0.9999702
Kepler-10 b,-2.92595,1.0000584
Kepler-10 b,-2.90961,1.0000270
Kepler-10 b,-2.89326,0.9998146
Kepler-10 b,-2.87691,0.9999075
Kepler-10 b,-2.86056,0.9998818
Kepler-10 b,-2.84422,0.9997789
Kepler-10 b,-2.82787,1.0001514
Kepler-10 b,-2.81153,0.9995846
Kepler-10 b,-2.79518,0.9999283
Kepler-10 b,-2.77883,0.9998874
Kepler-10 b,-2.76249,0.9998125
Kepler-10 b,-2.74614,1.0000150
Kepler-10 b,-2.72979,0.9996892
Kepler-10 b,-2.71345,1.0002003
Kepler-10 b,-2.69710,1.0000235
Kepler-10 b,-2.68076,0.9999956
Kepler-10 b,-2.66441,1.0003599
Kepler-10 b,-2.64806,1.0000542
Kepler-10 b,-2.63172,1.0001382
Kepler-10 b,-2.61537,1.0000215
Kepler-10 b,-2.59902,0.9999176
Kepler-10 b,-2.58268,1.0002071
Kepler-10 b,-2.56633,1.0000860
Kepler-10 b,-2.54998,0.9998764
Kepler-10 b,-2.53364,1.0004953
Kepler-10 b,-2.51729,1.0002089
Kepler-10 b,-2.50094,0.9997589
Kepler-10 b,-2.48460,0.9999998
Kepler-10 b,-2.46825,0.9998068
Kepler-10 b,-2.45190,0.9998231
Kepler-10 b,-2.43556,1.0000016
Kepler-10 b,-2.41921,1.0001763
Kepler-10 b,-2.40287,1.0001903
Kepler-10 b,-2.38652,1.0002218
Kepler-10 b,-2.37017,0.9999913
Kepler-10 b,-2.35383,0.9999832
Kepler-10 b,-2.33748,0.9998394
Kepler-10 b,-2.32113,0.9999680
Kepler-10 b,-2.30479,1.0001567
Kepler-10 b,-2.28844,1.0001311
Kepler-10 b,-2.27210,0.9998504
Kepler-10 b,-2.25575,0.9996888
Kepler-10 b,-2.23940,0.9996098
Kepler-10 b,-2.22306,0.9997633
Kepler-10 b,-2.20671,0.9994677
Kepler-10 b,-2.19036,0.9997483
Kepler-10 b,-2.17402,0.9998771
Kepler-10 b,-2.15767,0.9998990
Kepler-10 b,-2.14132,1.0000519
Kepler-10 b,-2.12498,1.0000248
Kepler-10 b,-2.10863,0.9997378
Kepler-10 b,-2.09228,0.9998931
Kepler-10 b,-2.07594,0.9999198
Kepler-10 b,-2.05959,0.9998282
Kepler-10 b,-2.04324,1.0000917
Kepler-10 b,-2.02690,0.9997303
Kepler-10 b,-2.01055,0.9997933
Kepler-10 b,-1.99421,1.0002014
Kepler-10 b,-1.97786,1.0003538
Kepler-10 b,-1.96151,0.9999453
Kepler-10 b,-1.94517,0.9996119
Kepler-10 b,-1.92882,1.0004788
Kepler-10 b,-1.91247,0.9997978
Kepler-10 b,-1.89613,0.9997836
Kepler-10 b,-1.87978,1.0000075
Kepler-10 b,-1.86344,1.0000588
Kepler-10 b,-1.84709,0.9998624
Kepler-10 b,-1.83074,1.0000437
Kepler-10 b,-1.81440,0.9998629
Kepler-10 b,-1.79805,1.0002343
Kepler-10 b,-1.78170,0.9998612
Kepler-10 b,-1.76536,0.9996692
Kepler-10 b,-1.74901,1.0000321
Kepler-10 b,-1.73266,0.9998014
Kepler-10 b,-1.71632,1.0000142
Kepler-10 b,-1.69997,0.9999847
Kepler-10 b,-1.68362,0.9999683
Kepler-10 b,-1.66728,0.9998836
Kepler-10 b,-1.65093,1.0001022
Kepler-10 b,-1.63459,1.0000463
Kepler-10 b,-1.61824,0.9999276
Kepler-10 b,-1.60189,1.0000305
Kepler-10 b,-1.58555,1.0003589
Kepler-10 b,-1.56920,0.9998159
Kepler-10 b,-1.55285,1.0000215
Kepler-10 b,-1.53651,0.9997952
Kepler-10 b,-1.52016,1.0000083
Kepler-10 b,-1.50382,1.0000790
Kepler-10 b,-1.48747,1.0000856
Kepler-10 b,-1.47112,1.0002183
Kepler-10 b,-1.45478,0.9999545
Kepler-10 b,-1.43843,0.9999309
Kepler-10 b,-1.42208,0.9997879
Kepler-10 b,-1.40574,1.0001495
Kepler-10 b,-1.38939,1.0000685
Kepler-10 b,-1.37304,1.0002480
Kepler-10 b,-1.35670,1.0000862
Kepler-10 b,-1.34035,0.9998561
Kepler-10 b,-1.32400,0.9999399
Kepler-10 b,-1.30766,0.9999845
Kepler-10 b,-1.29131,1.0003382
Kepler-10 b,-1.27496,0.9999650
Kepler-10 b,-1.25862,1.0003744
Kepler-10 b,-1.24227,1.0004126
Kepler-10 b,-1.22593,1.0003889
Kepler-10 b,-1.20958,1.0008552
Kepler-10 b,-1.19323,0.9996116
Kepler-10 b,-1.17689,0.9998387
Kepler-10 b,-1.16054,1.0002005
Kepler-10 b,-1.14419,0.9999685
Kepler-10 b,-1.12785,1.0002434
Kepler-10 b,-1.11150,1.0000740
Kepler-10 b,-1.09515,0.9994920
Kepler-10 b,-1.07881,1.0002108
Kepler-10 b,-1.06246,1.0000043
Kepler-10 b,-1.04611,1.0000581
Kepler-10 b,-1.02977,1.0003273
Kepler-10 b,-1.01342,1.0001464
Kepler-10 b,-0.99707,1.0000466
Kepler-10 b,-0.98073,0.9997708
Kepler-10 b,-0.96438,0.9996895
Kepler-10 b,-0.94804,1.0003771
Kepler-10 b,-0.93169,0.9998787
Kepler-10 b,-0.91534,0.9997161
Kepler-10 b,-0.89900,0.9998786
Kepler-10 b,-0.88265,0.9999712
Kepler-10 b,-0.86630,0.9993329
Kepler-10 b,-0.84996,0.9998397
Kepler-10 b,-0.83361,1.0000198
Kepler-10 b,-0.81727,0.9997400
Kepler-10 b,-0.80092,1.0000282
Kepler-10 b,-0.78457,0.9997629
Kepler-10 b,-0.76823,0.9995128
Kepler-10 b,-0.75188,1.0000353
Kepler-10 b,-0.73553,1.0002071
Kepler-10 b,-0.71919,0.9996985
Kepler-10 b,-0.70284,1.0001125
Kepler-10 b,-0.68650,1.0001688
Kepler-10 b,-0.67015,1.0001214
Kepler-10 b,-0.65380,0.9999521
Kepler-10 b,-0.63745,0.9994665
Kepler-10 b,-0.62111,0.9997452
Kepler-10 b,-0.60476,1.0000595
Kepler-10 b,-0.58841,1.0004050
Kepler-10 b,-0.57207,0.9999850
Kepler-10 b,-0.55572,1.0002263
Kepler-10 b,-0.53938,0.9998133
Kepler-10 b,-0.52303,0.9999142
Kepler-10 b,-0.50668,0.9998273
Kepler-10 b,-0.49034,0.9995792
Kepler-10 b,-0.47399,1.0002282
Kepler-10 b,-0.45764,0.9998358
Kepler-10 b,-0.44130,0.9997577
Kepler-10 b,-0.42495,0.9996592
Kepler-10 b,-0.40861,0.9997784
Kepler-10 b,-0.39226,1.0003075
Kepler-10 b,-0.37591,0.9999158
Kepler-10 b,-0.35957,0.9998198
Kepler-10 b,-0.34322,0.9997780
Kepler-10 b,-0.32687,0.9998947
Kepler-10 b,-0.31053,1.0003621
Kepler-10 b,-0.29418,1.0004598
Kepler-10 b,-0.27783,1.0000342
Kepler-10 b,-0.26149,0.9999093
Kepler-10 b,-0.24514,0.9997608
Kepler-10 b,-0.22879,0.9995632
Kepler-10 b,-0.21245,1.0002761
Kepler-10 b,-0.19610,0.9994940
Kepler-10 b,-0.17976,0.9999471
Kepler-10 b,-0.16341,1.0000085
Kepler-10 b,-0.14706,0.9999491
Kepler-10 b,-0.13072,0.9997019
Kepler-10 b,-0.11437,0.9996054
Kepler-10 b,-0.09802,0.9999582
Kepler-10 b,-0.08168,1.0000417
Kepler-10 b,-0.06533,0.9999803
Kepler-10 b,-0.04899,0.9999099
Kepler-10 b,-0.03264,1.0000488
Kepler-10 b,-0.01629,0.9995988
Kepler-10 b,0.00005,0.9999588
Kepler-10 b,0.01640,0.9999170
Kepler-10 b,0.03275,0.9994517
Kepler-10 b,0.04909,0.9999937
Kepler-10 b,0.06544,0.9995491
Kepler-10 b,0.08178,0.9999020
Kepler-10 b,0.09813,0.9996195
Kepler-10 b,0.11448,0.9998167
Kepler-10 b,0.13083,0.9997047
Kepler-10 b,0.14717,0.9993845
Kepler-10 b,0.16352,1.0000449
Kepler-10 b,0.17987,0.9999537
Kepler-10 b,0.19621,0.9998900
Kepler-10 b,0.21256,0.9997875
Kepler-10 b,0.22890,0.9998543
Kepler-10 b,0.24525,0.9995248
Kepler-10 b,0.26160,1.0001011
Kepler-10 b,0.27794,1.0001697
Kepler-10 b,0.29429,1.0000677
Kepler-10 b,0.31064,0.9997177
Kepler-10 b,0.32698,1.0001596
Kepler-10 b,0.34333,1.0000090
Kepler-10 b,0.35967,0.9992927
Kepler-10 b,0.37602,0.9999683
Kepler-10 b,0.39237,0.9998085
Kepler-10 b,0.40871,1.0001323
Kepler-10 b,0.42506,0.9996238
Kepler-10 b,0.44141,0.9998813
Kepler-10 b,0.45775,1.0000022
Kepler-10 b,0.47410,0.9999981
Kepler-10 b,0.49045,0.9996406
Kepler-10 b,0.50679,0.9998345
Kepler-10 b,0.52314,0.9998712
Kepler-10 b,0.53949,0.9999892
Kepler-10 b,0.55583,0.9996036
Kepler-10 b,0.57218,0.9997469
Kepler-10 b,0.58853,0.9999409
Kepler-10 b,0.60487,0.9993985
Kepler-10 b,0.62122,0.9999555
Kepler-10 b,0.63756,0.9998473
Kepler-10 b,0.65391,0.9996437
Kepler-10 b,0.67026,0.9996003
Kepler-10 b,0.68660,1.0000921
Kepler-10 b,0.70295,0.9999152
Kepler-10 b,0.71930,1.0001411
Kepler-10 b,0.73564,0.9999993
Kepler-10 b,0.75199,0.9999224
Kepler-10 b,0.76833,1.0002131
Kepler-10 b,0.78468,1.0001948
Kepler-10 b,0.80103,0.9999752
Kepler-10 b,0.81737,1.0004254
Kepler-10 b,0.83372,1.0003162
Kepler-10 b,0.85007,1.0000397
Kepler-10 b,0.86641,1.0004197
Kepler-10 b,0.88276,1.0000397
Kepler-10 b,0.89911,0.9995103
Kepler-10 b,0.91545,1.0002364
Kepler-10 b,0.93180,1.0000593
Kepler-10 b,0.94815,1.0000276
Kepler-10 b,0.96449,0.9999904
Kepler-10 b,0.98084,1.0000921
Kepler-10 b,0.99719,0.9998447
Kepler-10 b,1.01353,1.0001260
Kepler-10 b,1.02988,1.0004273
Kepler-10 b,1.04622,0.9998997
Kepler-10 b,1.06257,1.0000071
Kepler-10 b,1.07892,0.9999843
Kepler-10 b,1.09527,0.9999162
Kepler-10 b,1.11161,1.0001511
Kepler-10 b,1.12796,1.0000312
Kepler-10 b,1.14430,1.0002394
Kepler-10 b,1.16065,1.0000705
Kepler-10 b,1.17699,1.0000697
Kepler-10 b,1.19334,1.0001681
Kepler-10 b,1.20969,1.0004871
Kepler-10 b,1.22603,0.9999885
Kepler-10 b,1.24238,1.0000508
Kepler-10 b,1.25873,1.0002488
Kepler-10 b,1.27507,1.0001984
Kepler-10 b,1.29142,0.9997580
Kepler-10 b,1.30777,0.9999485
Kepler-10 b,1.32411,1.0001613
Kepler-10 b,1.34046,0.9997893
Kepler-10 b,1.35681,0.9998968
Kepler-10 b,1.37315,1.0001077
Kepler-10 b,1.38950,1.0000846
Kepler-10 b,1.40584,0.9995706
Kepler-10 b,1.42219,0.9998314
Kepler-10 b,1.43854,1.0000288
Kepler-10 b,1.45488,1.0003592
Kepler-10 b,1.47123,1.0002594
Kepler-10 b,1.48758,1.0000844
Kepler-10 b,1.50393,1.0000450
Kepler-10 b,1.52027,0.9997683
Kepler-10 b,1.53661,0.9995923
Kepler-10 b,1.55296,0.9999966
Kepler-10 b,1.56931,1.0000637
Kepler-10 b,1.58565,0.9999543
Kepler-10 b,1.60200,0.9998631
Kepler-10 b,1.61835,0.9999394
Kepler-10 b,1.63470,1.0003864
Kepler-10 b,1.65104,0.9998726
Kepler-10 b,1.66739,1.0000405
Kepler-10 b,1.68373,1.0002737
Kepler-10 b,1.70008,1.0000375
Kepler-10 b,1.71643,1.0000721
Kepler-10 b,1.73277,0.9999009
Kepler-10 b,1.74912,0.9999413
Kepler-10 b,1.76547,1.0002196
Kepler-10 b,1.78181,0.9998867
Kepler-10 b,1.79816,1.0001504
Kepler-10 b,1.81450,0.9999006
Kepler-10 b,1.83085,1.0002030
Kepler-10 b,1.84720,0.9995428
Kepler-10 b,1.86355,1.0000154
Kepler-10 b,1.87989,1.0002044
Kepler-10 b,1.89624,1.0001909
Kepler-10 b,1.91259,1.0000936
Kepler-10 b,1.92893,0.9999386
Kepler-10 b,1.94527,1.0000353
Kepler-10 b,1.96162,0.9999012
Kepler-10 b,1.97797,0.9998924
Kepler-10 b,1.99431,0.9998761
Kepler-10 b,2.01066,1.0001657
Kepler-10 b,2.02701,1.0000710
Kepler-10 b,2.04336,1.0000880
Kepler-10 b,2.05970,0.9999572
Kepler-10 b,2.07605,0.9999046
Kepler-10 b,2.09239,1.0001583
Kepler-10 b,2.10874,1.0001366
Kepler-10 b,2.12509,0.9996779
Kepler-10 b,2.14143,0.9999626
Kepler-10 b,2.15778,0.9998808
Kepler-10 b,2.17413,0.9997282
Kepler-10 b,2.19047,1.0000361
Kepler-10 b,2.20682,1.0000173
Kepler-10 b,2.22317,1.0000161
Kepler-10 b,2.23951,0.9999269
Kepler-10 b,2.25586,0.9997512
Kepler-10 b,2.27221,1.0000691
Kepler-10 b,2.28855,0.9999125
Kepler-10 b,2.30490,1.0001391
Kepler-10 b,2.32125,1.0000967
Kepler-10 b,2.33759,0.9997002
Kepler-10 b,2.35394,0.9997695
Kepler-10 b,2.37028,0.9997248
Kepler-10 b,2.38663,1.0001691
Kepler-10 b,2.40298,0.9998334
Kepler-10 b,2.41932,0.9998405
Kepler-10 b,2.43567,0.9998064
Kepler-10 b,2.45202,0.9999708
Kepler-10 b,2.46836,0.9995961
Kepler-10 b,2.48471,0.9999729
Kepler-10 b,2.50106,0.9997355
Kepler-10 b,2.51740,0.9996350
Kepler-10 b,2.53375,0.9997193
Kepler-10 b,2.55009,1.0003298
Kepler-10 b,2.56644,0.9997119
Kepler-10 b,2.58279,0.9997025
Kepler-10 b,2.59913,0.9999964
Kepler-10 b,2.61548,1.0001398
Kepler-10 b,2.63183,0.9998311
Kepler-10 b,2.64817,0.9996866
Kepler-10 b,2.66452,0.9999424
Kepler-10 b,2.68087,0.9999644
Kepler-10 b,2.69721,1.0000811
Kepler-10 b,2.71356,1.0001813
Kepler-10 b,2.72990,1.0002048
Kepler-10 b,2.74625,1.0002112
Kepler-10 b,2.76259,1.0001227
Kepler-10 b,2.77894,1.0003419
Kepler-10 b,2.79529,1.0004319
Kepler-10 b,2.81164,1.0002002
Kepler-10 b,2.82798,0.9998289
Kepler-10 b,2.84433,1.0002186
Kepler-10 b,2.86067,1.0002414
Kepler-10 b,2.87702,1.0003457
Kepler-10 b,2.89337,0.9999455
Kepler-10 b,2.90971,0.9998165
Kepler-10 b,2.92606,1.0001307
Kepler-10 b,2.94241,0.9998977
Kepler-10 b,2.95876,0.9998859
Kepler-10 b,2.97510,1.0003616
Kepler-10 b,2.99145,1.0000153
Kepler-10 b,3.00779,0.9998189
Kepler-10 b,3.02414,1.0004901
Kepler-10 b,3.04049,1.0001386
Kepler-10 b,3.05683,1.0002884
Kepler-10 b,3.07318,1.0004873
Kepler-10 b,3.08953,1.0001776
Kepler-10 b,3.10587,0.9999192
Kepler-10 b,3.12222,0.9997376
Kepler-10 b,3.13856,1.0002041
Kepler-10 b,3.15491,1.0000657
Kepler-10 b,3.17126,1.0007584
Kepler-10 b,3.18760,1.0001930
Kepler-10 b,3.20395,1.0002738
Kepler-10 b,3.22030,1.0000912
Kepler-10 b,3.23664,1.0000882
Kepler-10 b,3.25299,1.0001227
Kepler-10 b,3.26934,0.9999171
Kepler-10 b,3.28568,0.9999645
Kepler-10 b,3.30203,1.0001880
Kepler-10 b,3.31838,0.9998958
Kepler-10 b,3.33472,0.9999680
Kepler-10 b,3.35107,0.9998669
Kepler-10 b,3.36741,0.9997974
Kepler-10 b,3.38376,0.9996861
Kepler-10 b,3.40011,0.9998650
Kepler-10 b,3.41645,1.0001543
Kepler-10 b,3.43280,1.0001808
Kepler-10 b,3.44915,0.9998837
Kepler-10 b,3.46549,1.0000060
Kepler-10 b,3.48184,0.9999908
Kepler-10 b,3.49819,0.9997268
Kepler-10 b,3.51453,1.0000698
Kepler-10 b,3.53088,1.0000969
Kepler-10 b,3.54722,0.9996575
Kepler-10 b,3.56357,0.9996153
Kepler-10 b,3.57992,1.0000170
Kepler-10 b,3.59626,0.9999684
Kepler-10 b,3.61261,1.0000408
Kepler-10 b,3.62896,1.0001766
Kepler-10 b,3.64530,0.9999643
Kepler-10 b,3.66165,0.9998713
Kepler-10 b,3.67800,0.9998639
Kepler-10 b,3.69434,1.0001066
Kepler-10 b,3.71069,0.9997268
Kepler-10 b,3.72704,0.9996269
Kepler-10 b,3.74338,1.0003485
Kepler-10 b,3.75973,0.9998941
Kepler-10 b,3.77608,0.9998137
Kepler-10 b,3.79242,0.9997903
Kepler-10 b,3.80877,1.0002571
Kepler-10 b,3.82511,0.9999019
Kepler-10 b,3.84146,1.0002864
Kepler-10 b,3.85781,0.9999988
Kepler-10 b,3.87415,1.0002022
Kepler-10 b,3.89050,1.0003973
Kepler-10 b,3.90685,0.9999800
Kepler-10 b,3.92319,1.0001905
Kepler-10 b,3.93954,1.0004640
Kepler-10 b,3.95588,1.0000763
Kepler-10 b,3.97223,0.9997945
Kepler-10 b,3.98858,0.9995517
Kepler-10 b,4.00492,1.0003761
Kepler-10 b,4.02127,1.0001576
Kepler-10 b,4.03762,1.0000988
Kepler-10 b,4.05396,1.0001425
Kepler-10 b,4.07031,1.0000083
Kepler-10 b,4.08666,1.0004032
Kepler-10 b,4.10300,0.9998679
Kepler-10 b,4.11935,0.9999947
Kepler-10 b,4.13570,1.0000218
Kepler-10 b,4.15204,0.9999803
Kepler-10 b,4.16839,1.0001057
Kepler-10 b,4.18473,0.9997604
Kepler-10 b,4.20108,0.9999256
Kepler-10 b,4.21743,1.0001462
Kepler-10 b,4.23377,1.0001196
Kepler-10 b,4.25012,0.9997562
Kepler-10 b,4.26647,1.0005302
Kepler-10 b,4.28281,1.0000028
Kepler-10 b,4.29916,0.9995506
Kepler-10 b,4.31550,1.0000112
Kepler-10 b,4.33185,0.9999163
Kepler-10 b,4.34820,0.9998512
Kepler-10 b,4.36454,0.9996817
Kepler-10 b,4.38089,0.9999346
Kepler-10 b,4.39724,1.0003843
Kepler-10 b,4.41358,0.9999386
Kepler-10 b,4.42993,0.9999304
Kepler-10 b,4.44628,1.0002196
Kepler-10 b,4.46262,0.9998251
Kepler-10 b,4.47897,0.9998575
Kepler-10 b,4.49532,0.9999817
Kepler-10 b,4.51166,0.9999821
Kepler-10 b,4.52801,1.0000547
Kepler-10 b,4.54436,0.9999852
Kepler-10 b,4.56070,0.9998933
Kepler-10 b,4.57705,0.9999233
Kepler-10 b,4.59339,1.0001341
Kepler-10 b,4.60974,0.9996746
Kepler-10 b,4.62609,0.9999809
Kepler-10 b,4.64243,1.0001883
Kepler-10 b,4.65878,0.9997539
Kepler-10 b,4.67513,0.9998077
Kepler-10 b,4.69147,1.0001538
Kepler-10 b,4.70782,0.9999152
Kepler-10 b,4.72416,1.0000843
Kepler-10 b,4.74051,0.9999877
Kepler-10 b,4.75686,0.9996030
Kepler-10 b,4.77320,1.0001031
Kepler-10 b,4.78955,1.0003568
Kepler-10 b,-3.45279,1.0000295
Kepler-10 b,-3.43645,1.0000321
Kepler-10 b,-3.42010,1.0002305
Kepler-10 b,-3.40375,0.9998165
Kepler-10 b,-3.38741,0.9994549
Kepler-10 b,-3.37106,1.0001312
Kepler-10 b,-3.35472,0.9997924
Kepler-10 b,-3.33837,1.0002896
Kepler-10 b,-3.32202,1.0002991
Kepler-10 b,-3.30568,0.9997557
Kepler-10 b,-3.28933,1.0001930
Kepler-10 b,-3.27298,1.0001535
Kepler-10 b,-3.25664,1.0000489
Kepler-10 b,-3.24029,1.0001235
Kepler-10 b,-3.22394,0.9996598
Kepler-10 b,-3.20760,1.0002115
Kepler-10 b,-3.19125,0.9995916
Kepler-10 b,-3.17490,1.0002001
Kepler-10 b,-3.15856,1.0000981
Kepler-10 b,-3.14221,1.0002664
Kepler-10 b,-3.12586,1.0001095
Kepler-10 b,-3.10952,1.0004412
Kepler-10 b,-3.09317,0.9995659
Kepler-10 b,-3.07683,0.9997913
Kepler-10 b,-3.06048,0.9992237
Kepler-10 b,-3.04413,0.9999335
Kepler-10 b,-3.02779,0.9997636
Kepler-10 b,-3.01144,0.9996360
Kepler-10 b,-2.99509,0.9999949
Kepler-10 b,-2.97875,1.0000350
Kepler-10 b,-2.96240,0.9995928
Kepler-10 b,-2.94606,0.9999494
Kepler-10 b,-2.92971,0.9998187
Kepler-10 b,-2.91336,0.9998612
Kepler-10 b,-2.89702,1.0003496
Kepler-10 b,-2.88067,0.9998295
Kepler-10 b,-2.86432,1.0002471
Kepler-10 b,-2.84798,1.0002629
Kepler-10 b,-2.83163,0.9998280
Kepler-10 b,-2.81528,1.0003338
Kepler-10 b,-2.79894,1.0002483
Kepler-10 b,-2.78259,1.0000466
Kepler-10 b,-2.76625,0.9997565
Kepler-10 b,-2.74990,1.0004282
Kepler-10 b,-2.73355,0.9995792
Kepler-10 b,-2.71720,1.0002018
Kepler-10 b,-2.70086,0.9997767
Kepler-10 b,-2.68451,0.9996609
Kepler-10 b,-2.66817,1.0002546
Kepler-10 b,-2.65182,1.0000810
Kepler-10 b,-2.63547,1.0002397
Kepler-10 b,-2.61913,1.0002783
Kepler-10 b,-2.60278,1.0000390
Kepler-10 b,-2.58643,1.0000897
Kepler-10 b,-2.57009,1.0000436
Kepler-10 b,-2.55374,1.0002342
Kepler-10 b,-2.53740,1.0000949
Kepler-10 b,-2.52105,0.9997807
Kepler-10 b,-2.50470,0.9999412
Kepler-10 b,-2.48836,0.9998293
Kepler-10 b,-2.47201,0.9996175
Kepler-10 b,-2.45566,0.9998483
Kepler-10 b,-2.43932,0.9997717
Kepler-10 b,-2.42297,0.9997158
Kepler-10 b,-2.40662,1.0003887
Kepler-10 b,-2.39028,0.9998660
Kepler-10 b,-2.37393,0.9999228
Kepler-10 b,-2.35758,1.0000546
Kepler-10 b,-2.34124,1.0003454
Kepler-10 b,-2.32489,1.0000645
Kepler-10 b,-2.30854,0.9995846
Kepler-10 b,-2.29220,1.0000502
Kepler-10 b,-2.27585,0.9998068
Kepler-10 b,-2.25951,0.9996529
Kepler-10 b,-2.24316,1.0000994
Kepler-10 b,-2.22681,0.9997076
Kepler-10 b,-2.21047,1.0005449
Kepler-10 b,-2.19412,1.0002738
Kepler-10 b,-2.17777,0.9999616
Kepler-10 b,-2.16143,1.0000844
Kepler-10 b,-2.14508,0.9999154
Kepler-10 b,-2.12874,0.9999622
Kepler-10 b,-2.11239,1.0001924
Kepler-10 b,-2.09604,0.9999555
Kepler-10 b,-2.07970,1.0004114
Kepler-10 b,-2.06335,1.0000654
Kepler-10 b,-2.04700,0.9999143
Kepler-10 b,-2.03066,0.9998120
Kepler-10 b,-2.01431,0.9998230
Kepler-10 b,-1.99796,0.9997349
Kepler-10 b,-1.98162,0.9999693
Kepler-10 b,-1.96527,1.0000653
Kepler-10 b,-1.94892,0.9999619
Kepler-10 b,-1.93258,0.9999406
Kepler-10 b,-1.91623,1.0007823
Kepler-10 b,-1.89989,1.0001529
Kepler-10 b,-1.88354,1.0000539
Kepler-10 b,-1.86719,0.9999769
Kepler-10 b,-1.85085,1.0000570
Kepler-10 b,-1.83450,1.0000370
Kepler-10 b,-1.81815,1.0001280
Kepler-10 b,-1.80181,1.0003110
Kepler-10 b,-1.78546,0.9998428
Kepler-10 b,-1.76911,1.0002393
Kepler-10 b,-1.75277,1.0000805
Kepler-10 b,-1.73642,0.9997484
Kepler-10 b,-1.72008,1.0000016
Kepler-10 b,-1.70373,1.0001107
Kepler-10 b,-1.68738,1.0000804
Kepler-10 b,-1.67104,1.0001776
Kepler-10 b,-1.65469,1.0000668
Kepler-10 b,-1.63834,0.9999377
Kepler-10 b,-1.62200,0.9999861
Kepler-10 b,-1.60565,1.0002068
Kepler-10 b,-1.58930,0.9998543
Kepler-10 b,-1.57296,0.9999291
Kepler-10 b,-1.55661,0.9999453
Kepler-10 b,-1.54026,1.0003433
Kepler-10 b,-1.52392,0.9997378
Kepler-10 b,-1.50757,0.9997082
Kepler-10 b,-1.49123,1.0002751
Kepler-10 b,-1.47488,1.0000269
Kepler-10 b,-1.45853,0.9995291
Kepler-10 b,-1.44219,0.9997619
Kepler-10 b,-1.42584,0.9999780
Kepler-10 b,-1.40949,0.9996830
Kepler-10 b,-1.39315,0.9997183
Kepler-10 b,-1.37680,1.0000380
Kepler-10 b,-1.36046,1.0002309
Kepler-10 b,-1.34411,1.0001332
Kepler-10 b,-1.32776,0.9998388
Kepler-10 b,-1.31142,0.9999665
Kepler-10 b,-1.29507,1.0002173
Kepler-10 b,-1.27872,1.0001414
Kepler-10 b,-1.26238,1.0001886
Kepler-10 b,-1.24603,1.0002002
Kepler-10 b,-1.22968,1.0001148
Kepler-10 b,-1.21334,0.9998126
Kepler-10 b,-1.19699,1.0002236
Kepler-10 b,-1.18064,0.9999809
Kepler-10 b,-1.16430,0.9999838
Kepler-10 b,-1.14795,0.9999671
Kepler-10 b,-1.13160,1.0000058
Kepler-10 b,-1.11526,1.0003336
Kepler-10 b,-1.09891,1.0004105
Kepler-10 b,-1.08257,1.0003996
Kepler-10 b,-1.06622,1.0003245
Kepler-10 b,-1.04987,0.9996207
Kepler-10 b,-1.03353,1.0003857
Kepler-10 b,-1.01718,0.9997884
Kepler-10 b,-1.00083,1.0000640
Kepler-10 b,-0.98449,0.9998739
Kepler-10 b,-0.96814,1.0000317
Kepler-10 b,-0.95179,0.9996738
Kepler-10 b,-0.93545,0.9999343
Kepler-10 b,-0.91910,0.9998779
Kepler-10 b,-0.90276,1.0003895
Kepler-10 b,-0.88641,0.9994185
Kepler-10 b,-0.87006,0.9999058
Kepler-10 b,-0.85372,0.9998297
Kepler-10 b,-0.83737,0.9995838
Kepler-10 b,-0.82102,1.0001442
Kepler-10 b,-0.80468,0.9997937
Kepler-10 b,-0.78833,1.0001198
Kepler-10 b,-0.77198,0.9996599
Kepler-10 b,-0.75564,0.9996023
Kepler-10 b,-0.73929,0.9998325
Kepler-10 b,-0.72294,1.0000817
Kepler-10 b,-0.70660,0.9999802
Kepler-10 b,-0.69025,0.9994959
Kepler-10 b,-0.67391,1.0002982
Kepler-10 b,-0.65756,0.9999369
Kepler-10 b,-0.64121,1.0000947
Kepler-10 b,-0.62487,0.9997603
Kepler-10 b,-0.60852,0.9998363
Kepler-10 b,-0.59217,0.9995195
Kepler-10 b,-0.57583,1.0000480
Kepler-10 b,-0.55948,1.0001337
Kepler-10 b,-0.54314,0.9996689
Kepler-10 b,-0.52679,1.0002256
Kepler-10 b,-0.51044,0.9999282
Kepler-10 b,-0.49409,0.9998968
Kepler-10 b,-0.47775,1.0003118
Kepler-10 b,-0.46140,0.9999841
Kepler-10 b,-0.44506,0.9997153
Kepler-10 b,-0.42871,0.9999526
Kepler-10 b,-0.41236,0.9999897
Kepler-10 b,-0.39602,0.9995799
Kepler-10 b,-0.37967,0.9997995
Kepler-10 b,-0.36332,0.9998045
Kepler-10 b,-0.34698,1.0000920
Kepler-10 b,-0.33063,1.0002020
Kepler-10 b,-0.31428,0.9998088
Kepler-10 b,-0.29794,1.0000175
Kepler-10 b,-0.28159,1.0001593
Kepler-10 b,-0.26525,1.0002465
Kepler-10 b,-0.24890,0.9999516
Kepler-10 b,-0.23255,0.9996602
Kepler-10 b,-0.21621,0.9999332
Kepler-10 b,-0.19986,1.0000496
Kepler-10 b,-0.18351,0.9999164
Kepler-10 b,-0.16717,0.9995245
Kepler-10 b,-0.15082,0.9999202
Kepler-10 b,-0.13447,1.0002086
Kepler-10 b,-0.11813,1.0000390
Kepler-10 b,-0.10178,0.9993674
Kepler-10 b,-0.08544,0.9999488
Kepler-10 b,-0.06909,1.0002474
Kepler-10 b,-0.05274,0.9997892
Kepler-10 b,-0.03640,1.0005669
Kepler-10 b,-0.02005,1.0000931
Kepler-10 b,-0.00370,0.9998677
Kepler-10 b,0.01264,0.9998492
Kepler-10 b,0.02899,0.9999853
Kepler-10 b,0.04534,1.0000922
Kepler-10 b,0.06168,0.9996212
Kepler-10 b,0.07803,1.0002825
Kepler-10 b,0.09437,0.9997554
Kepler-10 b,0.11072,1.0000002
Kepler-10 b,0.12707,0.9998177
Kepler-10 b,0.14341,0.9996632
Kepler-10 b,0.15976,0.9997490
Kepler-10 b,0.17611,0.9998186
Kepler-10 b,0.19245,0.9998986
Kepler-10 b,0.20880,0.9998318
Kepler-10 b,0.22515,0.9998284
Kepler-10 b,0.24149,0.9999301
Kepler-10 b,0.25784,0.9994845
Kepler-10 b,0.27419,1.0002372
Kepler-10 b,0.29053,1.0000743
Kepler-10 b,0.30688,0.9999051
Kepler-10 b,0.32323,1.0000264
Kepler-10 b,0.33957,0.9994102
Kepler-10 b,0.35592,0.9997545
Kepler-10 b,0.37226,1.0001063
Kepler-10 b,0.38861,0.9997325
Kepler-10 b,0.40496,0.9998028
Kepler-10 b,0.42130,0.9998443
Kepler-10 b,0.43765,0.9998385
Kepler-10 b,0.45400,1.0001530
Kepler-10 b,0.47034,1.0001056
Kepler-10 b,0.48669,1.0003025
Kepler-10 b,0.50303,0.9998331
Kepler-10 b,0.51938,0.9996239
Kepler-10 b,0.53573,0.9998470
Kepler-10 b,0.55207,0.9995101
Kepler-10 b,0.56842,0.9999549
Kepler-10 b,0.58477,0.9998651
Kepler-10 b,0.60111,0.9995208
Kepler-10 b,0.61746,0.9995718
Kepler-10 b,0.63381,0.9997845
Kepler-10 b,0.65015,0.9996999
Kepler-10 b,0.66650,0.9996697
Kepler-10 b,0.68284,0.9994317
Kepler-10 b,0.69919,0.9999408
Kepler-10 b,0.71554,0.9997352
Kepler-10 b,0.73189,1.0001252
Kepler-10 b,0.74823,0.9999798
Kepler-10 b,0.76458,0.9999456
Kepler-10 b,0.78092,0.9996920
Kepler-10 b,0.79727,0.9998517
Kepler-10 b,0.81362,0.9996091
Kepler-10 b,0.82996,0.9999853
Kepler-10 b,0.84631,0.9999163
Kepler-10 b,0.86266,0.9995572
Kepler-10 b,0.87900,1.0002099
Kepler-10 b,0.89535,0.9999370
Kepler-10 b,0.91169,1.0000384
Kepler-10 b,0.92804,1.0001875
Kepler-10 b,0.94439,1.0000145
Kepler-10 b,0.96073,1.0002098
Kepler-10 b,0.97708,0.9998610
Kepler-10 b,0.99343,0.9999294
Kepler-10 b,1.00977,0.9997034
Kepler-10 b,1.02612,1.0000065
Kepler-10 b,1.04247,1.0001321
Kepler-10 b,1.05881,0.9997148
Kepler-10 b,1.07516,1.0000025
Kepler-10 b,1.09151,0.9999796
Kepler-10 b,1.10785,0.9997741
Kepler-10 b,1.12420,0.9997037
Kepler-10 b,1.14055,0.9999573
Kepler-10 b,1.15689,1.0000673
Kepler-10 b,1.17324,1.0004437
Kepler-10 b,1.18958,0.9998501
Kepler-10 b,1.20593,0.9999073
Kepler-10 b,1.22228,0.9997530
Kepler-10 b,1.23862,1.0003969
Kepler-10 b,1.25497,0.9995021
Kepler-10 b,1.27132,0.9999565
Kepler-10 b,1.28766,0.9998545
Kepler-10 b,1.30401,0.9999836
Kepler-10 b,1.32035,1.0000033
Kepler-10 b,1.33670,0.9997783
Kepler-10 b,1.35305,0.9998820
Kepler-10 b,1.36939,0.9995657
Kepler-10 b,1.38574,0.9996536
Kepler-10 b,1.40209,0.9997453
Kepler-10 b,1.41843,1.0001813
Kepler-10 b,1.43478,1.0001840
Kepler-10 b,1.45113,0.9999622
Kepler-10 b,1.46747,0.9999203
Kepler-10 b,1.48382,1.0001331
Kepler-10 b,1.50017,0.9997902
Kepler-10 b,1.51651,1.0001267
Kepler-10 b,1.53286,0.9995837
Kepler-10 b,1.54920,0.9995983
Kepler-10 b,1.56555,1.0003859
Kepler-10 b,1.58190,1.0001763
Kepler-10 b,1.59824,0.9996696
Kepler-10 b,1.61459,1.0001166
Kepler-10 b,1.63094,0.9998481
Kepler-10 b,1.64728,0.9999239
Kepler-10 b,1.66363,0.9999944
Kepler-10 b,1.67997,0.9998068
Kepler-10 b,1.69632,0.9998453
Kepler-10 b,1.71267,0.9997194
Kepler-10 b,1.72901,1.0001170
Kepler-10 b,1.74536,0.9999960
Kepler-10 b,1.76171,1.0000630
Kepler-10 b,1.77805,0.9997986
Kepler-10 b,1.79440,0.9998475
Kepler-10 b,1.81075,1.0002382
Kepler-10 b,1.82709,0.9995049
Kepler-10 b,1.84344,0.9998784
Kepler-10 b,1.85979,0.9998084
Kepler-10 b,1.87613,0.9998969
Kepler-10 b,1.89248,1.0000636
Kepler-10 b,1.90883,1.0000883
Kepler-10 b,1.92517,0.9998072
Kepler-10 b,1.94152,1.0001796
Kepler-10 b,1.95786,0.9999351
Kepler-10 b,1.97421,0.9999480
Kepler-10 b,1.99056,0.9999200
Kepler-10 b,2.00690,0.9999975
Kepler-10 b,2.02325,0.9996066
Kepler-10 b,2.03960,0.9999698
Kepler-10 b,2.05594,1.0000721
Kepler-10 b,2.07229,1.0002151
Kepler-10 b,2.08863,1.0000033
Kepler-10 b,2.10498,0.9995759
Kepler-10 b,2.12133,0.9998947
Kepler-10 b,2.13767,1.0004175
Kepler-10 b,2.15402,0.9999951
Kepler-10 b,2.17037,1.0003507
Kepler-10 b,2.18671,0.9996791
Kepler-10 b,2.20306,0.9997987
Kepler-10 b,2.21941,0.9999945
Kepler-10 b,2.23575,0.9999918
Kepler-10 b,2.25210,0.9996586
Kepler-10 b,2.26845,0.9998248
Kepler-10 b,2.28479,0.9996981
Kepler-10 b,2.30114,0.9997616
Kepler-10 b,2.31749,0.9999836
Kepler-10 b,2.33383,0.9996939
Kepler-10 b,2.35018,1.0000405
Kepler-10 b,2.36652,1.0003813
Kepler-10 b,2.38287,1.0001207
Kepler-10 b,2.39922,0.9998595
Kepler-10 b,2.41556,1.0001290
Kepler-10 b,2.43191,0.9998214
Kepler-10 b,2.44826,1.0003543
Kepler-10 b,2.46460,0.9995376
Kepler-10 b,2.48095,1.0003728
Kepler-10 b,2.49730,1.0000780
Kepler-10 b,2.51364,0.9997186
Kepler-10 b,2.52999,0.9997493
Kepler-10 b,2.54634,1.0004547
Kepler-10 b,2.56268,0.9997393
Kepler-10 b,2.57903,1.0001655
Kepler-10 b,2.59538,1.0000271
Kepler-10 b,2.61172,0.9999089
Kepler-10 b,2.62807,1.0004665
Kepler-10 b,2.64441,1.0003974
Kepler-10 b,2.66076,0.9998467
Kepler-10 b,2.67711,1.0002200
Kepler-10 b,2.69345,0.9998510
Kepler-10 b,2.70980,0.9997708
Kepler-10 b,2.72615,1.0001079
Kepler-10 b,2.74249,1.0000326
Kepler-10 b,2.75884,1.0001839
Kepler-10 b,2.77518,1.0001970
Kepler-10 b,2.79153,1.0005989
Kepler-10 b,2.80788,0.9998305
Kepler-10 b,2.82422,0.9997308
Kepler-10 b,2.84057,0.9998014
Kepler-10 b,2.85692,1.0001026
Kepler-10 b,2.87326,1.0005297
Kepler-10 b,2.88961,1.0004309
Kepler-10 b,2.90595,1.0000208
Kepler-10 b,2.92230,1.0004732
Kepler-10 b,2.93865,0.9996713
Kepler-10 b,2.95500,1.0001434
Kepler-10 b,2.97134,1.0000431
Kepler-10 b,2.98769,1.0003796
Kepler-10 b,3.00403,1.0002648
Kepler-10 b,3.02038,1.0004477
Kepler-10 b,3.03673,1.0002209
Kepler-10 b,3.05307,0.9999589
Kepler-10 b,3.06942,0.9998892
Kepler-10 b,3.08577,0.9998928
Kepler-10 b,3.10211,0.9999438
Kepler-10 b,3.11846,1.0003156
Kepler-10 b,3.13480,1.0001382
Kepler-10 b,3.15115,1.0000665
Kepler-10 b,3.16750,1.0000421
Kepler-10 b,3.18384,0.9997623
Kepler-10 b,3.20019,0.9999137
Kepler-10 b,3.21654,0.9995349
Kepler-10 b,3.23288,1.0001230
Kepler-10 b,3.24923,0.9998003
Kepler-10 b,3.26558,0.9998128
Kepler-10 b,3.28192,0.9999264
Kepler-10 b,3.29827,0.9999291
Kepler-10 b,3.31462,1.0000016
Kepler-10 b,3.33096,1.0001041
Kepler-10 b,3.34731,0.9998312
Kepler-10 b,3.36365,0.9998748
Kepler-10 b,3.38000,0.9997555
Kepler-10 b,3.39635,0.9997621
Kepler-10 b,3.41269,1.0002085
Kepler-10 b,3.42904,0.9999015
Kepler-10 b,3.44539,1.0001571
Kepler-10 b,3.46173,1.0000617
Kepler-10 b,3.47808,1.0002235
Kepler-10 b,3.49443,1.0004219
Kepler-10 b,3.51077,1.0000299
Kepler-10 b,3.52712,0.9999860
Kepler-10 b,3.54346,1.0002603
Kepler-10 b,3.55981,1.0000502
Kepler-10 b,3.57616,1.0001723
Kepler-10 b,3.59250,0.9999047
Kepler-10 b,3.60885,1.0003504
Kepler-10 b,3.62520,0.9999414
Kepler-10 b,3.64154,0.9997244
Kepler-10 b,3.65789,1.0002578
Kepler-10 b,3.67423,1.0000453
Kepler-10 b,3.69058,1.0001236
Kepler-10 b,3.70693,0.9999922
Kepler-10 b,3.72328,1.0000139
Kepler-10 b,3.73962,0.9998626
Kepler-10 b,3.75597,0.9995537
Kepler-10 b,3.77232,0.9997246
Kepler-10 b,3.78866,0.9998094
Kepler-10 b,3.80501,0.9997879
Kepler-10 b,3.82135,0.9998031
Kepler-10 b,3.83770,1.0000202
Kepler-10 b,3.85405,0.9998570
Kepler-10 b,3.87039,1.0001644
Kepler-10 b,3.88674,1.0000324
Kepler-10 b,3.90309,0.9999168
Kepler-10 b,3.91943,0.9999980
Kepler-10 b,3.93578,0.9999947
Kepler-10 b,3.95212,1.0000212
Kepler-10 b,3.96847,1.0004570
Kepler-10 b,3.98482,0.9997922
Kepler-10 b,4.00116,1.0003451
Kepler-10 b,4.01751,1.0005882
Kepler-10 b,4.03386,1.0004886
Kepler-10 b,4.05020,1.0001565
Kepler-10 b,4.06655,0.9999369
Kepler-10 b,4.08290,1.0001842
Kepler-10 b,4.09924,0.9998413
Kepler-10 b,4.11559,0.9997171
Kepler-10 b,4.13194,0.9998964
Kepler-10 b,4.14828,0.9999735
Kepler-10 b,4.16463,1.0000504
Kepler-10 b,4.18098,0.9996232
Kepler-10 b,4.19732,0.9997085
Kepler-10 b,4.21367,1.0001659
Kepler-10 b,4.23001,0.9999821
Kepler-10 b,4.24636,1.0001054
Kepler-10 b,4.26271,0.9998030
Kepler-10 b,4.27905,1.0003937
Kepler-10 b,4.29540,0.9997603
Kepler-10 b,4.31175,0.9997206
Kepler-10 b,4.32809,0.9997552
Kepler-10 b,4.34444,1.0000979
Kepler-10 b,4.36078,0.9998058
Kepler-10 b,4.37713,1.0002023
Kepler-10 b,4.39348,0.9997661
Kepler-10 b,4.40982,1.0001089
Kepler-10 b,4.42617,0.9999482
Kepler-10 b,4.44252,0.9998978
Kepler-10 b,4.45886,1.0000334
Kepler-10 b,4.47521,0.9994856
Kepler-10 b,4.49156,1.0002003
Kepler-10 b,4.50790,0.9997691
Kepler-10 b,4.52425,1.0001265
Kepler-10 b,4.54060,1.0002164
Kepler-10 b,4.55694,0.9995184
Kepler-10 b,4.57329,1.0001397
Kepler-10 b,4.58963,0.9998441
Kepler-10 b,4.60598,0.9998481
Kepler-10 b,4.62233,0.9998323
Kepler-10 b,4.63867,0.9995706
Kepler-10 b,4.65502,1.0001426
Kepler-10 b,4.67137,1.0003363
Kepler-10 b,4.68771,0.9999910
Kepler-10 b,4.70406,1.0001316
Kepler-10 b,4.72040,0.9997383
Kepler-10 b,4.73675,1.0004104
Kepler-10 b,4.75310,1.0000252
Kepler-10 b,4.76944,0.9998299
Kepler-10 b,4.78579,0.9999791
Kepler-10 b,-4.78691,0.9999470
Kepler-10 b,-4.77056,1.0001817
Kepler-10 b,-4.75422,0.9996691
Kepler-10 b,-4.73787,1.0001747
Kepler-10 b,-4.72152,1.0000516
Kepler-10 b,-4.70518,0.9996253
Kepler-10 b,-4.68883,0.9998237
Kepler-10 b,-4.67248,0.9995825
Kepler-10 b,-4.65614,0.9999778
Kepler-10 b,-4.63979,1.0003179
Kepler-10 b,-4.62345,0.9999058
Kepler-10 b,-4.60710,1.0002165
Kepler-10 b,-4.59075,0.9998828
Kepler-10 b,-4.57441,1.0000893
Kepler-10 b,-4.55806,0.9999290
Kepler-10 b,-4.54171,1.0000013
Kepler-10 b,-4.52537,0.9997167
Kepler-10 b,-4.50902,0.9997984
Kepler-10 b,-4.49267,0.9999389
Kepler-10 b,-4.47633,0.9997891
Kepler-10 b,-4.45998,1.0000121
Kepler-10 b,-4.44363,0.9996363
Kepler-10 b,-4.42729,0.9998137
Kepler-10 b,-4.41094,0.9996226
Kepler-10 b,-4.39460,1.0002623
Kepler-10 b,-4.37825,1.0001367
Kepler-10 b,-4.36190,0.9999012
Kepler-10 b,-4.34556,0.9997588
Kepler-10 b,-4.32921,1.0000041
Kepler-10 b,-4.31286,1.0000024
Kepler-10 b,-4.29652,1.0000585
Kepler-10 b,-4.28017,1.0000770
Kepler-10 b,-4.26382,1.0000627
Kepler-10 b,-4.24748,1.0000839
Kepler-10 b,-4.23113,0.9999146
Kepler-10 b,-4.21478,1.0003268
Kepler-10 b,-4.19844,1.0005921
Kepler-10 b,-4.18209,1.0002362
Kepler-10 b,-4.16574,0.9996630
Kepler-10 b,-4.14940,1.0008286
Kepler-10 b,-4.13305,1.0000833
Kepler-10 b,-4.11671,0.9999055
Kepler-10 b,-4.10036,0.9999176
Kepler-10 b,-4.08401,0.9998723
Kepler-10 b,-4.06767,0.9996545
Kepler-10 b,-4.05132,1.0000800
Kepler-10 b,-4.03497,0.9997438
Kepler-10 b,-4.01863,0.9995722
Kepler-10 b,-4.00228,1.0002386
Kepler-10 b,-3.98594,1.0001753
Kepler-10 b,-3.96959,0.9998773
Kepler-10 b,-3.95324,1.0000631
Kepler-10 b,-3.93690,0.9997100
Kepler-10 b,-3.92055,0.9999996
Kepler-10 b,-3.90420,1.0000461
Kepler-10 b,-3.88786,0.9999449
Kepler-10 b,-3.87151,0.9994284
Kepler-10 b,-3.85517,0.9999484
Kepler-10 b,-3.83882,0.9996128
Kepler-10 b,-3.82247,1.0000486
Kepler-10 b,-3.80613,0.9999270
Kepler-10 b,-3.78978,1.0000037
Kepler-10 b,-3.77343,0.9997739
Kepler-10 b,-3.75708,1.0002305
Kepler-10 b,-3.74074,1.0000248
Kepler-10 b,-3.72439,0.9999521
Kepler-10 b,-3.70805,0.9997988
Kepler-10 b,-3.69170,0.9999247
Kepler-10 b,-3.67535,1.0001899
Kepler-10 b,-3.65901,1.0002980
Kepler-10 b,-3.64266,1.0003018
Kepler-10 b,-3.62631,1.0001034
Kepler-10 b,-3.60997,1.0002150
Kepler-10 b,-3.59362,1.0001797
Kepler-10 b,-3.57728,1.0001782
Kepler-10 b,-3.56093,1.0001220
Kepler-10 b,-3.54458,1.0001601
Kepler-10 b,-3.52824,1.0004171
Kepler-10 b,-3.51189,0.9997927
Kepler-10 b,-3.49554,1.0001144
Kepler-10 b,-3.47920,1.0001512
Kepler-10 b,-3.46285,1.0000681
Kepler-10 b,-3.44650,1.0000086
Kepler-10 b,-3.43016,1.0000590
Kepler-10 b,-3.41381,1.0002612
Kepler-10 b,-3.39746,1.0000768
Kepler-10 b,-3.38112,0.9996886
Kepler-10 b,-3.36477,0.9999553
Kepler-10 b,-3.34843,1.0001500
Kepler-10 b,-3.33208,0.9997359
Kepler-10 b,-3.31573,0.9999491
Kepler-10 b,-3.29939,1.0004808
Kepler-10 b,-3.28304,1.0000352
Kepler-10 b,-3.26669,0.9999788
Kepler-10 b,-3.25035,1.0001516
Kepler-10 b,-3.23400,1.0000019
Kepler-10 b,-3.21766,1.0001430
Kepler-10 b,-3.20131,1.0002099
Kepler-10 b,-3.18496,0.9998009
Kepler-10 b,-3.16862,1.0002581
Kepler-10 b,-3.15227,1.0000980
Kepler-10 b,-3.13592,0.9999965
Kepler-10 b,-3.11958,0.9998910
Kepler-10 b,-3.10323,0.9996828
Kepler-10 b,-3.08688,0.9999189
Kepler-10 b,-3.07054,0.9999152
Kepler-10 b,-3.05419,0.9997465
Kepler-10 b,-3.03784,0.9998402
Kepler-10 b,-3.02150,0.9997060
Kepler-10 b,-3.00515,1.0001653
Kepler-10 b,-2.98880,1.0000514
Kepler-10 b,-2.97246,1.0002224
Kepler-10 b,-2.95611,1.0001491
Kepler-10 b,-2.93977,1.0000159
Kepler-10 b,-2.92342,0.9999421
Kepler-10 b,-2.90707,0.9999706
Kepler-10 b,-2.89073,1.0002844
Kepler-10 b,-2.87438,1.0001014
Kepler-10 b,-2.85803,1.0003221
Kepler-10 b,-2.84169,0.9996836
Kepler-10 b,-2.82534,0.9998529
Kepler-10 b,-2.80900,1.0000526
Kepler-10 b,-2.79265,0.9999190
Kepler-10 b,-2.77630,1.0004050
Kepler-10 b,-2.75996,1.0002258
Kepler-10 b,-2.74361,1.0000120
Kepler-10 b,-2.72726,1.0002332
Kepler-10 b,-2.71092,1.0000030
Kepler-10 b,-2.69457,1.0002934
Kepler-10 b,-2.67822,0.9999472
Kepler-10 b,-2.66188,1.0001344
Kepler-10 b,-2.64553,1.0001462
Kepler-10 b,-2.62918,1.0003089
Kepler-10 b,-2.61284,1.0001442
Kepler-10 b,-2.59649,0.9998682
Kepler-10 b,-2.58014,1.0001062
Kepler-10 b,-2.56380,1.0000599
Kepler-10 b,-2.54745,1.0002956
Kepler-10 b,-2.53111,0.9997818
Kepler-10 b,-2.51476,0.9997818
Kepler-10 b,-2.49841,0.9997849
Kepler-10 b,-2.48207,0.9998799
Kepler-10 b,-2.46572,0.9999657
Kepler-10 b,-2.44937,0.9999681
Kepler-10 b,-2.43303,1.0001651
Kepler-10 b,-2.41668,0.9998299
Kepler-10 b,-2.40034,0.9997399
Kepler-10 b,-2.38399,0.9998226
Kepler-10 b,-2.36764,0.9996782
Kepler-10 b,-2.35130,0.9997484
Kepler-10 b,-2.33495,0.9999452
Kepler-10 b,-2.31860,0.9998684
Kepler-10 b,-2.30226,0.9998669
Kepler-10 b,-2.28591,1.0002616
Kepler-10 b,-2.26956,1.0001284
Kepler-10 b,-2.25322,1.0002045
Kepler-10 b,-2.23687,0.9998953
Kepler-10 b,-2.22052,1.0001572
Kepler-10 b,-2.20418,1.0001981
Kepler-10 b,-2.18783,1.0001650
Kepler-10 b,-2.17148,0.9997812
Kepler-10 b,-2.15514,1.0000033
Kepler-10 b,-2.13879,1.0000175
Kepler-10 b,-2.12245,0.9998100
Kepler-10 b,-2.10610,0.9998419
Kepler-10 b,-2.08975,1.0000891
Kepler-10 b,-2.07341,0.9996766
Kepler-10 b,-2.05706,0.9999545
Kepler-10 b,-2.04071,0.9999309
Kepler-10 b,-2.02437,1.0000158
Kepler-10 b,-2.00802,0.9995122
Kepler-10 b,-1.99167,1.0004810
Kepler-10 b,-1.97533,0.9999031
Kepler-10 b,-1.95898,0.9997737
Kepler-10 b,-1.94263,0.9996572
Kepler-10 b,-1.92629,0.9998322
Kepler-10 b,-1.90994,1.0000779
Kepler-10 b,-1.89360,0.9998772
Kepler-10 b,-1.87725,0.9997660
Kepler-10 b,-1.86090,1.0001271
Kepler-10 b,-1.84456,0.9999605
Kepler-10 b,-1.82821,1.0000427
Kepler-10 b,-1.81186,1.0000731
Kepler-10 b,-1.79552,1.0001041
Kepler-10 b,-1.77917,0.9998131
Kepler-10 b,-1.76283,0.9999675
Kepler-10 b,-1.74648,1.0000817
Kepler-10 b,-1.73013,1.0002160
Kepler-10 b,-1.71379,0.9999538
Kepler-10 b,-1.69744,1.0002174
Kepler-10 b,-1.68109,1.0001189
Kepler-10 b,-1.66475,0.9998929
Kepler-10 b,-1.64840,0.9998123
Kepler-10 b,-1.63205,1.0001560
Kepler-10 b,-1.61571,1.0002801
Kepler-10 b,-1.59936,0.9998419
Kepler-10 b,-1.58302,0.9997374
Kepler-10 b,-1.56667,0.9999065
Kepler-10 b,-1.55032,1.0004908
Kepler-10 b,-1.53397,0.9999467
Kepler-10 b,-1.51763,1.0002510
Kepler-10 b,-1.50128,0.9999410
Kepler-10 b,-1.48494,1.0001145
Kepler-10 b,-1.46859,0.9999631
Kepler-10 b,-1.45224,1.0001995
Kepler-10 b,-1.43590,1.0001481
Kepler-10 b,-1.41955,1.0002529
Kepler-10 b,-1.40320,0.9998458
Kepler-10 b,-1.38686,1.0002442
Kepler-10 b,-1.37051,0.9999669
Kepler-10 b,-1.35417,1.0002336
Kepler-10 b,-1.33782,0.9998165
Kepler-10 b,-1.32147,1.0000555
Kepler-10 b,-1.30513,1.0001240
Kepler-10 b,-1.28878,1.0000773
Kepler-10 b,-1.27243,0.9999644
Kepler-10 b,-1.25609,0.9997764
Kepler-10 b,-1.23974,1.0003873
Kepler-10 b,-1.22339,1.0004054
Kepler-10 b,-1.20705,0.9998038
Kepler-10 b,-1.19070,1.0000743
Kepler-10 b,-1.17435,1.0002199
Kepler-10 b,-1.15801,0.9996092
Kepler-10 b,-1.14166,0.9999300
Kepler-10 b,-1.12532,0.9998616
Kepler-10 b,-1.10897,1.0000872
Kepler-10 b,-1.09262,1.0000121
Kepler-10 b,-1.07628,0.9998052
Kepler-10 b,-1.05993,0.9997517
Kepler-10 b,-1.04358,0.9999317
Kepler-10 b,-1.02724,0.9997662
Kepler-10 b,-1.01089,1.0004567
Kepler-10 b,-0.99454,1.0000950
Kepler-10 b,-0.97820,1.0000378
Kepler-10 b,-0.96185,1.0003383
Kepler-10 b,-0.94551,0.9995308
Kepler-10 b,-0.92916,0.9999194
Kepler-10 b,-0.91281,0.9995434
Kepler-10 b,-0.89647,0.9998637
Kepler-10 b,-0.88012,1.0002578
Kepler-10 b,-0.86377,1.0000093
Kepler-10 b,-0.84743,0.9997995
Kepler-10 b,-0.83108,1.0001114
Kepler-10 b,-0.81473,1.0007678
Kepler-10 b,-0.79839,1.0000407
Kepler-10 b,-0.78204,1.0002114
Kepler-10 b,-0.76569,1.0000576
Kepler-10 b,-0.74935,0.9994807
Kepler-10 b,-0.73300,0.9997394
Kepler-10 b,-0.71665,0.9996910
Kepler-10 b,-0.70031,0.9996543
Kepler-10 b,-0.68396,0.9997651
Kepler-10 b,-0.66762,0.9993014
Kepler-10 b,-0.65127,1.0000624
Kepler-10 b,-0.63492,0.9998128
Kepler-10 b,-0.61858,1.0000999
Kepler-10 b,-0.60223,1.0002130
Kepler-10 b,-0.58588,0.9997155
Kepler-10 b,-0.56954,0.9997307
Kepler-10 b,-0.55319,0.9999727
Kepler-10 b,-0.53685,0.9997649
Kepler-10 b,-0.52050,1.0001606
Kepler-10 b,-0.50415,0.9995623
Kepler-10 b,-0.48781,0.9997904
Kepler-10 b,-0.47146,0.9997431
Kepler-10 b,-0.45511,0.9999880
Kepler-10 b,-0.43877,0.9997762
Kepler-10 b,-0.42242,0.9998362
Kepler-10 b,-0.40607,1.0002014
Kepler-10 b,-0.38973,0.9996389
Kepler-10 b,-0.37338,1.0001085
Kepler-10 b,-0.35703,0.9997563
Kepler-10 b,-0.34069,0.9999200
Kepler-10 b,-0.32434,1.0002378
Kepler-10 b,-0.30800,0.9994903
Kepler-10 b,-0.29165,0.9995884
Kepler-10 b,-0.27530,1.0002851
Kepler-10 b,-0.25896,0.9999314
Kepler-10 b,-0.24261,0.9994987
Kepler-10 b,-0.22626,0.9995989
Kepler-10 b,-0.20992,0.9996800
Kepler-10 b,-0.19357,0.9997520
Kepler-10 b,-0.17722,0.9998005
Kepler-10 b,-0.16088,0.9995389
Kepler-10 b,-0.14453,0.9996748
Kepler-10 b,-0.12819,0.9998899
Kepler-10 b,-0.11184,0.9993626
Kepler-10 b,-0.09549,1.0003291
Kepler-10 b,-0.07915,0.9997477
Kepler-10 b,-0.06280,1.0001354
Kepler-10 b,-0.04645,0.9997263
Kepler-10 b,-0.03011,1.0000437
Kepler-10 b,-0.01376,0.9998442
Kepler-10 b,0.00259,0.9994943
Kepler-10 b,0.01893,0.9995916
Kepler-10 b,0.03528,0.9997606
Kepler-10 b,0.05163,0.9999888
Kepler-10 b,0.06797,0.9998196
Kepler-10 b,0.08432,1.0000994
Kepler-10 b,0.10066,1.0001210
Kepler-10 b,0.11701,0.9996792
Kepler-10 b,0.13335,0.9995713
Kepler-10 b,0.34586,0.9999688
Kepler-10 b,0.36221,0.9995949
Kepler-10 b,0.37855,0.9998111
Kepler-10 b,0.39490,0.9998371
Kepler-10 b,0.41125,1.0001174
Kepler-10 b,0.42759,0.9995891
Kepler-10 b,0.44394,0.9995688
Kepler-10 b,0.46029,0.9997144
Kepler-10 b,0.47663,0.9994466
Kepler-10 b,0.49297,0.9999681
Kepler-10 b,0.50932,0.9996981
Kepler-10 b,0.52567,0.9998788
Kepler-10 b,0.54201,0.9998894
Kepler-10 b,0.55836,0.9997127
Kepler-10 b,0.57471,0.9998900
Kepler-10 b,0.59106,0.9999328
Kepler-10 b,0.60740,0.9994672
Kepler-10 b,0.62375,0.9997530
Kepler-10 b,0.64009,0.9993882
Kepler-10 b,0.65644,0.9997310
Kepler-10 b,0.67279,0.9997037
Kepler-10 b,0.68914,0.9998147
Kepler-10 b,0.70548,1.0000506
Kepler-10 b,0.72183,0.9998605
Kepler-10 b,0.73818,0.9998651
Kepler-10 b,0.75452,1.0002243
Kepler-10 b,0.77086,0.9997844
Kepler-10 b,0.78721,0.9998265
Kepler-10 b,0.80356,1.0000388
Kepler-10 b,0.81991,0.9998473
Kepler-10 b,0.83625,0.9999028
Kepler-10 b,0.85260,0.9997771
Kepler-10 b,0.86895,0.9998022
Kepler-10 b,0.88529,1.0000916
Kepler-10 b,0.90164,1.0003105
Kepler-10 b,0.91798,0.9996372
Kepler-10 b,0.93433,0.9999380
Kepler-10 b,0.95068,1.0000351
Kepler-10 b,0.96702,1.0003057
Kepler-10 b,0.98337,1.0001278
Kepler-10 b,0.99971,1.0000205
Kepler-10 b,1.01606,1.0002327
Kepler-10 b,1.03241,0.9996175
Kepler-10 b,1.04875,1.0002149
Kepler-10 b,1.06510,1.0001163
Kepler-10 b,1.08145,0.9998819
Kepler-10 b,1.09779,0.9998571
Kepler-10 b,1.11414,0.9999564
Kepler-10 b,1.13049,1.0003849
Kepler-10 b,1.14683,1.0002940
Kepler-10 b,1.16318,1.0001116
Kepler-10 b,1.17952,1.0004667
Kepler-10 b,1.19587,1.0002664
Kepler-10 b,1.21222,1.0005436
Kepler-10 b,1.22856,1.0000586
Kepler-10 b,1.24491,1.0002126
Kepler-10 b,1.26126,1.0002800
Kepler-10 b,1.27761,0.9996977
Kepler-10 b,1.29395,1.0001323
Kepler-10 b,1.31030,0.9999762
Kepler-10 b,1.32664,1.0000224
Kepler-10 b,1.34299,1.0000883
Kepler-10 b,1.35934,1.0004235
Kepler-10 b,1.37568,0.9999963
Kepler-10 b,1.39203,0.9999783
Kepler-10 b,1.40838,1.0001806
Kepler-10 b,1.42472,1.0001823
Kepler-10 b,1.44107,1.0001740
Kepler-10 b,1.45741,1.0000640
Kepler-10 b,1.47376,1.0001387
Kepler-10 b,1.49011,1.0000707
Kepler-10 b,1.50646,1.0002415
Kepler-10 b,1.52280,0.9999841
Kepler-10 b,1.53915,0.9997418
Kepler-10 b,1.55549,0.9997463
Kepler-10 b,1.57184,1.0000510
Kepler-10 b,1.58818,1.0001012
Kepler-10 b,1.60453,0.9998674
Kepler-10 b,1.62088,1.0001289
Kepler-10 b,1.63722,1.0006044
Kepler-10 b,1.65357,1.0001974
Kepler-10 b,1.66992,1.0003220
Kepler-10 b,1.68626,1.0001745
Kepler-10 b,1.70261,0.9999968
Kepler-10 b,1.71896,0.9998779
Kepler-10 b,1.73530,0.9997348
Kepler-10 b,1.75165,1.0000129
Kepler-10 b,1.76799,1.0001976
Kepler-10 b,1.78434,1.0000342
Kepler-10 b,1.80069,0.9999178
Kepler-10 b,1.81703,0.9999672
Kepler-10 b,1.83338,0.9999175
Kepler-10 b,1.84973,1.0002231
Kepler-10 b,1.86607,0.9999148
Kepler-10 b,1.88242,0.9999577
Kepler-10 b,1.89877,1.0002387
Kepler-10 b,1.91512,0.9999790
Kepler-10 b,1.93146,1.0003330
Kepler-10 b,1.94780,0.9996928
Kepler-10 b,1.96415,0.9998947
Kepler-10 b,1.98050,0.9998590
Kepler-10 b,1.99684,1.0000999
Kepler-10 b,2.01319,0.9998499
Kepler-10 b,2.02954,1.0002294
Kepler-10 b,2.04588,0.9999776
Kepler-10 b,2.06223,1.0001005
Kepler-10 b,2.07858,0.9998422
Kepler-10 b,2.09492,0.9999785
Kepler-10 b,2.11127,1.0003288
Kepler-10 b,2.12762,0.9998962
Kepler-10 b,2.14396,1.0002406
Kepler-10 b,2.16031,1.0002822
Kepler-10 b,2.17666,0.9999757
Kepler-10 b,2.19300,1.0003540
Kepler-10 b,2.20935,0.9999349
Kepler-10 b,2.22569,0.9997728
Kepler-10 b,2.24204,1.0002312
Kepler-10 b,2.25839,1.0002691
Kepler-10 b,2.27473,0.9999978
Kepler-10 b,2.29108,1.0000276
Kepler-10 b,2.30743,1.0000792
Kepler-10 b,2.32377,1.0001487
Kepler-10 b,2.34012,1.0002851
Kepler-10 b,2.35646,1.0002535
Kepler-10 b,2.37281,0.9997836
Kepler-10 b,2.38916,1.0001305
Kepler-10 b,2.40550,1.0001575
Kepler-10 b,2.42185,1.0002689
Kepler-10 b,2.43820,0.9995851
Kepler-10 b,2.45454,1.0000188
Kepler-10 b,2.47089,1.0000095
Kepler-10 b,2.48724,1.0003674
Kepler-10 b,2.50358,0.9996652
Kepler-10 b,2.51993,1.0001162
Kepler-10 b,2.53628,0.9996160
Kepler-10 b,2.55262,0.9999184
Kepler-10 b,2.56897,0.9997233
Kepler-10 b,2.58532,1.0003171
Kepler-10 b,2.60166,1.0003592
Kepler-10 b,2.61801,0.9999385
Kepler-10 b,2.63435,1.0002169
Kepler-10 b,2.65070,1.0001472
Kepler-10 b,2.66705,0.9997083
Kepler-10 b,2.68339,1.0002292
Kepler-10 b,2.69974,0.9999542
Kepler-10 b,2.71609,1.0000875
Kepler-10 b,2.73243,0.9998026
Kepler-10 b,2.74878,0.9999515
Kepler-10 b,2.76512,1.0000929
Kepler-10 b,2.78147,0.9997085
Kepler-10 b,2.79782,1.0000223
Kepler-10 b,2.81416,1.0003095
Kepler-10 b,2.83051,0.9999376
Kepler-10 b,2.84686,1.0000197
Kepler-10 b,2.86320,1.0001675
Kepler-10 b,2.87955,0.9999776
Kepler-10 b,2.89590,0.9996382
Kepler-10 b,2.91224,1.0003057
Kepler-10 b,2.92859,0.9997388
Kepler-10 b,2.94494,1.0001361
Kepler-10 b,2.96128,1.0001461
Kepler-10 b,2.97763,0.9998393
Kepler-10 b,2.99398,1.0002587
Kepler-10 b,3.01032,0.9998387
Kepler-10 b,3.02667,0.9999175
Kepler-10 b,3.04301,1.0000558
Kepler-10 b,3.05936,0.9998401
Kepler-10 b,3.07571,0.9998997
Kepler-10 b,3.09205,0.9998831
Kepler-10 b,3.10840,1.0000558
Kepler-10 b,3.12475,0.9998753
Kepler-10 b,3.14109,1.0001390
Kepler-10 b,3.15744,1.0001818
Kepler-10 b,3.17378,0.9997995
Kepler-10 b,3.19013,0.9997935
Kepler-10 b,3.20648,1.0000691
Kepler-10 b,3.22282,1.0001372
Kepler-10 b,3.23917,0.9998855
Kepler-10 b,3.25552,1.0001992
Kepler-10 b,3.27186,0.9999740
Kepler-10 b,3.28821,0.9999220
Kepler-10 b,3.30456,1.0001003
Kepler-10 b,3.32090,1.0000980
Kepler-10 b,3.33725,0.9999601
Kepler-10 b,3.35360,1.0001545
Kepler-10 b,3.36994,1.0000955
Kepler-10 b,3.38629,0.9997577
Kepler-10 b,3.40263,1.0001425
Kepler-10 b,3.41898,0.9999998
Kepler-10 b,3.43533,1.0001112
Kepler-10 b,3.45167,1.0003787
Kepler-10 b,3.46802,1.0005758
Kepler-10 b,3.48437,1.0003218
Kepler-10 b,3.50071,1.0002719
Kepler-10 b,3.51706,1.0001124
Kepler-10 b,3.53340,0.9998770
Kepler-10 b,3.54975,1.0001686
Kepler-10 b,3.56610,1.0003503
Kepler-10 b,3.58245,0.9998090
Kepler-10 b,3.59879,1.0000864
Kepler-10 b,3.61514,0.9998297
Kepler-10 b,3.63149,1.0003054
Kepler-10 b,3.64783,1.0000946
Kepler-10 b,3.66418,1.0002263
Kepler-10 b,3.68052,1.0003256
Kepler-10 b,3.69687,0.9999058
Kepler-10 b,3.71322,0.9999151
Kepler-10 b,3.72956,1.0001471
Kepler-10 b,3.74591,0.9998587
Kepler-10 b,3.76226,1.0001732
Kepler-10 b,3.77860,1.0000509
Kepler-10 b,3.79495,0.9998736
Kepler-10 b,3.81129,0.9996012
Kepler-10 b,3.82764,0.9998726
Kepler-10 b,3.84399,1.0003462
Kepler-10 b,3.86033,1.0000372
Kepler-10 b,3.87668,1.0000588
Kepler-10 b,3.89303,0.9996550
Kepler-10 b,3.90937,0.9998059
Kepler-10 b,3.92572,1.0000508
Kepler-10 b,3.94206,0.9995212
Kepler-10 b,3.95841,0.9999076
Kepler-10 b,3.97476,0.9998384
Kepler-10 b,3.99110,1.0000383
Kepler-10 b,4.00745,0.9998676
Kepler-10 b,4.02380,0.9998515
Kepler-10 b,4.04015,1.0004312
Kepler-10 b,4.05649,0.9997490
Kepler-10 b,4.07284,0.9999168
Kepler-10 b,4.08918,1.0001451
Kepler-10 b,4.10553,1.0001416
Kepler-10 b,4.12188,1.0000180
Kepler-10 b,4.13822,1.0002141
Kepler-10 b,4.15457,1.0002831
Kepler-10 b,4.17092,0.9997408
Kepler-10 b,4.18726,1.0002707
Kepler-10 b,4.20361,0.9996773
Kepler-10 b,4.21995,0.9997908
Kepler-10 b,4.23630,1.0000308
Kepler-10 b,4.25265,0.9999015
Kepler-10 b,4.26899,1.0001362
Kepler-10 b,4.28534,0.9997311
Kepler-10 b,4.30169,0.9996388
Kepler-10 b,4.31803,0.9997218
Kepler-10 b,4.33438,0.9997246
Kepler-10 b,4.35073,1.0001849
Kepler-10 b,4.36707,0.9996342
Kepler-10 b,4.38342,0.9999400
Kepler-10 b,4.39977,0.9998081
Kepler-10 b,4.41611,0.9999132
Kepler-10 b,4.43246,0.9998611
Kepler-10 b,4.44880,0.9997930
Kepler-10 b,4.46515,1.0002823
Kepler-10 b,4.48150,0.9997931
Kepler-10 b,4.49784,1.0003228
Kepler-10 b,4.51419,0.9996691
Kepler-10 b,4.53054,1.0001895
Kepler-10 b,4.54688,0.9995185
Kepler-10 b,4.56323,0.9996725
Kepler-10 b,4.57958,1.0001816
Kepler-10 b,4.59592,0.9999393
Kepler-10 b,4.61227,1.0001761
Kepler-10 b,4.62861,0.9999865
Kepler-10 b,4.64496,1.0002095
Kepler-10 b,4.66131,0.9998612
Kepler-10 b,4.67765,0.9998635
Kepler-10 b,4.69400,1.0001335
Kepler-10 b,4.71035,0.9998169
Kepler-10 b,4.72669,0.9994073
Kepler-10 b,4.74304,0.9998550
Kepler-10 b,4.75938,0.9998653
Kepler-10 b,4.77573,1.0001671
Kepler-10 b,4.79208,1.0001124
Kepler-10 b,-4.79697,1.0000091
Kepler-10 b,-4.78062,0.9999955
Kepler-10 b,-4.76428,0.9998700
Kepler-10 b,-4.74793,0.9999119
Kepler-10 b,-4.73158,1.0001438
Kepler-10 b,-4.71524,0.9998725
Kepler-10 b,-4.69889,1.0002264
Kepler-10 b,-4.68254,1.0000986
Kepler-10 b,-4.66620,0.9996502
Kepler-10 b,-4.64985,1.0001765
Kepler-10 b,-4.63350,1.0002053
Kepler-10 b,-4.61716,0.9999452
Kepler-10 b,-4.60081,1.0003143
Kepler-10 b,-4.58446,1.0000780
Kepler-10 b,-4.56812,0.9999420
Kepler-10 b,-4.55177,0.9996745
Kepler-10 b,-4.53542,0.9998951
Kepler-10 b,-4.51908,1.0000851
Kepler-10 b,-4.50273,0.9997454
Kepler-10 b,-4.48639,0.9999666
Kepler-10 b,-4.47004,1.0000409
Kepler-10 b,-4.45369,0.9999979
Kepler-10 b,-4.43735,1.0000715
Kepler-10 b,-4.42100,1.0000591
Kepler-10 b,-4.40465,0.9998005
Kepler-10 b,-4.38831,0.9998661
Kepler-10 b,-4.37196,1.0002481
Kepler-10 b,-4.35562,0.9997669
Kepler-10 b,-4.33927,1.0001131
Kepler-10 b,-4.32292,0.9998995
Kepler-10 b,-4.30658,0.9995421
Kepler-10 b,-4.29023,1.0005893
Kepler-10 b,-4.27388,0.9998736
Kepler-10 b,-4.25754,0.9998274
Kepler-10 b,-4.24119,0.9997556
Kepler-10 b,-4.22485,0.9998545
Kepler-10 b,-4.20850,1.0000263
Kepler-10 b,-4.19215,1.0002211
Kepler-10 b,-4.17580,1.0003088
Kepler-10 b,-4.15946,0.9998630
Kepler-10 b,-4.14311,1.0001676
Kepler-10 b,-4.12677,1.0001879
Kepler-10 b,-4.11042,1.0002712
Kepler-10 b,-4.09408,1.0005475
Kepler-10 b,-4.07773,0.9999127
Kepler-10 b,-4.06138,0.9997897
Kepler-10 b,-4.04504,1.0000582
Kepler-10 b,-4.02869,0.9998351
Kepler-10 b,-4.01234,0.9996850
Kepler-10 b,-3.99600,0.9997246
Kepler-10 b,-3.97965,1.0003565
Kepler-10 b,-3.96330,1.0003715
Kepler-10 b,-3.94696,0.9999935
Kepler-10 b,-3.93061,1.0002830
Kepler-10 b,-3.91426,1.0001002
Kepler-10 b,-3.89791,0.9999528
Kepler-10 b,-3.88157,1.0005867
Kepler-10 b,-3.86523,0.9999233
Kepler-10 b,-3.84888,1.0001572
Kepler-10 b,-3.83253,1.0002064
Kepler-10 b,-3.81619,1.0001827
Kepler-10 b,-3.79984,0.9997538
Kepler-10 b,-3.78349,1.0000059
Kepler-10 b,-3.76715,0.9998378
Kepler-10 b,-3.75080,1.0000681
Kepler-10 b,-3.73445,1.0000677
Kepler-10 b,-3.71811,1.0002511
Kepler-10 b,-3.70176,0.9999043
Kepler-10 b,-3.68541,0.9999111
Kepler-10 b,-3.66907,0.9998862
Kepler-10 b,-3.65272,0.9998780
Kepler-10 b,-3.63637,0.9997987
Kepler-10 b,-3.62003,1.0001991
Kepler-10 b,-3.60368,0.9998502
Kepler-10 b,-3.58734,1.0000692
Kepler-10 b,-3.57099,0.9996244
Kepler-10 b,-3.55464,0.9999560
Kepler-10 b,-3.53830,0.9995673
Kepler-10 b,-3.52195,0.9999308
Kepler-10 b,-3.50560,1.0006134
Kepler-10 b,-3.48926,0.9998397
Kepler-10 b,-3.47291,1.0003681
Kepler-10 b,-3.45657,1.0001667
Kepler-10 b,-3.44022,0.9999479
Kepler-10 b,-3.42387,0.9999988
Kepler-10 b,-3.40753,0.9996920
Kepler-10 b,-3.39118,1.0002233
Kepler-10 b,-3.37483,0.9999192
Kepler-10 b,-3.35849,1.0001495
Kepler-10 b,-3.34214,1.0000309
Kepler-10 b,-3.32580,0.9998099
Kepler-10 b,-3.30945,1.0001327
Kepler-10 b,-3.29310,1.0001614
Kepler-10 b,-3.27675,0.9999595
Kepler-10 b,-3.26041,1.0000852
Kepler-10 b,-3.24406,0.9998006
Kepler-10 b,-3.22771,0.9997788
Kepler-10 b,-3.21137,1.0002273
Kepler-10 b,-3.19502,1.0000883
Kepler-10 b,-3.17868,1.0003946
Kepler-10 b,-3.16233,1.0001382
Kepler-10 b,-3.14598,1.0000587
Kepler-10 b,-3.12964,0.9997550
Kepler-10 b,-3.11329,0.9997841
Kepler-10 b,-3.09694,0.9997286
Kepler-10 b,-3.08060,0.9995132
Kepler-10 b,-3.06425,0.9998646
Kepler-10 b,-3.04791,1.0001038
Kepler-10 b,-3.03156,0.9998497
Kepler-10 b,-3.01521,1.0002071
Kepler-10 b,-2.99887,1.0003013
Kepler-10 b,-2.98252,0.9998291
Kepler-10 b,-2.96617,1.0000153
Kepler-10 b,-2.94983,1.0000159
Kepler-10 b,-2.93348,1.0000346
Kepler-10 b,-2.91713,1.0003594
Kepler-10 b,-2.90079,0.9999223
Kepler-10 b,-2.88444,1.0000697
Kepler-10 b,-2.86809,1.0000451
Kepler-10 b,-2.85175,0.9996071
Kepler-10 b,-2.83540,0.9998300
Kepler-10 b,-2.81905,0.9999788
Kepler-10 b,-2.80271,1.0002065
Kepler-10 b,-2.78636,1.0001759
Kepler-10 b,-2.77002,0.9997630
Kepler-10 b,-2.75367,0.9999479
Kepler-10 b,-2.73732,1.0001182
Kepler-10 b,-2.72098,0.9994749
Kepler-10 b,-2.70463,1.0002017
Kepler-10 b,-2.68828,1.0000484
Kepler-10 b,-2.67194,0.9998359
Kepler-10 b,-2.65559,1.0001627
Kepler-10 b,-2.63925,1.0000346
Kepler-10 b,-2.62290,1.0004940
Kepler-10 b,-2.60655,1.0006776
Kepler-10 b,-2.59021,1.0003718
Kepler-10 b,-2.57386,0.9998320
Kepler-10 b,-2.55751,0.9998924
Kepler-10 b,-2.54117,0.9999806
Kepler-10 b,-2.52482,1.0000352
Kepler-10 b,-2.50847,1.0001066
Kepler-10 b,-2.49213,0.9998347
Kepler-10 b,-2.47578,0.9997625
Kepler-10 b,-2.45943,0.9997797
Kepler-10 b,-2.44309,1.0001382
Kepler-10 b,-2.42674,0.9997380
Kepler-10 b,-2.41040,1.0000224
Kepler-10 b,-2.39405,0.9997823
Kepler-10 b,-2.37770,0.9995829
Kepler-10 b,-2.36136,0.9996637
Kepler-10 b,-2.34501,1.0003072
Kepler-10 b,-2.32866,0.9997781
Kepler-10 b,-2.31232,1.0001078
Kepler-10 b,-2.29597,0.9996352
Kepler-10 b,-2.27963,1.0006480
Kepler-10 b,-2.26328,0.9998373
Kepler-10 b,-2.24693,0.9998546
Kepler-10 b,-2.23059,0.9996499
Kepler-10 b,-2.21424,1.0000266
Kepler-10 b,-2.19789,1.0000030
Kepler-10 b,-2.18155,0.9999359
Kepler-10 b,-2.16520,0.9998573
Kepler-10 b,-2.14885,1.0002657
Kepler-10 b,-2.13251,0.9997079
Kepler-10 b,-2.11616,1.0003657
Kepler-10 b,-2.09981,0.9997151
Kepler-10 b,-2.08347,1.0002518
Kepler-10 b,-2.06712,0.9998918
Kepler-10 b,-2.05077,0.9998964
Kepler-10 b,-2.03443,1.0002046
Kepler-10 b,-2.01808,0.9997710
Kepler-10 b,-2.00174,0.9997437
Kepler-10 b,-1.98539,0.9998531
Kepler-10 b,-1.96904,0.9998799
Kepler-10 b,-1.95270,0.9999647
Kepler-10 b,-1.93635,1.0003457
Kepler-10 b,-1.92000,1.0005213
Kepler-10 b,-1.90366,1.0009710
Kepler-10 b,-1.88731,0.9997768
Kepler-10 b,-1.87097,1.0002399
Kepler-10 b,-1.85462,0.9998508
Kepler-10 b,-1.83827,1.0003497
Kepler-10 b,-1.82193,0.9999007
Kepler-10 b,-1.80558,0.9999689
Kepler-10 b,-1.78923,1.0001745
Kepler-10 b,-1.77288,0.9999326
Kepler-10 b,-1.75654,0.9997127
Kepler-10 b,-1.74019,0.9999616
Kepler-10 b,-1.72385,0.9998550
Kepler-10 b,-1.70750,0.9998696
Kepler-10 b,-1.69115,1.0001089
Kepler-10 b,-1.67481,0.9999261
Kepler-10 b,-1.65846,0.9997977
Kepler-10 b,-1.64211,0.9997389
Kepler-10 b,-1.62577,0.9999239
Kepler-10 b,-1.60942,0.9998904
Kepler-10 b,-1.59308,1.0001694
Kepler-10 b,-1.57673,0.9998219
Kepler-10 b,-1.56038,0.9999005
Kepler-10 b,-1.54404,0.9998707
Kepler-10 b,-1.52769,1.0000220
Kepler-10 b,-1.51134,0.9991706
Kepler-10 b,-1.49500,0.9996516
Kepler-10 b,-1.47865,0.9997750
Kepler-10 b,-1.46231,0.9999768
Kepler-10 b,-1.44596,1.0000440
Kepler-10 b,-1.42961,0.9996735
Kepler-10 b,-1.41327,0.9995433
Kepler-10 b,-1.39692,0.9999798
Kepler-10 b,-1.38057,1.0000815
Kepler-10 b,-1.36423,1.0007534
Kepler-10 b,-1.34788,0.9999205
Kepler-10 b,-1.33153,1.0001113
Kepler-10 b,-1.31519,1.0000675
Kepler-10 b,-1.29884,1.0000330
Kepler-10 b,-1.28249,0.9996927
Kepler-10 b,-1.26615,1.0000052
Kepler-10 b,-1.24980,0.9999957
Kepler-10 b,-1.23345,0.9997395
Kepler-10 b,-1.21711,1.0000788
Kepler-10 b,-1.20076,0.9994322
Kepler-10 b,-1.18442,0.9998910
Kepler-10 b,-1.16807,1.0000891
Kepler-10 b,-1.15172,1.0000866
Kepler-10 b,-1.13538,0.9998919
Kepler-10 b,-1.11903,0.9999168
Kepler-10 b,-1.10268,0.9997429
Kepler-10 b,-1.08634,1.0001457
Kepler-10 b,-1.06999,0.9997417
Kepler-10 b,-1.05364,1.0000438
Kepler-10 b,-1.03730,0.9998200
Kepler-10 b,-1.02095,1.0000881
Kepler-10 b,-1.00460,1.0000664
Kepler-10 b,-0.98826,0.9999299
Kepler-10 b,-0.97191,0.9995519
Kepler-10 b,-0.95557,1.0005965
Kepler-10 b,-0.93922,1.0001661
Kepler-10 b,-0.92287,1.0000313
Kepler-10 b,-0.90653,1.0002833
Kepler-10 b,-0.89018,1.0000166
Kepler-10 b,-0.87383,1.0000172
Kepler-10 b,-0.85749,0.9997093
Kepler-10 b,-0.84114,0.9998598
Kepler-10 b,-0.82480,0.9996437
Kepler-10 b,-0.80845,0.9996308
Kepler-10 b,-0.79210,1.0001970
Kepler-10 b,-0.77576,0.9999758
Kepler-10 b,-0.75941,0.9997229
Kepler-10 b,-0.74306,1.0000351
Kepler-10 b,-0.72672,1.0000101
Kepler-10 b,-0.71037,0.9997412
Kepler-10 b,-0.69402,0.9993629
Kepler-10 b,-0.67768,1.0002696
Kepler-10 b,-0.66133,0.9997574
Kepler-10 b,-0.64499,0.9995282
Kepler-10 b,-0.62864,1.0003405
Kepler-10 b,-0.61229,0.9997503
Kepler-10 b,-0.59595,0.9996435
Kepler-10 b,-0.57960,0.9994105
Kepler-10 b,-0.56325,0.9997324
Kepler-10 b,-0.54691,1.0000482
Kepler-10 b,-0.53056,0.9995000
Kepler-10 b,-0.51421,0.9998661
Kepler-10 b,-0.49787,0.9998108
Kepler-10 b,-0.48152,1.0000489
Kepler-10 b,-0.46517,0.9998694
Kepler-10 b,-0.44883,0.9997627
Kepler-10 b,-0.43248,0.9999528
Kepler-10 b,-0.41614,0.9996776
Kepler-10 b,-0.39979,0.9999275
Kepler-10 b,-0.38344,0.9999312
Kepler-10 b,-0.36710,0.9997611
Kepler-10 b,-0.35075,1.0002122
Kepler-10 b,-0.33440,0.9998006
Kepler-10 b,-0.31806,1.0001124
Kepler-10 b,-0.30171,0.9999798
Kepler-10 b,-0.28536,0.9997555
Kepler-10 b,-0.26902,0.9992282
Kepler-10 b,-0.25267,0.9997502
Kepler-10 b,-0.23632,0.9998826
Kepler-10 b,-0.21998,0.9993934
Kepler-10 b,-0.20363,1.0008220
Kepler-10 b,-0.18728,0.9992813
Kepler-10 b,-0.17094,0.9997558
Kepler-10 b,-0.15459,0.9998727
Kepler-10 b,-0.13825,1.0000513
Kepler-10 b,-0.12190,0.9995775
Kepler-10 b,-0.10555,0.9996103
Kepler-10 b,-0.08921,0.9998194
Kepler-10 b,-0.07286,0.9999598
Kepler-10 b,-0.05651,0.9999235
Kepler-10 b,-0.04017,0.9999406
Kepler-10 b,-0.02382,1.0000517
Kepler-10 b,-0.00748,0.9997835
Kepler-10 b,0.00887,0.9999464
Kepler-10 b,0.02522,0.9993129
Kepler-10 b,0.04156,0.9994963
Kepler-10 b,0.05791,0.9996443
Kepler-10 b,0.07426,0.9997222
Kepler-10 b,0.09060,0.9994548
Kepler-10 b,0.10695,0.9995329
Kepler-10 b,0.12329,0.9997544
Kepler-10 b,0.13964,1.0001463
Kepler-10 b,0.15599,0.9997301
Kepler-10 b,0.17234,0.9997987
Kepler-10 b,0.18868,0.9992928
Kepler-10 b,0.20503,0.9993896
Kepler-10 b,0.22138,0.9998323
Kepler-10 b,0.23772,0.9995233
Kepler-10 b,0.25406,0.9997219
Kepler-10 b,0.27041,0.9999941
Kepler-10 b,0.28676,0.9997937
Kepler-10 b,0.30311,0.9995591
Kepler-10 b,0.31945,0.9999376
Kepler-10 b,0.33580,0.9997985
Kepler-10 b,0.35215,0.9999394
Kepler-10 b,0.36849,0.9997235
Kepler-10 b,0.38484,0.9995027
Kepler-10 b,0.40118,0.9992789
Kepler-10 b,0.41753,0.9999173
Kepler-10 b,0.43388,0.9994242
Kepler-10 b,0.45022,0.9996380
Kepler-10 b,0.46657,1.0001146
Kepler-10 b,0.48292,1.0001751
Kepler-10 b,0.49926,0.9997039
Kepler-10 b,0.51561,0.9996057
Kepler-10 b,0.53195,0.9996572
Kepler-10 b,0.54830,0.9992989
Kepler-10 b,0.56465,0.9997433
Kepler-10 b,0.58100,0.9997871
Kepler-10 b,0.59734,0.9996729
Kepler-10 b,0.61369,1.0000434
Kepler-10 b,0.63003,0.9999152
Kepler-10 b,0.64638,0.9998682
Kepler-10 b,0.66272,1.0000826
Kepler-10 b,0.67907,0.9998420
Kepler-10 b,0.69542,0.9996921
Kepler-10 b,0.71176,1.0001917
Kepler-10 b,0.72811,0.9998817
Kepler-10 b,0.74446,0.9996935
Kepler-10 b,0.76080,0.9999931
Kepler-10 b,0.77715,0.9995804
Kepler-10 b,0.79350,1.0000749
Kepler-10 b,0.80984,0.9997116
Kepler-10 b,0.82619,0.9995316
Kepler-10 b,0.84254,1.0000510
Kepler-10 b,0.85888,1.0002962
Kepler-10 b,0.87523,0.9997534
Kepler-10 b,0.89158,0.9998486
Kepler-10 b,0.90792,1.0003192
Kepler-10 b,0.92427,1.0000844
Kepler-10 b,0.94061,1.0001236
Kepler-10 b,0.95696,1.0001807
Kepler-10 b,0.97331,0.9996533
Kepler-10 b,0.98965,0.9997600
Kepler-10 b,1.00600,1.0000597
Kepler-10 b,1.02235,1.0000209
Kepler-10 b,1.03869,0.9996756
Kepler-10 b,1.05504,0.9999815
Kepler-10 b,1.07138,1.0001301
Kepler-10 b,1.08773,1.0002713
Kepler-10 b,1.10408,1.0000602
Kepler-10 b,1.12043,1.0002765
Kepler-10 b,1.13677,1.0000595
Kepler-10 b,1.15312,0.9996203
Kepler-10 b,1.16946,0.9998410
Kepler-10 b,1.18581,0.9998716
Kepler-10 b,1.20216,0.9999336
Kepler-10 b,1.21850,1.0003654
Kepler-10 b,1.23485,0.9999876
Kepler-10 b,1.25120,1.0002062
Kepler-10 b,1.26754,0.9999912
Kepler-10 b,1.28389,1.0002348
Kepler-10 b,1.30023,0.9997145
Kepler-10 b,1.31658,1.0001695
Kepler-10 b,1.33293,1.0000193
Kepler-10 b,1.34927,1.0003631
Kepler-10 b,1.36562,0.9996806
Kepler-10 b,1.38197,0.9998962
Kepler-10 b,1.39831,0.9997589
Kepler-10 b,1.41466,0.9998216
Kepler-10 b,1.43100,1.0000014
Kepler-10 b,1.44735,0.9996354
Kepler-10 b,1.46370,0.9999097
Kepler-10 b,1.48004,0.9999408
Kepler-10 b,1.49639,0.9999471
Kepler-10 b,1.51274,0.9997666
Kepler-10 b,1.52908,0.9999849
Kepler-10 b,1.54543,0.9997688
Kepler-10 b,1.56178,0.9999516
Kepler-10 b,1.57812,0.9996752
Kepler-10 b,1.59447,1.0001864
Kepler-10 b,1.61082,1.0000549
Kepler-10 b,1.62716,1.0000568
Kepler-10 b,1.64351,0.9999346
Kepler-10 b,1.65986,1.0002612
Kepler-10 b,1.67620,0.9997360
Kepler-10 b,1.69255,0.9999364
Kepler-10 b,1.70889,1.0001162
Kepler-10 b,1.72524,0.9997508
Kepler-10 b,1.74159,0.9996663
Kepler-10 b,1.75793,0.9994421
Kepler-10 b,1.77428,0.9999245
Kepler-10 b,1.79063,0.9996820
Kepler-10 b,1.80697,0.9996580
Kepler-10 b,1.82332,0.9997020
Kepler-10 b,1.83967,0.9996553
Kepler-10 b,1.85601,1.0001848
Kepler-10 b,1.87236,0.9994019
Kepler-10 b,1.88871,0.9997136
Kepler-10 b,1.90505,0.9998759
Kepler-10 b,1.92140,0.9998796
Kepler-10 b,1.93775,1.0000201
Kepler-10 b,1.95409,1.0000795
Kepler-10 b,1.97044,1.0000534
Kepler-10 b,1.98678,0.9998652
Kepler-10 b,2.00313,0.9999281
Kepler-10 b,2.01948,1.0000001
Kepler-10 b,2.03582,0.9999263
Kepler-10 b,2.05217,1.0003815
Kepler-10 b,2.06852,0.9998402
Kepler-10 b,2.08486,0.9998950
Kepler-10 b,2.10121,0.9999303
Kepler-10 b,2.11755,0.9997873
Kepler-10 b,2.13390,0.9998389
Kepler-10 b,2.15025,0.9996392
Kepler-10 b,2.16659,0.9997881
Kepler-10 b,2.18294,0.9997863
Kepler-10 b,2.19929,0.9999035
Kepler-10 b,2.21563,1.0002262
Kepler-10 b,2.23198,0.9997154
Kepler-10 b,2.24832,1.0000372
Kepler-10 b,2.26467,1.0000921
Kepler-10 b,2.28102,0.9997735
Kepler-10 b,2.29737,0.9998297
Kepler-10 b,2.31371,0.9996854
Kepler-10 b,2.33006,0.9997660
Kepler-10 b,2.34641,0.9995408
Kepler-10 b,2.36275,0.9999116
Kepler-10 b,2.37910,0.9998133
Kepler-10 b,2.39544,0.9997630
Kepler-10 b,2.41179,0.9997387
Kepler-10 b,2.42814,0.9999666
Kepler-10 b,2.44448,1.0000778
Kepler-10 b,2.46083,0.9999647
Kepler-10 b,2.47718,0.9999835
Kepler-10 b,2.49352,0.9995715
Kepler-10 b,2.50987,1.0001930
Kepler-10 b,2.52621,0.9999351
Kepler-10 b,2.54256,0.9999921
Kepler-10 b,2.55891,1.0000383
Kepler-10 b,2.57525,0.9996985
Kepler-10 b,2.59160,0.9999111
Kepler-10 b,2.60795,1.0001804
Kepler-10 b,2.62429,1.0001174
Kepler-10 b,2.64064,0.9999666
Kepler-10 b,2.65699,0.9999299
Kepler-10 b,2.67333,0.9999713
Kepler-10 b,2.68968,0.9997773
Kepler-10 b,2.70603,1.0002155
Kepler-10 b,2.72237,1.0002202
Kepler-10 b,2.73872,0.9999910
Kepler-10 b,2.75506,0.9997755
Kepler-10 b,2.77141,1.0000367
Kepler-10 b,2.78776,1.0000165
Kepler-10 b,2.80410,0.9999259
Kepler-10 b,2.82045,1.0001784
Kepler-10 b,2.83680,1.0003200
Kepler-10 b,2.85314,1.0000126
Kepler-10 b,2.86949,0.9998385
Kepler-10 b,2.88583,1.0000060
Kepler-10 b,2.90218,1.0000937
Kepler-10 b,2.91853,0.9996845
Kepler-10 b,2.93487,1.0002553
Kepler-10 b,2.95122,0.9998249
Kepler-10 b,2.96757,1.0004104
Kepler-10 b,2.98391,1.0001392
Kepler-10 b,3.00026,0.9999829
Kepler-10 b,3.01661,0.9999208
Kepler-10 b,3.03295,1.0000502
Kepler-10 b,3.04930,1.0002459
Kepler-10 b,3.06565,1.0003286
Kepler-10 b,3.08199,1.0002650
Kepler-10 b,3.09834,0.9999724
Kepler-10 b,3.11469,1.0002195
Kepler-10 b,3.13103,0.9998834
Kepler-10 b,3.14738,1.0002170
Kepler-10 b,3.16372,0.9997509
Kepler-10 b,3.18007,0.9997459
Kepler-10 b,3.19642,1.0001488
Kepler-10 b,3.21276,1.0001371
Kepler-10 b,3.22911,1.0000148
Kepler-10 b,3.24546,1.0000325
Kepler-10 b,3.26180,0.9998268
Kepler-10 b,3.27815,0.9999311
Kepler-10 b,3.29449,0.9999031
Kepler-10 b,3.31084,0.9995595
Kepler-10 b,3.32719,0.9997374
Kepler-10 b,3.34353,0.9998917
Kepler-10 b,3.35988,0.9992618
Kepler-10 b,3.37623,0.9997096
Kepler-10 b,3.39257,0.9997997
Kepler-10 b,3.40892,0.9999781
Kepler-10 b,3.42527,0.9998716
Kepler-10 b,3.44161,1.0003773
Kepler-10 b,3.45796,1.0000192
Kepler-10 b,3.47431,1.0003749
Kepler-10 b,3.49065,0.9998976
Kepler-10 b,3.50700,1.0001125
Kepler-10 b,3.52335,0.9997286
Kepler-10 b,3.53969,1.0000773
Kepler-10 b,3.55604,1.0000884
Kepler-10 b,3.57238,1.0004742
Kepler-10 b,3.58873,1.0000139
Kepler-10 b,3.60508,0.9998910
Kepler-10 b,3.62142,1.0001345
Kepler-10 b,3.63777,0.9999483
Kepler-10 b,3.65412,0.9999797
Kepler-10 b,3.67046,0.9997906
Kepler-10 b,3.68681,1.0001874
Kepler-10 b,3.70315,1.0001975
Kepler-10 b,3.71950,0.9999844
Kepler-10 b,3.73585,1.0001610
Kepler-10 b,3.75219,0.9997508
Kepler-10 b,3.76854,0.9999549
Kepler-10 b,3.78489,1.0002001
Kepler-10 b,3.80124,1.0000541
Kepler-10 b,3.81758,1.0003585
Kepler-10 b,3.83393,0.9999627
Kepler-10 b,3.85027,1.0001061
Kepler-10 b,3.86662,1.0000798
Kepler-10 b,3.88297,1.0000290
Kepler-10 b,3.89931,0.9997458
Kepler-10 b,3.91566,1.0001953
Kepler-10 b,3.93201,1.0001492
Kepler-10 b,3.94835,1.0001028
Kepler-10 b,3.96470,1.0002057
Kepler-10 b,3.98104,1.0001132
Kepler-10 b,3.99739,1.0001062
Kepler-10 b,4.01374,0.9999555
Kepler-10 b,4.03008,0.9998744
Kepler-10 b,4.04643,1.0006025
Kepler-10 b,4.06278,0.9998430
Kepler-10 b,4.07912,1.0000679
Kepler-10 b,4.09547,1.0002522
Kepler-10 b,4.11182,0.9999852
Kepler-10 b,4.12816,1.0005852
Kepler-10 b,4.14451,0.9998667
Kepler-10 b,4.16085,1.0000292
Kepler-10 b,4.17720,1.0001602
Kepler-10 b,4.19355,1.0005331
Kepler-10 b,4.20989,1.0000496
Kepler-10 b,4.22624,1.0001490
Kepler-10 b,4.24259,1.0007677
Kepler-10 b,4.25893,0.9998415
Kepler-10 b,4.27528,0.9997170
Kepler-10 b,4.29163,0.9997692
Kepler-10 b,4.30797,0.9996049
Kepler-10 b,4.32432,1.0003249
Kepler-10 b,4.34066,0.9997006
Kepler-10 b,4.35701,0.9994620
Kepler-10 b,4.37335,0.9999953
Kepler-10 b,4.38970,1.0000493
Kepler-10 b,4.40605,1.0002635
Kepler-10 b,4.42240,1.0000979
Kepler-10 b,4.43874,1.0003386
Kepler-10 b,4.45509,1.0000329
Kepler-10 b,4.47143,1.0000395
Kepler-10 b,4.48778,0.9996386
Kepler-10 b,4.50413,1.0000746
Kepler-10 b,4.52047,0.9999693
Kepler-10 b,4.53682,0.9999506
Kepler-10 b,4.55317,0.9998920
Kepler-10 b,4.56952,1.0000800
Kepler-10 b,4.58586,0.9998633
Kepler-10 b,4.60220,1.0002070
Kepler-10 b,4.61855,1.0001978
Kepler-10 b,4.63490,1.0003964
Kepler-10 b,4.65125,1.0000549
Kepler-10 b,4.66759,1.0000791
Kepler-10 b,4.68394,0.9996287
Kepler-10 b,4.70029,0.9998633
Kepler-10 b,4.71663,1.0000596
Kepler-10 b,4.73298,1.0001282
Kepler-10 b,4.74932,1.0002983
Kepler-10 b,4.76567,0.9998588
Kepler-10 b,4.78202,1.0003588
Kepler-10 b,4.79836,1.0001304
Kepler-10 b,-4.79069,0.9999320
Kepler-10 b,-4.77434,0.9999504
Kepler-10 b,-4.75799,0.9999210
Kepler-10 b,-4.74165,1.0001447
Kepler-10 b,-4.72530,0.9999041
Kepler-10 b,-4.70895,0.9996326
Kepler-10 b,-4.69261,1.0000769
Kepler-10 b,-4.67626,0.9998950
Kepler-10 b,-4.65991,0.9998210
Kepler-10 b,-4.64357,1.0000489
Kepler-10 b,-4.62722,1.0001815
Kepler-10 b,-4.61088,0.9999574
Kepler-10 b,-4.59453,0.9998243
Kepler-10 b,-4.57818,0.9998886
Kepler-10 b,-4.56184,0.9999966
Kepler-10 b,-4.54549,1.0002386
Kepler-10 b,-4.52914,1.0004013
Kepler-10 b,-4.51280,1.0000351
Kepler-10 b,-4.49645,0.9997221
Kepler-10 b,-4.48011,1.0001129
Kepler-10 b,-4.46376,1.0001912
Kepler-10 b,-4.44741,0.9996450
Kepler-10 b,-4.43107,0.9999440
Kepler-10 b,-4.41472,1.0000541
Kepler-10 b,-4.39837,0.9998171
Kepler-10 b,-4.38203,1.0001340
Kepler-10 b,-4.36568,0.9996880
Kepler-10 b,-4.34933,1.0000237
Kepler-10 b,-4.33299,0.9998152
Kepler-10 b,-4.31664,0.9999717
Kepler-10 b,-4.30029,1.0001331
Kepler-10 b,-4.28395,1.0000682
Kepler-10 b,-4.26760,0.9997224
Kepler-10 b,-4.25126,1.0000586
Kepler-10 b,-4.23491,0.9997468
Kepler-10 b,-4.21856,0.9999117
Kepler-10 b,-4.20222,1.0002916
Kepler-10 b,-4.18587,0.9998602
Kepler-10 b,-4.16952,0.9995425
Kepler-10 b,-4.15318,1.0001762
Kepler-10 b,-4.13683,1.0003594
Kepler-10 b,-4.12048,1.0001754
Kepler-10 b,-4.10414,1.0002503
Kepler-10 b,-4.08779,1.0003879
Kepler-10 b,-4.07144,1.0001025
Kepler-10 b,-4.05510,0.9998832
Kepler-10 b,-4.03875,0.9999265
Kepler-10 b,-4.02240,0.9998208
Kepler-10 b,-4.00606,1.0001204
Kepler-10 b,-3.98971,1.0000031
Kepler-10 b,-3.97337,1.0002514
Kepler-10 b,-3.95702,1.0002632
Kepler-10 b,-3.94067,1.0000096
Kepler-10 b,-3.92433,0.9997691
Kepler-10 b,-3.90798,1.0000113
Kepler-10 b,-3.89163,1.0000720
Kepler-10 b,-3.87529,1.0000801
Kepler-10 b,-3.85894,1.0000635
Kepler-10 b,-3.84260,1.0001574
Kepler-10 b,-3.82625,1.0004136
Kepler-10 b,-3.80990,1.0000653
Kepler-10 b,-3.79356,1.0002461
Kepler-10 b,-3.77721,0.9999265
Kepler-10 b,-3.76086,1.0001892
Kepler-10 b,-3.74452,1.0000419
Kepler-10 b,-3.72817,0.9997180
Kepler-10 b,-3.71183,1.0000542
Kepler-10 b,-3.69548,1.0001028
Kepler-10 b,-3.67913,0.9999378
Kepler-10 b,-3.66279,0.9998699
Kepler-10 b,-3.64644,1.0003011
Kepler-10 b,-3.63009,1.0002560
Kepler-10 b,-3.61374,0.9997978
Kepler-10 b,-3.59740,1.0000687
Kepler-10 b,-3.58105,0.9998880
Kepler-10 b,-3.56471,1.0001795
Kepler-10 b,-3.54836,0.9997932
Kepler-10 b,-3.53201,0.9999890
Kepler-10 b,-3.51567,1.0004269
Kepler-10 b,-3.49932,0.9997910
Kepler-10 b,-3.48297,1.0000024
Kepler-10 b,-3.46663,1.0000956
Kepler-10 b,-3.45028,0.9996131
Kepler-10 b,-3.43394,0.9998651
Kepler-10 b,-3.41759,0.9998922
Kepler-10 b,-3.40124,1.0003357
Kepler-10 b,-3.38490,1.0000829
Kepler-10 b,-3.36855,0.9996589
Kepler-10 b,-3.35220,0.9998240
Kepler-10 b,-3.33586,1.0001721
Kepler-10 b,-3.31951,1.0001121
Kepler-10 b,-3.30316,1.0003081
Kepler-10 b,-3.28682,1.0000392
Kepler-10 b,-3.27047,1.0003241
Kepler-10 b,-3.25412,0.9998783
Kepler-10 b,-3.23778,0.9997565
Kepler-10 b,-3.22143,1.0000749
Kepler-10 b,-3.20509,1.0001811
Kepler-10 b,-3.18874,1.0002322
Kepler-10 b,-3.17239,1.0001948
Kepler-10 b,-3.15605,1.0000763
Kepler-10 b,-3.13970,1.0000330
Kepler-10 b,-3.12335,0.9997913
Kepler-10 b,-3.10701,0.9994117
Kepler-10 b,-3.09066,1.0002695
Kepler-10 b,-3.07431,0.9998070
Kepler-10 b,-3.05797,0.9998828
Kepler-10 b,-3.04162,1.0003134
Kepler-10 b,-3.02528,0.9998430
Kepler-10 b,-3.00893,0.9999825
Kepler-10 b,-2.99258,1.0002409
Kepler-10 b,-2.97624,0.9997032
Kepler-10 b,-2.95989,0.9997046
Kepler-10 b,-2.94354,0.9997293
Kepler-10 b,-2.92720,0.9999443
Kepler-10 b,-2.91085,1.0003593
Kepler-10 b,-2.89450,1.0003240
Kepler-10 b,-2.87816,0.9999287
Kepler-10 b,-2.86181,0.9998808
Kepler-10 b,-2.84546,1.0000185
Kepler-10 b,-2.82912,1.0001308
Kepler-10 b,-2.81277,0.9999993
Kepler-10 b,-2.79643,0.9998260
Kepler-10 b,-2.78008,1.0001426
Kepler-10 b,-2.76373,1.0001426
Kepler-10 b,-2.74739,0.9998720
Kepler-10 b,-2.73104,0.9997286
Kepler-10 b,-2.71469,1.0000439
Kepler-10 b,-2.69835,1.0001032
Kepler-10 b,-2.68200,1.0000996
Kepler-10 b,-2.66566,0.9995542
Kepler-10 b,-2.64931,1.0000169
Kepler-10 b,-2.63296,1.0006092
Kepler-10 b,-2.61662,0.9999817
Kepler-10 b,-2.60027,1.0001164
Kepler-10 b,-2.58392,1.0003275
Kepler-10 b,-2.56758,0.9998492
Kepler-10 b,-2.55123,1.0003418
Kepler-10 b,-2.53488,0.9998144
Kepler-10 b,-2.51854,0.9997001
Kepler-10 b,-2.50219,1.0001664
Kepler-10 b,-2.48584,0.9998701
Kepler-10 b,-2.46950,1.0000717
Kepler-10 b,-2.45315,1.0000360
Kepler-10 b,-2.43680,1.0001975
Kepler-10 b,-2.42046,0.9998837
Kepler-10 b,-2.40411,1.0000289
Kepler-10 b,-2.38777,1.0000588
Kepler-10 b,-2.37142,1.0001158
Kepler-10 b,-2.35507,0.9996666
Kepler-10 b,-2.33873,1.0002410
Kepler-10 b,-2.32238,0.9997530
Kepler-10 b,-2.30603,1.0001496
Kepler-10 b,-2.28969,0.9998417
Kepler-10 b,-2.27334,0.9997899
Kepler-10 b,-2.25700,0.9999981
Kepler-10 b,-2.24065,0.9995803
Kepler-10 b,-2.22430,0.9997498
Kepler-10 b,-2.20796,1.0003417
Kepler-10 b,-2.19161,1.0008462
Kepler-10 b,-2.17526,0.9998656
Kepler-10 b,-2.15892,1.0000209
Kepler-10 b,-2.14257,1.0002513
Kepler-10 b,-2.12622,1.0000210
Kepler-10 b,-2.10988,0.9995212
Kepler-10 b,-2.09353,0.9998982
Kepler-10 b,-2.07718,1.0000900
Kepler-10 b,-2.06084,0.9998790
Kepler-10 b,-2.04449,0.9998983
Kepler-10 b,-2.02814,0.9999862
Kepler-10 b,-2.01180,1.0000228
Kepler-10 b,-1.99545,0.9997787
Kepler-10 b,-1.97911,0.9999681
Kepler-10 b,-1.96276,0.9998977
Kepler-10 b,-1.94641,0.9999019
Kepler-10 b,-1.93007,0.9995463
Kepler-10 b,-1.91372,1.0001011
Kepler-10 b,-1.89737,0.9997744
Kepler-10 b,-1.88103,1.0001271
Kepler-10 b,-1.86468,0.9997906
Kepler-10 b,-1.84834,1.0001223
Kepler-10 b,-1.83199,0.9998375
Kepler-10 b,-1.81564,0.9997735
Kepler-10 b,-1.79930,0.9996119
Kepler-10 b,-1.78295,1.0000743
Kepler-10 b,-1.76660,0.9998718
Kepler-10 b,-1.75026,0.9998351
Kepler-10 b,-1.73391,0.9998865
Kepler-10 b,-1.71757,1.0000420
Kepler-10 b,-1.70122,1.0003308
Kepler-10 b,-1.68487,1.0001782
Kepler-10 b,-1.66852,0.9999341
Kepler-10 b,-1.65218,1.0000792
Kepler-10 b,-1.63583,0.9998207
Kepler-10 b,-1.61948,1.0001743
Kepler-10 b,-1.60314,0.9996838
Kepler-10 b,-1.58680,0.9998782
Kepler-10 b,-1.57045,1.0004040
Kepler-10 b,-1.55410,0.9998306
Kepler-10 b,-1.53776,1.0003344
Kepler-10 b,-1.52141,1.0001101
Kepler-10 b,-1.50506,1.0002846
Kepler-10 b,-1.48871,1.0002486
Kepler-10 b,-1.47237,0.9999256
Kepler-10 b,-1.45602,0.9999603
Kepler-10 b,-1.43968,1.0004086
Kepler-10 b,-1.42333,0.9995992
Kepler-10 b,-1.40698,0.9998736
Kepler-10 b,-1.39063,0.9999617
Kepler-10 b,-1.37429,0.9995254
Kepler-10 b,-1.35794,0.9999689
Kepler-10 b,-1.34160,1.0001541
Kepler-10 b,-1.32525,0.9998075
Kepler-10 b,-1.30891,0.9999642
Kepler-10 b,-1.29256,1.0001033
Kepler-10 b,-1.27621,0.9997868
Kepler-10 b,-1.25987,0.9999450
Kepler-10 b,-1.24352,1.0000170
Kepler-10 b,-1.22717,1.0000561
Kepler-10 b,-1.21083,0.9995978
Kepler-10 b,-1.19448,0.9995699
Kepler-10 b,-1.17813,1.0000874
Kepler-10 b,-1.16179,1.0000882
Kepler-10 b,-1.14544,0.9998238
Kepler-10 b,-1.12909,1.0000309
Kepler-10 b,-1.11275,0.9997885
Kepler-10 b,-1.09640,1.0001502
Kepler-10 b,-1.08006,1.0002835
Kepler-10 b,-1.06371,0.9998974
Kepler-10 b,-1.04736,1.0001312
Kepler-10 b,-1.03102,1.0001691
Kepler-10 b,-1.01467,1.0000882
Kepler-10 b,-0.99832,0.9999556
Kepler-10 b,-0.98198,0.9999588
Kepler-10 b,-0.96563,0.9998309
Kepler-10 b,-0.94929,0.9998103
Kepler-10 b,-0.93294,1.0003206
Kepler-10 b,-0.91659,0.9999817
Kepler-10 b,-0.90025,0.9994945
Kepler-10 b,-0.88390,1.0000604
Kepler-10 b,-0.86755,0.9997875
Kepler-10 b,-0.85121,0.9999451
Kepler-10 b,-0.83486,1.0000959
Kepler-10 b,-0.81851,0.9997141
Kepler-10 b,-0.80217,0.9999320
Kepler-10 b,-0.78582,0.9998821
Kepler-10 b,-0.76947,1.0001373
Kepler-10 b,-0.75313,0.9998900
Kepler-10 b,-0.73678,1.0001444
Kepler-10 b,-0.72043,0.9998008
Kepler-10 b,-0.70409,0.9997663
Kepler-10 b,-0.68774,1.0000094
Kepler-10 b,-0.67140,1.0001122
Kepler-10 b,-0.65505,0.9997195
Kepler-10 b,-0.63870,0.9995231
Kepler-10 b,-0.62236,0.9996924
Kepler-10 b,-0.60601,0.9998911
Kepler-10 b,-0.58966,0.9997361
Kepler-10 b,-0.57332,0.9997545
Kepler-10 b,-0.55697,0.9994496
Kepler-10 b,-0.54063,0.9994505
Kepler-10 b,-0.52428,0.9995243
Kepler-10 b,-0.50793,0.9995173
Kepler-10 b,-0.49159,0.9993274
Kepler-10 b,-0.47524,1.0001956
Kepler-10 b,-0.45889,0.9993477
Kepler-10 b,-0.44255,0.9996405
Kepler-10 b,-0.42620,0.9996904
Kepler-10 b,-0.40985,0.9999425
Kepler-10 b,-0.39351,0.9999661
Kepler-10 b,-0.37716,0.9996600
Kepler-10 b,-0.36081,0.9997053
Kepler-10 b,-0.34447,0.9996253
Kepler-10 b,-0.32812,0.9995094
Kepler-10 b,-0.31177,0.9998663
Kepler-10 b,-0.29543,0.9999064
Kepler-10 b,-0.27908,1.0000116
Kepler-10 b,-0.26274,0.9995616
Kepler-10 b,-0.24639,0.9999038
Kepler-10 b,-0.23004,0.9999993
Kepler-10 b,-0.21370,1.0001602
Kepler-10 b,-0.19735,0.9999483
Kepler-10 b,-0.18100,1.0000001
Kepler-10 b,-0.16466,1.0001521
Kepler-10 b,-0.14831,0.9995560
Kepler-10 b,-0.13197,0.9998084
Kepler-10 b,-0.11562,0.9998427
Kepler-10 b,-0.09927,0.9998324
Kepler-10 b,-0.08293,0.9998025
Kepler-10 b,-0.06658,0.9996439
Kepler-10 b,-0.05023,0.9997984
Kepler-10 b,-0.03389,0.9997303
Kepler-10 b,-0.01754,0.9997363
Kepler-10 b,-0.00119,0.9996669
Kepler-10 b,0.01515,0.9999100
Kepler-10 b,0.03150,1.0001250
Kepler-10 b,0.04785,0.9999871
Kepler-10 b,0.06419,1.0000338
Kepler-10 b,0.08054,0.9994907
Kepler-10 b,0.09689,0.9998228
Kepler-10 b,0.11323,0.9997514
Kepler-10 b,0.12958,0.9997998
Kepler-10 b,0.14592,0.9996161
Kepler-10 b,0.16227,1.0000494
Kepler-10 b,0.17862,0.9993948
Kepler-10 b,0.19496,0.9996346
Kepler-10 b,0.21131,0.9996095
Kepler-10 b,0.22766,0.9995313
Kepler-10 b,0.24400,1.0000098
Kepler-10 b,0.26035,0.9989738
Kepler-10 b,0.27669,0.9998150
Kepler-10 b,0.29304,0.9998173
Kepler-10 b,0.30939,0.9996415
Kepler-10 b,0.32573,0.9997365
Kepler-10 b,0.34208,0.9998758
Kepler-10 b,0.35843,0.9995865
Kepler-10 b,0.37477,0.9997327
Kepler-10 b,0.39112,0.9993716
Kepler-10 b,0.40747,0.9998498
Kepler-10 b,0.42381,0.9998586
Kepler-10 b,0.44016,0.9998763
Kepler-10 b,0.45651,0.9998182
Kepler-10 b,0.47285,0.9998141
Kepler-10 b,0.48920,0.9997429
Kepler-10 b,0.50554,0.9997117
Kepler-10 b,0.52189,0.9993041
Kepler-10 b,0.53824,0.9999475
Kepler-10 b,0.55458,0.9998469
Kepler-10 b,0.57093,0.9999900
Kepler-10 b,0.58728,1.0001407
Kepler-10 b,0.60362,0.9997882
Kepler-10 b,0.61997,0.9995898
Kepler-10 b,0.63632,0.9997503
Kepler-10 b,0.65266,0.9999483
Kepler-10 b,0.66901,0.9996350
Kepler-10 b,0.68535,0.9997417
Kepler-10 b,0.70170,0.9997711
Kepler-10 b,0.71805,0.9997002
Kepler-10 b,0.73440,0.9995311
Kepler-10 b,0.75074,0.9998110
Kepler-10 b,0.76709,0.9997882
Kepler-10 b,0.78343,0.9998204
Kepler-10 b,0.79978,1.0000777
Kepler-10 b,0.81613,0.9994046
Kepler-10 b,0.83247,0.9999658
Kepler-10 b,0.84882,1.0001648
Kepler-10 b,0.86517,1.0000805
Kepler-10 b,0.88151,1.0000214
Kepler-10 b,0.89786,1.0000565
Kepler-10 b,0.91420,0.9999243
Kepler-10 b,0.93055,1.0001037
Kepler-10 b,0.94690,1.0000870
Kepler-10 b,0.96324,1.0001400
Kepler-10 b,0.97959,0.9999369
Kepler-10 b,0.99594,1.0001592
Kepler-10 b,1.01228,1.0001332
Kepler-10 b,1.02863,1.0000304
Kepler-10 b,1.04497,0.9998796
Kepler-10 b,1.06132,0.9999072
Kepler-10 b,1.07767,0.9997608
Kepler-10 b,1.09401,1.0005452
Kepler-10 b,1.11036,0.9999068
Kepler-10 b,1.12671,1.0001399
Kepler-10 b,1.14305,0.9999810
Kepler-10 b,1.15940,1.0000320
Kepler-10 b,1.17575,1.0003419
Kepler-10 b,1.19209,0.9992494
Kepler-10 b,1.20844,1.0002703
Kepler-10 b,1.22479,0.9999848
Kepler-10 b,1.24113,1.0001363
Kepler-10 b,1.25748,0.9995516
Kepler-10 b,1.27383,1.0004850
Kepler-10 b,1.29017,0.9997684
Kepler-10 b,1.30651,0.9999119
Kepler-10 b,1.32286,0.9995894
Kepler-10 b,1.33921,1.0001361
Kepler-10 b,1.35556,1.0001499
Kepler-10 b,1.37190,1.0002287
Kepler-10 b,1.38825,1.0001676
Kepler-10 b,1.40460,1.0003464
Kepler-10 b,1.42094,0.9995531
Kepler-10 b,1.43729,0.9999412
Kepler-10 b,1.45364,0.9996050
Kepler-10 b,1.46998,1.0001600
Kepler-10 b,1.48633,1.0000249
Kepler-10 b,1.50268,1.0000158
Kepler-10 b,1.51902,1.0001655
Kepler-10 b,1.53537,0.9998899
Kepler-10 b,1.55172,0.9996409
Kepler-10 b,1.56806,1.0001615
Kepler-10 b,1.58440,0.9997755
Kepler-10 b,1.60075,0.9997800
Kepler-10 b,1.61710,1.0001180
Kepler-10 b,1.63344,1.0000691
Kepler-10 b,1.64979,1.0000574
Kepler-10 b,1.66614,0.9999902
Kepler-10 b,1.68249,1.0000633
Kepler-10 b,1.69883,0.9997082
Kepler-10 b,1.71518,1.0001816
Kepler-10 b,1.73152,0.9998691
Kepler-10 b,1.74787,1.0000537
Kepler-10 b,1.76422,1.0000208
Kepler-10 b,1.78056,1.0001870
Kepler-10 b,1.79691,1.0000198
Kepler-10 b,1.81325,0.9996245
Kepler-10 b,1.82960,1.0001046
Kepler-10 b,1.84595,0.9997404
Kepler-10 b,1.86229,0.9995283
Kepler-10 b,1.87864,1.0002105
Kepler-10 b,1.89499,1.0000009
Kepler-10 b,1.91133,1.0000444
Kepler-10 b,1.92768,1.0000218
Kepler-10 b,1.94403,0.9997987
Kepler-10 b,1.96037,0.9997700
Kepler-10 b,1.97672,1.0001739
Kepler-10 b,1.99306,0.9999511
Kepler-10 b,2.00941,1.0001821
Kepler-10 b,2.02576,1.0003584
Kepler-10 b,2.04210,0.9999698
Kepler-10 b,2.05845,1.0000697
Kepler-10 b,2.07480,0.9998509
Kepler-10 b,2.09114,0.9999670
Kepler-10 b,2.10749,1.0002523
Kepler-10 b,2.12384,0.9999202
Kepler-10 b,2.14018,0.9997524
Kepler-10 b,2.15653,1.0000620
Kepler-10 b,2.17288,0.9998560
Kepler-10 b,2.18922,0.9998805
Kepler-10 b,2.20557,0.9996332
Kepler-10 b,2.22192,0.9997492
Kepler-10 b,2.23826,0.9999122
Kepler-10 b,2.25461,1.0000451
Kepler-10 b,2.27095,0.9998852
Kepler-10 b,2.28730,0.9997562
Kepler-10 b,2.30365,1.0000736
Kepler-10 b,2.31999,1.0003317
Kepler-10 b,2.33634,0.9999326
Kepler-10 b,2.35269,0.9999430
Kepler-10 b,2.36903,0.9998562
Kepler-10 b,2.38538,0.9994221
Kepler-10 b,2.40172,0.9998885
Kepler-10 b,2.41807,1.0001312
Kepler-10 b,2.43442,0.9996822
Kepler-10 b,2.45076,1.0000688
Kepler-10 b,2.46711,1.0000571
Kepler-10 b,2.48346,0.9998764
Kepler-10 b,2.49980,1.0000602
Kepler-10 b,2.51615,0.9999815
Kepler-10 b,2.53250,1.0001031
Kepler-10 b,2.54884,1.0004375
Kepler-10 b,2.56519,0.9998704
Kepler-10 b,2.58154,1.0001509
Kepler-10 b,2.59788,1.0001584
Kepler-10 b,2.61423,1.0002504
Kepler-10 b,2.63057,0.9999202
Kepler-10 b,2.64692,1.0003463
Kepler-10 b,2.66327,1.0002309
Kepler-10 b,2.67961,1.0003934
Kepler-10 b,2.69596,1.0004636
Kepler-10 b,2.71231,0.9999987
Kepler-10 b,2.72865,0.9999205
Kepler-10 b,2.74500,1.0000669
Kepler-10 b,2.76134,0.9996126
Kepler-10 b,2.77769,1.0006484
Kepler-10 b,2.79404,0.9999520
Kepler-10 b,2.81038,1.0003054
Kepler-10 b,2.82673,0.9997913
Kepler-10 b,2.84308,1.0003226
Kepler-10 b,2.85943,1.0000581
Kepler-10 b,2.87577,1.0000506
Kepler-10 b,2.89212,1.0000662
Kepler-10 b,2.90846,0.9997916
Kepler-10 b,2.92481,0.9997121
Kepler-10 b,2.94116,0.9996601
Kepler-10 b,2.95750,1.0002467
Kepler-10 b,2.97385,0.9996902
Kepler-10 b,2.99020,1.0000419
Kepler-10 b,3.00654,1.0001229
Kepler-10 b,3.02289,0.9998032
Kepler-10 b,3.03923,1.0000904
Kepler-10 b,3.05558,0.9996660
Kepler-10 b,3.07193,0.9999995
Kepler-10 b,3.08827,0.9999479
Kepler-10 b,3.10462,1.0003149
Kepler-10 b,3.12097,0.9997328
Kepler-10 b,3.13731,1.0003129
Kepler-10 b,3.15366,0.9999889
Kepler-10 b,3.17000,1.0003587
Kepler-10 b,3.18635,1.0001487
Kepler-10 b,3.20270,0.9997234
Kepler-10 b,3.21904,1.0004396
Kepler-10 b,3.23539,1.0001480
Kepler-10 b,3.25174,1.0000913
Kepler-10 b,3.26808,0.9997569
Kepler-10 b,3.28443,0.9997076
Kepler-10 b,3.30078,1.0001057
Kepler-10 b,3.31712,1.0002350
Kepler-10 b,3.33347,0.9996352
Kepler-10 b,3.34982,1.0001972
Kepler-10 b,3.36616,0.9996585
Kepler-10 b,3.38251,1.0002753
Kepler-10 b,3.39886,1.0000405
Kepler-10 b,3.41520,0.9997868
Kepler-10 b,3.43155,0.9998650
Kepler-10 b,3.44789,0.9996975
Kepler-10 b,3.46424,1.0001717
Kepler-10 b,3.48059,1.0005102
Kepler-10 b,3.49693,1.0000275
Kepler-10 b,3.51328,1.0000048
Kepler-10 b,3.52963,0.9999541
Kepler-10 b,3.54597,0.9999204
Kepler-10 b,3.56232,0.9998111
Kepler-10 b,3.57866,1.0000788
Kepler-10 b,3.59501,0.9997561
Kepler-10 b,3.61136,0.9999749
Kepler-10 b,3.62771,0.9999686
Kepler-10 b,3.64405,1.0000970
Kepler-10 b,3.66040,0.9998151
Kepler-10 b,3.67675,0.9998252
Kepler-10 b,3.69309,1.0000721
Kepler-10 b,3.70944,1.0001130
Kepler-10 b,3.72578,1.0000105
Kepler-10 b,3.74213,1.0000440
Kepler-10 b,3.75848,1.0004427
Kepler-10 b,3.77482,1.0004713
Kepler-10 b,3.79117,0.9996194
Kepler-10 b,3.80752,1.0000306
Kepler-10 b,3.82386,0.9999238
Kepler-10 b,3.84021,0.9996200
Kepler-10 b,3.85655,1.0004789
Kepler-10 b,3.87290,1.0000658
Kepler-10 b,3.88925,1.0000498
Kepler-10 b,3.90559,1.0003140
Kepler-10 b,3.92194,1.0000504
Kepler-10 b,3.93829,0.9996055
Kepler-10 b,3.95463,0.9996856
Kepler-10 b,3.97098,0.9998810
Kepler-10 b,3.98732,0.9996037
Kepler-10 b,4.00367,1.0000591
Kepler-10 b,4.02002,1.0001407
Kepler-10 b,4.03636,0.9998988
Kepler-10 b,4.05271,1.0002415
Kepler-10 b,4.06906,1.0000934
Kepler-10 b,4.08540,0.9997525
Kepler-10 b,4.10175,0.9999396
Kepler-10 b,4.11810,1.0001645
Kepler-10 b,4.13444,0.9998539
Kepler-10 b,4.15079,0.9999299
Kepler-10 b,4.16714,0.9998974
Kepler-10 b,4.18348,1.0001289
Kepler-10 b,4.19983,0.9999165
Kepler-10 b,4.21617,0.9999486
Kepler-10 b,4.23252,0.9998915
Kepler-10 b,4.24887,1.0001200
Kepler-10 b,4.26521,0.9999871
Kepler-10 b,4.28156,1.0000521
Kepler-10 b,4.29791,1.0003169
Kepler-10 b,4.31425,0.9997271
Kepler-10 b,4.33060,0.9999269
Kepler-10 b,4.34695,0.9992645
Kepler-10 b,4.36329,0.9997573
Kepler-10 b,4.37964,0.9999130
Kepler-10 b,4.39599,1.0000035
Kepler-10 b,4.41233,1.0001352
Kepler-10 b,4.42868,1.0000551
Kepler-10 b,4.44503,1.0001506
Kepler-10 b,4.46137,0.9999498
Kepler-10 b,4.47771,1.0004038
Kepler-10 b,4.49406,0.9998304
Kepler-10 b,4.51041,1.0000508
Kepler-10 b,4.52676,0.9992756
Kepler-10 b,4.54310,1.0000794
Kepler-10 b,4.55945,1.0000614
Kepler-10 b,4.57580,1.0000929
Kepler-10 b,4.59214,1.0005702
Kepler-10 b,4.60849,0.9999707
Kepler-10 b,4.62483,1.0001378
Kepler-10 b,4.64118,1.0002521
Kepler-10 b,4.65753,0.9999663
Kepler-10 b,4.67387,1.0002463
Kepler-10 b,4.69022,0.9999501
Kepler-10 b,4.70657,1.0000003
Kepler-10 b,4.72291,0.9998588
Kepler-10 b,4.73926,1.0000831
Kepler-10 b,4.75560,1.0002021
Kepler-10 b,4.77195,1.0003467
Kepler-10 b,4.78830,0.9999279
Kepler-10 b,-4.78440,1.0003364
Kepler-10 b,-4.76806,1.0001832
Kepler-10 b,-4.75172,1.0001429
Kepler-10 b,-4.73537,0.9999361
Kepler-10 b,-4.71902,1.0003496
Kepler-10 b,-4.70267,1.0001657
Kepler-10 b,-4.68633,1.0000280
Kepler-10 b,-4.66998,0.9996411
Kepler-10 b,-4.65363,1.0000207
Kepler-10 b,-4.63729,0.9998769
Kepler-10 b,-4.62094,0.9998244
Kepler-10 b,-4.60460,0.9997986
Kepler-10 b,-4.58825,1.0000234
Kepler-10 b,-4.57190,0.9997653
Kepler-10 b,-4.55555,0.9995684
Kepler-10 b,-4.53921,1.0001400
Kepler-10 b,-4.52286,1.0002136
Kepler-10 b,-4.50652,1.0000684
Kepler-10 b,-4.49017,1.0001308
Kepler-10 b,-4.47383,0.9999076
Kepler-10 b,-4.45748,1.0004005
Kepler-10 b,-4.44113,0.9999153
Kepler-10 b,-4.42479,1.0003054
Kepler-10 b,-4.40844,1.0000044
Kepler-10 b,-4.39209,1.0002870
Kepler-10 b,-4.37575,1.0002250
Kepler-10 b,-4.35940,1.0002498
Kepler-10 b,-4.34305,1.0000139
Kepler-10 b,-4.32671,0.9995014
Kepler-10 b,-4.31036,1.0001738
Kepler-10 b,-4.29401,1.0001200
Kepler-10 b,-4.27767,0.9999078
Kepler-10 b,-4.26132,1.0001677
Kepler-10 b,-4.24498,1.0000466
Kepler-10 b,-4.22863,1.0004168
Kepler-10 b,-4.21228,0.9997777
Kepler-10 b,-4.19594,0.9998010
Kepler-10 b,-4.17959,1.0001315
Kepler-10 b,-4.16324,1.0001544
Kepler-10 b,-4.14690,1.0003352
Kepler-10 b,-4.13055,1.0001212
Kepler-10 b,-4.11421,1.0001761
Kepler-10 b,-4.09786,0.9998259
Kepler-10 b,-4.08151,0.9998469
Kepler-10 b,-4.06517,1.0003689
Kepler-10 b,-4.04882,1.0002560
Kepler-10 b,-4.03247,0.9999408
Kepler-10 b,-4.01613,0.9999214
Kepler-10 b,-3.99978,1.0000179
Kepler-10 b,-3.98343,1.0000541
Kepler-10 b,-3.96709,1.0000547
Kepler-10 b,-3.95074,1.0001442
Kepler-10 b,-3.93439,1.0000406
Kepler-10 b,-3.91805,0.9998670
Kepler-10 b,-3.90170,0.9996951
Kepler-10 b,-3.88535,0.9999535
Kepler-10 b,-3.86901,0.9999592
Kepler-10 b,-3.85266,0.9997554
Kepler-10 b,-3.83632,1.0001779
Kepler-10 b,-3.81997,0.9997845
Kepler-10 b,-3.80362,0.9997037
Kepler-10 b,-3.78728,0.9995988
Kepler-10 b,-3.77093,0.9999886
Kepler-10 b,-3.75458,1.0003274
Kepler-10 b,-3.73824,1.0005679
Kepler-10 b,-3.72189,1.0001260
Kepler-10 b,-3.70555,1.0004654
Kepler-10 b,-3.68920,0.9997811
Kepler-10 b,-3.67285,0.9998707
Kepler-10 b,-3.65651,1.0000602
Kepler-10 b,-3.64016,0.9998834
Kepler-10 b,-3.62381,0.9998747
Kepler-10 b,-3.60747,1.0000351
Kepler-10 b,-3.59112,1.0004565
Kepler-10 b,-3.57477,0.9999887
Kepler-10 b,-3.55843,1.0002531
Kepler-10 b,-3.54208,1.0000203
Kepler-10 b,-3.52573,0.9996061
Kepler-10 b,-3.50939,0.9997025
Kepler-10 b,-3.49304,1.0001054
Kepler-10 b,-3.47669,1.0000396
Kepler-10 b,-3.46035,0.9998840
Kepler-10 b,-3.44400,0.9998428
Kepler-10 b,-3.42766,0.9996747
Kepler-10 b,-3.41131,1.0006615
Kepler-10 b,-3.39496,0.9995548
Kepler-10 b,-3.37862,0.9995475
Kepler-10 b,-3.36227,0.9999769
Kepler-10 b,-3.34592,0.9997946
Kepler-10 b,-3.32958,0.9995779
Kepler-10 b,-3.31323,0.9996057
Kepler-10 b,-3.29689,0.9997924
Kepler-10 b,-3.28054,1.0001437
Kepler-10 b,-3.26419,0.9996001
Kepler-10 b,-3.24785,0.9998244
Kepler-10 b,-3.23150,0.9998527
Kepler-10 b,-3.21515,1.0002981
Kepler-10 b,-3.19881,0.9997710
Kepler-10 b,-3.18246,1.0003300
Kepler-10 b,-3.16611,0.9997250
Kepler-10 b,-3.14977,0.9997764
Kepler-10 b,-3.13342,0.9998923
Kepler-10 b,-3.11707,1.0000605
Kepler-10 b,-3.10073,0.9998967
Kepler-10 b,-3.08438,0.9997145
Kepler-10 b,-3.06803,0.9997131
Kepler-10 b,-3.05169,1.0001222
Kepler-10 b,-3.03534,1.0005129
Kepler-10 b,-3.01900,1.0001209
Kepler-10 b,-3.00265,1.0003122
Kepler-10 b,-2.98630,1.0000868
Kepler-10 b,-2.96996,0.9995201
Kepler-10 b,-2.95361,1.0005463
Kepler-10 b,-2.93726,0.9998850
Kepler-10 b,-2.92092,0.9998920
Kepler-10 b,-2.90457,1.0002100
Kepler-10 b,-2.88823,0.9997573
Kepler-10 b,-2.87188,1.0002594
Kepler-10 b,-2.85553,0.9996054
Kepler-10 b,-2.83919,1.0001398
Kepler-10 b,-2.82284,0.9999006
Kepler-10 b,-2.80649,0.9999009
Kepler-10 b,-2.79015,0.9999051
Kepler-10 b,-2.77380,0.9999155
Kepler-10 b,-2.75745,0.9999674
Kepler-10 b,-2.74111,0.9998988
Kepler-10 b,-2.72476,1.0001265
Kepler-10 b,-2.70841,1.0001006
Kepler-10 b,-2.69207,0.9997406
Kepler-10 b,-2.67572,1.0000269
Kepler-10 b,-2.65938,1.0001301
Kepler-10 b,-2.64303,1.0005203
Kepler-10 b,-2.62668,1.0000517
Kepler-10 b,-2.61034,1.0003007
Kepler-10 b,-2.59399,0.9999920
Kepler-10 b,-2.57764,1.0000781
Kepler-10 b,-2.56130,0.9998775
Kepler-10 b,-2.54495,0.9998373
Kepler-10 b,-2.52861,1.0002017
Kepler-10 b,-2.51226,1.0000422
Kepler-10 b,-2.49591,1.0000514
Kepler-10 b,-2.47957,1.0002540
Kepler-10 b,-2.46322,0.9999168
Kepler-10 b,-2.44687,0.9996497
Kepler-10 b,-2.43052,0.9999072
Kepler-10 b,-2.41418,1.0001832
Kepler-10 b,-2.39783,1.0002606
Kepler-10 b,-2.38149,1.0001278
Kepler-10 b,-2.36514,1.0000348
Kepler-10 b,-2.34879,0.9996534
Kepler-10 b,-2.33245,0.9995691
Kepler-10 b,-2.31610,0.9998042
Kepler-10 b,-2.29975,1.0000825
Kepler-10 b,-2.28341,0.9998763
Kepler-10 b,-2.26706,0.9998497
Kepler-10 b,-2.25072,0.9996561
Kepler-10 b,-2.23437,0.9997813
Kepler-10 b,-2.21802,0.9996787
Kepler-10 b,-2.20168,1.0000681
Kepler-10 b,-2.18533,0.9997556
Kepler-10 b,-2.16898,1.0000892
Kepler-10 b,-2.15264,1.0004096
Kepler-10 b,-2.13629,0.9996680
Kepler-10 b,-2.11994,1.0002206
Kepler-10 b,-2.10360,0.9996910
Kepler-10 b,-2.08725,1.0001922
Kepler-10 b,-2.07091,0.9997161
Kepler-10 b,-2.05456,0.9998626
Kepler-10 b,-2.03821,1.0002351
Kepler-10 b,-2.02187,0.9998123
Kepler-10 b,-2.00552,0.9998995
Kepler-10 b,-1.98918,1.0003683
Kepler-10 b,-1.97283,0.9998578
Kepler-10 b,-1.95648,0.9997351
Kepler-10 b,-1.94014,0.9999439
Kepler-10 b,-1.92379,1.0000783
Kepler-10 b,-1.90744,1.0002327
Kepler-10 b,-1.89109,1.0003194
Kepler-10 b,-1.87475,1.0004049
Kepler-10 b,-1.85841,0.9999397
Kepler-10 b,-1.84206,1.0000263
Kepler-10 b,-1.82571,1.0000083
Kepler-10 b,-1.80936,1.0001732
Kepler-10 b,-1.79302,0.9999485
Kepler-10 b,-1.77667,1.0000752
Kepler-10 b,-1.76032,1.0000845
Kepler-10 b,-1.74398,0.9994880
Kepler-10 b,-1.72763,1.0001011
Kepler-10 b,-1.71129,1.0002013
Kepler-10 b,-1.69494,1.0002080
Kepler-10 b,-1.67859,0.9997223
Kepler-10 b,-1.66225,0.9998323
Kepler-10 b,-1.64590,1.0001817
Kepler-10 b,-1.62955,0.9999163
Kepler-10 b,-1.61320,1.0003527
Kepler-10 b,-1.59686,0.9999788
Kepler-10 b,-1.58052,0.9997347
Kepler-10 b,-1.56417,1.0000880
Kepler-10 b,-1.54782,0.9998766
Kepler-10 b,-1.53148,0.9998544
Kepler-10 b,-1.51513,1.0001665
Kepler-10 b,-1.49878,0.9999363
Kepler-10 b,-1.48244,1.0003048
Kepler-10 b,-1.46609,0.9998531
Kepler-10 b,-1.44974,0.9997502
Kepler-10 b,-1.43340,0.9999165
Kepler-10 b,-1.41705,1.0001690
Kepler-10 b,-1.40070,0.9999994
Kepler-10 b,-1.38436,1.0005715
Kepler-10 b,-1.36801,0.9998691
Kepler-10 b,-1.35166,1.0000077
Kepler-10 b,-1.33532,1.0000621
Kepler-10 b,-1.31897,1.0000093
Kepler-10 b,-1.30263,1.0000800
Kepler-10 b,-1.28628,0.9998659
Kepler-10 b,-1.26993,1.0001587
Kepler-10 b,-1.25359,1.0002711
Kepler-10 b,-1.23724,1.0000983
Kepler-10 b,-1.22089,0.9999812
Kepler-10 b,-1.20455,0.9998643
Kepler-10 b,-1.18820,1.0001127
Kepler-10 b,-1.17186,0.9998082
Kepler-10 b,-1.15551,1.0000561
Kepler-10 b,-1.13916,1.0004412
Kepler-10 b,-1.12282,0.9999698
Kepler-10 b,-1.10647,0.9998276
Kepler-10 b,-1.09012,1.0003129
Kepler-10 b,-1.07378,1.0002320
Kepler-10 b,-1.05743,0.9994709
Kepler-10 b,-1.04108,0.9998488
Kepler-10 b,-1.02474,1.0004656
Kepler-10 b,-1.00839,0.9996934
Kepler-10 b,-0.99204,1.0004428
Kepler-10 b,-0.97570,1.0004078
Kepler-10 b,-0.95935,1.0002583
Kepler-10 b,-0.94301,1.0000213
Kepler-10 b,-0.92666,1.0004042
Kepler-10 b,-0.91031,1.0001472
Kepler-10 b,-0.89397,0.9997353
Kepler-10 b,-0.87762,0.9998135
Kepler-10 b,-0.86127,1.0001442
Kepler-10 b,-0.84493,0.9995558
Kepler-10 b,-0.82858,0.9999256
Kepler-10 b,-0.81223,1.0003320
Kepler-10 b,-0.79589,0.9997551
Kepler-10 b,-0.77954,0.9995708
Kepler-10 b,-0.76320,0.9999303
Kepler-10 b,-0.74685,0.9995242
Kepler-10 b,-0.73050,0.9994522
Kepler-10 b,-0.71416,0.9997158
Kepler-10 b,-0.69781,0.9998632
Kepler-10 b,-0.68146,1.0000453
Kepler-10 b,-0.66512,0.9994692
Kepler-10 b,-0.64877,0.9995643
Kepler-10 b,-0.63242,0.9996495
Kepler-10 b,-0.61608,0.9996968
Kepler-10 b,-0.59973,0.9995888
Kepler-10 b,-0.58338,0.9996461
Kepler-10 b,-0.56704,0.9997734
Kepler-10 b,-0.55069,0.9995454
Kepler-10 b,-0.53435,0.9995219
Kepler-10 b,-0.51800,0.9999688
Kepler-10 b,-0.50165,0.9994777
Kepler-10 b,-0.48531,0.9995439
Kepler-10 b,-0.46896,0.9997922
Kepler-10 b,-0.45261,0.9996283
Kepler-10 b,-0.43627,0.9997924
Kepler-10 b,-0.41992,0.9995744
Kepler-10 b,-0.40358,1.0000908
Kepler-10 b,-0.38723,0.9998208
Kepler-10 b,-0.37088,0.9999599
Kepler-10 b,-0.35454,0.9994824
Kepler-10 b,-0.33819,0.9999686
Kepler-10 b,-0.32184,0.9999434
Kepler-10 b,-0.30549,0.9995391
Kepler-10 b,-0.28915,0.9999862
Kepler-10 b,-0.27280,0.9998188
Kepler-10 b,-0.25646,1.0000218
Kepler-10 b,-0.24011,1.0000511
Kepler-10 b,-0.22376,0.9998582
Kepler-10 b,-0.20742,0.9995225
Kepler-10 b,-0.19107,0.9997687
Kepler-10 b,-0.17472,1.0000891
Kepler-10 b,-0.15838,0.9998036
Kepler-10 b,-0.14203,1.0000509
Kepler-10 b,-0.12569,0.9996266
Kepler-10 b,-0.10934,0.9998396
Kepler-10 b,-0.09299,0.9997283
Kepler-10 b,-0.07665,1.0001048
Kepler-10 b,-0.06030,1.0001039
Kepler-10 b,-0.04395,0.9998370
Kepler-10 b,-0.02761,1.0004203
Kepler-10 b,-0.01126,0.9998701
Kepler-10 b,0.00509,1.0002985
Kepler-10 b,0.02143,0.9994088
Kepler-10 b,0.03778,0.9997054
Kepler-10 b,0.05412,0.9998269
Kepler-10 b,0.07047,0.9995249
Kepler-10 b,0.08682,0.9997619
Kepler-10 b,0.10316,1.0000076
Kepler-10 b,0.11951,0.9997364
Kepler-10 b,0.13586,1.0000504
Kepler-10 b,0.15220,1.0001314
Kepler-10 b,0.16855,0.9998807
Kepler-10 b,0.18490,0.9990128
Kepler-10 b,0.20124,1.0001838
Kepler-10 b,0.21759,1.0002062
Kepler-10 b,0.23394,0.9997399
Kepler-10 b,0.25028,0.9996772
Kepler-10 b,0.26662,0.9996655
Kepler-10 b,0.28297,0.9999425
Kepler-10 b,0.29932,0.9997062
Kepler-10 b,0.31567,0.9990854
Kepler-10 b,0.33201,0.9999031
Kepler-10 b,0.34836,0.9996898
Kepler-10 b,0.36471,0.9997538
Kepler-10 b,0.38105,0.9997825
Kepler-10 b,0.39740,0.9998083
Kepler-10 b,0.41375,0.9999410
Kepler-10 b,0.43009,0.9997190
Kepler-10 b,0.44644,0.9999307
Kepler-10 b,0.46279,0.9995417
Kepler-10 b,0.47913,0.9995953
Kepler-10 b,0.49548,0.9997168
Kepler-10 b,0.51183,0.9995557
Kepler-10 b,0.52817,0.9999020
Kepler-10 b,0.54451,0.9997557
Kepler-10 b,0.56086,1.0000190
Kepler-10 b,0.57721,0.9996537
Kepler-10 b,0.59356,1.0001717
Kepler-10 b,0.60990,0.9999702
Kepler-10 b,0.62625,0.9996079
Kepler-10 b,0.64260,0.9995495
Kepler-10 b,0.65894,0.9999614
Kepler-10 b,0.67529,1.0001465
Kepler-10 b,0.69163,0.9999605
Kepler-10 b,0.70798,1.0000949
Kepler-10 b,0.72433,1.0000682
Kepler-10 b,0.74067,0.9999612
Kepler-10 b,0.75702,1.0000170
Kepler-10 b,0.77337,0.9997158
Kepler-10 b,0.78971,0.9997743
Kepler-10 b,0.80606,1.0000068
Kepler-10 b,0.82240,0.9999478
Kepler-10 b,0.83875,1.0000904
Kepler-10 b,0.85510,0.9998731
Kepler-10 b,0.87144,0.9998509
Kepler-10 b,0.88779,0.9999774
Kepler-10 b,0.90414,0.9997340
Kepler-10 b,0.92048,0.9998951
Kepler-10 b,0.93683,1.0002970
Kepler-10 b,0.95317,1.0002580
Kepler-10 b,0.96952,0.9999656
Kepler-10 b,0.98587,1.0000996
Kepler-10 b,1.00221,1.0002123
Kepler-10 b,1.01856,0.9997329
Kepler-10 b,1.03491,0.9995303
Kepler-10 b,1.05125,0.9997865
Kepler-10 b,1.06760,0.9998620
Kepler-10 b,1.08395,0.9995548
Kepler-10 b,1.10029,0.9998297
Kepler-10 b,1.11664,0.9998071
Kepler-10 b,1.13299,1.0000455
Kepler-10 b,1.14933,0.9999767
Kepler-10 b,1.16568,1.0002767
Kepler-10 b,1.18202,0.9997172
Kepler-10 b,1.19837,1.0003202
Kepler-10 b,1.21472,0.9997849
Kepler-10 b,1.23106,1.0001736
Kepler-10 b,1.24741,0.9997501
Kepler-10 b,1.26376,1.0002716
Kepler-10 b,1.28010,0.9999543
Kepler-10 b,1.29645,1.0001697
Kepler-10 b,1.31279,0.9996617
Kepler-10 b,1.32914,1.0002287
Kepler-10 b,1.34549,0.9999099
Kepler-10 b,1.36183,1.0000734
Kepler-10 b,1.37818,0.9998832
Kepler-10 b,1.39453,0.9997330
Kepler-10 b,1.41087,1.0000018
Kepler-10 b,1.42722,0.9999165
Kepler-10 b,1.44357,0.9995659
Kepler-10 b,1.45991,0.9998986
Kepler-10 b,1.47626,0.9995535
Kepler-10 b,1.49261,0.9998436
Kepler-10 b,1.50895,0.9995694
Kepler-10 b,1.52530,1.0003541
Kepler-10 b,1.54165,1.0000045
Kepler-10 b,1.55799,0.9998637
Kepler-10 b,1.57434,0.9999212
Kepler-10 b,1.59068,0.9997001
Kepler-10 b,1.60703,1.0002474
Kepler-10 b,1.62338,1.0002090
Kepler-10 b,1.63972,0.9998839
Kepler-10 b,1.65607,1.0000856
Kepler-10 b,1.67242,1.0001533
Kepler-10 b,1.68876,1.0001928
Kepler-10 b,1.70511,1.0000436
Kepler-10 b,1.72145,1.0004217
Kepler-10 b,1.73780,0.9999743
Kepler-10 b,1.75415,0.9997330
Kepler-10 b,1.77049,1.0001793
Kepler-10 b,1.78684,1.0001006
Kepler-10 b,1.80319,1.0000821
Kepler-10 b,1.81954,1.0000970
Kepler-10 b,1.83588,0.9999648
Kepler-10 b,1.85223,0.9999267
Kepler-10 b,1.86857,1.0001199
Kepler-10 b,1.88492,0.9996569
Kepler-10 b,1.90127,1.0001742
Kepler-10 b,1.91761,0.9998283
Kepler-10 b,1.93396,1.0000287
Kepler-10 b,1.95031,0.9998715
Kepler-10 b,1.96665,1.0000729
Kepler-10 b,1.98300,1.0002452
Kepler-10 b,1.99934,1.0002940
Kepler-10 b,2.01569,0.9999067
Kepler-10 b,2.03204,0.9999897
Kepler-10 b,2.04838,1.0002249
Kepler-10 b,2.06473,1.0003044
Kepler-10 b,2.08108,1.0001275
Kepler-10 b,2.09742,1.0001160
Kepler-10 b,2.11377,0.9996471
Kepler-10 b,2.13011,0.9996543
Kepler-10 b,2.14646,0.9994857
Kepler-10 b,2.16281,0.9996863
Kepler-10 b,2.17915,0.9999616
Kepler-10 b,2.19550,1.0001288
Kepler-10 b,2.21185,0.9998906
Kepler-10 b,2.22819,1.0002610
Kepler-10 b,2.24454,1.0000205
Kepler-10 b,2.26089,0.9999557
Kepler-10 b,2.27723,1.0001596
Kepler-10 b,2.29358,0.9995470
Kepler-10 b,2.30993,0.9998963
Kepler-10 b,2.32627,0.9997576
Kepler-10 b,2.34262,1.0004418
Kepler-10 b,2.35897,1.0000278
Kepler-10 b,2.37531,1.0001459
Kepler-10 b,2.39166,1.0001824
Kepler-10 b,2.40800,0.9996346
Kepler-10 b,2.42435,0.9999589
Kepler-10 b,2.44070,1.0000930
Kepler-10 b,2.45704,1.0000020
Kepler-10 b,2.47339,1.0001935
Kepler-10 b,2.48974,1.0000598
Kepler-10 b,2.50608,0.9999993
Kepler-10 b,2.52243,1.0002105
Kepler-10 b,2.53878,0.9998966
Kepler-10 b,2.55512,0.9998624
Kepler-10 b,2.57147,1.0002025
Kepler-10 b,2.58782,1.0000641
Kepler-10 b,2.60416,1.0000568
Kepler-10 b,2.62051,1.0000302
Kepler-10 b,2.63685,0.9996160
Kepler-10 b,2.65320,1.0002976
Kepler-10 b,2.66955,1.0002421
Kepler-10 b,2.68589,0.9999093
Kepler-10 b,2.70224,0.9997578
Kepler-10 b,2.71859,1.0004243
Kepler-10 b,2.73493,1.0001143
Kepler-10 b,2.75128,1.0002426
Kepler-10 b,2.76762,0.9998241
Kepler-10 b,2.78397,1.0001716
Kepler-10 b,2.80032,1.0002739
Kepler-10 b,2.81666,1.0001596
Kepler-10 b,2.83301,1.0001988
Kepler-10 b,2.84936,1.0000798
Kepler-10 b,2.86570,1.0001719
Kepler-10 b,2.88205,1.0002085
Kepler-10 b,2.89840,1.0002192
Kepler-10 b,2.91474,1.0001427
Kepler-10 b,2.93109,0.9998922
Kepler-10 b,2.94743,0.9998074
Kepler-10 b,2.96378,0.9993379
Kepler-10 b,2.98013,0.9999160
Kepler-10 b,2.99647,0.9998725
Kepler-10 b,3.01282,1.0000940
Kepler-10 b,3.02916,1.0000911
Kepler-10 b,3.04551,0.9995462
Kepler-10 b,3.06186,0.9998135
Kepler-10 b,3.07821,0.9999239
Kepler-10 b,3.09455,1.0000940
Kepler-10 b,3.11090,1.0000619
Kepler-10 b,3.12725,0.9999444
Kepler-10 b,3.14359,0.9997154
Kepler-10 b,3.15994,1.0001113
Kepler-10 b,3.17628,1.0001138
Kepler-10 b,3.19263,0.9997888
Kepler-10 b,3.20898,1.0000623
Kepler-10 b,3.22532,1.0001852
Kepler-10 b,3.24167,0.9999692
Kepler-10 b,3.25802,0.9996951
Kepler-10 b,3.27436,0.9998546
Kepler-10 b,3.29071,0.9999273
Kepler-10 b,3.30705,1.0002846
Kepler-10 b,3.32340,0.9999025
Kepler-10 b,3.33975,1.0002248
Kepler-10 b,3.35610,0.9999829
Kepler-10 b,3.37244,0.9997574
Kepler-10 b,3.38879,1.0001356
Kepler-10 b,3.40514,0.9997521
Kepler-10 b,3.42148,0.9997474
Kepler-10 b,3.43782,1.0001549
Kepler-10 b,3.45417,0.9997697
Kepler-10 b,3.47052,0.9999106
Kepler-10 b,3.48686,1.0005620
Kepler-10 b,3.50321,1.0003400
Kepler-10 b,3.51956,1.0000100
Kepler-10 b,3.53590,0.9998602
Kepler-10 b,3.55225,0.9999300
Kepler-10 b,3.56860,0.9996802
Kepler-10 b,3.58494,0.9997635
Kepler-10 b,3.60129,1.0002493
Kepler-10 b,3.61764,0.9999306
Kepler-10 b,3.63398,1.0000681
Kepler-10 b,3.65033,0.9999904
Kepler-10 b,3.66668,0.9997707
Kepler-10 b,3.68302,1.0002949
Kepler-10 b,3.69937,1.0002447
Kepler-10 b,3.71571,0.9996272
Kepler-10 b,3.73206,0.9998201
Kepler-10 b,3.74841,1.0000248
Kepler-10 b,3.76475,1.0003758
Kepler-10 b,3.78110,0.9996621
Kepler-10 b,3.79745,1.0000759
Kepler-10 b,3.81379,0.9997598
Kepler-10 b,3.83014,1.0003074
Kepler-10 b,3.84648,1.0003377
Kepler-10 b,3.86283,1.0000731
Kepler-10 b,3.87918,0.9997951
Kepler-10 b,3.89552,1.0002052
Kepler-10 b,3.91187,1.0001300
Kepler-10 b,3.92822,0.9998330
Kepler-10 b,3.94456,1.0001131
Kepler-10 b,3.96091,1.0000906
Kepler-10 b,3.97726,1.0002350
Kepler-10 b,3.99360,0.9999903
Kepler-10 b,4.00995,1.0001498
Kepler-10 b,4.02630,1.0001757
Kepler-10 b,4.04264,1.0000041
Kepler-10 b,4.05899,1.0002682
Kepler-10 b,4.07534,1.0003351
Kepler-10 b,4.09168,1.0001282
Kepler-10 b,4.10803,1.0002172
Kepler-10 b,4.12437,0.9998368
Kepler-10 b,4.14072,0.9996417
Kepler-10 b,4.15707,1.0002525
Kepler-10 b,4.17341,1.0000744
Kepler-10 b,4.18976,1.0001523
Kepler-10 b,4.20611,0.9999903
Kepler-10 b,4.22245,0.9997220
Kepler-10 b,4.23880,1.0000682
Kepler-10 b,4.25514,0.9999155
Kepler-10 b,4.27149,0.9997494
Kepler-10 b,4.28784,0.9998844
Kepler-10 b,4.30418,0.9997795
Kepler-10 b,4.32053,0.9998848
Kepler-10 b,4.33688,0.9995916
Kepler-10 b,4.35322,1.0001125
Kepler-10 b,4.36957,1.0000739
Kepler-10 b,4.38592,0.9998565
Kepler-10 b,4.40226,1.0000557
Kepler-10 b,4.41861,0.9999721
Kepler-10 b,4.43496,0.9997937
Kepler-10 b,4.45130,0.9999568
Kepler-10 b,4.46765,1.0000337
Kepler-10 b,4.48399,0.9999617
Kepler-10 b,4.50034,0.9997448
Kepler-10 b,4.51669,1.0000953
Kepler-10 b,4.53303,0.9998758
Kepler-10 b,4.54938,0.9998537
Kepler-10 b,4.56573,1.0001273
Kepler-10 b,4.58207,0.9996103
Kepler-10 b,4.59842,1.0001792
Kepler-10 b,4.61476,1.0002626
Kepler-10 b,4.63111,0.9999241
Kepler-10 b,4.64746,1.0000753
Kepler-10 b,4.66380,1.0002690
Kepler-10 b,4.68015,1.0003305
Kepler-10 b,4.69650,1.0000972
Kepler-10 b,4.71285,0.9998593
Kepler-10 b,4.72919,0.9998262
Kepler-10 b,4.74554,0.9997819
Kepler-10 b,4.76188,0.9998154
Kepler-10 b,4.77823,1.0001946
Kepler-10 b,4.79458,1.0001349
Kepler-10 b,-4.79447,0.9996303
Kepler-10 b,-4.77813,0.9999516
Kepler-10 b,-4.76178,0.9999618
Kepler-10 b,-4.74544,1.0001195
Kepler-10 b,-4.72909,1.0001125
Kepler-10 b,-4.71274,1.0000851
Kepler-10 b,-4.69640,0.9998884
Kepler-10 b,-4.68005,1.0000713
Kepler-10 b,-4.66370,0.9998202
Kepler-10 b,-4.64736,1.0000662
Kepler-10 b,-4.63101,1.0002124
Kepler-10 b,-4.61467,0.9998098
Kepler-10 b,-4.59832,1.0001186
Kepler-10 b,-4.58197,0.9999966
Kepler-10 b,-4.56563,0.9997464
Kepler-10 b,-4.54928,0.9998397
Kepler-10 b,-4.53293,1.0002416
Kepler-10 b,-4.51659,1.0000476
Kepler-10 b,-4.50024,0.9997066
Kepler-10 b,-4.48390,1.0001048
Kepler-10 b,-4.46755,1.0004748
Kepler-10 b,-4.45120,0.9998116
Kepler-10 b,-4.43486,0.9999562
Kepler-10 b,-4.41851,1.0003361
Kepler-10 b,-4.40216,0.9998617
Kepler-10 b,-4.38582,1.0001100
Kepler-10 b,-4.36947,0.9997881
Kepler-10 b,-4.35312,0.9998355
Kepler-10 b,-4.33678,1.0003012
Kepler-10 b,-4.32043,1.0001782
Kepler-10 b,-4.30408,0.9998478
Kepler-10 b,-4.28774,0.9998627
Kepler-10 b,-4.27139,0.9999832
Kepler-10 b,-4.25504,0.9995224
Kepler-10 b,-4.23870,0.9999055
Kepler-10 b,-4.22235,1.0002836
Kepler-10 b,-4.20601,1.0002384
Kepler-10 b,-4.18966,0.9999205
Kepler-10 b,-4.17331,0.9998344
Kepler-10 b,-4.15697,0.9998031
Kepler-10 b,-4.14062,0.9999770
Kepler-10 b,-4.12427,1.0001237
Kepler-10 b,-4.10793,1.0003262
Kepler-10 b,-4.09158,1.0000863
Kepler-10 b,-4.07523,1.0000034
Kepler-10 b,-4.05889,0.9997502
Kepler-10 b,-4.04254,0.9999136
Kepler-10 b,-4.02619,1.0001054
Kepler-10 b,-4.00985,1.0000383
Kepler-10 b,-3.99350,0.9998818
Kepler-10 b,-3.97715,0.9999073
Kepler-10 b,-3.96081,1.0004286
Kepler-10 b,-3.94446,1.0003413
Kepler-10 b,-3.92812,1.0006153
Kepler-10 b,-3.91177,1.0001743
Kepler-10 b,-3.89542,1.0003508
Kepler-10 b,-3.87908,0.9999109
Kepler-10 b,-3.86273,1.0003302
Kepler-10 b,-3.84638,0.9999787
Kepler-10 b,-3.83004,1.0000884
Kepler-10 b,-3.81369,0.9999368
Kepler-10 b,-3.79735,1.0000986
Kepler-10 b,-3.78100,1.0000967
Kepler-10 b,-3.76465,1.0000886
Kepler-10 b,-3.74831,1.0000271
Kepler-10 b,-3.73196,1.0003169
Kepler-10 b,-3.71561,1.0003104
Kepler-10 b,-3.69927,0.9997830
Kepler-10 b,-3.68292,1.0001843
Kepler-10 b,-3.66658,1.0000014
Kepler-10 b,-3.65023,0.9997893
Kepler-10 b,-3.63388,1.0001717
Kepler-10 b,-3.61753,1.0001141
Kepler-10 b,-3.60119,1.0003358
Kepler-10 b,-3.58484,1.0000345
Kepler-10 b,-3.56850,0.9997429
Kepler-10 b,-3.55215,1.0002373
Kepler-10 b,-3.53580,0.9999329
Kepler-10 b,-3.51946,1.0000805
Kepler-10 b,-3.50311,0.9997701
Kepler-10 b,-3.48676,0.9997454
Kepler-10 b,-3.47042,0.9998762
Kepler-10 b,-3.45407,0.9999706
Kepler-10 b,-3.43773,0.9999259
Kepler-10 b,-3.42138,1.0003167
Kepler-10 b,-3.40503,1.0000497
Kepler-10 b,-3.38869,1.0001054
Kepler-10 b,-3.37234,0.9998935
Kepler-10 b,-3.35599,1.0000318
Kepler-10 b,-3.33965,0.9996745
Kepler-10 b,-3.32330,0.9999907
Kepler-10 b,-3.30696,0.9997807
Kepler-10 b,-3.29061,1.0001442
Kepler-10 b,-3.27426,0.9999034
Kepler-10 b,-3.25791,0.9996271
Kepler-10 b,-3.24157,1.0002650
Kepler-10 b,-3.22522,0.9995461
Kepler-10 b,-3.20887,1.0003003
Kepler-10 b,-3.19253,1.0003063
Kepler-10 b,-3.17619,0.9997621
Kepler-10 b,-3.15984,0.9998871
Kepler-10 b,-3.14349,1.0003892
Kepler-10 b,-3.12715,1.0001849
Kepler-10 b,-3.11080,1.0000079
Kepler-10 b,-3.09445,0.9994560
Kepler-10 b,-3.07811,0.9997321
Kepler-10 b,-3.06176,0.9997329
Kepler-10 b,-3.04541,1.0001279
Kepler-10 b,-3.02907,1.0000717
Kepler-10 b,-3.01272,0.9995891
Kepler-10 b,-2.99637,1.0000512
Kepler-10 b,-2.98003,1.0001715
Kepler-10 b,-2.96368,0.9998920
Kepler-10 b,-2.94733,0.9998534
Kepler-10 b,-2.93099,0.9998957
Kepler-10 b,-2.91464,1.0000477
Kepler-10 b,-2.89830,0.9998451
Kepler-10 b,-2.88195,0.9996035
Kepler-10 b,-2.86560,0.9998547
Kepler-10 b,-2.84926,0.9998687
Kepler-10 b,-2.83291,1.0001499
Kepler-10 b,-2.81656,0.9998522
Kepler-10 b,-2.80022,1.0002223
Kepler-10 b,-2.78387,0.9999214
Kepler-10 b,-2.76753,1.0001303
Kepler-10 b,-2.75118,1.0004123
Kepler-10 b,-2.73483,1.0002306
Kepler-10 b,-2.71849,0.9997850
Kepler-10 b,-2.70214,1.0000135
Kepler-10 b,-2.68579,0.9997782
Kepler-10 b,-2.66945,1.0000434
Kepler-10 b,-2.65310,0.9995382
Kepler-10 b,-2.63675,0.9999267
Kepler-10 b,-2.62041,0.9997993
Kepler-10 b,-2.60406,0.9999448
Kepler-10 b,-2.58771,1.0000336
Kepler-10 b,-2.57137,0.9998630
Kepler-10 b,-2.55502,1.0001822
Kepler-10 b,-2.53867,0.9998042
Kepler-10 b,-2.52233,0.9999441
Kepler-10 b,-2.50598,1.0000270
Kepler-10 b,-2.48964,1.0002577
Kepler-10 b,-2.47329,1.0000909
Kepler-10 b,-2.45694,0.9999776
Kepler-10 b,-2.44060,0.9999861
Kepler-10 b,-2.42425,0.9996967
Kepler-10 b,-2.40790,1.0003315
Kepler-10 b,-2.39156,1.0000082
Kepler-10 b,-2.37521,0.9999098
Kepler-10 b,-2.35887,1.0000432
Kepler-10 b,-2.34252,1.0001041
Kepler-10 b,-2.32617,0.9998395
Kepler-10 b,-2.30983,0.9997370
Kepler-10 b,-2.29348,0.9999981
Kepler-10 b,-2.27713,1.0000567
Kepler-10 b,-2.26079,1.0001548
Kepler-10 b,-2.24444,1.0002770
Kepler-10 b,-2.22809,1.0001872
Kepler-10 b,-2.21175,0.9997821
Kepler-10 b,-2.19540,0.9999279
Kepler-10 b,-2.17905,0.9999816
Kepler-10 b,-2.16271,0.9998546
Kepler-10 b,-2.14636,1.0002812
Kepler-10 b,-2.13001,0.9997684
Kepler-10 b,-2.11367,0.9998615
Kepler-10 b,-2.09732,1.0001255
Kepler-10 b,-2.08098,0.9997640
Kepler-10 b,-2.06463,0.9996661
Kepler-10 b,-2.04828,1.0002756
Kepler-10 b,-2.03194,0.9998543
Kepler-10 b,-2.01559,1.0003557
Kepler-10 b,-1.99924,0.9999551
Kepler-10 b,-1.98290,1.0000081
Kepler-10 b,-1.96655,1.0002021
Kepler-10 b,-1.95020,0.9998451
Kepler-10 b,-1.93386,1.0001720
Kepler-10 b,-1.91751,0.9999393
Kepler-10 b,-1.90116,0.9999995
Kepler-10 b,-1.88482,0.9996851
Kepler-10 b,-1.86847,1.0000447
Kepler-10 b,-1.85213,1.0001061
Kepler-10 b,-1.83578,0.9999381
Kepler-10 b,-1.81943,0.9997849
Kepler-10 b,-1.80309,0.9997800
Kepler-10 b,-1.78674,0.9997454
Kepler-10 b,-1.77039,1.0000821
Kepler-10 b,-1.75405,1.0005066
Kepler-10 b,-1.73770,1.0005050
Kepler-10 b,-1.72136,1.0004815
Kepler-10 b,-1.70501,0.9998711
Kepler-10 b,-1.68866,1.0000102
Kepler-10 b,-1.67232,0.9996389
Kepler-10 b,-1.65597,0.9999292
Kepler-10 b,-1.63962,1.0000101
Kepler-10 b,-1.62328,0.9999276
Kepler-10 b,-1.60693,1.0000424
Kepler-10 b,-1.59059,0.9996109
Kepler-10 b,-1.57424,1.0001981
Kepler-10 b,-1.55789,1.0002961
Kepler-10 b,-1.54155,0.9997784
Kepler-10 b,-1.52520,1.0004695
Kepler-10 b,-1.50885,0.9998384
Kepler-10 b,-1.49251,0.9998827
Kepler-10 b,-1.47616,1.0000149
Kepler-10 b,-1.45981,1.0001173
Kepler-10 b,-1.44347,0.9997631
Kepler-10 b,-1.42712,0.9998837
Kepler-10 b,-1.41077,1.0000955
Kepler-10 b,-1.39443,0.9998229
Kepler-10 b,-1.37808,1.0000774
Kepler-10 b,-1.36173,0.9999770
Kepler-10 b,-1.34539,0.9999569
Kepler-10 b,-1.32904,0.9999541
Kepler-10 b,-1.31270,0.9999650
Kepler-10 b,-1.29635,0.9997625
Kepler-10 b,-1.28000,1.0003051
Kepler-10 b,-1.26366,0.9996914
Kepler-10 b,-1.24731,1.0001544
Kepler-10 b,-1.23096,0.9999851
Kepler-10 b,-1.21462,0.9996466
Kepler-10 b,-1.19827,1.0004460
Kepler-10 b,-1.18192,1.0000664
Kepler-10 b,-1.16558,0.9999538
Kepler-10 b,-1.14923,0.9999087
Kepler-10 b,-1.13288,0.9999527
Kepler-10 b,-1.11654,1.0000327
Kepler-10 b,-1.10019,0.9999215
Kepler-10 b,-1.08384,0.9998908
Kepler-10 b,-1.06750,0.9998343
Kepler-10 b,-1.05116,0.9999967
Kepler-10 b,-1.03481,1.0003375
Kepler-10 b,-1.01846,1.0003366
Kepler-10 b,-1.00212,1.0000786
Kepler-10 b,-0.98577,1.0000276
Kepler-10 b,-0.96942,0.9997270
Kepler-10 b,-0.95307,1.0026681
Kepler-10 b,-0.93673,0.9999143
Kepler-10 b,-0.92038,1.0000982
Kepler-10 b,-0.90404,0.9998447
Kepler-10 b,-0.88769,1.0000081
Kepler-10 b,-0.87134,0.9998158
Kepler-10 b,-0.85500,1.0003639
Kepler-10 b,-0.83865,0.9999176
Kepler-10 b,-0.82230,1.0001721
Kepler-10 b,-0.80596,1.0000831
Kepler-10 b,-0.78961,0.9998620
Kepler-10 b,-0.77327,0.9998242
Kepler-10 b,-0.75692,0.9992613
Kepler-10 b,-0.74057,0.9996868
Kepler-10 b,-0.72423,0.9997585
Kepler-10 b,-0.70788,0.9998302
Kepler-10 b,-0.69153,0.9997492
Kepler-10 b,-0.67518,0.9998698
Kepler-10 b,-0.65884,0.9998517
Kepler-10 b,-0.64250,0.9995842
Kepler-10 b,-0.62615,0.9998022
Kepler-10 b,-0.60980,0.9997925
Kepler-10 b,-0.59346,1.0000677
Kepler-10 b,-0.57711,0.9993978
Kepler-10 b,-0.56076,0.9997826
Kepler-10 b,-0.54442,1.0000108
Kepler-10 b,-0.52807,0.9997899
Kepler-10 b,-0.51172,0.9999698
Kepler-10 b,-0.49538,0.9993453
Kepler-10 b,-0.47903,0.9996687
Kepler-10 b,-0.46268,0.9998603
Kepler-10 b,-0.44634,0.9997156
Kepler-10 b,-0.42999,0.9997239
Kepler-10 b,-0.41364,0.9998133
Kepler-10 b,-0.39730,0.9999139
Kepler-10 b,-0.38095,0.9999068
Kepler-10 b,-0.36461,0.9997509
Kepler-10 b,-0.34826,0.9994833
Kepler-10 b,-0.33191,0.9998274
Kepler-10 b,-0.31557,0.9996539
Kepler-10 b,-0.29922,0.9997008
Kepler-10 b,-0.28287,1.0000203
Kepler-10 b,-0.26653,0.9999593
Kepler-10 b,-0.25018,1.0002719
Kepler-10 b,-0.23384,0.9999349
Kepler-10 b,-0.21749,1.0001950
Kepler-10 b,-0.20114,0.9999508
Kepler-10 b,-0.18480,1.0000320
Kepler-10 b,-0.16845,0.9997682
Kepler-10 b,-0.15210,0.9995691
Kepler-10 b,-0.13576,0.9998273
Kepler-10 b,-0.11941,1.0000807
Kepler-10 b,-0.10306,0.9997209
Kepler-10 b,-0.08672,1.0001410
Kepler-10 b,-0.07037,0.9998417
Kepler-10 b,-0.05402,0.9997611
Kepler-10 b,-0.03768,0.9998621
Kepler-10 b,-0.02133,0.9998396
Kepler-10 b,-0.00499,0.9998509
Kepler-10 b,0.01136,0.9999958
Kepler-10 b,0.02771,1.0001215
Kepler-10 b,0.04405,1.0000806
Kepler-10 b,0.06040,0.9999938
Kepler-10 b,0.07675,0.9997620
Kepler-10 b,0.09309,1.0000790
Kepler-10 b,0.10944,0.9999755
Kepler-10 b,0.12579,0.9999107
Kepler-10 b,0.14213,0.9997603
Kepler-10 b,0.15848,0.9997737
Kepler-10 b,0.17483,1.0002501
Kepler-10 b,0.19117,0.9999159
Kepler-10 b,0.20752,1.0002032
Kepler-10 b,0.22387,0.9998802
Kepler-10 b,0.24021,0.9998108
Kepler-10 b,0.25656,0.9998578
Kepler-10 b,0.27290,0.9999008
Kepler-10 b,0.28925,0.9998892
Kepler-10 b,0.30560,0.9996694
Kepler-10 b,0.32194,1.0000038
Kepler-10 b,0.33829,0.9999732
Kepler-10 b,0.35464,0.9995042
Kepler-10 b,0.37098,0.9999127
Kepler-10 b,0.38733,0.9997190
Kepler-10 b,0.40367,1.0000316
Kepler-10 b,0.42002,0.9994911
Kepler-10 b,0.43637,0.9994693
Kepler-10 b,0.45271,0.9998398
Kepler-10 b,0.46906,0.9999418
Kepler-10 b,0.48541,0.9998506
Kepler-10 b,0.50175,0.9998262
Kepler-10 b,0.51810,0.9999915
Kepler-10 b,0.53444,1.0002892
Kepler-10 b,0.55079,0.9999094
Kepler-10 b,0.56714,0.9995570
Kepler-10 b,0.58348,0.9995224
Kepler-10 b,0.59983,0.9998110
Kepler-10 b,0.61618,0.9995128
Kepler-10 b,0.63252,0.9996999
Kepler-10 b,0.64887,1.0000073
Kepler-10 b,0.66522,0.9995672
Kepler-10 b,0.68156,0.9997841
Kepler-10 b,0.69791,0.9999304
Kepler-10 b,0.71426,0.9997708
Kepler-10 b,0.73060,0.9996376
Kepler-10 b,0.74695,0.9992939
Kepler-10 b,0.76330,0.9995315
Kepler-10 b,0.77964,1.0001917
Kepler-10 b,0.79599,0.9999637
Kepler-10 b,0.81233,0.9996501
Kepler-10 b,0.82868,0.9996927
Kepler-10 b,0.84503,0.9998826
Kepler-10 b,0.86137,1.0000389
Kepler-10 b,0.87772,0.9997128
Kepler-10 b,0.89407,1.0002594
Kepler-10 b,0.91041,1.0000474
Kepler-10 b,0.92676,0.9998717
Kepler-10 b,0.94311,0.9997160
Kepler-10 b,0.95945,1.0002822
Kepler-10 b,0.97580,1.0000423
Kepler-10 b,0.99215,1.0001596
Kepler-10 b,1.00849,0.9998783
Kepler-10 b,1.02484,1.0005444
Kepler-10 b,1.04118,0.9996741
Kepler-10 b,1.05753,1.0003281
Kepler-10 b,1.07387,0.9998360
Kepler-10 b,1.09022,1.0002695
Kepler-10 b,1.10657,1.0000729
Kepler-10 b,1.12292,1.0001856
Kepler-10 b,1.13926,1.0000864
Kepler-10 b,1.15561,1.0000685
Kepler-10 b,1.17196,1.0001049
Kepler-10 b,1.18830,0.9998934
Kepler-10 b,1.20465,0.9999436
Kepler-10 b,1.22099,0.9999327
Kepler-10 b,1.23734,0.9996773
Kepler-10 b,1.25368,0.9999787
Kepler-10 b,1.27003,1.0001047
Kepler-10 b,1.28638,0.9997075
Kepler-10 b,1.30273,0.9998538
Kepler-10 b,1.31907,1.0003068
Kepler-10 b,1.33542,0.9999396
Kepler-10 b,1.35176,0.9999525
Kepler-10 b,1.36811,0.9999955
Kepler-10 b,1.38446,1.0001806
Kepler-10 b,1.40081,1.0002809
Kepler-10 b,1.41715,0.9998655
Kepler-10 b,1.43350,1.0001324
Kepler-10 b,1.44984,0.9999278
Kepler-10 b,1.46619,0.9998607
Kepler-10 b,1.48253,0.9999058
Kepler-10 b,1.49888,1.0003949
Kepler-10 b,1.51523,0.9999828
Kepler-10 b,1.53157,1.0001352
Kepler-10 b,1.54792,0.9997526
Kepler-10 b,1.56427,0.9997410
Kepler-10 b,1.58061,1.0001593
Kepler-10 b,1.59696,1.0000975
Kepler-10 b,1.61331,0.9997026
Kepler-10 b,1.62965,1.0000596
Kepler-10 b,1.64600,0.9998240
Kepler-10 b,1.66235,1.0005048
Kepler-10 b,1.67869,1.0001557
Kepler-10 b,1.69504,0.9997028
Kepler-10 b,1.71139,0.9999818
Kepler-10 b,1.72773,0.9999433
Kepler-10 b,1.74408,0.9999880
Kepler-10 b,1.76042,1.0001623
Kepler-10 b,1.77677,1.0000383
Kepler-10 b,1.79312,0.9998457
Kepler-10 b,1.80946,0.9998261
Kepler-10 b,1.82581,1.0003775
Kepler-10 b,1.84216,1.0000709
Kepler-10 b,1.85850,1.0001257
Kepler-10 b,1.87485,1.0004978
Kepler-10 b,1.89119,0.9996906
Kepler-10 b,1.90754,0.9998760
Kepler-10 b,1.92389,1.0000410
Kepler-10 b,1.94023,1.0000575
Kepler-10 b,1.95658,1.0002886
Kepler-10 b,1.97293,0.9996286
Kepler-10 b,1.98927,1.0002289
Kepler-10 b,2.00562,1.0000420
Kepler-10 b,2.02197,0.9999720
Kepler-10 b,2.03831,0.9997211
Kepler-10 b,2.05466,1.0000936
Kepler-10 b,2.07101,1.0000916
Kepler-10 b,2.08735,1.0002022
Kepler-10 b,2.10370,0.9991821
Kepler-10 b,2.12004,0.9999351
Kepler-10 b,2.13639,0.9998758
Kepler-10 b,2.15274,1.0002022
Kepler-10 b,2.16908,1.0000322
Kepler-10 b,2.18543,1.0000351
Kepler-10 b,2.20178,1.0000714
Kepler-10 b,2.21812,1.0004155
Kepler-10 b,2.23447,1.0002056
Kepler-10 b,2.25081,1.0000049
Kepler-10 b,2.26716,1.0002474
Kepler-10 b,2.28351,1.0000880
Kepler-10 b,2.29985,1.0000087
Kepler-10 b,2.31620,0.9998205
Kepler-10 b,2.33255,1.0000974
Kepler-10 b,2.34889,0.9998865
Kepler-10 b,2.36524,0.9998910
Kepler-10 b,2.38159,1.0001429
Kepler-10 b,2.39793,0.9998485
Kepler-10 b,2.41428,0.9998547
Kepler-10 b,2.43063,1.0000565
Kepler-10 b,2.44697,1.0000152
Kepler-10 b,2.46332,1.0002429
Kepler-10 b,2.47967,0.9997940
Kepler-10 b,2.49601,1.0003175
Kepler-10 b,2.51236,1.0002043
Kepler-10 b,2.52870,1.0002582
Kepler-10 b,2.54505,1.0001992
Kepler-10 b,2.56140,1.0003129
Kepler-10 b,2.57774,0.9999363
Kepler-10 b,2.59409,0.9998958
Kepler-10 b,2.61044,1.0001641
Kepler-10 b,2.62678,0.9995122
Kepler-10 b,2.64313,1.0003057
Kepler-10 b,2.65947,0.9999349
Kepler-10 b,2.67582,1.0003386
Kepler-10 b,2.69217,0.9997961
Kepler-10 b,2.70851,0.9997676
Kepler-10 b,2.72486,0.9998132
Kepler-10 b,2.74121,1.0003097
Kepler-10 b,2.75755,0.9995669
Kepler-10 b,2.77390,0.9999795
Kepler-10 b,2.79025,1.0000822
Kepler-10 b,2.80659,1.0004069
Kepler-10 b,2.82294,1.0001303
Kepler-10 b,2.83929,1.0000402
Kepler-10 b,2.85563,1.0000639
Kepler-10 b,2.87198,0.9998098
Kepler-10 b,2.88833,1.0000133
Kepler-10 b,2.90467,0.9999240
Kepler-10 b,2.92102,1.0003412
Kepler-10 b,2.93736,0.9998405
Kepler-10 b,2.95371,0.9999606
Kepler-10 b,2.97006,1.0004378
Kepler-10 b,2.98640,0.9999757
Kepler-10 b,3.00275,0.9996591
Kepler-10 b,3.01910,0.9998744
Kepler-10 b,3.03544,1.0003165
Kepler-10 b,3.05179,0.9998701
Kepler-10 b,3.06814,0.9999388
Kepler-10 b,3.08448,1.0005714
Kepler-10 b,3.10083,1.0001244
Kepler-10 b,3.11718,0.9998800
Kepler-10 b,3.13352,0.9999876
Kepler-10 b,3.14987,0.9999703
Kepler-10 b,3.16621,0.9998887
Kepler-10 b,3.18256,0.9998562
Kepler-10 b,3.19891,0.9997409
Kepler-10 b,3.21525,0.9999521
Kepler-10 b,3.23160,0.9996291
Kepler-10 b,3.24795,1.0002142
Kepler-10 b,3.26429,0.9996573
Kepler-10 b,3.28064,0.9998334
Kepler-10 b,3.29699,0.9999045
Kepler-10 b,3.31333,0.9998546
Kepler-10 b,3.32967,0.9998654
Kepler-10 b,3.34602,0.9998399
Kepler-10 b,3.36237,0.9999099
Kepler-10 b,3.37871,0.9997384
Kepler-10 b,3.39506,1.0000607
Kepler-10 b,3.41141,0.9998218
Kepler-10 b,3.42776,0.9995258
Kepler-10 b,3.44410,0.9993890
Kepler-10 b,3.46045,1.0000265
Kepler-10 b,3.47679,0.9993991
Kepler-10 b,3.49314,1.0002623
Kepler-10 b,3.50949,0.9999356
Kepler-10 b,3.52584,1.0001116
Kepler-10 b,3.54218,1.0000263
Kepler-10 b,3.55853,0.9997396
Kepler-10 b,3.57487,0.9999399
Kepler-10 b,3.59122,1.0001041
Kepler-10 b,3.60756,1.0001160
Kepler-10 b,3.62391,0.9995581
Kepler-10 b,3.64026,1.0000032
Kepler-10 b,3.65660,1.0000053
Kepler-10 b,3.67295,0.9997299
Kepler-10 b,3.68930,0.9999339
Kepler-10 b,3.70564,1.0001703
Kepler-10 b,3.72199,1.0005136
Kepler-10 b,3.73834,0.9998730
Kepler-10 b,3.75468,0.9998432
Kepler-10 b,3.77103,1.0001187
Kepler-10 b,3.78738,1.0000268
Kepler-10 b,3.80372,1.0000198
Kepler-10 b,3.82007,1.0000921
Kepler-10 b,3.83641,0.9997331
Kepler-10 b,3.85276,1.0002849
Kepler-10 b,3.86911,0.9999140
Kepler-10 b,3.88545,1.0000376
Kepler-10 b,3.90180,0.9998923
Kepler-10 b,3.91815,0.9995276
Kepler-10 b,3.93449,0.9997503
Kepler-10 b,3.95084,1.0000074
Kepler-10 b,3.96718,1.0001597
Kepler-10 b,3.98353,0.9999628
Kepler-10 b,3.99988,1.0002529
Kepler-10 b,4.01622,1.0001210
Kepler-10 b,4.03257,1.0003418
Kepler-10 b,4.04892,0.9999538
Kepler-10 b,4.06526,0.9998655
Kepler-10 b,4.08161,1.0000084
Kepler-10 b,4.09796,0.9997595
Kepler-10 b,4.11430,1.0004596
Kepler-10 b,4.13065,1.0003346
Kepler-10 b,4.14700,1.0000085
Kepler-10 b,4.16334,0.9999084
Kepler-10 b,4.17969,0.9999573
Kepler-10 b,4.19604,1.0000434
Kepler-10 b,4.21238,0.9999160
Kepler-10 b,4.22873,1.0003659
Kepler-10 b,4.24507,1.0000784
Kepler-10 b,4.26142,1.0004579
Kepler-10 b,4.27777,0.9998118
Kepler-10 b,4.29411,0.9999075
Kepler-10 b,4.31046,0.9999170
Kepler-10 b,4.32681,1.0002315
Kepler-10 b,4.34315,0.9998967
Kepler-10 b,4.35950,1.0002732
Kepler-10 b,4.37584,1.0006394
Kepler-10 b,4.39219,0.9998766
Kepler-10 b,4.40854,0.9999105
Kepler-10 b,4.42488,1.0004004
Kepler-10 b,4.44123,1.0001943
Kepler-10 b,4.45758,1.0000031
Kepler-10 b,4.47392,0.9999393
Kepler-10 b,4.49027,1.0002215
Kepler-10 b,4.50662,1.0002084
Kepler-10 b,4.52296,0.9996231
Kepler-10 b,4.53931,0.9998542
Kepler-10 b,4.55566,1.0000632
Kepler-10 b,4.57200,0.9998990
Kepler-10 b,4.58835,1.0000475
Kepler-10 b,4.60470,0.9998250
Kepler-10 b,4.62104,1.0003275
Kepler-10 b,4.63739,1.0000138
Kepler-10 b,4.65373,1.0000585
Kepler-10 b,4.67008,0.9999224
Kepler-10 b,4.68643,1.0002087
Kepler-10 b,4.70277,0.9999868
Kepler-10 b,4.71912,0.9997739
Kepler-10 b,4.73547,0.9998698
Kepler-10 b,4.75181,1.0000681
Kepler-10 b,4.76816,0.9998241
Kepler-10 b,4.78450,0.9997873
Kepler-10 b,-4.78820,1.0001695
Kepler-10 b,-4.77186,0.9991860
Kepler-10 b,-4.75551,0.9998459
Kepler-10 b,-4.73916,0.9997607
Kepler-10 b,-4.72282,0.9999152
Kepler-10 b,-4.70647,1.0002912
Kepler-10 b,-4.69012,1.0000626
Kepler-10 b,-4.67378,1.0001485
Kepler-10 b,-4.65743,0.9999022
Kepler-10 b,-4.64108,0.9999380
Kepler-10 b,-4.62474,1.0002409
Kepler-10 b,-4.60839,1.0001640
Kepler-10 b,-4.59205,0.9998675
Kepler-10 b,-4.57570,0.9999230
Kepler-10 b,-4.55935,1.0000617
Kepler-10 b,-4.54301,1.0000114
Kepler-10 b,-4.52666,1.0000276
Kepler-10 b,-4.51031,0.9999781
Kepler-10 b,-4.49397,0.9999000
Kepler-10 b,-4.47762,1.0000727
Kepler-10 b,-4.46128,1.0001046
Kepler-10 b,-4.44493,1.0001683
Kepler-10 b,-4.42858,1.0001653
Kepler-10 b,-4.41223,0.9998288
Kepler-10 b,-4.39589,1.0000191
Kepler-10 b,-4.37954,1.0000325
Kepler-10 b,-4.36319,0.9997532
Kepler-10 b,-4.34685,1.0000999
Kepler-10 b,-4.33050,1.0000267
Kepler-10 b,-4.31416,0.9999859
Kepler-10 b,-4.29781,1.0001896
Kepler-10 b,-4.28146,0.9999858
Kepler-10 b,-4.26512,1.0002718
Kepler-10 b,-4.24877,1.0001453
Kepler-10 b,-4.23242,1.0003743
Kepler-10 b,-4.21608,0.9999933
Kepler-10 b,-4.19973,1.0001299
Kepler-10 b,-4.18339,0.9998792
Kepler-10 b,-4.16704,1.0003456
Kepler-10 b,-4.15069,0.9998803
Kepler-10 b,-4.13435,0.9997969
Kepler-10 b,-4.11800,0.9999549
Kepler-10 b,-4.10165,1.0001523
Kepler-10 b,-4.08531,1.0002219
Kepler-10 b,-4.06896,0.9998035
Kepler-10 b,-4.05262,0.9999981
Kepler-10 b,-4.03627,0.9998407
Kepler-10 b,-4.01992,1.0000468
Kepler-10 b,-4.00358,1.0000776
Kepler-10 b,-3.98723,0.9999778
Kepler-10 b,-3.97088,0.9998259
Kepler-10 b,-3.95454,0.9997258
Kepler-10 b,-3.93819,0.9999351
Kepler-10 b,-3.92184,0.9996680
Kepler-10 b,-3.90550,0.9996692
Kepler-10 b,-3.88915,0.9998264
Kepler-10 b,-3.87280,0.9997392
Kepler-10 b,-3.85646,1.0002316
Kepler-10 b,-3.84011,1.0000300
Kepler-10 b,-3.82377,0.9997825
Kepler-10 b,-3.80742,1.0004192
Kepler-10 b,-3.79107,0.9999623
Kepler-10 b,-3.77473,0.9998849
Kepler-10 b,-3.75838,0.9999598
Kepler-10 b,-3.74203,1.0000585
Kepler-10 b,-3.72569,1.0000532
Kepler-10 b,-3.70934,1.0000232
Kepler-10 b,-3.69299,1.0003680
Kepler-10 b,-3.67665,0.9999328
Kepler-10 b,-3.66030,0.9999064
Kepler-10 b,-3.64395,1.0000476
Kepler-10 b,-3.62761,0.9999833
Kepler-10 b,-3.61126,1.0000074
Kepler-10 b,-3.59491,0.9999093
Kepler-10 b,-3.57857,0.9997641
Kepler-10 b,-3.56222,0.9997463
Kepler-10 b,-3.54588,0.9996906
Kepler-10 b,-3.52953,0.9998141
Kepler-10 b,-3.51318,1.0002268
Kepler-10 b,-3.49684,0.9998600
Kepler-10 b,-3.48049,1.0002746
Kepler-10 b,-3.46414,1.0000812
Kepler-10 b,-3.44780,1.0004953
Kepler-10 b,-3.43145,1.0001532
Kepler-10 b,-3.41511,0.9999844
Kepler-10 b,-3.39876,0.9998484
Kepler-10 b,-3.38241,0.9997850
Kepler-10 b,-3.36607,0.9999677
Kepler-10 b,-3.34972,1.0001896
Kepler-10 b,-3.33337,1.0004933
Kepler-10 b,-3.31703,0.9998701
Kepler-10 b,-3.30068,1.0000783
Kepler-10 b,-3.28434,0.9996533
Kepler-10 b,-3.26799,1.0002213
Kepler-10 b,-3.25164,1.0000051
Kepler-10 b,-3.23530,0.9996426
Kepler-10 b,-3.21895,0.9999794
Kepler-10 b,-3.20260,1.0003956
Kepler-10 b,-3.18625,0.9995730
Kepler-10 b,-3.16991,0.9999247
Kepler-10 b,-3.15357,0.9997783
Kepler-10 b,-3.13722,1.0000106
Kepler-10 b,-3.12087,1.0001814
Kepler-10 b,-3.10453,1.0001714
Kepler-10 b,-3.08818,1.0003007
Kepler-10 b,-3.07183,1.0000746
Kepler-10 b,-3.05549,0.9997507
Kepler-10 b,-3.03914,1.0000569
Kepler-10 b,-3.02279,1.0001669
Kepler-10 b,-3.00645,0.9998096
Kepler-10 b,-2.99010,0.9998751
Kepler-10 b,-2.97375,1.0001267
Kepler-10 b,-2.95741,0.9999508
Kepler-10 b,-2.94106,1.0002980
Kepler-10 b,-2.92471,1.0000154
Kepler-10 b,-2.90837,0.9998755
Kepler-10 b,-2.89202,0.9999352
Kepler-10 b,-2.87568,0.9999505
Kepler-10 b,-2.85933,0.9998390
Kepler-10 b,-2.84298,0.9998998
Kepler-10 b,-2.82664,0.9999889
Kepler-10 b,-2.81029,0.9999895
Kepler-10 b,-2.79394,0.9996949
Kepler-10 b,-2.77760,1.0000605
Kepler-10 b,-2.76125,0.9999731
Kepler-10 b,-2.74491,1.0000998
Kepler-10 b,-2.72856,1.0002538
Kepler-10 b,-2.71221,0.9998765
Kepler-10 b,-2.69587,0.9998612
Kepler-10 b,-2.67952,0.9998898
Kepler-10 b,-2.66317,1.0002376
Kepler-10 b,-2.64683,1.0000209
Kepler-10 b,-2.63048,1.0001965
Kepler-10 b,-2.61413,1.0002320
Kepler-10 b,-2.59779,0.9997517
Kepler-10 b,-2.58144,1.0002871
Kepler-10 b,-2.56509,0.9999389
Kepler-10 b,-2.54875,1.0000356
Kepler-10 b,-2.53240,1.0003557
Kepler-10 b,-2.51605,0.9995912
Kepler-10 b,-2.49971,0.9997930
Kepler-10 b,-2.48336,0.9998196
Kepler-10 b,-2.46702,0.9999494
Kepler-10 b,-2.45067,0.9999328
Kepler-10 b,-2.43432,0.9998720
Kepler-10 b,-2.41798,1.0000402
Kepler-10 b,-2.40163,1.0001967
Kepler-10 b,-2.38528,1.0002545
Kepler-10 b,-2.36894,1.0001362
Kepler-10 b,-2.35259,0.9999987
Kepler-10 b,-2.33625,1.0001149
Kepler-10 b,-2.31990,1.0003628
Kepler-10 b,-2.30355,0.9997517
Kepler-10 b,-2.28720,0.9999211
Kepler-10 b,-2.27086,1.0002325
Kepler-10 b,-2.25451,1.0004862
Kepler-10 b,-2.23817,0.9998637
Kepler-10 b,-2.22182,0.9999268
Kepler-10 b,-2.20547,1.0001584
Kepler-10 b,-2.18913,0.9997275
Kepler-10 b,-2.17278,1.0002897
Kepler-10 b,-2.15643,1.0002729
Kepler-10 b,-2.14009,1.0001911
Kepler-10 b,-2.12374,1.0002035
Kepler-10 b,-2.10740,0.9997191
Kepler-10 b,-2.09105,1.0001187
Kepler-10 b,-2.07470,1.0001781
Kepler-10 b,-2.05836,0.9999181
Kepler-10 b,-2.04201,0.9998547
Kepler-10 b,-2.02566,1.0002093
Kepler-10 b,-2.00932,1.0001590
Kepler-10 b,-1.99297,1.0000175
Kepler-10 b,-1.97663,0.9998436
Kepler-10 b,-1.96028,0.9995058
Kepler-10 b,-1.94393,0.9998244
Kepler-10 b,-1.92759,1.0001851
Kepler-10 b,-1.91124,0.9999395
Kepler-10 b,-1.89489,1.0002869
Kepler-10 b,-1.87855,0.9999616
Kepler-10 b,-1.86220,0.9998728
Kepler-10 b,-1.84585,1.0001427
Kepler-10 b,-1.82951,0.9995970
Kepler-10 b,-1.81316,0.9997741
Kepler-10 b,-1.79681,1.0001295
Kepler-10 b,-1.78047,1.0000679
Kepler-10 b,-1.76412,1.0001450
Kepler-10 b,-1.74777,1.0003516
Kepler-10 b,-1.73143,1.0003857
Kepler-10 b,-1.71508,0.9998763
Kepler-10 b,-1.69874,1.0000731
Kepler-10 b,-1.68239,1.0004239
Kepler-10 b,-1.66604,1.0001090
Kepler-10 b,-1.64970,0.9998568
Kepler-10 b,-1.63335,1.0000565
Kepler-10 b,-1.61700,1.0000681
Kepler-10 b,-1.60066,1.0000067
Kepler-10 b,-1.58431,0.9999643
Kepler-10 b,-1.56796,1.0002962
Kepler-10 b,-1.55162,1.0002505
Kepler-10 b,-1.53527,0.9997434
Kepler-10 b,-1.51892,1.0003589
Kepler-10 b,-1.50258,1.0005427
Kepler-10 b,-1.48623,1.0002748
Kepler-10 b,-1.46988,1.0000727
Kepler-10 b,-1.45354,1.0004239
Kepler-10 b,-1.43719,1.0001613
Kepler-10 b,-1.42085,1.0003815
Kepler-10 b,-1.40450,0.9999342
Kepler-10 b,-1.38815,1.0001374
Kepler-10 b,-1.37181,0.9997058
Kepler-10 b,-1.35546,1.0000933
Kepler-10 b,-1.33911,0.9999662
Kepler-10 b,-1.32277,0.9995528
Kepler-10 b,-1.30642,0.9999535
Kepler-10 b,-1.29008,1.0000014
Kepler-10 b,-1.27373,0.9999850
Kepler-10 b,-1.25739,1.0001634
Kepler-10 b,-1.24104,0.9997400
Kepler-10 b,-1.22469,1.0001564
Kepler-10 b,-1.20835,1.0001873
Kepler-10 b,-1.19200,1.0000487
Kepler-10 b,-1.17565,1.0000501
Kepler-10 b,-1.15931,1.0000095
Kepler-10 b,-1.14296,0.9997905
Kepler-10 b,-1.12661,0.9999051
Kepler-10 b,-1.11027,0.9998639
Kepler-10 b,-1.09392,1.0004654
Kepler-10 b,-1.07757,1.0001499
Kepler-10 b,-1.06122,1.0006201
Kepler-10 b,-1.04488,0.9998783
Kepler-10 b,-1.02854,0.9999059
Kepler-10 b,-1.01219,0.9999022
Kepler-10 b,-0.99584,1.0000955
Kepler-10 b,-0.97950,0.9997854
Kepler-10 b,-0.96315,0.9998354
Kepler-10 b,-0.94680,1.0002419
Kepler-10 b,-0.93046,0.9998232
Kepler-10 b,-0.91411,1.0000587
Kepler-10 b,-0.89776,0.9997292
Kepler-10 b,-0.88142,1.0002930
Kepler-10 b,-0.86507,0.9999240
Kepler-10 b,-0.84872,0.9996130
Kepler-10 b,-0.83238,1.0002053
Kepler-10 b,-0.81603,1.0001864
Kepler-10 b,-0.79968,0.9999711
Kepler-10 b,-0.78334,0.9997681
Kepler-10 b,-0.76699,0.9995304
Kepler-10 b,-0.75065,0.9995574
Kepler-10 b,-0.73430,1.0002500
Kepler-10 b,-0.71795,0.9997736
Kepler-10 b,-0.70161,0.9996347
Kepler-10 b,-0.68526,0.9999030
Kepler-10 b,-0.66891,0.9998189
Kepler-10 b,-0.65257,0.9996024
Kepler-10 b,-0.63622,0.9996641
Kepler-10 b,-0.61988,0.9997918
Kepler-10 b,-0.60353,1.0000040
Kepler-10 b,-0.58718,1.0002201
Kepler-10 b,-0.57084,1.0000876
Kepler-10 b,-0.55449,0.9996556
Kepler-10 b,-0.53814,0.9995130
Kepler-10 b,-0.52180,1.0001089
Kepler-10 b,-0.50545,1.0000480
Kepler-10 b,-0.48910,0.9996487
Kepler-10 b,-0.47276,0.9999383
Kepler-10 b,-0.45641,1.0000728
Kepler-10 b,-0.44006,0.9999672
Kepler-10 b,-0.42372,0.9999757
Kepler-10 b,-0.40737,0.9996855
Kepler-10 b,-0.39103,0.9999442
Kepler-10 b,-0.37468,0.9997645
Kepler-10 b,-0.35833,1.0003358
Kepler-10 b,-0.34199,1.0000351
Kepler-10 b,-0.32564,1.0002522
Kepler-10 b,-0.30929,0.9998587
Kepler-10 b,-0.29295,0.9996484
Kepler-10 b,-0.27660,1.0003273
Kepler-10 b,-0.26025,0.9996297
Kepler-10 b,-0.24391,0.9997679
Kepler-10 b,-0.22756,0.9999318
Kepler-10 b,-0.21122,0.9998035
Kepler-10 b,-0.19487,1.0000307
Kepler-10 b,-0.17852,0.9996716
Kepler-10 b,-0.16218,0.9997662
Kepler-10 b,-0.14583,1.0001217
Kepler-10 b,-0.12948,1.0004751
Kepler-10 b,-0.11314,0.9997076
Kepler-10 b,-0.09679,0.9999319
Kepler-10 b,-0.08044,0.9998493
Kepler-10 b,-0.06410,0.9996821
Kepler-10 b,-0.04775,0.9997252
Kepler-10 b,-0.03140,0.9998951
Kepler-10 b,-0.01506,0.9997501
Kepler-10 b,0.00129,0.9997638
Kepler-10 b,0.01763,0.9999039
Kepler-10 b,0.03398,1.0001181
Kepler-10 b,0.05033,0.9999600
Kepler-10 b,0.06667,0.9996228
Kepler-10 b,0.08302,0.9998561
Kepler-10 b,0.09937,0.9996119
Kepler-10 b,0.11571,0.9999564
Kepler-10 b,0.13206,1.0000575
Kepler-10 b,0.14840,1.0000259
Kepler-10 b,0.16475,0.9999907
Kepler-10 b,0.18110,0.9999835
Kepler-10 b,0.19744,0.9999474
Kepler-10 b,0.21379,1.0002288
Kepler-10 b,0.23014,0.9996047
Kepler-10 b,0.24648,1.0001836
Kepler-10 b,0.26283,0.9996449
Kepler-10 b,0.27918,0.9997539
Kepler-10 b,0.29552,0.9996270
Kepler-10 b,0.31187,1.0001453
Kepler-10 b,0.32822,0.9998073
Kepler-10 b,0.34456,1.0001189
Kepler-10 b,0.36091,1.0000814
Kepler-10 b,0.37726,1.0001535
Kepler-10 b,0.39360,1.0000651
Kepler-10 b,0.40994,0.9998289
Kepler-10 b,0.42629,0.9999566
Kepler-10 b,0.44264,0.9997592
Kepler-10 b,0.45899,1.0000291
Kepler-10 b,0.47533,0.9998448
Kepler-10 b,0.49168,0.9998741
Kepler-10 b,0.50803,0.9997962
Kepler-10 b,0.52437,0.9998820
Kepler-10 b,0.54072,1.0000208
Kepler-10 b,0.55706,1.0001230
Kepler-10 b,0.57341,0.9998227
Kepler-10 b,0.58976,0.9996525
Kepler-10 b,0.60611,0.9999607
Kepler-10 b,0.62245,0.9997969
Kepler-10 b,0.63880,0.9997796
Kepler-10 b,0.65515,1.0000458
Kepler-10 b,0.67149,0.9999687
Kepler-10 b,0.68783,0.9994377
Kepler-10 b,0.70418,0.9999453
Kepler-10 b,0.72053,1.0002237
Kepler-10 b,0.73687,0.9996674
Kepler-10 b,0.75322,0.9999903
Kepler-10 b,0.76957,0.9995155
Kepler-10 b,0.78592,1.0001302
Kepler-10 b,0.80226,1.0000385
Kepler-10 b,0.81861,0.9998345
Kepler-10 b,0.83495,0.9999059
Kepler-10 b,0.85130,1.0001454
Kepler-10 b,0.86764,1.0005167
Kepler-10 b,0.88399,1.0002026
Kepler-10 b,0.90034,0.9999109
Kepler-10 b,0.91668,0.9997768
Kepler-10 b,0.93303,0.9998704
Kepler-10 b,0.94938,1.0002968
Kepler-10 b,0.96572,1.0001280
Kepler-10 b,0.98207,0.9999909
Kepler-10 b,0.99842,1.0000014
Kepler-10 b,1.01476,0.9998849
Kepler-10 b,1.03111,0.9996282
Kepler-10 b,1.04746,0.9998701
Kepler-10 b,1.06380,0.9998549
Kepler-10 b,1.08015,1.0000872
Kepler-10 b,1.09649,1.0000600
Kepler-10 b,1.11284,1.0000329
Kepler-10 b,1.12919,1.0003292
Kepler-10 b,1.14553,1.0001542
Kepler-10 b,1.16188,1.0002237
Kepler-10 b,1.17823,0.9998672
Kepler-10 b,1.19457,1.0000935
Kepler-10 b,1.21092,1.0001727
Kepler-10 b,1.22727,0.9996879
Kepler-10 b,1.24361,1.0000015
Kepler-10 b,1.25996,1.0002267
Kepler-10 b,1.27631,0.9996744
Kepler-10 b,1.29265,0.9996966
Kepler-10 b,1.30900,1.0001093
Kepler-10 b,1.32535,1.0000793
Kepler-10 b,1.34169,0.9998310
Kepler-10 b,1.35804,0.9998383
Kepler-10 b,1.37438,1.0001310
Kepler-10 b,1.39073,1.0002415
Kepler-10 b,1.40708,1.0005452
Kepler-10 b,1.42342,0.9999752
Kepler-10 b,1.43977,1.0001575
Kepler-10 b,1.45612,1.0003104
Kepler-10 b,1.47246,0.9999780
Kepler-10 b,1.48881,0.9999763
Kepler-10 b,1.50515,1.0002331
Kepler-10 b,1.52150,0.9997834
Kepler-10 b,1.53785,1.0001110
Kepler-10 b,1.55419,1.0003479
Kepler-10 b,1.57054,1.0001755
Kepler-10 b,1.58689,1.0003449
Kepler-10 b,1.60323,1.0002251
Kepler-10 b,1.61958,1.0002943
Kepler-10 b,1.63593,1.0002447
Kepler-10 b,1.65227,1.0001865
Kepler-10 b,1.66862,1.0001319
Kepler-10 b,1.68497,1.0002407
Kepler-10 b,1.70131,0.9998521
Kepler-10 b,1.71766,0.9998857
Kepler-10 b,1.73400,0.9998276
Kepler-10 b,1.75035,0.9998207
Kepler-10 b,1.76670,1.0000424
Kepler-10 b,1.78304,1.0001807
Kepler-10 b,1.79939,0.9999924
Kepler-10 b,1.81574,0.9997655
Kepler-10 b,1.83208,1.0001069
Kepler-10 b,1.84843,0.9999954
Kepler-10 b,1.86477,0.9995294
Kepler-10 b,1.88112,0.9997846
Kepler-10 b,1.89747,0.9999608
Kepler-10 b,1.91381,1.0000229
Kepler-10 b,1.93016,0.9999464
Kepler-10 b,1.94651,0.9996734
Kepler-10 b,1.96285,1.0005148
Kepler-10 b,1.97920,1.0002734
Kepler-10 b,1.99555,0.9997197
Kepler-10 b,2.01189,1.0002810
Kepler-10 b,2.02824,1.0000292
Kepler-10 b,2.04459,1.0000026
Kepler-10 b,2.06093,0.9999083
Kepler-10 b,2.07728,0.9998538
Kepler-10 b,2.09363,1.0004256
Kepler-10 b,2.10997,0.9998418
Kepler-10 b,2.12632,1.0001546
Kepler-10 b,2.14266,0.9998427
Kepler-10 b,2.15901,0.9999867
Kepler-10 b,2.17536,0.9997324
Kepler-10 b,2.19170,0.9998175
Kepler-10 b,2.20805,1.0000586
Kepler-10 b,2.22440,1.0003666
Kepler-10 b,2.24074,1.0001451
Kepler-10 b,2.25709,1.0002897
Kepler-10 b,2.27343,0.9998703
Kepler-10 b,2.28978,1.0000499
Kepler-10 b,2.30613,0.9999295
Kepler-10 b,2.32247,1.0002364
Kepler-10 b,2.33882,0.9996807
Kepler-10 b,2.35517,0.9998732
Kepler-10 b,2.37151,1.0000367
Kepler-10 b,2.38786,1.0001217
Kepler-10 b,2.40421,0.9997175
Kepler-10 b,2.42055,0.9999067
Kepler-10 b,2.43690,1.0000853
Kepler-10 b,2.45325,0.9998720
Kepler-10 b,2.46959,0.9997273
Kepler-10 b,2.48594,1.0000319
Kepler-10 b,2.50229,0.9998137
Kepler-10 b,2.51863,1.0000589
Kepler-10 b,2.53497,1.0001113
Kepler-10 b,2.55132,0.9999220
Kepler-10 b,2.56767,0.9999846
Kepler-10 b,2.58402,1.0000615
Kepler-10 b,2.60036,1.0000934
Kepler-10 b,2.61671,1.0001350
Kepler-10 b,2.63306,1.0001124
Kepler-10 b,2.64940,0.9999500
Kepler-10 b,2.66575,0.9999734
Kepler-10 b,2.68209,1.0001798
Kepler-10 b,2.69844,1.0000706
Kepler-10 b,2.71479,1.0000325
Kepler-10 b,2.73113,0.9996556
Kepler-10 b,2.74748,0.9999351
Kepler-10 b,2.76383,1.0000588
Kepler-10 b,2.78017,1.0001110
Kepler-10 b,2.79652,0.9997983
Kepler-10 b,2.81286,0.9999811
Kepler-10 b,2.82921,0.9999268
Kepler-10 b,2.84556,1.0000921
Kepler-10 b,2.86190,1.0001888
Kepler-10 b,2.87825,0.9997802
Kepler-10 b,2.89460,0.9995236
Kepler-10 b,2.91094,0.9995614
Kepler-10 b,2.92729,1.0001923
Kepler-10 b,2.94364,0.9998093
Kepler-10 b,2.95998,0.9998264
Kepler-10 b,2.97633,1.0000380
Kepler-10 b,2.99267,1.0001169
Kepler-10 b,3.00902,1.0000630
Kepler-10 b,3.02537,0.9999493
Kepler-10 b,3.04171,0.9997823
Kepler-10 b,3.05806,1.0001523
Kepler-10 b,3.07441,1.0001418
Kepler-10 b,3.09075,1.0000901
Kepler-10 b,3.10710,0.9998757
Kepler-10 b,3.12345,0.9999194
Kepler-10 b,3.13979,1.0004871
Kepler-10 b,3.15614,0.9997322
Kepler-10 b,3.17249,0.9999755
Kepler-10 b,3.18883,1.0000504
Kepler-10 b,3.20518,1.0001383
Kepler-10 b,3.22152,0.9998431
Kepler-10 b,3.23787,0.9997794
Kepler-10 b,3.25422,1.0005111
Kepler-10 b,3.27056,1.0003582
Kepler-10 b,3.28691,0.9999951
Kepler-10 b,3.30326,0.9998765
Kepler-10 b,3.31960,1.0000800
Kepler-10 b,3.33595,1.0000235
Kepler-10 b,3.35230,1.0002193
Kepler-10 b,3.36864,1.0001047
Kepler-10 b,3.38499,0.9999133
Kepler-10 b,3.40134,0.9998758
Kepler-10 b,3.41768,1.0001222
Kepler-10 b,3.43403,0.9999225
Kepler-10 b,3.45037,0.9997886
Kepler-10 b,3.46672,1.0000038
Kepler-10 b,3.48307,1.0005086
Kepler-10 b,3.49941,0.9999553
Kepler-10 b,3.51576,1.0002369
Kepler-10 b,3.53211,0.9998483
Kepler-10 b,3.54845,0.9998695
Kepler-10 b,3.56480,1.0000296
Kepler-10 b,3.58114,1.0002197
Kepler-10 b,3.59749,0.9999895
Kepler-10 b,3.61384,1.0004875
Kepler-10 b,3.63018,0.9998657
Kepler-10 b,3.64653,0.9998563
Kepler-10 b,3.66288,0.9998576
Kepler-10 b,3.67922,1.0002174
Kepler-10 b,3.69557,1.0001940
Kepler-10 b,3.71192,1.0001013
Kepler-10 b,3.72826,1.0003487
Kepler-10 b,3.74461,0.9998035
Kepler-10 b,3.76095,1.0005031
Kepler-10 b,3.77730,0.9997869
Kepler-10 b,3.79365,1.0001225
Kepler-10 b,3.81000,0.9997531
Kepler-10 b,3.82634,0.9999611
Kepler-10 b,3.84269,0.9995921
Kepler-10 b,3.85903,0.9997094
Kepler-10 b,3.87538,0.9997421
Kepler-10 b,3.89173,1.0000954
Kepler-10 b,3.90807,0.9998748
Kepler-10 b,3.92442,1.0001844
Kepler-10 b,3.94077,0.9996976
Kepler-10 b,3.95711,1.0000422
Kepler-10 b,3.97346,0.9998370
Kepler-10 b,3.98980,0.9997656
Kepler-10 b,4.00615,1.0001138
Kepler-10 b,4.02250,0.9996950
Kepler-10 b,4.03884,0.9999075
Kepler-10 b,4.05519,0.9999154
Kepler-10 b,4.07154,1.0000919
Kepler-10 b,4.08788,0.9997808
Kepler-10 b,4.10423,1.0000523
Kepler-10 b,4.12058,1.0002041
Kepler-10 b,4.13692,0.9999016
Kepler-10 b,4.15327,0.9999717
Kepler-10 b,4.16962,0.9999339
Kepler-10 b,4.18596,1.0000557
Kepler-10 b,4.20231,1.0001814
Kepler-10 b,4.21866,1.0002865
Kepler-10 b,4.23500,0.9999430
Kepler-10 b,4.25134,1.0001232
Kepler-10 b,4.26769,1.0000808
Kepler-10 b,4.28404,1.0002426
Kepler-10 b,4.30039,1.0001342
Kepler-10 b,4.31673,1.0002082
Kepler-10 b,4.33308,1.0000343
Kepler-10 b,4.34943,1.0000212
Kepler-10 b,4.36577,1.0001841
Kepler-10 b,4.38212,1.0000444
Kepler-10 b,4.39846,0.9994940
Kepler-10 b,4.41481,1.0000121
Kepler-10 b,4.43116,0.9999282
Kepler-10 b,4.44750,0.9998445
Kepler-10 b,4.46385,0.9997200
Kepler-10 b,4.48020,0.9997391
Kepler-10 b,4.49654,0.9999641
Kepler-10 b,4.51289,0.9997031
Kepler-10 b,4.52923,1.0001318
Kepler-10 b,4.54558,0.9999682
Kepler-10 b,4.56193,0.9998034
Kepler-10 b,4.57828,1.0001124
Kepler-10 b,4.59462,0.9999518
Kepler-10 b,4.61097,0.9998078
Kepler-10 b,4.62732,0.9998674
Kepler-10 b,4.64366,1.0000028
Kepler-10 b,4.66000,0.9998558
Kepler-10 b,4.67635,0.9999961
Kepler-10 b,4.69270,1.0003155
Kepler-10 b,4.70905,1.0000730
Kepler-10 b,4.72539,0.9999982
Kepler-10 b,4.74174,1.0006231
Kepler-10 b,4.75809,1.0000111
Kepler-10 b,4.77443,1.0003047
Kepler-10 b,4.79078,1.0001798
Kepler-10 b,-4.79828,0.9999237
Kepler-10 b,-4.78193,0.9998641
Kepler-10 b,-4.76558,1.0006367
Kepler-10 b,-4.74924,0.9998347
Kepler-10 b,-4.73289,0.9998681
Kepler-10 b,-4.71655,0.9995957
Kepler-10 b,-4.70020,1.0000822
Kepler-10 b,-4.68385,0.9998700
Kepler-10 b,-4.66751,0.9996635
Kepler-10 b,-4.65116,0.9999835
Kepler-10 b,-4.63481,0.9999503
Kepler-10 b,-4.61847,0.9999309
Kepler-10 b,-4.60212,1.0000694
Kepler-10 b,-4.58577,0.9999564
Kepler-10 b,-4.56943,1.0002139
Kepler-10 b,-4.55308,0.9999508
Kepler-10 b,-4.53673,1.0001796
Kepler-10 b,-4.52039,0.9997238
Kepler-10 b,-4.50404,1.0001173
Kepler-10 b,-4.48770,1.0002710
Kepler-10 b,-4.47135,0.9999223
Kepler-10 b,-4.45500,1.0001802
Kepler-10 b,-4.43866,0.9998747
Kepler-10 b,-4.42231,1.0004502
Kepler-10 b,-4.40596,1.0001842
Kepler-10 b,-4.38962,0.9998691
Kepler-10 b,-4.37327,0.9998738
Kepler-10 b,-4.35692,0.9998938
Kepler-10 b,-4.34058,0.9997014
Kepler-10 b,-4.32423,1.0001135
Kepler-10 b,-4.30789,0.9999229
Kepler-10 b,-4.29154,1.0000173
Kepler-10 b,-4.27519,0.9998317
Kepler-10 b,-4.25885,0.9998231
Kepler-10 b,-4.24250,0.9999778
Kepler-10 b,-4.22615,0.9998661
Kepler-10 b,-4.20981,1.0003206
Kepler-10 b,-4.19346,0.9996822
Kepler-10 b,-4.17711,0.9997607
Kepler-10 b,-4.16077,0.9999796
Kepler-10 b,-4.14442,0.9998163
Kepler-10 b,-4.12807,0.9998287
Kepler-10 b,-4.11173,1.0002418
Kepler-10 b,-4.09538,0.9999674
Kepler-10 b,-4.07904,1.0007313
Kepler-10 b,-4.06269,1.0001260
Kepler-10 b,-4.04634,0.9998633
Kepler-10 b,-4.03000,1.0000455
Kepler-10 b,-4.01365,0.9998821
Kepler-10 b,-3.99730,1.0001639
Kepler-10 b,-3.98096,1.0001313
Kepler-10 b,-3.96461,0.9998727
Kepler-10 b,-3.94827,1.0002357
Kepler-10 b,-3.93192,0.9999852
Kepler-10 b,-3.91557,1.0001252
Kepler-10 b,-3.89923,1.0001101
Kepler-10 b,-3.88288,0.9998923
Kepler-10 b,-3.86653,0.9999727
Kepler-10 b,-3.85019,1.0000248
Kepler-10 b,-3.83384,1.0000339
Kepler-10 b,-3.81749,0.9999969
Kepler-10 b,-3.80115,0.9998267
Kepler-10 b,-3.78480,0.9995874
Kepler-10 b,-3.76845,1.0003576
Kepler-10 b,-3.75211,1.0001575
Kepler-10 b,-3.73576,0.9999988
Kepler-10 b,-3.71942,0.9998913
Kepler-10 b,-3.70307,1.0000065
Kepler-10 b,-3.68673,0.9999847
Kepler-10 b,-3.67038,0.9998738
Kepler-10 b,-3.65403,0.9998575
Kepler-10 b,-3.63769,1.0003066
Kepler-10 b,-3.62134,1.0000472
Kepler-10 b,-3.60499,1.0000442
Kepler-10 b,-3.58865,0.9998369
Kepler-10 b,-3.57230,1.0001992
Kepler-10 b,-3.55595,0.9998486
Kepler-10 b,-3.53961,1.0002931
Kepler-10 b,-3.52326,1.0002353
Kepler-10 b,-3.50691,1.0000690
Kepler-10 b,-3.49057,0.9997951
Kepler-10 b,-3.47422,0.9999329
Kepler-10 b,-3.45787,0.9996446
Kepler-10 b,-3.44153,0.9998062
Kepler-10 b,-3.42518,1.0008074
Kepler-10 b,-3.40884,0.9998712
Kepler-10 b,-3.39249,0.9995558
Kepler-10 b,-3.37614,0.9998337
Kepler-10 b,-3.35980,0.9997101
Kepler-10 b,-3.34345,1.0000067
Kepler-10 b,-3.32710,1.0000963
Kepler-10 b,-3.31076,0.9997667
Kepler-10 b,-3.29441,0.9999758
Kepler-10 b,-3.27807,0.9998713
Kepler-10 b,-3.26172,1.0000029
Kepler-10 b,-3.24537,1.0000752
Kepler-10 b,-3.22902,0.9998633
Kepler-10 b,-3.21268,0.9998596
Kepler-10 b,-3.19633,0.9995835
Kepler-10 b,-3.17999,0.9999562
Kepler-10 b,-3.16364,1.0001082
Kepler-10 b,-3.14729,1.0003586
Kepler-10 b,-3.13095,1.0002219
Kepler-10 b,-3.11460,1.0002002
Kepler-10 b,-3.09825,0.9997697
Kepler-10 b,-3.08191,1.0002567
Kepler-10 b,-3.06556,0.9999825
Kepler-10 b,-3.04921,0.9998740
Kepler-10 b,-3.03287,1.0002829
Kepler-10 b,-3.01652,0.9999009
Kepler-10 b,-3.00018,1.0001369
Kepler-10 b,-2.98383,1.0003237
Kepler-10 b,-2.96748,0.9996500
Kepler-10 b,-2.95114,0.9997024
Kepler-10 b,-2.93479,1.0001925
Kepler-10 b,-2.91844,1.0000952
Kepler-10 b,-2.90210,1.0000510
Kepler-10 b,-2.88575,0.9999081
Kepler-10 b,-2.86941,0.9999918
Kepler-10 b,-2.85306,0.9997985
Kepler-10 b,-2.83671,1.0000894
Kepler-10 b,-2.82037,1.0003904
Kepler-10 b,-2.80402,0.9998638
Kepler-10 b,-2.78767,1.0000394
Kepler-10 b,-2.77132,1.0004587
Kepler-10 b,-2.75498,1.0002897
Kepler-10 b,-2.73863,1.0003017
Kepler-10 b,-2.72229,1.0001416
Kepler-10 b,-2.70594,1.0002631
Kepler-10 b,-2.68959,0.9996389
Kepler-10 b,-2.67325,0.9995763
Kepler-10 b,-2.65690,1.0000369
Kepler-10 b,-2.64055,1.0002362
Kepler-10 b,-2.62421,1.0000052
Kepler-10 b,-2.60786,1.0000520
Kepler-10 b,-2.59152,1.0002335
Kepler-10 b,-2.57517,0.9999729
Kepler-10 b,-2.55882,1.0003836
Kepler-10 b,-2.54248,0.9998714
Kepler-10 b,-2.52613,1.0002286
Kepler-10 b,-2.50978,0.9998187
Kepler-10 b,-2.49344,1.0002163
Kepler-10 b,-2.47709,1.0000982
Kepler-10 b,-2.46074,1.0004069
Kepler-10 b,-2.44440,0.9998200
Kepler-10 b,-2.42805,0.9999856
Kepler-10 b,-2.41171,0.9995855
Kepler-10 b,-2.39536,0.9996625
Kepler-10 b,-2.37901,0.9999565
Kepler-10 b,-2.36267,0.9994965
Kepler-10 b,-2.34632,1.0003596
Kepler-10 b,-2.32997,1.0001019
Kepler-10 b,-2.31363,1.0000603
Kepler-10 b,-2.29728,0.9998737
Kepler-10 b,-2.28093,0.9998899
Kepler-10 b,-2.26459,0.9997934
Kepler-10 b,-2.24824,1.0001905
Kepler-10 b,-2.23190,0.9995908
Kepler-10 b,-2.21555,1.0001422
Kepler-10 b,-2.19921,0.9999825
Kepler-10 b,-2.18286,0.9998441
Kepler-10 b,-2.16651,0.9999453
Kepler-10 b,-2.15017,0.9998962
Kepler-10 b,-2.13382,1.0000230
Kepler-10 b,-2.11747,1.0000828
Kepler-10 b,-2.10112,1.0003355
Kepler-10 b,-2.08478,0.9997060
Kepler-10 b,-2.06843,1.0003008
Kepler-10 b,-2.05209,1.0001428
Kepler-10 b,-2.03574,0.9996249
Kepler-10 b,-2.01939,1.0001795
Kepler-10 b,-2.00304,1.0000283
Kepler-10 b,-1.98670,0.9999175
Kepler-10 b,-1.97035,1.0004903
Kepler-10 b,-1.95401,1.0001365
Kepler-10 b,-1.93766,0.9997933
Kepler-10 b,-1.92132,1.0000981
Kepler-10 b,-1.90497,1.0000222
Kepler-10 b,-1.88862,1.0001523
Kepler-10 b,-1.87228,0.9999261
Kepler-10 b,-1.85593,1.0001774
Kepler-10 b,-1.83958,0.9997484
Kepler-10 b,-1.82324,0.9999439
Kepler-10 b,-1.80689,0.9997385
Kepler-10 b,-1.79054,0.9997793
Kepler-10 b,-1.77420,0.9999750
Kepler-10 b,-1.75785,1.0000925
Kepler-10 b,-1.74150,1.0001810
Kepler-10 b,-1.72516,1.0002646
Kepler-10 b,-1.70881,0.9999429
Kepler-10 b,-1.69247,1.0001497
Kepler-10 b,-1.67612,0.9998863
Kepler-10 b,-1.65977,1.0000175
Kepler-10 b,-1.64343,1.0001056
Kepler-10 b,-1.62708,1.0001450
Kepler-10 b,-1.61073,1.0001366
Kepler-10 b,-1.59439,1.0001945
Kepler-10 b,-1.57804,1.0001653
Kepler-10 b,-1.56170,0.9999396
Kepler-10 b,-1.54535,0.9997672
Kepler-10 b,-1.52900,0.9994878
Kepler-10 b,-1.51266,1.0002782
Kepler-10 b,-1.49631,1.0000222
Kepler-10 b,-1.47996,0.9998988
Kepler-10 b,-1.46362,0.9999992
Kepler-10 b,-1.44727,0.9999179
Kepler-10 b,-1.43092,0.9999613
Kepler-10 b,-1.41458,0.9999504
Kepler-10 b,-1.39823,1.0001867
Kepler-10 b,-1.38188,0.9998915
Kepler-10 b,-1.36554,1.0001573
Kepler-10 b,-1.34919,0.9999498
Kepler-10 b,-1.33284,0.9998465
Kepler-10 b,-1.31650,0.9995210
Kepler-10 b,-1.30015,1.0004346
Kepler-10 b,-1.28381,0.9999173
Kepler-10 b,-1.26746,1.0000187
Kepler-10 b,-1.25111,1.0001626
Kepler-10 b,-1.23477,1.0002268
Kepler-10 b,-1.21842,0.9998726
Kepler-10 b,-1.20207,0.9997511
Kepler-10 b,-1.18573,0.9994582
Kepler-10 b,-1.16938,1.0001563
Kepler-10 b,-1.15304,1.0002057
Kepler-10 b,-1.13669,0.9998150
Kepler-10 b,-1.12034,0.9999830
Kepler-10 b,-1.10400,1.0000200
Kepler-10 b,-1.08765,1.0000209
Kepler-10 b,-1.07130,1.0001029
Kepler-10 b,-1.05496,1.0000753
Kepler-10 b,-1.03861,0.9998606
Kepler-10 b,-1.02226,0.9999152
Kepler-10 b,-1.00592,1.0000370
Kepler-10 b,-0.98957,0.9998713
Kepler-10 b,-0.97322,1.0001747
Kepler-10 b,-0.95688,1.0002986
Kepler-10 b,-0.94053,1.0002881
Kepler-10 b,-0.92418,1.0001479
Kepler-10 b,-0.90784,0.9999332
Kepler-10 b,-0.89149,1.0000330
Kepler-10 b,-0.87515,0.9998635
Kepler-10 b,-0.85880,1.0000789
Kepler-10 b,-0.84245,0.9998868
Kepler-10 b,-0.82611,0.9995819
Kepler-10 b,-0.80976,1.0001764
Kepler-10 b,-0.79341,0.9992731
Kepler-10 b,-0.77707,1.0000638
Kepler-10 b,-0.76072,1.0003626
Kepler-10 b,-0.74438,0.9997370
Kepler-10 b,-0.72803,0.9999988
Kepler-10 b,-0.71168,0.9996789
Kepler-10 b,-0.69534,0.9998794
Kepler-10 b,-0.67899,0.9998886
Kepler-10 b,-0.66264,0.9995033
Kepler-10 b,-0.64630,0.9998400
Kepler-10 b,-0.62995,1.0001217
Kepler-10 b,-0.61360,0.9998396
Kepler-10 b,-0.59726,0.9996915
Kepler-10 b,-0.58091,0.9996861
Kepler-10 b,-0.56456,0.9997647
Kepler-10 b,-0.54822,0.9996149
Kepler-10 b,-0.53187,1.0001844
Kepler-10 b,-0.51552,0.9997596
Kepler-10 b,-0.49918,0.9998766
Kepler-10 b,-0.48283,1.0001101
Kepler-10 b,-0.46649,0.9999447
Kepler-10 b,-0.45014,0.9998850
Kepler-10 b,-0.43379,0.9999410
Kepler-10 b,-0.41745,0.9993390
Kepler-10 b,-0.40110,1.0000047
Kepler-10 b,-0.38475,0.9998237
Kepler-10 b,-0.36841,0.9999217
Kepler-10 b,-0.35206,0.9998543
Kepler-10 b,-0.33571,0.9996113
Kepler-10 b,-0.31937,0.9996109
Kepler-10 b,-0.30302,1.0000488
Kepler-10 b,-0.28668,0.9996113
Kepler-10 b,-0.27033,0.9996438
Kepler-10 b,-0.25398,0.9998330
Kepler-10 b,-0.23764,0.9998451
Kepler-10 b,-0.22129,0.9998329
Kepler-10 b,-0.20495,0.9999325
Kepler-10 b,-0.18860,1.0000722
Kepler-10 b,-0.17225,1.0000153
Kepler-10 b,-0.15591,0.9995636
Kepler-10 b,-0.13956,0.9999411
Kepler-10 b,-0.12321,0.9997647
Kepler-10 b,-0.10687,0.9999544
Kepler-10 b,-0.09052,0.9999609
Kepler-10 b,-0.07418,1.0000473
Kepler-10 b,-0.05783,1.0000252
Kepler-10 b,-0.04148,1.0001991
Kepler-10 b,-0.02514,0.9999214
Kepler-10 b,-0.00879,0.9999980
Kepler-10 b,0.00756,1.0003402
Kepler-10 b,0.02390,1.0000329
Kepler-10 b,0.04025,0.9997986
Kepler-10 b,0.05660,1.0001630
Kepler-10 b,0.07294,1.0000708
Kepler-10 b,0.08929,1.0000438
Kepler-10 b,0.10564,0.9999609
Kepler-10 b,0.12198,1.0002321
Kepler-10 b,0.13833,0.9997790
Kepler-10 b,0.15467,0.9996802
Kepler-10 b,0.17102,0.9996195
Kepler-10 b,0.18737,1.0000228
Kepler-10 b,0.20371,0.9997250
Kepler-10 b,0.22006,0.9998244
Kepler-10 b,0.23641,0.9998770
Kepler-10 b,0.25275,0.9996962
Kepler-10 b,0.26910,0.9996509
Kepler-10 b,0.28545,1.0000794
Kepler-10 b,0.30179,0.9998701
Kepler-10 b,0.31814,1.0002447
Kepler-10 b,0.33449,0.9998565
Kepler-10 b,0.35083,0.9999461
Kepler-10 b,0.36718,0.9996184
Kepler-10 b,0.38353,0.9995035
Kepler-10 b,0.39987,0.9998710
Kepler-10 b,0.41622,1.0000598
Kepler-10 b,0.43256,0.9993908
Kepler-10 b,0.44891,0.9997861
Kepler-10 b,0.46526,1.0001538
Kepler-10 b,0.48160,0.9998842
Kepler-10 b,0.49795,0.9999378
Kepler-10 b,0.51430,0.9997343
Kepler-10 b,0.53064,0.9998278
Kepler-10 b,0.54699,0.9996507
Kepler-10 b,0.56333,0.9995255
Kepler-10 b,0.57968,0.9997027
Kepler-10 b,0.59603,0.9998442
Kepler-10 b,0.61237,0.9998472
Kepler-10 b,0.62872,0.9994583
Kepler-10 b,0.64507,0.9999603
Kepler-10 b,0.66141,0.9995499
Kepler-10 b,0.67776,0.9998029
Kepler-10 b,0.69410,0.9995589
Kepler-10 b,0.71045,0.9995993
Kepler-10 b,0.72680,1.0000279
Kepler-10 b,0.74315,0.9997842
Kepler-10 b,0.75949,0.9999731
Kepler-10 b,0.77584,1.0000248
Kepler-10 b,0.79219,1.0002202
Kepler-10 b,0.80853,0.9999296
Kepler-10 b,0.82488,1.0001885
Kepler-10 b,0.84122,0.9998856
Kepler-10 b,0.85757,0.9997317
Kepler-10 b,0.87392,0.9997932
Kepler-10 b,0.89026,1.0001850
Kepler-10 b,0.90661,1.0000761
Kepler-10 b,0.92296,1.0001597
Kepler-10 b,0.93930,1.0001076
Kepler-10 b,0.95565,1.0002371
Kepler-10 b,0.97199,0.9998363
Kepler-10 b,0.98834,0.9998174
Kepler-10 b,1.00469,1.0001166
Kepler-10 b,1.02103,1.0002465
Kepler-10 b,1.03738,1.0004025
Kepler-10 b,1.05373,1.0004265
Kepler-10 b,1.07007,1.0003034
Kepler-10 b,1.08642,1.0002146
Kepler-10 b,1.10277,1.0000303
Kepler-10 b,1.11911,0.9998139
Kepler-10 b,1.13546,1.0001242
Kepler-10 b,1.15181,1.0002846
Kepler-10 b,1.16815,1.0002787
Kepler-10 b,1.18450,1.0000180
Kepler-10 b,1.20085,1.0000940
Kepler-10 b,1.21719,1.0003346
Kepler-10 b,1.23353,1.0000240
Kepler-10 b,1.24988,0.9998560
Kepler-10 b,1.26623,1.0001894
Kepler-10 b,1.28258,1.0000278
Kepler-10 b,1.29892,1.0000924
Kepler-10 b,1.31527,1.0000997
Kepler-10 b,1.33162,0.9997119
Kepler-10 b,1.34796,1.0002662
Kepler-10 b,1.36431,1.0001604
Kepler-10 b,1.38065,0.9999862
Kepler-10 b,1.39700,1.0000404
Kepler-10 b,1.41335,0.9999859
Kepler-10 b,1.42969,0.9997684
Kepler-10 b,1.44604,0.9999426
Kepler-10 b,1.46239,0.9999680
Kepler-10 b,1.47873,0.9999835
Kepler-10 b,1.49508,1.0001946
Kepler-10 b,1.51142,1.0002642
Kepler-10 b,1.52777,1.0001575
Kepler-10 b,1.54412,1.0000800
Kepler-10 b,1.56046,1.0000542
Kepler-10 b,1.57681,1.0004606
Kepler-10 b,1.59316,0.9998888
Kepler-10 b,1.60950,0.9999912
Kepler-10 b,1.62585,0.9999883
Kepler-10 b,1.64219,1.0000409
Kepler-10 b,1.65854,1.0001227
Kepler-10 b,1.67489,1.0003430
Kepler-10 b,1.69124,1.0002439
Kepler-10 b,1.70758,1.0000876
Kepler-10 b,1.72393,1.0001289
Kepler-10 b,1.74027,0.9998947
Kepler-10 b,1.75662,0.9996915
Kepler-10 b,1.77297,0.9998924
Kepler-10 b,1.78931,1.0001691
Kepler-10 b,1.80566,0.9996846
Kepler-10 b,1.82201,1.0002112
Kepler-10 b,1.83835,0.9994620
Kepler-10 b,1.85470,0.9998100
Kepler-10 b,1.87104,1.0001758
Kepler-10 b,1.88739,1.0000241
Kepler-10 b,1.90374,0.9996476
Kepler-10 b,1.92008,0.9998471
Kepler-10 b,1.93643,0.9996686
Kepler-10 b,1.95278,1.0001557
Kepler-10 b,1.96912,0.9999270
Kepler-10 b,1.98547,0.9997287
Kepler-10 b,2.00182,0.9996771
Kepler-10 b,2.01816,1.0001926
Kepler-10 b,2.03451,0.9998443
Kepler-10 b,2.05085,0.9999352
Kepler-10 b,2.06720,1.0000594
Kepler-10 b,2.08355,1.0001065
Kepler-10 b,2.09989,0.9999995
Kepler-10 b,2.11624,1.0000019
Kepler-10 b,2.13259,1.0004692
Kepler-10 b,2.14893,1.0000607
Kepler-10 b,2.16528,0.9999641
Kepler-10 b,2.18163,1.0000881
Kepler-10 b,2.19797,0.9997120
Kepler-10 b,2.21432,0.9999220
Kepler-10 b,2.23067,0.9999339
Kepler-10 b,2.24701,0.9996948
Kepler-10 b,2.26336,1.0003859
Kepler-10 b,2.27970,0.9999911
Kepler-10 b,2.29605,0.9998111
Kepler-10 b,2.31240,1.0001358
Kepler-10 b,2.32874,1.0000370
Kepler-10 b,2.34509,0.9999271
Kepler-10 b,2.36144,1.0002738
Kepler-10 b,2.37778,0.9998582
Kepler-10 b,2.39413,0.9999505
Kepler-10 b,2.41048,1.0000975
Kepler-10 b,2.42682,1.0002152
Kepler-10 b,2.44317,1.0004047
Kepler-10 b,2.45952,1.0002585
Kepler-10 b,2.47586,0.9999998
Kepler-10 b,2.49221,1.0002586
Kepler-10 b,2.50856,1.0000811
Kepler-10 b,2.52490,1.0001762
Kepler-10 b,2.54125,1.0001222
Kepler-10 b,2.55759,1.0001262
Kepler-10 b,2.57394,1.0004647
Kepler-10 b,2.59029,1.0002159
Kepler-10 b,2.60663,1.0001739
Kepler-10 b,2.62298,0.9998751
Kepler-10 b,2.63933,1.0000488
Kepler-10 b,2.65567,0.9996598
Kepler-10 b,2.67202,0.9998737
Kepler-10 b,2.68836,1.0001277
Kepler-10 b,2.70471,0.9999983
Kepler-10 b,2.72106,0.9997497
Kepler-10 b,2.73740,0.9999147
Kepler-10 b,2.75375,0.9997264
Kepler-10 b,2.77010,1.0001074
Kepler-10 b,2.78644,1.0000042
Kepler-10 b,2.80279,0.9996236
Kepler-10 b,2.81913,0.9997925
Kepler-10 b,2.83548,0.9999618
Kepler-10 b,2.85183,1.0001491
Kepler-10 b,2.86818,1.0002901
Kepler-10 b,2.88452,1.0000112
Kepler-10 b,2.90087,0.9996730
Kepler-10 b,2.91722,1.0000441
Kepler-10 b,2.93356,1.0001120
Kepler-10 b,2.94990,1.0003070
Kepler-10 b,2.96625,0.9999229
Kepler-10 b,2.98260,1.0000928
Kepler-10 b,2.99895,0.9998364
Kepler-10 b,3.01529,0.9999290
Kepler-10 b,3.03164,0.9997590
Kepler-10 b,3.04799,0.9998412
Kepler-10 b,3.06433,0.9999868
Kepler-10 b,3.08068,0.9997655
Kepler-10 b,3.09702,0.9996887
Kepler-10 b,3.11337,1.0001856
Kepler-10 b,3.12972,0.9999558
Kepler-10 b,3.14606,0.9999519
Kepler-10 b,3.16241,0.9998887
Kepler-10 b,3.17876,0.9998799
Kepler-10 b,3.19510,0.9995304
Kepler-10 b,3.21145,1.0004681
Kepler-10 b,3.22779,1.0002816
Kepler-10 b,3.24414,1.0003433
Kepler-10 b,3.26049,1.0002823
Kepler-10 b,3.27683,0.9998922
Kepler-10 b,3.29318,1.0001023
Kepler-10 b,3.30953,1.0001091
Kepler-10 b,3.32587,1.0002771
Kepler-10 b,3.34222,1.0000807
Kepler-10 b,3.35856,0.9997184
Kepler-10 b,3.37491,1.0003681
Kepler-10 b,3.39126,0.9997081
Kepler-10 b,3.40760,0.9999494
Kepler-10 b,3.42395,0.9998734
Kepler-10 b,3.44030,0.9998683
Kepler-10 b,3.45664,0.9999910
Kepler-10 b,3.47299,0.9998789
Kepler-10 b,3.48934,0.9999981
Kepler-10 b,3.50568,0.9997083
Kepler-10 b,3.52203,1.0000690
Kepler-10 b,3.53838,0.9999675
Kepler-10 b,3.55472,0.9998795
Kepler-10 b,3.57107,1.0001390
Kepler-10 b,3.58742,0.9998313
Kepler-10 b,3.60376,1.0000048
Kepler-10 b,3.62011,0.9998793
Kepler-10 b,3.63645,0.9998309
Kepler-10 b,3.65280,1.0001035
Kepler-10 b,3.66915,0.9996757
Kepler-10 b,3.68549,0.9999805
Kepler-10 b,3.70184,1.0000096
Kepler-10 b,3.71819,1.0001131
Kepler-10 b,3.73453,0.9997427
Kepler-10 b,3.75088,0.9995030
Kepler-10 b,3.76722,0.9998730
Kepler-10 b,3.78357,1.0001547
Kepler-10 b,3.79992,1.0002872
Kepler-10 b,3.81626,1.0000942
Kepler-10 b,3.83261,1.0001319
Kepler-10 b,3.84896,0.9997728
Kepler-10 b,3.86530,0.9993640
Kepler-10 b,3.88165,0.9999163
Kepler-10 b,3.89800,0.9997654
Kepler-10 b,3.91434,0.9998892
Kepler-10 b,3.93069,1.0001451
Kepler-10 b,3.94704,0.9999783
Kepler-10 b,3.96338,0.9997286
Kepler-10 b,3.97973,0.9997457
Kepler-10 b,3.99607,0.9999654
Kepler-10 b,4.01242,1.0000208
Kepler-10 b,4.02877,1.0001268
Kepler-10 b,4.04511,1.0001751
Kepler-10 b,4.06146,1.0004431
Kepler-10 b,4.07781,1.0000149
Kepler-10 b,4.09415,0.9999620
Kepler-10 b,4.11050,0.9997453
Kepler-10 b,4.12684,1.0001185
Kepler-10 b,4.14319,1.0001181
Kepler-10 b,4.15954,0.9994962
Kepler-10 b,4.17588,1.0000593
Kepler-10 b,4.19223,1.0002675
Kepler-10 b,4.20858,0.9998536
Kepler-10 b,4.22492,1.0003275
Kepler-10 b,4.24127,1.0001434
Kepler-10 b,4.25762,1.0000353
Kepler-10 b,4.27396,1.0002786
Kepler-10 b,4.29031,0.9996729
Kepler-10 b,4.30666,1.0004804
Kepler-10 b,4.32300,1.0003514
Kepler-10 b,4.33935,1.0001683
Kepler-10 b,4.35570,1.0000764
Kepler-10 b,4.37204,0.9998132
Kepler-10 b,4.38839,1.0003665
Kepler-10 b,4.40473,1.0000918
Kepler-10 b,4.42108,0.9996003
Kepler-10 b,4.43743,0.9997862
Kepler-10 b,4.45377,1.0001010
Kepler-10 b,4.47012,0.9998397
Kepler-10 b,4.48647,0.9998226
Kepler-10 b,4.50281,0.9999238
Kepler-10 b,4.51916,1.0003797
Kepler-10 b,4.53551,1.0000070
Kepler-10 b,4.55185,1.0003502
Kepler-10 b,4.56820,1.0001607
Kepler-10 b,4.58455,0.9997160
Kepler-10 b,4.60089,1.0000366
Kepler-10 b,4.61724,1.0001584
Kepler-10 b,4.63358,0.9998279
Kepler-10 b,4.64993,0.9999082
Kepler-10 b,4.66627,1.0001241
Kepler-10 b,4.68262,1.0004252
Kepler-10 b,4.69897,0.9998315
Kepler-10 b,4.71532,0.9998686
Kepler-10 b,4.73166,1.0004061
Kepler-10 b,4.74801,0.9999854
Kepler-10 b,4.76436,1.0004120
Kepler-10 b,4.78070,1.0000838
Kepler-10 b,4.79704,0.9997864
Kepler-10 b,-4.79201,1.0000189
Kepler-10 b,-4.77566,0.9998579
Kepler-10 b,-4.75931,1.0004022
Kepler-10 b,-4.74297,0.9999608
Kepler-10 b,-4.72663,1.0001329
Kepler-10 b,-4.71028,1.0000208
Kepler-10 b,-4.69393,1.0000976
Kepler-10 b,-4.67759,1.0003227
Kepler-10 b,-4.66124,1.0000722
Kepler-10 b,-4.64489,0.9999504
Kepler-10 b,-4.62855,1.0000413
Kepler-10 b,-4.61220,1.0001812
Kepler-10 b,-4.59585,1.0002245
Kepler-10 b,-4.57951,1.0000250
Kepler-10 b,-4.56316,1.0001637
Kepler-10 b,-4.54681,0.9999143
Kepler-10 b,-4.53047,1.0001296
Kepler-10 b,-4.51412,1.0000887
Kepler-10 b,-4.49777,0.9998724
Kepler-10 b,-4.48143,1.0001013
Kepler-10 b,-4.46508,1.0002731
Kepler-10 b,-4.44874,1.0002091
Kepler-10 b,-4.43239,1.0002377
Kepler-10 b,-4.41604,1.0003453
Kepler-10 b,-4.39970,1.0000648
Kepler-10 b,-4.38335,1.0000198
Kepler-10 b,-4.36700,0.9999668
Kepler-10 b,-4.35066,1.0000315
Kepler-10 b,-4.33431,1.0004015
Kepler-10 b,-4.31797,1.0001757
Kepler-10 b,-4.30162,0.9998567
Kepler-10 b,-4.28527,0.9999591
Kepler-10 b,-4.26893,0.9998467
Kepler-10 b,-4.25258,0.9999406
Kepler-10 b,-4.23623,1.0002399
Kepler-10 b,-4.21989,1.0000750
Kepler-10 b,-4.20354,1.0001445
Kepler-10 b,-4.18719,0.9999202
Kepler-10 b,-4.17085,0.9999947
Kepler-10 b,-4.15450,0.9999466
Kepler-10 b,-4.13815,1.0000266
Kepler-10 b,-4.12181,1.0000338
Kepler-10 b,-4.10546,0.9998694
Kepler-10 b,-4.08911,0.9998886
Kepler-10 b,-4.07277,0.9999367
Kepler-10 b,-4.05642,0.9999405
Kepler-10 b,-4.04008,0.9998895
Kepler-10 b,-4.02373,1.0000473
Kepler-10 b,-4.00738,0.9997960
Kepler-10 b,-3.99104,0.9998560
Kepler-10 b,-3.97469,0.9997885
Kepler-10 b,-3.95834,1.0000126
Kepler-10 b,-3.94200,1.0000066
Kepler-10 b,-3.92565,0.9997561
Kepler-10 b,-3.90931,1.0001841
Kepler-10 b,-3.89296,1.0001081
Kepler-10 b,-3.87661,0.9999609
Kepler-10 b,-3.86027,0.9999021
Kepler-10 b,-3.84392,1.0000030
Kepler-10 b,-3.82757,1.0002368
Kepler-10 b,-3.81122,1.0000425
Kepler-10 b,-3.79488,0.9997696
Kepler-10 b,-3.77853,1.0000866
Kepler-10 b,-3.76219,1.0003139
Kepler-10 b,-3.74584,0.9997744
Kepler-10 b,-3.72949,1.0000694
Kepler-10 b,-3.71315,1.0001267
Kepler-10 b,-3.69680,1.0002693
Kepler-10 b,-3.68045,0.9998613
Kepler-10 b,-3.66411,0.9998772
Kepler-10 b,-3.64776,0.9997467
Kepler-10 b,-3.63142,0.9998265
Kepler-10 b,-3.61507,1.0000445
Kepler-10 b,-3.59872,1.0001181
Kepler-10 b,-3.58238,0.9995758
Kepler-10 b,-3.56603,0.9997572
Kepler-10 b,-3.54968,0.9999679
Kepler-10 b,-3.53334,0.9996874
Kepler-10 b,-3.51699,1.0002180
Kepler-10 b,-3.50064,0.9999745
Kepler-10 b,-3.48430,1.0002569
Kepler-10 b,-3.46795,1.0001887
Kepler-10 b,-3.45160,0.9999144
Kepler-10 b,-3.43526,0.9997332
Kepler-10 b,-3.41891,0.9999938
Kepler-10 b,-3.40257,1.0000408
Kepler-10 b,-3.38622,0.9998032
Kepler-10 b,-3.36987,1.0003535
Kepler-10 b,-3.35353,1.0000533
Kepler-10 b,-3.33718,0.9997253
Kepler-10 b,-3.32083,1.0000337
Kepler-10 b,-3.30449,0.9997109
Kepler-10 b,-3.28814,1.0001157
Kepler-10 b,-3.27180,1.0001973
Kepler-10 b,-3.25545,1.0003022
Kepler-10 b,-3.23911,0.9995415
Kepler-10 b,-3.22276,0.9997145
Kepler-10 b,-3.20641,0.9999982
Kepler-10 b,-3.19006,0.9997935
Kepler-10 b,-3.17372,0.9999851
Kepler-10 b,-3.15737,0.9996246
Kepler-10 b,-3.14103,0.9998050
Kepler-10 b,-3.12468,1.0000880
Kepler-10 b,-3.10833,0.9996210
Kepler-10 b,-3.09198,0.9997299
Kepler-10 b,-3.07564,0.9998001
Kepler-10 b,-3.05929,0.9999830
Kepler-10 b,-3.04294,1.0001754
Kepler-10 b,-3.02660,0.9996886
Kepler-10 b,-3.01026,0.9997143
Kepler-10 b,-2.99391,0.9998472
Kepler-10 b,-2.97756,0.9996854
Kepler-10 b,-2.96122,1.0003095
Kepler-10 b,-2.94487,1.0000596
Kepler-10 b,-2.92852,1.0002006
Kepler-10 b,-2.91218,1.0000024
Kepler-10 b,-2.89583,1.0002497
Kepler-10 b,-2.87948,0.9999685
Kepler-10 b,-2.86314,0.9998097
Kepler-10 b,-2.84679,1.0001506
Kepler-10 b,-2.83044,0.9997441
Kepler-10 b,-2.81410,0.9995257
Kepler-10 b,-2.79775,1.0002996
Kepler-10 b,-2.78140,0.9999512
Kepler-10 b,-2.76506,0.9999028
Kepler-10 b,-2.74871,1.0000522
Kepler-10 b,-2.73237,0.9999485
Kepler-10 b,-2.71602,0.9998207
Kepler-10 b,-2.69967,1.0001100
Kepler-10 b,-2.68333,0.9999251
Kepler-10 b,-2.66698,0.9996660
Kepler-10 b,-2.65063,1.0001167
Kepler-10 b,-2.63429,0.9998208
Kepler-10 b,-2.61794,0.9999511
Kepler-10 b,-2.60160,1.0001091
Kepler-10 b,-2.58525,1.0001235
Kepler-10 b,-2.56890,1.0001336
Kepler-10 b,-2.55256,0.9996845
Kepler-10 b,-2.53621,1.0001185
Kepler-10 b,-2.51986,0.9997615
Kepler-10 b,-2.50352,1.0000897
Kepler-10 b,-2.48717,0.9997666
Kepler-10 b,-2.47082,0.9999944
Kepler-10 b,-2.45448,1.0000561
Kepler-10 b,-2.43813,0.9997955
Kepler-10 b,-2.42178,0.9999835
Kepler-10 b,-2.40544,1.0001616
Kepler-10 b,-2.38909,0.9998927
Kepler-10 b,-2.37274,0.9999394
Kepler-10 b,-2.35640,1.0001206
Kepler-10 b,-2.34005,1.0000081
Kepler-10 b,-2.32371,0.9995257
Kepler-10 b,-2.30736,0.9999726
Kepler-10 b,-2.29101,1.0001636
Kepler-10 b,-2.27467,1.0000249
Kepler-10 b,-2.25832,0.9999873
Kepler-10 b,-2.24197,1.0000962
Kepler-10 b,-2.22563,1.0004978
Kepler-10 b,-2.20928,1.0000184
Kepler-10 b,-2.19294,0.9999712
Kepler-10 b,-2.17659,1.0004457
Kepler-10 b,-2.16024,0.9996990
Kepler-10 b,-2.14390,0.9999933
Kepler-10 b,-2.12755,0.9999048
Kepler-10 b,-2.11120,0.9998040
Kepler-10 b,-2.09486,1.0001925
Kepler-10 b,-2.07851,1.0006056
Kepler-10 b,-2.06216,1.0003767
Kepler-10 b,-2.04582,1.0002905
Kepler-10 b,-2.02947,1.0000474
Kepler-10 b,-2.01312,1.0002723
Kepler-10 b,-1.99678,0.9998842
Kepler-10 b,-1.98043,0.9997120
Kepler-10 b,-1.96408,1.0000607
Kepler-10 b,-1.94774,0.9998208
Kepler-10 b,-1.93139,1.0002549
Kepler-10 b,-1.91505,1.0002484
Kepler-10 b,-1.89870,1.0000747
Kepler-10 b,-1.88235,1.0000003
Kepler-10 b,-1.86601,0.9996556
Kepler-10 b,-1.84966,0.9999809
Kepler-10 b,-1.83331,0.9997117
Kepler-10 b,-1.81697,1.0001847
Kepler-10 b,-1.80062,1.0000244
Kepler-10 b,-1.78428,0.9997866
Kepler-10 b,-1.76793,0.9999806
Kepler-10 b,-1.75158,0.9994712
Kepler-10 b,-1.73524,0.9997653
Kepler-10 b,-1.71889,0.9996715
Kepler-10 b,-1.70254,0.9996018
Kepler-10 b,-1.68620,1.0002174
Kepler-10 b,-1.66985,1.0001981
Kepler-10 b,-1.65351,0.9995962
Kepler-10 b,-1.63716,0.9988516
Kepler-10 b,-1.62081,1.0003235
Kepler-10 b,-1.60446,0.9995899
Kepler-10 b,-1.58812,0.9998752
Kepler-10 b,-1.57177,1.0000315
Kepler-10 b,-1.55543,1.0000339
Kepler-10 b,-1.53908,1.0000519
Kepler-10 b,-1.52273,1.0000934
Kepler-10 b,-1.50639,1.0001345
Kepler-10 b,-1.49004,1.0004692
Kepler-10 b,-1.47369,1.0000236
Kepler-10 b,-1.45735,0.9999148
Kepler-10 b,-1.44100,0.9999479
Kepler-10 b,-1.42466,0.9998500
Kepler-10 b,-1.40831,0.9999367
Kepler-10 b,-1.39196,0.9997678
Kepler-10 b,-1.37562,0.9996184
Kepler-10 b,-1.35927,1.0001836
Kepler-10 b,-1.34292,1.0002219
Kepler-10 b,-1.32658,1.0000088
Kepler-10 b,-1.31023,1.0001844
Kepler-10 b,-1.29389,1.0002834
Kepler-10 b,-1.27754,1.0001502
Kepler-10 b,-1.26119,0.9997724
Kepler-10 b,-1.24485,1.0002558
Kepler-10 b,-1.22850,0.9999488
Kepler-10 b,-1.21215,1.0001144
Kepler-10 b,-1.19581,1.0001131
Kepler-10 b,-1.17946,1.0000493
Kepler-10 b,-1.16311,1.0000564
Kepler-10 b,-1.14677,0.9999794
Kepler-10 b,-1.13042,1.0000057
Kepler-10 b,-1.11408,1.0002509
Kepler-10 b,-1.09773,1.0004412
Kepler-10 b,-1.08138,0.9998275
Kepler-10 b,-1.06504,1.0000716
Kepler-10 b,-1.04869,1.0004348
Kepler-10 b,-1.03234,1.0002784
Kepler-10 b,-1.01600,0.9996883
Kepler-10 b,-0.99965,0.9997044
Kepler-10 b,-0.98330,0.9997380
Kepler-10 b,-0.96696,0.9997163
Kepler-10 b,-0.95061,1.0001631
Kepler-10 b,-0.93426,0.9997687
Kepler-10 b,-0.91792,0.9991548
Kepler-10 b,-0.90157,1.0001372
Kepler-10 b,-0.88523,0.9994975
Kepler-10 b,-0.86888,1.0001031
Kepler-10 b,-0.85253,0.9999095
Kepler-10 b,-0.83619,0.9998957
Kepler-10 b,-0.81984,0.9997637
Kepler-10 b,-0.80349,0.9996869
Kepler-10 b,-0.78715,0.9999402
Kepler-10 b,-0.77080,0.9997459
Kepler-10 b,-0.75445,0.9990693
Kepler-10 b,-0.73811,1.0002326
Kepler-10 b,-0.72176,1.0000227
Kepler-10 b,-0.70541,1.0000273
Kepler-10 b,-0.68907,0.9996130
Kepler-10 b,-0.67272,0.9997330
Kepler-10 b,-0.65637,0.9995925
Kepler-10 b,-0.64003,1.0000374
Kepler-10 b,-0.62368,0.9999660
Kepler-10 b,-0.60734,1.0001757
Kepler-10 b,-0.59099,0.9999643
Kepler-10 b,-0.57464,0.9998688
Kepler-10 b,-0.55830,0.9999417
Kepler-10 b,-0.54195,0.9999241
Kepler-10 b,-0.52560,0.9998046
Kepler-10 b,-0.50926,0.9996681
Kepler-10 b,-0.49291,0.9991661
Kepler-10 b,-0.47657,0.9994250
Kepler-10 b,-0.46022,1.0003859
Kepler-10 b,-0.44387,0.9996564
Kepler-10 b,-0.42753,0.9998815
Kepler-10 b,-0.41118,0.9999968
Kepler-10 b,-0.39483,0.9996548
Kepler-10 b,-0.37849,0.9999474
Kepler-10 b,-0.36214,0.9997323
Kepler-10 b,-0.34580,0.9997997
Kepler-10 b,-0.32945,0.9995179
Kepler-10 b,-0.31310,0.9998834
Kepler-10 b,-0.29675,0.9997728
Kepler-10 b,-0.28041,0.9998931
Kepler-10 b,-0.26406,0.9998215
Kepler-10 b,-0.24771,0.9998929
Kepler-10 b,-0.23137,1.0002142
Kepler-10 b,-0.21503,0.9997460
Kepler-10 b,-0.19868,0.9995734
Kepler-10 b,-0.18233,0.9997884
Kepler-10 b,-0.16599,0.9999035
Kepler-10 b,-0.14964,1.0001416
Kepler-10 b,-0.13329,0.9999696
Kepler-10 b,-0.11694,0.9997251
Kepler-10 b,-0.10060,0.9996021
Kepler-10 b,-0.08425,0.9998052
Kepler-10 b,-0.06791,0.9996321
Kepler-10 b,-0.05156,1.0001006
Kepler-10 b,-0.03521,0.9995245
Kepler-10 b,-0.01887,0.9996453
Kepler-10 b,-0.00252,0.9996374
Kepler-10 b,0.01383,0.9995304
Kepler-10 b,0.03017,0.9997240
Kepler-10 b,0.04652,0.9994803
Kepler-10 b,0.06286,0.9996639
Kepler-10 b,0.07921,0.9994806
Kepler-10 b,0.09556,0.9999167
Kepler-10 b,0.11190,0.9997359
Kepler-10 b,0.12825,1.0000464
Kepler-10 b,0.14460,1.0000894
Kepler-10 b,0.16094,1.0004076
Kepler-10 b,0.17729,0.9999405
Kepler-10 b,0.19363,0.9996540
Kepler-10 b,0.20998,0.9997710
Kepler-10 b,0.22633,0.9998688
Kepler-10 b,0.24267,0.9999563
Kepler-10 b,0.25902,1.0000977
Kepler-10 b,0.27537,0.9996330
Kepler-10 b,0.29171,0.9999651
Kepler-10 b,0.30806,0.9999334
Kepler-10 b,0.32441,0.9999865
Kepler-10 b,0.34075,0.9998666
Kepler-10 b,0.35710,1.0000776
Kepler-10 b,0.37345,1.0001092
Kepler-10 b,0.38979,0.9999838
Kepler-10 b,0.40614,0.9998134
Kepler-10 b,0.42249,0.9999465
Kepler-10 b,0.43883,0.9998253
Kepler-10 b,0.45518,0.9999289
Kepler-10 b,0.47152,0.9995185
Kepler-10 b,0.48787,0.9999200
Kepler-10 b,0.50422,0.9996495
Kepler-10 b,0.52056,0.9997505
Kepler-10 b,0.53691,0.9997260
Kepler-10 b,0.55326,0.9998174
Kepler-10 b,0.56960,1.0000361
Kepler-10 b,0.58595,1.0001970
Kepler-10 b,0.60230,0.9995475
Kepler-10 b,0.61864,0.9999159
Kepler-10 b,0.63499,1.0001325
Kepler-10 b,0.65134,1.0001511
Kepler-10 b,0.66768,0.9997797
Kepler-10 b,0.68403,0.9995238
Kepler-10 b,0.70037,0.9998280
Kepler-10 b,0.71672,0.9996118
Kepler-10 b,0.73307,0.9995074
Kepler-10 b,0.74941,0.9998778
Kepler-10 b,0.76576,1.0000724
Kepler-10 b,0.78211,0.9998118
Kepler-10 b,0.79845,0.9999632
Kepler-10 b,0.81480,1.0002619
Kepler-10 b,0.83114,0.9996978
Kepler-10 b,0.84749,0.9996246
Kepler-10 b,0.86384,1.0000368
Kepler-10 b,0.88018,0.9997529
Kepler-10 b,0.89653,0.9998008
Kepler-10 b,0.91288,0.9998754
Kepler-10 b,0.92922,1.0001868
Kepler-10 b,0.94557,1.0001651
Kepler-10 b,0.96191,1.0000024
Kepler-10 b,0.97826,0.9998961
Kepler-10 b,0.99461,1.0001637
Kepler-10 b,1.01095,0.9999505
Kepler-10 b,1.02730,1.0004078
Kepler-10 b,1.04365,1.0003256
Kepler-10 b,1.05999,1.0000658
Kepler-10 b,1.07634,0.9999245
Kepler-10 b,1.09269,0.9997598
Kepler-10 b,1.10903,1.0000435
Kepler-10 b,1.12538,1.0000710
Kepler-10 b,1.14173,1.0000482
Kepler-10 b,1.15807,1.0002001
Kepler-10 b,1.17442,1.0000751
Kepler-10 b,1.19077,0.9999774
Kepler-10 b,1.20711,0.9996901
Kepler-10 b,1.22346,0.9997742
Kepler-10 b,1.23980,0.9999974
Kepler-10 b,1.25615,0.9997694
Kepler-10 b,1.27250,1.0004797
Kepler-10 b,1.28884,1.0001603
Kepler-10 b,1.30519,0.9999613
Kepler-10 b,1.32154,0.9999230
Kepler-10 b,1.33788,1.0001022
Kepler-10 b,1.35423,0.9999225
Kepler-10 b,1.37058,0.9999383
Kepler-10 b,1.38692,1.0000880
Kepler-10 b,1.40327,1.0002404
Kepler-10 b,1.41962,0.9998335
Kepler-10 b,1.43596,1.0002894
Kepler-10 b,1.45231,1.0004464
Kepler-10 b,1.46866,0.9997977
Kepler-10 b,1.48500,0.9997806
Kepler-10 b,1.50134,1.0001873
Kepler-10 b,1.51769,1.0000359
Kepler-10 b,1.53404,1.0002492
Kepler-10 b,1.55038,0.9995727
Kepler-10 b,1.56673,1.0004359
Kepler-10 b,1.58308,1.0001735
Kepler-10 b,1.59942,1.0002849
Kepler-10 b,1.61577,0.9998902
Kepler-10 b,1.63212,1.0001305
Kepler-10 b,1.64846,1.0001974
Kepler-10 b,1.66481,1.0001713
Kepler-10 b,1.68116,0.9997575
Kepler-10 b,1.69750,0.9996070
Kepler-10 b,1.71385,0.9998506
Kepler-10 b,1.73020,1.0000255
Kepler-10 b,1.74654,0.9996042
Kepler-10 b,1.76289,1.0001733
Kepler-10 b,1.77923,0.9996114
Kepler-10 b,1.79558,0.9999408
Kepler-10 b,1.81193,0.9998160
Kepler-10 b,1.82827,1.0000548
Kepler-10 b,1.84462,1.0003706
Kepler-10 b,1.86097,1.0004503
Kepler-10 b,1.87731,0.9999375
Kepler-10 b,1.89366,0.9999016
Kepler-10 b,1.91000,0.9999636
Kepler-10 b,1.92635,1.0003801
Kepler-10 b,1.94270,1.0001969
Kepler-10 b,1.95904,1.0001058
Kepler-10 b,1.97539,0.9999610
Kepler-10 b,1.99174,1.0002268
Kepler-10 b,2.00808,0.9997347
Kepler-10 b,2.02443,1.0001628
Kepler-10 b,2.04078,1.0000407
Kepler-10 b,2.05712,0.9999585
Kepler-10 b,2.07347,1.0001176
Kepler-10 b,2.08982,1.0003769
Kepler-10 b,2.10616,0.9996170
Kepler-10 b,2.12251,1.0000317
Kepler-10 b,2.13886,1.0006149
Kepler-10 b,2.15520,0.9997514
Kepler-10 b,2.17155,0.9999817
Kepler-10 b,2.18789,1.0002515
Kepler-10 b,2.20424,0.9997811
Kepler-10 b,2.22059,1.0002211
Kepler-10 b,2.23693,0.9999782
Kepler-10 b,2.25328,1.0003216
Kepler-10 b,2.26963,0.9999886
Kepler-10 b,2.28597,1.0000575
Kepler-10 b,2.30232,0.9999209
Kepler-10 b,2.31866,0.9998947
Kepler-10 b,2.33501,0.9996756
Kepler-10 b,2.35136,0.9997370
Kepler-10 b,2.36770,1.0001674
Kepler-10 b,2.38405,0.9998058
Kepler-10 b,2.40040,1.0001121
Kepler-10 b,2.41674,0.9996637
Kepler-10 b,2.43309,1.0000100
Kepler-10 b,2.44944,0.9999897
Kepler-10 b,2.46578,1.0001896
Kepler-10 b,2.48213,1.0001726
Kepler-10 b,2.49848,0.9997571
Kepler-10 b,2.51482,0.9998292
Kepler-10 b,2.53117,1.0002458
Kepler-10 b,2.54751,1.0002878
Kepler-10 b,2.56386,1.0000352
Kepler-10 b,2.58021,1.0001570
Kepler-10 b,2.59655,0.9999741
Kepler-10 b,2.61290,0.9999049
Kepler-10 b,2.62925,1.0001865
Kepler-10 b,2.84175,0.9996364
Kepler-10 b,2.85810,0.9999741
Kepler-10 b,2.87444,0.9998098
Kepler-10 b,2.89079,0.9999421
Kepler-10 b,2.90714,0.9995130
Kepler-10 b,2.92348,1.0000951
Kepler-10 b,2.93983,1.0001727
Kepler-10 b,2.95617,1.0000550
Kepler-10 b,2.97252,0.9999943
Kepler-10 b,2.98886,0.9996392
Kepler-10 b,3.00521,0.9998828
Kepler-10 b,3.02156,1.0000071
Kepler-10 b,3.03790,0.9994989
Kepler-10 b,3.05425,0.9998451
Kepler-10 b,3.07060,1.0001418
Kepler-10 b,3.08694,1.0002956
Kepler-10 b,3.10329,1.0000821
Kepler-10 b,3.11964,0.9995218
Kepler-10 b,3.13598,0.9999622
Kepler-10 b,3.15233,1.0001547
Kepler-10 b,3.16868,1.0002203
Kepler-10 b,3.18502,0.9999074
Kepler-10 b,3.20137,0.9999520
Kepler-10 b,3.21771,0.9999729
Kepler-10 b,3.23406,1.0001278
Kepler-10 b,3.25041,1.0000041
Kepler-10 b,3.26675,0.9994128
Kepler-10 b,3.28310,0.9999612
Kepler-10 b,3.29945,0.9997572
Kepler-10 b,3.31579,0.9999482
Kepler-10 b,3.33214,0.9997470
Kepler-10 b,3.34849,1.0002072
Kepler-10 b,3.36483,0.9999354
Kepler-10 b,3.38118,0.9999960
Kepler-10 b,3.39753,0.9998908
Kepler-10 b,3.41387,0.9993895
Kepler-10 b,3.43022,0.9996266
Kepler-10 b,3.44657,0.9997398
Kepler-10 b,3.46291,1.0001653
Kepler-10 b,3.47926,1.0001067
Kepler-10 b,3.49560,0.9998148
Kepler-10 b,3.51195,0.9996401
Kepler-10 b,3.52830,0.9999741
Kepler-10 b,3.54464,0.9998324
Kepler-10 b,3.56099,0.9998605
Kepler-10 b,3.57734,0.9993586
Kepler-10 b,3.59368,1.0000505
Kepler-10 b,3.61003,1.0003373
Kepler-10 b,3.62637,1.0000224
Kepler-10 b,3.64272,0.9997004
Kepler-10 b,3.65907,0.9999722
Kepler-10 b,3.67541,1.0000283
Kepler-10 b,3.69176,1.0003802
Kepler-10 b,3.70811,0.9997534
Kepler-10 b,3.72445,0.9999996
Kepler-10 b,3.74080,1.0002812
Kepler-10 b,3.75715,0.9999187
Kepler-10 b,3.77349,1.0001325
Kepler-10 b,3.78984,1.0006141
Kepler-10 b,3.80619,0.9997392
Kepler-10 b,3.82253,1.0000603
Kepler-10 b,3.83888,0.9997394
Kepler-10 b,3.85523,1.0000498
Kepler-10 b,3.87157,1.0000269
Kepler-10 b,3.88792,1.0001526
Kepler-10 b,3.90426,1.0000380
Kepler-10 b,3.92061,1.0001392
Kepler-10 b,3.93696,1.0002435
Kepler-10 b,3.95330,0.9999819
Kepler-10 b,3.96965,0.9999528
Kepler-10 b,3.98600,1.0001180
Kepler-10 b,4.00234,1.0001668
Kepler-10 b,4.01869,1.0004478
Kepler-10 b,4.03503,0.9995918
Kepler-10 b,4.05138,0.9995552
Kepler-10 b,4.06773,1.0006754
Kepler-10 b,4.08407,1.0003356
Kepler-10 b,4.10042,0.9997987
Kepler-10 b,4.11677,0.9999063
Kepler-10 b,4.13311,0.9999296
Kepler-10 b,4.14946,1.0002719
Kepler-10 b,4.16581,0.9999453
Kepler-10 b,4.18215,1.0000420
Kepler-10 b,4.19850,1.0002969
Kepler-10 b,4.21485,1.0000907
Kepler-10 b,4.23119,1.0002777
Kepler-10 b,4.24754,1.0000180
Kepler-10 b,4.26388,1.0003731
Kepler-10 b,4.28023,1.0000612
Kepler-10 b,4.29657,1.0003297
Kepler-10 b,4.31292,0.9998442
Kepler-10 b,4.32927,0.9996630
Kepler-10 b,4.34562,1.0001221
Kepler-10 b,4.36196,1.0001039
Kepler-10 b,4.37831,1.0002023
Kepler-10 b,4.39465,1.0001472
Kepler-10 b,4.41100,0.9999863
Kepler-10 b,4.42735,1.0000898
Kepler-10 b,4.44369,1.0001605
Kepler-10 b,4.46004,1.0003060
Kepler-10 b,4.47639,1.0000789
Kepler-10 b,4.49273,1.0002021
Kepler-10 b,4.50908,0.9998330
Kepler-10 b,4.52543,1.0002537
Kepler-10 b,4.54177,0.9997772
Kepler-10 b,4.55812,1.0001104
Kepler-10 b,4.57446,0.9997404
Kepler-10 b,4.59081,0.9998432
Kepler-10 b,4.60716,0.9993657
Kepler-10 b,4.62350,1.0003686
Kepler-10 b,4.63985,1.0002350
Kepler-10 b,4.65620,0.9999462
Kepler-10 b,4.67254,0.9998321
Kepler-10 b,4.68889,0.9999067
Kepler-10 b,4.70523,0.9995210
Kepler-10 b,4.72158,1.0001217
Kepler-10 b,4.73793,1.0002599
Kepler-10 b,4.75428,1.0002310
Kepler-10 b,4.77062,0.9994845
Kepler-10 b,4.78697,1.0002534
Kepler-10 b,-4.78574,1.0000283
Kepler-10 b,-4.76940,1.0000623
Kepler-10 b,-4.75305,0.9998558
Kepler-10 b,-4.73670,0.9999922
Kepler-10 b,-4.72036,1.0002088
Kepler-10 b,-4.70401,0.9998332
Kepler-10 b,-4.68766,0.9999670
Kepler-10 b,-4.67132,1.0000080
Kepler-10 b,-4.65497,1.0001006
Kepler-10 b,-4.63862,0.9999824
Kepler-10 b,-4.62228,1.0002286
Kepler-10 b,-4.60593,1.0000201
Kepler-10 b,-4.58959,0.9999568
Kepler-10 b,-4.57324,1.0004682
Kepler-10 b,-4.55690,0.9998933
Kepler-10 b,-4.54055,1.0001579
Kepler-10 b,-4.52420,1.0000641
Kepler-10 b,-4.50786,1.0002111
Kepler-10 b,-4.49151,0.9999340
Kepler-10 b,-4.47516,1.0000151
Kepler-10 b,-4.45882,0.9999436
Kepler-10 b,-4.44247,1.0003471
Kepler-10 b,-4.42612,0.9997952
Kepler-10 b,-4.40978,0.9996150
Kepler-10 b,-4.39343,0.9999284
Kepler-10 b,-4.37708,0.9999783
Kepler-10 b,-4.36074,1.0001808
Kepler-10 b,-4.34439,1.0005360
Kepler-10 b,-4.32805,0.9999393
Kepler-10 b,-4.31170,0.9998424
Kepler-10 b,-4.29535,0.9999842
Kepler-10 b,-4.27901,1.0001371
Kepler-10 b,-4.26266,1.0001023
Kepler-10 b,-4.24631,1.0000182
Kepler-10 b,-4.22997,0.9999375
Kepler-10 b,-4.21362,0.9998251
Kepler-10 b,-4.19727,0.9999577
Kepler-10 b,-4.18093,1.0002006
Kepler-10 b,-4.16458,1.0001114
Kepler-10 b,-4.14824,1.0000370
Kepler-10 b,-4.13189,0.9998786
Kepler-10 b,-4.11554,0.9999194
Kepler-10 b,-4.09920,0.9997960
Kepler-10 b,-4.08285,0.9998759
Kepler-10 b,-4.06650,0.9998108
Kepler-10 b,-4.05016,1.0001026
Kepler-10 b,-4.03381,1.0002242
Kepler-10 b,-4.01746,0.9998270
Kepler-10 b,-4.00112,0.9995566
Kepler-10 b,-3.98477,1.0000486
Kepler-10 b,-3.96842,1.0000029
Kepler-10 b,-3.95208,0.9999812
Kepler-10 b,-3.93573,0.9997438
Kepler-10 b,-3.91939,0.9996552
Kepler-10 b,-3.90304,0.9997362
Kepler-10 b,-3.88669,1.0000515
Kepler-10 b,-3.87035,0.9993490
Kepler-10 b,-3.85400,1.0001831
Kepler-10 b,-3.83765,0.9996942
Kepler-10 b,-3.82131,1.0000378
Kepler-10 b,-3.80496,1.0000038
Kepler-10 b,-3.78862,0.9997733
Kepler-10 b,-3.77227,1.0001455
Kepler-10 b,-3.75592,1.0000521
Kepler-10 b,-3.73958,1.0002251
Kepler-10 b,-3.72323,1.0003627
Kepler-10 b,-3.70688,1.0003397
Kepler-10 b,-3.69054,0.9999589
Kepler-10 b,-3.67419,1.0000854
Kepler-10 b,-3.65784,1.0001459
Kepler-10 b,-3.64150,1.0002927
Kepler-10 b,-3.62515,0.9999594
Kepler-10 b,-3.60880,1.0000397
Kepler-10 b,-3.59246,0.9999536
Kepler-10 b,-3.57611,0.9996617
Kepler-10 b,-3.55976,0.9994545
Kepler-10 b,-3.54342,0.9998493
Kepler-10 b,-3.52707,0.9997792
Kepler-10 b,-3.51073,1.0003089
Kepler-10 b,-3.49438,0.9996168
Kepler-10 b,-3.47803,0.9997536
Kepler-10 b,-3.46169,1.0002611
Kepler-10 b,-3.44534,1.0002706
Kepler-10 b,-3.42899,1.0003030
Kepler-10 b,-3.41265,1.0002856
Kepler-10 b,-3.39630,1.0000247
Kepler-10 b,-3.37996,1.0000294
Kepler-10 b,-3.36361,0.9998868
Kepler-10 b,-3.34726,1.0000565
Kepler-10 b,-3.33092,0.9994144
Kepler-10 b,-3.31457,1.0000768
Kepler-10 b,-3.29822,1.0001151
Kepler-10 b,-3.28187,0.9998836
Kepler-10 b,-3.26553,1.0001487
Kepler-10 b,-3.24918,1.0000716
Kepler-10 b,-3.23284,1.0000592
Kepler-10 b,-3.21649,1.0002109
Kepler-10 b,-3.20014,0.9999629
Kepler-10 b,-3.18380,0.9999039
Kepler-10 b,-3.16745,1.0001473
Kepler-10 b,-3.15110,0.9999777
Kepler-10 b,-3.13476,1.0000525
Kepler-10 b,-3.11841,0.9998471
Kepler-10 b,-3.10207,0.9999896
Kepler-10 b,-3.08572,1.0001174
Kepler-10 b,-3.06937,0.9998673
Kepler-10 b,-3.05303,1.0003911
Kepler-10 b,-3.03668,1.0003737
Kepler-10 b,-3.02033,1.0001788
Kepler-10 b,-3.00399,1.0001623
Kepler-10 b,-2.98764,0.9999367
Kepler-10 b,-2.97130,0.9999697
Kepler-10 b,-2.95495,0.9997222
Kepler-10 b,-2.93860,0.9998495
Kepler-10 b,-2.92226,0.9999429
Kepler-10 b,-2.90591,0.9999259
Kepler-10 b,-2.88956,1.0001536
Kepler-10 b,-2.87322,0.9999543
Kepler-10 b,-2.85687,1.0003043
Kepler-10 b,-2.84053,0.9999474
Kepler-10 b,-2.82418,1.0001873
Kepler-10 b,-2.80783,0.9997696
Kepler-10 b,-2.79149,0.9999400
Kepler-10 b,-2.77514,0.9995733
Kepler-10 b,-2.75879,0.9999031
Kepler-10 b,-2.74245,0.9997717
Kepler-10 b,-2.72610,0.9997575
Kepler-10 b,-2.70976,1.0002033
Kepler-10 b,-2.69341,0.9996875
Kepler-10 b,-2.67706,0.9998096
Kepler-10 b,-2.66071,1.0000152
Kepler-10 b,-2.64437,0.9997004
Kepler-10 b,-2.62802,1.0001939
Kepler-10 b,-2.61167,0.9996874
Kepler-10 b,-2.59533,0.9998001
Kepler-10 b,-2.57898,0.9997149
Kepler-10 b,-2.56264,1.0000248
Kepler-10 b,-2.54629,0.9998297
Kepler-10 b,-2.52994,1.0001266
Kepler-10 b,-2.51360,0.9998839
Kepler-10 b,-2.49725,1.0002892
Kepler-10 b,-2.48090,0.9999044
Kepler-10 b,-2.46456,1.0000729
Kepler-10 b,-2.44821,0.9999209
Kepler-10 b,-2.43187,0.9999319
Kepler-10 b,-2.41552,0.9994370
Kepler-10 b,-2.39917,0.9998342
Kepler-10 b,-2.38283,1.0002955
Kepler-10 b,-2.36648,1.0003546
Kepler-10 b,-2.35013,1.0002553
Kepler-10 b,-2.33379,0.9995441
Kepler-10 b,-2.31744,1.0004524
Kepler-10 b,-2.30109,1.0000607
Kepler-10 b,-2.28475,1.0005964
Kepler-10 b,-2.26840,1.0002279
Kepler-10 b,-2.25205,1.0001391
Kepler-10 b,-2.23571,0.9997535
Kepler-10 b,-2.21936,0.9999950
Kepler-10 b,-2.20302,1.0002881
Kepler-10 b,-2.18667,1.0001724
Kepler-10 b,-2.17032,1.0000313
Kepler-10 b,-2.15398,0.9999579
Kepler-10 b,-2.13763,1.0001015
Kepler-10 b,-2.12128,0.9998305
Kepler-10 b,-2.10494,1.0000451
Kepler-10 b,-2.08859,0.9996488
Kepler-10 b,-2.07225,0.9999139
Kepler-10 b,-2.05590,1.0000469
Kepler-10 b,-2.03955,1.0003421
Kepler-10 b,-2.02321,0.9997655
Kepler-10 b,-2.00686,0.9999041
Kepler-10 b,-1.99051,1.0001992
Kepler-10 b,-1.97417,1.0001139
Kepler-10 b,-1.95782,1.0001154
Kepler-10 b,-1.94147,1.0002173
Kepler-10 b,-1.92513,0.9999375
Kepler-10 b,-1.90878,1.0000804
Kepler-10 b,-1.89243,1.0000749
Kepler-10 b,-1.87609,0.9997213
Kepler-10 b,-1.85974,1.0001064
Kepler-10 b,-1.84339,1.0001883
Kepler-10 b,-1.82705,1.0003037
Kepler-10 b,-1.81071,1.0000062
Kepler-10 b,-1.79436,0.9996879
Kepler-10 b,-1.77801,0.9999936
Kepler-10 b,-1.76166,1.0003863
Kepler-10 b,-1.74532,0.9999574
Kepler-10 b,-1.72897,0.9998065
Kepler-10 b,-1.71263,0.9999185
Kepler-10 b,-1.69628,1.0000875
Kepler-10 b,-1.67993,0.9999957
Kepler-10 b,-1.66359,0.9997430
Kepler-10 b,-1.64724,1.0001333
Kepler-10 b,-1.63089,1.0001728
Kepler-10 b,-1.61455,0.9996966
Kepler-10 b,-1.59820,1.0003227
Kepler-10 b,-1.58185,0.9993117
Kepler-10 b,-1.56551,1.0000716
Kepler-10 b,-1.54916,1.0000207
Kepler-10 b,-1.53282,1.0000796
Kepler-10 b,-1.51647,1.0003844
Kepler-10 b,-1.50012,0.9996002
Kepler-10 b,-1.48378,1.0000503
Kepler-10 b,-1.46743,1.0002185
Kepler-10 b,-1.45108,0.9996887
Kepler-10 b,-1.43474,0.9999370
Kepler-10 b,-1.41839,0.9998148
Kepler-10 b,-1.40205,1.0000001
Kepler-10 b,-1.38570,0.9998690
Kepler-10 b,-1.36935,0.9996506
Kepler-10 b,-1.35301,0.9998076
Kepler-10 b,-1.33666,0.9994486
Kepler-10 b,-1.32031,0.9998878
Kepler-10 b,-1.30397,0.9998898
Kepler-10 b,-1.28762,0.9999338
Kepler-10 b,-1.27127,1.0003119
Kepler-10 b,-1.25493,0.9997910
Kepler-10 b,-1.23858,1.0001041
Kepler-10 b,-1.22223,0.9999352
Kepler-10 b,-1.20589,1.0000992
Kepler-10 b,-1.18954,1.0003584
Kepler-10 b,-1.17319,0.9999461
Kepler-10 b,-1.15685,0.9995737
Kepler-10 b,-1.14050,1.0001739
Kepler-10 b,-1.12416,1.0002380
Kepler-10 b,-1.10781,0.9997603
Kepler-10 b,-1.09146,1.0000634
Kepler-10 b,-1.07512,0.9999363
Kepler-10 b,-1.05877,0.9999476
Kepler-10 b,-1.04242,1.0000632
Kepler-10 b,-1.02608,0.9999404
Kepler-10 b,-1.00973,0.9999408
Kepler-10 b,-0.99338,0.9998839
Kepler-10 b,-0.97704,1.0001125
Kepler-10 b,-0.96069,0.9997475
Kepler-10 b,-0.94434,0.9998401
Kepler-10 b,-0.92800,0.9999304
Kepler-10 b,-0.91165,1.0000655
Kepler-10 b,-0.89531,1.0000418
Kepler-10 b,-0.87896,0.9999053
Kepler-10 b,-0.86261,0.9998087
Kepler-10 b,-0.84627,0.9999342
Kepler-10 b,-0.82992,0.9999045
Kepler-10 b,-0.81357,0.9999008
Kepler-10 b,-0.79723,0.9998305
Kepler-10 b,-0.78088,0.9995628
Kepler-10 b,-0.76453,1.0000144
Kepler-10 b,-0.74819,0.9997127
Kepler-10 b,-0.73184,0.9998846
Kepler-10 b,-0.71550,0.9995160
Kepler-10 b,-0.69915,0.9997299
Kepler-10 b,-0.68280,0.9992153
Kepler-10 b,-0.66646,0.9996418
Kepler-10 b,-0.65011,0.9997744
Kepler-10 b,-0.63376,0.9998389
Kepler-10 b,-0.61742,0.9997797
Kepler-10 b,-0.60107,0.9998999
Kepler-10 b,-0.58473,0.9999846
Kepler-10 b,-0.56838,1.0000708
Kepler-10 b,-0.55203,0.9995037
Kepler-10 b,-0.53568,0.9998630
Kepler-10 b,-0.51934,0.9995859
Kepler-10 b,-0.50299,0.9996842
Kepler-10 b,-0.48665,1.0000411
Kepler-10 b,-0.47030,1.0000338
Kepler-10 b,-0.45395,0.9999346
Kepler-10 b,-0.43761,1.0001092
Kepler-10 b,-0.42126,1.0000575
Kepler-10 b,-0.40491,0.9996563
Kepler-10 b,-0.38857,1.0003003
Kepler-10 b,-0.37222,1.0002029
Kepler-10 b,-0.35588,0.9997321
Kepler-10 b,-0.33953,1.0000864
Kepler-10 b,-0.32318,0.9996408
Kepler-10 b,-0.30684,0.9996032
Kepler-10 b,-0.29049,1.0001669
Kepler-10 b,-0.27414,0.9995187
Kepler-10 b,-0.25780,0.9996398
Kepler-10 b,-0.24145,0.9999348
Kepler-10 b,-0.22511,0.9997185
Kepler-10 b,-0.20876,1.0001504
Kepler-10 b,-0.19241,0.9999103
Kepler-10 b,-0.17607,0.9999826
Kepler-10 b,-0.15972,1.0001180
Kepler-10 b,-0.14337,0.9996296
Kepler-10 b,-0.12703,0.9998197
Kepler-10 b,-0.11068,0.9992576
Kepler-10 b,-0.09434,0.9997388
Kepler-10 b,-0.07799,0.9998587
Kepler-10 b,-0.06164,0.9999144
Kepler-10 b,-0.04530,1.0000086
Kepler-10 b,-0.02895,0.9999147
Kepler-10 b,-0.01260,1.0000024
Kepler-10 b,0.00374,0.9995553
Kepler-10 b,0.02009,0.9997017
Kepler-10 b,0.03644,1.0002068
Kepler-10 b,0.05278,1.0000850
Kepler-10 b,0.06913,0.9995122
Kepler-10 b,0.08548,0.9997056
Kepler-10 b,0.10182,1.0000351
Kepler-10 b,0.11817,0.9997003
Kepler-10 b,0.13452,0.9997698
Kepler-10 b,0.15086,0.9998999
Kepler-10 b,0.16721,0.9998691
Kepler-10 b,0.18355,0.9996783
Kepler-10 b,0.19990,1.0000797
Kepler-10 b,0.21625,1.0000630
Kepler-10 b,0.23259,0.9996589
Kepler-10 b,0.24894,0.9999598
Kepler-10 b,0.26529,1.0002075
Kepler-10 b,0.28163,0.9995934
Kepler-10 b,0.29798,0.9996332
Kepler-10 b,0.31432,0.9998744
Kepler-10 b,0.33067,1.0001133
Kepler-10 b,0.34702,0.9999684
Kepler-10 b,0.36337,0.9999526
Kepler-10 b,0.37971,0.9999752
Kepler-10 b,0.39606,0.9997318
Kepler-10 b,0.41240,0.9998667
Kepler-10 b,0.42875,0.9995180
Kepler-10 b,0.44510,0.9997692
Kepler-10 b,0.46144,1.0000433
Kepler-10 b,0.47779,0.9998005
Kepler-10 b,0.49414,0.9998099
Kepler-10 b,0.51048,0.9998650
Kepler-10 b,0.52683,0.9997771
Kepler-10 b,0.54318,0.9997174
Kepler-10 b,0.55952,0.9997054
Kepler-10 b,0.57587,0.9999363
Kepler-10 b,0.59221,0.9995806
Kepler-10 b,0.60856,0.9994475
Kepler-10 b,0.62491,1.0000385
Kepler-10 b,0.64125,0.9999534
Kepler-10 b,0.65760,0.9998986
Kepler-10 b,0.67395,1.0000539
Kepler-10 b,0.69029,0.9994717
Kepler-10 b,0.70664,0.9992789
Kepler-10 b,0.72298,0.9995442
Kepler-10 b,0.73933,0.9999277
Kepler-10 b,0.75568,0.9998740
Kepler-10 b,0.77202,1.0001484
Kepler-10 b,0.78837,0.9998702
Kepler-10 b,0.80472,1.0002341
Kepler-10 b,0.82106,1.0001384
Kepler-10 b,0.83741,1.0002127
Kepler-10 b,0.85376,0.9996880
Kepler-10 b,0.87010,1.0002669
Kepler-10 b,0.88645,0.9996883
Kepler-10 b,0.90280,1.0000491
Kepler-10 b,0.91914,1.0001663
Kepler-10 b,0.93549,0.9998088
Kepler-10 b,0.95184,1.0001476
Kepler-10 b,0.96818,1.0004212
Kepler-10 b,0.98453,1.0000874
Kepler-10 b,1.00087,0.9996593
Kepler-10 b,1.01722,0.9997729
Kepler-10 b,1.03357,1.0001102
Kepler-10 b,1.04991,0.9996958
Kepler-10 b,1.06626,0.9997247
Kepler-10 b,1.08261,0.9998452
Kepler-10 b,1.09895,1.0002953
Kepler-10 b,1.11530,0.9998081
Kepler-10 b,1.13165,1.0000585
Kepler-10 b,1.14799,0.9996864
Kepler-10 b,1.16434,0.9996930
Kepler-10 b,1.18068,0.9997911
Kepler-10 b,1.19703,0.9999043
Kepler-10 b,1.21338,0.9999406
Kepler-10 b,1.22972,0.9999605
Kepler-10 b,1.24607,1.0001471
Kepler-10 b,1.26241,1.0002592
Kepler-10 b,1.27876,1.0001592
Kepler-10 b,1.29511,1.0000130
Kepler-10 b,1.31145,0.9999228
Kepler-10 b,1.32780,1.0000790
Kepler-10 b,1.34415,0.9999719
Kepler-10 b,1.36049,1.0002011
Kepler-10 b,1.37684,0.9996622
Kepler-10 b,1.39318,1.0000605
Kepler-10 b,1.40953,0.9997427
Kepler-10 b,1.42588,0.9998523
Kepler-10 b,1.44222,0.9999969
Kepler-10 b,1.45857,0.9997567
Kepler-10 b,1.47492,0.9997631
Kepler-10 b,1.49127,0.9996668
Kepler-10 b,1.50761,0.9999304
Kepler-10 b,1.52396,0.9995201
Kepler-10 b,1.54030,0.9997374
Kepler-10 b,1.55665,0.9998541
Kepler-10 b,1.57300,0.9999496
Kepler-10 b,1.58934,1.0002282
Kepler-10 b,1.60569,0.9996057
Kepler-10 b,1.62204,1.0001863
Kepler-10 b,1.63838,1.0003803
Kepler-10 b,1.65473,1.0000728
Kepler-10 b,1.67107,1.0000487
Kepler-10 b,1.68742,1.0001600
Kepler-10 b,1.70377,1.0000475
Kepler-10 b,1.72011,0.9999514
Kepler-10 b,1.73646,0.9999329
Kepler-10 b,1.75281,1.0000165
Kepler-10 b,1.76915,0.9997408
Kepler-10 b,1.78550,0.9996468
Kepler-10 b,1.80185,1.0002313
Kepler-10 b,1.81819,1.0000698
Kepler-10 b,1.83454,0.9998192
Kepler-10 b,1.85089,0.9996411
Kepler-10 b,1.86723,0.9997931
Kepler-10 b,1.88358,0.9996834
Kepler-10 b,1.89992,1.0002429
Kepler-10 b,1.91627,1.0000887
Kepler-10 b,1.93262,0.9998016
Kepler-10 b,1.94896,1.0000660
Kepler-10 b,1.96531,0.9999161
Kepler-10 b,1.98166,1.0000860
Kepler-10 b,1.99800,1.0002315
Kepler-10 b,2.01435,1.0001403
Kepler-10 b,2.03069,1.0000881
Kepler-10 b,2.04704,1.0001034
Kepler-10 b,2.06339,0.9999075
Kepler-10 b,2.07973,1.0002321
Kepler-10 b,2.09608,0.9994832
Kepler-10 b,2.11243,1.0003120
Kepler-10 b,2.12877,0.9999364
Kepler-10 b,2.14512,1.0000089
Kepler-10 b,2.16147,0.9999188
Kepler-10 b,2.17781,1.0003401
Kepler-10 b,2.19416,0.9999482
Kepler-10 b,2.21051,1.0000935
Kepler-10 b,2.22685,1.0001772
Kepler-10 b,2.24320,1.0000932
Kepler-10 b,2.25955,0.9997927
Kepler-10 b,2.27589,0.9998845
Kepler-10 b,2.29223,0.9997961
Kepler-10 b,2.30858,1.0000635
Kepler-10 b,2.32493,1.0002603
Kepler-10 b,2.34128,1.0003113
Kepler-10 b,2.35762,0.9998482
Kepler-10 b,2.37397,0.9996593
Kepler-10 b,2.39032,0.9998649
Kepler-10 b,2.40666,0.9998140
Kepler-10 b,2.42301,0.9999099
Kepler-10 b,2.43935,1.0001374
Kepler-10 b,2.45570,0.9997194
Kepler-10 b,2.47205,0.9999306
Kepler-10 b,2.48839,1.0001102
Kepler-10 b,2.50474,0.9999006
Kepler-10 b,2.52109,0.9999216
Kepler-10 b,2.53743,1.0001204
Kepler-10 b,2.55378,1.0002155
Kepler-10 b,2.57012,0.9998144
Kepler-10 b,2.58647,1.0000535
Kepler-10 b,2.60282,0.9997330
Kepler-10 b,2.61916,0.9999153
Kepler-10 b,2.63551,0.9999074
Kepler-10 b,2.65186,1.0000895
Kepler-10 b,2.66820,0.9999531
Kepler-10 b,2.68455,1.0000116
Kepler-10 b,2.70089,1.0001257
Kepler-10 b,2.71724,0.9997679
Kepler-10 b,2.73359,0.9999659
Kepler-10 b,2.74993,0.9999390
Kepler-10 b,2.76628,1.0001801
Kepler-10 b,2.78263,0.9997111
Kepler-10 b,2.79897,0.9998653
Kepler-10 b,2.81532,0.9995841
Kepler-10 b,2.83167,1.0000017
Kepler-10 b,2.84801,1.0002471
Kepler-10 b,2.86436,1.0000560
Kepler-10 b,2.88071,1.0002908
Kepler-10 b,2.89705,1.0000917
Kepler-10 b,2.91340,1.0000161
Kepler-10 b,2.92975,1.0000379
Kepler-10 b,2.94609,1.0001835
Kepler-10 b,2.96244,0.9999392
Kepler-10 b,2.97878,1.0000442
Kepler-10 b,2.99513,1.0004467
Kepler-10 b,3.01148,1.0000910
Kepler-10 b,3.02782,1.0002182
Kepler-10 b,3.04417,1.0001618
Kepler-10 b,3.06052,0.9999236
Kepler-10 b,3.07686,1.0000967
Kepler-10 b,3.09321,0.9999597
Kepler-10 b,3.10956,1.0000910
Kepler-10 b,3.12590,0.9999376
Kepler-10 b,3.14225,1.0000516
Kepler-10 b,3.15860,1.0001045
Kepler-10 b,3.17494,1.0003846
Kepler-10 b,3.19129,1.0000529
Kepler-10 b,3.20763,1.0000796
Kepler-10 b,3.22398,0.9996316
Kepler-10 b,3.24033,1.0002629
Kepler-10 b,3.25667,0.9999552
Kepler-10 b,3.27302,0.9996415
Kepler-10 b,3.28937,0.9998594
Kepler-10 b,3.30571,1.0002731
Kepler-10 b,3.32206,0.9996133
Kepler-10 b,3.33841,1.0003838
Kepler-10 b,3.35475,1.0000676
Kepler-10 b,3.37110,0.9998815
Kepler-10 b,3.38744,0.9998825
Kepler-10 b,3.40379,1.0001628
Kepler-10 b,3.42014,1.0001953
Kepler-10 b,3.43648,0.9994391
Kepler-10 b,3.45283,0.9998060
Kepler-10 b,3.46918,1.0001628
Kepler-10 b,3.48552,1.0000917
Kepler-10 b,3.50187,1.0003908
Kepler-10 b,3.51821,1.0000153
Kepler-10 b,3.53456,0.9997555
Kepler-10 b,3.55091,0.9996249
Kepler-10 b,3.56725,0.9998946
Kepler-10 b,3.58360,1.0002040
Kepler-10 b,3.59995,0.9997828
Kepler-10 b,3.61629,0.9998998
Kepler-10 b,3.63264,1.0000256
Kepler-10 b,3.64899,0.9999308
Kepler-10 b,3.66533,0.9996085
Kepler-10 b,3.68168,0.9998844
Kepler-10 b,3.69803,1.0000012
Kepler-10 b,3.71437,0.9998671
Kepler-10 b,3.73072,1.0004442
Kepler-10 b,3.74706,1.0000549
Kepler-10 b,3.76341,0.9997816
Kepler-10 b,3.77976,0.9999370
Kepler-10 b,3.79610,1.0000074
Kepler-10 b,3.81245,1.0002122
Kepler-10 b,3.82880,0.9998649
Kepler-10 b,3.84514,1.0000378
Kepler-10 b,3.86149,1.0000957
Kepler-10 b,3.87783,0.9999266
Kepler-10 b,3.89418,0.9999349
Kepler-10 b,3.91053,0.9999840
Kepler-10 b,3.92688,1.0000220
Kepler-10 b,3.94322,0.9999658
Kepler-10 b,3.95957,1.0002344
Kepler-10 b,3.97592,1.0001373
Kepler-10 b,3.99226,0.9996278
Kepler-10 b,4.00860,1.0004763
Kepler-10 b,4.02495,1.0002178
Kepler-10 b,4.04130,1.0001294
Kepler-10 b,4.05764,1.0001936
Kepler-10 b,4.07399,1.0003329
Kepler-10 b,4.09034,1.0004650
Kepler-10 b,4.10668,0.9999101
Kepler-10 b,4.12303,1.0004881
Kepler-10 b,4.13938,0.9998342
Kepler-10 b,4.15572,1.0000004
Kepler-10 b,4.17207,1.0000654
Kepler-10 b,4.18842,1.0000927
Kepler-10 b,4.20476,0.9997185
Kepler-10 b,4.22111,0.9997667
Kepler-10 b,4.23746,0.9996314
Kepler-10 b,4.25380,1.0000691
Kepler-10 b,4.27015,0.9999286
Kepler-10 b,4.28649,1.0000442
Kepler-10 b,4.30284,1.0003661
Kepler-10 b,4.31919,0.9993980
Kepler-10 b,4.33553,0.9992103
Kepler-10 b,4.35188,0.9999848
Kepler-10 b,4.36823,1.0001571
Kepler-10 b,4.38457,0.9998987
Kepler-10 b,4.40092,1.0002267
Kepler-10 b,4.41726,1.0001043
Kepler-10 b,4.43361,0.9997119
Kepler-10 b,4.44996,0.9998849
Kepler-10 b,4.46630,1.0001395
Kepler-10 b,4.48265,1.0000280
Kepler-10 b,4.49900,1.0000745
Kepler-10 b,4.51534,0.9998821
Kepler-10 b,4.53169,1.0001070
Kepler-10 b,4.54804,0.9997898
Kepler-10 b,4.56438,1.0002573
Kepler-10 b,4.58073,0.9999056
Kepler-10 b,4.59708,0.9998198
Kepler-10 b,4.61342,1.0002975
Kepler-10 b,4.62977,0.9999829
Kepler-10 b,4.64612,0.9999239
Kepler-10 b,4.66246,1.0001694
Kepler-10 b,4.67881,1.0001048
Kepler-10 b,4.69515,0.9997784
Kepler-10 b,4.71150,0.9999567
Kepler-10 b,4.72785,1.0000317
Kepler-10 b,4.74419,1.0001170
Kepler-10 b,4.76054,0.9997234
Kepler-10 b,4.77689,0.9998322
Kepler-10 b,4.79323,1.0002950
Kepler-10 b,-4.79583,0.9996355
Kepler-10 b,-4.77948,1.0003169
Kepler-10 b,-4.76313,1.0000940
Kepler-10 b,-4.74679,1.0001201
Kepler-10 b,-4.73044,0.9999141
Kepler-10 b,-4.71409,1.0003800
Kepler-10 b,-4.69775,0.9999960
Kepler-10 b,-4.68140,1.0000800
Kepler-10 b,-4.66506,1.0000871
Kepler-10 b,-4.64871,0.9999866
Kepler-10 b,-4.63236,1.0001027
Kepler-10 b,-4.61602,1.0001426
Kepler-10 b,-4.59967,0.9997947
Kepler-10 b,-4.58332,1.0001114
Kepler-10 b,-4.56698,1.0000579
Kepler-10 b,-4.55063,0.9997234
Kepler-10 b,-4.53429,1.0002140
Kepler-10 b,-4.51794,1.0003577
Kepler-10 b,-4.50159,0.9998496
Kepler-10 b,-4.48525,0.9999691
Kepler-10 b,-4.46890,0.9996608
Kepler-10 b,-4.45255,1.0001959
Kepler-10 b,-4.43621,1.0003696
Kepler-10 b,-4.41986,0.9999709
Kepler-10 b,-4.40351,0.9996550
Kepler-10 b,-4.38717,0.9999805
Kepler-10 b,-4.37082,1.0002657
Kepler-10 b,-4.35447,1.0001390
Kepler-10 b,-4.33813,1.0001375
Kepler-10 b,-4.32178,1.0001595
Kepler-10 b,-4.30544,0.9997776
Kepler-10 b,-4.28909,0.9998373
Kepler-10 b,-4.27274,0.9997577
Kepler-10 b,-4.25640,0.9997279
Kepler-10 b,-4.24005,0.9998572
Kepler-10 b,-4.22370,0.9997101
Kepler-10 b,-4.20736,1.0000346
Kepler-10 b,-4.19101,1.0000282
Kepler-10 b,-4.17467,1.0000490
Kepler-10 b,-4.15832,1.0001008
Kepler-10 b,-4.14197,1.0001631
Kepler-10 b,-4.12563,0.9997641
Kepler-10 b,-4.10928,1.0001584
Kepler-10 b,-4.09293,0.9997664
Kepler-10 b,-4.07659,0.9998905
Kepler-10 b,-4.06024,0.9997221
Kepler-10 b,-4.04389,1.0000253
Kepler-10 b,-4.02755,0.9999025
Kepler-10 b,-4.01120,1.0004263
Kepler-10 b,-3.99485,1.0002634
Kepler-10 b,-3.97851,0.9999280
Kepler-10 b,-3.96216,1.0000778
Kepler-10 b,-3.94581,0.9999794
Kepler-10 b,-3.92947,1.0000555
Kepler-10 b,-3.91312,0.9998337
Kepler-10 b,-3.89678,1.0000176
Kepler-10 b,-3.88043,0.9995832
Kepler-10 b,-3.86408,0.9997289
Kepler-10 b,-3.84774,0.9999546
Kepler-10 b,-3.83139,1.0001194
Kepler-10 b,-3.81504,1.0001404
Kepler-10 b,-3.79870,0.9999216
Kepler-10 b,-3.78235,0.9999148
Kepler-10 b,-3.76601,0.9999765
Kepler-10 b,-3.74966,1.0003939
Kepler-10 b,-3.73331,0.9999436
Kepler-10 b,-3.71697,1.0001412
Kepler-10 b,-3.70062,1.0003401
Kepler-10 b,-3.68427,1.0002697
Kepler-10 b,-3.66792,1.0003080
Kepler-10 b,-3.65158,1.0001537
Kepler-10 b,-3.63523,0.9999439
Kepler-10 b,-3.61889,1.0000559
Kepler-10 b,-3.60254,0.9998035
Kepler-10 b,-3.58619,1.0003764
Kepler-10 b,-3.56985,1.0002057
Kepler-10 b,-3.55350,1.0002057
Kepler-10 b,-3.53715,0.9999755
Kepler-10 b,-3.52081,1.0003809
Kepler-10 b,-3.50446,1.0004215
Kepler-10 b,-3.48812,1.0004633
Kepler-10 b,-3.47177,0.9999658
Kepler-10 b,-3.45542,0.9999138
Kepler-10 b,-3.43908,0.9999566
Kepler-10 b,-3.42273,0.9997719
Kepler-10 b,-3.40638,1.0001466
Kepler-10 b,-3.39004,1.0001725
Kepler-10 b,-3.37369,0.9999094
Kepler-10 b,-3.35735,0.9999187
Kepler-10 b,-3.34100,1.0004424
Kepler-10 b,-3.32465,1.0003897
Kepler-10 b,-3.30831,0.9995513
Kepler-10 b,-3.29196,1.0002940
Kepler-10 b,-3.27561,0.9998206
Kepler-10 b,-3.25927,1.0002707
Kepler-10 b,-3.24292,0.9997316
Kepler-10 b,-3.22658,1.0002264
Kepler-10 b,-3.21023,0.9998061
Kepler-10 b,-3.19388,0.9999033
Kepler-10 b,-3.17754,0.9995898
Kepler-10 b,-3.16119,1.0004541
Kepler-10 b,-3.14484,1.0000166
Kepler-10 b,-3.12850,0.9996122
Kepler-10 b,-3.11215,0.9996599
Kepler-10 b,-3.09581,0.9999415
Kepler-10 b,-3.07946,1.0001883
Kepler-10 b,-3.06311,0.9998264
Kepler-10 b,-3.04676,0.9997318
Kepler-10 b,-3.03042,0.9998578
Kepler-10 b,-3.01407,0.9999508
Kepler-10 b,-2.99772,0.9998587
Kepler-10 b,-2.98138,1.0001331
Kepler-10 b,-2.96503,0.9997941
Kepler-10 b,-2.94869,1.0002537
Kepler-10 b,-2.93234,0.9999290
Kepler-10 b,-2.91599,0.9999847
Kepler-10 b,-2.89965,0.9999994
Kepler-10 b,-2.88330,0.9998200
Kepler-10 b,-2.86695,0.9999836
Kepler-10 b,-2.85061,1.0000183
Kepler-10 b,-2.83426,0.9997469
Kepler-10 b,-2.81792,1.0003473
Kepler-10 b,-2.80157,1.0001064
Kepler-10 b,-2.78522,0.9999901
Kepler-10 b,-2.76888,1.0002345
Kepler-10 b,-2.75253,0.9999464
Kepler-10 b,-2.73618,0.9996805
Kepler-10 b,-2.71984,0.9995751
Kepler-10 b,-2.70349,0.9999282
Kepler-10 b,-2.68714,1.0000375
Kepler-10 b,-2.67080,1.0001729
Kepler-10 b,-2.65445,1.0001486
Kepler-10 b,-2.63810,1.0001975
Kepler-10 b,-2.62176,0.9999263
Kepler-10 b,-2.60541,0.9997916
Kepler-10 b,-2.58907,0.9997711
Kepler-10 b,-2.57272,0.9996652
Kepler-10 b,-2.55637,0.9999280
Kepler-10 b,-2.54003,0.9998038
Kepler-10 b,-2.52368,1.0002080
Kepler-10 b,-2.50733,0.9997539
Kepler-10 b,-2.49099,0.9999158
Kepler-10 b,-2.47464,1.0002310
Kepler-10 b,-2.45830,1.0001316
Kepler-10 b,-2.44195,0.9999652
Kepler-10 b,-2.42560,1.0001253
Kepler-10 b,-2.40926,0.9996999
Kepler-10 b,-2.39291,0.9998649
Kepler-10 b,-2.37656,1.0000381
Kepler-10 b,-2.36022,0.9999740
Kepler-10 b,-2.34387,1.0001779
Kepler-10 b,-2.32752,0.9995125
Kepler-10 b,-2.31118,0.9997306
Kepler-10 b,-2.29483,0.9998803
Kepler-10 b,-2.27848,0.9996499
Kepler-10 b,-2.26214,0.9996972
Kepler-10 b,-2.24579,0.9999665
Kepler-10 b,-2.22944,0.9997950
Kepler-10 b,-2.21310,0.9996284
Kepler-10 b,-2.19676,0.9996058
Kepler-10 b,-2.18041,1.0005344
Kepler-10 b,-2.16406,0.9998233
Kepler-10 b,-2.14771,1.0002670
Kepler-10 b,-2.13137,1.0000158
Kepler-10 b,-2.11502,0.9999027
Kepler-10 b,-2.09867,1.0000126
Kepler-10 b,-2.08233,0.9999939
Kepler-10 b,-2.06598,1.0001862
Kepler-10 b,-2.04964,1.0004660
Kepler-10 b,-2.03329,0.9997648
Kepler-10 b,-2.01694,0.9999960
Kepler-10 b,-2.00060,1.0000018
Kepler-10 b,-1.98425,1.0001483
Kepler-10 b,-1.96790,0.9998184
Kepler-10 b,-1.95156,1.0001757
Kepler-10 b,-1.93521,0.9998812
Kepler-10 b,-1.91887,0.9996719
Kepler-10 b,-1.90252,1.0003929
Kepler-10 b,-1.88617,0.9997696
Kepler-10 b,-1.86983,0.9997811
Kepler-10 b,-1.85348,0.9998569
Kepler-10 b,-1.83713,1.0000122
Kepler-10 b,-1.82079,1.0003370
Kepler-10 b,-1.80444,1.0000416
Kepler-10 b,-1.78810,0.9998418
Kepler-10 b,-1.77175,0.9998330
Kepler-10 b,-1.75540,1.0000194
Kepler-10 b,-1.73906,1.0001644
Kepler-10 b,-1.72271,0.9996705
Kepler-10 b,-1.70636,1.0000059
Kepler-10 b,-1.69002,1.0000490
Kepler-10 b,-1.67367,0.9995886
Kepler-10 b,-1.65732,0.9997905
Kepler-10 b,-1.64098,0.9998948
Kepler-10 b,-1.62463,1.0003280
Kepler-10 b,-1.60828,1.0003750
Kepler-10 b,-1.59194,1.0002173
Kepler-10 b,-1.57559,0.9999502
Kepler-10 b,-1.55924,0.9996114
Kepler-10 b,-1.54290,0.9998364
Kepler-10 b,-1.52655,1.0000177
Kepler-10 b,-1.51021,0.9996155
Kepler-10 b,-1.49386,1.0000271
Kepler-10 b,-1.47751,0.9995306
Kepler-10 b,-1.46117,0.9998704
Kepler-10 b,-1.44482,0.9998680
Kepler-10 b,-1.42847,1.0001619
Kepler-10 b,-1.41213,1.0001701
Kepler-10 b,-1.39578,0.9999037
Kepler-10 b,-1.37943,1.0002186
Kepler-10 b,-1.36309,0.9997564
Kepler-10 b,-1.34674,0.9998290
Kepler-10 b,-1.33039,0.9999758
Kepler-10 b,-1.31405,1.0002616
Kepler-10 b,-1.29770,0.9999028
Kepler-10 b,-1.28136,0.9998881
Kepler-10 b,-1.26501,1.0000997
Kepler-10 b,-1.24866,1.0002522
Kepler-10 b,-1.23232,0.9998988
Kepler-10 b,-1.21597,1.0000568
Kepler-10 b,-1.19962,0.9998795
Kepler-10 b,-1.18328,1.0000194
Kepler-10 b,-1.16693,1.0003064
Kepler-10 b,-1.15058,0.9998088
Kepler-10 b,-1.13424,0.9996825
Kepler-10 b,-1.11789,0.9999426
Kepler-10 b,-1.10155,1.0000454
Kepler-10 b,-1.08520,0.9997318
Kepler-10 b,-1.06885,1.0000787
Kepler-10 b,-1.05251,1.0000120
Kepler-10 b,-1.03616,1.0002650
Kepler-10 b,-1.01981,0.9997548
Kepler-10 b,-1.00347,0.9999002
Kepler-10 b,-0.98712,0.9999392
Kepler-10 b,-0.97078,1.0000299
Kepler-10 b,-0.95443,0.9998523
Kepler-10 b,-0.93808,1.0003289
Kepler-10 b,-0.92173,1.0001385
Kepler-10 b,-0.90539,0.9998668
Kepler-10 b,-0.88904,1.0001042
Kepler-10 b,-0.87270,0.9998233
Kepler-10 b,-0.85635,0.9999428
Kepler-10 b,-0.84000,0.9998528
Kepler-10 b,-0.82366,0.9994577
Kepler-10 b,-0.80731,1.0000740
Kepler-10 b,-0.79096,0.9999791
Kepler-10 b,-0.77462,0.9995933
Kepler-10 b,-0.75827,0.9999954
Kepler-10 b,-0.74192,0.9998692
Kepler-10 b,-0.72558,1.0000511
Kepler-10 b,-0.70923,1.0002351
Kepler-10 b,-0.69289,0.9999242
Kepler-10 b,-0.67654,0.9999560
Kepler-10 b,-0.66019,0.9997981
Kepler-10 b,-0.64385,1.0000003
Kepler-10 b,-0.62750,0.9998722
Kepler-10 b,-0.61115,1.0001938
Kepler-10 b,-0.59481,1.0002169
Kepler-10 b,-0.57846,0.9994505
Kepler-10 b,-0.56212,0.9996591
Kepler-10 b,-0.54577,0.9997541
Kepler-10 b,-0.52942,0.9999122
Kepler-10 b,-0.51308,0.9993988
Kepler-10 b,-0.49673,0.9996999
Kepler-10 b,-0.48038,0.9994669
Kepler-10 b,-0.46404,0.9996472
Kepler-10 b,-0.44769,0.9998469
Kepler-10 b,-0.43135,0.9998455
Kepler-10 b,-0.41500,0.9997159
Kepler-10 b,-0.39865,0.9990979
Kepler-10 b,-0.38231,0.9998354
Kepler-10 b,-0.36596,0.9997875
Kepler-10 b,-0.34961,0.9998759
Kepler-10 b,-0.33327,0.9998059
Kepler-10 b,-0.31692,1.0001143
Kepler-10 b,-0.30057,0.9999814
Kepler-10 b,-0.28423,0.9997595
Kepler-10 b,-0.26788,0.9997816
Kepler-10 b,-0.25153,0.9999435
Kepler-10 b,-0.23519,1.0001224
Kepler-10 b,-0.21884,0.9996840
Kepler-10 b,-0.20250,1.0001362
Kepler-10 b,-0.18615,0.9996912
Kepler-10 b,-0.16980,0.9996333
Kepler-10 b,-0.15346,1.0000121
Kepler-10 b,-0.13711,0.9994302
Kepler-10 b,-0.12076,0.9995995
Kepler-10 b,-0.10442,0.9995162
Kepler-10 b,-0.08807,0.9999150
Kepler-10 b,-0.07173,1.0001325
Kepler-10 b,-0.05538,1.0001491
Kepler-10 b,-0.03903,0.9996067
Kepler-10 b,-0.02269,0.9998134
Kepler-10 b,-0.00634,1.0000681
Kepler-10 b,0.01001,0.9999441
Kepler-10 b,0.02635,0.9997054
Kepler-10 b,0.04270,0.9996971
Kepler-10 b,0.05905,0.9998418
Kepler-10 b,0.07539,0.9996688
Kepler-10 b,0.09174,0.9998734
Kepler-10 b,0.10809,0.9999221
Kepler-10 b,0.12443,0.9998347
Kepler-10 b,0.14078,0.9996554
Kepler-10 b,0.15713,0.9997864
Kepler-10 b,0.17347,1.0000009
Kepler-10 b,0.18982,1.0001565
Kepler-10 b,0.20616,1.0000925
Kepler-10 b,0.22251,0.9997698
Kepler-10 b,0.23886,1.0000579
Kepler-10 b,0.25520,1.0000033
Kepler-10 b,0.27155,0.9998547
Kepler-10 b,0.28790,0.9995441
Kepler-10 b,0.30424,1.0000253
Kepler-10 b,0.32059,0.9994011
Kepler-10 b,0.33693,1.0000226
Kepler-10 b,0.35328,0.9998612
Kepler-10 b,0.36963,0.9997857
Kepler-10 b,0.38597,0.9996203
Kepler-10 b,0.40232,0.9999825
Kepler-10 b,0.41867,0.9998136
Kepler-10 b,0.43501,0.9995493
Kepler-10 b,0.45136,0.9995261
Kepler-10 b,0.46771,0.9998455
Kepler-10 b,0.48405,1.0000498
Kepler-10 b,0.50040,0.9997785
Kepler-10 b,0.51675,0.9997363
Kepler-10 b,0.53309,0.9997110
Kepler-10 b,0.54944,0.9998355
Kepler-10 b,0.56579,0.9996034
Kepler-10 b,0.58213,1.0000708
Kepler-10 b,0.59847,0.9996538
Kepler-10 b,0.61482,0.9995435
Kepler-10 b,0.63117,0.9999612
Kepler-10 b,0.64752,1.0000036
Kepler-10 b,0.66386,0.9997770
Kepler-10 b,0.68021,0.9998855
Kepler-10 b,0.69656,0.9998802
Kepler-10 b,0.71290,1.0000738
Kepler-10 b,0.72925,1.0001864
Kepler-10 b,0.74559,1.0002464
Kepler-10 b,0.76194,0.9999584
Kepler-10 b,0.77829,0.9995239
Kepler-10 b,0.79463,0.9996024
Kepler-10 b,0.81098,0.9999856
Kepler-10 b,0.82733,1.0000173
Kepler-10 b,0.84367,0.9999953
Kepler-10 b,0.86002,1.0002011
Kepler-10 b,0.87636,1.0001004
Kepler-10 b,0.89271,0.9996807
Kepler-10 b,0.90906,1.0000991
Kepler-10 b,0.92540,0.9999907
Kepler-10 b,0.94175,0.9999760
Kepler-10 b,0.95810,1.0004141
Kepler-10 b,0.97444,1.0002424
Kepler-10 b,0.99079,0.9996239
Kepler-10 b,1.00713,1.0000921
Kepler-10 b,1.02348,0.9999352
Kepler-10 b,1.03983,1.0000650
Kepler-10 b,1.05617,1.0000080
Kepler-10 b,1.07252,1.0000654
Kepler-10 b,1.08887,0.9995686
Kepler-10 b,1.10521,1.0003255
Kepler-10 b,1.12156,1.0002793
Kepler-10 b,1.13791,0.9997594
Kepler-10 b,1.15425,0.9999102
Kepler-10 b,1.17060,1.0004780
Kepler-10 b,1.18695,0.9999826
Kepler-10 b,1.20329,0.9999070
Kepler-10 b,1.21964,1.0002341
Kepler-10 b,1.23599,0.9997001
Kepler-10 b,1.25233,0.9999790
Kepler-10 b,1.26868,1.0002003
Kepler-10 b,1.28502,0.9998145
Kepler-10 b,1.30137,0.9998999
Kepler-10 b,1.31772,0.9996939
Kepler-10 b,1.33406,1.0001671
Kepler-10 b,1.35041,0.9999942
Kepler-10 b,1.36676,0.9997896
Kepler-10 b,1.38310,0.9998766
Kepler-10 b,1.39945,1.0001036
Kepler-10 b,1.41580,0.9997898
Kepler-10 b,1.43214,0.9995999
Kepler-10 b,1.44849,1.0003907
Kepler-10 b,1.46484,1.0000902
Kepler-10 b,1.48118,1.0002405
Kepler-10 b,1.49753,0.9997571
Kepler-10 b,1.51387,1.0001179
Kepler-10 b,1.53022,1.0000174
Kepler-10 b,1.54657,1.0004341
Kepler-10 b,1.56291,1.0003014
Kepler-10 b,1.57926,1.0003486
Kepler-10 b,1.59561,0.9998529
Kepler-10 b,1.61195,1.0000270
Kepler-10 b,1.62830,1.0001845
Kepler-10 b,1.64464,0.9994934
Kepler-10 b,1.66099,0.9996183
Kepler-10 b,1.67734,0.9996080
Kepler-10 b,1.69368,0.9997237
Kepler-10 b,1.71003,0.9997923
Kepler-10 b,1.72638,1.0001960
Kepler-10 b,1.74272,1.0000903
Kepler-10 b,1.75907,1.0001620
Kepler-10 b,1.77541,0.9999302
Kepler-10 b,1.79176,1.0003362
Kepler-10 b,1.80811,1.0001403
Kepler-10 b,1.82445,1.0001750
Kepler-10 b,1.84080,0.9997108
Kepler-10 b,1.85715,1.0001218
Kepler-10 b,1.87350,0.9997706
Kepler-10 b,1.88984,0.9998227
Kepler-10 b,1.90618,0.9997188
Kepler-10 b,1.92253,0.9997640
Kepler-10 b,1.93888,0.9998450
Kepler-10 b,1.95522,1.0002979
Kepler-10 b,1.97157,1.0003477
Kepler-10 b,1.98792,0.9999191
Kepler-10 b,2.00426,1.0001316
Kepler-10 b,2.02061,1.0001323
Kepler-10 b,2.03696,1.0000332
Kepler-10 b,2.05330,1.0001235
Kepler-10 b,2.06965,1.0002415
Kepler-10 b,2.08600,1.0003479
Kepler-10 b,2.10234,0.9996911
Kepler-10 b,2.11869,1.0001752
Kepler-10 b,2.13504,0.9999919
Kepler-10 b,2.15138,1.0001732
Kepler-10 b,2.16773,0.9997140
Kepler-10 b,2.18407,0.9998657
Kepler-10 b,2.20042,0.9998702
Kepler-10 b,2.21677,0.9997401
Kepler-10 b,2.23311,0.9998873
Kepler-10 b,2.24946,1.0000037
Kepler-10 b,2.26581,1.0004659
Kepler-10 b,2.28215,1.0003269
Kepler-10 b,2.29850,1.0004556
Kepler-10 b,2.31484,1.0004017
Kepler-10 b,2.33119,1.0001943
Kepler-10 b,2.34754,1.0001218
Kepler-10 b,2.36388,1.0002536
Kepler-10 b,2.38023,0.9997425
Kepler-10 b,2.39658,0.9995964
Kepler-10 b,2.41292,1.0000933
Kepler-10 b,2.42927,0.9995740
Kepler-10 b,2.44562,1.0004240
Kepler-10 b,2.46196,1.0002026
Kepler-10 b,2.47831,1.0003684
Kepler-10 b,2.49466,1.0004187
Kepler-10 b,2.51100,0.9998235
Kepler-10 b,2.52735,0.9998049
Kepler-10 b,2.54370,1.0001609
Kepler-10 b,2.56004,1.0001480
Kepler-10 b,2.57639,1.0001302
Kepler-10 b,2.59273,0.9999449
Kepler-10 b,2.60908,0.9996581
Kepler-10 b,2.62543,0.9999956
Kepler-10 b,2.64177,1.0004812
Kepler-10 b,2.65812,0.9998697
Kepler-10 b,2.67447,0.9998980
Kepler-10 b,2.69081,1.0003398
Kepler-10 b,2.70716,1.0002532
Kepler-10 b,2.72350,0.9998114
Kepler-10 b,2.73985,1.0003488
Kepler-10 b,2.75620,0.9998619
Kepler-10 b,2.77255,0.9997700
Kepler-10 b,2.78889,0.9999755
Kepler-10 b,2.80524,0.9999476
Kepler-10 b,2.82159,1.0004660
Kepler-10 b,2.83793,0.9996291
Kepler-10 b,2.85428,1.0000931
Kepler-10 b,2.87062,0.9995678
Kepler-10 b,2.88697,0.9995038
Kepler-10 b,2.90332,1.0000145
Kepler-10 b,2.91966,0.9999798
Kepler-10 b,2.93601,0.9997591
Kepler-10 b,2.95236,1.0000499
Kepler-10 b,2.96870,0.9996599
Kepler-10 b,2.98505,1.0003742
Kepler-10 b,3.00139,0.9997203
Kepler-10 b,3.01774,1.0001186
Kepler-10 b,3.03409,1.0000553
Kepler-10 b,3.05043,1.0001069
Kepler-10 b,3.06678,0.9999265
Kepler-10 b,3.08313,1.0000076
Kepler-10 b,3.09947,0.9998528
Kepler-10 b,3.11582,0.9998301
Kepler-10 b,3.13216,1.0002708
Kepler-10 b,3.14851,1.0000896
Kepler-10 b,3.16486,0.9997552
Kepler-10 b,3.18120,0.9996948
Kepler-10 b,3.19755,1.0002922
Kepler-10 b,3.21390,1.0005543
Kepler-10 b,3.23024,0.9999625
Kepler-10 b,3.24659,0.9995160
Kepler-10 b,3.26293,0.9999550
Kepler-10 b,3.27928,1.0002982
Kepler-10 b,3.29563,0.9997400
Kepler-10 b,3.31197,1.0001321
Kepler-10 b,3.32832,0.9998340
Kepler-10 b,3.34467,0.9998506
Kepler-10 b,3.36101,0.9997016
Kepler-10 b,3.37736,1.0000024
Kepler-10 b,3.39371,0.9999648
Kepler-10 b,3.41005,1.0000357
Kepler-10 b,3.42640,1.0000365
Kepler-10 b,3.44275,0.9998806
Kepler-10 b,3.45909,1.0000205
Kepler-10 b,3.47544,0.9999160
Kepler-10 b,3.49179,0.9998890
Kepler-10 b,3.50813,0.9998896
Kepler-10 b,3.52448,1.0000404
Kepler-10 b,3.54082,0.9999824
Kepler-10 b,3.55717,0.9998160
Kepler-10 b,3.57352,1.0000087
Kepler-10 b,3.58986,0.9997089
Kepler-10 b,3.60621,0.9998950
Kepler-10 b,3.62256,1.0001420
Kepler-10 b,3.63890,0.9999281
Kepler-10 b,3.65525,1.0005465
Kepler-10 b,3.67159,1.0000226
Kepler-10 b,3.68794,1.0004790
Kepler-10 b,3.70429,1.0001944
Kepler-10 b,3.72063,1.0002223
Kepler-10 b,3.73698,0.9997477
Kepler-10 b,3.75333,0.9999570
Kepler-10 b,3.76967,0.9999531
Kepler-10 b,3.78602,1.0001594
Kepler-10 b,3.80237,1.0001823
Kepler-10 b,3.81871,0.9996805
Kepler-10 b,3.83506,0.9999956
Kepler-10 b,3.85140,1.0002655
Kepler-10 b,3.86775,0.9995517
Kepler-10 b,3.88410,0.9998429
Kepler-10 b,3.90044,0.9999880
Kepler-10 b,3.91679,0.9999501
Kepler-10 b,3.93314,0.9999384
Kepler-10 b,3.94948,1.0000683
Kepler-10 b,3.96583,0.9996394
Kepler-10 b,3.98218,0.9997838
Kepler-10 b,3.99852,0.9997494
Kepler-10 b,4.01487,0.9998723
Kepler-10 b,4.03121,0.9997429
Kepler-10 b,4.04756,0.9994301
Kepler-10 b,4.06391,0.9997895
Kepler-10 b,4.08025,0.9998989
Kepler-10 b,4.09660,0.9998313
Kepler-10 b,4.11295,0.9999152
Kepler-10 b,4.12929,0.9998181
Kepler-10 b,4.14564,0.9998690
Kepler-10 b,4.16199,0.9996744
Kepler-10 b,4.17833,1.0001448
Kepler-10 b,4.19468,0.9999544
Kepler-10 b,4.21103,0.9997888
Kepler-10 b,4.22737,1.0001699
Kepler-10 b,4.24372,1.0002698
Kepler-10 b,4.26007,0.9999085
Kepler-10 b,4.27641,0.9998690
Kepler-10 b,4.29276,1.0003456
Kepler-10 b,4.30910,0.9998426
Kepler-10 b,4.32545,1.0006803
Kepler-10 b,4.34179,1.0002108
Kepler-10 b,4.35814,1.0001035
Kepler-10 b,4.37449,0.9998411
Kepler-10 b,4.39084,0.9999141
Kepler-10 b,4.40718,1.0001681
Kepler-10 b,4.42353,1.0004277
Kepler-10 b,4.43987,1.0000682
Kepler-10 b,4.45622,1.0002436
Kepler-10 b,4.47257,1.0001222
Kepler-10 b,4.48891,1.0000596
Kepler-10 b,4.50526,1.0000355
Kepler-10 b,4.52161,1.0006487
Kepler-10 b,4.53795,0.9998224
Kepler-10 b,4.55430,0.9994773
Kepler-10 b,4.57064,1.0000846
Kepler-10 b,4.58699,1.0001272
Kepler-10 b,4.60334,1.0001355
Kepler-10 b,4.61968,1.0001800
Kepler-10 b,4.63603,0.9997721
Kepler-10 b,4.65238,0.9998978
Kepler-10 b,4.66872,1.0003555
Kepler-10 b,4.68507,1.0001272
Kepler-10 b,4.70141,1.0003181
Kepler-10 b,4.71776,1.0001083
Kepler-10 b,4.73411,0.9997868
Kepler-10 b,4.75045,0.9999193
Kepler-10 b,4.76680,1.0002866
Kepler-10 b,4.78315,1.0001101
Kepler-10 b,4.79950,0.9995372
