planeta,estrela,a_UA,R_Rterra,Teff_K,L_Lsol,distancia_pc
XO-2 S d,XO-2 S,5.46000,13.000,5325,0.75332,151.40
Kepler-1808 b,Kepler-1808,0.14670,3.025,5530,0.86612,1022.01
Kepler-418 b,Kepler-418,0.39249,13.450,5820,1.2916,1002.53
Kepler-249 d,Kepler-249,0.09700,1.570,3568,0.032,190.40
Kepler-1408 b,Kepler-1408,0.04218,0.890,6170,3.7922,535.05
HR 8799 b,HR 8799,68.00000,13.000,7205,4.9201,41.24
Kepler-500 b,Kepler-500,0.08361,2.580,5813,1.3066,807.48
CoRoT-17 b,CoRoT-17,0.04610,11.430,5740,1.3621,1176.12
Kepler-1685 b,Kepler-1685,0.14850,2.577,5484,0.56876,1141.89
Kepler-296 b,Kepler-296,0.07900,1.610,3740,0.031,167.00
TOI-1744.01,TOI-1744,0.16409,2.680,6179,1.7052,114.39
TOI-4377 b,TOI-4377,0.05790,15.110,4974,6.64,455.82
HD 64114 b,HD 64114,0.24600,4.410,5676,0.72887,31.53
TOI-858 B b,TOI-858 B,0.04435,14.067,5842,1.79,250.49
HD 27969 b,HD 27969,1.55200,12.900,5966,3.3744,67.93
Kepler-1947 b,Kepler-1947,0.07375,1.010,6040,1.2899,468.77
Kepler-81 d,Kepler-81,0.12800,1.210,4500,0.129,348.29
Kepler-900 b,Kepler-900,0.06790,2.080,4836,0.24638,487.52
TOI-1296 b,TOI-1296,0.05100,14.116,5567,2.521,323.26
HD 24040 b,HD 24040,4.92000,12.900,5802,1.8866,46.62
Kepler-638 b,Kepler-638,0.06695,1.830,5382,3.4011,991.21
Kepler-375 b,Kepler-375,0.10100,1.450,5826,0.68742,1238.81
Kepler-1590 b,Kepler-1590,0.07116,1.140,6053,1.1571,771.15
Kepler-666 b,Kepler-666,0.05420,2.400,5887,1.5193,1508.71
Kepler-586 b,Kepler-586,0.03310,2.790,5575,0.72279,693.77
HD 180053 b,HD 180053,0.84300,13.300,5131,12.559,137.04
Kepler-1827 b,Kepler-1827,0.04647,1.856,5423,1.5382,686.46
Kepler-83 b,Kepler-83,0.07295,2.830,4082,0.079001,400.41
TOI-1410 c,TOI-1410,0.23900,5.630,4635,0.239,72.75
Kepler-578 b,Kepler-578,0.02660,2.000,5334,0.46036,541.43
TOI-3807 b,TOI-3807,0.04210,18.495,5772,2.15,421.75
Kepler-239 b,Kepler-239,0.09500,2.330,4914,0.33505,648.11
Kepler-1812 b,Kepler-1812,0.07650,2.325,6174,1.9049,1409.19
HD 191939 c,HD 191939,0.17520,3.195,5348,0.64999,53.61
Kepler-931 b,Kepler-931,0.07190,1.330,5241,0.44668,490.00
Kepler-501 c,Kepler-501,0.04670,1.681,5794,1.6457,1125.24
Kepler-1664 b,Kepler-1664,0.11370,3.033,5736,1.1223,626.69
WASP-105 b,WASP-105,0.07500,10.761,5070,0.94565,169.27
Kepler-58 b,Kepler-58,0.09291,2.780,5843,0.99033,969.25
GJ 887 b,GJ 887,0.06830,1.800,3688,0.0368,3.29
TOI-1759 b,TOI-1759,0.11770,3.140,4065,0.08767,40.07
HIP 70849 b,HIP 70849,3.99000,12.900,4105,0.089501,24.06
KOI-142 b,KOI-142,0.09586,3.438,5466,0.6838,376.86
Barnard c,Barnard's star,0.02740,0.743,3195,0.00355,1.83
HATS-62 b,HATS-62,0.04163,11.825,5416,0.671,523.07
Kepler-1350 c,Kepler-1350,0.02220,1.730,3827,0.052071,340.69
TOI-1410.01,TOI-1410,0.02070,3.101,4635,0.239,72.75
TOI-5110 b,TOI-5110,0.21570,11.982,6160,7.0301,392.26
GJ 229 A c,GJ 229,0.38400,2.870,3564,0.028,5.76
Kepler-341 c,Kepler-341,0.08000,1.700,6012,1.3403,1047.03
TOI-791 c,TOI-791,0.86300,12.946,6294,3.7707,341.22
Kepler-590 b,Kepler-590,0.06470,4.020,6000,3,1421.81
HD 180902 b,HD 180902,1.40000,13.500,4961,9.4,104.58
Qatar-7 b,Qatar-7,0.03520,19.055,6387,3.66,705.98
TOI-5624 e,TOI-5624,0.14390,3.247,5327,0.486,101.91
Kepler-764 b,Kepler-764,0.07240,1.640,5557,0.73107,1047.84
TOI-7166 b,TOI-7166,0.06191,2.010,3099,0.004103,35.42
TOI-6695 b,TOI-6695,0.40200,9.528,6400,3.47,282.54
GJ 3998 b,GJ 3998,0.03000,1.390,3726,0.043853,18.15
Kepler-656 b,Kepler-656,0.02231,3.120,5281,0.50276,890.35
Kepler-751 b,Kepler-751,0.12630,2.460,5387,0.54449,760.43
HD 207496 b,HD 207496,0.06290,2.250,4819,0.31004,23.61
Kepler-276 d,Kepler-276,0.24666,2.800,5693,0.8138,1144.86
WASP-37 b,WASP-37,0.04460,13.002,5800,0.9528,392.79
Kepler-122 f,Kepler-122,0.28575,1.750,5917,1.8618,1027.45
Kepler-397 c,Kepler-397,0.48000,6.180,5307,0.42073,969.00
Kepler-1503 b,Kepler-1503,0.37710,2.270,5069,0.71783,1225.57
TOI-1776 b,TOI-1776,0.03780,1.216,5785,0.88499,44.65
Kepler-1781 b,Kepler-1781,0.05740,2.381,5568,0.43563,962.63
HAT-P-40 b,HAT-P-40,0.06080,17.038,6080,5.9979,464.47
HD 81688 b,HD 81688,0.64800,13.500,4797,60.3,85.72
K2-19 d,K2-19,0.03478,1.044,5350,0.51055,289.83
Kepler-1309 b,Kepler-1309,0.16790,2.370,5235,0.24933,845.00
HD 169830 c,HD 169830,3.07500,12.600,6300,4.592,37.60
TOI-2525 b,TOI-2525,0.15110,8.676,5096,0.363,395.40
Kepler-57 c,Kepler-57,0.09588,2.196,5188,0.45456,644.14
Kepler-1300 b,Kepler-1300,0.16005,1.370,6130,4.3272,777.02
K2-104 b,K2-104,0.02420,1.790,3712,0.0368,189.29
KOI-134 b,KOI-134,0.36300,12.038,6160,4.2,1159.21
TOI-1768.01,TOI-1768,0.07638,3.453,5994,1.3964,157.60
HD 150706 b,HD 150706,6.70000,13.300,5961,1.0758,28.27
HR 8799 e,HR 8799,16.40000,13.115,7400,5.4134,41.24
Kepler-770 b,Kepler-770,0.16940,2.300,5598,1.1324,930.46
HD 95089 b,HD 95089,1.36000,13.700,4918,13.5,136.96
HIP 10090 c,HIP 10090,0.90000,13.900,5661,1.6085,82.39
Kepler-1600 c,Kepler-1600,0.06961,1.942,5119,0.45767,1030.81
TOI-1782.01,TOI-1782,0.05024,2.368,4336,0.1424,95.26
Kepler-855 b,Kepler-855,0.07620,8.350,5835,2.153,1506.58
Kepler-24 e,Kepler-24,0.13800,2.780,5897,1.1588,1156.81
Kepler-1435 b,Kepler-1435,0.05456,0.860,6356,2.9397,704.21
Kepler-1771 b,Kepler-1771,0.38150,4.055,5661,0.80835,565.75
Kepler-338 b,Kepler-338,0.11700,2.440,5923,3.8521,552.80
HD 5583 b,HD 5583,0.53000,12.800,4830,40.738,219.22
HD 188641 b,HD 188641,12.02700,11.900,5897,4.1221,64.34
K2-39 b,K2-39,0.05708,6.277,4881,4.7216,307.47
Kepler-1872 b,Kepler-1872,0.04650,2.384,5223,0.31216,840.18
GSC 06214-00210 b,GSC 06214-00210,320.00000,20.176,4200,0.38019,108.50
K2-130 b,K2-130,0.03200,1.250,4356,0.15888,118.01
HD 89839 b,HD 89839,4.71300,12.800,6314,2.3702,57.31
Kepler-106 e,Kepler-106,0.24006,2.560,5858,1.2093,444.32
Kepler-430 c,Kepler-430,0.47570,1.750,5884,2.0515,917.48
Ross 508 b,Ross 508,0.05366,1.830,3071,0.003589,11.21
Kepler-869 b,Kepler-869,0.22440,3.610,5664,0.77541,939.46
GJ 2126 b,GJ 2126,0.71000,13.600,4159,0.1428,38.13
HATS-72 b,HATS-72,0.06652,8.097,4656,0.2193,127.59
WASP-46 b,WASP-46,0.02335,13.159,5600,0.77423,375.31
Kepler-932 b,Kepler-932,0.02876,1.370,5331,0.47669,465.61
HD 1605 b,HD 1605,1.49200,13.800,4915,6.4565,88.80
Kepler-1206 b,Kepler-1206,0.02010,1.640,4877,0.24012,762.02
Kepler-520 b,Kepler-520,0.14628,1.660,6112,3.2383,623.90
Kepler-27 c,Kepler-27,0.19100,4.900,5400,0.46837,1044.36
Kepler-1250 b,Kepler-1250,0.03930,1.920,5717,2.2006,2126.85
TOI-2141 b,TOI-2141,0.13220,3.147,5635,0.89125,77.68
GJ 317 b,GJ 317,1.13800,13.300,3496,0.020576,15.20
Kepler-1851 b,Kepler-1851,0.10160,3.900,5982,1.1483,1589.81
Kepler-350 b,Kepler-350,0.10400,1.850,6186,2.6818,956.86
K2-414 c,K2-414,0.05520,1.929,4343,0.19707,260.04
K2-148 b,K2-148,0.04540,1.330,4079,0.101,124.46
Kepler-633 b,Kepler-633,0.08185,1.630,5899,1.4454,680.54
Kepler-61 b,Kepler-61,0.24861,2.150,4017,0.107,335.08
TOI-4562 b,TOI-4562,0.76800,12.530,6096,1.79,339.61
Kepler-1154 c,Kepler-1154,0.08750,2.360,6327,2.8297,1460.10
Kepler-241 c,Kepler-241,0.18900,2.570,4699,0.24701,512.00
Kepler-863 b,Kepler-863,0.12200,2.900,5678,1.6411,1499.66
CoRoT-35 b,CoRoT-35,0.04290,18.831,6390,2.3039,1123.21
Kepler-1127 b,Kepler-1127,0.05560,1.960,5664,0.55067,842.46
Kepler-51 d,Kepler-51,0.50900,9.700,6018,0.72161,783.83
Kepler-1234 b,Kepler-1234,0.09600,2.810,4967,0.35167,916.75
HAT-P-27 b,HAT-P-27,0.04000,11.430,5316,0.53795,199.17
Kepler-1934 b,Kepler-1934,0.02466,0.913,5925,1.2838,428.51
GJ 3090 b,GJ 3090,0.03160,2.180,3707,0.0455,22.48
Kepler-1344 b,Kepler-1344,0.05501,1.840,5981,1.3996,853.96
Kepler-1124 b,Kepler-1124,0.03050,1.280,3658,0.047482,289.90
Kepler-117 c,Kepler-117,0.28040,12.341,6150,3.4495,1455.57
K2-97 b,K2-97,0.08540,13.451,4673,7.36,878.43
TOI-199 c,TOI-199,0.80700,11.400,5255,0.459,102.27
Kepler-1581 b,Kepler-1581,0.06865,0.800,6022,2.4595,493.18
TOI-206 b,TOI-206,0.01120,1.300,3383,0.014595,47.75
BD+48 740 b,BD+48 740,1.70000,13.500,4534,43.652,666.59
HD 4308 b,HD 4308,0.12000,4.120,5686,0.99083,22.02
Kepler-1403 b,Kepler-1403,0.06400,2.140,6060,2.3555,2163.90
TOI-707 b,TOI-707,0.27500,2.416,5424,0.779,130.96
Kepler-546 b,Kepler-546,0.05020,7.000,5967,1.8645,1019.65
Kepler-299 d,Kepler-299,0.11800,1.860,5617,0.90465,1052.24
GJ 3929 b,GJ 3929,0.02520,1.090,3384,0.0109,15.81
TOI-283 b,TOI-283,0.12300,2.340,5213,0.46,82.70
Kepler-236 b,Kepler-236,0.06500,1.570,3750,0.059,288.76
HIP 8541 b,HIP 8541,3.72900,12.600,4672,20.417,155.12
HD 92788 c,HD 92788,10.50000,13.000,5744,1.0471,34.65
Kepler-310 b,Kepler-310,0.11100,1.190,5797,0.57632,602.27
Kepler-1886 b,Kepler-1886,0.16000,2.582,5745,0.69022,1059.51
HD 207832 c,HD 207832,2.11200,14.000,5710,0.77268,58.93
HD 3167 c,HD 3167,0.17940,2.983,5338,0.55301,47.29
HAT-P-49 b,HAT-P-49,0.04378,17.822,6820,6.5163,350.35
TOI-6019 b,TOI-6019,0.12120,12.300,5561,3.3723,260.34
16 Cyg B b,16 Cyg B,1.66000,13.500,5750,1.2511,21.14
Kepler-522 b,Kepler-522,0.25029,6.910,6392,4.5136,639.24
Kepler-1467 b,Kepler-1467,0.23880,3.300,5332,0.44615,852.89
Kepler-758 c,Kepler-758,0.05768,1.690,6228,3.6543,1502.32
Kepler-19 b,Kepler-19,0.08460,2.209,5541,0.69094,218.56
Kepler-1102 b,Kepler-1102,0.27310,2.660,5724,1.3781,1246.05
HD 72659 c,HD 72659,21.50000,12.100,5929,2.3658,51.89
HD 174205 b,HD 174205,1.70000,13.000,4308,239,234.03
HD 110067 c,HD 110067,0.10390,2.388,5266,0.43427,32.16
Kepler-617 b,Kepler-617,0.02190,1.320,3712,0.049537,173.35
Kepler-371 c,Kepler-371,0.31300,1.780,5666,1.7536,813.19
Kepler-265 e,Kepler-265,0.31900,2.590,5835,1.0127,1280.25
Kepler-1610 c,Kepler-1610,0.23230,2.090,5295,0.32892,864.33
Qatar-2 b,Qatar-2,0.02153,14.056,4645,0.2074,181.37
HD 222076 b,HD 222076,1.83000,13.500,4806,8.5,91.15
HD 98736 b,HD 98736,1.86400,13.300,5271,0.60256,32.45
HD 40979 b,HD 40979,0.85000,12.900,6165,1.9524,34.09
TOI-286 b,TOI-286,0.05030,1.420,5152,0.3858,59.23
Kepler-750 c,Kepler-750,0.05009,1.620,6160,2.2065,1296.02
Kepler-282 b,Kepler-282,0.08200,1.010,5602,1.2761,1337.61
Kepler-278 c,Kepler-278,0.28700,3.268,4965,4.46,443.03
GJ 180 d,GJ 180,0.30900,2.660,3371,0.013,11.94
HD 1461 c,HD 1461,0.11170,2.230,5765,1.2457,23.45
Kepler-1248 b,Kepler-1248,0.08060,1.180,6149,1.888,593.03
K2-275 b,K2-275,0.02770,2.340,4841,0.25508,123.44
HD 74156 b,HD 74156,0.28000,13.500,6068,2.5162,57.60
Kepler-267 c,Kepler-267,0.06000,2.130,4258,0.059,264.99
K2-86 b,K2-86,0.07700,1.960,5482,0.41105,258.70
V830 Tau b,V830 Tau,0.05700,14.000,4250,1.2023,130.11
Kepler-377 c,Kepler-377,0.18200,2.060,5949,1.6503,823.80
Proxima Cen d,Proxima Cen,0.02881,0.692,2900,0.00151,1.30
HD 15906 b,HD 15906,0.09000,2.240,4757,0.27,45.56
HD 196050 b,HD 196050,2.65000,12.900,5879,1.8197,50.67
TOI-1279 b,TOI-1279,0.08500,2.661,5457,0.57101,107.06
K2-326 b,K2-326,0.01980,2.280,3924,0.10512,282.31
Kepler-606 b,Kepler-606,0.17000,3.310,6161,1.7961,1215.11
Kepler-1575 b,Kepler-1575,0.03660,1.310,5667,0.91799,1246.92
Kepler-729 b,Kepler-729,0.04320,3.580,5633,1.8254,1921.15
Kepler-1995 b,Kepler-1995,0.32590,4.280,5029,0.27823,595.33
Kepler-1434 b,Kepler-1434,0.09170,1.110,6291,7.2852,775.53
Kepler-82 c,Kepler-82,0.26260,5.340,5401,0.65303,904.33
Kepler-1538 b,Kepler-1538,0.60950,2.820,5837,0.82232,1125.30
K2-187 b,K2-187,0.01640,1.200,5438,0.63669,330.92
Kepler-464 b,Kepler-464,0.07931,3.300,5933,3.0464,667.60
61 Vir b,61 Vir,0.05020,2.110,5577,0.80353,8.50
Kepler-1782 b,Kepler-1782,0.05825,2.229,4931,0.27782,305.79
Kepler-1580 b,Kepler-1580,0.33571,2.110,6228,8.4388,1002.02
Kepler-198 d,Kepler-198,0.02342,1.530,5636,0.77822,495.36
Kepler-1737 b,Kepler-1737,0.29700,5.395,5043,0.4529,
TOI-1807 b,TOI-1807,0.01220,1.497,4914,0.293,42.58
Kepler-134 c,Kepler-134,0.09200,1.260,5983,1.1495,334.80
TOI-1860 b,TOI-1860,0.02040,1.310,5752,0.80399,45.86
Kepler-132 c,Kepler-132,0.06800,1.280,6003,1.6255,349.55
GJ 3942 b,GJ 3942,0.06080,2.570,3867,0.075858,16.93
Kepler-26 b,Kepler-26,0.08551,2.780,3914,0.087,335.31
Kepler-1589 b,Kepler-1589,0.02050,1.090,6166,2.1347,1513.14
GJ 581 c,GJ 581,0.07180,2.500,3500,0.012365,6.30
HD 196885 A b,HD 196885 A,2.37000,13.200,6254,2.3988,34.17
TOI-5592 b,TOI-5592,0.03935,17.150,6237,2.64,597.03
Kepler-188 c,Kepler-188,0.06600,3.190,6021,1.0826,968.54
HIP 65407 c,HIP 65407,0.31600,13.900,5460,0.65158,61.78
KOI-1831 d,Kepler-324,0.19924,1.130,5233,0.49176,501.57
Kepler-279 c,Kepler-279,0.22360,4.300,6689,3.3022,1037.40
TOI-1444 b,TOI-1444,0.01160,1.418,5460,0.66701,125.46
Kepler-329 c,Kepler-329,0.11300,1.930,4257,0.107,439.72
Kepler-487 d,Kepler-487,0.03445,2.775,5422,0.67191,872.34
HD 43691 b,HD 43691,0.23800,13.200,6093,3.1623,85.60
Kepler-797 b,Kepler-797,0.18100,2.170,5680,2.9494,1315.26
Kepler-199 c,Kepler-199,0.31600,3.250,5644,0.80011,521.05
HATS-8 b,HATS-8,0.04667,9.785,5679,0.94363,794.64
KOI-1783.01,KOI-1783,0.52661,8.860,5922,1.6331,865.73
KELT-16 b,KELT-16,0.02044,15.861,6236,2.52,444.59
Kepler-1681 b,Kepler-1681,0.32000,2.553,5756,0.50898,758.30
Kepler-780 b,Kepler-780,0.01500,0.890,5769,1.0397,557.65
Kepler-1572 b,Kepler-1572,0.05838,0.940,5618,2.3586,946.60
Kepler-1389 b,Kepler-1389,0.38249,1.770,5078,0.29227,497.09
Kepler-251 d,Kepler-251,0.18200,2.770,5526,0.67302,924.62
Kepler-127 d,Kepler-127,0.28000,2.640,6106,2.5498,352.79
CoRoT-12 b,CoRoT-12,0.04016,16.140,5675,1.1749,1126.37
Kepler-1256 b,Kepler-1256,0.10733,1.490,6129,2.6812,891.19
G 264-012 b,G 264-012,0.02279,1.390,3326,0.01066,16.01
GJ 143 b,GJ 143,0.19150,2.610,4640,0.20597,16.32
K2-10 b,K2-10,0.13700,3.773,5533,0.79272,272.36
Kepler-182 b,Kepler-182,0.09600,2.580,6250,2.2063,1549.09
TOI-1659.01,TOI-1659,0.06576,2.255,5977,1.1629,122.49
TOI-237 c,TOI-237,0.01600,1.206,3226,0.0041,38.07
Kepler-564 b,Kepler-564,0.04840,4.630,5626,0.86224,863.04
Kepler-878 b,Kepler-878,0.16500,1.930,5044,0.66938,791.62
Kepler-228 b,Kepler-228,0.03800,1.530,6043,1.2917,1644.61
HD 6434 b,HD 6434,0.14000,14.200,5769,1.122,42.36
CoRoT-7 b,CoRoT-7,0.01702,1.681,5275,0.51359,159.91
TOI-2969 b,TOI-2969,0.02610,12.330,4738,0.26,164.00
Kepler-610 c,Kepler-610,0.55940,3.300,5943,0.77564,845.82
Kepler-1473 b,Kepler-1473,0.11606,1.190,6046,1.5616,652.25
Kepler-447 b,Kepler-447,0.07690,18.490,5493,0.64555,268.04
Kepler-290 d,Kepler-290,0.01540,0.860,5142,0.25947,694.63
HD 34445 e,HD 34445,0.26870,4.260,5836,2.01,46.09
Kepler-384 c,Kepler-384,0.23600,1.130,5577,2.4882,895.68
HD 120084 b,HD 120084,4.21000,12.700,4879,54.68,103.04
Kepler-468 b,Kepler-468,0.22130,13.340,5498,0.51754,442.87
Kepler-191 b,Kepler-191,0.08700,1.340,5282,0.38503,594.46
GJ 680 b,GJ 680,10.13800,12.000,3563,0.030634,9.67
Kepler-917 b,Kepler-917,0.03780,1.910,5418,5.8039,3460.51
TOI-1422 b,TOI-1422,0.10700,3.830,5840,1.116,155.14
Kepler-980 b,Kepler-980,0.09993,2.670,5935,1.8273,961.47
HATS-59 b,HATS-59,0.06112,12.621,5670,0.99001,642.88
HD 73267 c,HD 73267,12.68800,12.800,5387,0.78343,50.41
Kepler-580 b,Kepler-580,0.06830,2.570,4298,0.12698,323.90
HD 152843 c,HD 152843,0.14820,5.940,6310,2.8179,107.90
HD 217786 c,HD 217786,0.03800,2.610,5966,1.89,55.48
HR 8799 c,HR 8799,38.00000,13.000,7205,4.9201,41.24
TOI-4342 b,TOI-4342,0.05190,2.329,3866,0.075,61.52
Kepler-193 c,Kepler-193,0.28600,2.750,6335,1.2577,1009.10
K2-269 b,K2-269,0.05310,1.570,6209,2.9367,360.76
KOI-12 b,KOI-12,0.15400,13.787,6635,4.2311,399.40
Kepler-1773 b,Kepler-1773,0.24831,3.505,6183,2.5388,681.25
NGTS-16 b,NGTS-16,0.05230,14.572,5550,1.3101,898.17
Kepler-637 b,Kepler-637,0.16619,4.750,6096,2.4126,786.09
HD 113337 c,HD 113337,6.80500,12.100,6774,4.29,36.18
K2-30 b,K2-30,0.04839,11.646,5425,0.554,333.04
Kepler-1675 b,Kepler-1675,0.32185,3.125,5853,1.347,651.12
Kepler-1788 b,Kepler-1788,0.03430,2.379,4786,0.24516,560.45
Kepler-497 b,Kepler-497,0.04570,6.040,5834,1.7871,1291.98
Kepler-179 c,Kepler-179,0.06400,2.000,5302,0.52765,605.68
HD 87646 b,HD 87646,0.11700,12.400,5770,9.1142,73.58
Kepler-139 e,Kepler-139,3.23580,13.700,5622,1.0375,391.04
HD 29985 b,HD 29985,13.39000,12.800,4678,0.14249,31.27
Kepler-668 b,Kepler-668,0.07680,2.700,5352,0.40136,784.62
Kepler-56 d,Kepler-56,2.16000,12.800,4819,8.0269,912.99
Kepler-205 b,Kepler-205,0.03200,1.510,4321,0.11062,159.72
Kepler-1156 b,Kepler-1156,0.09704,1.320,5778,0.85503,691.33
HR 858 c,HR 858,0.06870,1.979,6354,2.31,31.96
Kepler-989 b,Kepler-989,0.07340,2.210,5074,0.37421,491.98
HD 165155 b,HD 165155,1.13000,13.200,5426,0.7,63.36
HD 22946 d,HD 22946,0.29580,2.607,6169,1.6188,62.78
HD 13908 b,HD 13908,0.15400,13.900,6255,3.9994,79.55
Kepler-1446 b,Kepler-1446,0.01405,0.820,4865,0.22318,152.07
Kepler-1697 b,Kepler-1697,0.20080,1.260,4682,0.25815,247.77
HD 11112 b,HD 11112,13.38000,12.600,5906,2.38,44.38
Kepler-674 b,Kepler-674,0.02800,1.690,4192,0.12398,342.25
Kepler-1269 b,Kepler-1269,0.23611,1.630,5998,3.595,1097.23
Kepler-1576 b,Kepler-1576,0.07211,1.040,5876,0.86439,460.91
Kepler-1796 b,Kepler-1796,0.18790,2.750,6036,1.312,825.88
Kepler-972 b,Kepler-972,0.07340,4.650,6146,1.5534,1198.03
Kepler-1508 b,Kepler-1508,0.16290,1.330,6158,3.4445,1260.28
Kepler-293 c,Kepler-293,0.28600,3.830,5804,0.58526,974.63
AF Lep b,AF Lep,8.99600,13.000,6140,1.9498,26.86
Kepler-873 b,Kepler-873,0.15420,3.750,6163,1.363,1182.22
TOI-125 d,TOI-125,0.13700,2.930,5320,0.519,111.06
Kepler-669 b,Kepler-669,0.05290,4.830,6038,2.2818,2063.41
Kepler-783 b,Kepler-783,0.04958,0.780,5521,0.5876,516.09
Kepler-142 d,Kepler-142,0.24200,2.160,5790,1.2796,548.69
Kepler-1297 b,Kepler-1297,0.02830,0.970,5818,2.0041,1439.47
HATS-6 b,HATS-6,0.03623,11.187,3724,0.079464,169.32
HD 126525 b,HD 126525,1.83700,10.300,5638,0.91138,37.65
Kepler-319 d,Kepler-319,0.19100,2.290,5526,0.65893,503.44
Kepler-1427 b,Kepler-1427,0.01970,1.100,5793,1.0366,1220.00
Kepler-1959 b,Kepler-1959,0.06170,1.143,5071,0.33601,479.26
HD 109271 b,HD 109271,0.07900,4.310,5783,1.9999,55.87
HD 100546 b,HD 100546,53.00000,77.342,10500,31.623,109.68
HD 158996 b,HD 158996,2.10000,12.300,4069,1034.7,283.66
Kepler-1264 b,Kepler-1264,0.01839,1.180,5791,0.88156,801.99
HD 100777 b,HD 100777,1.06000,13.700,5533,1.05,49.53
Kepler-553 b,Kepler-553,0.04766,4.741,5191,0.53599,728.52
HD 31527 c,HD 31527,0.26630,3.850,5898,1.2,38.45
K2-44 b,K2-44,0.06000,2.433,5912,2.6896,476.70
Kepler-1955 b,Kepler-1955,0.11959,1.167,5825,1.6969,449.35
Kepler-537 b,Kepler-537,0.04317,1.410,5763,0.91466,439.40
HD 217786 b,HD 217786,2.44600,12.300,5966,1.89,55.48
Kepler-1968 b,Kepler-1968,0.06960,1.500,5008,0.22402,750.93
Kepler-322 c,Kepler-322,0.05100,1.670,5388,0.51539,400.48
OGLE-TR-132 b,OGLE-TR-132,0.03035,13.450,6210,2.3496,2012.62
Kepler-1684 b,Kepler-1684,0.22530,2.871,4707,0.19653,622.00
HATS-66 b,HATS-66,0.04714,15.816,6626,5.8501,1477.98
Kepler-171 b,Kepler-171,0.05000,2.340,5642,0.83335,863.86
Kepler-1021 b,Kepler-1021,0.10340,2.330,5431,0.5148,810.08
Kepler-1399 b,Kepler-1399,0.02760,1.250,5735,1.0223,1385.70
K2-319 b,K2-319,0.15160,2.790,5440,0.5788,209.07
Kepler-414 c,Kepler-414,0.07195,3.010,5536,0.67738,413.46
HD 210193 b,HD 210193,1.48700,14.300,5790,1.1371,42.20
Kepler-1952 b,Kepler-1952,0.17240,1.239,5973,1.9543,852.06
HD 34445 f,HD 34445,1.54300,6.880,5836,2.01,46.09
V0391 Peg b,V0391 Peg,1.70000,13.100,29300,27.094,1195.98
Kepler-1633 b,Kepler-1633,0.38750,1.580,6256,4.4265,1114.91
HAT-P-13 c,HAT-P-13,1.25800,12.300,5653,2.2182,246.81
Kepler-242 c,Kepler-242,0.10900,2.000,5020,0.24397,600.24
Qatar-5 b,Qatar-5,0.04127,12.408,5747,1.138,367.66
K2-132 b,K2-132,0.09160,14.572,4840,8.7799,609.82
Kepler-399 c,Kepler-399,0.15500,1.430,5502,0.38194,740.54
WASP-76 b,WASP-76,0.03300,20.781,6329,4.51,194.46
KELT-15 b,KELT-15,0.04613,19.504,6003,2.58,324.68
Kepler-1130 b,Kepler-1130,0.05963,0.800,5403,0.55,249.34
K2-290 c,K2-290,0.30500,11.276,6302,2.6324,272.91
Kepler-1367 b,Kepler-1367,0.02360,0.920,4106,0.12449,401.48
DMPP-2 c,DMPP-2,0.04789,8.260,6500,1.27,137.94
Kepler-1716 b,Kepler-1716,0.18836,2.425,4894,0.23789,195.44
TOI-1716.01,TOI-1716,0.08050,3.143,5879,1.6415,104.16
Kepler-1038 c,Kepler-1038,0.06920,1.416,5159,0.43451,584.14
HD 109271 c,HD 109271,0.19600,5.270,5783,1.9999,55.87
HATS-41 b,HATS-41,0.05830,14.908,6424,4.5,737.67
HD 45350 b,HD 45350,1.92000,13.500,5566,1.3825,46.87
GJ 3323 b,GJ 3323,0.03282,1.230,3159,0.0027,5.37
Kepler-682 b,Kepler-682,0.10580,7.370,5559,3.0195,1979.25
HD 284149 AB b,HD 284149 A,431.16000,12.000,6035,2.2,117.81
HATS-77 b,HATS-77,0.03607,13.058,4071,0.1019,436.18
WASP-142 b,WASP-142,0.03470,17.150,6010,3.2602,730.93
Kepler-597 b,Kepler-597,0.10916,2.370,5683,0.92598,663.42
HD 29021 b,HD 29021,2.29400,12.900,5560,0.65901,30.99
GJ 682 b,GJ 682,0.08000,1.930,3028,0.002,5.01
HD 168443 c,HD 168443,2.84200,12.200,5491,2.4125,39.62
WASP-53 b,WASP-53,0.04101,12.038,4953,0.344,201.34
Kepler-1857 b,Kepler-1857,0.08308,1.961,6074,1.604,853.27
Kepler-342 c,Kepler-342,0.18500,1.960,6175,2.8409,781.61
Kepler-1251 b,Kepler-1251,0.24780,1.840,5545,0.70366,902.20
KOI-94 b,KOI-94,0.05119,1.710,6182,3.013,477.05
TOI-5624 f,TOI-5624,0.23660,3.660,5327,0.486,101.91
Kepler-242 b,Kepler-242,0.07500,2.610,5020,0.24397,600.24
TOI-220 b,TOI-220,0.08911,3.030,5298,0.54115,90.74
Kepler-374 d,Kepler-374,0.05600,1.310,5977,1.8808,1265.61
Kepler-1870 b,Kepler-1870,0.04520,2.101,5508,0.59461,407.22
Kepler-258 b,Kepler-258,0.10300,4.060,4942,0.26582,575.99
WASP-8 b,WASP-8,0.08010,12.666,5600,0.87591,89.96
Kepler-1339 b,Kepler-1339,0.02356,0.710,5586,1.5405,371.05
HD 106252 b,HD 106252,2.65500,12.500,5874,1.328,38.19
HD 102956 b,HD 102956,0.08070,13.800,4985,11.6,121.89
K2-128 b,K2-128,0.05600,1.420,4470,0.1508,114.64
Kepler-244 b,Kepler-244,0.05000,2.760,5554,0.55438,1036.49
TOI-4087 b,TOI-4087,0.04469,13.047,6060,1.5,301.68
HAT-P-66 b,HAT-P-66,0.04363,17.822,6002,4.12,935.46
DMPP-9 b,DMPP-9,0.10970,3.890,6092,2.1252,109.54
HD 101581 c,HIP 56998,0.05730,0.990,4675,0.16525,12.78
HD 20329 b,HD 20329,0.01800,1.720,5596,1.12,63.68
Kepler-1292 b,Kepler-1292,0.04430,1.820,5556,0.81188,1493.43
Kepler-1906 b,Kepler-1906,0.07380,2.776,5868,1.7464,1360.63
GJ 876 e,GJ 876,0.33430,3.920,3294,0.0124,4.68
TOI-1052 c,TOI-1052,0.22630,6.480,6146,2.4195,129.80
HAT-P-29 b,HAT-P-29,0.06670,13.115,6087,2.05,313.58
YZ Cet c,YZ Cet,0.02156,1.050,3151,0.002195,3.71
Kepler-434 b,Kepler-434,0.11430,12.670,5977,2.138,1222.54
HD 11755 b,HD 11755,1.09000,12.800,4312,147.68,235.04
Kepler-1471 b,Kepler-1471,0.04530,1.410,5660,0.63248,978.68
HD 128717 b,HD 128717,4.85000,12.100,6210,2.0989,73.64
HAT-P-46 b,HAT-P-46,0.05770,14.392,6120,2.4604,290.74
TOI-1244 b,TOI-1244,0.06069,2.467,4599,0.235,102.55
HD 39855 b,HD 39855,0.04100,2.850,5576,0.48278,23.26
BD-11 4672 c,BD-11 4672,0.30000,4.040,4550,0.157,27.17
Kepler-1442 b,Kepler-1442,0.40814,3.930,6394,4.4781,608.68
Kepler-292 d,Kepler-292,0.06800,2.230,5299,0.46035,1056.48
V1298 Tau e,V1298 Tau,0.26890,10.170,4970,0.954,108.20
HD 47186 c,HD 47186,2.39500,13.000,5657,1.104,37.46
Kepler-692 b,Kepler-692,0.14950,3.110,5440,0.58417,991.34
Kepler-1193 b,Kepler-1193,0.04004,1.320,5908,2.2423,802.12
HD 75784 c,HD 75784,8.40000,12.800,4867,5.7016,85.43
Kepler-838 b,Kepler-838,0.12660,2.730,5770,0.79676,1104.04
81 Cet b,81 Cet,2.10400,13.100,4734,57.58,101.26
Kepler-1058 b,Kepler-1058,0.36790,2.720,4644,0.48271,492.00
TOI-4214 b,TOI-4214,0.05018,10.682,6370,3.04,346.88
Kepler-391 b,Kepler-391,0.08300,2.500,5038,4.6,869.24
Kepler-698 b,Kepler-698,0.12550,3.680,5612,2.4457,1995.57
TOI-3877 b,TOI-3877,0.05290,11.680,5731,2.03,493.77
Kepler-409 b,Kepler-409,0.31920,1.199,5421,0.62804,68.17
Kepler-273 b,Kepler-273,0.03700,1.500,5626,0.45605,713.96
HIP 41378 b,HIP 41378,0.13030,2.640,6290,2.4915,106.29
Kepler-636 b,Kepler-636,0.11850,4.450,5203,0.42267,310.30
Kepler-1914 b,Kepler-1914,0.19540,2.943,5982,1.1948,1621.56
HD 200964 b,HD 200964,1.56500,13.500,4982,11.588,72.59
pi Men c,HD 39091,0.06839,2.019,5998,1.44,18.27
Kepler-150 c,Kepler-150,0.07300,3.690,5560,0.68959,891.09
HATS-43 b,HATS-43,0.04944,13.227,5099,0.4,362.27
TOI-1437 b,TOI-1437,0.14000,2.240,6008,1.926,103.30
Kepler-685 b,Kepler-685,0.02650,10.580,5963,0.88842,938.72
K2-89 b,K2-89,0.01462,0.615,3691,0.047149,86.04
WASP-49 b,WASP-49,0.03790,12.442,5600,0.88432,194.55
Kepler-1699 b,Kepler-1699,0.04180,1.567,5576,0.45814,818.76
HAT-P-13 b,HAT-P-13,0.04383,14.258,5653,2.2182,246.81
Kepler-1152 b,Kepler-1152,0.02230,0.870,3964,0.080042,215.23
HD 30669 b,HD 30669,2.69000,14.300,5400,0.71446,58.08
HD 155918 c,HD 155918,13.18300,12.800,5772,1.0384,27.56
Kepler-1391 b,Kepler-1391,0.30045,1.680,5840,2.7504,1038.35
TOI-2406 b,TOI-2406,0.02267,2.860,3100,0.00345,55.42
Kepler-25 c,Kepler-25,0.11170,5.217,6354,2.64,243.25
Kepler-1813 b,Kepler-1813,0.03640,1.413,5167,0.39811,
Kepler-156 b,Kepler-156,0.05400,2.300,5094,0.3632,443.48
Kepler-477 b,Kepler-477,0.09110,2.070,5240,0.42462,367.00
WASP-66 b,WASP-66,0.05460,15.693,6600,4.3375,500.26
Kepler-275 b,Kepler-275,0.09800,2.340,6165,2.8141,2034.25
HATS-64 b,HATS-64,0.06562,18.820,6554,7.37,1080.15
TOI-2876 b,TOI-2876,0.06540,9.640,5271,0.52901,225.74
Kepler-80 f,Kepler-80,0.01750,1.210,4540,0.17,369.45
Kepler-397 b,Kepler-397,0.14400,2.460,5307,0.42073,969.00
Kepler-967 b,Kepler-967,0.10270,2.350,5178,0.19161,568.55
HIP 94235 b,HIP 94235,0.07870,3.000,5991,1.3727,58.51
HD 95735 c,GJ 411,2.94000,3.760,3719,0.0195,5.68
HD 126614 b,HD 126614,2.24900,12.700,5568,1.21,73.10
G 261-6 b,G 261-6,0.02971,1.100,2907,0.0015093,10.63
KOI-351 c,KOI-351,0.08900,1.190,6080,1.8558,848.25
Kepler-610 b,Kepler-610,0.07190,4.190,5943,0.77564,845.82
K2-278 b,K2-278,0.04880,2.980,6747,2.5042,786.44
HIP 111909 b,HIP 111909,1.32000,13.700,4891,10.471,88.08
Kepler-33 e,Kepler-33,0.21380,4.020,5904,3.5975,1209.16
Kepler-1932 b,Kepler-1932,0.01230,1.515,5278,0.44472,713.73
HD 90156 b,HD 90156,0.25000,4.430,5599,0.72,21.95
TOI-2068 b,TOI-2068,0.06320,1.821,3710,0.0489,52.93
Kepler-1382 b,Kepler-1382,0.14023,1.880,6161,3.7347,738.26
Kepler-123 b,Kepler-123,0.13500,2.940,6089,2.5676,1021.66
Kepler-1890 b,Kepler-1890,0.05712,0.869,6046,1.8474,529.60
Kepler-1030 b,Kepler-1030,0.13380,2.480,4983,0.27998,758.70
Kepler-112 b,Kepler-112,0.07600,2.360,5544,0.82012,513.21
Kepler-1077 b,Kepler-1077,0.21010,2.770,5816,1.0148,1101.42
Kepler-1451 b,Kepler-1451,0.21010,3.350,5782,0.75966,1058.72
Kepler-190 c,Kepler-190,0.04500,1.460,5106,0.36262,433.39
HD 153950 b,HD 153950,1.28000,13.200,6124,2.22,48.45
Kepler-1431 b,Kepler-1431,0.06480,1.470,5806,1.7518,1623.24
Kepler-1132 b,Kepler-1132,0.28810,2.350,5298,0.41869,867.93
HD 260655 b,HD 260655,0.02933,1.240,3803,0.03631,10.01
Kepler-216 c,Kepler-216,0.13600,3.040,6091,3.2988,1187.47
CoRoT-13 b,CoRoT-13,0.05100,9.920,5945,1.1834,1148.93
Kepler-413 b,Kepler-413,0.35530,4.347,4700,0.37159,847.54
HR 2562 b,HR 2562,22.20000,12.442,6597,3.3999,34.01
GJ 86 b,GJ 86,0.11000,12.900,5182,0.40783,10.78
GJ 849 b,GJ 849,2.32000,13.900,3467,0.025704,8.80
Kepler-1804 b,Kepler-1804,0.10170,1.596,5109,0.30795,434.46
Kepler-267 d,Kepler-267,0.15400,2.270,4258,0.059,264.99
HD 190360 d,HD 190360,0.38860,3.480,5560,1.1654,16.01
Kepler-1704 b,Kepler-1704,2.02700,11.949,5746,2.83,835.46
K2-95 b,K2-95,0.05250,3.310,3566,0.0232,179.85
Kepler-204 b,Kepler-204,0.11700,2.530,5812,1.0711,686.72
HD 23127 b,HD 23127,2.37000,13.500,5843,2.8298,93.86
Kepler-1188 b,Kepler-1188,0.13500,2.080,5913,2.4995,1717.48
TOI-4562 c,TOI-4562,5.21900,12.800,6096,1.79,339.61
HD 21411 b,HD 21411,0.36200,9.520,5605,0.54206,29.13
Kepler-239 c,Kepler-239,0.26800,2.510,4914,0.33505,648.11
TOI-201 c,TOI-201,4.37000,10.400,6423,2.61,113.83
Kepler-821 b,Kepler-821,0.02900,1.310,5191,0.43213,614.57
XO-5 b,XO-5,0.05150,12.780,5430,0.87096,276.21
GJ 9827 b,GJ 9827,0.01890,1.440,4236,0.099001,29.66
GJ 367 b,GJ 367,0.00710,0.736,3535,0.0288,9.41
Kepler-122 d,Kepler-122,0.15500,2.200,6050,1.8618,1027.45
NGTS-4 b,NGTS-4,0.01900,3.180,5143,0.4433,280.56
Kepler-1825 b,Kepler-1825,0.01870,1.422,5123,0.29405,430.25
Kepler-579 b,Kepler-579,0.08540,2.000,5636,0.48872,530.76
Kepler-55 e,Kepler-55,0.04800,1.550,4503,0.17249,578.80
Kepler-1717 b,Kepler-1717,0.20140,2.989,6200,3.9172,1008.79
HD 216770 b,HD 216770,0.46000,14.100,5399,0.79433,36.66
Kepler-1074 b,Kepler-1074,0.05360,1.250,4002,0.075734,250.82
TOI-6016 b,TOI-6016,0.05500,13.675,6110,2.89,364.71
Kepler-1278 b,Kepler-1278,0.04417,1.010,6074,2.3224,889.43
HD 106270 b,HD 106270,3.34000,12.400,5509,5.6999,93.81
Kepler-1558 b,Kepler-1558,0.04278,0.680,5101,0.33109,325.74
TOI-5720 b,TOI-5720,0.01829,1.090,3325,0.01615,35.83
Kepler-204 c,Kepler-204,0.17300,1.790,5812,1.0711,686.72
HAT-P-39 b,HAT-P-39,0.05090,17.609,6430,4.0458,697.00
Kepler-347 c,Kepler-347,0.18300,1.750,6088,2.1995,1298.88
Kepler-203 d,Kepler-203,0.10000,1.440,5821,1.2408,703.30
Kepler-786 b,Kepler-786,0.25483,2.430,4838,0.26093,485.32
WASP-43 b,WASP-43,0.01420,10.424,4400,0.14959,86.75
TOI-181 b,TOI-181,0.05390,6.956,4994,0.298,96.23
Kepler-1905 b,Kepler-1905,0.04510,1.446,5788,0.94345,1051.53
Kepler-1513 b,Kepler-1513,0.56971,8.594,5491,0.743,349.25
Kepler-230 c,Kepler-230,0.38000,2.040,5588,0.42871,740.75
HATS-16 b,HATS-16,0.03744,14.572,5738,1.49,757.04
Kepler-1091 b,Kepler-1091,0.02520,1.460,5851,1.2012,914.30
TOI-251 b,TOI-251,0.05741,2.740,5875,0.831,99.52
Kepler-1713 b,Kepler-1713,0.14185,1.717,6477,3.0618,295.29
K2-3 c,K2-3,0.13570,1.582,3844,0.0587,44.07
Kepler-295 b,Kepler-295,0.09900,1.220,5603,4.2608,1699.19
HATS-3 b,HATS-3,0.04850,15.480,6351,2.8576,411.21
Kepler-1121 b,Kepler-1121,0.11818,1.910,6231,2.985,482.05
Kepler-466 c,Kepler-466,0.04658,1.250,5927,0.85666,530.12
Kepler-197 c,Kepler-197,0.09000,1.230,6004,1.6667,330.57
CoRoT-36 b,CoRoT-36,0.06600,15.805,6730,6.4949,925.96
Kepler-402 d,Kepler-402,0.08700,1.380,6090,1.5977,625.34
TOI-1478 b,TOI-1478,0.08180,11.994,5597,0.971,152.89
GJ 832 b,GJ 832,3.70000,13.800,3472,0.026002,4.96
Barnard b,Barnard's star,0.02290,0.720,3195,0.00355,1.83
TOI-969 c,TOI-969,2.52000,12.400,4435,0.19933,77.26
GJ 3082 b,GJ 3082,0.07900,2.790,3910,0.034456,16.62
TOI-1294 b,TOI-1294,0.05100,10.124,5718,2.336,332.65
HD 222155 b,HD 222155,5.14000,13.400,5701,3.2279,50.61
KOI-351 b,KOI-351,0.07400,1.310,6080,1.8558,848.25
WASP-151 b,WASP-151,0.05500,13.305,5871,1.3959,453.10
HD 117618 b,HD 117618,0.18000,8.590,5990,1.6332,37.78
Kepler-1629 b,Kepler-1629,0.04850,0.770,5776,0.73389,336.09
Kepler-414 b,Kepler-414,0.05430,1.710,5536,0.67738,413.46
HIP 57274 d,HIP 57274,1.01000,14.200,4640,1.5488,25.86
K2-289 b,K2-289,0.10700,9.100,5529,0.31276,274.30
HD 102888 b,HD 102888,1.05000,12.800,4990,41.29,126.48
K2-38 b,K2-38,0.04994,1.540,5731,1.09,192.69
GJ 1002 b,GJ 1002,0.04570,1.030,3024,0.001406,4.85
HD 212301 b,HD 212301,0.03000,14.200,6239,1.75,54.23
WASP-96 b,WASP-96,0.04530,13.450,5540,1.005,352.46
Kepler-1680 b,Kepler-1680,0.07642,1.360,5021,0.29953,310.31
HD 43197 b,HD 43197,0.88200,14.200,5508,0.72946,62.41
Kepler-379 c,Kepler-379,0.32600,2.290,6054,1.9034,731.27
Kepler-1321 b,Kepler-1321,0.07810,4.920,4094,0.13728,769.15
Kepler-29 b,Kepler-29,0.08482,2.550,5378,0.50481,832.53
TOI-178 e,TOI-178,0.07830,2.301,4316,0.136,62.70
Kepler-1486 b,Kepler-1486,0.28460,2.320,5965,2.0502,1769.14
Kepler-1718 b,Kepler-1718,0.48418,2.569,5731,0.91222,375.52
Kepler-1599 b,Kepler-1599,0.48230,1.620,5767,1.7426,1328.20
HD 25912 b,HD 25912,0.24200,6.900,5921,1.0979,49.17
TOI-5108 b,TOI-5108,0.07300,6.600,5808,1.8839,130.92
TOI-4914 b,TOI-4914,0.09800,12.870,5805,1.021,299.89
TOI-4495 b,TOI-4495,0.03957,2.483,6210,2.3257,132.21
K2-37 c,K2-37,0.06534,2.410,5352,0.39086,179.94
Kepler-911 b,Kepler-911,0.15594,2.600,6112,5.0917,556.17
HD 114783 b,HD 114783,1.16000,13.700,5135,0.42413,21.06
USco1556 b,USco1556 A,3500.00000,12.300,3410,0.081283,140.63
Kepler-1679 b,Kepler-1679,0.08920,2.069,5501,0.62904,909.28
Kepler-238 b,Kepler-238,0.03400,1.730,5751,2.6945,1798.75
Kepler-67 b,Kepler-67,0.11710,2.940,5331,0.42041,1131.19
Kepler-350 c,Kepler-350,0.13850,3.100,6492,2.6818,956.86
Kepler-1327 b,Kepler-1327,0.11151,1.800,5885,1.0869,678.07
Kepler-677 b,Kepler-677,0.06700,5.380,5723,2.4527,1954.08
HD 187123 c,HD 187123,4.89000,13.200,5790,1.3401,45.95
Kepler-773 b,Kepler-773,0.04682,1.430,5850,1.2447,547.03
BD-06 1339 c,BD-06 1339,0.43500,8.380,4324,0.09506,20.27
Kepler-816 b,Kepler-816,0.08950,10.240,5286,0.42223,983.70
HD 51608 b,HD 51608,0.10590,3.620,5358,0.56999,35.06
HD 219134 c,HD 219134,0.06530,1.511,4699,0.2646,6.53
K2-239 d,K2-239,0.06850,1.100,3420,0.016,31.08
HD 142 b,HD 142,1.03900,12.700,6245,2.9798,26.19
HD 125390 b,HD 125390,3.49600,11.900,4882,13.29,153.65
Kepler-182 c,Kepler-182,0.15700,3.430,6250,2.2063,1549.09
Kepler-880 c,Kepler-880,0.12160,2.870,6900,4.6348,601.32
Kepler-1303 b,Kepler-1303,0.07510,1.420,5771,0.99552,897.78
Kepler-110 c,Kepler-110,0.19800,2.210,5960,1.8879,586.53
Kepler-273 c,Kepler-273,0.07300,1.980,5626,0.45605,713.96
Kepler-1016 b,Kepler-1016,0.03044,2.180,5821,1.3293,1402.82
GJ 273 b,GJ 273,0.09110,1.510,3382,0.0087999,5.92
HIP 54373 c,HIP 54373,0.09900,3.570,4021,0.059925,18.72
Kepler-34 b,Kepler-34,1.08960,8.564,5913,1.4894,1800.82
HD 108236 e,HD 108236,0.13670,3.083,5660,0.70799,64.60
Kepler-1232 b,Kepler-1232,0.16545,1.930,5471,0.43721,632.87
L 363-38 b,L 363-38,0.04800,2.000,3129,0.013,10.23
TOI-375 b,TOI-375,0.09900,10.772,5260,5.754,396.21
WASP-64 b,WASP-64,0.02648,14.247,5400,0.9506,369.93
Kepler-417 c,Kepler-417,0.11940,2.690,5177,0.3885,973.99
WASP-190 b,WASP-190,0.06630,12.890,6400,4.9143,542.25
HIP 55507 b,HIP 55507,5.06200,12.600,4171,0.14279,25.49
Kepler-940 b,Kepler-940,0.30590,3.340,5769,0.87765,1260.78
Kepler-398 c,Kepler-398,0.08700,1.010,4493,0.15452,177.35
WASP-74 b,WASP-74,0.03443,15.244,5990,2.5102,149.22
TRAPPIST-1 d,TRAPPIST-1,0.02227,0.788,2566,0.00055301,12.43
HD 96063 b,HD 96063,1.11000,13.700,5020,12.7,140.06
Kepler-524 c,Kepler-524,0.03046,0.960,6014,2.7509,1058.24
Kepler-1916 b,Kepler-1916,0.20530,2.618,6246,1.6371,2055.82
TOI-1648 b,TOI-1648,0.06940,2.540,4850,0.35175,69.83
Kepler-399 d,Kepler-399,0.26100,1.890,5502,0.38194,740.54
Kepler-534 c,Kepler-534,0.07610,1.227,5936,1.4041,570.66
TOI-5817 b,TOI-5817,0.12230,3.080,5770,2.05,80.75
Kepler-1063 b,Kepler-1063,0.11760,1.490,5945,1.4655,343.23
Kepler-391 c,Kepler-391,0.16400,2.880,5038,4.6,869.24
Kepler-136 c,Kepler-136,0.13300,1.990,6165,2.9294,420.82
EPIC 249893012 d,EPIC 249893012,0.22000,3.940,5430,2.2682,321.30
Kepler-283 b,Kepler-283,0.08200,2.130,4351,0.104,468.09
Kepler-1705 b,Kepler-1705,0.08000,2.030,6312,2.26,1633.49
HD 3651 b,HD 3651,0.29500,10.100,5221,0.53192,11.13
HAT-P-52 b,HAT-P-52,0.03694,11.310,5131,0.496,361.15
HD 154391 b,HD 154391,7.46000,12.500,4909,38.12,100.95
TOI-4438 b,TOI-4438,0.05340,2.520,3422,0.01706,30.03
K2-38 c,K2-38,0.09514,2.290,5731,1.09,192.69
Kepler-1982 b,Kepler-1982,0.05110,0.770,6202,2.3516,558.86
Kepler-292 f,Kepler-292,0.14100,2.350,5299,0.46035,1056.48
Kepler-184 c,Kepler-184,0.14100,1.970,5788,0.59554,610.33
XO-6 b,XO-6,0.08150,23.203,6720,3.4367,235.48
Kepler-1859 b,Kepler-1859,0.03940,1.583,5887,1.4266,1331.25
TOI-3912 b,TOI-3912,0.04630,14.280,5725,1.876,465.99
Kepler-650 b,Kepler-650,0.04210,2.960,5849,1.9231,884.38
K2-261 b,K2-261,0.10860,9.270,5490,2.259,213.28
Kepler-128 b,Kepler-128,0.12545,1.421,6072,3.762,396.38
Lupus-TR-3 b,Lupus-TR-3,0.04640,9.976,5000,0.034361,773.41
Kepler-1281 b,Kepler-1281,0.04150,1.640,5353,0.5105,1090.00
HATS-34 b,HATS-34,0.03166,16.029,5380,0.724,508.84
TOI-771 b,TOI-771,0.02080,1.360,3370,0.0062599,25.28
Kepler-1693 b,Kepler-1693,0.10110,1.289,5432,0.60523,760.07
Kepler-1087 b,Kepler-1087,0.01554,0.610,5589,0.79899,362.62
Kepler-104 b,Kepler-104,0.09400,3.100,5711,1.2282,400.79
HD 164922 e,HD 164922,0.22920,3.230,5393,0.70301,22.00
HAT-P-51 b,HAT-P-51,0.05042,13.507,5453,0.79001,440.09
Kepler-491 b,Kepler-491,0.05191,8.920,5582,0.87734,630.78
Kepler-1849 b,Kepler-1849,0.25970,2.387,4806,0.21762,631.88
Kepler-316 c,Kepler-316,0.05800,1.160,4204,0.116,384.94
DMPP-1 d,DMPP-1,0.04467,2.020,6196,2.0871,62.54
HD 164922 d,HD 164922,0.10300,1.830,5390,0.71,22.00
Kepler-533 b,Kepler-533,0.16704,3.380,4758,0.23984,302.95
TOI-3894 b,TOI-3894,0.05354,15.278,6000,2.624,417.37
Kepler-392 c,Kepler-392,0.09300,1.100,5938,1.5651,681.43
K2-123 b,K2-123,0.16490,2.760,4035,0.072,161.56
Kepler-1543 b,Kepler-1543,0.08670,2.710,6561,3.0682,921.78
CoRoT-10 b,CoRoT-10,0.10550,10.870,5075,0.1879,338.39
HD 45184 b,HD 45184,0.06440,3.520,5869,1.13,21.95
TOI-1136 c,TOI-1136,0.06690,2.879,5770,0.94,84.54
Kepler-1470 b,Kepler-1470,0.11600,1.070,4961,0.32696,590.60
GJ 1061 d,GJ 1061,0.05400,1.160,2953,0.0017,3.67
TOI-1249 b,TOI-1249,0.10900,3.271,5497,0.79201,139.49
HD 15337 b,HD 15337,0.05245,1.770,5131,0.472,44.82
Kepler-715 b,Kepler-715,0.09330,3.750,5871,1.4607,1327.44
TOI-969 b,TOI-969,0.02636,2.765,4435,0.19933,77.26
K2-224 c,K2-224,0.08860,2.410,5620,0.57409,275.25
Kepler-700 b,Kepler-700,0.35770,5.990,5692,1.6967,1491.76
Kepler-472 b,Kepler-472,0.04823,3.220,4996,0.30722,306.60
Kepler-1444 b,Kepler-1444,0.20906,2.180,5810,1.0503,319.68
TYC 2187-512-1 b,TYC 2187-512-1,1.22000,12.500,3734,0.0416,15.47
HD 142 c,HD 142,9.81100,12.400,6245,2.9798,26.19
Kepler-1129 b,Kepler-1129,0.16481,2.960,5831,0.93886,1183.88
Kepler-824 b,Kepler-824,0.05500,1.870,6035,1.3248,1201.40
HIP 99770 b,HIP 99770,15.80000,12.200,8000,13.86,40.08
HD 5319 c,HD 5319,1.93000,13.800,4871,8.091,121.41
Kepler-1236 b,Kepler-1236,0.18030,2.140,5337,0.41769,999.64
Kepler-1275 b,Kepler-1275,0.04880,1.480,6296,2.0655,1153.98
Kepler-62 d,Kepler-62,0.12000,1.950,4925,0.20989,300.87
Kepler-720 b,Kepler-720,0.05390,8.410,5618,1.077,1065.37
Kepler-1690 b,Kepler-1690,0.70970,2.811,5404,0.57137,703.79
Kepler-150 b,Kepler-150,0.04400,1.250,5560,0.68959,891.09
Kepler-1428 b,Kepler-1428,0.11051,1.640,6184,8.7878,1530.32
Kepler-1133 b,Kepler-1133,0.09830,1.970,5569,0.61699,753.13
GJ 328 b,GJ 328,4.11000,13.300,3897,0.083176,20.53
HD 16175 b,HD 16175,2.12000,12.800,5981,3.22,59.86
HR 5183 b,HR 5183,18.00000,13.100,5794,2.4974,31.46
Kepler-1307 b,Kepler-1307,0.13690,2.470,5884,0.62379,1014.62
Kepler-1195 b,Kepler-1195,0.07260,2.080,4965,0.35804,918.57
Kepler-325 c,Kepler-325,0.10500,2.540,5752,0.55631,823.24
K2-244 b,K2-244,0.14180,1.750,5677,0.76208,212.90
EPIC 212737443 c,EPIC 212737443,0.28000,2.690,4684,0.17759,336.25
Kepler-1816 b,Kepler-1816,0.35647,1.968,5051,0.29414,437.82
WASP-36 b,WASP-36,0.02677,14.874,5959,1.002,386.35
Kepler-1176 b,Kepler-1176,0.15890,2.450,5844,0.76399,864.70
Kepler-1783 b,Kepler-1783,0.07595,1.319,5129,0.35398,264.08
Kepler-106 d,Kepler-106,0.16063,0.950,5858,1.2093,444.32
Kepler-189 b,Kepler-189,0.08800,1.210,5235,0.35666,591.53
Kepler-1143 c,Kepler-1143,0.64770,3.600,5053,0.23837,555.19
HATS-30 b,HATS-30,0.04354,13.171,5943,1.25,342.14
K2-136 d,K2-136,0.15380,1.565,4500,0.1673,59.25
HD 177830 c,HD 177830,0.51370,7.870,4949,4.8419,62.77
TOI-1693 b,TOI-1693,0.02260,1.410,3499,0.02792,30.79
TOI-2587 A b,TOI-2587 A,0.06350,12.072,5760,2.96,373.68
Kepler-837 b,Kepler-837,0.11440,2.560,5403,0.53553,901.91
Kepler-1031 b,Kepler-1031,0.02180,0.870,6011,1.4791,682.88
Kepler-1154 b,Kepler-1154,0.06310,2.340,6327,2.8297,1460.10
55 Cnc c,55 Cnc,0.24700,8.510,5198,0.6354,12.59
Kepler-919 b,Kepler-919,0.09810,2.250,6113,1.4676,1119.87
Kepler-60 b,Kepler-60,0.07255,1.710,5905,2.3392,1025.10
HD 115954 b,HD 115954,5.00000,12.600,5957,3.0262,87.64
Kepler-1490 b,Kepler-1490,0.37290,3.040,5515,0.47997,862.92
HD 42012 b,HD 42012,1.67000,13.500,5405,0.53734,36.80
Kepler-556 b,Kepler-556,0.09833,2.240,5740,0.89567,674.60
Kepler-109 c,Kepler-109,0.15460,2.650,5950,2.221,474.86
Kepler-48 e,Kepler-48,1.89827,13.400,5194,0.51374,306.74
HD 49674 b,HD 49674,0.06000,6.200,5602,0.95144,43.04
Kepler-101 c,Kepler-101,0.06840,1.250,5667,2.6323,927.98
K2-59 b,K2-59,0.13540,2.410,5055,0.21859,311.31
TOI-3884 b,TOI-3884,0.03610,6.430,3180,0.0092999,43.14
KELT-24 b,KELT-24,0.06650,12.711,6426,2.75,96.52
Kepler-1200 b,Kepler-1200,0.01880,1.060,4612,0.20454,588.72
Kepler-26 d,Kepler-26,0.03900,1.070,4486,0.087,335.31
2MASS J19383260+4603591 b,2MASS J19383260+4603591,0.92000,13.400,29564,28.184,396.33
Kepler-363 c,Kepler-363,0.07900,1.690,5593,2.3155,762.60
WASP-94 A b,WASP-94 A,0.05500,17.710,6170,3.2353,211.21
LHS 1678 c,LHS 1678,0.03270,0.941,3490,0.0145,19.88
HATS-12 b,HATS-12,0.04410,7.760,6357,7.3,746.14
Kepler-858 b,Kepler-858,0.33939,4.870,5653,0.77073,298.53
Kepler-450 d,Kepler-450,0.08270,0.837,6197,3.5812,455.98
K2-316 c,K2-316,0.05820,1.830,3436,0.014803,112.49
Kepler-1892 b,Kepler-1892,0.06330,1.837,5383,0.4999,851.60
HD 80606 b,HD 80606,0.46030,11.568,5565,0.99456,66.47
Kepler-432 b,Kepler-432,0.30100,12.834,4995,8.4258,848.02
Kepler-1108 b,Kepler-1108,0.05110,1.460,5406,0.55214,767.70
Kepler-203 b,Kepler-203,0.04300,2.570,5821,1.2408,703.30
Kepler-1656 c,Kepler-1656,3.05300,14.000,5569,1.0491,185.88
HD 143105 b,HD 143105,0.03790,13.700,6380,3.5939,46.78
Kepler-1992 b,Kepler-1992,0.11690,0.910,5383,0.98044,532.96
HD 159868 c,HD 159868,1.03200,14.000,5534,3.5953,55.85
Kepler-140 b,Kepler-140,0.04500,1.610,6077,1.7808,583.86
HATS-69 b,HATS-69,0.03211,10.593,5137,0.4813,414.54
Kepler-139 b,Kepler-139,0.12700,2.940,5594,1.0375,391.04
bet UMi b,bet UMi,1.40000,12.700,4126,537.03,38.77
Kepler-134 b,Kepler-134,0.06000,2.000,5983,1.1495,334.80
Kepler-1665 b,Kepler-1665,0.09600,2.839,5050,0.35442,335.51
HD 108236 f,HD 108236,0.17580,2.017,5660,0.70799,64.60
HD 73344 b,HD 73344,0.13100,2.884,6253,1.8274,35.26
Kepler-1617 b,Kepler-1617,0.17707,1.200,6167,2.1917,898.31
Kepler-2001 c,Kepler-2001,0.10840,1.820,5081,0.28427,776.55
Kepler-1443 b,Kepler-1443,0.03783,0.970,6289,3.6371,593.65
XO-1 b,XO-1,0.04880,12.778,5750,0.81982,163.55
HD 206893 c,HD 206893,3.74000,16.365,6500,2.8582,40.76
HD 233832 b,HD 233832,2.82700,13.500,4981,0.3001,58.74
TOI-2364 b,TOI-2364,0.04871,8.608,5306,0.56,219.61
Kepler-30 d,Kepler-30,0.50000,8.800,5498,0.57999,914.22
Kepler-1125 b,Kepler-1125,0.13480,1.840,5683,4.4406,2011.41
TOI-4527.01,TOI-4527,0.00833,0.909,3702,0.039959,18.10
Kepler-1321 c,Kepler-1321,0.02670,2.400,4094,0.13728,769.15
HD 73344 d,HD 73344,6.70000,13.200,6148,1.8274,35.26
TOI-6692 b,TOI-6692,0.51200,11.680,5890,2.08,312.90
Kepler-792 b,Kepler-792,0.09880,1.960,5971,1.8784,1425.47
K2-80 c,K2-80,0.05960,1.470,5441,0.3695,200.80
HD 28109 b,HD 28109,0.13570,2.690,6189,2.71,139.61
Kepler-891 b,Kepler-891,0.28810,6.410,5887,3.8685,2340.58
TOI-5624 d,TOI-5624,0.10670,3.584,5327,0.486,101.91
Kepler-765 b,Kepler-765,0.17540,2.430,5901,1.3994,1076.28
K2-18 b,K2-18,0.14290,2.370,3457,0.0253,38.03
Kepler-1516 b,Kepler-1516,0.07180,1.750,5904,2.7907,1358.95
Kepler-1159 b,Kepler-1159,0.16030,2.370,6217,1.9882,1213.71
HATS-18 b,HATS-18,0.01740,14.897,5600,0.92999,624.37
Kepler-113 b,Kepler-113,0.05123,1.820,4725,0.26547,262.35
CoRoT-25 b,CoRoT-25,0.05780,12.110,6040,1.3836,1103.48
HD 216536 b,HD 216536,0.61000,13.800,4639,63.096,376.23
TOI-2407 b,TOI-2407,0.03300,4.260,3530,0.0448,92.44
Kepler-1060 b,Kepler-1060,0.24950,2.380,5797,1.1799,946.57
Kepler-154 e,Kepler-154,0.04766,1.500,5769,1.0795,915.21
Kepler-1844 b,Kepler-1844,0.04780,3.036,5776,1.6829,1804.36
Kepler-1036 b,Kepler-1036,0.47726,3.010,5533,0.62877,489.44
Kepler-561 c,Kepler-561,0.05947,2.680,5646,0.66109,621.38
Kepler-37 b,Kepler-37,0.10190,0.310,5357,0.47657,63.92
TOI-2431 b,TOI-2431,0.00630,1.534,4109,0.109,36.06
Kepler-585 b,Kepler-585,0.03841,2.830,5593,0.68653,585.19
K2-203 b,K2-203,0.08240,1.265,5026,0.337,166.15
Kepler-233 b,Kepler-233,0.07700,2.430,5360,0.47039,856.42
Kepler-1863 b,Kepler-1863,0.23678,2.263,5871,2.5676,865.55
Kepler-356 c,Kepler-356,0.11500,1.810,6133,2.8925,707.56
Kepler-1865 b,Kepler-1865,0.03440,1.577,5420,0.46867,922.25
TOI-5126 b,TOI-5126,0.06519,4.740,6150,1.99,160.41
VHS J125601.92-125723.9 b,VHS J125601.92-125723.9,350.00000,13.675,2620,0.00072444,12.70
Kepler-505 b,Kepler-505,0.14450,2.600,3931,0.083437,283.41
WASP-147 b,WASP-147,0.05490,12.498,5702,1.9358,436.10
Kepler-166 d,Kepler-166,0.02449,1.730,5350,0.41202,603.53
Kepler-1480 b,Kepler-1480,0.15250,1.670,5156,0.35589,500.89
Kepler-1987 d,Kepler-1987,0.05710,2.660,4769,0.24193,595.68
Qatar-4 b,Qatar-4,0.02803,12.722,5215,0.48101,329.04
HD 125612 d,HD 125612,3.98200,12.700,5900,1.1482,57.62
Kepler-245 b,Kepler-245,0.07100,2.570,5100,0.40199,861.53
TOI-2141 c,TOI-2141,0.05850,2.350,5635,0.89125,77.68
WASP-4 b,WASP-4,0.02261,15.121,5436,0.66226,267.21
Kepler-1556 b,Kepler-1556,0.08290,1.960,5608,0.58799,944.54
Kepler-209 b,Kepler-209,0.12200,2.260,5513,0.74338,576.95
Kepler-131 c,Kepler-131,0.17391,0.840,5685,1.0517,228.68
Kepler-24 d,Kepler-24,0.05100,1.670,5897,1.1588,1156.81
HD 28254 b,HD 28254,2.45000,13.000,5664,2.1878,55.29
HATS-40 b,HATS-40,0.04997,17.710,6460,8,1342.29
K2-266 e,K2-266,0.12490,2.730,4285,0.1502,77.56
HD 33283 b,HD 33283,0.15080,12.500,5935,4.3652,89.86
WASP-17 b,WASP-17,0.05150,20.961,6550,4.0994,405.91
Kepler-237 b,Kepler-237,0.05000,1.410,4861,0.3331,657.82
K2-126 b,K2-126,0.06560,1.970,4339,0.13255,102.95
HD 224018 d,HD 224018,0.53000,2.400,5784,1.33,105.48
HD 125612 b,HD 125612,1.34900,13.200,5900,1.1482,57.62
HD 109988 b,HD 109988,12.51800,12.100,5186,0.49289,42.53
Kepler-100 e,Kepler-100,0.31239,5.270,5884,2.48,304.64
Kepler-219 c,Kepler-219,0.16500,3.580,5786,1.6364,787.07
K2-141 c,K2-141,0.06830,7.000,4570,0.17783,61.87
Kepler-1790 b,Kepler-1790,0.20989,3.145,5866,2.4174,1070.17
Kepler-1641 c,Kepler-1641,0.20650,2.950,6152,1.3515,860.37
HD 75898 c,HD 75898,7.39000,12.600,6122,2.884,78.05
WASP-155 b,WASP-155,0.04300,13.451,5660,1.3849,399.63
HATS-35 b,HATS-35,0.03199,16.410,6300,2.92,514.55
Kepler-918 b,Kepler-918,0.05690,1.740,6028,0.95938,1025.03
GJ 806 c,GJ 806,0.05230,2.280,3600,0.025985,12.04
Kepler-141 b,Kepler-141,0.03900,0.690,4910,0.35789,301.18
Kepler-582 b,Kepler-582,0.12540,3.680,5564,0.38532,613.18
TOI-912 b,TOI-912,0.04100,1.930,3572,0.0257,26.11
Kepler-335 c,Kepler-335,0.35600,3.070,5877,3.7815,1278.97
XO-2 S c,XO-2 S,0.47370,13.600,5325,0.75332,151.40
Kepler-31 d,Kepler-31,0.40000,3.900,6340,2.0014,1664.64
TOI-4427 b,TOI-4427,0.05389,13.092,5347,0.66999,198.25
TOI-2583 A b,TOI-2583 A,0.05710,14.460,5936,2.445,566.19
Kepler-966 b,Kepler-966,0.39070,4.130,5840,1.7097,1027.80
HD 50499 c,HD 50499,9.02000,13.200,6099,2.3786,46.28
WASP-140 b,WASP-140,0.03230,14.235,5300,0.50773,117.60
Kepler-630 b,Kepler-630,0.56201,3.180,5829,2.006,839.78
HAT-P-26 b,HAT-P-26,0.04748,7.062,5079,0.43724,141.84
Kepler-874 b,Kepler-874,0.22340,3.940,6020,1.3727,1082.16
L 98-59 b,L 98-59,0.02230,0.837,3415,0.0122,10.62
Kepler-235 b,Kepler-235,0.03700,2.230,4255,0.079001,428.02
GJ 504 b,GJ 504,43.50000,12.106,6234,2.1478,17.53
Kepler-85 c,Kepler-85,0.10363,1.978,5505,0.61334,765.02
Kepler-1345 b,Kepler-1345,0.26412,2.360,6449,4.9279,1355.02
TOI-1130 c,TOI-1130,0.07310,13.000,4360,0.14,58.26
WASP-19 b,WASP-19,0.01652,15.861,5616,0.905,268.32
GJ 667 C c,GJ 667 C,0.12500,1.770,3350,0.013709,7.24
Kepler-866 b,Kepler-866,0.03310,1.630,4751,0.19732,646.67
Kepler-223 b,Kepler-223,0.07525,2.990,5803,2.3511,1859.71
HD 4732 c,HD 4732,4.72500,13.100,4898,13.13,54.78
Kepler-922 b,Kepler-922,0.01795,1.420,5671,0.73573,536.32
Gaia-2 b,Gaia-2,0.04670,14.818,5720,1.1413,209.23
HATS-67 b,HATS-67,0.03032,18.887,6594,3.52,960.11
Kepler-549 b,Kepler-549,0.23236,2.570,5360,0.49411,635.14
GJ 1148 b,GJ 1148,0.16600,11.900,3287,0.013518,11.01
Kepler-1780 b,Kepler-1780,0.42760,3.606,5403,0.6073,790.52
55 Cnc b,55 Cnc,0.11800,13.900,5198,0.6354,12.59
HD 28471 b,HD 28471,0.04200,1.750,5766,1.1526,43.65
NY Vir b,NY Vir,3.30000,13.300,32780,23.718,544.02
TOI-2447 b,TOI-2447,0.34700,9.606,5730,1.1192,148.99
K2-58 d,K2-58,0.15170,1.710,5413,0.40028,181.75
TOI-4137 b,TOI-4137,0.05222,13.574,6202,2.75,334.99
GJ 625 b,GJ 625,0.07836,1.490,3499,0.012764,6.47
Kepler-267 b,Kepler-267,0.03700,1.980,4258,0.059,264.99
Kepler-775 b,Kepler-775,0.01834,1.190,5468,0.54077,398.68
WASP-177 b,WASP-177,0.03957,17.710,5017,0.38755,176.82
NGC 2682 Sand 1429 b,NGC 2682 Sand 1429,0.38400,13.400,6000,5.494,852.79
TOI-6034 b,TOI-6034,0.02949,11.920,3635,0.0395,117.99
Kepler-791 b,Kepler-791,0.12560,3.050,6383,2.5277,1266.34
TOI-1260 b,TOI-1260,0.03670,2.410,4227,0.129,73.60
TOI-1062 b,TOI-1062,0.05200,2.265,5328,0.53154,82.17
WASP-79 b,WASP-79,0.05190,17.150,6600,4.6182,246.69
Kepler-1630 b,Kepler-1630,1.12180,2.190,4736,0.22574,331.21
Kepler-1365 b,Kepler-1365,0.07839,0.920,5770,2.6594,840.13
Kepler-133 c,Kepler-133,0.20400,2.840,5736,2.5734,653.60
Kepler-346 c,Kepler-346,0.16800,3.070,6033,0.70378,984.11
Kepler-160 b,Kepler-160,0.05511,1.715,5471,1.01,937.01
Kepler-341 d,Kepler-341,0.18200,1.850,6012,1.3403,1047.03
K2-125 b,K2-125,0.12100,2.180,3654,0.022843,124.16
HD 27442 b,HD 27442,1.27100,13.500,4846,7.0941,18.27
Kepler-1489 b,Kepler-1489,0.36790,1.770,5655,1.5763,1283.05
Kepler-1623 b,Kepler-1623,0.05180,1.310,5772,0.67369,837.48
KELT-11 b,KELT-11,0.06230,15.132,5375,5.55,99.16
HD 156411 b,HD 156411,1.88000,14.000,5900,5.3827,56.87
Kepler-496 b,Kepler-496,0.07470,2.320,5293,0.38414,605.27
TOI-4463 A b,TOI-4463 A,0.04036,13.260,5640,1.026,173.12
Kepler-1246 b,Kepler-1246,0.08480,1.360,4611,0.18767,436.50
Kepler-1126 b,Kepler-1126,0.41251,1.730,5798,0.79568,635.74
Kepler-926 b,Kepler-926,0.27390,2.310,5806,1.4887,921.36
GJ 676 A e,GJ 676 A,0.18100,2.470,3734,0.090676,16.03
Kepler-287 b,Kepler-287,0.14500,2.330,5806,0.73387,835.86
HAT-P-21 b,HAT-P-21,0.05037,12.442,5588,1.52,277.28
TOI-2145 b,TOI-2145,0.11170,12.240,6206,9.92,224.73
Kepler-48 c,Kepler-48,0.08633,2.710,5194,0.51374,306.74
HD 110067 g,HD 110067,0.26210,2.607,5266,0.43427,32.16
TOI-2096 b,TOI-2096,0.02500,1.243,3300,0.00592,48.48
HD 213472 b,HD 213472,13.00000,13.100,5730,1.929,64.45
Kepler-1356 b,Kepler-1356,0.01360,1.530,5106,0.32636,845.23
HD 13908 c,HD 13908,2.03000,12.800,6255,3.9994,79.55
Kepler-605 c,Kepler-605,0.03336,0.860,5462,0.5643,556.58
Kepler-292 c,Kepler-292,0.04500,1.470,5299,0.46035,1056.48
Kepler-889 b,Kepler-889,0.04975,1.090,5961,2.4179,598.31
Kepler-1254 c,Kepler-1254,0.04220,1.300,4985,0.2679,622.82
Kepler-244 c,Kepler-244,0.08700,2.050,5554,0.55438,1036.49
Kepler-1332 b,Kepler-1332,0.09915,1.370,5581,0.7289,528.68
HIP 35965 b,HIP 35965,15.89800,12.600,4836,0.23977,50.17
HD 80913 b,HD 80913,9.95000,12.000,6013,3.2234,61.36
HD 134060 b,HD 134060,0.04440,3.160,5966,1.44,24.01
Kepler-1950 b,Kepler-1950,0.08710,1.527,5455,0.59779,697.25
Kepler-1984 b,Kepler-1984,0.02380,6.810,3638,0.028184,
TOI-7510 c,TOI-7510,0.15950,10.810,5720,1.026,249.01
K2-60 b,K2-60,0.04500,7.656,5500,1.9157,491.87
Kepler-1397 b,Kepler-1397,0.25861,1.720,6026,3.9031,1198.25
Kepler-358 b,Kepler-358,0.21000,2.720,5908,0.72763,1101.10
Kepler-354 d,Kepler-354,0.14600,1.240,4648,0.19322,554.06
TOI-3135 b,TOI-3135,0.04756,13.653,5890,1.05,221.67
Kepler-718 b,Kepler-718,0.03220,16.560,6191,1.3613,1302.33
Kepler-1179 b,Kepler-1179,0.03497,1.320,5212,0.35955,415.20
Kepler-381 c,Kepler-381,0.11700,1.120,6152,3.2651,267.32
Kepler-1342 b,Kepler-1342,0.03130,1.660,5527,0.54838,890.72
Kepler-1544 b,Kepler-1544,0.54465,1.780,4886,0.24774,335.09
WASP-174 b,WASP-174,0.05503,16.107,6399,2.73,410.15
CD-35 2722 b,CD-35 2722,67.00000,17.374,3689,0.054349,22.39
AU Mic c,AU Mic,0.11900,2.790,3540,0.1053,9.72
Kepler-475 b,Kepler-475,0.03989,2.490,5009,0.34337,280.07
Kepler-1978 b,Kepler-1978,0.09140,2.670,5251,0.50358,865.51
GJ 3222 b,GJ 3222,0.09100,3.400,5257,0.55976,18.24
Kepler-1836 b,Kepler-1836,0.06020,2.553,6123,1.0379,1472.62
Barnard e,Barnard's star,0.03810,0.637,3195,0.00355,1.83
Kepler-141 c,Kepler-141,0.06700,1.410,4910,0.35789,301.18
Kepler-948 b,Kepler-948,0.07490,1.850,5679,0.77736,868.02
HD 181433 d,HD 181433,6.74000,13.200,4918,0.3498,26.88
HD 213885 b,HD 213885,0.02012,1.745,5978,1.376,48.09
HIP 39330 b,HIP 39330,5.05000,13.500,5748,1.1231,36.40
Kepler-887 c,Kepler-887,0.08010,1.130,6194,2.7936,886.59
Kepler-306 d,Kepler-306,0.12000,2.470,4954,0.33939,775.68
Kepler-177 c,Kepler-177,0.25655,8.730,5732,1.7378,1435.44
Kepler-52 c,Kepler-52,0.10379,1.840,4075,0.101,321.54
Kepler-572 b,Kepler-572,0.11920,2.580,5212,0.36791,504.67
Kepler-1450 b,Kepler-1450,0.24010,1.710,4524,0.17073,505.83
HD 10180 f,HD 10180,0.49290,5.240,5911,1.49,38.96
Kepler-882 b,Kepler-882,0.04741,1.230,5476,0.53318,504.61
Kepler-559 b,Kepler-559,0.12770,3.610,5630,0.75612,776.71
TOI-1232 b,TOI-1232,0.11700,10.929,5823,1.183,328.60
TOI-4773 b,TOI-4773,0.03216,15.222,6740,4.45,492.89
Kepler-1312 b,Kepler-1312,0.06053,2.100,5719,0.79664,299.10
WASP-22 b,WASP-22,0.04700,13.787,6000,1.7579,317.65
Kepler-272 b,Kepler-272,0.03800,1.430,5297,1.165,889.61
Kepler-35 b,Kepler-35,0.60347,8.160,5606,0.93972,1819.17
Kepler-1511 b,Kepler-1511,0.17530,1.680,6064,6.8886,1475.60
HD 102117 b,HD 102117,0.15000,8.470,5655,1.4367,39.58
WASP-34 b,WASP-34,0.05240,11.209,5700,1.0947,132.10
HD 260655 c,HD 260655,0.04749,1.533,3803,0.03631,10.01
Kepler-1426 b,Kepler-1426,0.11870,1.560,5831,1.0852,1697.81
Kepler-1988 b,Kepler-1988,0.10380,1.530,6033,3.8194,513.43
HD 48948 d,HD 48948,0.48940,3.240,4593,0.16261,16.90
Kepler-968 c,Kepler-968,0.05200,1.690,4598,0.17274,290.32
TOI-1685 b,TOI-1685,0.01164,1.421,3470,0.0303,37.62
Kepler-678 b,Kepler-678,0.07320,5.140,5520,2.8136,1826.15
Kepler-144 c,Kepler-144,0.09400,1.350,6075,1.9144,384.92
Kepler-427 b,Kepler-427,0.09100,13.790,5800,1.9498,1017.80
TOI-1298 b,TOI-1298,0.05700,9.658,5752,2.092,319.04
eps Tau b,eps Tau,1.87800,12.700,4877,78.111,47.53
Kepler-1874 b,Kepler-1874,0.26330,2.211,4701,0.26485,408.01
HD 93385 c,HD 93385,0.11200,2.560,5977,1.61,43.35
K2-88 b,K2-88,0.03450,1.230,3537,0.028525,110.56
WASP-94 B b,WASP-94 B,0.03350,14.100,6040,2.2445,208.70
Teegarden's Star b,Teegarden's Star,0.02590,1.050,3034,0.000722,3.83
TOI-5634 A b,TOI-5634 A,0.02720,10.420,3896,0.0569,306.14
GJ 667 C e,GJ 667 C,0.21300,1.450,3350,0.013709,7.24
Kepler-164 d,Kepler-164,0.18700,2.450,5888,1.2969,890.76
Kepler-431 c,Kepler-431,0.08470,0.668,6004,3.1506,486.55
Kepler-140 c,Kepler-140,0.41400,1.800,6077,1.7808,583.86
Kepler-247 c,Kepler-247,0.08400,4.090,5100,0.37875,663.71
Kepler-32 b,Kepler-32,0.05000,2.200,3900,0.051,323.85
TIC 279401253 b,TIC 279401253,0.36900,11.209,5951,1.25,285.58
Kepler-1818 b,Kepler-1818,0.05500,1.714,6047,1.8239,1034.59
K2-193 b,K2-193,0.11840,3.950,5817,0.84,411.92
HD 15906 c,HD 15906,0.14100,2.930,4757,0.27,45.56
TOI-6109 b,TOI-6109,0.05990,4.870,5660,0.882,151.74
HD 17156 b,HD 17156,0.16320,12.263,6046,2.76,78.09
TOI-871 b,TOI-871,0.10540,1.664,4929,0.2754,68.05
WASP-124 b,WASP-124,0.04490,13.899,6050,1.4104,448.64
GJ 251 c,GJ 251,0.19600,1.800,3342,0.0155,5.58
Kepler-1649 b,Kepler-1649,0.05140,1.017,3240,0.00516,92.19
Kepler-1518 c,Kepler-1518,0.09050,2.900,6432,4.9082,903.51
TOI-4311 b,TOI-4311,0.01817,1.376,5063,0.422,134.99
Kepler-767 b,Kepler-767,0.58740,6.640,5694,2.9896,2251.03
TOI-2986 b,TOI-2986,0.04489,9.292,5906,2.332,563.15
K2-83 b,K2-83,0.03014,1.244,3910,0.062572,125.53
2MASS J22362452+4751425 b,2MASS J22362452+4751425,230.00000,12.300,4045,0.095185,69.57
HAT-P-63 b,HAT-P-63,0.04294,12.543,5400,0.714,403.46
Kepler-1182 b,Kepler-1182,0.09810,2.410,5924,1.8032,1545.39
Kepler-1990 c,Kepler-1990,0.05040,0.980,5751,1.3092,392.74
Kepler-1688 b,Kepler-1688,0.05770,1.262,4632,0.23121,567.45
Kepler-1191 b,Kepler-1191,0.05870,1.510,5308,0.59414,955.54
Kepler-328 b,Kepler-328,0.21990,2.300,6064,2.7551,2213.19
TOI-4638.01,TOI-4638,0.09301,2.933,5700,0.76106,168.25
Kepler-511 c,Kepler-511,0.17177,4.210,5866,3.1444,652.00
Kepler-1337 b,Kepler-1337,0.14410,2.410,4523,0.18105,601.63
Gaia23braL b,Gaia23braL,4.84700,13.500,5055,1.091,4330.00
WASP-107 b,WASP-107,0.05500,10.536,4425,0.132,64.74
Kepler-1997 b,Kepler-1997,0.18150,2.280,6215,1.354,1502.34
TOI-1062 c,TOI-1062,0.08000,3.100,5328,0.53154,82.17
Kepler-296 c,Kepler-296,0.05210,2.000,3740,0.031,167.00
TOI-5678 b,TOI-5678,0.24900,4.910,5485,0.74013,165.39
Kepler-1593 b,Kepler-1593,0.55494,3.170,4995,0.22284,638.25
HD 217107 c,HD 217107,5.92200,12.900,5622,1.2518,20.06
Kepler-625 b,Kepler-625,0.08137,1.990,5789,2.5496,760.71
Kepler-1302 b,Kepler-1302,0.07950,1.430,5236,0.34108,634.58
HD 98219 b,HD 98219,1.26000,13.400,4925,11.2,113.70
K2-129 b,K2-129,0.05700,1.040,3459,0.014845,27.80
Kepler-977 b,Kepler-977,0.16200,2.620,5315,0.33399,568.75
GJ 393 b,GJ 393,0.05402,1.170,3579,0.02687,7.03
Kepler-1178 b,Kepler-1178,0.15960,1.070,4990,0.52817,482.29
EPIC 201170410.02,EPIC 201170410,0.03490,1.047,3648,0.012589,134.00
K2-155 d,K2-155,0.19370,1.900,4258,0.059,72.80
HD 158038 b,HD 158038,1.50000,13.500,4860,11.9,94.86
K2-255 b,K2-255,0.02740,2.900,4676,0.1621,191.61
Kepler-1678 b,Kepler-1678,0.53020,3.304,5754,0.68853,847.34
TIC 434398831 b,TIC 434398831,0.04641,3.510,5638,0.7186,217.01
HD 224018 b,HD 224018,0.09520,0.910,5784,1.33,105.48
HD 102843 b,HD 102843,4.07400,13.100,5436,0.72755,62.76
Kepler-1334 b,Kepler-1334,0.12290,2.290,5614,1.0656,1223.04
Gl 378 b,Gl 378,0.03943,3.660,3879,0.06,14.95
Kepler-480 b,Kepler-480,0.06024,2.780,6322,3.0046,847.51
HD 28185 b,HD 28185,1.03400,12.800,5602,0.97,39.38
tau Boo b,tau Boo,0.04900,12.800,6466,3.2024,15.65
Kepler-1644 b,Kepler-1644,0.14200,1.880,5499,0.60954,629.27
Kepler-1209 b,Kepler-1209,0.17515,1.510,6210,2.2007,505.53
Kepler-1953 b,Kepler-1953,0.06070,1.286,4858,0.23463,605.63
Kepler-384 b,Kepler-384,0.14800,1.120,5577,2.4882,895.68
Kepler-1249 b,Kepler-1249,0.16700,2.380,6202,2.6781,1904.54
TOI-2641 b,TOI-2641,0.06070,18.103,6100,2.19,344.05
Kepler-303 b,Kepler-303,0.02400,0.890,3944,0.086,209.74
HATS-65 b,HATS-65,0.04497,16.825,6277,2.38,493.32
Kepler-255 c,Kepler-255,0.09200,2.990,5573,0.65598,1052.53
Kepler-357 d,Kepler-357,0.24600,3.430,5036,0.27775,688.57
Kepler-1674 b,Kepler-1674,0.30170,3.206,5474,0.62253,1012.48
Kepler-1238 b,Kepler-1238,0.05410,1.930,6386,3.8407,1632.13
HD 192263 b,HD 192263,0.15000,14.200,4976,0.33884,19.64
K2-35 c,K2-35,0.05500,1.930,4403,0.19107,252.60
HD 190360 c,HD 190360,0.12980,5.530,5560,1.1654,16.01
Kepler-1940 b,Kepler-1940,0.05250,1.547,5431,0.41942,798.60
HD 51608 c,HD 51608,0.38090,3.870,5358,0.56999,35.06
Kepler-1786 b,Kepler-1786,0.35722,3.163,5808,1.4409,863.91
TOI-2267 d,TOI-2267 B,0.01450,1.770,3022,0.0011,22.55
K2-121 b,K2-121,0.05250,7.160,4526,0.17976,169.40
K2-252 b,K2-252,0.10410,1.740,5152,0.39046,228.84
Kepler-850 b,Kepler-850,0.07440,1.780,5932,1.4902,1661.28
K2-119 b,K2-119,0.06980,2.530,4740,0.20638,365.58
Kepler-265 d,Kepler-265,0.23600,2.490,5835,1.0127,1280.25
GJ 876 c,GJ 876,0.12959,14.000,3294,0.0124,4.68
Kepler-1962 b,Kepler-1962,0.07830,1.215,5700,0.75513,866.83
MASCARA-1 b,MASCARA-1,0.04035,17.901,7490,12.1,182.27
Kepler-266 b,Kepler-266,0.07100,2.480,5885,1.0271,1370.79
Kepler-856 b,Kepler-856,0.07870,9.300,5535,0.95135,1351.17
TOI-1266 d,TOI-1266,0.15130,1.740,3563,0.02629,36.01
Kepler-691 b,Kepler-691,0.06490,2.090,3715,0.049586,279.12
HD 113996 b,HD 113996,1.60000,12.700,4181,291,116.33
HD 147379 b,HD 147379,0.31930,4.940,4090,0.08,10.76
HAT-P-2 b,HAT-P-2,0.06814,10.660,6380,3.3884,127.77
TOI-4127 b,TOI-4127,0.30300,12.070,6096,2.072,319.63
HD 136352 c,HD 136352,0.17210,2.916,5664,1.038,14.68
HD 142415 b,HD 142415,1.06000,13.500,5940,1.1482,35.53
Kepler-1279 b,Kepler-1279,0.17850,1.750,6221,4.9296,1494.22
Kepler-1083 b,Kepler-1083,0.18990,3.360,5049,0.33649,902.63
Kepler-79 d,Kepler-79,0.29370,7.150,6389,2.1979,1020.72
Kepler-724 b,Kepler-724,0.04330,3.290,5437,0.59781,853.12
Kepler-190 b,Kepler-190,0.03000,1.560,5106,0.36262,433.39
WASP-10 b,WASP-10,0.03781,12.106,4675,0.22893,141.00
Kepler-1661 b,Kepler-1661,0.63300,3.870,5100,0.30691,410.61
HD 213885 c,HD 213885,0.05680,4.710,5978,1.376,48.09
TOI-1438 b,TOI-1438,0.05530,3.040,5230,0.45,110.51
HD 192699 b,HD 192699,1.06300,13.400,5041,10.209,71.86
Kepler-112 c,Kepler-112,0.17200,2.400,5544,0.82012,513.21
NGTS-17 b,NGTS-17,0.03910,13.899,5650,1.7426,1040.28
K2-15 b,K2-15,0.09100,2.480,5131,0.35226,493.99
Kepler-377 b,Kepler-377,0.10900,1.390,5949,1.6503,823.80
Kepler-54 d,Kepler-54,0.12600,1.530,4252,0.05,271.70
HD 111998 b,HD 111998,1.91000,12.900,6557,3.2532,33.22
HD 103891 b,HD 103891,3.27000,13.200,6072,6.11,55.52
TOI-1694 c,TOI-1694,0.97400,13.800,5005,0.381,124.68
NGTS-5 b,NGTS-5,0.03820,12.733,4987,0.30841,306.78
HD 115404 A c,HD 115404 A,11.36400,12.500,5019,0.3022,10.98
K2-87 b,K2-87,0.09400,7.600,5747,0.79856,491.24
Qatar-1 b,Qatar-1,0.02332,12.812,5013,0.365,185.62
WASP-8 c,WASP-8,5.28000,12.500,5690,0.87591,89.96
K2-136 c,K2-136,0.11850,3.000,4500,0.1673,59.25
Kepler-983 b,Kepler-983,0.31480,2.360,6052,1.4125,714.44
Kepler-887 b,Kepler-887,0.15431,1.840,6194,2.7936,886.59
Kepler-1948 b,Kepler-1948,0.10220,1.033,3872,0.1375,193.90
Kepler-39 b,Kepler-39,0.16400,13.900,6350,2.2178,1057.41
HD 101930 b,HD 101930,0.30000,10.600,5108,0.49,30.03
K2-50 b,K2-50,0.07050,1.590,4326,0.1338,257.44
Kepler-196 c,Kepler-196,0.24000,2.240,5128,0.40498,451.31
Kepler-444 c,Kepler-444,0.04881,0.497,5046,0.37623,36.44
Kepler-321 c,Kepler-321,0.11000,2.320,5740,0.98179,384.54
Kepler-1828 b,Kepler-1828,0.09240,2.116,5806,0.77396,871.81
Kepler-76 b,Kepler-76,0.02740,15.244,6409,2.8259,822.96
GJ 1214 b,GJ 1214,0.01505,2.733,3101,0.0039,14.64
TOI-1468 b,TOI-1468,0.02107,1.401,3376,0.01614,24.74
TIC 434398831 c,TIC 434398831,0.06572,5.630,5638,0.7186,217.01
Kepler-535 b,Kepler-535,0.06011,2.360,6123,2.1908,685.60
HD 105618 c,HD 105618,35.73100,11.900,5671,1.5124,70.08
WD 1856+534 b,WD 1856+534,0.02040,10.400,4710,7.5858e-05,24.74
Kepler-1037 b,Kepler-1037,0.01980,1.280,5105,0.35685,446.91
Kepler-107 b,Kepler-107,0.04544,1.536,5854,2.3147,526.00
Kepler-378 c,Kepler-378,0.16600,0.700,4661,0.22111,152.09
Kepler-347 d,Kepler-347,0.38020,3.040,5592,2.1995,1298.88
Kepler-1645 b,Kepler-1645,0.12850,1.780,5812,2.167,1202.47
WISPIT 2 b,WISPIT 2,57.00000,17.934,4400,0.699,134.91
K2-157 d,K2-157,0.30900,5.160,5334,0.61631,298.37
HD 88072 b,HD 88072,13.89500,12.600,5785,1.0749,35.91
Kepler-965 b,Kepler-965,0.50998,3.380,5886,1.4059,582.83
Kepler-404 b,Kepler-404,0.10200,1.270,5654,0.46021,812.52
BD+20 2457 c,BD+20 2457,2.01000,12.400,4137,1479.1,1539.71
HD 164922 c,HD 164922,0.34100,3.660,5390,0.71,22.00
TOI-6303 b,TOI-6303,0.07610,11.590,3977,0.081899,152.22
Kepler-1530 b,Kepler-1530,0.03553,1.640,5477,0.48881,489.88
WASP-167 b,WASP-167,0.03650,17.710,7000,7.8948,423.55
HD 330075 b,HD 330075,0.04000,14.300,5000,0.46774,45.30
HIP 41378 f,HIP 41378,1.39400,9.470,6290,2.4915,106.29
HD 35759 b,HD 35759,0.38900,13.000,6060,3.4454,71.24
Kepler-360 c,Kepler-360,0.07500,2.100,6053,0.73729,876.04
K2-412 b,K2-412,0.05860,2.116,5590,0.85008,654.09
Kepler-1996 c,Kepler-1996,0.36080,2.810,4580,0.22019,440.56
Kepler-1441 b,Kepler-1441,0.23460,1.310,5802,2.1121,1110.48
LTT 3780 b,LTT 3780,0.01195,1.325,3358,0.0165,21.98
Kepler-498 b,Kepler-498,0.08970,3.030,5744,1.4874,938.84
CoRoT-28 b,CoRoT-28,0.06030,10.705,5150,2.4462,766.18
OGLE-TR-211 b,OGLE-TR-211,0.05100,15.244,6325,1.8474,1515.26
K2-247 b,K2-247,0.03040,2.120,4667,0.13136,258.11
Kepler-1324 b,Kepler-1324,0.04660,1.510,4776,0.21231,481.67
TOI-3919 b,TOI-3919,0.07950,12.319,6100,2.168,604.59
HIP 67851 c,HIP 67851,4.55000,12.700,4840,14.68,64.12
Kepler-354 c,Kepler-354,0.11500,1.310,4648,0.19322,554.06
TOI-5789 d,TOI-5789,0.17560,1.910,5185,0.469,20.46
HD 104985 b,HD 104985,0.71500,12.800,4738,58.869,100.58
CoRoT-22 b,CoRoT-22,0.09200,4.880,5939,1.0316,627.16
K2-325 b,K2-325,0.04190,2.200,3287,0.0089534,111.64
Kepler-320 c,Kepler-320,0.14200,1.370,6435,2.367,826.61
Kepler-879 b,Kepler-879,0.20120,2.570,5792,1.0799,802.67
Kepler-1933 b,Kepler-1933,0.05605,1.180,5661,0.76568,328.01
TOI-2537 b,TOI-2537,0.37150,11.254,4870,0.301,184.99
Kepler-1641 b,Kepler-1641,0.14730,3.110,6152,1.3515,860.37
GJ 687 b,GJ 687,0.16300,4.320,3413,0.021281,4.55
Kepler-23 b,Kepler-23,0.07212,1.638,5828,2.4994,835.76
Kepler-1173 b,Kepler-1173,0.01560,0.890,5252,0.3671,377.06
L 98-59 c,L 98-59,0.03090,1.329,3415,0.0122,10.62
Kepler-367 b,Kepler-367,0.20100,1.300,4710,0.24171,188.03
Kepler-1166 b,Kepler-1166,0.19750,1.690,5446,0.5547,634.91
LHS 1815 b,LHS 1815,0.04040,1.088,3643,0.041,29.84
HD 219077 b,HD 219077,5.93500,12.500,5362,2.6607,29.19
Kepler-603 d,Kepler-603,0.07117,1.320,5808,2.4635,1539.63
Kepler-458 c,KIC 9663113,0.17012,4.200,6117,6.193,1594.74
Kepler-1922 b,Kepler-1922,0.10770,2.291,5931,1.4197,1344.29
Kepler-969 c,Kepler-969,0.02650,0.990,5214,0.40855,390.35
HIP 41378 e,HIP 41378,0.68000,5.190,6290,2.4915,106.29
HD 96127 b,HD 96127,1.41000,13.000,3943,724.44,587.66
WASP-63 b,WASP-63,0.05740,15.805,5550,2.8142,290.68
GJ 1132 b,GJ 1132,0.01570,1.192,3229,0.00477,12.61
TOI-6223 b,TOI-6223,0.04018,5.070,3895,0.075504,133.12
Kepler-178 d,Kepler-178,0.39700,3.950,5676,0.61975,716.02
HD 88133 b,HD 88133,0.04790,13.800,5392,3.1389,73.61
TOI-7384 b,TOI-7384,0.04390,3.560,3185,0.0094391,66.79
K2-281 b,K2-281,0.07730,8.180,4812,0.2255,458.14
HD 80869 b,HD 80869,2.90500,12.800,5837,2.5106,85.40
TOI-1448 b,TOI-1448,0.05670,2.749,3412,0.01758,73.33
TOI-2141 d,TOI-2141,0.29060,3.970,5635,0.89125,77.68
Kepler-862 b,Kepler-862,0.03900,2.210,5333,0.78973,1039.03
TOI-5350 b,TOI-5350,0.07960,12.420,6220,2.16,277.42
Kepler-138 c,Kepler-138,0.09130,1.510,3841,0.056,66.86
Kepler-1001 b,Kepler-1001,0.11147,3.150,5491,0.52655,928.98
Kepler-1059 b,Kepler-1059,0.04400,1.730,4906,0.30174,713.17
HD 86728 b,HD 86728,0.19160,3.030,5610,1.365,14.92
Kepler-518 b,Kepler-518,0.07996,2.110,5842,0.91197,337.90
Kepler-28 b,Kepler-28,0.05687,1.959,4499,0.17991,438.36
HD 63433 c,HD 63433,0.14600,2.692,5553,0.748,22.40
AB Aur b,AB Aur,93.90000,12.500,9770,59,162.13
TOI-128.01,TOI-128,0.05381,2.219,6086,1.5443,68.47
Kepler-49 d,Kepler-49,0.03100,1.600,4252,0.074,311.22
HD 114729 b,HD 114729,2.06700,13.900,5844,2.636,37.81
Kepler-107 c,Kepler-107,0.06064,1.597,5854,2.3147,526.00
Kepler-88 d,KOI-142,2.46633,13.100,5466,0.6838,376.86
TOI-2095 b,TOI-2095,0.10100,1.250,3759,0.03476,41.92
WASP-67 b,WASP-67,0.05179,12.890,5200,0.50768,189.47
Kepler-1755 b,Kepler-1755,0.16680,5.917,6086,1.8773,982.38
Teegarden's Star c,Teegarden's Star,0.04550,1.020,3034,0.000722,3.83
TOI-2000 b,TOI-2000,0.04271,2.700,5611,1.147,175.71
WASP-131 b,WASP-131,0.06080,13.742,5990,3.3888,200.07
HD 144899 b,HD 144899,0.24200,4.770,6126,3.4461,115.67
mu2 Sco b,mu2 Sco,242.40000,12.300,21700,6309.6,
Kepler-9 c,Kepler-9,0.22700,8.080,5774,0.91622,628.26
HD 219828 b,HD 219828,0.04900,4.590,5891,2.6303,73.11
OGLE-TR-113 b,OGLE-TR-113,0.02289,12.251,4790,0.2958,566.46
HD 156279 c,HD 156279,5.48600,12.500,5453,0.71456,36.19
Kepler-1041 b,Kepler-1041,0.16880,2.940,5957,3.0842,1485.82
Kepler-877 b,Kepler-877,0.13010,2.120,5261,0.45394,602.18
HD 135694 b,HD 135694,0.12470,2.857,5712,1.095,73.87
K2-70 b,K2-70,0.11120,2.890,5622,0.37209,232.96
TIC 237913194 b,TIC 237913194,0.12070,12.520,5788,1.196,306.06
Kepler-1578 b,Kepler-1578,0.02520,1.040,5545,0.68355,1064.05
WASP-84 c,WASP-84,0.02359,1.950,5280,0.47315,100.59
TOI-776 c,TOI-776,0.10010,2.047,3725,0.049,27.17
Kepler-212 b,Kepler-212,0.13300,1.090,5852,2.4181,687.19
Kepler-1577 b,Kepler-1577,0.06570,1.130,4862,0.24702,510.03
Kepler-257 b,Kepler-257,0.03400,2.610,5180,0.41922,780.26
WASP-61 b,WASP-61,0.05210,15.805,6250,2.6632,488.66
Kepler-165 b,Kepler-165,0.07200,2.320,5211,0.33705,560.88
Kepler-55 d,Kepler-55,0.02900,1.590,4503,0.17249,578.80
HD 27894 b,HD 27894,0.12500,14.100,4875,0.35563,43.82
Kepler-1700 b,Kepler-1700,0.76094,2.901,6031,1.4258,717.60
TOI-2093 b,TOI-2093,0.09700,3.250,4426,0.1838,82.80
HD 45364 b,HD 45364,0.67930,9.030,5466,0.637,34.35
Kepler-1608 b,Kepler-1608,0.11260,1.730,4992,0.2904,832.00
HATS-11 b,HATS-11,0.05070,18.030,6563,2.53,944.60
TOI-1789 b,TOI-1789,0.04882,16.141,5991,5.45,229.07
EPIC 201757695.02,EPIC 201757695,0.02960,0.908,4520,0.433,577.60
Kepler-152 b,Kepler-152,0.12400,2.790,5088,0.34286,441.09
Kepler-253 c,Kepler-253,0.08900,2.650,5208,0.40982,838.60
Kepler-759 b,Kepler-759,0.23290,2.270,5860,1.1508,1073.48
V1298 Tau c,V1298 Tau,0.08240,5.080,4970,0.954,108.20
HIP 8152 c,HIP 8152,0.13900,2.524,5618,0.831,101.69
DE CVn b,DE CVn,5.75000,12.400,3579,0.02667,30.52
HATS-29 b,HATS-29,0.05475,14.022,5670,1.07,353.89
Kepler-365 c,Kepler-365,0.13700,1.640,6012,1.2942,1038.99
TOI-942 c,TOI-942,0.08598,4.670,4969,0.438,152.60
Kepler-899 b,Kepler-899,0.13920,2.680,5595,1.1177,1246.43
HD 110067 b,HD 110067,0.07930,2.200,5266,0.43427,32.16
K2-272 b,K2-272,0.10070,3.130,5397,0.49872,423.06
TOI-3474 b,TOI-3474,0.05020,14.673,6020,1.86,420.12
Kepler-1328 b,Kepler-1328,0.05200,0.980,5780,1.6889,813.54
K2-61 b,K2-61,0.03920,1.920,5748,0.96552,405.73
Kepler-1329 b,Kepler-1329,0.07470,2.170,4500,0.16951,588.04
WISPIT 2 c,WISPIT 2,14.00000,17.934,4530,0.67608,134.91
Kepler-825 c,Kepler-825,0.07590,1.840,5976,1.3169,807.85
Kepler-281 c,Kepler-281,0.21500,5.310,5723,1.4008,1745.45
Kepler-382 b,Kepler-382,0.05500,1.320,5600,1.3981,935.45
Kepler-1106 b,Kepler-1106,0.02390,1.650,6104,1.442,1090.70
WASP-129 b,WASP-129,0.06280,10.424,5900,1.2937,301.46
Kepler-171 c,Kepler-171,0.09800,2.560,5642,0.83335,863.86
HD 86264 b,HD 86264,2.76300,12.500,6210,4.5709,67.81
WASP-33 b,WASP-33,0.02390,17.856,7430,6.5984,121.94
eps Eri b,eps Eri,3.53000,13.800,5020,0.38082,3.20
GJ 3929 c,GJ 3929,0.08100,2.260,3384,0.0109,15.81
HD 66141 b,HD 66141,1.20000,12.800,4323,173.78,68.15
Kepler-835 b,Kepler-835,0.10700,2.790,5954,2.1377,2406.33
Kepler-1666 c,Kepler-1666,0.23830,3.236,6293,1.8552,1379.37
Kepler-1341 b,Kepler-1341,0.47267,2.990,4662,0.23027,476.96
HAT-P-23 b,HAT-P-23,0.02320,15.334,5905,1.5812,364.81
Kepler-396 b,Kepler-396,0.24067,3.500,5656,0.73348,223.76
gam Cep b,gam Cep,2.13000,12.700,4775,11.83,14.10
Kepler-1143 b,Kepler-1143,0.03710,1.670,5053,0.23837,555.19
Kepler-1801 b,Kepler-1801,0.09150,2.709,5738,0.59884,839.33
Kepler-136 b,Kepler-136,0.10600,2.050,6165,2.9294,420.82
WASP-120 b,WASP-120,0.05140,15.580,6450,4.7325,381.17
WASP-72 b,WASP-72,0.03711,14.460,6250,5.2966,434.75
Kepler-244 d,Kepler-244,0.14000,2.310,5554,0.55438,1036.49
TOI-1680 b,TOI-1680,0.03144,1.466,3225,0.00434,37.22
HD 118203 b,HD 118203,0.07130,12.778,5742,4.4238,92.26
Kepler-146 c,Kepler-146,0.36400,3.130,5948,1.4059,716.80
KOI-4777.01,KOI-4777,0.00800,0.510,3515,0.022886,172.25
Kepler-166 b,Kepler-166,0.07200,2.270,5413,0.41202,603.53
HATS-4 b,HATS-4,0.03620,11.433,5403,0.65013,416.46
Kepler-507 b,Kepler-507,0.04781,1.300,6113,2.1207,391.64
Kepler-121 b,Kepler-121,0.03900,2.340,5311,0.33577,510.52
TOI-2076 e,TOI-2076,0.03863,1.301,5187,0.3777,41.91
HD 63433 d,HD 63433,0.05030,1.073,5688,0.75,22.40
Kepler-172 d,Kepler-172,0.11800,2.250,5526,0.92924,828.59
Kepler-1204 b,Kepler-1204,0.38770,3.050,5825,0.87557,1175.22
Kepler-705 b,Kepler-705,0.23200,2.110,3722,0.04121,276.88
TOI-238 c,TOI-238,0.07490,2.180,5059,0.3382,80.54
Kepler-716 c,Kepler-716,0.04548,1.393,5012,0.31316,635.01
HD 166724 b,HD 166724,5.42000,13.000,5127,0.30974,45.13
HD 131496 b,HD 131496,2.01000,13.400,4846,9.8001,131.85
HD 163607 b,HD 163607,0.36200,13.900,5522,2.6303,67.79
Kepler-1858 b,Kepler-1858,0.35750,2.422,4939,0.35262,833.05
KOI-13 b,KOI-13,0.03641,16.948,7650,9.3541,519.10
Kepler-728 b,Kepler-728,0.06250,3.340,5660,1.6876,1765.23
Kepler-563 b,Kepler-563,0.14180,3.090,5066,0.35984,565.21
Kepler-221 d,Kepler-221,0.08700,2.730,5243,0.39419,385.23
Kepler-595 b,Kepler-595,0.15820,3.708,5138,0.44908,643.01
Kepler-296 f,Kepler-296,0.25500,1.800,3740,0.031,167.00
HD 173416 b,HD 173416,1.15800,13.400,4683,77.983,132.18
Kepler-534 b,Kepler-534,0.12720,2.240,5884,1.4041,570.66
TOI-1736 c,TOI-1736,1.37000,12.500,5636,1.865,88.95
TOI-5789 b,TOI-5789,0.03608,1.260,5185,0.469,20.46
USco CTIO 108 b,USco CTIO 108,670.00000,12.300,2700,0.01122,144.02
Kepler-1270 b,Kepler-1270,0.07045,3.320,5047,5.1667,1095.05
Kepler-1370 b,Kepler-1370,0.15763,1.840,6202,2.8705,1004.10
Kepler-172 c,Kepler-172,0.06800,2.860,5526,0.92924,828.59
Kepler-1429 b,Kepler-1429,0.05500,1.290,5902,1.3739,1214.09
Kepler-419 c,Kepler-419,1.68000,12.600,6430,5.3309,1011.36
K2-266 d,K2-266,0.10350,2.930,4285,0.1502,77.56
HD 75784 b,HD 75784,1.03200,13.800,4867,5.7016,85.43
Kepler-1022 b,Kepler-1022,0.08050,2.360,4445,0.13858,420.04
Kepler-1321 d,Kepler-1321,0.05010,2.628,3640,0.13728,769.15
Kepler-433 b,Kepler-433,0.06790,16.250,6360,7.5858,1878.31
Kepler-886 b,Kepler-886,0.06428,1.520,6098,1.1007,711.30
Kepler-1340 b,Kepler-1340,0.01523,1.550,6331,1.2213,981.78
HD 110113 c,HD 110113,0.06800,2.114,5732,0.92822,106.31
Kepler-220 b,Kepler-220,0.04600,0.810,4632,0.21089,171.11
HD 99706 b,HD 99706,1.98000,13.700,4862,15.4,146.60
Kepler-1472 b,Kepler-1472,0.23220,1.900,6159,2.6304,1479.14
Kepler-133 b,Kepler-133,0.08300,1.760,5736,2.5734,653.60
GJ 3138 d,GJ 3138,0.69800,3.230,3717,0.045,28.47
Kepler-283 c,Kepler-283,0.34100,1.820,4351,0.104,468.09
Kepler-444 b,Kepler-444,0.04178,0.403,5046,0.37623,36.44
Kepler-631 b,Kepler-631,0.14017,2.900,6185,2.4499,761.97
Kepler-1086 b,Kepler-1086,0.11980,2.440,4350,0.13805,466.08
Kepler-998 b,Kepler-998,0.06260,2.320,6058,1.5592,986.36
HD 20781 e,HD 20781,0.33740,3.830,5256,0.49,35.97
Kepler-1023 b,Kepler-1023,0.30284,2.630,5494,0.6418,694.17
Kepler-104 c,Kepler-104,0.15300,3.130,5711,1.2282,400.79
Kepler-576 b,Kepler-576,0.17900,3.270,5672,0.61563,617.55
TOI-1338 c,TOI-1338 A,0.79400,10.300,5723,2.1329,399.02
Kepler-1115 b,Kepler-1115,0.21340,1.700,8480,17.941,983.25
KIC 5437945 b,KIC 5437945,1.19671,6.400,6340,4.379,1274.01
Gl 410 b,Gl 410,0.05310,2.830,3842,0.057677,11.93
Kepler-1859 c,Kepler-1859,0.04730,1.660,5887,1.4266,1331.25
K2-323 b,K2-323,0.12750,2.100,3710,0.045783,118.32
HD 95544 b,HD 95544,3.16600,12.800,5722,3.0059,87.80
HD 132406 b,HD 132406,1.98000,12.800,5766,1.8195,70.78
TOI-5688 A b,TOI-5688 A,0.03379,10.300,3713,0.0591,226.32
Kepler-1201 b,Kepler-1201,0.11830,2.290,6177,1.1072,944.24
Kepler-370 c,Kepler-370,0.14000,1.910,5852,1.0141,1167.94
Kepler-1570 b,Kepler-1570,0.16699,1.070,5550,2.5957,919.00
HD 159243 c,HD 159243,0.80000,13.400,6123,1.3002,73.31
Kepler-33 d,Kepler-33,0.16620,5.350,5904,3.5975,1209.16
Kepler-232 c,Kepler-232,0.10100,3.830,5847,1.1268,1349.13
HD 80883 b,HD 80883,6.46200,12.800,5178,0.42999,34.60
Kepler-1505 b,Kepler-1505,0.18298,0.930,5686,1.4107,495.15
K2-18 c,K2-18,0.06000,2.650,3457,0.0253,38.03
WASP-92 b,WASP-92,0.03480,16.376,6280,1.882,575.89
Kepler-949 c,Kepler-949,0.13940,2.970,5211,0.36171,486.11
tau Cet g,tau Cet,0.13300,1.180,5310,0.49501,3.60
Kepler-151 b,Kepler-151,0.11600,3.060,5460,0.46331,649.92
Kepler-1290 b,Kepler-1290,0.05570,1.420,5660,1.1722,1593.70
TOI-201 b,TOI-201,0.30300,11.400,6423,2.61,113.83
Kepler-1025 b,Kepler-1025,0.21607,1.980,6089,1.9368,803.78
WASP-16 b,WASP-16,0.04150,13.675,5700,1.0234,194.13
Kepler-366 b,Kepler-366,0.04500,1.460,6209,3.7391,1856.28
Kepler-207 d,Kepler-207,0.06800,3.310,5920,3.4222,875.52
Kepler-1924 b,Kepler-1924,0.12160,2.654,5726,2.8333,1910.77
Kepler-1767 b,Kepler-1767,0.28730,3.013,5243,0.31425,820.51
GJ 887 e,GJ 887,0.04170,1.120,3688,0.0368,3.29
Kepler-1654 b,Kepler-1654,2.02600,9.180,5597,1.23,568.12
GJ 740 b,GJ 740,0.02900,1.530,3913,0.06223,11.10
Kepler-1524 b,Kepler-1524,0.33920,3.540,6179,0.98544,381.77
Kepler-68 d,Kepler-68,1.46900,13.900,5847,1.7024,144.17
Kepler-359 c,Kepler-359,0.30700,4.300,6248,0.80063,1443.21
TOI-1181 b,TOI-1181,0.03640,17.026,6054,4.39,302.82
Kepler-324 e,Kepler-324,0.10972,2.039,5191,0.49176,501.57
HD 177830 b,HD 177830,1.14000,13.500,4901,4.8419,62.77
Kepler-279 b,Kepler-279,0.11200,3.620,6363,3.3022,1037.40
Kepler-147 b,Kepler-147,0.11300,1.530,6012,2.675,1042.02
TOI-1853 b,TOI-1853,0.02130,3.460,4985,0.3696,165.10
K2-356 b,K2-356,0.15990,2.290,5568,0.57049,355.54
Kepler-1521 b,Kepler-1521,0.23476,2.500,5042,0.26971,206.98
K2-288 B b,K2-288 B,0.16400,1.900,3341,0.011749,65.61
HD 60532 b,HD 60532,0.77000,13.800,6245,10.021,25.97
HD 209458 b,HD 209458,0.04707,15.581,6091,1.7016,48.30
Kepler-238 c,Kepler-238,0.06900,2.390,5751,2.6945,1798.75
Kepler-1901 b,Kepler-1901,0.04530,1.474,5696,0.99277,1028.37
HD 135344 A b,HD 135344 A,16.50000,16.253,9540,16.596,141.59
Kepler-55 c,Kepler-55,0.20950,2.210,4362,0.17249,578.80
Kepler-673 b,Kepler-673,0.04550,6.540,5355,0.45288,918.21
GJ 676 A d,GJ 676 A,0.03900,1.780,3734,0.090676,16.03
Kepler-218 b,Kepler-218,0.04600,1.480,5502,1.0218,656.38
WASP-78 b,WASP-78,0.03488,21.633,6100,5.7908,754.26
Kepler-620 b,Kepler-620,0.10530,3.320,6155,2.1917,1355.28
Kepler-1330 b,Kepler-1330,0.08890,1.650,5608,2.6653,1720.48
TOI-2989 b,TOI-2989,0.03840,12.554,4672,0.183,195.79
Kepler-424 b,Kepler-424,0.04400,9.980,5460,0.70795,698.65
Kepler-349 c,Kepler-349,0.10500,1.960,5956,0.98333,940.72
Kepler-1231 b,Kepler-1231,0.09140,1.420,5778,1.0544,987.24
Kepler-274 b,Kepler-274,0.10100,1.540,6023,1.5896,1333.62
Kepler-280 c,Kepler-280,0.05600,2.010,5744,0.86224,780.36
TOI-163 b,TOI-163,0.05800,16.690,6495,4.33,411.72
Kepler-969 b,Kepler-969,0.19726,2.070,5214,0.40855,390.35
Kepler-359 b,Kepler-359,0.17800,3.530,6248,0.80063,1443.21
Kepler-1385 b,Kepler-1385,0.04262,0.850,5732,2.8205,688.79
Kepler-369 c,Kepler-369,0.09400,1.410,3591,0.038,214.00
TOI-431 b,TOI-431,0.01130,1.280,4850,0.27221,32.57
WASP-102 b,WASP-102,0.04100,14.908,5990,2.2751,535.69
Kepler-645 b,Kepler-645,0.04541,2.100,6170,2.8253,1173.57
GJ 480 b,GJ 480,0.06800,2.910,3509,0.027416,14.24
gam Psc b,gam Psc,1.32000,13.600,4742,58.41,41.31
Kepler-1253 b,Kepler-1253,0.31444,1.330,5850,2.212,514.52
Kepler-65 b,Kepler-65,0.03500,1.420,6211,2.9336,303.73
TOI-1467 b,TOI-1467,0.05075,1.920,3834,0.038,37.44
RR Cae b,RR Cae,5.30000,13.000,3904,0.0078051,21.19
WASP-186 b,WASP-186,0.06000,12.442,6361,3.1639,278.51
Kepler-832 b,Kepler-832,0.07500,2.060,5596,1.1756,1688.12
Kepler-281 d,Kepler-281,0.54560,5.937,5717,1.4008,1745.45
DMPP-3 A b,DMPP-3 A,0.05958,1.440,5138,0.50684,46.89
Kepler-1889 b,Kepler-1889,0.20820,2.944,5646,1.6587,1395.13
TOI-5340 b,TOI-5340,0.06280,15.076,5990,3.94,532.63
Kepler-988 b,Kepler-988,0.10850,2.070,4005,0.089662,304.89
K2-117 c,K2-117,0.04920,2.060,3778,0.044,101.63
Kepler-400 c,Kepler-400,0.13400,1.490,5886,1.4191,845.97
WASP-118 b,WASP-118,0.05453,16.141,6410,4.5588,376.66
TOI-880 c,TOI-880,0.06350,4.950,5050,0.35669,60.67
TOI-1278 b,TOI-1278,0.09500,12.218,3799,0.0614,75.58
HD 12235 b,HD 12235,0.05400,3.230,5986,3.7556,31.76
Kepler-364 b,Kepler-364,0.17800,1.550,6108,2.2453,891.46
Kepler-732 c,Kepler-732,0.01430,1.270,3631,0.04217,174.83
HD 220689 b,HD 220689,3.39600,13.700,5921,1.2388,46.88
Kepler-444 f,Kepler-444,0.08110,0.741,5046,0.37623,36.44
Kepler-222 c,Kepler-222,0.09100,4.640,5433,0.45937,758.85
K2-107 b,K2-107,0.04750,15.980,6061,2.9138,685.20
Kepler-999 b,Kepler-999,0.06918,2.340,6237,3.4522,545.06
GJ 887 c,GJ 887,0.12100,2.430,3688,0.0368,3.29
Kepler-524 b,Kepler-524,0.07955,1.910,6014,2.7509,1058.24
Kepler-291 c,Kepler-291,0.06500,1.880,6002,1.1786,1786.48
WASP-132 c,WASP-132,0.01833,1.841,4686,0.266,122.91
K2-273 b,K2-273,0.07290,3.050,5161,0.44382,308.11
V1298 Tau d,V1298 Tau,0.10810,6.530,4970,0.954,108.20
LHS 1140 b,LHS 1140,0.09460,1.730,3096,0.0038,14.99
Kepler-1491 b,Kepler-1491,0.12700,1.510,5728,2.2631,2065.59
HD 106906 b,HD 106906,650.00000,12.400,6516,5.6234,103.03
Kepler-177 b,Kepler-177,0.21101,3.500,5732,1.7378,1435.44
Kepler-1528 b,Kepler-1528,0.02960,1.460,5857,0.8624,817.53
Kepler-376 c,Kepler-376,0.11500,1.790,5900,2.2732,923.07
Kepler-1075 b,Kepler-1075,0.02080,1.420,3959,0.07711,291.27
Kepler-160 c,Kepler-160,0.11920,3.760,5471,1.01,937.01
HAT-P-36 b,HAT-P-36,0.02410,14.314,5620,1.053,294.42
Kepler-368 b,Kepler-368,0.18600,3.260,5502,3.6505,770.98
Kepler-192 b,Kepler-192,0.09000,2.740,5479,0.80484,651.67
HAT-P-12 b,HAT-P-12,0.03840,10.749,4650,0.20989,142.75
Kepler-115 b,Kepler-115,0.03600,1.090,5979,1.6599,623.61
Kepler-527 b,Kepler-527,0.11646,2.840,6388,2.1023,750.04
HD 190647 b,HD 190647,2.23100,13.400,5656,1.98,54.47
GJ 3473 b,GJ 3473,0.01589,1.264,3347,0.015,27.36
Kepler-183 b,Kepler-183,0.06400,2.060,5888,1.0617,1050.64
TOI-216.01,TOI-216,0.20690,10.100,5026,0.36175,177.94
HD 37605 b,HD 37605,0.27700,13.200,5329,0.60256,46.79
Kepler-1735 b,Kepler-1735,0.06210,1.194,3975,0.064118,245.30
Kepler-1618 b,Kepler-1618,0.07109,1.260,6620,4.8981,1229.25
Kepler-1455 b,Kepler-1455,0.21490,2.160,4075,0.072334,357.62
Kepler-296 e,Kepler-296,0.16900,1.530,3740,0.031,167.00
TOI-4311 c,TOI-4311,0.11160,2.470,5063,0.422,134.99
Kepler-325 b,Kepler-325,0.05300,2.910,5752,0.55631,823.24
Kepler-1376 b,Kepler-1376,0.05980,1.050,5659,0.84992,868.06
EPIC 220674823 c,EPIC 220674823,0.10780,2.712,5578,0.75999,244.59
TOI-1823 b,TOI-1823,0.21200,7.541,4927,0.346,71.65
Kepler-1190 b,Kepler-1190,0.08450,1.330,4730,0.18741,342.51
WASP-81 b,WASP-81,0.03908,16.018,5870,1.76,398.50
Kepler-154 c,Kepler-154,0.30300,2.950,5690,1.0795,915.21
TOI-2134 b,TOI-2134,0.07803,2.735,4580,0.192,22.62
Kepler-1194 b,Kepler-1194,0.12120,1.510,5590,0.74645,757.38
Kepler-352 d,Kepler-352,0.06574,0.806,5208,0.36953,252.73
TOI-2076 c,TOI-2076,0.14070,3.540,5187,0.3777,41.91
HIP 97166 b,HIP 97166,0.09100,2.480,5216,0.473,65.95
HD 5388 b,HD 5388,1.75700,13.100,6297,4.6,53.07
ROXs 12 b,ROXs 12,210.00000,12.200,3850,0.16213,136.65
TOI-558 b,TOI-558,0.12910,12.173,6466,3.52,402.63
Kepler-176 c,Kepler-176,0.10200,2.600,5232,0.39421,527.32
KOI-94 d,KOI-94,0.16840,11.270,6182,3.013,477.05
Kepler-833 b,Kepler-833,0.11390,2.020,4339,0.16103,467.37
HD 23472 b,HD 23472,0.11620,2.000,4684,0.237,39.03
K2-108 b,K2-108,0.05810,5.330,5599,2.5433,477.30
TOI-1859 b,TOI-1859,0.33700,9.752,6341,2.9972,224.38
Kepler-914 b,Kepler-914,0.05454,1.380,5877,1.7566,753.72
2MASS J01225093-2439505 b,2MASS J01225093-2439505,52.00000,11.209,3530,0.019055,33.83
Kepler-973 b,Kepler-973,0.24890,1.960,5213,0.45273,328.52
CoRoT-27 b,CoRoT-27,0.04760,11.287,5900,0.68169,1010.28
Kepler-440 b,Kepler-440,0.24200,1.860,4134,0.079068,301.03
Kepler-51 c,Kepler-51,0.38400,9.000,6018,0.72161,783.83
Kepler-903 b,Kepler-903,0.09081,2.010,5682,2.3155,1369.24
HIP 54515 b,HIP 54515,24.80000,12.200,8100,10.496,82.81
WASP-164 b,WASP-164,0.02818,12.644,5806,0.85641,327.51
HD 5278 b,HD 5278,0.12020,2.450,6203,1.907,57.58
K2-237 b,K2-237,0.03552,16.062,6180,2.01,315.00
Kepler-331 d,Kepler-331,0.15900,1.640,4347,0.1646,580.12
WASP-156 b,WASP-156,0.04600,6.150,5036,0.382,122.07
TOI-5322 b,TOI-5322,0.06040,16.612,5692,2.03,476.90
HD 290327 b,HD 290327,3.43000,13.300,5505,0.72444,56.43
Kepler-1810 b,Kepler-1810,0.41370,3.918,5492,0.69448,1009.87
K2-84 b,K2-84,0.06650,2.410,5652,0.3778,284.88
Kepler-299 c,Kepler-299,0.07000,2.650,5617,0.90465,1052.24
Kepler-997 b,Kepler-997,0.04022,1.360,6150,3.131,467.57
Kepler-1160 b,Kepler-1160,0.07550,2.140,5519,0.45367,1077.63
Kepler-162 b,Kepler-162,0.06900,1.260,5816,1.4302,855.64
PDS 70 c,PDS 70,34.30000,22.194,4109,0.35,113.06
Kepler-975 c,Kepler-975,0.05670,10.690,4883,0.30772,426.09
Kepler-247 b,Kepler-247,0.04200,1.640,5100,0.37875,663.71
HD 2039 b,HD 2039,2.20000,12.700,5945,1.5628,85.69
Kepler-1336 c,Kepler-1336,0.06272,1.710,5512,2.6334,1126.64
TOI-216.02,TOI-216,0.12930,8.000,5026,0.36175,177.94
Kepler-978 b,Kepler-978,0.27260,2.990,6002,1.39,682.52
HD 89307 b,HD 89307,3.27000,13.400,5955,1.353,32.01
Kepler-763 c,Kepler-763,0.04660,1.420,4999,0.46355,962.46
Kepler-236 c,Kepler-236,0.13200,2.000,3750,0.059,288.76
Kepler-851 b,Kepler-851,0.08020,1.680,5455,0.53333,839.25
TOI-2328 b,TOI-2328,0.12700,9.976,5525,0.67601,231.78
Kepler-206 d,Kepler-206,0.16300,1.190,5764,1.2122,594.45
Kepler-605 b,Kepler-605,0.04244,1.440,5462,0.5643,556.58
Kepler-453 b,Kepler-453,0.79030,6.204,5527,0.60187,442.85
HD 5319 b,HD 5319,1.57000,13.500,4871,8.091,121.41
TOI-2152 A b,TOI-2152,0.05064,14.359,6630,4.5,303.01
HD 196067 b,HD 196067,4.71000,12.400,6072,3.54,39.93
Kepler-1569 b,Kepler-1569,0.06669,1.680,6319,2.165,945.45
Kepler-234 b,Kepler-234,0.04000,3.700,6224,1.736,1733.10
Kepler-1100 b,Kepler-1100,0.06745,1.750,6247,1.2244,693.62
Kepler-929 b,Kepler-929,0.01982,1.110,5869,2.889,1311.23
HD 114386 b,HD 114386,1.73000,13.600,4836,0.2884,27.92
Kepler-860 b,Kepler-860,0.05800,3.240,5836,0.69621,1056.36
TOI-2524 b,TOI-2524,0.07300,11.209,5831,1.307,438.84
HATS-2 b,HATS-2,0.02317,12.576,5227,0.53951,341.93
K2-17 b,K2-17,0.11900,2.230,4320,0.10079,125.11
HIP 67537 b,HIP 67537,4.80700,12.300,4985,41.37,116.05
TOI-1451 b,TOI-1451,0.12700,2.611,5801,1.058,91.94
HD 14787 b,HD 14787,1.70000,13.700,4946,13.033,119.14
HD 4313 b,HD 4313,1.15700,13.400,4943,14.1,136.31
HD 83443 b,HD 83443,0.04060,14.100,5442,0.78699,40.90
WASP-106 b,WASP-106,0.09010,12.106,6002,2.6423,352.18
HD 93083 b,HD 93083,0.50800,14.300,5034,0.407,28.52
TOI-1259 A b,TOI-1259 A,0.04080,11.600,4775,0.25706,118.11
HD 133131 A b,HD 133131 A,1.44000,13.600,5799,0.96254,51.47
HD 214823 b,HD 214823,3.08000,12.100,6215,4.35,101.37
K2-181 b,K2-181,0.07060,2.690,5528,0.97158,360.91
Kepler-1039 b,Kepler-1039,0.01714,1.460,4870,0.22426,306.91
Kepler-206 c,Kepler-206,0.11100,1.770,5764,1.2122,594.45
Kepler-1090 c,Kepler-1090,0.22622,3.293,5330,0.71458,858.77
HAT-P-60 b,HAT-P-60,0.06277,18.282,6212,6.4401,233.22
K2-239 c,K2-239,0.05760,1.000,3420,0.016,31.08
HD 88986 b,HD 88986,0.58000,2.490,5861,2.474,33.27
Kepler-976 b,Kepler-976,0.42170,3.960,5232,0.43681,1012.41
Kepler-1694 b,Kepler-1694,0.04490,1.180,4954,0.31038,513.33
Kepler-1776 b,Kepler-1776,0.20930,2.612,5872,1.4585,690.34
HD 18143 c,HD 18143,17.53000,12.500,5078,0.47915,22.52
HD 219134 d,HD 219134,0.23700,1.610,4699,0.2646,6.53
WASP-123 b,WASP-123,0.04263,15.132,5740,1.4532,198.00
TOI-824 b,TOI-824,0.02177,2.926,4600,0.195,63.93
Kepler-221 e,Kepler-221,0.13000,2.630,5243,0.39419,385.23
Kepler-280 b,Kepler-280,0.03200,1.450,5744,0.86224,780.36
TOI-2202 c,TOI-2202,0.15544,13.400,5144,0.397,235.93
Kepler-411 b,Kepler-411,0.03750,2.401,4974,0.26364,153.68
Kepler-1358 b,Kepler-1358,0.06560,1.120,5181,0.38595,547.00
TOI-791 b,TOI-791,0.60200,11.131,6294,3.7707,341.22
HD 87816 b,HD 87816,1.61800,12.700,4989,45.2,133.23
K2-316 b,K2-316,0.01470,1.330,3436,0.014803,112.49
HD 360 b,HD 360,0.98000,14.000,4770,55.159,111.54
GJ 273 c,GJ 273,0.03647,1.060,3382,0.0087999,5.92
Kepler-1436 b,Kepler-1436,0.09070,1.310,5972,6.3267,2530.62
TOI-813 b,TOI-813,0.42300,6.710,5907,4.1597,263.14
Kepler-1571 b,Kepler-1571,0.04287,1.520,6297,1.5631,675.30
HAT-P-41 b,HAT-P-41,0.04258,22.978,6390,4.2462,348.19
TOI-1227 b,TOI-1227,0.08860,9.572,3072,0.00251,100.64
HD 185283 b,HD 185283,4.60000,13.600,4848,0.27497,31.39
HIP 54373 b,HIP 54373,0.06300,2.870,4021,0.059925,18.72
Kepler-598 b,Kepler-598,0.04487,1.500,5307,0.55268,681.09
Kepler-1028 b,Kepler-1028,0.03540,1.330,5522,0.56905,607.92
CoRoT-14 b,CoRoT-14,0.02700,12.220,6035,1.3147,1744.60
HD 9446 b,HD 9446,0.18900,14.000,5793,1.1,50.35
Kepler-1627 b,Kepler-1627,0.06430,3.690,5445,0.4975,317.44
Kepler-1920 b,Kepler-1920,0.20430,2.954,6277,1.2599,885.91
Kepler-1155 b,Kepler-1155,0.20060,2.030,5842,1.1148,1128.72
Kepler-1171 b,Kepler-1171,0.02840,2.560,7044,7.3998,573.00
HD 65216 b,HD 65216,1.30100,13.600,5612,0.70827,35.12
HIP 90988 b,HIP 90988,1.36000,13.400,4883,7.76,94.03
47 UMa c,47 UMa,3.60000,14.200,5872,1.5769,13.80
Kepler-436 c,Kepler-436,0.11452,2.330,4685,0.19907,588.87
HD 175167 b,HD 175167,2.40000,12.300,5635,2.8571,71.09
Kepler-1743 b,Kepler-1743,0.08400,1.599,5855,3.9754,538.81
Kepler-721 b,Kepler-721,0.05830,2.640,5075,0.43461,926.60
Kepler-314 c,Kepler-314,0.06400,2.900,5378,0.59472,268.88
HAT-P-31 b,HAT-P-31,0.06100,12.218,6065,2.7111,344.05
HD 11964 b,HD 11964,3.16000,14.100,5303,2.8777,33.54
K2-211 b,K2-211,0.01419,1.332,5117,0.414,272.30
Kepler-2001 b,Kepler-2001,0.01970,1.040,5081,0.28427,776.55
TOI-238 b,TOI-238,0.02120,1.559,5059,0.3382,80.54
Kepler-1817 b,Kepler-1817,0.23480,2.273,5316,0.41645,748.57
HD 220197 b,HD 220197,2.72900,9.320,5683,0.99213,64.41
Kepler-1247 b,Kepler-1247,0.10910,2.330,5303,0.45158,1045.92
HD 154345 b,HD 154345,4.15800,13.700,5468,0.60348,18.28
Kepler-243 b,Kepler-243,0.06200,2.450,5228,0.42328,693.86
Kepler-308 b,Kepler-308,0.09000,2.120,5895,0.76618,1335.92
Teegarden's Star d,Teegarden's Star,0.07910,0.954,3034,0.000722,3.83
Kepler-254 d,Kepler-254,0.13900,2.500,5957,0.75005,1389.48
K2-19 b,K2-19,0.07487,7.000,5322,0.51055,289.83
TCP J05074264+2447555 b,TCP J05074264+2447555,0.94000,4.720,5805,2.0771,505.00
HD 30177 b,HD 30177,3.49000,12.600,5680,1.212,55.59
Kepler-1475 b,Kepler-1475,0.37300,2.920,6214,1.7939,1568.38
K2-111 c,K2-111,0.11565,3.340,5775,1.9,200.39
HAT-P-67 b,HAT-P-67,0.06505,23.987,6640,11.96,371.69
TOI-2373 b,TOI-2373,0.11200,10.424,5651,1.125,508.69
Kepler-1530 d,Kepler-1530,0.08276,3.279,5678,0.48881,489.88
TOI-1288 b,TOI-1288,0.03740,4.968,5388,0.7,114.86
Kepler-660 b,Kepler-660,0.07590,2.570,4779,0.23679,568.43
Kepler-760 b,Kepler-760,0.08087,3.060,5322,0.52484,792.34
TRAPPIST-1 c,TRAPPIST-1,0.01580,1.097,2566,0.00055301,12.43
Kepler-1712 b,Kepler-1712,0.09030,2.284,3732,0.066197,156.26
Kepler-784 b,Kepler-784,0.22111,1.580,5674,7.1933,1303.72
Kepler-1612 b,Kepler-1612,0.04820,1.030,5643,0.64832,764.73
TOI-1246 e,TOI-1246,0.21200,3.514,5213,0.5,169.42
K2-157 b,K2-157,0.00962,0.935,5334,0.61631,298.37
Kepler-1335 b,Kepler-1335,0.06150,1.450,4903,0.27829,621.85
Kepler-612 b,Kepler-612,0.04520,2.840,5693,2.0189,1445.53
Kepler-20 f,Kepler-20,0.13870,0.952,5495,0.68468,282.56
CoRoT-32 b,CoRoT-32,0.07100,6.389,5970,0.7,576.68
Kepler-289 d,Kepler-289,0.33000,3.030,5990,1.1508,704.44
Kepler-383 c,Kepler-383,0.17200,1.240,4710,0.20045,470.00
Kepler-228 c,Kepler-228,0.05200,2.700,6043,1.2917,1644.61
K2-32 b,K2-32,0.07950,5.299,5271,0.50574,157.68
GJ 2030 c,GJ 2030,16.76100,12.300,5485,4.0954,37.08
Kepler-1882 b,Kepler-1882,0.11636,1.487,5691,1.7248,443.37
Kepler-664 b,Kepler-664,0.03740,2.660,5754,0.77423,1210.12
K2-25 b,K2-25,0.02870,3.440,3207,0.00816,44.96
Kepler-450 b,Kepler-450,0.20092,6.140,6197,3.5812,455.98
Kepler-1054 b,Kepler-1054,0.05542,2.630,6209,2.3371,1090.51
TOI-5386 A b,TOI-5386 A,0.04856,14.706,6094,1.927,394.49
Kepler-387 c,Kepler-387,0.09800,0.890,5774,1.3721,801.05
Kepler-157 c,Kepler-157,0.11000,2.240,5774,1.2336,773.71
Kepler-680 b,Kepler-680,0.04690,2.420,5890,1.575,1492.48
Kepler-697 b,Kepler-697,0.04710,4.130,5513,0.94313,1277.33
Kepler-616 b,Kepler-616,0.09270,2.430,5753,0.77359,945.77
Kepler-202 c,Kepler-202,0.11300,1.850,4668,0.23005,285.11
HD 141399 e,HD 141399,5.00000,14.100,5600,1.59,37.02
TOI-2449 b,TOI-2449,0.45000,11.240,6021,1.4063,156.79
Kepler-338 e,Kepler-338,0.08979,1.560,5999,3.8521,552.80
K2-229 c,K2-229,0.07690,2.030,5315,0.40861,102.56
tau Cet h,tau Cet,0.24300,1.190,5310,0.49501,3.60
Kepler-1749 b,Kepler-1749,0.09560,1.613,3957,0.11223,268.20
HD 3167 d,HD 3167,0.07700,2.610,5338,0.55301,47.29
HIP 63242 b,HIP 63242,0.56500,12.500,4830,42.658,156.46
Kepler-1793 b,Kepler-1793,0.07870,3.790,5191,0.58359,1189.88
TOI-1203 b,TOI-1203,0.04869,1.520,5737,1.3482,64.99
Kepler-1107 b,Kepler-1107,0.01285,1.340,5268,0.3828,428.80
HD 457 b,HD 457,15.36900,11.900,6114,2.0689,55.04
HD 112640 b,HD 112640,1.70000,12.900,4155,283.5,323.33
Kepler-166 c,Kepler-166,0.19500,2.380,5413,0.41202,603.53
Kepler-1647 b,Kepler-1647,2.72050,11.874,6210,4.4081,1212.45
HD 181234 b,HD 181234,7.42700,12.500,5386,0.79702,47.75
Kepler-349 b,Kepler-349,0.06500,1.900,5956,0.98333,940.72
Kepler-1815 b,Kepler-1815,0.09840,2.749,5516,0.93313,1006.63
TOI-907.01,TOI-907,0.05523,9.616,6272,5.7361,312.53
Kepler-1417 b,Kepler-1417,0.14062,1.000,5839,2.4807,991.85
Kepler-56 b,Kepler-56,0.10280,6.510,4840,8.0269,912.99
Kepler-1197 b,Kepler-1197,0.02869,1.250,4708,0.21563,486.94
Kepler-1921 b,Kepler-1921,0.15865,2.895,6120,6.4009,928.99
Kepler-1484 b,Kepler-1484,0.19390,2.110,5730,6.2447,2879.83
HD 47366 c,HD 47366,1.84000,13.500,4866,26.1,84.36
Kepler-1210 b,Kepler-1210,0.07530,1.700,5568,0.70992,1176.53
K2-245 b,K2-245,0.09590,4.340,5793,1.4856,456.06
Kepler-159 b,Kepler-159,0.08200,2.380,4625,0.17602,373.74
Kepler-91 b,Kepler-91,0.07310,15.323,4550,16.788,1294.69
Kepler-354 b,Kepler-354,0.05400,1.840,4648,0.19322,554.06
K2-290 b,K2-290,0.09230,3.060,6302,2.6324,272.91
Kepler-1766 b,Kepler-1766,0.41610,2.279,5868,1.4958,501.23
Kepler-774 b,Kepler-774,0.10820,3.170,6403,5.6582,917.80
Kepler-859 b,Kepler-859,0.13157,3.090,5020,0.27773,839.90
UCAC3 113-933 b,UCAC3 113-933,6100.00000,12.100,3864,0.063996,52.58
Kepler-1972 c,Kepler-1972,0.10493,0.868,5818,1.97,287.34
Kepler-1833 b,Kepler-1833,0.07545,1.300,6164,2.7378,591.60
Kepler-401 d,Kepler-401,0.66886,2.270,6184,3.6822,965.56
TRAPPIST-1 f,TRAPPIST-1,0.03849,1.045,2566,0.00055301,12.43
TOI-4458 b,TOI-4458,0.05220,12.408,6151,5.34,505.43
GJ 667 C b,GJ 667 C,0.05043,2.250,3350,0.013709,7.24
Kepler-1621 b,Kepler-1621,0.42040,2.160,6158,3.0076,1631.66
HD 206893 b,HD 206893,10.75000,14.011,6500,2.8582,40.76
HD 238090 b,HD 238090,0.09320,2.520,3933,0.0702,15.24
Kepler-1840 b,Kepler-1840,0.46206,2.778,4898,0.25879,513.11
Kepler-1362 b,Kepler-1362,0.46260,2.600,4857,0.25043,731.30
KOI-984 b,KOI-984,0.05040,4.300,5295,0.47424,252.67
TOI-1420 b,TOI-1420,0.07100,11.890,5510,0.705,201.92
Kepler-37 c,Kepler-37,0.13900,0.755,5357,0.47657,63.92
Kepler-717 b,Kepler-717,0.05200,2.420,5485,4.0215,2805.48
K2-188 c,K2-188,0.07850,2.830,5977,1.6251,446.82
K2-148 d,K2-148,0.07740,1.640,4079,0.101,124.46
TOI-4791 b,TOI-4791,0.05550,12.442,6058,2.4,328.80
Kepler-1566 b,Kepler-1566,0.01198,0.790,5254,0.36581,466.59
kap And b,kap And,55.00000,15.917,11327,62.604,50.02
Kepler-1751 b,Kepler-1751,0.07120,1.824,6052,1.0866,1291.47
WASP-132 d,WASP-132,2.71000,12.800,4686,0.266,122.91
Kepler-704 b,Kepler-704,0.04700,2.610,5616,1.086,1228.83
TIC 147027702 b,TIC 147027702,0.27400,10.929,6410,6.8,457.19
K2-156 b,K2-156,0.01490,1.100,4460,0.1452,150.21
HATS-56 b,HATS-56,0.06043,18.921,6536,7.9001,564.41
WASP-154 b,WASP-154,0.04400,10.761,4774,0.31577,215.50
Kepler-150 f,Kepler-150,1.24000,3.640,5528,0.68959,891.09
Kepler-304 c,Kepler-304,0.05400,2.170,4731,0.21797,434.68
HAT-P-43 b,HAT-P-43,0.04440,13.630,5693,1.1478,528.83
Kepler-279 d,Kepler-279,0.29010,3.100,6689,3.3022,1037.40
NGTS-38 b,NGTS-38,0.69700,12.117,6310,4.922,268.64
Kepler-49 e,Kepler-49,0.11600,1.560,4252,0.074,311.22
Kepler-1432 b,Kepler-1432,0.16960,2.220,6031,2.8132,2171.87
HAT-P-42 b,HAT-P-42,0.05750,14.348,5743,2.2699,405.24
Kepler-355 c,Kepler-355,0.17900,2.710,6184,1.5673,1432.17
Kepler-326 c,Kepler-326,0.05100,1.400,5105,0.69732,487.68
Kepler-1299 b,Kepler-1299,0.13570,2.980,5609,0.78305,1404.94
TOI-172 b,TOI-172,0.09140,10.817,5645,2.89,342.83
Kepler-741 b,Kepler-741,0.07440,2.970,6129,2.1459,1661.87
Kepler-1806 b,Kepler-1806,0.08130,2.356,5311,0.36725,978.07
Kepler-353 c,Kepler-353,0.06500,1.380,3903,0.064999,384.69
HD 2952 b,HD 2952,1.11700,13.900,4853,58.59,110.10
TOI-375 c,TOI-375,0.52400,13.400,5260,5.754,396.21
Kepler-1226 b,Kepler-1226,0.13945,1.450,5923,2.2881,1125.72
Kepler-560 b,Kepler-560,0.08990,1.720,3556,0.019187,109.31
PZ Tel b,PZ Tel,27.00000,11.900,5169,1.0154,47.06
HD 164604 c,HD 164604,5.55600,12.500,4663,0.26,39.36
Kepler-1048 b,Kepler-1048,0.05900,1.610,4651,0.38972,556.01
Kepler-1422 b,Kepler-1422,0.14990,2.020,6194,2.8007,2465.84
Kepler-1094 b,Kepler-1094,0.36250,3.180,6112,1.507,1291.01
HD 69830 c,HD 69830,0.18600,3.460,5385,0.60256,12.56
HD 82943 c,HD 82943,0.74345,13.400,5935,1.5633,27.59
TOI-1749 d,TOI-1749,0.07070,2.520,3985,0.069745,99.56
Kepler-954 b,Kepler-954,0.12020,2.320,4990,0.26779,215.81
HATS-38 b,HATS-38,0.05036,6.882,5732,1.179,343.52
K2-36 c,K2-36,0.05528,3.200,4916,0.26915,109.75
Kepler-1388 c,Kepler-1388,0.05190,2.260,4098,0.078199,453.80
Kepler-416 b,Kepler-416,0.06740,2.480,5718,1.0664,690.82
Kepler-1567 b,Kepler-1567,0.55200,2.730,5655,0.75539,1206.11
HD 147873 c,HD 147873,1.36000,13.300,5972,5.99,109.06
Kepler-290 b,Kepler-290,0.11000,2.250,5147,0.25947,694.63
Kepler-1212 b,Kepler-1212,0.10820,2.140,6051,1.6257,1316.57
Kepler-857 b,Kepler-857,0.37510,6.800,5773,0.84834,983.50
Kepler-1626 b,Kepler-1626,0.05370,2.020,6826,4.0812,1368.83
TOI-1836 c,TOI-1836,0.03089,2.600,6237,3.714,191.65
K2-64 b,K2-64,0.06190,2.070,5312,0.58316,499.89
Kepler-1336 b,Kepler-1336,0.15845,1.980,5512,2.6334,1126.64
Kepler-872 b,Kepler-872,0.03620,1.990,5902,0.71494,879.68
Kepler-1656 b,Kepler-1656,0.19740,4.574,5569,1.0491,185.88
POTS-1 b,POTS-1,0.03734,10.548,4400,0.081865,747.96
Kepler-68 e,Kepler-68,4.60000,11.200,5847,1.7024,144.17
Kepler-1406 b,Kepler-1406,0.09870,1.100,5892,1.3646,572.40
Kepler-758 e,Kepler-758,0.08290,1.530,6228,3.6543,1502.32
Kepler-675 b,Kepler-675,0.03250,2.440,4945,0.31139,665.68
Kepler-77 b,Kepler-77,0.04501,10.761,5520,0.8995,639.41
Kepler-679 b,Kepler-679,0.09830,3.010,5403,0.44918,922.24
K2-265 b,K2-265,0.03359,1.708,5420,0.65701,138.67
Kepler-1682 b,Kepler-1682,0.11340,2.889,5619,0.63724,1159.85
Kepler-1907 c,Kepler-1907,0.10371,1.155,5159,0.23725,292.11
Kepler-996 b,Kepler-996,0.04740,1.980,6014,1.7477,1216.58
Kepler-174 d,Kepler-174,0.67700,2.190,4880,0.26891,384.76
Kepler-282 d,Kepler-282,0.15837,2.460,5656,1.2761,1337.61
HD 219828 c,HD 219828,5.65700,12.200,5891,2.6303,73.11
Kepler-758 d,Kepler-758,0.15270,2.120,6228,3.6543,1502.32
K2-85 b,K2-85,0.01300,1.400,4232,0.15427,97.22
TOI-2076 b,TOI-2076,0.08781,2.590,5187,0.3777,41.91
K2-3 d,K2-3,0.20140,1.458,3844,0.0587,44.07
Kepler-360 b,Kepler-360,0.04400,1.650,6053,0.73729,876.04
TOI-3664 b,TOI-3664,0.04310,13.697,5593,1.1903,464.75
Kepler-293 b,Kepler-293,0.14400,3.070,5804,0.58526,974.63
HD 135625 b,HD 135625,5.40000,13.300,6041,2.2103,56.52
K2-419 A b,K2-419 A,0.12080,10.550,3711,0.052901,268.69
HD 126105 b,HD 126105,1.36000,13.500,4875,8.9999,82.88
TOI-756 b,TOI-756,0.01800,2.810,3657,0.041,86.18
TOI-4794 b,TOI-4794,0.04920,14.359,6390,3.16,543.01
HD 52265 b,HD 52265,0.52000,13.700,6136,1.9815,29.98
TOI-451 d,TOI-451,0.11680,3.930,5490,0.59,123.74
Kepler-974 b,Kepler-974,0.04190,1.570,3687,0.044232,134.31
TOI-5205 b,TOI-5205,0.01990,11.600,3430,0.0194,86.45
Kepler-1008 b,Kepler-1008,0.09755,1.280,5066,0.31138,282.56
Kepler-1373 b,Kepler-1373,0.02598,1.160,6299,5.9372,1699.46
Kepler-172 e,Kepler-172,0.21100,2.760,5526,0.92924,828.59
TOI-1670 b,TOI-1670,0.10300,2.060,6170,2.5145,168.07
TOI-2338 b,TOI-2338,0.15800,11.209,5581,0.97,314.00
Kepler-275 d,Kepler-275,0.22400,3.330,6165,2.8141,2034.25
Kepler-305 e,Kepler-305,0.04017,1.794,4974,0.37742,868.48
TOI-2133 b,TOI-2133,0.04100,2.370,4250,0.14045,75.20
K2-188 b,K2-188,0.02890,1.350,5977,1.6251,446.82
Kepler-32 d,Kepler-32,0.13000,2.700,3900,0.051,323.85
Qatar-3 b,Qatar-3,0.03783,12.285,6007,1.9,735.60
Kepler-1787 b,Kepler-1787,0.22700,2.319,6060,0.79726,778.60
Kepler-1979 b,Kepler-1979,0.13830,29.330,5942,0.80571,1076.27
GJ 849 c,GJ 849,4.95000,13.800,3467,0.025704,8.80
Kepler-231 c,Kepler-231,0.11400,1.930,3767,0.092,316.62
HD 153557 b,HD 153557,0.06800,4.770,4837,0.27385,17.94
Kepler-1939 b,Kepler-1939,0.03340,1.165,4353,0.15564,189.83
Kepler-1170 b,Kepler-1170,0.08800,2.410,5069,0.45878,1050.45
Kepler-245 e,Kepler-245,0.04053,1.750,5174,0.40199,861.53
HD 128356 b,HD 128356,0.87000,13.900,4875,0.36,26.15
HD 219134 f,HD 219134,0.14630,1.310,4699,0.2646,6.53
Kepler-487 c,Kepler-487,0.21864,2.680,5444,0.67191,872.34
Kepler-157 b,Kepler-157,0.02800,1.320,5774,1.2336,773.71
HD 20794 e,HD 20794,0.50900,2.030,5401,0.68689,6.00
Kepler-40 b,Kepler-40,0.08000,13.110,6510,6.5901,2305.01
Kepler-621 b,Kepler-621,0.03100,2.300,4521,0.17418,389.00
Kepler-323 b,Kepler-323,0.02778,1.381,6004,1.4155,454.88
TOI-6651 b,TOI-6651,0.06330,5.090,5940,3.33,212.13
TOI-908 b,TOI-908,0.04166,3.186,5626,0.913,175.75
Kepler-1582 b,Kepler-1582,0.03160,1.490,3208,0.0040866,78.89
HD 177565 b,HD 177565,0.24600,4.000,5627,0.88318,16.92
WASP-90 b,WASP-90,0.05620,18.271,6430,4.2672,466.43
HD 211810 b,HD 211810,2.65600,14.000,5652,1.1749,64.64
K2-133 d,K2-133,0.07487,2.003,3655,0.0332,75.17
GJ 96 b,GJ 96,0.29100,4.670,3785,0.088799,11.93
Kepler-512 b,Kepler-512,0.21395,2.690,5997,1.6453,467.38
K2-138 b,K2-138,0.03385,1.510,5356,0.51696,202.59
HD 191939 e,HD 191939,0.40700,13.000,5348,0.64999,53.61
Kepler-298 c,Kepler-298,0.13600,1.930,4465,0.185,518.20
GJ 896 A b,GJ 896 A,0.63965,13.300,3345,0.01757,6.26
HD 72490 b,HD 72490,1.88000,13.500,4934,12.333,126.34
K2-63 b,K2-63,0.16270,3.220,6771,1.6576,517.53
GJ 433 c,GJ 433,4.81900,6.270,3461,0.02,9.06
HD 12661 c,HD 12661,2.81450,13.200,5748,1.1561,37.85
KOI-351 g,KOI-351,0.71704,7.718,6031,1.8558,848.25
Kepler-1931 b,Kepler-1931,0.23329,2.653,6167,2.9792,620.09
TOI-519 b,TOI-519,0.01590,11.545,3322,0.0141,115.56
Kepler-287 c,Kepler-287,0.24600,3.260,5806,0.73387,835.86
TOI-2578 b,TOI-2578,0.04950,19.661,6333,3.3,285.53
HD 80653 b,HD 80653,0.01661,1.613,5959,1.7378,109.86
Kepler-1067 b,Kepler-1067,0.01640,0.800,5592,0.71244,667.69
Kepler-1753 b,Kepler-1753,0.11790,2.227,5180,0.27547,707.69
Kepler-570 b,Kepler-570,0.04970,2.450,5496,0.5057,568.15
Kepler-1049 b,Kepler-1049,0.03490,0.950,3864,0.072517,162.01
Kepler-663 b,Kepler-663,0.05590,2.600,5264,0.48635,1063.09
TOI-2498 b,TOI-2498,0.04910,6.060,5905,1.8659,275.26
Kepler-762 b,Kepler-762,0.04930,12.680,5944,2.0805,1898.26
CoRoT-30 b,CoRoT-30,0.08440,11.310,5650,0.63602,1032.23
WASP-98 b,WASP-98,0.03762,12.823,5473,0.43873,281.74
Kepler-10 c,Kepler-10,0.24100,2.355,5708,1.1341,185.51
Kepler-337 b,Kepler-337,0.04500,1.540,5684,3.0239,677.98
Kepler-108 b,Kepler-108,0.29200,8.650,5854,5.0933,338.73
2MASS J21252752-8138278 b,2MASS J21252752-8138278,7493.00000,12.400,3592,0.067897,34.12
Kepler-707 b,Kepler-707,0.03250,1.330,5099,0.31521,591.78
Kepler-284 b,Kepler-284,0.10400,2.240,5615,0.45607,1031.95
Kepler-135 c,Kepler-135,0.10300,1.160,6090,2.806,621.86
GJ 3634 b,GJ 3634,0.02870,2.830,3517,0.019999,20.38
Kepler-950 b,Kepler-950,0.39820,8.980,5857,2.2626,2161.60
HD 73526 b,HD 73526,0.65000,13.100,5601,2.1771,97.24
Kepler-102 d,Kepler-102,0.08618,1.154,4909,0.2604,107.80
WASP-47 d,WASP-47,0.08500,3.650,5565,1.0756,264.78
Kepler-959 b,Kepler-959,0.16330,4.380,7005,5.4641,807.73
K2-243 b,K2-243,0.10870,2.170,6570,2.6715,266.86
K2-133 c,K2-133,0.04341,1.603,3655,0.0332,75.17
Kepler-1310 b,Kepler-1310,0.01452,1.440,5549,0.64303,569.18
HIP 74890 b,HIP 74890,2.10000,13.300,4850,16.4,78.66
GJ 15 A c,GJ 15 A,5.40000,6.670,3607,0.022131,3.56
Kepler-1509 b,Kepler-1509,0.17070,1.850,5780,2.5068,2002.96
Kepler-749 b,Kepler-749,0.10540,3.100,5009,0.32039,721.03
HD 102329 b,HD 102329,1.81000,12.600,4745,19.6,217.11
TOI-1194 b,TOI-1194,0.03400,8.717,5394,0.70599,149.67
Barnard d,Barnard's star,0.01880,0.694,3195,0.00355,1.83
Kepler-1951 b,Kepler-1951,0.14350,2.321,5468,3.1704,1277.32
GJ 180 b,GJ 180,0.09200,2.430,3371,0.013,11.94
Kepler-389 b,Kepler-389,0.04100,1.510,5376,0.30487,816.56
HD 20794 d,HD 20794,0.36250,2.040,5368,0.68689,6.00
TOI-837 b,TOI-837,0.08880,9.169,5995,1.34,142.49
Kepler-1877 b,Kepler-1877,0.03472,0.624,5615,0.83711,285.31
Kepler-543 b,Kepler-543,0.10230,2.500,4671,0.22777,221.80
HD 74698 b,HD 74698,0.12100,5.120,5783,1.79,52.06
Kepler-152 c,Kepler-152,0.35600,2.390,5088,0.34286,441.09
Gliese 12 b,Gliese 12,0.06700,0.930,3328,0.00728,12.21
Kepler-266 c,Kepler-266,0.45700,3.890,5885,1.0271,1370.79
TOI-6130 b,TOI-6130,0.03600,14.347,6110,2.89,220.88
rho CrB b,rho CrB,0.22450,13.700,5817,1.706,17.47
Kepler-1531 b,Kepler-1531,0.02204,1.110,6260,2.0121,666.33
K2-12 b,K2-12,0.07920,2.440,5672,1.1798,326.38
GJ 581 b,GJ 581,0.03990,4.790,3500,0.012365,6.30
Kepler-84 c,Kepler-84,0.10720,2.360,6039,2.4547,1023.90
TOI-5210 b,TOI-5210,0.05570,10.727,5723,1.42,302.09
NGTS-30 b,NGTS-30,0.40800,10.402,5455,0.64956,238.38
K2-413 c,K2-413,0.04260,1.233,4116,0.14682,285.16
CoRoT-16 b,CoRoT-16,0.06180,13.110,5650,0.36732,732.41
HD 94890 b,HD 94890,2.07000,13.300,4867,58.01,61.70
TOI-1533 b,TOI-1533,0.04450,2.890,5146,0.45,100.05
HD 31253 b,HD 31253,1.26000,14.100,6130,3.286,58.14
HD 208527 b,HD 208527,2.10000,12.500,4035,729.83,312.20
Kepler-326 b,Kepler-326,0.03200,1.520,5105,0.69732,487.68
HD 153557 d,HD 153557,21.44900,11.900,4837,0.27385,17.94
Kepler-1573 b,Kepler-1573,0.03640,1.200,5808,1.4746,1455.36
HD 70642 b,HD 70642,3.31800,13.000,5732,1.0281,29.28
Kepler-175 b,Kepler-175,0.10500,2.560,6064,1.5632,1312.34
Kepler-375 c,Kepler-375,0.14100,2.650,5826,0.68742,1238.81
LP 890-9 c,LP 890-9,0.03984,1.367,2850,0.001441,32.43
GJ 3998 d,GJ 3998,0.18900,2.340,3726,0.043853,18.15
HD 39194 c,HD 39194,0.10830,2.650,5205,0.39,26.41
Kepler-1044 b,Kepler-1044,0.07410,2.670,5985,1.074,1278.96
K2-189 c,K2-189,0.06800,2.310,5442,0.60457,242.11
HD 205158 b,HD 205158,0.17700,13.900,6134,4.4943,86.62
Kepler-1714 b,Kepler-1714,0.10549,3.264,6150,5.7555,409.46
HD 219134 h,HD 219134,3.11000,12.700,4913,0.31,6.53
TOI-470 b,TOI-470,0.11900,4.340,5190,0.43854,130.46
Kepler-1241 b,Kepler-1241,0.13360,2.630,5261,0.47383,968.72
Kepler-164 b,Kepler-164,0.05800,1.410,5888,1.2969,890.76
WASP-116 b,WASP-116,0.06500,13.675,6250,3.135,559.24
WASP-193 b,WASP-193,0.06680,14.785,6080,1.82,362.09
TOI-1898 b,TOI-1898,0.26900,9.396,6241,3.558,79.67
Kepler-1820 b,Kepler-1820,0.19640,3.119,5841,0.95056,1425.39
HIP 8152 b,HIP 8152,0.09300,2.536,5618,0.831,101.69
Kepler-1722 b,Kepler-1722,0.08190,2.867,5506,0.67666,772.28
TOI-1937 A b,TOI-1937 A,0.01932,13.978,5814,1.202,415.13
Kepler-1388 d,Kepler-1388,0.12600,2.860,4098,0.078199,453.80
Kepler-1130 c,Kepler-1130,0.04238,0.792,5450,0.55,249.34
Kepler-114 b,Kepler-114,0.05300,1.260,4605,0.2064,259.53
HD 20782 b,HD 20782,1.36490,13.600,5782,1.2786,35.99
Kepler-410 A b,Kepler-410 A,0.12260,2.838,6273,2.7227,147.53
Kepler-254 b,Kepler-254,0.06400,3.870,5957,0.75005,1389.48
Kepler-1113 b,Kepler-1113,0.24150,2.810,5931,1.2021,1073.88
Kepler-841 b,Kepler-841,0.47900,5.230,5324,0.43427,998.96
Kepler-331 b,Kepler-331,0.06500,1.820,4347,0.1646,580.12
Kepler-25 d,Kepler-25,0.41642,10.000,6354,2.64,243.25
Kepler-1792 b,Kepler-1792,0.04880,2.520,5229,0.31027,601.03
HD 136418 b,HD 136418,1.29000,13.300,4989,6.8,105.17
Kepler-1485 b,Kepler-1485,0.14732,1.470,6087,1.9057,615.66
HD 16417 b,HD 16417,0.14000,5.000,5841,2.7744,25.39
Kepler-142 b,Kepler-142,0.03200,1.990,5790,1.2796,548.69
TOI-1288 c,TOI-1288,1.07000,11.100,5388,0.7,114.86
Kepler-103 b,Kepler-103,0.13300,3.486,6047,2.6565,494.83
Kepler-1415 b,Kepler-1415,0.01416,1.290,5267,0.50457,1043.56
GJ 1002 c,GJ 1002,0.07380,1.100,3024,0.001406,4.85
TOI-1338 b,TOI-1338 A,0.46070,7.661,5723,2.1329,399.02
Kepler-662 b,Kepler-662,0.14080,2.180,4897,0.44099,815.64
TOI-1235 b,TOI-1235,0.03845,1.690,3997,0.0883,39.63
HD 68475 b,HD 68475,7.27000,12.800,5022,0.35841,33.43
TOI-663 d,TOI-663,0.05760,1.920,3681,0.042626,64.23
Kepler-754 b,Kepler-754,0.11600,2.010,5935,2.6034,1770.27
HD 207897 b,HD 207897,0.11700,2.343,5106,0.379,28.29
Kepler-1667 b,Kepler-1667,0.35905,2.984,5942,1.3279,626.82
TOI-905 b,TOI-905,0.04666,13.126,5570,0.73,158.65
Kepler-1468 d,Kepler-1468,0.14560,3.332,5794,3.3977,1899.24
TOI-2267 c,TOI-2267 A,0.02630,1.140,3030,0.0033,22.55
TOI-2000 c,TOI-2000,0.08780,8.140,5611,1.147,175.71
TOI-1333 b,TOI-1333,0.06260,15.648,6274,5.17,200.49
HD 75898 b,HD 75898,1.20250,13.200,6122,2.884,78.05
Kepler-275 c,Kepler-275,0.13200,3.380,6165,2.8141,2034.25
Kepler-1459 b,Kepler-1459,0.28290,1.360,4828,0.29973,455.48
BD-210397 c,BD-210397,5.90000,12.900,4051,0.135,23.73
Kepler-671 b,Kepler-671,0.05030,2.690,5624,0.83012,1168.26
Kepler-519 b,Kepler-519,0.15932,2.100,5260,0.46273,246.61
K2-24 b,K2-24,0.15400,5.400,5625,1.44,170.56
HD 1397 b,HD 1397,0.10970,11.500,5521,4.57,79.57
Kepler-320 b,Kepler-320,0.08500,1.140,6435,2.367,826.61
Kepler-1769 b,Kepler-1769,0.40598,4.465,6071,1.6415,438.41
Kepler-1726 b,Kepler-1726,0.12794,2.509,5316,0.42683,390.55
HD 42618 b,HD 42618,0.55400,3.890,5727,0.98001,24.34
GJ 338 B b,GJ 338 B,0.14200,3.250,4014,0.079201,6.33
GJ 1132 c,GJ 1132,0.04760,1.520,3090,0.00477,12.61
K2-183 c,K2-183,0.09320,2.300,5482,0.73826,329.04
Kepler-1772 b,Kepler-1772,0.04391,2.686,5541,2.9649,871.56
Kepler-1396 b,Kepler-1396,0.14060,2.070,6195,1.5987,1066.46
Kepler-1165 c,Kepler-1165,0.19690,3.361,6249,3.5606,1575.20
NGTS-21 b,NGTS-21,0.02360,14.908,4660,0.28937,592.89
Kepler-1519 b,Kepler-1519,0.76550,7.060,5644,2.1192,1441.63
Kepler-338 d,Kepler-338,0.25700,3.000,5923,3.8521,552.80
Kepler-121 c,Kepler-121,0.21600,2.270,5311,0.33577,510.52
K2-154 c,K2-154,0.06770,2.070,4097,0.096,129.36
KELT-9 b,KELT-9,0.03368,21.701,9270,38.9,204.46
Kepler-262 b,Kepler-262,0.10800,1.360,5841,0.72464,613.13
WASP-11 b,WASP-11,0.04350,12.442,4800,1,124.73
TOI-2211.01,TOI-2211,0.04011,1.561,5253,0.4776,70.29
Kepler-1821 b,Kepler-1821,0.12440,2.592,5475,0.75207,799.70
PH2 b,PH2,0.83300,9.337,5734,0.874,343.86
Kepler-124 b,Kepler-124,0.03900,0.730,4984,0.3409,420.05
Kepler-380 b,Kepler-380,0.05000,1.190,6045,1.895,813.71
Kepler-1259 b,Kepler-1259,0.01410,1.430,5053,0.46456,805.56
Kepler-156 c,Kepler-156,0.11700,2.550,5094,0.3632,443.48
Kepler-406 b,Kepler-406,0.03599,1.430,5538,1.1174,364.03
HD 18143 b,HD 18143,0.08800,3.280,5078,0.47915,22.52
Kepler-286 e,Kepler-286,0.17600,1.770,5580,0.76519,1226.85
HD 82886 b,HD 82886,1.58000,13.300,4953,13.9,127.06
CoRoT-11 b,CoRoT-11,0.04360,16.030,6440,2.3852,655.04
HD 154857 b,HD 154857,1.29000,13.300,5589,4.5993,63.45
Kepler-624 b,Kepler-624,0.11638,2.310,6117,1.9542,748.19
Kepler-1530 c,Kepler-1530,0.05744,1.650,5477,0.48881,489.88
TOI-5349 b,TOI-5349,0.03690,10.200,3751,0.063,188.34
HD 108202 b,HD 108202,3.70000,13.100,4556,0.17092,38.68
K2-321 b,K2-321,0.02839,2.051,3750,0.063,77.69
Kepler-14 b,Kepler-14,0.07710,12.733,6395,6.2951,798.00
Kepler-448 c,KOI-12,4.20000,12.000,6635,4.2311,399.40
Kepler-1047 c,Kepler-1047,0.04413,0.990,5754,2.6521,817.65
TOI-1294 c,TOI-1294,0.61000,14.300,5718,2.336,332.65
BD+49 828 b,BD+49 828,4.20000,13.500,4943,29.512,442.04
TOI-1117 b,TOI-1117,0.03300,2.460,5635,0.36,167.60
Kepler-106 b,Kepler-106,0.06491,0.820,5858,1.2093,444.32
TOI-4406 b,TOI-4406,0.20100,11.209,6219,2.3,261.83
HD 108147 b,HD 108147,0.10200,10.900,6256,2.009,38.92
Kepler-1430 b,Kepler-1430,0.03040,1.180,4796,0.15292,875.52
Kepler-1388 e,Kepler-1388,0.18610,2.460,4098,0.078199,453.80
TOI-2322 b,TOI-2322,0.09240,0.994,4664,0.181,59.86
Kepler-1311 b,Kepler-1311,0.10082,1.240,5748,2.9639,866.33
CoRoT-6 b,CoRoT-6,0.08550,13.068,6090,1.061,645.29
K2-58 c,K2-58,0.03500,1.620,5413,0.40028,181.75
K2-182 b,K2-182,0.05174,2.713,5128,0.388,154.83
Kepler-1991 c,Kepler-1991,0.15280,2.570,5478,0.77893,855.82
TOI-2345 c,TOI-2345,0.12570,2.451,4687,0.231,81.65
Kepler-126 d,Kepler-126,0.44800,2.500,6239,2.8314,237.40
HD 145377 b,HD 145377,0.45000,12.800,6014,1.56,53.49
Kepler-445 c,Kepler-445,0.03010,2.510,3157,0.0079444,127.20
HD 25912 c,HD 25912,17.84800,12.200,5921,1.0979,49.17
Kepler-1635 b,Kepler-1635,1.12664,3.640,5347,0.52504,1069.45
Kepler-1709 b,Kepler-1709,0.32704,3.124,5918,1.3046,273.95
Kepler-611 b,Kepler-611,0.03510,1.650,5761,2.4176,1395.56
Kepler-1904 b,Kepler-1904,0.04360,1.390,3805,0.050395,270.85
Kepler-473 b,Kepler-473,0.12048,4.080,5816,3.3481,905.94
Kepler-1061 b,Kepler-1061,0.03880,1.980,6067,1.2235,543.38
Kepler-9 d,Kepler-9,0.02730,1.640,5777,0.91622,628.26
DMPP-6 b,DMPP-6,0.07790,2.280,6182,2.0675,54.63
TOI-7510 d,TOI-7510,0.26720,10.520,5720,1.026,249.01
HD 83443 c,HD 83443,8.00000,13.600,5442,0.78699,40.90
Kepler-802 b,Kepler-802,0.22650,3.540,5507,0.5948,780.59
Kepler-865 c,Kepler-865,0.06100,0.890,5440,0.50403,586.14
Kepler-316 b,Kepler-316,0.02700,1.060,4204,0.116,384.94
Kepler-329 b,Kepler-329,0.06100,1.400,4257,0.107,439.72
Kepler-1085 c,Kepler-1085,0.29798,3.268,5816,1.1986,1364.53
Pr0211 c,Pr0211,5.50000,12.600,5300,0.46129,182.71
Kepler-1068 b,Kepler-1068,0.13038,3.630,5806,0.9436,1473.61
Kepler-1856 b,Kepler-1856,0.02150,1.734,4948,0.46704,848.76
Kepler-7 b,Kepler-7,0.06067,18.181,5933,4.9704,922.56
Kepler-1799 b,Kepler-1799,0.10280,4.128,5831,2.062,2254.69
K2-146 c,K2-146,0.03270,2.190,3385,0.015,79.30
HIP 114933 b,HIP 114933,2.84000,13.400,4823,13.8,101.77
Kepler-1305 b,Kepler-1305,0.11090,1.880,5701,1.2125,1575.23
11 Com b,11 Com,1.17800,12.200,4874,95.111,93.18
Kepler-1144 b,Kepler-1144,0.12910,1.990,5753,1.1377,1140.57
Kepler-1162 c,Kepler-1162,0.28320,1.810,5225,0.47612,940.21
HD 224693 b,HD 224693,0.19100,14.000,5894,4.0738,93.50
Kepler-1088 b,Kepler-1088,0.16163,1.420,5975,1.2305,280.63
Kepler-393 c,Kepler-393,0.12400,1.330,6189,3.3415,881.40
HD 202772 A b,HD 202772 A,0.05208,18.237,6442,10.22,161.50
Kepler-1597 b,Kepler-1597,0.04136,1.060,6377,2.7183,1221.05
TOI-480 b,TOI-480,0.07700,2.854,6174,2.897,54.53
Kepler-1560 b,Kepler-1560,0.04175,0.890,5815,0.9237,502.50
Kepler-1440 b,Kepler-1440,0.23431,1.260,5698,2.3812,1115.35
WASP-130 b,WASP-130,0.10120,9.976,5625,0.92865,172.26
HD 162020 b,HD 162020,0.08000,12.500,4723,0.25,30.82
WASP-157 b,WASP-157,0.04990,11.190,5772,1.2004,334.04
Kepler-188 b,Kepler-188,0.03200,1.680,6021,1.0826,968.54
HD 136352 b,HD 136352,0.09640,1.664,5664,1.038,14.68
Kepler-588 b,Kepler-588,0.05200,2.630,5835,1.6111,1209.40
HD 156279 b,HD 156279,0.50200,12.500,5453,0.71456,36.19
Kepler-693 b,Kepler-693,0.11210,10.180,4881,0.37408,1151.51
Kepler-1380 b,Kepler-1380,0.09170,1.430,5570,2.9689,2462.94
Kepler-387 b,Kepler-387,0.06800,1.030,5774,1.3721,801.05
K2-54 b,K2-54,0.07610,2.612,3990,0.094999,174.96
Kepler-1126 c,Kepler-1126,0.61930,1.450,5678,0.79568,635.74
K2-263 b,K2-263,0.25730,2.513,5368,0.55,162.48
Kepler-1469 b,Kepler-1469,0.14660,2.800,5507,0.53223,1159.30
Kepler-462 b,Kepler-462,0.41720,3.000,7500,8.431,596.62
Kepler-1183 b,Kepler-1183,0.17930,2.820,5765,1.7975,1919.19
TOI-1443 b,TOI-1443,0.14700,2.304,5224,0.38,85.80
Kepler-1900 b,Kepler-1900,0.04200,1.623,6173,1.6594,1540.43
47 UMa d,47 UMa,11.60000,13.500,5872,1.5769,13.80
TOI-5624 b,TOI-5624,0.04201,2.314,5327,0.486,101.91
Kepler-739 b,Kepler-739,0.10540,3.320,5601,1.0423,1370.65
GJ 9066 c,GJ 9066,0.88000,9.600,3154,0.00254,4.47
gam Lib c,gam Lib,2.31800,12.800,4879,78.941,47.40
Kepler-261 b,Kepler-261,0.08800,2.180,5098,0.33806,317.50
TrES-5 b,TrES-5,0.02459,13.384,5171,0.45309,360.31
HD 204313 b,HD 204313,3.18500,12.900,5767,1.2584,47.79
Kepler-18 b,Kepler-18,0.04470,2.000,5345,0.93111,433.05
Kepler-1400 b,Kepler-1400,0.07710,1.620,5044,0.26447,752.24
Kepler-84 d,Kepler-84,0.05200,1.380,6031,1.6293,1023.90
TOI-561 c,TOI-561,0.08890,2.865,5342,0.522,85.80
K2-258 b,K2-258,0.14900,3.000,6351,1.8715,661.87
Kepler-1855 b,Kepler-1855,0.01150,1.216,3460,0.050711,
Kepler-1987 e,Kepler-1987,0.07650,1.920,4769,0.24193,595.68
K2-276 b,K2-276,0.12910,3.770,5139,0.39321,488.15
LTT 1445 A c,LTT 1445 A,0.02661,1.147,3340,0.0089968,6.87
Kepler-415 c,Kepler-415,0.06950,2.010,4362,0.15666,530.49
K2-127 b,K2-127,0.04110,8.370,4575,0.55661,710.00
WASP-119 b,WASP-119,0.03630,15.693,5650,1.1875,302.45
TOI-1782.02,TOI-1782,0.02574,1.839,4336,0.1424,95.26
WTS-1 b,WTS-1,0.04700,16.700,6250,1.2258,2346.01
Kepler-893 b,Kepler-893,0.06990,3.030,5820,1.1473,1285.59
HD 103949 b,HD 103949,0.43900,3.350,4792,0.26949,26.50
Kepler-1487 c,Kepler-1487,0.25880,7.970,5745,3.6028,1014.62
K2-155 b,K2-155,0.05620,1.800,4258,0.059,72.80
Kepler-1579 b,Kepler-1579,0.01400,0.840,4584,0.11475,466.00
K2-264 b,K2-264,0.05023,2.231,3660,0.033,185.60
Kepler-1351 b,Kepler-1351,0.01560,0.650,4439,0.1041,202.78
Kepler-8 b,Kepler-8,0.04740,15.872,6213,4.0272,1021.87
Kepler-1363 b,Kepler-1363,0.03630,1.250,4839,0.23647,541.71
HD 221420 b,HD 221420,10.15000,12.000,5847,4.008,31.14
HD 117207 b,HD 117207,3.78700,13.400,5732,1.1632,32.35
TOI-700 d,TOI-700,0.16330,1.073,3459,0.0229,31.13
HIP 71135 b,HIP 71135,0.33500,4.550,4146,0.12359,32.33
HATS-51 b,HATS-51,0.04639,15.805,5758,2.04,389.57
Kepler-168 b,Kepler-168,0.05600,1.460,6282,2.2946,1343.60
Kepler-382 c,Kepler-382,0.09700,1.590,5600,1.3981,935.45
K2-246 b,K2-246,0.06020,3.490,5610,0.70651,703.62
HAT-P-15 b,HAT-P-15,0.09650,11.882,5568,1.072,192.52
K2-238 b,K2-238,0.04600,14.572,5630,2.2909,537.96
Kepler-42 c,Kepler-42,0.00600,0.730,3068,0.0023988,40.06
HD 96700 c,HD 96700,0.14100,1.690,5845,1.38,25.41
K2-147 b,K2-147,0.01575,1.473,3690,0.056,90.55
Kepler-725 b,Kepler-725,0.22380,10.800,5395,0.48636,758.47
CoRoT-5 b,CoRoT-5,0.04947,15.558,6100,1.5136,882.47
Kepler-1819 b,Kepler-1819,0.13370,3.904,6090,1.2204,1363.19
CoRoT-29 b,CoRoT-29,0.03860,10.088,5260,0.80512,806.51
BD+48 738 b,BD+48 738,1.00000,13.900,4414,48.978,871.49
TOI-757 b,TOI-757,0.12200,2.500,5278,0.42,60.34
HD 156098 c,HD 156098,8.41500,12.800,6419,11.629,48.25
HD 56957 b,HD 56957,6.42600,12.800,5743,3.098,61.49
Kepler-1014 b,Kepler-1014,0.12100,2.390,5388,0.46079,624.80
Kepler-437 b,Kepler-437,0.28800,2.140,4551,0.17298,304.00
Kepler-395 c,Kepler-395,0.17700,1.320,4262,0.063973,421.38
BD+20 2457 b,BD+20 2457,1.45000,12.100,4137,1479.1,1539.71
Kepler-1609 b,Kepler-1609,0.46790,2.220,6132,3.0467,1826.04
WASP-197 b,WASP-197,0.06500,14.448,6050,5.8975,483.68
TYC 8998-760-1 b,TYC 8998-760-1,146.00000,21.185,4573,0.45709,94.62
Kepler-281 b,Kepler-281,0.11700,2.820,5723,1.4008,1745.45
Kepler-908 b,Kepler-908,0.02526,1.220,5973,1.8368,290.84
K2-318 b,K2-318,0.09110,1.660,3851,0.052849,147.87
Kepler-1449 b,Kepler-1449,0.11760,1.680,5979,3.2258,2006.48
TOI-451 c,TOI-451,0.07950,2.930,5490,0.59,123.74
WASP-181 b,WASP-181,0.05427,13.271,5839,1.1189,437.50
Kepler-1965 b,Kepler-1965,0.22971,1.354,5852,0.83942,521.79
HIP 38594 b,HIP 38594,0.25600,2.770,4086,0.08661,17.79
HD 38801 b,HD 38801,1.62300,12.500,5338,4.5599,91.43
55 Cnc e,55 Cnc,0.01544,1.875,5172,0.6354,12.59
Kepler-241 b,Kepler-241,0.09400,2.330,4699,0.24701,512.00
Kepler-129 d,Kepler-129,4.00000,12.600,5770,2.9084,408.85
HAT-P-69 b,HAT-P-69,0.06555,18.786,7394,10,341.26
Kepler-389 c,Kepler-389,0.11000,1.460,5376,0.30487,816.56
Kepler-286 c,Kepler-286,0.04200,1.370,5580,0.76519,1226.85
K2-158 c,K2-158,0.06220,1.280,5503,0.6871,197.30
Kepler-864 c,Kepler-864,0.03820,1.620,6213,1.6136,2022.90
Kepler-460 c,KIC 5437945,0.75318,5.520,6146,4.379,1274.01
EPIC 220674823 b,EPIC 220674823,0.01320,1.606,5578,0.75999,244.59
OGLE-TR-111 b,OGLE-TR-111,0.04730,11.422,5040,0.45854,1068.33
6 Lyn b,6 Lyn,2.02800,13.400,4941,13.14,54.66
TOI-1630.01,TOI-1630,0.10115,2.417,5504,0.53996,66.09
Kepler-1763 b,Kepler-1763,0.02570,1.147,5897,1.8802,756.49
Kepler-961 b,Kepler-961,0.12585,2.550,5582,0.64006,574.31
TOI-1472 c,TOI-1472,0.11600,3.334,5100,0.441,121.84
TOI-5153 b,TOI-5153,0.15800,11.882,6300,2.9123,390.48
Kepler-1239 b,Kepler-1239,0.06250,2.900,6564,2.7998,2140.60
KOI-7913 b,KOI-7913 A,0.14560,2.340,4324,0.17064,271.28
Kepler-1312 c,Kepler-1312,0.02103,1.027,5721,0.79664,299.10
Kepler-1902 b,Kepler-1902,0.03850,1.176,3729,0.07632,344.34
Kepler-747 b,Kepler-747,0.19160,5.270,5096,0.36983,3347.16
K2-264 c,K2-264,0.11283,2.668,3660,0.033,185.60
Kepler-297 b,Kepler-297,0.21700,2.870,5619,0.80153,692.14
Kepler-949 b,Kepler-949,0.07739,2.910,5403,0.36171,486.11
HD 12648 b,HD 12648,0.54000,13.400,4835,56.594,182.19
Kepler-53 b,Kepler-53,0.13610,2.890,5858,1.0854,1366.07
HD 159243 b,HD 159243,0.11000,13.700,6123,1.3002,73.31
HD 95127 b,HD 95127,1.28000,12.400,4218,190.55,676.58
Kepler-105 b,Kepler-105,0.06016,2.530,5933,1.249,459.22
GJ 876 d,GJ 876,0.02081,2.510,3294,0.0124,4.68
Kepler-1177 b,Kepler-1177,0.43010,1.900,5712,2.1985,1299.97
TOI-1710 b,TOI-1710,0.16520,5.060,5775,0.86,81.23
HD 145675 c,14 Her,20.00000,12.600,5338,0.70351,17.93
TOI-1899 b,TOI-1899,0.15250,11.097,3926,0.08773,128.44
BD+15 2940 b,BD+15 2940,0.53900,13.700,4796,102.33,426.42
Kepler-1588 b,Kepler-1588,0.07419,0.760,5817,2.0907,924.14
Kepler-226 b,Kepler-226,0.04700,1.550,5571,0.57649,980.14
Kepler-11 d,Kepler-11,0.15500,3.120,5663,1.3189,646.35
NGTS-14 A b,NGTS-14 A,0.04030,4.977,5187,0.48879,322.15
K2-131 b,K2-131,0.00936,1.690,5120,0.33185,152.51
Kepler-937 c,Kepler-937,0.55450,2.670,6095,1.9097,1571.46
Kepler-218 d,Kepler-218,0.49884,2.660,5542,1.0218,656.38
Kepler-487 b,Kepler-487,0.11819,11.420,5444,0.67191,872.34
TOI-6054.01,TOI-6054,0.07630,2.640,6047,3.33,79.41
HD 97658 b,HD 97658,0.08050,2.120,5212,0.351,21.56
Kepler-135 b,Kepler-135,0.06700,1.810,6090,2.806,621.86
Kepler-501 b,Kepler-501,0.06270,4.300,5904,1.6457,1125.24
K2-137 b,K2-137,0.00580,0.640,3697,0.032819,98.88
HD 208487 b,HD 208487,0.53000,14.300,6134,1.71,45.15
DMPP-8 b,DMPP-8,0.30980,10.800,6009,1.7068,76.13
HAT-P-25 b,HAT-P-25,0.04660,12.722,5519,0.705,300.38
Kepler-1416 b,Kepler-1416,0.02570,0.880,6019,1.9228,949.59
Kepler-100 d,Kepler-100,0.21747,1.610,5825,2.48,304.64
TOI-892 b,TOI-892,0.09200,11.994,6261,2.7,340.54
Kepler-1466 b,Kepler-1466,0.17981,1.550,5884,0.94901,631.95
HD 221287 b,HD 221287,1.25000,13.100,6304,1.66,55.92
G 196-3 b,G 196-3,350.00000,12.000,3517,0.037622,21.79
K2-124 b,K2-124,0.04900,2.900,3570,0.021918,140.38
WASP-12 b,WASP-12,0.02340,22.026,6265,3.9547,427.25
HD 145934 b,HD 145934,4.89000,13.400,4824,22.623,227.88
Kepler-566 b,Kepler-566,0.12470,2.150,5132,0.29937,564.28
Kepler-648 b,Kepler-648,0.13324,3.220,5741,0.88455,636.03
TOI-5800 b,TOI-5800,0.03440,2.460,4850,0.309,42.91
Kepler-1224 b,Kepler-1224,0.11625,1.330,6155,1.9625,559.60
TOI-1739 b,TOI-1739,0.07387,1.946,4814,0.299,70.98
TIC 88785435 b,TIC 88785435,0.08432,5.030,3998,0.20139,122.39
Kepler-770 c,Kepler-770,0.03090,1.200,5598,1.1324,930.46
Kepler-1946 b,Kepler-1946,0.03940,2.488,5505,0.5262,1002.12
TOI-4507 b,TOI-4507,0.45600,8.200,6260,1.41,178.26
TOI-3540 A b,TOI-3540 A,0.04289,23.539,5810,1.549,
TOI-2803 A b,TOI-2803 A,0.03185,18.114,6280,2.17,494.82
Kepler-274 c,Kepler-274,0.20400,1.840,6023,1.5896,1333.62
TOI-262 b,TOI-262,0.16300,2.070,5310,0.51301,43.93
Kepler-1884 b,Kepler-1884,0.08450,1.814,5984,1.8928,1443.09
TOI-2420 b,TOI-2420,0.06840,15.020,5707,4.86,435.17
Wolf 1061 c,Wolf 1061,0.08900,1.660,3342,0.0102,4.31
Kepler-1964 b,Kepler-1964,0.03220,1.781,4803,0.23388,
Kepler-1072 b,Kepler-1072,0.02742,1.580,6199,2.319,982.72
Kepler-1462 b,Kepler-1462,0.30940,3.820,5756,0.48564,1017.82
HATS-25 b,HATS-25,0.05163,14.123,5715,1.17,471.16
HAT-P-50 b,HAT-P-50,0.04530,14.437,6280,4.01,515.46
K2-233 c,K2-233,0.06640,1.272,4796,0.3,67.51
Kepler-351 d,Kepler-351,0.51770,2.720,5225,0.41073,1083.91
1RXS J160929.1-210524 b,1RXS J160929.1-210524,330.00000,18.647,4060,0.42658,139.13
TOI-4465 b,TOI-4465,0.41600,14.011,5545,0.84592,121.14
Kepler-1542 e,Kepler-1542,0.05649,0.760,5564,1.1756,399.11
Kepler-789 b,Kepler-789,0.09510,2.120,5870,3.1353,1480.16
Kepler-328 c,Kepler-328,0.35400,5.400,6064,2.7551,2213.19
Kepler-311 d,Kepler-311,0.73260,2.050,5903,1.5606,778.65
Kepler-285 b,Kepler-285,0.03600,1.340,5411,0.52574,824.31
Kepler-1073 d,Kepler-1073,0.03520,1.488,5509,0.97672,809.90
Kepler-804 c,Kepler-804,0.08654,1.140,5817,1.1209,649.65
Kepler-55 f,Kepler-55,0.08100,1.590,4503,0.17249,578.80
WASP-80 b,WASP-80,0.03440,11.198,4143,0.091205,49.79
WASP-149 b,WASP-149,0.02400,15.244,5750,1.1052,211.73
K2-279 b,K2-279,0.06700,1.210,5558,0.62444,182.98
TOI-2274 b,TOI-2274,0.05000,2.450,3943,0.08663,48.88
Kepler-173 b,Kepler-173,0.04800,1.290,6031,1.1848,833.16
Kepler-1937 b,Kepler-1937,0.09150,3.023,6457,1.6189,905.07
TOI-942 b,TOI-942,0.04866,3.890,4969,0.438,152.60
Kepler-335 b,Kepler-335,0.07500,3.390,5877,3.7815,1278.97
TOI-880.02,TOI-880,0.03490,2.190,5050,0.35669,60.67
TOI-4940 b,TOI-4940,0.16500,6.610,5504,1.116,345.66
Kepler-1393 b,Kepler-1393,0.03370,0.800,5697,1.417,544.46
Kepler-1035 b,Kepler-1035,0.03883,1.170,5763,1.6181,562.12
HD 109286 b,HD 109286,1.25900,13.200,5694,0.82427,55.42
Kepler-1895 b,Kepler-1895,0.06150,2.119,5076,0.5894,984.19
TOI-2049 b,TOI-2049,0.06919,16.645,6164,12.7,571.49
Kepler-761 b,Kepler-761,0.08740,2.030,5706,0.76334,830.71
Kepler-1985 b,Kepler-1985,0.04260,2.270,5370,0.69984,
Kepler-1607 b,Kepler-1607,0.11978,0.920,6116,5.1146,1286.10
Kepler-1464 c,Kepler-1464,0.06101,1.000,5828,2.6902,1151.73
Kepler-1898 b,Kepler-1898,0.05063,0.934,5702,0.58158,360.92
Kepler-1801 c,Kepler-1801,0.45720,2.910,5738,0.59884,839.33
Kepler-1274 b,Kepler-1274,0.08161,1.420,6179,6.2736,614.65
GJ 674 b,GJ 674,0.03900,3.330,3600,0.015996,4.55
K2-73 b,K2-73,0.07619,2.580,5867,1.1915,269.18
Kepler-428 b,Kepler-428,0.04330,12.110,5150,0.40738,686.28
HIP 10090 b,HIP 10090,3.87000,13.000,5661,1.6085,82.39
Kepler-1729 b,Kepler-1729,0.04180,3.894,3837,0.21713,576.18
K2-31 b,K2-31,0.02200,11.882,5280,0.77575,110.53
Kepler-147 c,Kepler-147,0.21600,2.430,6012,2.675,1042.02
Kepler-1619 b,Kepler-1619,0.15413,0.760,5852,2.1171,734.85
GJ 1265 b,GJ 1265,0.02600,2.630,3236,0.00364,10.25
K2-133 e,K2-133,0.13460,1.730,3655,0.0332,75.17
HATS-47 b,HATS-47,0.04269,12.520,4512,0.1599,300.67
HD 1502 b,HD 1502,1.26200,13.200,4947,11.6,190.95
G 9-40 b,G 9-40,0.04180,1.900,3395,0.01096,27.93
Kepler-604 b,Kepler-604,0.17350,2.590,5890,1.2353,1026.49
Kepler-220 d,Kepler-220,0.16300,0.980,4632,0.21089,171.11
HD 191939 b,HD 191939,0.08040,3.410,5348,0.64999,53.61
Kepler-54 b,Kepler-54,0.06190,2.100,3705,0.05,271.70
TOI-1107 b,TOI-1107,0.05610,14.572,6311,4.69,281.31
TOI-6330 b,TOI-6330,0.05763,10.890,3539,0.03701,139.04
Kepler-111 c,Kepler-111,0.75100,7.084,5914,1.44,657.22
GJ 3293 e,GJ 3293,0.08208,1.630,3466,0.022,20.19
HIP 109384 b,HIP 109384,1.13400,13.500,5180,0.47998,58.96
Kepler-890 b,Kepler-890,0.29440,8.890,5954,2.1209,1712.12
HD 212771 b,HD 212771,1.19000,13.300,5003,15.4,111.16
Kepler-591 b,Kepler-591,0.35540,3.390,5677,0.8356,785.14
Kepler-65 e,Kepler-65,0.85393,13.900,6220,2.9336,303.73
Kepler-1471 c,Kepler-1471,0.09810,1.880,5533,0.63248,978.68
HD 147018 c,HD 147018,1.92200,12.700,5441,0.71192,40.43
Kepler-1695 b,Kepler-1695,0.05290,1.119,5473,0.78783,791.17
Kepler-1728 b,Kepler-1728,0.05350,2.955,5170,0.3836,651.78
Kepler-32 c,Kepler-32,0.09000,2.000,3900,0.051,323.85
nu Oph c,nu Oph,5.82900,12.000,4887,78.48,46.21
KELT-2 A b,KELT-2 A,0.05497,15.132,6327,4.8854,134.06
TOI-1751 b,TOI-1751,0.21500,2.951,5970,1.983,113.33
TOI-1273 b,TOI-1273,0.05490,11.097,5690,1.07,177.12
Kepler-1370 c,Kepler-1370,0.08084,1.270,6202,2.8705,1004.10
PH1 b,PH1,0.65200,6.180,6407,4.5709,1033.16
KOI-1599.02,KOI-1599,0.11229,1.900,5833,1.452,1131.64
TOI-260 b,TOI-260,0.09430,1.710,4026,0.087299,20.19
Kepler-510 b,Kepler-510,0.13520,2.470,5746,2.15,386.18
HD 81817 c,HD 81817,2.32500,12.000,4140,1822.9,269.13
GJ 433 d,GJ 433,0.17800,2.140,3461,0.02,9.06
TOI-4487 A b,TOI-4487 A,0.05448,14.605,6206,3.57,479.14
TOI-2981 b,TOI-2981,0.04800,13.400,5940,1.306,527.79
Kepler-145 b,Kepler-145,0.17308,2.650,6022,4.9163,566.85
HIP 79431 b,HIP 79431,0.36000,13.400,3191,0.028235,14.53
GJ 3512 b,GJ 3512,0.33760,14.300,3141,0.00157,9.49
HAT-P-56 b,HAT-P-56,0.04230,16.926,6566,3.5706,320.64
GJ 163 d,GJ 163,1.03040,5.920,3500,0.019588,15.13
HD 8574 b,HD 8574,0.76000,13.400,6064,2.3795,44.83
K2-138 e,K2-138,0.07820,3.390,5356,0.51696,202.59
Kepler-1317 b,Kepler-1317,0.01280,1.560,5144,0.38585,728.30
HD 50554 b,HD 50554,2.35300,12.800,5987,1.39,31.17
CoRoT-20 c,CoRoT-20,2.90000,12.200,5880,1.4791,844.06
Kepler-1477 b,Kepler-1477,0.09110,1.180,5100,0.63644,680.83
WASP-168 b,WASP-168,0.05190,16.814,6000,1.4295,303.94
Kepler-1199 b,Kepler-1199,0.11309,1.150,5889,1.5384,563.49
HATS-71 b,HATS-71,0.03745,11.478,3405,0.02755,140.22
Kepler-935 b,Kepler-935,0.05270,1.350,4830,0.22968,471.78
KELT-6 b,KELT-6,0.07939,14.572,6102,3.1117,240.73
DH Tau b,DH Tau,330.00000,30.264,4371,0.61443,134.85
K2-72 c,K2-72,0.07800,1.160,3360,0.014564,66.43
Kepler-15 b,Kepler-15,0.05714,10.760,5515,0.81846,739.41
HD 134606 f,HD 134606,0.17840,2.240,5576,1.161,26.79
WASP-114 b,WASP-114,0.02851,15.009,5940,2.1525,523.34
Kepler-62 e,Kepler-62,0.42700,1.610,4925,0.20989,300.87
Kepler-1945 b,Kepler-1945,0.05970,1.289,4991,0.36224,
TOI-6002 b,TOI-6002,0.05722,1.650,3229,0.00582,32.03
Kepler-192 c,Kepler-192,0.15000,2.790,5479,0.80484,651.67
K2-46 b,K2-46,0.13821,2.050,6256,2.5889,449.24
Kepler-1777 b,Kepler-1777,0.10301,2.132,5771,0.92638,619.15
Kepler-1360 b,Kepler-1360,0.28660,3.400,6778,8.3824,1516.27
Kepler-746 b,Kepler-746,0.04350,1.110,5418,0.67298,450.00
Kepler-270 b,Kepler-270,0.10700,2.010,6067,2.0517,948.78
Kepler-1668 b,Kepler-1668,0.12400,4.348,5542,0.87969,1335.64
Kepler-319 b,Kepler-319,0.05100,1.630,5526,0.65893,503.44
K2-199 c,K2-199,0.06620,2.850,4491,0.185,107.52
TOI-1723 b,TOI-1723,0.11350,3.435,5777,1.16,100.73
TOI-2005 b,TOI-2005,0.16000,11.994,7130,9.17,328.48
Kepler-95 b,Kepler-95,0.10232,3.420,5699,1.9101,445.66
TOI-674 b,TOI-674,0.02500,5.250,3514,0.0243,46.09
Kepler-482 b,Kepler-482,0.25787,2.360,4871,0.28931,313.07
Kepler-356 b,Kepler-356,0.05700,1.570,6133,2.8925,707.56
Kepler-1065 b,Kepler-1065,0.04550,3.730,5635,0.76588,1122.48
Kepler-2000 c,Kepler-2000,0.12280,1.570,3757,0.088569,320.59
WASP-148 c,WASP-148,0.20440,13.900,5555,0.72601,246.35
Kepler-511 b,Kepler-511,0.85672,6.350,5770,3.1444,652.00
Kepler-23 c,Kepler-23,0.09501,3.005,5828,2.4994,835.76
HD 68402 b,HD 68402,2.18000,12.600,5950,1.17,78.43
TrES-1 b,TrES-1,0.03925,12.666,5230,0.50037,159.66
Gliese 48 b,Gliese 48,0.17520,2.770,3450,0.0273,8.23
TOI-444 b,TOI-444,0.13300,2.770,5225,0.382,57.40
Kepler-111 b,Kepler-111,0.04600,1.580,5952,1.5657,657.22
Kepler-119 c,Kepler-119,0.04900,0.920,5595,0.91918,702.00
TOI-2202 b,TOI-2202,0.09564,10.951,5169,0.397,235.93
Wendelstein-2 b,Wendelstein-2,0.02340,12.993,4591,0.14652,565.54
HD 112300 b,HD 112300,1.33000,12.200,3657,502.59,62.07
Kepler-753 b,Kepler-753,0.05400,1.910,4346,0.13656,274.77
Kepler-399 b,Kepler-399,0.10300,0.960,5502,0.38194,740.54
Kepler-466 b,Kepler-466,0.26769,2.850,5927,0.85666,530.12
Kepler-593 b,Kepler-593,0.15080,2.870,5967,1.2003,973.76
Kepler-793 b,Kepler-793,0.04910,1.370,5745,1.2888,985.70
DMPP-7 b,DMPP-7,0.05873,9.130,5997,2.7614,101.39
Kepler-1967 b,Kepler-1967,0.06686,0.730,4970,0.27124,249.10
Kepler-1006 b,Kepler-1006,0.14640,1.540,5328,0.39811,1081.74
Kepler-90 i,KOI-351,0.12014,1.320,6015,1.8558,848.25
HD 194490 b,HD 194490,11.11600,12.400,5861,1.4041,80.23
Kepler-625 c,Kepler-625,0.05379,1.050,5789,2.5496,760.71
LTT 1445 A b,LTT 1445 A,0.03810,1.340,3562,0.0089968,6.87
Kepler-130 c,Kepler-130,0.17800,2.900,5879,1.4289,316.66
Kepler-307 c,Kepler-307,0.10896,2.200,5367,0.75594,575.58
Kepler-393 b,Kepler-393,0.09100,1.290,6189,3.3415,881.40
Kepler-613 b,Kepler-613,0.12320,2.290,5723,0.87704,861.49
HD 23472 f,HD 23472,0.09060,1.137,4684,0.237,39.03
Kepler-1903 b,Kepler-1903,0.13210,2.286,6347,1.9593,1775.44
HR 810 b,HR 810,0.92000,12.700,6167,1.791,17.32
K2-68 b,K2-68,0.07080,1.580,4746,0.21221,168.65
HIP 41378 d,HIP 41378,1.17000,3.650,6290,2.4915,106.29
Kepler-250 b,Kepler-250,0.04800,1.130,5160,0.34907,760.59
Kepler-695 b,Kepler-695,0.03740,9.210,5181,0.69285,842.95
K2-84 c,K2-84,0.17680,2.030,5652,0.3778,284.88
Kepler-1052 c,Kepler-1052,0.61350,2.300,5818,0.89774,943.44
K2-138 g,K2-138,0.23109,3.013,5356,0.51696,202.59
HD 62364 b,HD 62364,6.15000,12.100,6255,2.71,53.11
HD 128311 b,HD 128311,1.08400,13.500,4965,0.30789,16.33
TOI-1749 b,TOI-1749,0.02910,1.390,3985,0.069745,99.56
Kepler-20 b,Kepler-20,0.04565,1.773,5495,0.68468,282.56
CoRoT-4 b,CoRoT-4,0.09000,13.340,6190,1.5305,726.41
Kepler-53 d,Kepler-53,0.09100,2.120,6085,1.0854,1366.07
NGTS-20 b,NGTS-20,0.31300,11.994,5980,4.416,382.90
HD 63935 c,HD 63935,0.14800,3.065,5513,0.768,48.97
Kepler-58 e,Kepler-58,0.05330,1.610,6100,0.99033,969.25
Kepler-1622 b,Kepler-1622,0.10136,1.470,6436,2.3607,796.48
Kepler-1634 b,Kepler-1634,1.05250,3.190,5474,0.54316,617.34
Kepler-294 b,Kepler-294,0.04800,1.770,5913,0.71195,1357.01
GJ 581 e,GJ 581,0.02799,1.380,3500,0.012365,6.30
TOI-2427 b,TOI-2427,0.02020,1.800,4072,0.11417,28.51
Kepler-1853 b,Kepler-1853,0.23950,1.519,4821,0.27405,562.35
USco1621 b,USco1621 A,2880.00000,12.200,3460,0.095499,137.90
Kepler-445 d,Kepler-445,0.04390,1.250,3157,0.0079444,127.20
Kepler-937 b,Kepler-937,0.32140,3.720,6095,1.9097,1571.46
Kepler-1701 b,Kepler-1701,0.57380,2.222,5146,0.44603,584.14
Kepler-312 b,Kepler-312,0.03100,1.290,6115,3.9583,797.72
Kepler-200 b,Kepler-200,0.08000,2.130,5678,1.0181,665.91
TOI-1777.01,TOI-1777,0.11947,2.246,5859,1.0278,79.77
HD 47186 b,HD 47186,0.05000,5.020,5657,1.104,37.46
Kepler-1024 b,Kepler-1024,0.30330,3.910,5143,0.44676,1087.40
HD 285968 b,HD 285968,0.06600,2.830,3703,0.021979,9.47
HD 134606 e,HD 134606,0.05270,1.330,5576,1.161,26.79
Kepler-1835 b,Kepler-1835,0.09970,3.534,5903,1.1975,1404.38
WASP-162 b,WASP-162,0.08710,11.209,5300,1.1333,310.84
HD 108874 c,HD 108874,2.65900,13.800,5551,0.99834,59.52
TIC 172900988 b,TIC 172900988 Aa,0.90281,11.250,6050,4.6885,250.96
Kepler-1050 b,Kepler-1050,0.12353,1.600,6010,1.1447,490.49
HD 93351 b,HD 93351,0.03500,1.690,5408,0.64016,56.16
HD 28471 d,HD 28471,0.10000,2.060,5766,1.1526,43.65
Kepler-1545 b,Kepler-1545,0.54420,2.700,5201,0.52868,729.96
Kepler-1811 b,Kepler-1811,0.34620,3.848,5561,1.4259,1390.56
Kepler-1774 b,Kepler-1774,0.29496,3.182,6214,1.5506,816.59
Kepler-771 b,Kepler-771,0.08430,1.820,5906,2.2641,1393.85
KOBE-1 b,KOBE-1,0.07006,2.910,4135,0.10098,23.97
Kepler-1196 b,Kepler-1196,0.31790,2.230,5756,0.89739,922.33
Kepler-1277 b,Kepler-1277,0.21857,1.600,5578,0.63232,557.19
CoRoT-3 b,CoRoT-3,0.05783,11.320,6740,2.4596,768.77
Kepler-333 b,Kepler-333,0.08700,1.320,4259,0.118,324.41
Kepler-562 b,Kepler-562,0.13330,5.210,5575,1.037,992.77
Kepler-1671 b,Kepler-1671,0.04946,1.326,5136,0.54174,357.06
HIP 34222 b,HIP 34222,0.49200,13.900,4050,0.092753,22.84
TOI-1221 b,TOI-1221,0.38700,2.910,5592,0.96186,138.41
Kepler-206 b,Kepler-206,0.07800,1.200,5764,1.2122,594.45
Kepler-1852 b,Kepler-1852,0.07620,1.886,5237,0.3701,772.48
BD+37 3172 b,BD+37 3172,4.65000,12.400,4500,691.83,454.25
Kepler-881 b,Kepler-881,0.05520,1.780,5961,1.3175,1375.18
Kepler-185 b,Kepler-185,0.02600,1.170,5208,0.31298,466.74
Kepler-422 b,Kepler-422,0.08200,12.890,5972,1.7378,722.79
Kepler-1294 b,Kepler-1294,0.46840,3.190,5776,2.6386,1855.70
HD 153557 c,HD 153557,0.11100,4.360,4837,0.27385,17.94
Kepler-324 c,Kepler-324,0.26000,3.150,5194,0.49176,501.57
Kepler-490 b,Kepler-490,0.04530,11.650,6045,2.3172,1523.00
Gl 725 A b,Gl 725 A,0.06800,1.480,3433,0.015524,3.52
Kepler-1379 b,Kepler-1379,0.01710,1.300,5188,0.3951,971.33
Kepler-1122 b,Kepler-1122,0.23150,2.040,5544,1.1449,1230.42
Kepler-1826 b,Kepler-1826,0.02130,1.475,3821,0.075478,336.95
Kepler-913 c,Kepler-913,0.06990,3.858,6068,0.52284,991.62
HD 134606 c,HD 134606,0.30070,3.370,5576,1.161,26.79
Kepler-1847 b,Kepler-1847,0.09890,2.745,6122,1.2572,1693.86
Kepler-770 d,Kepler-770,0.06160,1.400,5598,1.1324,930.46
HATS-5 b,HATS-5,0.05420,10.223,5304,0.53951,246.38
Kepler-46 c,Kepler-46,0.27990,13.500,5155,0.5559,777.06
HD 10180 e,HD 10180,0.26990,5.390,5911,1.49,38.96
Kepler-1027 b,Kepler-1027,0.02911,0.890,5436,1.0245,405.10
Kepler-276 c,Kepler-276,0.18619,2.900,5693,0.8138,1144.86
HIP 75092 b,HIP 75092,2.02000,13.500,4891,10.47,81.67
Kepler-828 b,Kepler-828,0.01228,1.510,5039,0.28642,575.32
Kepler-1145 b,Kepler-1145,0.04430,1.400,5064,0.3174,691.96
AB Pic b,AB Pic,260.00000,12.300,5285,0.59387,50.05
HIP 107773 b,HIP 107773,0.72000,13.400,4945,74.131,105.18
HIP 65426 b,HIP 65426,92.00000,16.814,8840,18.576,108.88
WASP-50 b,WASP-50,0.02930,13.070,5400,0.63399,184.85
HD 145457 b,HD 145457,0.76200,13.200,4757,45.2,135.29
Kepler-1925 b,Kepler-1925,0.25880,3.002,5856,2.3171,1771.31
XO-7 b,XO-7,0.04421,15.390,6250,2.6997,234.15
K2-101 b,K2-101,0.11240,2.000,4927,0.2542,188.33
WASP-47 b,WASP-47,0.05200,12.860,5565,1.0756,264.78
HN Lib b,HN Lib,0.14170,2.200,3347,0.010106,6.24
ups And d,ups And,2.51329,12.500,6157,3.3528,13.41
Kepler-1620 b,Kepler-1620,0.43220,1.610,6157,1.9634,895.07
Kepler-1157 b,Kepler-1157,0.04480,1.090,4679,0.21116,342.14
Kepler-249 c,Kepler-249,0.05800,1.510,3568,0.032,190.40
Kepler-1610 b,Kepler-1610,0.07770,1.610,5383,0.32892,864.33
Kepler-1245 c,Kepler-1245,0.03720,1.440,5306,0.38821,805.94
Kepler-1746 b,Kepler-1746,0.94082,8.935,6018,3.1333,979.54
Kepler-297 d,Kepler-297,0.52300,32.600,5618,0.80153,692.14
HD 2638 b,HD 2638,0.04000,14.300,5186,0.46774,54.96
BD-13 2130 b,BD-13 2130,1.66000,12.500,4545,110.33,925.21
HD 19615 b,HD 19615,1.10000,12.600,4263,327,265.15
Kepler-305 c,Kepler-305,0.07568,3.300,5080,0.37742,868.48
HD 77338 b,HD 77338,0.06000,4.120,5341,0.55005,45.94
TOI-4603 b,TOI-4603,0.08880,11.680,6264,10.4,225.64
Kepler-209 c,Kepler-209,0.23100,3.100,5513,0.74338,576.95
Kepler-826 b,Kepler-826,0.05202,1.250,6079,2.2318,779.60
HD 66428 c,HD 66428,9.40800,13.500,5716,1.2468,53.28
TOI-1670 c,TOI-1670,0.24900,11.063,6170,2.5145,168.07
Kepler-17 b,Kepler-17,0.02591,14.680,5781,1.0272,720.75
HD 163607 c,HD 163607,2.39000,13.300,5522,2.6303,67.79
TOI-132 b,TOI-132,0.02600,3.420,5397,0.6,163.68
TOI-4633 c,TOI-4633,0.84700,3.200,5800,2.0481,95.20
CT Cha b,CT Cha,440.00000,24.660,4403,0.7911,190.72
NGTS-10 b,NGTS-10,0.01430,13.507,4600,0.17509,324.70
Kepler-1696 b,Kepler-1696,0.32440,2.810,5712,1.3767,1506.36
Kepler-1401 b,Kepler-1401,0.09750,1.680,5964,1.3804,1425.43
Kepler-1996 b,Kepler-1996,0.17890,2.260,4580,0.22019,440.56
Kepler-928 b,Kepler-928,0.04440,1.590,4700,0.19109,508.81
HIP 107772 b,HIP 107772,0.24300,3.640,4006,0.068672,23.64
Kepler-153 c,Kepler-153,0.23700,2.530,5404,0.35785,459.37
HD 73256 c,HD 73256,3.80000,12.200,5570,0.73794,36.71
HD 149143 b,HD 149143,0.05300,13.600,5856,2.2387,73.28
Kepler-48 d,Kepler-48,0.23302,2.040,5194,0.51374,306.74
WASP-48 b,WASP-48,0.03444,16.814,5920,3.803,454.14
Kepler-18 d,Kepler-18,0.11720,6.980,5345,0.93111,433.05
TOI-4443.01,TOI-4443,0.02996,1.719,5834,1.0802,56.07
TOI-3856 b,TOI-3856,0.03250,13.596,5622,1.002,314.44
Kepler-106 c,Kepler-106,0.10987,2.500,5858,1.2093,444.32
Kepler-957 b,Kepler-957,0.05590,5.500,4963,0.34013,824.69
Kepler-309 b,Kepler-309,0.05900,1.560,4713,0.26669,544.57
TOI-5734 b,TOI-5734,0.05921,2.100,4750,0.181,32.51
Kepler-1740 b,Kepler-1740,0.07790,3.323,5705,0.83288,1061.77
Kepler-176 d,Kepler-176,0.16300,2.510,5232,0.39421,527.32
TOI-1695 b,TOI-1695,0.03355,1.900,3690,0.0443,45.13
HATS-24 b,HATS-24,0.02380,15.637,6125,1.5488,494.18
K2-150 b,K2-150,0.07270,2.000,3499,0.026,102.48
HD 20868 b,HD 20868,0.95000,13.700,4802,0.2958,47.72
Kepler-1829 b,Kepler-1829,0.05590,2.479,5230,0.40369,679.92
HD 37124 c,HD 37124,1.71000,14.100,5699,0.77225,31.66
HD 67087 c,HD 67087,3.86000,12.900,6330,3.4674,76.52
Kepler-277 c,Kepler-277,0.21781,3.360,5946,3.6975,976.64
K2-116 b,K2-116,0.04800,0.690,4348,0.17931,49.39
Kepler-1350 b,Kepler-1350,0.04130,2.520,3827,0.052071,340.69
Kepler-995 b,Kepler-995,0.17010,2.700,5206,0.38091,609.64
CFHTWIR-Oph 98 b,CFHTWIR-Oph 98 A,200.00000,20.849,2320,0.0014125,
Kepler-1174 b,Kepler-1174,0.07320,1.590,5936,3.5918,1408.75
KOI-3503 c,KOI-3503,0.18688,1.210,6001,1.9955,887.06
Kepler-269 c,Kepler-269,0.08100,1.690,5847,2.3354,2257.32
TOI-6054.02,TOI-6054,0.10790,2.820,6047,3.33,79.41
TOI-5788 c,TOI-5788,0.11970,2.272,5615,0.712,97.61
Kepler-1719 b,Kepler-1719,0.06868,3.950,5687,3.3541,905.41
Kepler-122 b,Kepler-122,0.06400,2.340,6050,1.8618,1027.45
Kepler-607 b,Kepler-607,0.01370,0.870,5196,0.41503,519.12
Kepler-1981 b,Kepler-1981,1.32920,9.230,5874,1.7521,659.39
Kepler-430 b,Kepler-430,0.22440,3.250,5884,2.0515,917.48
Kepler-1229 b,Kepler-1229,0.30060,1.400,3784,0.029309,265.48
HD 37605 c,HD 37605,3.74000,13.100,5329,0.60256,46.79
TOI-1431 b,TOI-1431,0.04600,16.701,7690,11.7,148.93
NGTS-2 b,NGTS-2,0.06300,17.878,6478,4.2734,356.39
Kepler-1266 c,Kepler-1266,0.05060,1.680,4996,0.29515,849.31
TOI-7009 b,TOI-7009,0.02870,3.710,4080,0.12929,184.12
TOI-421 c,TOI-421,0.11700,5.090,5291,0.5398,74.80
Kepler-32 e,Kepler-32,0.03300,1.500,3900,0.051,323.85
Kepler-1555 b,Kepler-1555,0.08050,1.610,5866,2.4509,2013.27
Kepler-1725 b,Kepler-1725,0.13263,2.813,6020,1.5795,558.65
Kepler-155 c,Kepler-155,0.24200,2.240,4508,0.06166,293.50
HD 38529 c,HD 38529,3.22600,12.500,5697,6.8265,42.35
TOI-6716 b,TOI-6716,0.03190,0.982,3110,0.0047927,18.89
Kepler-163 c,Kepler-163,0.15200,2.260,5776,0.7278,689.81
Kepler-52 b,Kepler-52,0.06370,2.100,4075,0.101,321.54
Kepler-439 b,Kepler-439,0.56300,2.240,5431,0.58076,757.05
Kepler-1491 c,Kepler-1491,0.30450,2.440,5626,2.2631,2065.59
WASP-194 b,WASP-194,0.04700,15.480,6405,3.0309,476.83
HIP 67522 b,HIP 67522,0.07480,9.987,5675,1.75,127.28
Kepler-1758 b,Kepler-1758,0.09190,2.571,5557,3.058,1588.41
Kepler-1158 b,Kepler-1158,0.12643,2.340,6203,6.9236,1484.25
Kepler-311 b,Kepler-311,0.08700,1.700,5905,1.5606,778.65
Kepler-1956 b,Kepler-1956,0.05630,1.089,4391,0.090132,360.47
Kepler-402 e,Kepler-402,0.10200,1.460,6090,1.5977,625.34
Kepler-565 b,Kepler-565,0.05010,3.640,5735,0.88085,1041.00
Kepler-750 b,Kepler-750,0.08742,3.070,6160,2.2065,1296.02
TOI-1272 b,TOI-1272,0.04100,4.260,4985,0.3424,137.57
Kepler-238 e,Kepler-238,0.17286,5.600,5800,2.6945,1798.75
Kepler-1255 b,Kepler-1255,0.22260,2.320,6018,2.0289,1617.07
Kepler-352 c,Kepler-352,0.11800,1.240,5212,0.36953,252.73
Kepler-1742 b,Kepler-1742,0.25870,2.178,5776,0.655,669.57
Kepler-127 b,Kepler-127,0.12500,1.400,6106,2.5498,352.79
HIP 111909 c,HIP 111909,1.97000,13.900,4891,10.471,88.08
Kepler-568 b,Kepler-568,0.07940,2.260,3768,0.046732,130.65
Kepler-1611 b,Kepler-1611,0.05860,0.810,5605,0.7709,908.44
Kepler-1923 b,Kepler-1923,0.28460,1.960,5881,1.8072,990.84
HD 63765 b,HD 63765,0.94000,14.200,5449,0.55403,32.54
Kepler-896 b,Kepler-896,0.56378,2.530,5262,3.0303,2334.93
Kepler-1208 b,Kepler-1208,0.09010,2.320,5001,0.27958,825.18
Kepler-499 b,Kepler-499,0.05980,2.170,5312,0.52579,556.73
HD 62549 b,HD 62549,11.84200,12.600,5930,1.6922,49.33
Kepler-155 b,Kepler-155,0.05600,2.090,4508,0.06166,293.50
HD 111591 b,HD 111591,2.50000,12.900,4884,38.07,114.17
Kepler-45 b,Kepler-45,0.03000,10.760,3820,0.053001,381.95
Kepler-406 c,Kepler-406,0.05531,0.850,5538,1.1174,364.03
GJ 3090 c,GJ 3090,0.09970,3.140,3707,0.0455,22.48
ups And c,ups And,0.82777,12.300,6157,3.3528,13.41
Kepler-93 b,Kepler-93,0.05343,1.478,5669,0.78406,95.91
TOI-3464 b,TOI-3464,0.05150,13.765,6370,3.62,597.77
HAT-P-17 c,HAT-P-17,5.60000,13.100,5337,0.51413,92.38
K2-5 b,K2-5,0.05320,1.910,3930,0.082526,202.94
Kepler-596 b,Kepler-596,0.15161,3.460,6267,2.0628,1023.85
Kepler-1757 b,Kepler-1757,0.13350,2.947,5288,0.42716,807.31
K2-174 b,K2-174,0.12600,2.600,4455,0.16878,99.93
TOI-2267 b,TOI-2267 A,0.02050,1.000,3030,0.0033,22.55
TOI-756 c,TOI-756,0.43900,13.000,3657,0.041,86.18
K2-274 b,K2-274,0.09640,2.080,5044,0.30972,228.33
Kepler-415 b,Kepler-415,0.04260,1.210,4362,0.15666,530.49
Kepler-1686 b,Kepler-1686,0.08827,1.426,5715,1.3828,729.82
Kepler-85 b,Kepler-85,0.07885,1.778,5505,0.61334,765.02
TOI-3593 b,TOI-3593,0.04810,11.030,5550,0.722,226.63
Kepler-263 c,Kepler-263,0.24200,2.470,5265,0.34983,754.75
HAT-P-30 b,HAT-P-30,0.04190,16.141,6304,2.0512,213.99
K2-324 b,K2-324,0.03310,2.430,3752,0.046446,136.67
TOI-178 g,TOI-178,0.12750,2.939,4316,0.136,62.70
Kepler-403 d,Kepler-403,0.12178,1.420,6209,4.4061,840.27
TOI-954 b,TOI-954,0.04963,9.550,5710,3.43,238.77
HD 213519 b,HD 213519,0.09900,2.990,5840,1.2289,41.00
Kepler-725 c,Kepler-725,0.67440,3.080,5395,0.48636,758.47
Kepler-378 b,Kepler-378,0.11200,0.750,4661,0.22111,152.09
Kepler-82 d,Kepler-82,0.03400,1.770,5428,0.65303,904.33
TOI-1752 b,TOI-1752,0.01624,1.693,3762,0.0505,103.02
K2-317 b,K2-317,0.05420,2.930,3387,0.013469,176.29
Kepler-1375 b,Kepler-1375,0.04710,1.740,6704,6.6449,1430.84
WASP-29 b,WASP-29,0.04570,8.631,4800,0.29848,87.60
Kepler-1476 b,Kepler-1476,0.09320,1.670,5663,0.57161,1002.74
Kepler-883 b,Kepler-883,0.10288,1.780,6116,1.9755,627.46
TOI-1820 b,TOI-1820,0.06100,12.778,5734,1.9693,248.50
Kepler-1220 b,Kepler-1220,0.07340,1.520,5842,1.0588,961.91
Kepler-1284 b,Kepler-1284,0.01430,1.210,5123,0.40255,882.32
HD 4760 b,HD 4760,1.14000,12.300,4076,851.14,537.87
Kepler-1425 b,Kepler-1425,0.11435,0.940,5718,2.4982,863.87
TOI-2497 b,TOI-2497,0.11660,11.142,7360,14.7,285.29
HD 240210 b,HD 240210,1.16000,12.800,4297,35.481,372.40
TOI-3362 b,TOI-3362,0.15300,12.801,6532,5.48,366.99
Kepler-146 b,Kepler-146,0.20000,3.710,5948,1.4059,716.80
HIP 113103 c,HIP 113103,0.10479,2.400,4930,0.26528,46.21
TOI-1080 b,TOI-1080,0.02720,1.200,3065,0.00324,25.56
WASP-32 b,WASP-32,0.03940,10.761,6140,1.5612,275.99
Kepler-192 d,Kepler-192,0.06860,1.020,5487,0.80484,651.67
Kepler-1488 b,Kepler-1488,0.24153,1.860,5820,3.8679,905.83
BD+14 4559 b,BD+14 4559,0.78000,13.800,4864,0.47863,49.35
TOI-2977 b,TOI-2977,0.03386,13.159,5691,1.089,
Kepler-1873 b,Kepler-1873,0.01280,1.626,5151,0.38948,820.96
Kepler-52 d,Kepler-52,0.18200,1.950,4263,0.101,321.54
K2-370 b,K2-370,0.03210,2.670,5662,0.7464,144.20
Kepler-829 b,Kepler-829,0.06780,2.110,5698,1.0966,1073.76
HIP 29442 d,TOI-469,0.06730,1.538,5289,0.70923,68.19
nu Oct A b,nu Oct A,1.24000,13.300,4910,13.2,21.20
TOI-4010 d,TOI-4010,0.11300,6.180,4960,0.39847,177.50
Kepler-196 b,Kepler-196,0.13800,1.900,5128,0.40498,451.31
Kepler-131 b,Kepler-131,0.12789,2.410,5685,1.0517,228.68
Kepler-179 b,Kepler-179,0.03600,1.640,5302,0.52765,605.68
Kepler-1745 b,Kepler-1745,0.04080,1.929,5611,1.0151,996.11
Kepler-251 c,Kepler-251,0.12200,2.770,5526,0.67302,924.62
Kepler-806 b,Kepler-806,0.07684,1.140,5770,2.5501,361.90
HD 38529 b,HD 38529,0.11500,14.100,5697,6.8265,42.35
Kepler-200 c,Kepler-200,0.09000,1.590,5678,1.0181,665.91
Kepler-1854 b,Kepler-1854,0.20894,2.587,5026,0.33189,423.35
WASP-158 b,WASP-158,0.05170,11.994,6350,3.0435,524.99
HAT-P-17 b,HAT-P-17,0.08920,11.769,5246,0.51413,92.38
Kepler-438 b,Kepler-438,0.16600,1.120,3748,0.043954,195.94
TIC 139270665 c,TIC 139270665,2.00000,12.900,5844,1.077,189.88
HD 175541 b,HD 175541,0.97500,14.100,5013,8.5901,129.60
Kepler-1266 b,Kepler-1266,0.16431,2.580,5044,0.29515,849.31
Kepler-255 b,Kepler-255,0.06300,1.550,5573,0.65598,1052.53
Kepler-1423 b,Kepler-1423,0.15860,1.060,4939,0.302,449.00
Kepler-1869 b,Kepler-1869,0.07976,1.120,5808,0.891,113.03
Kepler-1831 b,Kepler-1831,0.06550,1.970,6063,0.90053,1053.49
HD 219134 b,HD 219134,0.03876,1.602,4699,0.2646,6.53
TOI-6695 c,TOI-6695,0.83800,13.600,6400,3.47,282.54
Kepler-1797 b,Kepler-1797,0.16370,3.058,6244,1.153,1338.49
HIP 35173 b,HIP 35173,0.21700,3.610,4881,0.30592,33.16
Kepler-1894 b,Kepler-1894,0.03850,1.201,5772,0.53733,935.19
Kepler-1223 b,Kepler-1223,0.11860,1.220,4870,0.28746,459.96
K2-7 b,K2-7,0.18670,4.035,5700,2.24,738.55
Kepler-307 b,Kepler-307,0.09359,2.430,5367,0.75594,575.58
Kepler-755 c,Kepler-755,0.03700,1.260,5043,0.34943,399.03
HAT-P-22 b,HAT-P-22,0.04140,12.890,5302,0.76913,81.76
Kepler-268 b,Kepler-268,0.18000,2.550,6081,2.0801,851.87
Kepler-1775 b,Kepler-1775,0.39565,3.648,5818,1.7623,657.02
HAT-P-20 b,HAT-P-20,0.03610,9.718,4595,0.19011,71.04
Kepler-607 c,Kepler-607,0.21507,2.760,5244,0.41503,519.12
Kepler-730 b,Kepler-730,0.06940,12.330,5620,1.7217,1935.04
Kepler-907 b,Kepler-907,0.12250,1.200,6106,2.3878,352.00
Kepler-318 c,Kepler-318,0.10500,3.680,5746,1.0091,489.14
Kepler-823 b,Kepler-823,0.05070,1.570,5643,2.1652,1389.27
HD 75302 b,HD 75302,5.30000,12.800,5697,0.84045,30.33
TOI-540 b,TOI-540,0.01223,0.903,3216,0.00346,14.00
Kepler-225 b,Kepler-225,0.05600,1.200,3682,0.101,561.10
GJ 3323 c,GJ 3323,0.12640,1.320,3159,0.0027,5.37
K2-13 b,K2-13,0.21140,1.890,5698,0.73225,342.39
Kepler-647 c,Kepler-647,0.18291,4.001,5907,2.6202,1087.87
HD 24085 b,HD 24085,0.03400,3.460,6034,2.383,54.90
TOI-1136 f,TOI-1136,0.17400,3.736,5770,0.94,84.54
K2-360 c,EPIC 201595106,0.08830,4.020,5679,0.893,232.10
TOI-1468 c,TOI-1468,0.08608,2.126,3376,0.01614,24.74
Kepler-314 b,Kepler-314,0.03500,0.830,5378,0.59472,268.88
Kepler-1184 b,Kepler-1184,0.28630,2.680,5983,1.1623,1157.84
TOI-1438 c,TOI-1438,0.08300,2.750,5230,0.45,110.51
HD 155193 b,HD 155193,1.04000,14.000,6239,4.3762,57.80
Kepler-10 d,Kepler-10,0.53790,3.490,5708,1.1341,185.51
TOI-6041 c,TOI-6041,0.37210,10.500,5445,0.613,72.47
HIP 97233 b,HIP 97233,2.49100,12.100,5020,15.996,102.28
GJ 9827 d,GJ 9827,0.05300,1.980,4236,0.099001,29.66
HD 107148 c,HD 107148,0.14070,4.700,5753,1.3207,49.42
Kepler-502 b,Kepler-502,0.05350,4.770,6125,2.234,1591.04
Kepler-1871 b,Kepler-1871,0.03080,2.422,5741,1.0068,854.62
HIP 67522 c,HIP 67522,0.12280,7.936,5675,1.75,127.28
Kepler-1235 b,Kepler-1235,0.04836,0.790,5541,0.69783,540.60
Kepler-1625 b,Kepler-1625,0.87762,6.060,5677,2.735,2310.11
K2-158 b,K2-158,0.08870,2.640,5503,0.6871,197.30
Kepler-302 c,Kepler-302,0.50300,12.450,5740,1.1207,1402.58
TOI-1669 c,TOI-1669,0.03760,2.296,5497,0.921,111.28
WASP-39 b,WASP-39,0.04828,14.336,5485,0.74487,213.98
Kepler-69 b,Kepler-69,0.09400,2.240,5638,0.79983,730.62
Kepler-120 b,Kepler-120,0.05500,2.150,4096,0.21037,388.63
WASP-153 b,WASP-153,0.04800,17.374,5914,2.8812,610.18
Kepler-341 e,Kepler-341,0.24200,1.990,6012,1.3403,1047.03
Kepler-627 b,Kepler-627,0.22661,3.730,6424,2.4288,984.31
TOI-778 b,TOI-778,0.06000,15.400,6643,5.76,161.74
55 Cnc d,55 Cnc,5.60000,13.000,5198,0.6354,12.59
Kepler-737 b,Kepler-737,0.14220,1.960,3813,0.049947,205.12
NGTS-13 b,NGTS-13,0.05490,12.801,5819,3.29,647.60
Kepler-1175 b,Kepler-1175,0.21810,2.990,5453,0.4573,1121.89
HD 130322 b,HD 130322,0.09250,13.700,5387,0.58151,31.88
K2-77 b,K2-77,0.07530,2.500,5160,0.401,141.73
Gl 49 b,Gl 49,0.09050,2.240,3805,0.04938,9.85
TOI-2416 b,TOI-2416,0.08310,9.864,5808,1.574,557.73
TOI-3523 A b,TOI-3523 A,0.03559,15.973,6450,3.27,645.29
Kepler-843 b,Kepler-843,0.03130,2.590,5830,0.89695,1165.66
Kepler-249 b,Kepler-249,0.03500,1.090,3568,0.032,190.40
TYC 1422-614-1 c,TYC 1422-614-1,1.37000,12.500,4806,22.387,672.41
GJ 2056 b,GJ 2056,0.28300,4.170,4070,0.12444,28.44
Kepler-1910 b,Kepler-1910,0.05360,1.184,4234,0.1183,
Kepler-1655 b,Kepler-1655,0.10290,2.213,6148,1.3904,213.26
HAT-P-11 b,HAT-P-11,0.05258,4.360,4653,0.27101,37.76
TOI-1442 b,TOI-1442,0.00710,1.170,3330,0.010539,41.17
HD 191939 g,HD 191939,0.81200,3.740,5348,0.64999,53.61
K2-358 b,K2-358,0.08630,2.680,5650,0.6897,480.31
Kepler-1237 b,Kepler-1237,0.37780,2.860,5472,0.5521,1064.31
HAT-P-38 b,HAT-P-38,0.05230,9.247,5330,0.61944,255.21
K2-55 b,K2-55,0.03486,4.430,4300,0.16432,159.52
HD 21693 c,HD 21693,0.25860,4.340,5430,0.62,33.26
TOI-7149 b,TOI-7149,0.02603,13.200,3363,0.01215,126.13
Kepler-852 b,Kepler-852,0.27967,2.540,6100,6.7143,1619.03
K2-357 b,K2-357,0.14500,3.720,5794,0.85975,517.69
TOI-3976 A b,TOI-3976 A,0.07430,12.274,5975,2.588,516.09
K2-232 b,K2-232,0.10356,11.209,6154,1.73,130.72
Kepler-1357 b,Kepler-1357,0.04100,1.280,5597,0.71524,1015.69
Kepler-132 e,Kepler-132,0.43927,1.180,6023,1.4355,349.55
LTT 9779 b,LTT 9779,0.01679,4.720,5443,0.68,80.44
TOI-763 b,TOI-763,0.06000,2.280,5450,0.70183,95.13
HATS-14 b,HATS-14,0.03815,11.646,5346,0.67183,513.01
Kepler-1320 b,Kepler-1320,0.01630,1.700,4817,0.18666,647.42
Kepler-1807 b,Kepler-1807,0.09880,2.704,6455,4.0045,1299.32
rho CrB e,rho CrB,0.10610,1.750,5817,1.706,17.47
Kepler-1613 b,Kepler-1613,0.02755,2.080,6005,4.3428,1508.33
HD 20794 b,HD 20794,0.12570,1.450,5368,0.68689,6.00
K2-277 b,K2-277,0.06640,2.186,5680,0.89,113.12
Kepler-1032 b,Kepler-1032,0.03610,1.870,4647,0.22107,673.01
TOI-5726.01,TOI-5726,0.06219,2.554,5874,1.3132,108.85
Wolf 327 b,Wolf 327,0.01000,1.240,3542,0.02345,28.53
GJ 3378 b,GJ 3378,0.09673,1.320,3340,0.0085,7.72
Kepler-62 f,Kepler-62,0.71800,1.410,4925,0.20989,300.87
Kepler-294 c,Kepler-294,0.07100,2.710,5913,0.71195,1357.01
Kepler-21 b,Kepler-21,0.04340,1.639,6305,5.188,108.52
HD 161178 b,HD 161178,0.85000,14.100,4786,56.36,107.19
Kepler-36 b,Kepler-36,0.11419,1.498,5979,3.2363,527.96
ups And b,ups And,0.05922,14.000,6157,3.3528,13.41
Kepler-42 d,Kepler-42,0.01540,0.570,3068,0.0023988,40.06
TOI-6478 b,TOI-6478,0.11360,4.600,3230,0.0057222,38.61
Kepler-125 b,Kepler-125,0.04100,2.370,3810,0.047,183.37
Kepler-1407 b,Kepler-1407,0.15020,2.250,6010,1.8677,1396.41
TOI-1246 b,TOI-1246,0.04900,3.010,5151,0.5,169.42
HD 16760 b,HD 16760,1.15600,12.100,5518,0.72,50.18
Kepler-167 e,Kepler-167,1.88300,10.160,4884,0.289,341.91
Kepler-471 b,Kepler-471,0.06260,14.960,6733,5.1306,1249.41
TOI-3837 b,TOI-3837,0.09900,10.873,5905,1.571,311.70
Kepler-1561 b,Kepler-1561,0.01940,1.090,5957,0.95403,839.08
Kepler-1338 b,Kepler-1338,0.01937,0.920,5909,1.7668,753.26
HD 143361 b,HD 143361,1.98800,12.900,5507,0.81001,68.51
WASP-59 b,WASP-59,0.06970,8.687,4650,0.16067,115.94
Kepler-1293 b,Kepler-1293,0.06763,0.970,6241,4.0166,1028.16
Kepler-59 c,Kepler-59,0.13114,1.980,6074,2.1074,1163.22
TOI-849 b,TOI-849,0.01550,3.640,5257,0.60478,225.73
Kepler-825 b,Kepler-825,0.04530,1.530,5976,1.3169,807.85
KELT-14 b,KELT-14,0.03005,19.537,5720,1.9,250.12
Kepler-339 d,Kepler-339,0.09100,1.170,5631,0.48616,616.64
Kepler-1280 b,Kepler-1280,0.33982,1.870,6227,4.7731,1486.70
Kepler-245 c,Kepler-245,0.12400,2.180,5100,0.40199,861.53
Kepler-1481 b,Kepler-1481,0.05900,1.230,4908,0.25907,459.08
TOI-1266 c,TOI-1266,0.10500,1.980,3563,0.02629,36.01
Kepler-1838 b,Kepler-1838,0.11082,1.660,5877,3.4414,451.24
K2-75 c,K2-75,0.14290,2.770,5995,2.2358,561.93
CoRoT-18 b,CoRoT-18,0.02950,14.680,5440,0.67608,764.89
HD 76920 b,HD 76920,1.09100,13.100,4664,29.5,184.03
KOI-351 d,KOI-351,0.32000,2.870,6080,1.8558,848.25
Kepler-1414 b,Kepler-1414,0.04260,1.230,4951,0.34368,570.84
alf Tau b,alf Tau,1.46000,12.700,4055,469.89,20.43
Kepler-178 c,Kepler-178,0.14200,2.880,5676,0.61975,716.02
Kepler-1731 b,Kepler-1731,0.13990,2.933,4859,0.25141,169.95
Kepler-710 b,Kepler-710,0.05240,1.880,5611,1.8397,1448.34
HD 219134 g,HD 219134,0.37530,3.280,4913,0.31,6.53
K2-5 c,K2-5,0.08180,2.260,3930,0.082526,202.94
Kepler-708 b,Kepler-708,0.04260,2.930,5692,1.0888,1394.22
HD 69123 b,HD 69123,2.48200,13.100,4842,29.51,75.12
WASP-54 b,WASP-54,0.04988,17.710,6100,3.7564,251.30
ROXs 42 B b,ROXs 42 B,157.00000,12.500,3433,0.1616,143.59
Kepler-398 b,Kepler-398,0.04400,0.930,4493,0.15452,177.35
Kepler-1018 b,Kepler-1018,0.25300,2.580,5518,0.82754,1010.01
TOI-4734 b,TOI-4734,0.07400,10.918,6070,4.21,563.07
K2-250 b,K2-250,0.04606,2.713,5003,0.359,414.71
TOI-2842 b,TOI-2842,0.04750,12.845,5910,1.76,461.00
HD 105779 b,HD 105779,3.38000,14.100,5792,0.77999,55.24
Kepler-1181 c,Kepler-1181,0.09280,1.830,6688,2.9678,938.42
TOI-836 b,TOI-836,0.04220,1.704,4552,0.14036,27.50
Kepler-31 b,Kepler-31,0.16000,5.500,6340,2.0014,1664.64
Kepler-633 c,Kepler-633,0.16246,2.296,5877,1.7219,680.54
K2-320 b,K2-320,0.01420,2.620,3157,0.0074943,108.74
HD 114386 c,HD 114386,1.05000,13.400,4895,0.2884,27.92
Kepler-1523 b,Kepler-1523,0.01867,1.580,5708,0.79627,865.60
GJ 463 b,GJ 463,3.53000,13.100,3563,0.029996,18.36
Kepler-1606 b,Kepler-1606,0.64210,2.070,5422,0.67453,831.29
GQ Lup b,GQ Lup,100.00000,33.600,4360,0.84647,151.17
HD 33564 b,HD 33564,1.10000,12.500,6250,3.428,20.95
Kepler-30 c,Kepler-30,0.30000,12.300,5498,0.57999,914.22
TOI-2886 b,TOI-2886,0.02871,18.641,6240,2.1,413.67
Kepler-62 c,Kepler-62,0.09290,0.540,4925,0.20989,300.87
Kepler-1016 c,Kepler-1016,0.43519,3.680,5821,1.3293,1402.82
HD 125612 c,HD 125612,0.05100,4.070,5900,1.1482,57.62
Kepler-1930 b,Kepler-1930,0.10233,1.530,5083,0.31228,275.69
Wolf 1061 d,Wolf 1061,0.47000,2.690,3342,0.0102,4.31
Kepler-270 c,Kepler-270,0.18000,1.770,6067,2.0517,948.78
Kepler-589 b,Kepler-589,0.11960,2.270,5296,0.4501,612.80
Kepler-1082 b,Kepler-1082,0.02571,1.120,5923,2.0616,739.56
Kepler-431 d,Kepler-431,0.10450,1.110,6004,3.1506,486.55
Kepler-11 e,Kepler-11,0.19500,4.190,5663,1.3189,646.35
Kepler-1824 b,Kepler-1824,0.42670,2.381,6002,1.4825,1040.10
WASP-170 b,WASP-170,0.03370,12.285,5600,0.77,305.60
K2-74 b,K2-74,0.14020,2.310,6060,1.147,377.82
K2-239 b,K2-239,0.04410,1.100,3420,0.016,31.08
Kepler-544 b,Kepler-544,0.15482,2.120,6206,3.3778,963.18
TOI-1246 d,TOI-1246,0.13200,3.431,5213,0.5,169.42
HD 39194 d,HD 39194,0.19490,2.120,5205,0.39,26.41
KOINTREAU-3 b,ISO-Oph 96,342.00000,13.100,3920,0.066056,140.56
Kepler-1326 b,Kepler-1326,0.27430,4.180,6725,3.334,698.33
HATS-9 b,HATS-9,0.03120,13.850,5599,2.0502,638.70
Kepler-1563 b,Kepler-1563,0.04420,0.750,5765,0.97679,616.70
Kepler-1721 b,Kepler-1721,0.05190,3.119,5351,0.39197,641.37
Kepler-256 e,Kepler-256,0.09600,2.350,5551,0.87277,1026.43
TOI-1184 b,TOI-1184,0.05603,2.390,4534,0.199,58.59
G 192-15 b,G 192-15,0.01723,1.020,2999,0.002124,9.53
TOI-2031 A b,TOI-2031 A,0.06600,14.202,6490,2.46,276.11
HD 168746 b,HD 168746,0.07000,11.100,5570,1.1,41.57
HD 20781 c,HD 20781,0.10040,2.170,5256,0.49,35.97
HATS-61 b,HATS-61,0.07908,13.395,5542,2.34,679.76
HD 15337 c,HD 15337,0.12350,2.526,5131,0.472,44.82
Kepler-848 b,Kepler-848,0.07586,1.700,5695,3.9236,1378.47
HD 184010 b,HD 184010,0.94000,12.100,4971,13.09,60.80
WASP-132 b,WASP-132,0.06740,10.099,4686,0.266,122.91
HD 23472 d,HD 23472,0.04298,0.750,4684,0.237,39.03
Kepler-1227 b,Kepler-1227,0.38555,2.290,5747,0.69448,623.71
Kepler-388 c,Kepler-388,0.09300,0.860,4498,0.36365,425.00
HD 129445 b,HD 129445,2.90000,13.300,5646,1.2294,67.44
WASP-141 b,WASP-141,0.04690,13.563,5900,2.0639,516.54
TrES-2 b,TrES-2,0.03568,15.244,5850,1.0925,215.32
HD 108863 b,HD 108863,1.32000,13.300,4878,16.8,164.74
Kepler-1586 b,Kepler-1586,0.12208,1.520,6681,1.5244,552.55
HD 109749 b,HD 109749,0.06150,11.100,5824,1.5488,63.08
Kepler-1355 b,Kepler-1355,0.02240,1.460,5352,0.46858,911.27
TOI-2015 c,TOI-2015,0.04123,2.930,3297,0.0322,47.34
Kepler-1747 b,Kepler-1747,0.06600,4.265,5477,0.62332,1321.38
Kepler-411 d,Kepler-411,0.27900,3.319,4974,0.26364,153.68
Kepler-909 b,Kepler-909,0.11873,1.470,6154,1.875,309.60
Kepler-169 b,Kepler-169,0.04000,1.130,4997,0.31907,406.53
Kepler-1557 b,Kepler-1557,0.04900,1.530,6099,1.3164,1380.16
Kepler-30 b,Kepler-30,0.18000,3.900,5498,0.57999,914.22
HD 87816 c,HD 87816,10.14000,12.400,4989,45.2,133.23
Kepler-1710 b,Kepler-1710,0.11583,3.197,5650,0.7201,305.19
Kepler-842 b,Kepler-842,0.02040,1.600,4848,0.24413,532.73
Kepler-185 c,Kepler-185,0.13900,2.020,5208,0.31298,466.74
HD 168009 b,HD 168009,0.11920,3.050,5778,1.412,23.30
Kepler-245 d,Kepler-245,0.20200,3.030,5100,0.40199,861.53
Kepler-81 c,Kepler-81,0.08347,2.370,4385,0.129,348.29
HIP 105854 b,HIP 105854,0.81000,12.600,4780,46.774,78.64
Kepler-1001 c,Kepler-1001,0.08296,1.578,5376,0.52655,928.98
Kepler-763 b,Kepler-763,0.02050,1.220,5166,0.46355,962.46
Kepler-738 b,Kepler-738,0.15520,2.500,5327,0.61287,1113.65
EPIC 211945201 b,EPIC 211945201,0.14930,5.760,6069,2.3623,181.69
TOI-2796 b,TOI-2796,0.05690,17.262,5764,1.136,350.34
HD 6860 b,HD 6860,2.03000,11.900,3802,1674.9,61.12
HD 86081 b,HD 86081,0.03460,13.600,5939,2.3988,103.94
Kepler-317 c,Kepler-317,0.08300,1.720,5497,0.61973,940.58
HD 34445 b,HD 34445,2.07000,13.900,5879,2.01,46.09
K2-37 d,K2-37,0.11020,2.310,5352,0.39086,179.94
NGTS-31 b,NGTS-31,0.06400,18.046,5710,2.7733,497.38
Kepler-1498 b,Kepler-1498,0.25280,1.330,5256,0.68292,740.00
HIP 18606 b,HIP 18606,1.61000,14.000,4860,11.482,47.03
Kepler-256 b,Kepler-256,0.02700,1.590,5551,0.87277,1026.43
TOI-3984 A b,TOI-3984 A,0.04100,7.900,3476,0.026664,108.88
Kepler-801 b,Kepler-801,0.07950,2.000,4435,0.15917,440.43
TOI-2525 c,TOI-2525,0.24900,10.133,5096,0.363,395.40
KIC 3526061 b,KIC 3526061,5.14000,12.100,4829,16.4,401.23
Kepler-167 c,Kepler-167,0.06840,1.674,4884,0.289,341.91
TOI-1248 b,TOI-1248,0.05100,6.808,5205,0.501,168.74
HD 23079 b,HD 23079,1.60000,13.200,5994,1.35,33.46
HD 11964 c,HD 11964,0.22900,5.380,5303,2.8777,33.54
Kepler-219 d,Kepler-219,0.27200,2.810,5786,1.6364,787.07
Kepler-962 b,Kepler-962,0.09874,1.970,5478,0.54809,411.49
Kepler-1663 b,Kepler-1663,0.10720,3.304,3844,0.077725,337.93
TIC 52059926 b,TIC 52059926,0.55300,10.710,4505,0.19,216.58
Kepler-1998 b,Kepler-1998,0.04050,0.600,5640,0.85941,340.96
Kepler-921 b,Kepler-921,0.27160,2.870,5663,0.93411,934.49
Kepler-1137 b,Kepler-1137,0.18710,2.200,6807,5.6792,921.78
HD 224538 b,HD 224538,2.37500,12.700,6097,2.95,79.06
K2-63 c,K2-63,0.18900,3.900,6771,1.6576,517.53
TOI-3364 b,TOI-3364,0.06750,12.229,5706,1.93,277.90
Kepler-569 b,Kepler-569,0.19784,3.160,5616,0.78233,638.30
Kepler-1539 b,Kepler-1539,0.47650,2.700,5176,0.37491,748.33
HIP 4845 b,HIP 4845,0.17600,3.890,4010,0.092491,21.10
Kepler-1482 b,Kepler-1482,0.09968,1.010,5381,0.82627,567.56
HATS-53 b,HATS-53,0.04753,15.020,5644,1.11,585.77
TOI-5422 b,TOI-5422,0.06190,9.102,5820,2.25,346.14
Kepler-117 b,Kepler-117,0.14450,8.059,6150,3.4495,1455.57
Kepler-1976 b,Kepler-1976,0.05650,12.210,5712,1.0995,1314.51
Kepler-1676 b,Kepler-1676,0.19540,3.377,5878,1.212,
LHS 1678 d,LHS 1678,0.04000,0.981,3490,0.0145,19.88
Kepler-289 c,Kepler-289,0.50155,11.230,5990,1.1508,704.44
WASP-161 b,WASP-161,0.06730,12.812,6400,4.44,343.08
Kepler-449 c,Kepler-449,0.19790,2.764,5649,1.977,241.95
Kepler-169 e,Kepler-169,0.10500,2.200,4997,0.31907,406.53
HD 86950 b,HD 86950,2.72000,13.000,4805,36.3,209.84
HD 127506 b,HD 127506,0.28700,5.670,4595,0.21749,22.53
TOI-1347 c,TOI-1347,0.05460,1.600,5464,0.55,147.48
Kepler-54 c,Kepler-54,0.08090,1.230,3705,0.05,271.70
Kepler-1150 b,Kepler-1150,0.03820,1.020,4754,0.21588,358.52
Kepler-390 c,Kepler-390,0.10100,0.790,5166,0.44463,435.28
Kepler-1092 b,Kepler-1092,0.29960,2.070,5862,1.247,981.23
Kepler-259 c,Kepler-259,0.21700,2.700,5938,0.70354,1002.14
Kepler-1765 b,Kepler-1765,0.09170,2.495,5692,0.73114,764.46
Kepler-138 b,Kepler-138,0.07530,0.640,3841,0.056,66.86
HD 219415 b,HD 219415,3.20000,13.800,4820,4.1687,165.18
K2-285 d,K2-285,0.11780,2.480,4975,0.37859,154.96
HD 140901 c,HD 140901,11.80000,13.400,5610,0.79001,15.25
Kepler-1536 b,Kepler-1536,0.85070,3.140,4434,0.15052,387.25
TOI-1824 b,TOI-1824,0.15100,2.744,5165,0.424,59.43
Kepler-509 b,Kepler-509,0.23702,2.490,6060,1.7097,332.44
Kepler-431 b,Kepler-431,0.07190,0.764,6004,3.1506,486.55
GJ 649 b,GJ 649,1.11200,10.800,3734,0.043551,10.38
DMPP-4 b,DMPP-4,0.04853,3.530,6400,2.88,25.33
Kepler-184 d,Kepler-184,0.17900,2.490,5788,0.59554,610.33
Kepler-813 b,Kepler-813,0.14390,2.140,5743,0.84879,840.00
Kepler-1140 b,Kepler-1140,0.14780,2.770,4850,0.27174,656.48
TOI-1799 b,TOI-1799,0.07250,1.642,5690,0.867,62.13
K2-65 b,K2-65,0.10140,1.580,5213,0.46989,72.20
Kepler-104 d,Kepler-104,0.25700,3.580,5711,1.2282,400.79
K2-72 d,K2-72,0.05000,1.010,3360,0.014564,66.43
Kepler-11 g,Kepler-11,0.46600,3.330,5663,1.3189,646.35
HD 148164 b,HD 148164,0.99300,13.700,6032,2.138,77.20
Kepler-402 b,Kepler-402,0.05100,1.220,6090,1.5977,625.34
K2-184 b,K2-184,0.16850,1.470,5245,0.39891,75.59
Kepler-372 d,Kepler-372,0.20100,1.690,6509,2.0928,1493.95
2MASS J11550485-7919108 b,2MASS J11550485-7919108,587.00000,12.100,3021,0.027056,100.86
HD 25723 b,HD 25723,1.49000,13.300,4766,87.989,114.82
Kepler-1499 b,Kepler-1499,0.23225,1.190,5097,0.34322,309.87
HD 187123 b,HD 187123,0.04260,14.200,5790,1.3401,45.95
Kepler-1073 b,Kepler-1073,0.08050,2.300,5792,0.97672,809.90
HD 1666 b,HD 1666,0.94000,12.700,6317,5.3703,117.91
OGLE-TR-10 b,OGLE-TR-10,0.04340,14.011,5950,1.5417,1344.97
Kepler-436 b,Kepler-436,0.33900,2.730,4651,0.19907,588.87
Kepler-84 b,Kepler-84,0.08270,2.230,6039,2.4547,1023.90
8 UMi b,8 UMi,0.46200,13.500,4847,52.901,162.55
Kepler-1093 b,Kepler-1093,0.17543,1.950,6166,2.8866,1072.88
KOI-351 e,KOI-351,0.42000,2.660,6080,1.8558,848.25
Kepler-778 b,Kepler-778,0.04530,1.680,5102,0.38621,938.17
HD 101581 b,HIP 56998,0.04600,0.956,4675,0.16525,12.78
TOI-1883 b,TOI-1883,0.04230,5.650,3554,0.0371,115.37
Kepler-1522 b,Kepler-1522,0.02880,1.730,5706,1.2352,814.12
Kepler-1245 b,Kepler-1245,0.04840,1.440,5306,0.38821,805.94
HD 159868 b,HD 159868,2.32000,13.300,5534,3.5953,55.85
K2-220 b,K2-220,0.11040,2.370,5612,0.86884,233.51
Kepler-154 f,Kepler-154,0.08832,1.500,5769,1.0795,915.21
Kepler-1938 b,Kepler-1938,0.09380,1.828,4522,0.22411,421.15
TOI-2322 c,TOI-2322,0.13620,1.874,4664,0.181,59.86
WASP-68 b,WASP-68,0.06206,14.796,5910,3.1989,226.40
Kepler-658 b,Kepler-658,0.01880,1.630,4103,0.12612,388.38
HD 76700 b,HD 76700,0.05000,9.600,5644,1.808,60.88
Kepler-227 b,Kepler-227,0.09000,3.110,5854,0.75661,1083.06
Kepler-260 b,Kepler-260,0.07500,2.010,5250,0.80913,627.37
Kepler-1089 b,Kepler-1089,0.04970,1.830,3753,0.050436,259.33
HD 235088 b,HD 235088,0.07060,1.982,5075,0.36,41.17
NGTS-34 b,NGTS-34,0.25700,3.650,6134,2.38,120.47
K2-138 f,K2-138,0.10447,2.904,5356,0.51696,202.59
TOI-1683.01,TOI-1683,0.03651,2.638,4402,0.16345,51.19
Kepler-18 c,Kepler-18,0.07520,5.490,5345,0.93111,433.05
Kepler-831 b,Kepler-831,0.05984,1.270,5732,1.0278,593.54
Kepler-221 c,Kepler-221,0.05900,2.930,5243,0.39419,385.23
K2-257 b,K2-257,0.02160,0.830,3725,0.041592,64.01
Kepler-27 d,Kepler-27,0.06578,2.706,5251,0.46837,1044.36
BD+55 362 b,BD+55 362,0.78000,14.000,5012,0.48646,52.57
TOI-270 c,TOI-270,0.04526,2.330,3506,0.0194,22.48
Kepler-412 b,Kepler-412,0.02897,15.031,5750,1.8558,1086.24
TOI-2158 b,TOI-2158,0.07500,10.761,5673,1.7014,198.47
Kepler-651 b,Kepler-651,0.14078,2.370,5522,0.55819,509.41
HD 151450 b,HD 151450,0.16000,6.940,6092,1.704,43.60
HD 134987 b,HD 134987,0.81000,13.500,5736,1.8,26.18
CoRoT-8 b,CoRoT-8,0.06300,6.390,5080,0.39811,322.04
K2-411 b,K2-411,0.05110,0.990,5711,1.8117,298.22
HD 3167 e,HD 3167,0.37970,3.970,5338,0.55301,47.29
Kepler-1381 b,Kepler-1381,0.17280,2.250,5747,0.7637,1197.04
Kepler-1325 b,Kepler-1325,0.20040,2.860,5550,0.73109,973.37
COCONUTS-2 b,COCONUTS-2 A,7506.00000,12.576,3552,0.019099,10.89
Kepler-703 b,Kepler-703,0.05350,8.200,6185,1.1661,1156.83
Kepler-616 c,Kepler-616,0.40240,3.410,5753,0.77359,945.77
TOI-1533 c,TOI-1533,0.07600,7.500,5146,0.45,100.05
TOI-1408 b,TOI-1408,0.05778,25.000,6117,2.96,139.48
HAT-P-32 b,HAT-P-32,0.03397,22.194,6001,2.178,289.20
HIP 91258 b,HIP 91258,0.06000,13.700,5519,0.59979,45.88
CD Cet b,CD Cet,0.01850,1.820,3130,0.002934,8.61
K2-22 b,K2-22,0.00900,2.300,3879,0.084256,243.84
Kepler-1322 b,Kepler-1322,0.01830,1.610,5488,0.79336,1350.32
HAT-P-16 b,HAT-P-16,0.04130,14.684,6140,1.97,226.64
Kepler-1999 b,Kepler-1999,0.07130,3.290,4406,0.16857,701.25
Kepler-1285 b,Kepler-1285,0.12758,0.970,6170,3.0261,422.27
TOI-3688 A b,TOI-3688 A,0.04560,13.081,5950,1.92,396.38
HD 5278 c,HD 5278,0.24160,4.490,6203,1.907,57.58
Kepler-1592 b,Kepler-1592,0.04000,1.540,6213,3.2148,1639.47
HD 12484 b,HD 12484,0.29700,13.200,5920,1.0524,48.34
Kepler-1003 b,Kepler-1003,0.04333,1.780,6109,1.9121,941.90
Kepler-213 b,Kepler-213,0.03600,1.620,5696,1.2078,634.94
Kepler-305 b,Kepler-305,0.05746,3.600,5080,0.37742,868.48
GJ 536 b,GJ 536,0.06680,2.410,3641,0.04437,10.41
Kepler-361 c,Kepler-361,0.30000,2.520,6169,2.8758,930.32
Kepler-1778 b,Kepler-1778,0.09560,3.017,6310,1.2526,1276.29
Kepler-1005 b,Kepler-1005,0.06717,1.500,5782,1.3665,567.81
Kepler-346 b,Kepler-346,0.07100,2.660,6033,0.70378,984.11
Kepler-421 b,Kepler-421,1.21900,4.160,5308,0.39994,348.56
Kepler-688 b,Kepler-688,0.04600,9.760,5715,0.94702,1357.75
Kepler-123 c,Kepler-123,0.18100,1.480,6089,2.5676,1021.66
Kepler-614 b,Kepler-614,0.10270,2.390,5268,0.38156,528.00
Kepler-1079 b,Kepler-1079,0.10920,1.630,5758,1.8323,591.10
Kepler-211 b,Kepler-211,0.04800,1.260,5123,0.3861,309.35
Kepler-870 b,Kepler-870,0.15390,2.780,5857,1.1038,1259.46
Kepler-257 c,Kepler-257,0.06600,5.410,5180,0.41922,780.26
Kepler-1724 b,Kepler-1724,0.06830,2.837,6092,1.136,1060.77
TOI-5398 b,TOI-5398,0.09800,10.300,6000,1.3099,130.85
TOI-640 b,TOI-640,0.06608,19.279,6460,6.83,342.00
Kepler-187 b,Kepler-187,0.05900,1.410,6105,3.1094,1143.00
HIP 66074 b,HIP 66074,0.79900,12.900,4300,0.152,35.44
HD 147018 b,HD 147018,0.23880,13.400,5441,0.71192,40.43
HD 216520 b,HD 216520,0.19800,3.180,5103,0.35318,19.55
Kepler-573 b,Kepler-573,0.14527,2.790,5746,1.0681,771.47
Kepler-975 b,Kepler-975,0.02898,1.480,4897,0.30772,426.09
Kepler-520 c,Kepler-520,0.06035,1.070,6112,3.2383,623.90
Kepler-476 b,Kepler-476,0.11260,3.080,5837,1.2442,813.53
Kepler-1073 c,Kepler-1073,0.04830,1.640,5792,0.97672,809.90
Kepler-684 b,Kepler-684,0.06400,3.360,5493,1.6169,1731.27
Kepler-351 b,Kepler-351,0.21400,3.060,5643,0.41073,1083.91
Kepler-1295 b,Kepler-1295,0.04640,1.550,5486,0.52145,1174.46
HATS-54 b,HATS-54,0.03700,11.377,5621,1.302,748.59
WASP-159 b,WASP-159,0.05380,15.468,6120,4.7643,715.38
K2-26 b,K2-26,0.09620,2.670,3785,0.049,99.05
TIC 9344899 b,TIC 9344899,0.08150,9.160,5800,1.08,532.23
Kepler-670 b,Kepler-670,0.03830,13.180,5709,0.79378,939.74
Kepler-118 b,Kepler-118,0.07300,1.960,5274,0.4194,574.23
GJ 357 b,GJ 357,0.03600,1.200,3505,0.01591,9.44
BD-210397 b,BD-210397,2.63000,14.000,4051,0.135,23.73
LHS 1903 d,LHS 1903,0.08604,2.500,3664,0.047369,35.69
CoRoT-24 b,CoRoT-24,0.05600,3.700,4950,0.25033,591.55
HIP 948 b,HIP 948,15.03700,12.100,4497,0.17465,34.85
Kepler-1062 b,Kepler-1062,0.07480,1.760,4597,0.20787,397.45
K2-167 b,K2-167,0.09320,2.365,6310,3.21,80.90
Kepler-495 b,Kepler-495,0.04270,5.230,5346,0.57876,658.92
Kepler-1151 b,Kepler-1151,0.31970,2.220,5470,0.45503,682.44
Kepler-574 b,Kepler-574,0.07230,2.390,5612,0.61053,682.90
TOI-3819 b,TOI-3819,0.04611,13.137,5859,2.51,558.14
Kepler-1162 b,Kepler-1162,0.19000,2.210,5390,0.47612,940.21
GJ 414 A c,GJ 414 A,1.40000,8.400,4120,0.119,11.89
Kepler-401 b,Kepler-401,0.12200,1.710,6117,3.6822,965.56
Kepler-37 e,Kepler-37,0.25000,0.370,5288,0.47657,63.92
HD 28185 c,HD 28185,8.50000,12.800,5602,0.97,39.38
HAT-P-19 b,HAT-P-19,0.04599,11.299,4962,0.327,202.08
TOI-1634 b,TOI-1634,0.01544,1.759,3550,0.0289,35.27
HD 19994 b,HD 19994,1.30500,13.600,6188,3.8019,22.52
Kepler-82 b,Kepler-82,0.16830,4.070,5401,0.65303,904.33
Kepler-446 c,Kepler-446,0.02830,1.110,3359,0.0056538,96.34
KOI-1257 b,KOI-1257,0.38200,10.540,5520,1.0695,656.00
Kepler-138 e,Kepler-138,0.18030,0.797,3841,0.056,66.86
TOI-5789 c,TOI-5789,0.10090,2.860,5185,0.469,20.46
HD 222582 b,HD 222582,1.34000,12.600,5790,1.3023,42.16
Kepler-1650 b,Kepler-1650,0.01670,0.960,3410,0.013459,134.40
Kepler-210 c,Kepler-210,0.07000,3.620,4559,0.15895,232.75
TOI-1269 b,TOI-1269,0.04960,2.401,5499,0.603,172.14
Kepler-1551 b,Kepler-1551,0.17720,2.660,6136,1.754,1463.72
K2-159 b,K2-159,0.10130,2.260,5425,0.50584,171.00
Kepler-1352 b,Kepler-1352,0.02883,0.890,6118,1.8323,670.83
TOI-2236 b,TOI-2236,0.05009,14.370,6248,3.41,355.59
HD 132563 b,HD 132563,2.62000,13.600,6289,2.3664,105.16
Kepler-1439 b,Kepler-1439,0.05940,1.460,3578,0.02858,225.39
Kepler-1202 b,Kepler-1202,0.17900,2.940,5834,0.7347,1175.38
HIP 113103 b,HIP 113103,0.06899,1.829,4930,0.26528,46.21
HAT-P-44 c,HAT-P-44,1.75200,13.000,5295,0.63973,347.85
GJ 9827 c,GJ 9827,0.03950,1.130,4236,0.099001,29.66
K2-149 b,K2-149,0.08300,1.640,3745,0.049,123.68
Kepler-139 d,Kepler-139,0.07555,1.695,5622,1.0375,391.04
Kepler-1474 b,Kepler-1474,0.21080,2.160,5870,1.0693,1180.90
HD 14067 b,HD 14067,5.15000,12.200,4815,79.068,142.02
Kepler-128 c,Kepler-128,0.16517,1.521,6072,3.762,396.38
Kepler-1639 b,Kepler-1639,0.09320,2.580,6150,1.3968,1031.31
TOI-2580 b,TOI-2580,0.04800,17.374,6120,4.13,379.25
Kepler-485 b,Kepler-485,0.04401,14.410,5958,1.1997,1140.95
Kepler-1000 b,Kepler-1000,0.53260,4.760,6453,5.1844,1115.62
HAT-P-7 b,HAT-P-7,0.03809,16.926,6389,6.5193,341.08
Kepler-33 b,Kepler-33,0.06770,1.740,5904,3.5975,1209.16
2MASS J02192210-3925225 b,2MASS J02192210-3925225,156.00000,16.141,3064,0.0058884,40.09
TOI-2084 b,TOI-2084,0.05006,2.470,3551,0.0322,114.55
Kepler-1602 b,Kepler-1602,0.09744,1.340,6296,1.5901,629.80
LHS 1140 c,LHS 1140,0.02700,1.272,3096,0.0038,14.99
K2-222 b,K2-222,0.11860,2.275,5942,1.34,101.32
K2-72 e,K2-72,0.10600,1.290,3360,0.014564,66.43
HD 25171 b,HD 25171,2.97100,13.900,6125,1.89,55.61
K2-195 b,K2-195,0.12080,3.130,5713,0.97284,315.01
TOI-2458 b,TOI-2458,0.04820,2.830,6005,2.1942,112.96
K2-146 b,K2-146,0.02480,2.050,3385,0.015,79.30
Kepler-644 b,Kepler-644,0.04641,3.150,6747,5.1335,1318.05
Kepler-120 c,Kepler-120,0.08800,1.530,4096,0.21037,388.63
TIC 365102760 b,TIC 365102760,0.06220,6.210,4900,5.0933,555.55
Kepler-1153 b,Kepler-1153,0.02770,1.730,5470,0.51942,1119.49
TOI-5292 A b,TOI-5292 A,0.02790,12.644,3919,0.079201,337.10
Kepler-1738 b,Kepler-1738,0.07810,2.825,6063,0.9876,1302.87
WASP-7 b,WASP-7,0.06170,14.908,6400,3.4421,162.30
K2-283 b,K2-283,0.02910,3.520,5060,0.29947,402.92
Kepler-226 d,Kepler-226,0.07600,1.220,5571,0.57649,980.14
Kepler-327 b,Kepler-327,0.02900,1.110,3799,0.055,241.99
TOI-1347 b,TOI-1347,0.01710,1.800,5464,0.55,147.48
HD 10975 b,HD 10975,0.95000,14.300,4840,61.64,116.51
TOI-1173 b,TOI-1173,0.06960,9.190,5350,0.678,132.35
HIP 41378 c,HIP 41378,0.20930,2.740,6290,2.4915,106.29
Kepler-109 b,Kepler-109,0.07010,2.490,5950,2.221,474.86
K2-28 b,K2-28,0.02140,2.320,3214,0.011489,63.00
K2-6 b,K2-6,0.18980,2.500,5850,0.75847,316.82
Kepler-952 b,Kepler-952,0.51830,7.650,5730,1.2493,1304.25
WASP-26 b,WASP-26,0.04000,13.563,6034,1.9375,252.76
Kepler-334 c,Kepler-334,0.10700,1.430,5828,1.1365,426.59
Kepler-194 d,Kepler-194,0.27500,2.400,6089,1.1033,1097.97
Kepler-272 c,Kepler-272,0.06100,1.790,5297,1.165,889.61
WASP-87 b,WASP-87,0.02946,15.524,6450,3.4422,298.39
Kepler-92 d,Kepler-92,0.28682,2.067,5904,3.6156,477.99
Kepler-945 b,Kepler-945,0.20370,2.630,5718,1.058,1651.25
Kepler-723 b,Kepler-723,0.04790,12.190,5539,0.67298,1071.80
K2-90 b,K2-90,0.09600,2.600,4484,0.11138,134.19
WASP-77 A b,WASP-77 A,0.02323,13.560,5617,0.743,105.17
GJ 1061 b,GJ 1061,0.02100,1.040,2953,0.0017,3.67
Kepler-102 b,Kepler-102,0.05521,0.460,4909,0.2604,107.80
HIP 9618 b,HIP 9618,0.14500,3.828,5649,0.84801,67.55
Kepler-1764 b,Kepler-1764,0.35120,4.555,6461,2.5981,1542.48
Kepler-634 b,Kepler-634,0.05765,1.890,6075,2.6348,888.03
EPIC 211822797 b,EPIC 211822797,0.11950,1.920,4057,0.070301,186.20
Kepler-681 b,Kepler-681,0.16350,3.080,5021,0.34937,686.92
Kepler-68 b,Kepler-68,0.06135,2.357,5847,1.7024,144.17
Kepler-53 c,Kepler-53,0.22091,3.170,5858,1.0854,1366.07
Kepler-1652 b,Kepler-1652,0.16540,1.600,3638,0.023014,252.00
Kepler-352 b,Kepler-352,0.08500,0.860,5212,0.36953,252.73
HD 18742 b,HD 18742,1.82000,13.100,4940,13.9,162.69
Kepler-731 b,Kepler-731,0.05050,13.880,5849,1.0845,1257.16
KOI-7368 b,KOI-7368,0.06780,2.220,5241,0.48359,265.00
TOI-2088 b,TOI-2088,0.47200,3.683,5081,0.435,126.46
GJ 238 b,GJ 238,0.02123,0.566,3485,0.0242,15.21
Kepler-1192 b,Kepler-1192,0.16930,2.360,5438,0.74422,1304.19
Kepler-214 b,Kepler-214,0.13000,2.610,6169,3.2419,1208.44
Kepler-1354 b,Kepler-1354,0.35210,2.970,6168,2.0048,1119.45
Kepler-1897 b,Kepler-1897,0.15460,2.814,5165,0.4075,983.17
TOI-178 f,TOI-178,0.10390,2.417,4316,0.136,62.70
Kepler-452 b,Kepler-452,1.04600,1.630,5757,1.2147,551.73
CI Tau c,CI Tau,0.17000,13.000,3807,0.55644,158.00
Kepler-259 b,Kepler-259,0.07900,2.800,5938,0.70354,1002.14
HIP 98599 b,HIP 98599,3.96000,12.700,5978,2.7043,75.94
WASP-82 b,WASP-82,0.04470,18.159,6480,6.2262,275.66
WASP-15 b,WASP-15,0.05165,15.805,6300,3.0903,282.09
K2-154 b,K2-154,0.04050,1.990,4097,0.096,129.36
Kepler-1869 c,Kepler-1869,0.02800,0.740,5808,0.891,113.03
Kepler-240 b,Kepler-240,0.04800,1.370,4985,0.29954,746.93
Kepler-601 b,Kepler-601,0.05494,1.900,5160,0.3731,414.82
gam Lib b,gam Lib,1.31900,13.700,4879,78.941,47.40
HD 136118 b,HD 136118,2.32700,12.300,6097,3.7041,51.44
Kepler-781 b,Kepler-781,0.10190,2.890,5162,0.41329,1064.47
Kepler-1550 b,Kepler-1550,0.76810,3.020,5991,1.3166,1179.01
K2-72 b,K2-72,0.04000,1.080,3360,0.014564,66.43
Kepler-743 b,Kepler-743,0.04166,1.210,5486,0.6663,278.99
NGTS-32 b,NGTS-32,0.04400,15.917,5680,2.9575,837.46
HD 155358 b,HD 155358,0.63000,13.800,5905,1.9929,43.62
TOI-5126 c,TOI-5126,0.14390,3.860,6150,1.99,160.41
TOI-406 c,TOI-406,0.03220,1.320,3392,0.0193,31.06
Kepler-545 b,Kepler-545,0.11248,2.690,5882,1.2789,818.00
KPS-1 b,KPS-1,0.02690,11.545,5165,0.4438,262.71
Kepler-916 b,Kepler-916,0.18850,1.760,5248,0.52667,830.71
NGTS-25 b,NGTS-25,0.03880,11.467,5321,0.511,521.23
Kepler-20 e,Kepler-20,0.06370,0.821,5495,0.68468,282.56
TOI-277 b,TOI-277,0.02690,2.650,4031,0.044627,64.67
L 98-59 f,L 98-59,0.10520,1.480,3415,0.0122,10.62
HD 156846 b,HD 156846,1.12000,12.400,6090,4.98,47.73
TOI-2025 b,TOI-2025,0.08920,11.893,5977,2.44,335.99
Kepler-845 b,Kepler-845,0.01668,2.040,4913,0.24846,431.05
Kepler-1919 b,Kepler-1919,0.21070,2.624,5513,0.53257,1177.53
HD 13808 b,HD 13808,0.10519,3.350,5035,0.36766,28.23
HD 192310 c,HD 192310,1.18000,5.250,5166,0.385,8.80
K2-151 b,K2-151,0.03730,1.490,3695,0.028,69.48
HIP 56640 b,HIP 56640,4.55000,12.700,4769,11.22,122.32
Kepler-1878 b,Kepler-1878,0.05210,2.920,5918,1.5378,1494.30
TOI-2443 b,TOI-2443,0.10500,2.363,4375,0.1365,23.93
HD 219139 b,HD 219139,0.94000,14.000,4831,62.32,104.94
TOI-2384 b,TOI-2384,0.02793,11.489,3943,0.07602,191.51
Kepler-1020 b,Kepler-1020,0.37594,2.280,5227,0.36646,415.36
Kepler-1447 b,Kepler-1447,0.28360,2.900,5722,0.90747,890.30
TOI-1470 c,TOI-1470,0.10600,2.470,3709,0.0376,51.95
HD 74698 c,HD 74698,4.50000,14.000,5783,1.79,52.06
Kepler-915 b,Kepler-915,0.05655,1.500,6173,3.2028,849.04
HATS-58 A b,HATS-58 A,0.05798,12.274,7175,4.89,403.59
TIC 241249530 b,TIC 241249530,0.64100,13.294,6166,2.56,324.45
TOI-3261 b,TOI-3261,0.01714,3.820,5068,0.43,300.14
HAT-P-59 b,HAT-P-59,0.05064,12.588,5678,1.132,265.47
Kepler-910 b,Kepler-910,0.03752,0.820,6230,3.1219,400.29
HD 102195 b,HD 102195,0.05000,14.200,5301,0.463,29.34
K2-8 c,K2-8,0.05320,2.410,4870,0.27978,403.51
Kepler-849 b,Kepler-849,1.13700,8.082,5950,3.74,822.13
Kepler-92 b,Kepler-92,0.12232,3.510,5883,3.6156,477.99
HD 17674 b,HD 17674,1.42000,13.900,5904,1.6022,44.43
Kepler-405 c,Kepler-405,0.18800,4.660,5818,0.4662,1065.08
K2-223 b,K2-223,0.01270,0.890,5859,0.92166,198.60
Kepler-1065 c,Kepler-1065,0.03440,1.600,5635,0.76588,1122.48
TOI-6086 b,TOI-6086,0.01541,1.180,3200,0.00634,31.46
Kepler-46 b,Kepler-46,0.19680,9.057,5155,0.5559,777.06
HIP 38594 c,HIP 38594,3.80500,7.940,4086,0.08661,17.79
TOI-3071 b,TOI-3071,0.02490,7.160,6177,2.6102,485.22
HD 178911 B b,HD 178911 B,0.34000,12.600,5588,0.90538,40.97
Kepler-145 c,Kepler-145,0.26244,4.320,6022,4.9163,566.85
GJ 682 c,GJ 682,0.17600,2.890,3028,0.002,5.01
Kepler-144 b,Kepler-144,0.06600,1.330,6075,1.9144,384.92
Kepler-251 e,Kepler-251,0.40400,2.770,5526,0.67302,924.62
TOI-406.01,TOI-406,0.08090,2.080,3392,0.0193,31.06
HD 216437 b,HD 216437,2.57000,13.000,5909,2.2387,26.69
Kepler-196 d,Kepler-196,0.45450,2.661,5132,0.40498,451.31
HIP 65 A b,HIP 65 A,0.01782,22.754,4590,0.2099,61.79
Kepler-549 d,Kepler-549,0.15750,4.200,5312,0.49411,635.14
Kepler-235 e,Kepler-235,0.21300,2.220,4255,0.079001,428.02
Kepler-1013 b,Kepler-1013,0.13700,2.150,4954,0.29458,422.25
TOI-5789 e,TOI-5789,0.29010,3.430,5185,0.469,20.46
Kepler-405 b,Kepler-405,0.09500,2.080,5818,0.4662,1065.08
Kepler-1883 b,Kepler-1883,0.44380,3.251,6208,0.96474,1377.61
Kepler-313 b,Kepler-313,0.12500,2.530,5727,2.051,1079.40
HD 210702 b,HD 210702,1.07900,13.600,4912,10.85,54.20
Kepler-1421 b,Kepler-1421,0.07576,0.930,6335,3.9757,783.40
Kepler-1660 AB b,Kepler-1660 A,0.80000,12.900,6305,4.6583,1188.54
WISEP J121756.91+162640.2 A b,WISEP J121756.91+162640.2 A,8.00000,10.468,575,8.1283e-07,10.10
HD 36384 b,HD 36384,1.30000,12.700,3940,388.28,209.31
TIC 139270665 b,TIC 139270665,0.16300,7.230,5844,1.077,189.88
Kepler-1372 b,Kepler-1372,0.02400,1.270,5677,1.029,1303.22
Kepler-84 f,Kepler-84,0.25000,2.200,6031,1.6293,1023.90
Kepler-205 c,Kepler-205,0.12200,1.640,4321,0.11062,159.72
Kepler-1507 b,Kepler-1507,0.11946,0.840,5410,0.47395,320.48
Kepler-702 b,Kepler-702,0.08800,9.170,5419,0.6933,992.07
K2-417 b,K2-417,0.06300,3.310,3861,0.0628,94.04
Kepler-186 c,Kepler-186,0.04510,1.250,3788,0.04121,177.59
TOI-1794 b,TOI-1794,0.08200,3.297,5631,1.575,155.79
Kepler-339 b,Kepler-339,0.05500,1.420,5631,0.48616,616.64
K2-228 b,K2-228,0.03380,1.210,4715,0.14164,129.46
Kepler-1805 b,Kepler-1805,0.06990,1.545,3867,0.066535,221.64
TOI-261.01,TOI-261,0.03479,3.045,5890,1.7774,114.50
TOI-1201 b,TOI-1201,0.02870,2.415,3476,0.034,37.89
TOI-421 b,TOI-421,0.05540,2.640,5291,0.5398,74.80
K2-286 b,K2-286,0.17680,2.100,3926,0.089999,76.15
Kepler-370 b,Kepler-370,0.05400,1.590,5852,1.0141,1167.94
TOI-125 b,TOI-125,0.05186,2.726,5320,0.519,111.06
TOI-559 b,TOI-559,0.07230,12.229,5925,1.688,233.27
Kepler-224 c,Kepler-224,0.05800,3.120,5018,0.30588,782.09
Kepler-956 b,Kepler-956,0.06017,3.000,6040,1.1274,544.94
Kepler-1052 b,Kepler-1052,0.20988,2.930,5888,0.89774,943.44
Kepler-1405 b,Kepler-1405,0.17780,3.960,5925,1.0529,1530.30
GJ 806 b,GJ 806,0.01406,1.331,3600,0.025985,12.04
HATS-63 b,HATS-63,0.04026,13.529,5627,1.028,623.23
K2-414 b,K2-414,0.04870,1.219,4343,0.19707,260.04
TOI-5795 b,TOI-5795,0.06400,5.620,5715,1.13,156.53
TOI-1052 b,TOI-1052,0.09103,2.870,6146,2.4195,129.80
TOI-1174 b,TOI-1174,0.07994,2.562,5030,0.395,94.64
HD 200964 c,HD 200964,1.96000,13.700,4982,11.588,72.59
Kepler-1315 b,Kepler-1315,0.01617,1.380,4861,0.2356,480.87
Kepler-425 b,Kepler-425,0.04640,10.962,5170,0.47534,646.65
Kepler-197 b,Kepler-197,0.06000,1.020,6004,1.6667,330.57
Kepler-1271 b,Kepler-1271,0.04233,1.480,6143,1.6547,831.99
Kepler-790 b,Kepler-790,0.10100,2.180,5208,0.37684,703.17
Kepler-395 b,Kepler-395,0.06100,1.030,4262,0.063973,421.38
TOI-1846 b,TOI-1846,0.03646,1.792,3568,0.02306,47.25
Kepler-1957 b,Kepler-1957,0.02990,0.944,4904,0.25079,460.90
Kepler-515 b,Kepler-515,0.13330,1.460,5293,0.48753,255.00
GU Psc b,GU Psc,2000.00000,14.179,4032,0.02501,47.55
K2-98 b,K2-98,0.09860,5.066,6260,3.19,518.62
HS Psc b,HS Psc,0.04350,13.600,4203,0.122,37.66
Kepler-113 c,Kepler-113,0.07796,2.180,4725,0.26547,262.35
BD+42 2315 b,BD+42 2315,0.54000,14.200,4500,97.724,610.72
Kepler-219 b,Kepler-219,0.05700,2.950,5786,1.6364,787.07
Kepler-297 c,Kepler-297,0.33600,6.540,5619,0.80153,692.14
Kepler-1314 b,Kepler-1314,0.05040,5.110,4188,0.01285,141.99
HD 10180 h,HD 10180,3.38100,9.400,5911,1.49,38.96
Kepler-1053 b,Kepler-1053,0.03150,0.980,4529,0.12732,151.13
HD 93351 c,HD 93351,11.15400,12.300,5408,0.64016,56.16
Kepler-1313 b,Kepler-1313,0.04619,1.760,5453,0.47337,174.23
Kepler-1791 b,Kepler-1791,0.07610,3.121,5887,1.4997,602.22
Kepler-340 c,Kepler-340,0.17800,3.370,6620,7.3704,808.76
WASP-165 b,WASP-165,0.04823,14.123,5599,2.6811,602.24
Kepler-408 b,Kepler-408,0.03592,0.820,6104,1.9186,88.78
HD 217107 b,HD 217107,0.07359,13.600,5622,1.2518,20.06
Kepler-1163 b,Kepler-1163,0.06868,1.030,6302,2.4909,478.65
HD 106515 A b,HD 106515 A,4.48000,12.100,5362,0.68599,34.09
Kepler-1546 b,Kepler-1546,0.13660,3.130,5623,0.74194,931.96
Kepler-1288 b,Kepler-1288,0.04135,1.120,6132,2.0048,814.08
HD 10647 b,HD 10647,2.01500,13.800,6218,1.4093,17.34
GJ 1151 c,GJ 1151,0.57140,3.250,3280,0.003315,8.04
Kepler-581 b,Kepler-581,0.22590,2.630,5772,0.67692,703.76
Kepler-1261 b,Kepler-1261,0.23900,2.260,5006,0.29971,744.29
TOI-815 c,TOI-815,0.19300,2.620,4869,0.3129,59.71
WASP-171 b,WASP-171,0.05040,10.985,5965,4.6959,757.84
Kepler-80 c,Kepler-80,0.07920,2.740,4540,0.17,369.45
HATS-49 b,HATS-49,0.04515,8.575,4405,0.1641,324.41
Kepler-925 b,Kepler-925,0.18050,2.340,4673,0.20699,611.12
HD 73267 b,HD 73267,2.22900,13.000,5387,0.78343,50.41
Kepler-1631 b,Kepler-1631,0.05110,1.350,5679,1.0168,1305.99
Kepler-1893 b,Kepler-1893,0.05040,1.706,5633,1.4449,1050.72
KELT-12 b,KELT-12,0.06708,19.952,6279,7.7999,368.03
HD 63433 b,HD 63433,0.07200,2.140,5553,0.748,22.40
HD 72892 b,HD 72892,0.22800,12.800,5688,1.4,69.73
Kepler-1139 b,Kepler-1139,0.01664,1.190,5550,0.49638,495.16
HD 149806 b,HD 149806,12.40400,12.300,5352,0.56938,20.27
Kepler-231 b,Kepler-231,0.07400,1.730,3767,0.092,316.62
HD 110082 b,HD 110082,0.11300,3.200,6200,1.91,105.10
Kepler-1142 b,Kepler-1142,0.13430,1.470,5685,2.7368,1273.51
Kepler-82 e,Kepler-82,0.06300,2.470,5428,0.65303,904.33
HD 167042 b,HD 167042,1.22000,13.600,4919,11.4,49.66
K2-16 c,K2-16,0.12290,2.540,4742,0.17345,334.97
TRAPPIST-1 h,TRAPPIST-1,0.06189,0.755,2566,0.00055301,12.43
HD 169830 b,HD 169830,0.76500,13.200,6300,4.592,37.60
Kepler-853 b,Kepler-853,0.07900,1.690,6350,3.2383,568.68
Kepler-449 b,Kepler-449,0.10270,2.056,5649,1.977,241.95
Kepler-906 b,Kepler-906,0.22363,2.110,6035,1.2486,757.79
Kepler-1912 b,Kepler-1912,0.06489,1.357,5734,0.89257,297.02
HIP 57274 c,HIP 57274,0.17800,14.200,4640,1.5488,25.86
TOI-431 d,TOI-431,0.09800,3.290,4850,0.27221,32.57
HATS-1 b,HATS-1,0.04440,14.594,5870,1.1,283.97
Kepler-735 b,Kepler-735,0.09650,2.950,5107,0.30411,695.06
HD 100655 b,HD 100655,0.68000,13.500,4891,43,137.18
GJ 676 A c,GJ 676 A,9.72600,12.300,3734,0.090676,16.03
HD 25463 b,HD 25463,0.07600,2.545,6353,2.97,45.62
TOI-1260 c,TOI-1260,0.06570,2.760,4227,0.129,73.60
TOI-3235 b,TOI-3235,0.02709,11.400,3389,0.01623,72.81
Kepler-1730 b,Kepler-1730,0.11310,4.485,5942,1.1873,1427.08
Kepler-1583 b,Kepler-1583,0.08307,0.600,5645,0.95998,403.93
Kepler-306 e,Kepler-306,0.22700,2.270,4954,0.33939,775.68
HD 217958 b,HD 217958,3.75800,14.200,5931,1.9602,61.80
Kepler-1839 b,Kepler-1839,0.05830,1.949,5926,1.555,1136.60
OGLE2-TR-L9 b,OGLE2-TR-L9,0.03080,18.046,6933,3.2506,1627.63
Kepler-694 b,Kepler-694,0.06590,2.800,5700,0.83651,1023.06
Kepler-150 d,Kepler-150,0.10400,2.790,5560,0.68959,891.09
Kepler-1994 b,Kepler-1994,0.05300,0.510,5495,0.90855,241.99
HD 10442 b,HD 10442,2.01000,13.600,4912,2.0417,135.37
Kepler-148 c,Kepler-148,0.05000,3.600,5272,0.4136,791.16
HATS-32 b,HATS-32,0.04024,14.000,5700,1.14,745.12
Kepler-547 b,Kepler-547,0.05800,4.000,4828,0.27856,378.97
WASP-38 b,WASP-38,0.07522,13.787,6180,2.8375,136.24
Kepler-1488 c,Kepler-1488,0.06959,1.652,5710,3.8679,905.83
Kepler-124 c,Kepler-124,0.10000,1.750,4984,0.3409,420.05
Kepler-198 c,Kepler-198,0.25900,2.470,5574,0.77822,495.36
Kepler-129 b,Kepler-129,0.13000,2.400,5770,2.9084,408.85
LHS 1903 c,LHS 1903,0.05387,2.046,3664,0.047369,35.69
HAT-P-57 b,HAT-P-57,0.04060,19.504,6330,6.4,279.86
Kepler-446 b,Kepler-446,0.01820,1.500,3359,0.0056538,96.34
HD 8326 b,HD 8326,0.53300,9.580,4914,0.32223,30.69
K2-216 b,K2-216,0.02800,1.750,4503,0.19,115.46
Kepler-167 d,Kepler-167,0.14040,1.238,4884,0.289,341.91
Kepler-1549 b,Kepler-1549,0.66870,2.570,5324,0.53293,803.05
Kepler-1198 b,Kepler-1198,0.07320,1.470,5517,0.58661,743.03
HD 143811 AB b,HD 143811 A,63.00000,15.693,6791,4.3754,136.61
WASP-104 b,WASP-104,0.02918,12.745,5475,0.64619,185.93
51 Peg b,51 Peg,0.05200,14.100,5761,1.3687,15.46
TOI-1801 b,TOI-1801,0.07500,2.079,3863,0.05888,30.68
TOI-762 A b,TOI-762 A,0.03418,8.339,3266,0.0185,98.45
K2-187 e,K2-187,0.11060,1.900,5438,0.63669,330.92
Kepler-1086 c,Kepler-1086,0.50300,2.940,4350,0.13805,466.08
K2-32 e,K2-32,0.04899,1.212,5271,0.50574,157.68
Kepler-1800 b,Kepler-1800,0.05098,0.997,5343,0.64925,350.45
55 Cnc B c,55 Cnc B,0.13000,2.160,3286,0.0077963,12.48
Kepler-78 b,Kepler-78,0.00901,1.201,5058,0.3178,124.38
Kepler-1944 b,Kepler-1944,0.09180,2.760,5585,0.82634,1076.48
TOI-1742 b,TOI-1742,0.15400,2.365,5815,1.322,72.89
K2-105 b,K2-105,0.07960,3.400,5373,0.64726,197.99
BD+45 564 b,BD+45 564,0.83000,13.600,5004,0.39886,53.62
WASP-60 b,WASP-60,0.05548,9.864,5900,2.2258,431.05
HD 11343 c,HIP 8541,0.92300,13.900,4672,20.417,155.12
Kepler-1762 b,Kepler-1762,0.20400,2.760,6572,2.1442,1663.74
HD 7449 b,HD 7449,2.43800,12.600,6024,1.2629,38.66
HD 197037 b,HD 197037,2.07000,13.900,6150,1.7321,33.19
K2-270 b,K2-270,0.02470,1.380,4877,0.30326,280.52
Kepler-1529 b,Kepler-1529,0.05250,2.100,5048,0.30165,661.01
Kepler-98 b,Kepler-98,0.02614,1.990,5539,0.7358,350.31
HD 140901 b,HD 140901,0.08500,4.070,5610,0.79001,15.25
Pr0201 b,Pr0201,0.06000,14.200,6174,1.7567,180.64
WASP-6 b,WASP-6,0.04217,12.543,5438,0.50495,197.12
WASP-189 b,WASP-189,0.05053,18.147,8000,20.64,99.73
Kepler-362 b,Kepler-362,0.08700,0.880,5788,1.617,1090.51
TOI-2295 b,TOI-2295,0.19920,16.477,5730,2.06,126.28
HD 99283 b,HD 99283,1.08000,13.800,4886,64.51,111.09
HD 39194 b,HD 39194,0.05895,1.990,5205,0.39,26.41
Kepler-656 c,Kepler-656,0.06020,1.410,5550,0.50276,890.35
TOI-1295 b,TOI-1295,0.04700,15.693,6280,3.86,388.23
IRAS 04125+2902 b,IRAS 04125+2902,0.07700,10.738,4080,0.466,159.24
NGTS-15 b,NGTS-15,0.04410,12.330,5600,0.8209,786.49
HD 62509 b,HD 62509,1.64000,13.300,4893,40.926,10.34
HD 81817 b,HD 81817,3.23300,12.000,4140,1822.9,269.13
Kepler-1941 b,Kepler-1941,0.20540,2.650,6404,2.7297,1494.39
Kepler-1691 b,Kepler-1691,0.04950,1.835,6000,1.4949,1267.67
K2-254 b,K2-254,0.04480,1.630,4629,0.15051,227.78
Kepler-180 c,Kepler-180,0.22900,3.010,5731,0.73784,695.65
Kepler-1316 b,Kepler-1316,0.39765,3.540,5884,1.7925,800.87
Kepler-1542 b,Kepler-1542,0.04765,0.760,5564,1.1756,399.11
Kepler-1311 d,Kepler-1311,0.68434,9.658,5616,2.9639,866.33
Kepler-1866 b,Kepler-1866,0.10160,2.082,5791,1.3927,976.74
HD 155918 b,HD 155918,0.03000,2.670,5772,1.0384,27.56
DMPP-2 d,DMPP-2,0.14320,11.600,6500,1.27,137.94
Kepler-300 c,Kepler-300,0.23200,2.250,5986,2.1875,1098.45
Kepler-1392 b,Kepler-1392,0.11890,1.960,5479,0.58749,1117.00
TOI-669 b,TOI-669,0.04800,2.586,5597,0.866,142.87
Kepler-347 b,Kepler-347,0.11000,1.970,6088,2.1995,1298.88
WASP-184 b,WASP-184,0.06270,14.908,6000,3.172,663.23
TOI-4559 b,TOI-4559,0.03590,1.415,3558,0.0203,31.64
WASP-25 b,WASP-25,0.04730,13.809,5697,0.71945,211.42
Kepler-105 c,Kepler-105,0.07229,1.440,5933,1.249,459.22
TOI-199 b,TOI-199,0.42540,9.079,5255,0.459,102.27
HD 34445 d,HD 34445,0.48170,6.070,5836,2.01,46.09
TOI-700 c,TOI-700,0.09290,2.600,3459,0.0229,31.13
LHS 1903 e,LHS 1903,0.15135,1.732,3664,0.047369,35.69
Kepler-504 b,Kepler-504,0.06460,1.590,3519,0.026497,99.07
HD 199509 b,HD 199509,0.42600,7.430,5796,0.82378,24.31
Kepler-256 d,Kepler-256,0.06400,2.480,5551,0.87277,1026.43
Kepler-214 c,Kepler-214,0.19400,2.130,6169,3.2419,1208.44
Kepler-197 d,Kepler-197,0.11900,1.220,6004,1.6667,330.57
HIP 5158 b,HIP 5158,0.89000,13.600,4962,0.11,51.60
HD 33142 b,HD 33142,1.07400,13.700,5025,10.01,121.38
TOI-2421 b,TOI-2421,0.05430,10.368,5607,2.729,327.93
Kepler-323 c,Kepler-323,0.04580,1.570,6004,1.4155,454.88
TOI-7510 b,TOI-7510,0.10190,7.310,5720,1.026,249.01
HATS-17 b,HATS-17,0.13080,8.709,5846,1.24,400.33
K2-90 c,K2-90,0.03500,1.300,4422,0.11138,134.19
Kepler-867 b,Kepler-867,0.53750,4.640,5541,1.3088,1195.54
Kepler-315 c,Kepler-315,0.79100,4.150,5796,1.0089,1160.63
HD 77946 b,HD 77946,0.07300,2.896,6007,2.036,99.45
LHS 1478 b,LHS 1478,0.01848,1.242,3381,0.0071501,18.23
TOI-5143 c,TOI-5143,0.05602,16.253,5183,0.51719,181.38
Kepler-768 b,Kepler-768,0.09200,1.790,5108,0.34218,784.56
TOI-2147 b,TOI-2147,0.17200,10.500,5983,2.2496,282.11
K2-251 b,K2-251,0.06940,2.350,3717,0.045487,147.03
KELT-6 c,KELT-6,2.39000,13.000,6272,3.1117,240.73
Kepler-626 b,Kepler-626,0.10913,2.290,5813,0.90795,635.64
Kepler-94 b,Kepler-94,0.03377,3.510,4781,0.24351,191.90
Kepler-47 d,Kepler-47,0.69920,7.040,5636,0.83946,1025.02
Kepler-325 d,Kepler-325,0.22000,2.790,5752,0.55631,823.24
Kepler-298 b,Kepler-298,0.08000,1.960,4465,0.185,518.20
TOI-2136 b,TOI-2136,0.05700,2.190,3342,0.013,33.36
TIC 279401253 c,TIC 279401253,0.59100,12.600,5951,1.25,285.58
HD 11506 d,HD 11506,18.20000,12.300,6123,2.172,51.26
Kepler-282 c,Kepler-282,0.10600,1.200,5602,1.2761,1337.61
Kepler-811 b,Kepler-811,0.15911,2.700,5747,2.1026,985.04
Kepler-1493 b,Kepler-1493,0.11970,1.410,5863,1.7742,555.05
HAT-P-6 b,HAT-P-6,0.05239,16.589,6570,3.57,275.36
Kepler-1118 b,Kepler-1118,0.20790,2.740,5688,0.87002,888.33
TRAPPIST-1 g,TRAPPIST-1,0.04683,1.129,2566,0.00055301,12.43
WASP-185 b,WASP-185,0.09040,14.011,5900,2.5834,279.35
Kepler-982 b,Kepler-982,0.12770,2.250,6139,3.243,801.48
TOI-4336 A c,TOI-4336 A,0.05092,1.251,3307,0.011,22.55
TOI-1752 c,TOI-1752,0.16140,2.290,3762,0.0505,103.02
K2-247 c,K2-247,0.06150,2.190,4667,0.13136,258.11
Kepler-1841 b,Kepler-1841,0.16060,1.489,5190,0.52671,631.70
TOI-5261 b,TOI-5261,0.05134,11.601,5790,1.049,377.05
K2-322 b,K2-322,0.05940,1.920,4141,0.091401,123.42
Kepler-1917 b,Kepler-1917,0.10300,1.890,5530,0.5064,909.04
HD 141004 b,HD 141004,0.12380,3.770,5885,2.2182,11.81
HATS-44 b,HATS-44,0.03649,11.960,5080,0.4,446.04
Kepler-168 c,Kepler-168,0.11600,2.690,6282,2.2946,1343.60
Kepler-701 b,Kepler-701,0.08950,2.840,5343,0.52935,774.15
Kepler-1515 b,Kepler-1515,0.75235,9.550,6511,3.6802,539.32
TOI-5616 b,TOI-5616,0.02720,10.780,3996,0.1017,390.42
Kepler-1723 b,Kepler-1723,0.22490,2.880,6072,1.0813,811.28
Kepler-990 c,Kepler-990,0.01232,1.530,5948,0.89119,802.16
TOI-4504 c,TOI-4504,0.35690,11.097,5315,0.62,342.61
Kepler-386 c,Kepler-386,0.15500,1.580,5178,0.39629,882.46
omi UMa b,omi UMa,3.69100,13.000,5075,115.52,54.91
Kepler-1993 b,Kepler-1993,0.19430,4.150,5159,5.9979,1031.91
Kepler-795 b,Kepler-795,0.18030,1.680,5631,0.95109,492.12
Kepler-207 b,Kepler-207,0.02900,1.570,5920,3.4222,875.52
Kepler-163 b,Kepler-163,0.07800,1.050,5776,0.7278,689.81
HD 149026 b,HD 149026,0.04364,8.295,6179,3.02,75.86
GJ 9689 b,GJ 9689,0.11390,3.070,3836,0.063096,30.62
GJ 179 b,GJ 179,2.41000,13.800,3370,0.015996,12.36
Kepler-1987 c,Kepler-1987,0.04270,1.330,4769,0.24193,595.68
HATS-42 b,HATS-42,0.03689,15.693,6060,2.66,800.38
Kepler-169 d,Kepler-169,0.07500,1.250,4997,0.31907,406.53
Kepler-875 b,Kepler-875,0.17710,2.900,5958,1.3659,1242.62
Kepler-653 c,Kepler-653,0.01855,0.780,5665,1.3144,595.63
Kepler-191 d,Kepler-191,0.06104,2.280,5215,0.38503,594.46
Kepler-400 b,Kepler-400,0.08700,1.650,5886,1.4191,845.97
K2-59 c,K2-59,0.09050,2.300,5055,0.21859,311.31
Kepler-1881 b,Kepler-1881,0.53325,2.981,5135,0.49351,1057.21
TOI-329 b,TOI-329,0.06380,4.941,5614,2.114,284.39
Kepler-308 c,Kepler-308,0.12300,2.160,5895,0.76618,1335.92
TOI-5788 b,TOI-5788,0.06400,1.528,5615,0.712,97.61
TrES-4 b,TrES-4,0.05084,18.046,6200,5.3152,515.98
TOI-1753 b,TOI-1753,0.05900,2.479,5621,0.852,226.67
BD-08 2823 c,BD-08 2823,0.68000,12.500,4746,0.23661,41.33
BD-14 3065 b,BD-14 3065 A,0.06560,21.590,6935,11.482,589.42
HD 154857 c,HD 154857,5.36000,13.200,5605,4.5993,63.45
HD 152079 b,HD 152079,4.18700,13.200,5907,1.28,87.89
TOI-833 b,TOI-833,0.01710,1.270,3920,0.077439,41.71
Kepler-348 c,Kepler-348,0.13800,1.330,6177,2.7108,570.78
Kepler-592 b,Kepler-592,0.03970,2.390,5913,1.5313,1153.13
TOI-904 c,TOI-904,0.31200,2.167,3770,0.051,46.09
Kepler-1542 d,Kepler-1542,0.06290,0.870,5564,1.1756,399.11
Kepler-222 b,Kepler-222,0.04800,3.160,5433,0.45937,758.85
Qatar-10 b,Qatar-10,0.02860,17.295,6124,1.993,559.07
Kepler-1213 b,Kepler-1213,0.06026,1.190,6050,2.4806,807.81
Kepler-29 c,Kepler-29,0.10027,2.340,5378,0.50481,832.53
HD 86226 b,HD 86226,2.73000,14.300,5863,1.18,45.68
Kepler-554 b,Kepler-554,0.03022,4.290,5447,0.76282,690.52
Kepler-506 b,Kepler-506,0.07437,2.730,6236,1.9389,228.44
Kepler-1823 b,Kepler-1823,0.15332,2.086,6000,1.9384,724.97
Kepler-237 c,Kepler-237,0.07100,2.080,4861,0.3331,657.82
Kepler-208 e,Kepler-208,0.13200,1.480,6092,2.0376,775.33
HAT-P-5 b,HAT-P-5,0.04073,13.563,5960,1.5382,303.34
Kepler-254 c,Kepler-254,0.10500,2.150,5957,0.75005,1389.48
Kepler-1287 b,Kepler-1287,0.09760,1.540,5715,0.81137,1003.26
WASP-183 b,WASP-183,0.04632,16.477,5313,0.6184,325.38
Kepler-337 c,Kepler-337,0.09300,2.050,5684,3.0239,677.98
Kepler-1506 b,Kepler-1506,0.11680,1.320,5676,2.6645,2366.02
TOI-3457 b,TOI-3457,0.20010,10.640,6300,1.962,370.67
Kepler-1830 b,Kepler-1830,0.31769,3.330,6160,4.2785,1056.88
7 CMa b,7 CMa,1.75800,13.400,4826,11.55,19.81
Kepler-1390 b,Kepler-1390,0.06620,1.180,5753,0.79393,723.43
Kepler-913 b,Kepler-913,0.10090,2.060,4687,0.52284,991.62
Kepler-350 d,Kepler-350,0.17860,2.800,6492,2.6818,956.86
K2-19 c,K2-19,0.09820,4.100,5322,0.51055,289.83
TOI-3160 A b,TOI-3160 A,0.05050,13.765,6190,2.39,567.68
HD 176986 d,HD 176986,0.28149,2.490,4931,0.331,27.78
HAT-P-45 b,HAT-P-45,0.04520,15.984,6330,2.5119,298.64
TOI-622 b,TOI-622,0.07080,9.236,6400,2.979,123.30
KELT-19 A b,KELT-19 A,0.06370,21.409,7500,9.4999,300.28
HATS-59 c,HATS-59,2.50400,12.300,5670,0.99001,642.88
Kepler-1333 b,Kepler-1333,0.43820,2.810,5628,0.64898,932.45
Kepler-1605 b,Kepler-1605,0.36567,1.080,5280,2.6834,546.23
Kepler-1913 b,Kepler-1913,0.12090,1.519,6214,0.88143,876.30
Kepler-1465 b,Kepler-1465,0.19390,1.770,4726,0.22283,359.50
Kepler-16 b,Kepler-16,0.70480,8.449,4450,0.12502,75.09
55 Cnc f,55 Cnc,0.80200,7.590,5198,0.6354,12.59
K2-21 b,K2-21,0.07600,1.840,4222,0.10353,83.64
Kepler-1918 b,Kepler-1918,0.25240,2.298,5889,0.49193,1030.11
Kepler-577 b,Kepler-577,0.13480,2.550,4984,0.27861,524.25
Kepler-1120 b,Kepler-1120,0.03690,1.380,4904,0.25815,615.23
LP 791-18 c,LP 791-18,0.02961,2.488,2960,0.0023,26.49
Kepler-953 b,Kepler-953,0.39200,4.210,5416,0.76033,258.89
Kepler-149 b,Kepler-149,0.18400,4.210,5381,0.75982,571.03
HD 124330 b,HD 124330,0.86000,14.000,5873,2.176,60.20
KELT-23 A b,KELT-23 A,0.03302,14.830,5899,1.081,126.26
Kepler-871 b,Kepler-871,0.15720,3.740,5993,2.0368,1976.05
WASP-89 b,WASP-89,0.04270,11.657,5130,0.4536,290.95
Kepler-385 c,Kepler-385,0.12700,3.040,6326,1.3923,1432.61
Kepler-942 b,Kepler-942,0.22737,2.130,4861,0.2603,216.35
WASP-55 b,WASP-55,0.05580,14.729,6096,1.4541,297.46
Kepler-1966 b,Kepler-1966,0.07630,1.105,5009,0.2713,484.60
Kepler-212 c,Kepler-212,0.20700,2.740,5852,2.4181,687.19
K2-285 e,K2-285,0.18041,1.950,4975,0.37859,154.96
K2-91 b,K2-91,0.01640,1.100,3622,0.014413,62.58
K2-329 b,K2-329,0.10160,8.676,5282,0.473,233.24
Kepler-819 b,Kepler-819,0.18940,2.760,5279,0.40019,664.31
TOI-2345 b,TOI-2345,0.01705,1.504,4687,0.231,81.65
DMPP-1 e,DMPP-1,0.06510,1.860,6196,2.0871,62.54
HD 11505 b,HD 11505,20.24700,12.600,5757,1.415,38.97
WASP-45 b,WASP-45,0.03963,10.604,5150,0.4618,211.20
75 Cet c,75 Cet,3.92900,13.900,4809,51.82,82.96
Kepler-195 b,Kepler-195,0.07700,2.030,5329,0.42946,652.05
TOI-1136 g,TOI-1136,0.22900,2.530,5770,0.94,84.54
K2-83 c,K2-83,0.07131,1.483,3910,0.062572,125.53
Kepler-994 b,Kepler-994,0.01770,1.600,3934,0.072579,188.16
Kepler-548 b,Kepler-548,0.04950,11.990,5535,0.62922,751.78
KELT-21 b,KELT-21,0.05224,17.777,7598,8.0301,470.88
TOI-270 d,TOI-270,0.07210,2.000,3506,0.0194,22.48
GJ 9404 b,GJ 9404,0.09430,3.480,3811,0.1,23.88
Kepler-376 b,Kepler-376,0.05700,1.070,5900,2.2732,923.07
Kepler-1517 b,Kepler-1517,0.07800,9.760,7010,7.5636,847.30
Kepler-1876 b,Kepler-1876,0.07580,0.853,6104,2.685,259.94
EPIC 246851721 b,EPIC 246851721,0.07229,11.781,6202,3.36,372.63
K2-226 b,K2-226,0.04095,1.539,5288,0.55799,211.26
TOI-4860 b,TOI-4860,0.01808,8.700,3260,0.0146,80.14
HD 203387 b,HD 203387,1.77100,13.100,5174,72.444,61.75
Kepler-199 b,Kepler-199,0.15800,3.110,5644,0.80011,521.05
WASP-42 b,WASP-42,0.05610,12.576,5315,0.43557,177.29
HD 6061 b,HD 6061,0.06000,2.428,5934,1.136,67.62
Kepler-248 c,Kepler-248,0.12300,4.070,5190,0.38165,738.79
HD 13189 b,HD 13189,1.25000,12.400,4175,432.89,497.82
HD 1461 b,HD 1461,0.06340,2.420,5765,1.2457,23.45
TOI-5232 b,TOI-5232,0.05593,12.778,6500,5.16,609.39
HD 133131 A c,HD 133131 A,4.49000,14.300,5799,0.96254,51.47
TOI-333 b,TOI-333,0.04900,4.260,6241,1.6428,352.27
HD 285507 b,HD 285507,0.06000,13.800,4503,0.19084,45.03
Kepler-1319 b,Kepler-1319,0.02960,1.340,3655,0.034883,103.92
Kepler-1047 b,Kepler-1047,0.29871,2.090,5754,2.6521,817.65
KOI-1833 d,Kepler-968,0.06340,2.580,4413,0.17274,290.32
HD 16905 b,HD 16905,8.80000,12.400,4866,0.30336,39.74
Kepler-1711 b,Kepler-1711,0.14630,1.923,5706,1.0225,590.27
Kepler-734 b,Kepler-734,0.05830,3.560,5326,2.3656,1157.21
Kepler-521 b,Kepler-521,0.17116,3.180,6406,4.6902,830.64
WASP-163 b,WASP-163,0.02660,13.473,5500,0.84,261.39
TYC 8998-760-1 c,TYC 8998-760-1,320.00000,12.330,4573,0.45709,94.62
HD 104067 c,HD 104067,0.10580,3.690,4952,0.30721,20.36
TOI-150.01,TOI-150,0.07037,14.067,6255,3.137,336.27
Kepler-514 b,Kepler-514,0.06559,1.720,6106,2.2524,455.34
Kepler-358 c,Kepler-358,0.38100,2.850,5908,0.72763,1101.10
Kepler-1377 b,Kepler-1377,0.01530,1.250,5218,0.50901,1146.10
Kepler-1720 b,Kepler-1720,0.10430,3.216,5573,0.46112,629.45
Kepler-665 b,Kepler-665,0.11480,2.600,4913,0.25388,612.84
TOI-332 b,TOI-332,0.01590,3.200,5251,0.60058,222.85
K2-133 b,K2-133,0.03194,1.340,3655,0.0332,75.17
K2-43 b,K2-43,0.03784,4.510,3841,0.061318,182.54
Kepler-223 e,Kepler-223,0.14481,4.600,5803,2.3511,1859.71
Kepler-1069 b,Kepler-1069,0.16587,1.600,5722,2.3548,695.97
WASP-91 b,WASP-91,0.03700,11.545,4920,0.41429,149.94
Kepler-68 c,Kepler-68,0.09008,0.979,5847,1.7024,144.17
TOI-5301 b,TOI-5301,0.07300,13.092,6240,6.55,629.16
Kepler-253 d,Kepler-253,0.13000,3.170,5208,0.40982,838.60
Kepler-1651 b,Kepler-1651,0.06920,1.840,3713,0.042855,66.41
K2-62 b,K2-62,0.06360,2.020,4455,0.18768,112.47
K2-166 b,K2-166,0.08580,2.190,5960,2.874,476.88
L 98-59 e,L 98-59,0.07120,1.490,3415,0.0122,10.62
TOI-2096 c,TOI-2096,0.04000,1.914,3300,0.00592,48.48
NGTS-11 b,NGTS-11,0.20100,9.158,5050,0.40255,190.42
Kepler-369 b,Kepler-369,0.03000,1.130,3591,0.038,214.00
HD 183579 b,HD 183579,0.13220,3.490,5784,0.925,57.27
Kepler-657 b,Kepler-657,0.17337,3.520,5808,1.901,1691.88
Kepler-240 c,Kepler-240,0.07400,2.200,4985,0.29954,746.93
Kepler-403 c,Kepler-403,0.29700,1.750,6090,4.4061,840.27
GJ 887 d,GJ 887,0.21200,2.340,3688,0.0368,3.29
HD 219666 b,HD 219666,0.06356,4.898,5540,0.93799,94.17
HAT-P-34 b,HAT-P-34,0.06774,13.417,6442,3.9838,249.32
HD 170469 b,HD 170469,2.24000,14.100,5842,1.5996,60.18
Kepler-292 b,Kepler-292,0.03500,1.320,5299,0.46035,1056.48
Kepler-769 b,Kepler-769,0.07780,2.920,6186,1.5104,1169.57
BD+15 2375 b,BD+15 2375,0.57600,13.800,4649,37.154,768.04
Kepler-1331 b,Kepler-1331,0.01420,1.050,4508,0.12321,319.20
K2-49 b,K2-49,0.03090,1.930,4175,0.16832,457.12
KELT-17 b,KELT-17,0.04881,17.094,7454,7.51,226.50
Kepler-1369 b,Kepler-1369,0.17410,2.690,5761,0.97712,1236.56
HD 142245 b,HD 142245,2.78000,13.100,4922,13.5,97.23
HD 4203 c,HD 4203,6.95000,13.300,5582,1.9627,81.38
Kepler-1136 b,Kepler-1136,0.02990,1.640,4512,0.14014,491.41
2MASS J12073346-3932539 b,2MASS J12073346-3932539,46.00000,15.693,2825,0.0027488,64.31
Kepler-289 e,Kepler-289,0.93420,2.940,5990,1.1508,704.44
K2-8 b,K2-8,0.08560,3.580,4870,0.27978,403.51
HATS-33 b,HATS-33,0.03727,13.787,5659,0.96,248.46
Kepler-539 b,Kepler-539,0.49880,8.373,5820,0.87,307.32
Kepler-80 d,Kepler-80,0.03720,1.530,4540,0.17,369.45
pi Men d,HD 39091,0.50600,3.720,5998,1.444,18.27
K2-254 c,K2-254,0.09230,2.190,4629,0.15051,227.78
Kepler-1504 b,Kepler-1504,0.37040,2.130,5393,2.9396,2435.94
HD 206255 b,HD 206255,0.46100,6.470,5635,4.4829,75.24
HD 38283 b,HD 38283,1.02000,14.000,5981,2.5745,38.06
Kepler-341 b,Kepler-341,0.06000,1.180,6012,1.3403,1047.03
Kepler-676 b,Kepler-676,0.07980,3.040,3701,0.050736,295.20
K2-199 b,K2-199,0.03820,1.730,4491,0.185,107.52
Kepler-598 c,Kepler-598,0.36672,3.024,5245,0.55268,681.09
Kepler-25 b,Kepler-25,0.06950,2.748,6354,2.64,243.25
Kepler-1669 b,Kepler-1669,0.07450,2.780,4303,0.15753,543.44
Kepler-284 c,Kepler-284,0.21300,2.610,5615,0.45607,1031.95
HD 55696 b,HD 55696,3.18000,12.900,6012,2.6915,77.97
24 Sex b,24 Sex,1.33300,13.400,5098,14.588,72.07
Kepler-895 b,Kepler-895,0.03280,1.540,4315,0.14006,540.13
Kepler-288 d,Kepler-288,0.28700,2.670,5918,1.1378,1194.15
Kepler-787 b,Kepler-787,0.01590,1.280,4248,0.12724,503.57
Kepler-295 c,Kepler-295,0.14200,1.170,5603,4.2608,1699.19
HD 8673 b,HD 8673,2.97000,12.300,6389,3.3878,37.86
Kepler-646 b,Kepler-646,0.11251,1.990,5634,0.55109,451.79
WASP-150 b,WASP-150,0.06940,11.994,6218,3.6163,528.00
TOI-2134 c,TOI-2134,0.37150,7.350,4580,0.192,22.62
TOI-4010 e,TOI-4010,1.57000,13.300,4960,0.39847,177.50
Kepler-230 b,Kepler-230,0.19100,4.260,5588,0.42871,740.75
HD 11506 b,HD 11506,2.88500,12.900,6123,2.172,51.26
Kepler-1880 b,Kepler-1880,0.05400,2.117,4380,0.17311,611.04
HD 9174 b,HD 9174,2.20000,13.700,5577,2.41,81.49
Kepler-149 d,Kepler-149,0.57100,3.960,5381,0.75982,571.03
GJ 4274 b,GJ 4274,0.01530,1.530,3228,0.00345,7.24
Kepler-523 b,Kepler-523,0.06159,1.960,5515,0.52538,253.29
GJ 724 b,GJ 724,0.04685,3.270,3799,0.05118,16.97
TOI-1994 b,TOI-1994,0.06130,13.675,7700,16.7,515.60
TOI-3682 b,TOI-3682,0.04800,12.801,5703,2.87,404.21
GJ 667 C f,GJ 667 C,0.15600,1.450,3350,0.013709,7.24
Kepler-896 c,Kepler-896,0.17920,3.150,5510,3.0303,2334.93
HD 34445 c,HD 34445,0.71810,8.420,5836,2.01,46.09
TOI-1842 b,TOI-1842,0.10000,12.349,6039,4.955,223.47
Kepler-385 b,Kepler-385,0.09700,2.730,6326,1.3923,1432.61
TOI-4588 b,TOI-4588,0.13760,2.929,7746,8.268,225.18
Kepler-1715 b,Kepler-1715,0.22429,4.140,6212,2.6116,522.61
HD 151450 c,HD 151450,14.13100,12.800,6092,1.704,43.60
Kepler-1885 b,Kepler-1885,0.03600,1.511,5591,0.66616,818.48
HD 27631 b,HD 27631,3.24200,13.500,5737,0.87902,50.29
Kepler-635 b,Kepler-635,0.18332,2.640,6174,5.4343,1141.08
TOI-1803 c,TOI-1803,0.09700,4.290,4687,0.222,119.24
HD 204313 c,HD 204313,0.21100,4.310,5767,1.2584,47.79
HD 141399 b,HD 141399,0.41500,14.300,5600,1.59,37.02
Kepler-83 d,Kepler-83,0.05100,1.940,4648,0.079001,400.41
Kepler-31 c,Kepler-31,0.26000,5.300,6340,2.0014,1664.64
Kepler-143 c,Kepler-143,0.18100,3.370,5848,1.9662,809.47
HD 108341 b,HD 108341,2.00000,13.300,5122,0.42657,48.91
Kepler-1116 b,Kepler-1116,0.23300,2.540,5641,0.71325,1008.57
ups Leo b,ups Leo,1.18000,14.200,4836,63.1,52.60
Kepler-342 b,Kepler-342,0.12800,2.250,6175,2.8409,781.61
Kepler-58 c,Kepler-58,0.12307,2.860,5843,0.99033,969.25
HD 238914 b,HD 238914,5.70000,12.800,4769,70.795,519.45
TOI-2260 b,TOI-2260,0.00970,1.620,5534,0.63313,101.25
TOI-500 b,TOI-500,0.01189,1.166,4440,0.19952,47.39
TOI-3693 b,TOI-3693,0.08130,12.599,5321,0.453,176.44
TOI-2537 c,TOI-2537,2.78000,12.700,4870,0.301,184.99
Kepler-622 b,Kepler-622,0.09780,2.130,4201,0.13753,284.76
TOI-1408 c,TOI-1408,0.03587,2.220,6117,2.96,139.48
Kepler-227 c,Kepler-227,0.29000,3.040,5854,0.75661,1083.06
HD 165131 b,HD 165131,3.54000,12.100,5870,1.2114,57.43
Kepler-1268 b,Kepler-1268,0.23830,2.030,5904,2.2122,1840.77
K2-47 b,K2-47,0.17790,1.890,5054,0.32959,349.88
Kepler-44 b,Kepler-44,0.04460,12.220,5800,2.2255,1188.00
Kepler-1535 b,Kepler-1535,0.53290,2.550,6021,1.4613,897.73
K2-266 c,K2-266,0.06790,0.705,4285,0.1502,77.56
Kepler-1460 b,Kepler-1460,0.16140,1.960,4422,0.1432,553.22
TOI-2346 b,TOI-2346,0.04730,16.119,6480,3.03,437.48
Kepler-260 c,Kepler-260,0.33200,1.740,5250,0.80913,627.37
Kepler-41 b,Kepler-41,0.03101,14.460,5750,1.8265,1093.08
Kepler-94 c,Kepler-94,1.59681,12.500,4781,0.24351,191.90
HAT-P-37 b,HAT-P-37,0.03790,13.204,5500,0.61944,390.59
WASP-103 b,WASP-103,0.01985,17.127,6110,2.5882,375.65
Kepler-478 b,Kepler-478,0.10320,2.710,5210,0.4256,420.00
Kepler-1015 b,Kepler-1015,0.13450,3.550,6769,3.6213,739.36
Kepler-1789 b,Kepler-1789,0.35430,2.831,5436,0.5871,611.46
TOI-6564 b,TOI-6564,0.05420,16.399,5943,3.2049,191.37
HD 133131 B b,HD 133131 B,6.15000,13.300,5805,0.97904,51.30
GJ 2030 b,GJ 2030,0.03400,2.030,5485,4.0954,37.08
Kepler-19 c,Kepler-19,0.17657,3.680,5544,0.69094,218.56
HD 79181 b,HD 79181,0.90000,14.100,4862,61.61,103.33
HD 85390 b,HD 85390,1.37300,6.160,5186,0.43,33.52
Kepler-1727 b,Kepler-1727,0.07960,3.173,5349,0.5615,894.19
TOI-1238 c,TOI-1238,0.03700,2.110,4089,0.082701,70.71
Kapteyn c,Kapteyn,0.31100,2.540,3550,0.016111,3.93
Kepler-1218 b,Kepler-1218,0.15698,1.440,5986,2.3065,840.50
HD 27894 d,HD 27894,5.36200,12.700,4875,0.35563,43.82
Kepler-1541 b,Kepler-1541,0.07555,1.160,5282,0.46103,416.69
Kepler-531 b,Kepler-531,0.17446,2.780,4893,0.28044,252.76
TOI-700 e,TOI-700,0.13400,0.953,3459,0.0229,31.13
Kepler-727 b,Kepler-727,0.05460,2.530,5441,0.48173,831.84
KELT-3 b,KELT-3,0.04123,17.486,6304,4.2192,210.25
Kepler-892 b,Kepler-892,0.10150,2.810,4747,0.18411,570.73
Kepler-1891 b,Kepler-1891,0.04730,1.521,5516,0.58703,596.24
TOI-201 d,TOI-201,0.06980,1.390,6423,2.61,113.83
Kepler-876 b,Kepler-876,0.05490,1.430,5060,0.4589,820.91
HD 81040 b,HD 81040,1.94600,12.600,5755,0.83799,34.43
Kepler-1456 b,Kepler-1456,0.11320,1.140,4231,0.11041,370.31
GJ 1252 b,GJ 1252,0.00915,1.193,3458,0.0196,20.37
Kepler-357 b,Kepler-357,0.06300,1.840,5036,0.27775,688.57
Kepler-224 b,Kepler-224,0.03800,1.390,5018,0.30588,782.09
Kepler-1366 b,Kepler-1366,0.02730,1.430,4070,0.10092,465.83
Kepler-23 d,Kepler-23,0.12012,2.206,5828,2.4994,835.76
LHS 475 b,LHS 475,0.02037,0.991,3300,0.0086201,12.48
Kepler-1510 b,Kepler-1510,0.40890,3.360,6200,2.3825,1696.25
TOI-2196 b,TOI-2196,0.02234,3.510,5634,0.99001,259.95
Kepler-1814 b,Kepler-1814,0.03765,2.370,4922,0.31208,726.35
HD 66428 b,HD 66428,3.39500,12.400,5716,1.2468,53.28
HIP 8923 b,HIP 8923,5.90000,12.500,5980,1.8773,66.00
TOI-1411 b,TOI-1411,0.02122,1.199,4115,0.097,32.48
Kepler-1004 b,Kepler-1004,0.06791,6.280,4972,5.169,1152.68
TYC 4282-00605-1 b,TYC 4282-00605-1,0.42200,12.400,4300,81.283,464.13
Kepler-785 b,Kepler-785,0.02500,13.020,4739,0.20773,642.05
Kepler-165 c,Kepler-165,0.11000,2.230,5211,0.33705,560.88
Kepler-1500 b,Kepler-1500,0.12360,1.200,5845,1.8817,1217.82
Kepler-1911 b,Kepler-1911,0.06360,1.011,5721,0.83572,269.91
Kepler-371 b,Kepler-371,0.20000,1.890,5666,1.7536,813.19
TOI-3023 b,TOI-3023,0.05050,16.432,5760,2.78,389.92
Kepler-46 d,Kepler-46,0.06700,1.640,5309,0.5559,777.06
HD 13167 b,HD 13167,4.10000,13.100,5671,9.1254,148.93
HD 148164 c,HD 148164,6.15000,12.800,6032,2.138,77.20
HD 207832 b,HD 207832,0.58600,14.200,5726,0.77625,58.93
Kepler-1598 b,Kepler-1598,0.05207,0.950,5940,0.91346,619.86
K2-224 b,K2-224,0.05160,1.560,5620,0.57409,275.25
Kepler-256 c,Kepler-256,0.04500,2.150,5551,0.87277,1026.43
Kepler-1066 b,Kepler-1066,0.02980,2.360,5762,0.64573,344.25
Kepler-1464 b,Kepler-1464,0.20066,1.660,5828,2.6902,1151.73
HD 187085 b,HD 187085,2.10000,13.900,6117,134.9,45.90
Kepler-262 c,Kepler-262,0.15200,1.640,5841,0.72464,613.13
TOI-1811 b,TOI-1811,0.04389,11.142,4766,0.2753,128.23
Kepler-1012 b,Kepler-1012,0.06066,1.290,5556,0.63975,411.08
Kepler-1221 b,Kepler-1221,0.09060,1.880,5194,0.44157,913.65
TIC 393818343 b,TIC 393818343,0.12910,12.184,5756,1.168,93.73
Kepler-805 b,Kepler-805,0.19852,2.890,6112,3.4738,638.49
Kepler-363 b,Kepler-363,0.04800,1.160,5593,2.3155,762.60
17 Sco b,17 Sco,1.45000,12.900,4157,179.62,124.95
TOI-733 b,TOI-733,0.06180,1.992,5585,0.81999,75.21
Kepler-114 d,Kepler-114,0.08358,2.530,4660,0.2064,259.53
Kepler-264 c,Kepler-264,0.56600,2.830,6158,4.8882,942.17
GJ 357 d,GJ 357,0.20400,2.340,3505,0.01591,9.44
Kepler-1084 b,Kepler-1084,0.03240,1.110,6113,1.7889,405.53
Kepler-1242 b,Kepler-1242,0.10390,2.260,4895,0.30452,687.62
Kepler-319 c,Kepler-319,0.06900,2.630,5526,0.65893,503.44
Kepler-85 d,Kepler-85,0.13000,1.200,5436,0.61334,765.02
K2-214 b,K2-214,0.08340,2.510,5875,1.5696,300.64
HD 93385 b,HD 93385,0.07560,1.880,5977,1.61,43.35
TOI-2257 b,TOI-2257,0.14500,2.194,3430,0.013579,57.79
Kepler-1802 b,Kepler-1802,0.06620,1.671,4245,0.11885,636.69
TOI-6008 b,TOI-6008,0.01078,1.030,3075,0.004691,23.10
TOI-469.01,TOI-469,0.11100,3.410,5289,0.70923,68.19
Kepler-1437 b,Kepler-1437,0.09510,1.370,5557,2.0709,2101.69
TOI-3757 b,TOI-3757,0.03845,12.000,3913,0.087,181.14
Kepler-1099 b,Kepler-1099,0.03370,2.830,5837,0.76022,1022.80
Kepler-87 b,Kepler-87,0.48100,13.490,5600,2.1186,1232.90
TOI-3980 b,TOI-3980,0.04940,14.460,5840,2.77,486.72
Kepler-330 b,Kepler-330,0.07500,1.350,5117,0.36148,717.53
Kepler-226 c,Kepler-226,0.05800,2.270,5571,0.57649,980.14
BD+03 2562 b,BD+03 2562,1.30000,12.700,4095,501.19,1070.63
Kepler-587 b,Kepler-587,0.09520,2.230,5549,0.5782,787.89
Kepler-154 d,Kepler-154,0.14354,3.840,5769,1.0795,915.21
Kepler-279 e,Kepler-279,0.43900,4.130,6689,3.3022,1037.40
K2-197 b,K2-197,0.08060,2.560,5667,0.7695,247.64
HD 28192 b,HD 28192,0.11800,12.200,5920,1.269,49.81
Kepler-20 g,Kepler-20,0.20550,4.710,5495,0.68468,282.56
TYC 3667-1280-1 b,TYC 3667-1280-1,0.21000,12.800,5130,23.988,477.52
Kepler-215 b,Kepler-215,0.08400,1.620,5739,0.76348,486.00
Kepler-1172 b,Kepler-1172,0.16800,3.200,5558,0.69067,1306.53
Kepler-195 c,Kepler-195,0.19700,1.550,5329,0.42946,652.05
K2-240 c,K2-240,0.11590,1.800,3810,0.053001,72.91
HD 190228 b,HD 190228,2.40600,12.900,5360,4.9774,62.71
Kepler-442 b,Kepler-442,0.40900,1.340,4402,0.11695,365.96
Kepler-1495 b,Kepler-1495,0.36770,2.940,5831,1.128,1355.54
HD 164509 b,HD 164509,0.87000,14.300,5859,1.3183,53.11
TOI-815 b,TOI-815,0.09030,2.940,4869,0.3129,59.71
Kepler-232 b,Kepler-232,0.05400,3.080,5847,1.1268,1349.13
HD 141399 d,HD 141399,2.09000,13.700,5600,1.59,37.02
Ross 458 c,Ross 458,1100.00000,14.011,3965,0.050386,11.51
Kepler-159 c,Kepler-159,0.21800,3.410,4625,0.17602,373.74
HIP 67851 b,HIP 67851,0.42000,13.700,4840,14.68,64.12
KOI-3680 b,KOI-3680,0.53400,11.097,5830,1.169,921.99
Kepler-1463 b,Kepler-1463,0.16940,1.860,5679,1.2358,1687.47
Kepler-712 c,Kepler-712,0.66479,4.850,5148,0.32815,872.49
Kepler-1983 b,Kepler-1983,0.06890,2.330,5135,0.33055,424.43
TOI-1231 b,TOI-1231,0.12880,3.650,3553,0.0326,27.62
HATS-36 b,HATS-36,0.05230,12.920,5950,1.64,856.44
GJ 3138 c,GJ 3138,0.05700,1.880,3717,0.045,28.47
HD 203387 c,HD 203387,5.06700,12.600,5174,72.444,61.75
Kepler-55 b,Kepler-55,0.15930,2.430,4362,0.17249,578.80
Kepler-158 b,Kepler-158,0.11100,2.120,4623,0.17512,315.18
Kepler-1926 b,Kepler-1926,0.21970,2.315,5256,0.22528,667.40
TOI-2154 b,TOI-2154,0.05130,16.287,6280,2.72,296.46
HD 116029 b,HD 116029,1.65000,13.600,4819,11.3,123.25
K2-42 b,K2-42,0.06170,2.150,4613,0.19804,396.91
TOI-4666 b,TOI-4666,0.03400,12.532,3793,0.0638,154.75
K2-32 c,K2-32,0.13843,3.134,5271,0.50574,157.68
Kepler-1532 b,Kepler-1532,0.02060,1.350,5559,0.7225,798.25
K2-81 b,K2-81,0.05900,1.970,4674,0.26984,252.32
WASP-160 B b,WASP-160 B,0.04520,12.218,5298,0.48088,288.33
Wolf 1069 b,Wolf 1069,0.06720,1.080,3158,0.002944,9.58
TrES-3 b,TrES-3,0.02282,14.975,5650,0.625,231.34
Kepler-1130 d,Kepler-1130,0.05068,0.645,5450,0.55,249.34
HD 5608 b,HD 5608,1.79000,13.700,4807,14.28,58.11
HIP 39017 b,HIP 39017,22.10000,12.000,7201,5.596,66.32
K2-287 b,K2-287,0.12060,9.494,5695,0.77931,158.34
TOI-5027 b,TOI-5027,0.09300,10.761,5909,0.93201,204.43
WASP-138 b,WASP-138,0.04940,12.218,6272,2.7229,414.23
Kepler-1185 b,Kepler-1185,0.42970,1.330,5622,1.9137,459.27
WASP-148 b,WASP-148,0.08215,8.474,5555,0.72601,246.35
TOI-5181 A b,TOI-5181 A,0.05220,13.350,6060,2.87,480.15
Kepler-599 b,Kepler-599,0.11280,2.840,5127,0.30039,558.52
Kepler-1033 b,Kepler-1033,0.07610,2.510,5547,0.74853,1455.50
TOI-1772.01,TOI-1772,0.07838,2.905,5583,0.86708,97.76
TOI-2285 b,TOI-2285,0.13630,1.770,3491,0.0287,42.41
HD 37124 b,HD 37124,0.53364,14.000,5699,0.77225,31.66
Kepler-730 c,Kepler-730,0.03997,1.569,5620,1.7217,1935.04
Kepler-513 b,Kepler-513,0.17790,2.200,5849,1.1988,468.26
Kepler-1520 b,Kepler-1520,0.01290,5.770,4677,0.21228,607.92
GJ 3293 b,GJ 3293,0.14339,5.190,3466,0.022,20.19
TOI-1180 b,TOI-1180,0.08080,3.072,4738,0.265,72.02
WASP-178 b,WASP-178,0.05580,20.288,9360,16.4,427.68
TOI-4994 b,TOI-4994,0.15150,8.541,5640,1.02,329.30
Kepler-782 b,Kepler-782,0.54494,3.210,5867,1.2881,446.84
Kepler-63 b,Kepler-63,0.08000,6.110,5576,0.69663,194.03
Kepler-132 b,Kepler-132,0.06700,1.210,6003,1.6255,349.55
Kepler-529 b,Kepler-529,0.03090,1.860,6087,1.6106,799.01
11 UMi b,11 UMi,1.53000,12.300,4213,268.85,125.32
Kepler-60 c,Kepler-60,0.08422,1.900,5905,2.3392,1025.10
Kepler-330 c,Kepler-330,0.11600,1.950,5117,0.36148,717.53
Kepler-243 c,Kepler-243,0.14200,1.990,5228,0.42328,693.86
TOI-1452 b,TOI-1452,0.06100,1.672,3185,0.007,30.52
Kepler-264 b,Kepler-264,0.24900,3.330,6158,4.8882,942.17
Kepler-110 b,Kepler-110,0.10700,1.830,5960,1.8879,586.53
Kepler-809 b,Kepler-809,0.29010,3.010,5734,1.0033,961.40
Kepler-301 d,Kepler-301,0.11200,1.750,5815,0.83247,719.17
TOI-1136 b,TOI-1136,0.05106,1.900,5770,0.94,84.54
Kepler-1614 b,Kepler-1614,0.04710,1.490,5121,0.53585,1191.19
HD 136925 b,HD 136925,5.13000,13.900,5773,1.3627,47.87
Kepler-1296 b,Kepler-1296,0.08960,0.910,5359,3.063,1551.54
Kepler-1114 b,Kepler-1114,0.11056,1.350,5374,0.50913,418.42
K2-240 b,K2-240,0.05130,2.000,3810,0.053001,72.91
Kepler-210 b,Kepler-210,0.03200,2.940,4559,0.15895,232.75
Kepler-306 c,Kepler-306,0.06700,2.350,4954,0.33939,775.68
CoRoT-20 b,CoRoT-20,0.09000,9.416,5880,1.4791,844.06
WASP-95 b,WASP-95,0.03416,13.787,5830,1.5059,137.54
Kepler-162 c,Kepler-162,0.13700,3.030,5816,1.4302,855.64
Kepler-1848 b,Kepler-1848,0.05835,1.409,4847,0.30687,309.70
K2-187 d,K2-187,0.07200,2.400,5438,0.63669,330.92
TOI-375 d,TOI-375,0.98400,13.600,5260,5.754,396.21
Kepler-197 e,Kepler-197,0.16400,0.910,6004,1.6667,330.57
HAT-P-68 b,HAT-P-68,0.02996,12.016,4508,0.1663,202.15
KIC 9663113 b,KIC 9663113,1.55346,4.600,6065,6.193,1594.74
L 98-59 d,L 98-59,0.04940,1.627,3415,0.0122,10.62
K2-248 b,K2-248,0.06990,2.570,5528,0.64658,406.25
HAT-P-58 b,HAT-P-58,0.04994,14.930,6078,2.86,515.59
Kepler-1315 c,Kepler-1315,0.06350,1.844,4818,0.2356,480.87
Kepler-169 c,Kepler-169,0.06200,1.210,4997,0.31907,406.53
Kepler-1698 b,Kepler-1698,0.02065,1.073,4975,0.30362,222.34
Kepler-383 b,Kepler-383,0.09500,1.320,4710,0.20045,470.00
L 168-9 b,L 168-9,0.02080,1.630,3842,0.0723,25.15
HD 32518 b,HD 32518,0.59400,13.200,4580,46.32,122.11
NGTS-12 b,NGTS-12,0.07570,11.747,5690,2.1799,446.44
Kepler-933 b,Kepler-933,0.10410,2.460,5346,0.61545,1017.20
Kepler-493 b,Kepler-493,0.04390,15.130,6457,2.7424,1745.77
Kepler-1240 b,Kepler-1240,0.05791,1.150,5682,1.6693,862.19
Kepler-1119 b,Kepler-1119,0.08120,1.920,6083,3.061,1757.23
TOI-5005 b,TOI-5005,0.06614,6.250,5749,0.98967,207.89
TOI-5319 b,TOI-5319,0.05060,2.830,3580,0.03475,61.17
WASP-21 b,WASP-21,0.05200,11.990,5800,2.0149,258.43
Kepler-991 b,Kepler-991,0.31040,2.540,4392,0.14766,389.56
HD 148156 b,HD 148156,2.45000,13.900,6308,1.78,57.13
Kepler-79 c,Kepler-79,0.19144,3.760,6389,2.1979,1020.72
HD 4208 b,HD 4208,1.66200,13.900,5717,0.79504,34.19
Kepler-411 e,Kepler-411,0.18600,3.280,4974,0.26364,153.68
HD 188015 b,HD 188015,1.20300,13.600,5746,1.1453,50.67
GJ 687 c,GJ 687,1.16500,4.140,3413,0.021281,4.55
HD 221416 b,HD 221416,0.12280,9.170,5080,5.15,95.55
HATS-57 b,HATS-57,0.03493,12.767,5587,0.80501,279.49
HD 48948 c,HD 48948,0.19510,2.600,4593,0.16261,16.90
Kepler-390 b,Kepler-390,0.06500,0.820,5166,0.44463,435.28
Kepler-603 c,Kepler-603,0.53439,6.500,5808,2.4635,1539.63
TOI-431 c,TOI-431,0.05200,1.490,4850,0.27221,32.57
HD 45652 b,HD 45652,0.23700,14.300,5294,0.63096,34.85
Kepler-332 b,Kepler-332,0.07000,1.170,4955,0.2608,344.19
Kepler-508 b,Kepler-508,0.17274,1.640,6025,1.9476,324.62
HATS-75 b,HATS-75,0.03274,9.909,3790,0.06359,194.96
HD 191939 f,HD 191939,3.71000,13.200,5348,0.64999,53.61
HN Peg b,HN Peg,773.00000,11.777,6186,1.1488,18.12
WASP-31 b,WASP-31,0.04659,17.363,6302,2.1663,383.83
TOI-2368 b,TOI-2368,0.05649,10.839,5360,0.53099,210.91
TOI-4336 A b,TOI-4336 A,0.08490,2.137,3307,0.011,22.55
K2-413 b,K2-413,0.01170,0.760,4116,0.14682,285.16
Kepler-43 b,Kepler-43,0.04600,13.664,6041,2.1184,1005.84
KOI-55 c,KOI-55,0.00760,0.867,27730,22.909,1231.02
KOI-351 h,KOI-351,0.97062,11.252,6031,1.8558,848.25
TOI-3331 A b,TOI-3331 A,0.03144,12.980,5609,0.80699,217.19
WASP-85 A b,WASP-85 A,0.03900,13.899,6112,0.84832,141.89
YZ Cet d,YZ Cet,0.02851,1.030,3151,0.002195,3.71
HD 222237 b,HD 222237,10.80000,12.800,4751,0.216,11.45
HD 99492 b,HD 99492,0.12000,5.440,4929,0.33504,18.20
Kepler-251 b,Kepler-251,0.05300,1.330,5526,0.67302,924.62
WASP-195 b,WASP-195,0.06300,10.312,6300,3.4786,484.85
Kepler-359 d,Kepler-359,0.37200,4.010,6248,0.80063,1443.21
Kepler-830 b,Kepler-830,0.10330,1.700,6037,1.4757,1122.00
Kepler-672 b,Kepler-672,0.21630,2.500,5627,0.77234,1033.93
Kepler-198 b,Kepler-198,0.13100,2.820,5574,0.77822,495.36
Kepler-444 d,Kepler-444,0.06000,0.530,5046,0.37623,36.44
Kepler-575 b,Kepler-575,0.07880,2.390,5710,0.82454,853.98
Kepler-1131 b,Kepler-1131,0.04590,1.590,5851,0.93793,1030.70
Kepler-808 b,Kepler-808,0.01314,1.460,4653,0.20716,321.00
LHS 1903 b,LHS 1903,0.02656,1.382,3664,0.047369,35.69
DMPP-6 c,DMPP-6,0.22060,3.740,6182,2.0675,54.63
Kepler-885 b,Kepler-885,0.14403,2.500,6187,2.6113,651.32
TOI-286 c,TOI-286,0.21300,1.880,5152,0.3858,59.23
TOI-2081 b,TOI-2081,0.07520,2.040,3800,0.04587,62.34
KELT-18 b,KELT-18,0.04550,17.598,6670,6.4999,321.38
HD 152843 b,HD 152843,0.10490,3.050,6310,2.8179,107.90
HD 26161 b,HD 26161,10.08700,11.900,6058,2.472,40.91
Kepler-1323 b,Kepler-1323,0.01911,1.520,6169,1.9707,465.42
Kepler-151 c,Kepler-151,0.16000,2.090,5460,0.46331,649.92
HIP 14810 c,HIP 14810,0.54900,13.600,5544,0.97724,50.48
Kepler-80 b,Kepler-80,0.06480,2.670,4540,0.17,369.45
HD 40307 f,HD 40307,0.24700,2.130,4956,0.22961,12.94
HD 89345 b,HD 89345,0.10660,7.398,5576,2.66,132.34
HIP 97166 c,HIP 97166,0.12400,2.750,5216,0.473,65.95
HD 25463 c,HD 25463,0.04430,1.364,6353,2.97,45.62
TOI-2379 b,TOI-2379,0.05263,11.725,3707,0.07429,211.25
HD 96167 b,HD 96167,1.33200,14.000,5733,3.7154,85.30
Kepler-571 b,Kepler-571,0.05460,2.640,5527,0.59906,723.88
K2-24 c,K2-24,0.24700,7.500,5625,1.44,170.56
HR 858 b,HR 858,0.04888,2.004,6354,2.31,31.96
Kepler-342 e,Kepler-342,0.02909,0.880,6366,2.8409,781.61
Kepler-941 b,Kepler-941,0.13110,3.080,5539,0.62264,1088.36
TOI-4145 A b,TOI-4145 A,0.04823,13.305,5281,0.516,205.39
Kepler-709 b,Kepler-709,0.11730,2.920,5071,0.33,664.84
Kepler-1832 b,Kepler-1832,0.03700,1.227,5242,0.4607,486.17
HAT-P-54 b,HAT-P-54,0.04117,10.581,4390,0.1254,143.65
HD 3167 b,HD 3167,0.01814,1.601,5338,0.55301,47.29
Kepler-306 b,Kepler-306,0.05000,1.520,4954,0.33939,775.68
Kepler-690 b,Kepler-690,0.08100,5.950,5913,1.3822,1665.31
KOI-1843.03,Kepler-974,0.00500,0.610,3584,0.044232,134.31
K2-416 b,K2-416,0.08800,2.660,3746,0.053699,120.31
Kepler-1217 b,Kepler-1217,0.03260,1.990,5905,1.2164,1347.71
Kepler-1842 b,Kepler-1842,0.11600,2.354,5970,0.9418,923.55
Kepler-711 b,Kepler-711,0.14290,3.410,5222,0.31667,624.58
K2-141 b,K2-141,0.00747,1.510,4570,0.17783,61.87
TOI-3568 b,TOI-3568,0.04850,5.300,4969,2.138,197.91
K2-280 b,K2-280,0.14610,7.500,5500,1.3796,391.54
Kepler-1080 b,Kepler-1080,0.37810,3.280,5956,7.255,1382.82
Kepler-1228 b,Kepler-1228,0.01186,1.540,5063,0.27887,515.45
Kepler-1203 b,Kepler-1203,0.01140,1.060,4105,0.14008,317.02
TOI-5786 b,TOI-5786,0.11400,8.540,6235,2.4965,192.47
Kepler-1501 b,Kepler-1501,0.11592,1.560,6229,1.5933,749.06
TRAPPIST-1 b,TRAPPIST-1,0.01154,1.116,2566,0.00055301,12.43
Kepler-1164 b,Kepler-1164,0.04635,1.120,5183,0.39879,431.62
TOI-1117 c,TOI-1117,0.05340,2.910,5635,0.36,167.60
Kepler-757 b,Kepler-757,0.01900,1.360,6014,1.4469,1068.68
GJ 720 A b,GJ 720 A,0.11900,3.770,3837,0.060674,15.56
Kepler-1850 b,Kepler-1850,0.02060,0.729,4239,0.15486,250.20
KOI-1783.02,KOI-1783,0.86695,5.440,5922,1.6331,865.73
Kepler-229 d,Kepler-229,0.22000,3.850,5120,0.28977,826.26
Gl 686 b,Gl 686,0.09100,2.460,3656,0.029512,8.16
HD 44219 b,HD 44219,1.26000,14.100,5752,1.8197,52.91
Kepler-484 b,Kepler-484,0.09036,2.280,5668,0.73274,382.14
Kepler-142 c,Kepler-142,0.05700,2.860,5790,1.2796,548.69
HD 72659 b,HD 72659,4.60700,13.200,5929,2.3658,51.89
Kepler-257 d,Kepler-257,0.16000,4.950,5180,0.41922,780.26
K2-138 c,K2-138,0.04461,2.299,5356,0.51696,202.59
TOI-2570 b,TOI-2570,0.04145,13.641,5771,1.199,361.86
Kepler-629 b,Kepler-629,0.07107,1.380,5444,0.52067,372.05
Kepler-11 b,Kepler-11,0.09100,1.800,5663,1.3189,646.35
HD 179949 b,HD 179949,0.04430,13.900,6168,2.002,27.46
kap CrB b,kap CrB,2.50000,13.300,4840,10.86,30.07
Kepler-1353 b,Kepler-1353,0.15300,1.800,4776,0.24288,593.38
Kepler-652 b,Kepler-652,0.04958,2.490,5490,0.53693,394.55
Kepler-386 b,Kepler-386,0.09600,1.390,5178,0.39629,882.46
NGTS-26 b,NGTS-26,0.04900,14.886,5550,1.262,1093.69
Kepler-1502 b,Kepler-1502,0.24820,3.180,6666,5.521,1514.02
HD 106315 c,HD 106315,0.15360,4.350,6327,2.4805,109.35
Kepler-1548 b,Kepler-1548,0.46790,2.640,5706,0.49355,872.28
HD 60532 c,HD 60532,1.60000,13.300,6245,10.021,25.97
WASP-166 b,WASP-166,0.06410,7.062,6050,1.9169,114.17
Kepler-175 c,Kepler-175,0.21300,3.100,6064,1.5632,1312.34
WASP-84 b,WASP-84,0.07780,10.720,5280,0.47315,100.59
Kepler-1861 b,Kepler-1861,0.24082,2.207,5855,1.996,829.99
Kepler-398 d,Kepler-398,0.06180,0.880,4557,0.15452,177.35
TOI-2295 c,TOI-2295,2.01800,12.800,5730,2.06,126.28
TOI-663 c,TOI-663,0.04370,2.260,3681,0.042626,64.23
TOI-6448 b,TOI-6448,0.13100,8.474,5910,0.90801,386.88
TOI-1064 c,TOI-1064,0.09429,2.651,4734,0.238,68.07
WASP-101 b,WASP-101,0.05057,16.029,6380,2.6334,201.22
55 Cnc B b,55 Cnc B,0.04400,1.690,3286,0.0077963,12.48
KELT-20 b,KELT-20,0.05420,19.515,8720,12.7,136.43
Kepler-62 b,Kepler-62,0.05530,1.310,4925,0.20989,300.87
Kepler-987 b,Kepler-987,0.42380,3.260,5637,0.71667,914.13
Kepler-385 d,Kepler-385,0.28720,2.619,5829,1.3923,1432.61
HD 21520 b,HD 21520,0.17260,2.697,5871,1.164,79.21
HD 28471 c,HD 28471,0.06500,2.260,5766,1.1526,43.65
TOI-4641 b,TOI-4641,0.17300,8.183,6560,4.9501,86.35
Kepler-49 b,Kepler-49,0.05929,2.579,4096,0.074,311.22
Kepler-115 c,Kepler-115,0.08700,2.600,5979,1.6599,623.61
ome Ser b,ome Ser,0.83800,14.000,4724,54.18,76.76
Kepler-79 b,Kepler-79,0.11929,3.510,6389,2.1979,1020.72
Kepler-777 b,Kepler-777,0.05190,1.470,4043,0.10773,443.11
CoRoT-2 b,CoRoT-2,0.02798,16.432,5625,0.74037,213.28
TYC 1422-614-1 b,TYC 1422-614-1,0.69000,13.300,4806,22.387,672.41
TOI-2120 b,TOI-2120,0.03770,2.122,3131,0.00517,32.18
Kepler-265 b,Kepler-265,0.06900,1.860,5835,1.0127,1280.25
Kepler-1384 b,Kepler-1384,0.11260,1.940,4919,0.28907,618.00
Kepler-343 b,Kepler-343,0.08800,2.410,5807,1.6451,927.19
Kepler-1257 b,Kepler-1257,0.03760,1.520,5502,0.73077,1105.95
TOI-4010 c,TOI-4010,0.05800,5.930,4960,0.39847,177.50
HD 94890 c,HD 94890,4.33000,12.500,4867,58.01,61.70
Kepler-967 c,Kepler-967,0.62530,3.650,5178,0.19161,568.55
Kepler-100 c,Kepler-100,0.11061,2.200,5825,2.48,304.64
K2-62 c,K2-62,0.11480,1.990,4455,0.18768,112.47
TOI-700 b,TOI-700,0.06770,0.914,3459,0.0229,31.13
HD 104067 b,HD 104067,0.26740,9.200,4952,0.30721,20.36
Kepler-1260 b,Kepler-1260,0.14440,1.770,5961,3.3547,1734.43
Kepler-11 f,Kepler-11,0.25000,2.490,5663,1.3189,646.35
Kepler-1960 b,Kepler-1960,0.03540,1.307,6371,1.865,1527.56
Kepler-1252 b,Kepler-1252,0.10780,1.670,5949,0.74203,648.98
Kepler-217 d,Kepler-217,0.05340,1.320,6341,5.6697,1104.64
Kepler-1007 b,Kepler-1007,0.04800,1.440,4587,0.27016,365.00
Kepler-659 b,Kepler-659,0.12040,2.500,4870,0.29788,722.64
HD 12661 b,HD 12661,0.84000,13.300,5645,1.3574,37.85
Kepler-305 d,Kepler-305,0.12091,2.760,5090,0.37742,868.48
Kepler-609 b,Kepler-609,0.06820,3.350,5971,1.1627,1065.82
K2-152 b,K2-152,0.17160,2.290,4044,0.087,108.45
K2-75 b,K2-75,0.08100,2.670,5995,2.2358,561.93
HD 40956 b,HD 40956,1.40000,13.200,4869,46.17,116.59
GJ 27.1 b,GJ 27.1,0.10100,3.660,3542,0.026,23.61
Kepler-794 b,Kepler-794,0.10036,2.110,5839,3.209,931.19
Kepler-218 c,Kepler-218,0.24800,3.140,5502,1.0218,656.38
TOI-4495 c,TOI-4495,0.06323,4.030,6210,2.3257,132.21
Kepler-1666 b,Kepler-1666,0.17610,2.883,6293,1.8552,1379.37
Kepler-798 b,Kepler-798,0.11740,2.390,6224,1.6681,972.27
TOI-2094 b,TOI-2094,0.13600,1.900,3435,0.018,50.02
GJ 3470 b,GJ 3470,0.03550,4.570,3600,0.029,29.42
Kepler-392 b,Kepler-392,0.05900,1.000,5938,1.5651,681.43
TOI-1743 b,TOI-1743,0.03589,1.830,3277,0.010697,41.28
HD 183263 b,HD 183263,1.46000,13.100,5948,1.7793,54.20
K2-136 b,K2-136,0.07070,1.014,4500,0.1673,59.25
HD 107148 b,HD 107148,0.26900,9.600,5797,1.3207,49.42
Kepler-1514 b,Kepler-1514,0.75300,12.420,6145,2.13,397.29
Kepler-1837 b,Kepler-1837,0.06500,2.067,5966,0.85455,1229.18
Kepler-1986 b,Kepler-1986,0.13070,1.890,5549,0.38772,912.09
Kepler-114 c,Kepler-114,0.06482,1.600,4660,0.2064,259.53
Kepler-20 c,Kepler-20,0.09360,2.894,5495,0.68468,282.56
Kepler-1093 c,Kepler-1093,0.41037,1.960,6166,2.8866,1072.88
Kepler-934 b,Kepler-934,0.26580,2.090,5001,0.33267,608.74
Kepler-946 b,Kepler-946,0.10020,1.930,5665,1.3621,1137.29
Kepler-696 b,Kepler-696,0.05350,6.140,5903,1.4156,1416.44
Kepler-1448 b,Kepler-1448,0.10580,1.610,5774,0.85257,768.90
TOI-4551 b,TOI-4551,0.09940,11.859,4896,6.3499,215.99
Kepler-189 c,Kepler-189,0.13700,2.380,5235,0.35666,591.53
HD 46375 b,HD 46375,0.03980,10.000,5285,0.56883,29.55
HD 95872 b,HD 95872,5.15000,13.000,5312,0.57269,72.22
Kepler-1754 b,Kepler-1754,0.07180,2.440,4723,0.24439,718.95
TIC 4672985 b,TIC 4672985,0.33000,11.500,5757,1.3,253.38
K2-100 b,K2-100,0.03010,3.880,5945,1.777,188.96
Kepler-1387 b,Kepler-1387,0.03100,0.930,5046,0.27514,455.36
Kepler-1412 b,Kepler-1412,0.04608,0.830,5880,2.4172,755.68
K2-80 b,K2-80,0.13500,2.010,5441,0.3695,200.80
Kepler-1222 b,Kepler-1222,0.02801,0.790,5239,0.34865,415.22
Kepler-760 c,Kepler-760,0.03489,1.480,5322,0.52484,792.34
Kepler-463 b,Kepler-463,0.07925,3.050,5661,1.1996,394.80
Kepler-186 d,Kepler-186,0.07810,1.400,3788,0.04121,177.59
AU Mic b,AU Mic,0.07000,4.790,3540,0.1053,9.72
2MASS J0249-0557 c,2MASS J0249-0557 A,1950.00000,17.374,2859,0.0025704,66.06
K2-4 b,K2-4,0.07800,2.100,4015,0.12157,231.83
Kepler-446 d,Kepler-446,0.04030,1.350,3359,0.0056538,96.34
TOI-2015 b,TOI-2015,0.02932,3.309,3297,0.0322,47.34
HAT-P-53 b,HAT-P-53,0.03159,14.773,5956,1.65,666.80
TOI-411 c,HD 22946,0.10170,2.328,6169,1.6188,62.78
GJ 328 c,GJ 328,0.65700,4.910,3897,0.083176,20.53
WISPIT 1 b,WISPIT 1,338.00000,12.400,4670,0.47848,230.01
TOI-2529 b,TOI-2529,0.32700,11.545,5802,2.91,296.27
HD 139357 b,HD 139357,2.94900,12.100,4700,66.52,112.09
TOI-3862 b,TOI-3862,0.02539,5.530,5300,0.6391,249.02
K2-34 b,K2-34,0.04420,13.750,6168,2.5102,348.65
KOI-1599.01,KOI-1599,0.14728,1.900,5833,1.452,1131.64
Kepler-1687 b,Kepler-1687,0.05320,1.656,4132,0.13847,417.01
Kepler-1346 b,Kepler-1346,0.04400,1.580,6133,0.98161,843.70
TOI-5799 c,TOI-5799,0.07820,1.760,3452,0.0148,27.81
Kepler-187 c,Kepler-187,0.09900,2.670,6105,3.1094,1143.00
TOI-5082.01,TOI-5082,0.05120,2.548,5670,0.81356,43.14
Kepler-364 c,Kepler-364,0.31200,2.150,6108,2.2453,891.46
GJ 3021 b,GJ 3021,0.49000,13.100,5540,0.66069,17.56
Kepler-361 b,Kepler-361,0.08600,1.450,6169,2.8758,930.32
Kepler-286 b,Kepler-286,0.02700,1.240,5580,0.76519,1226.85
Kepler-47 c,Kepler-47,0.96380,4.650,5636,0.83946,1025.02
HD 190984 b,HD 190984,5.50000,13.000,5988,2.6915,148.19
Kepler-1042 b,Kepler-1042,0.07560,2.190,4815,0.25119,659.00
Kepler-516 b,Kepler-516,0.19920,5.740,7099,6.2852,687.09
TOI-1260 d,TOI-1260,0.11160,3.120,4227,0.129,73.60
HD 16141 b,HD 16141,0.36000,10.900,5757,2.3205,37.79
Kepler-1343 b,Kepler-1343,0.04490,1.930,5759,1.5678,1756.71
Kepler-119 b,Kepler-119,0.03500,3.600,5595,0.91918,702.00
Kepler-1591 b,Kepler-1591,0.07940,1.270,6082,2.7158,1419.58
HD 103720 b,HD 103720,0.04980,14.100,5017,0.34806,45.54
TOI-564 b,TOI-564,0.02734,11.433,5640,1.078,199.58
Kepler-1057 b,Kepler-1057,0.11380,3.360,5987,0.98673,1201.82
Kepler-1378 b,Kepler-1378,0.08850,2.200,4407,0.12489,506.43
TOI-481 b,TOI-481,0.09700,11.097,5735,2.72,179.37
Kepler-847 b,Kepler-847,0.03150,1.180,4940,0.31153,513.10
Kepler-742 b,Kepler-742,0.07440,3.240,4642,0.20337,489.25
HD 23472 e,HD 23472,0.06800,0.818,4684,0.237,39.03
HD 73344 c,HD 73344,0.33880,13.500,6148,1.8274,35.26
Kepler-936 b,Kepler-936,0.09540,1.450,5482,0.64565,823.40
TOI-257 b,TOI-257,0.15280,7.163,6095,4.33,76.90
HD 105618 b,HD 105618,0.09100,5.440,5671,1.5124,70.08
2MASS J22501512+2325342 b,2MASS J22501512+2325342,518.00000,11.900,3352,0.021779,57.23
TOI-1301.01,TOI-1301,0.05987,2.477,4820,0.25202,90.87
K2-208 b,K2-208,0.04878,1.675,5500,0.629,256.89
Kepler-616 d,Kepler-616,0.27490,2.653,6004,0.77359,945.77
Kepler-1497 b,Kepler-1497,0.08170,1.660,5675,0.8445,1122.00
Kepler-981 b,Kepler-981,0.05350,2.310,5718,0.82939,878.08
K2-111 b,K2-111,0.05650,1.837,5775,1.9,200.39
Kepler-176 b,Kepler-176,0.05800,1.430,5232,0.39421,527.32
Kepler-290 c,Kepler-290,0.20500,2.700,5147,0.25947,694.63
TOI-544 b,TOI-544,0.02250,2.018,4169,0.12575,41.12
HD 220842 b,HD 220842,0.74000,13.100,5960,2.2753,64.65
Kepler-726 b,Kepler-726,0.14060,3.260,5452,0.48009,762.08
Kepler-1540 b,Kepler-1540,0.44260,2.490,4540,0.1522,244.96
Kepler-594 b,Kepler-594,0.10890,2.180,5485,0.6409,769.20
Kepler-803 b,Kepler-803,0.26721,3.790,5919,1.7401,639.77
Kepler-1732 b,Kepler-1732,0.20150,4.099,5821,1.9758,1289.41
61 Vir d,61 Vir,0.47600,5.110,5577,0.80353,8.50
HD 156668 c,HD 156668,1.57000,6.170,4904,0.28824,24.33
WASP-126 b,WASP-126,0.04490,10.514,5800,1.4414,216.53
Kepler-225 c,Kepler-225,0.11100,1.840,3682,0.101,561.10
Kepler-143 b,Kepler-143,0.12700,2.410,5848,1.9662,809.47
Kepler-269 b,Kepler-269,0.06100,2.470,5847,2.3354,2257.32
Kepler-1759 b,Kepler-1759,0.04290,0.904,5017,0.27333,385.35
Kepler-927 b,Kepler-927,0.08660,1.720,5743,0.82067,831.68
Kepler-1215 b,Kepler-1215,0.05280,1.220,5616,0.65802,661.02
Kepler-83 c,Kepler-83,0.11796,2.360,4082,0.079001,400.41
Kepler-321 b,Kepler-321,0.05700,1.770,5740,0.98179,384.54
K2-212 b,K2-212,0.07850,2.650,4349,0.12315,109.22
Kepler-1733 b,Kepler-1733,0.09330,3.636,6320,2.6906,2080.51
HIP 14810 d,HIP 14810,1.94000,14.100,5544,0.97724,50.48
Kepler-367 c,Kepler-367,0.25300,1.200,4710,0.24171,188.03
Kepler-176 e,Kepler-176,0.25654,1.450,5295,0.39421,527.32
Kepler-357 c,Kepler-357,0.12000,2.670,5036,0.27775,688.57
Kepler-462 c,Kepler-462,0.75840,4.000,7500,8.431,596.62
Kepler-865 b,Kepler-865,0.10570,2.490,5570,0.50403,586.14
Kepler-194 c,Kepler-194,0.13100,2.590,6089,1.1033,1097.97
TOI-763 c,TOI-763,0.10110,2.630,5450,0.70183,95.13
Kepler-1244 b,Kepler-1244,0.05020,1.350,6680,10.771,1075.81
HD 50499 b,HD 50499,3.83300,13.500,6102,2.3786,46.28
HD 108236 c,HD 108236,0.06200,2.071,5660,0.70799,64.60
Kepler-312 c,Kepler-312,0.15300,3.150,6115,3.9583,797.72
HD 20794 f,HD 20794,1.35410,2.280,5368,0.68689,6.00
Proxima Cen b,Proxima Cen,0.04848,1.020,2900,0.00151,1.30
Kepler-374 b,Kepler-374,0.02900,1.030,5977,1.8808,1265.61
Kepler-744 b,Kepler-744,0.09735,1.620,5594,0.59958,449.96
Kepler-1761 b,Kepler-1761,0.04130,1.391,3871,0.067593,221.19
K2-48 b,K2-48,0.13440,2.240,4899,0.22048,313.76
HD 21749 c,GJ 143,0.06950,0.892,4640,0.20597,16.32
Kepler-1282 b,Kepler-1282,0.03350,1.550,5504,0.65634,1103.29
Qatar-6 b,Qatar-6,0.04230,11.904,5052,0.306,100.85
Kepler-1595 b,Kepler-1595,0.05100,1.230,5203,0.43324,845.02
HD 68988 c,HD 68988,13.20000,12.200,5883,1.6666,60.84
Kepler-1479 b,Kepler-1479,0.11341,1.830,5796,1.3973,728.67
KOI-984 c,KOI-984,0.14670,14.100,5295,0.47424,252.67
HD 99109 b,HD 99109,1.11000,14.300,5282,0.67332,54.79
HD 22532 b,HD 22532,1.90000,13.400,5038,18.8,161.18
Kepler-194 b,Kepler-194,0.03200,1.510,6089,1.1033,1097.97
Kepler-157 d,Kepler-157,0.07060,1.460,5866,1.2336,773.71
HD 70573 b,HD 70573,1.76000,12.800,5737,0.99809,59.18
Kepler-1418 b,Kepler-1418,0.13100,1.660,4770,0.2421,499.00
HD 115404 A b,HD 115404 A,0.08800,6.090,5019,0.3022,10.98
LHS 3154 b,LHS 3154,0.02262,3.690,2861,0.0019,15.76
K2-33 b,K2-33,0.04090,5.040,3540,0.15,139.27
Kepler-344 b,Kepler-344,0.15300,2.610,5774,0.65342,1002.94
Kepler-661 b,Kepler-661,0.05850,3.070,4483,0.15342,534.79
HD 112570 b,HD 112570,3.90000,13.100,4750,44.32,101.17
Oph 11 b,Oph 11,243.00000,12.300,2375,0.0016982,136.17
K2-35 b,K2-35,0.03100,1.320,4403,0.19107,252.60
TWA 7 b,TWA 7,52.00000,12.700,3509,0.1149,34.00
Kepler-1468 c,Kepler-1468,0.04660,1.150,5893,3.3977,1899.24
Kepler-96 b,Kepler-96,0.12610,2.670,5690,0.88652,122.88
Kepler-1371 b,Kepler-1371,0.04214,0.730,5361,0.63345,515.33
Kepler-180 b,Kepler-180,0.10900,1.500,5731,0.73784,695.65
Kepler-1468 b,Kepler-1468,0.08170,1.730,5893,3.3977,1899.24
Kepler-1104 b,Kepler-1104,0.06321,1.230,6417,3.2688,530.66
HATS-22 b,HATS-22,0.05025,10.682,4803,0.226,229.52
HD 22781 b,HD 22781,1.16700,12.300,5027,0.33453,32.60
NGTS-6 b,NGTS-6,0.01677,14.863,4730,0.256,308.26
Kepler-1907 b,Kepler-1907,0.05444,0.870,5159,0.23725,292.11
Kepler-291 b,Kepler-291,0.04700,2.160,6002,1.1786,1786.48
Kepler-525 b,Kepler-525,0.14386,2.630,5573,3.3497,992.85
Kepler-1168 b,Kepler-1168,0.26630,2.500,5157,0.29499,752.67
TOI-5624 c,TOI-5624,0.07374,2.474,5327,0.486,101.91
HD 18438 b,HD 18438,2.10000,12.100,3860,929.01,224.15
HD 154088 b,HD 154088,0.13400,2.460,5374,0.74,18.27
Kepler-148 d,Kepler-148,0.26070,8.680,5172,0.4136,791.16
TOI-663 b,TOI-663,0.02950,2.270,3681,0.042626,64.23
Kepler-1056 b,Kepler-1056,0.16290,3.010,6127,1.6849,982.51
CoRoT-9 b,CoRoT-9,0.40210,11.949,5625,0.55685,412.98
Kepler-1180 b,Kepler-1180,0.12460,1.990,6077,2.6149,1596.80
Kepler-1554 b,Kepler-1554,0.59527,2.900,5297,0.40446,946.85
Kepler-1424 b,Kepler-1424,0.19068,1.160,5838,1.8663,661.42
Kepler-1768 b,Kepler-1768,0.12860,2.233,6050,1.9349,632.77
Kepler-1642 c,Kepler-1642,0.06780,2.660,5355,0.39399,413.87
Kepler-1534 b,Kepler-1534,0.05990,1.890,5442,0.58479,1107.00
Kepler-234 c,Kepler-234,0.07700,3.510,6224,1.736,1733.10
LP 890-9 b,LP 890-9,0.01875,1.320,2850,0.001441,32.43
HAT-P-35 b,HAT-P-35,0.04978,14.930,6096,2.4159,506.96
Kepler-1935 b,Kepler-1935,0.04630,2.503,5570,1.4588,904.70
Kepler-343 c,Kepler-343,0.16700,2.020,5807,1.6451,927.19
Kepler-920 c,Kepler-920,0.40290,3.800,5403,0.65625,1001.68
Kepler-304 e,Kepler-304,0.02317,1.200,4817,0.21797,434.68
HD 190360 b,HD 190360,3.96500,13.500,5560,1.1654,16.01
Kepler-1526 b,Kepler-1526,0.04180,2.430,4601,0.19647,555.57
HAT-P-64 b,HAT-P-64,0.05387,19.089,6457,4.66,651.90
HD 92788 b,HD 92788,0.97000,13.000,5744,1.0471,34.65
KOI-3503 b,KOI-3503,0.14247,1.190,6001,1.9955,887.06
Kepler-1879 b,Kepler-1879,0.09570,2.065,5865,2.4235,627.17
Kepler-526 b,Kepler-526,0.06518,1.990,5894,2.2416,666.15
Kepler-541 b,Kepler-541,0.06447,3.360,6166,5.6892,1060.68
CoRoT-23 b,CoRoT-23,0.04800,11.770,5900,1.2212,1060.97
HD 28109 c,HD 28109,0.30800,4.130,6189,2.71,139.61
K2-11 b,K2-11,0.22570,7.550,5433,0.48934,329.31
Kepler-246 b,Kepler-246,0.05200,2.340,5206,0.38603,626.08
Kepler-22 b,Kepler-22,0.81200,2.100,5596,0.6453,194.64
Kepler-818 b,Kepler-818,0.08860,5.110,5638,0.75162,925.04
Kepler-1189 b,Kepler-1189,0.04670,1.770,6012,1.0987,782.85
WASP-20 b,WASP-20,0.05999,15.468,5940,1.7338,211.88
WASP-182 b,WASP-182,0.04510,9.528,5638,1.4304,327.60
EPIC 249893012 c,EPIC 249893012,0.13000,3.670,5430,2.2682,321.30
WASP-35 b,WASP-35,0.04317,14.572,5990,1.3941,202.22
Kepler-529 c,Kepler-529,0.10750,2.000,6087,1.6106,799.01
HD 65216 c,HD 65216,5.75000,13.400,5612,0.70827,35.12
Kepler-313 c,Kepler-313,0.20800,2.570,5727,2.051,1079.40
GJ 180 c,GJ 180,0.12900,2.410,3371,0.013,11.94
TOI-3629 b,TOI-3629,0.04300,8.295,3870,0.075,130.09
HD 31527 d,HD 31527,0.80980,3.460,5898,1.2,38.45
HAT-P-61 b,HAT-P-61,0.03010,10.077,5587,0.76701,338.84
TOI-712 c,TOI-712,0.24470,2.701,4622,0.1871,58.62
TOI-2589 b,TOI-2589,0.30000,12.106,5579,0.99001,200.27
NGTS-27 b,NGTS-27,0.04460,15.648,5700,3.264,942.12
Kepler-84 e,Kepler-84,0.18100,2.600,6031,1.6293,1023.90
Kepler-1011 b,Kepler-1011,0.06330,2.870,5416,0.42076,736.78
HD 137496 b,HD 137496,0.02732,1.310,5799,2.3245,155.32
Kepler-1600 b,Kepler-1600,0.98141,3.130,5214,0.45767,1030.81
Kepler-49 c,Kepler-49,0.07821,2.444,4096,0.074,311.22
HD 24064 b,HD 24064,1.29000,12.300,4052,351.79,300.25
Kepler-441 b,Kepler-441,0.64000,1.640,4340,0.08892,268.00
Kepler-126 c,Kepler-126,0.16200,1.580,6239,2.8314,237.40
K2-14 b,K2-14,0.06270,4.810,3789,0.10753,364.05
Kepler-748 b,Kepler-748,0.07450,2.520,5934,2.2918,1705.99
Kepler-1349 b,Kepler-1349,0.03421,0.700,6086,2.2011,276.32
Kepler-394 d,Kepler-394,0.05904,1.501,6398,1.131,1058.72
Kepler-619 c,Kepler-619,0.02216,1.690,5980,0.91197,900.68
Kepler-253 b,Kepler-253,0.04600,1.630,5208,0.40982,838.60
K2-113 b,K2-113,0.06420,12.140,5660,1.02,635.72
Kepler-898 b,Kepler-898,0.05450,1.490,4223,0.13333,484.89
TOI-2107 b,TOI-2107,0.03515,13.574,5627,0.786,236.71
WASP-58 b,WASP-58,0.05620,16.029,5800,1.4454,290.40
HD 33844 c,HD 33844,2.24000,13.500,4861,14.1,105.78
Kepler-139 c,Kepler-139,0.58600,3.380,5594,1.0375,391.04
DP Leo b,DP Leo,8.19000,12.700,13500,0.0039811,305.68
G 192-15 c,G 192-15,1.13700,3.870,2999,0.002124,9.53
Kepler-641 b,Kepler-641,0.08950,1.850,5713,2.4548,969.92
75 Cet b,75 Cet,1.91200,13.300,4809,51.82,82.96
HD 164595 b,HD 164595,0.23000,4.160,5790,1.0405,28.25
GJ 3473 c,GJ 3473,0.08760,2.630,3347,0.015,27.36
Kepler-217 c,Kepler-217,0.08900,1.850,6171,5.6697,1104.64
Kepler-235 d,Kepler-235,0.12200,2.050,4255,0.079001,428.02
Kepler-642 b,Kepler-642,0.05631,2.900,6570,2.4979,781.58
Kepler-457 d,KOI-7892,0.09960,2.985,6474,1.9893,1072.30
HD 180314 b,HD 180314,1.44800,12.000,4917,44,122.36
Kepler-868 b,Kepler-868,0.05750,2.050,5614,1.1705,1593.13
Kepler-551 b,Kepler-551,0.08930,2.730,4286,0.12731,311.18
bet Cnc b,bet Cnc,1.70000,12.600,4092,794.33,89.05
Kepler-153 b,Kepler-153,0.12900,2.920,5404,0.35785,459.37
Kepler-181 c,Kepler-181,0.04900,1.990,5333,0.41804,609.28
KOI-217 b,KOI-217,0.04770,12.442,5545,0.67808,914.70
HD 97037 b,HD 97037,6.92500,12.100,5874,1.7126,32.41
Kepler-776 b,Kepler-776,0.05230,1.280,5071,0.36597,727.90
HD 30177 c,HD 30177,9.90000,12.900,5680,1.212,55.59
TOI-712 b,TOI-712,0.07928,2.049,4622,0.1871,58.62
V1298 Tau b,V1298 Tau,0.16850,9.410,4970,0.954,108.20
DMPP-2 b,DMPP-2,0.06638,14.200,6500,1.27,137.94
TOI-3288 b,TOI-3288,0.02285,12.240,4072,0.1117,200.50
Kepler-1413 b,Kepler-1413,0.10660,1.820,5196,0.40658,1167.49
HIP 5158 c,HIP 5158,7.70000,12.200,4813,0.27492,51.60
HATS-60 b,HATS-60,0.04708,12.924,5688,1.996,486.47
Kepler-465 b,Kepler-465,0.09195,2.950,6310,2.178,553.08
Kepler-953 c,Kepler-953,0.08620,1.190,5416,0.76033,258.89
HD 189567 b,HD 189567,0.11100,2.850,5726,2.11,17.91
Wolf 503 b,Wolf 503,0.05706,2.043,4716,0.211,44.53
Kepler-1525 b,Kepler-1525,0.03557,0.910,5748,0.97454,382.99
Kepler-1009 b,Kepler-1009,0.07960,2.170,4027,0.10296,355.02
TOI-1075 b,TOI-1075,0.01159,1.791,3875,0.07172,61.46
Kepler-250 c,Kepler-250,0.06900,2.280,5160,0.34907,760.59
HD 215497 c,HD 215497,1.31000,13.000,5113,0.38905,40.55
HD 169142 b,HD 169142,37.20000,13.100,7246,5.8675,113.60
Kepler-1420 b,Kepler-1420,0.06710,1.280,5187,0.58615,1054.37
TOI-672 b,TOI-672,0.03760,5.310,3810,0.04799,66.91
TOI-1696 b,TOI-1696,0.02290,3.090,3185,0.00711,64.92
Kepler-1514 c,Kepler-1514,0.09970,1.176,6145,2.13,397.29
HD 95089 c,HD 95089,3.33000,13.100,4918,13.5,136.96
Kepler-1562 b,Kepler-1562,0.33080,3.550,5760,3.0955,2060.72
HD 20781 d,HD 20781,0.16470,3.250,5256,0.49,35.97
Kepler-79 e,Kepler-79,0.39445,3.530,6389,2.1979,1020.72
Kepler-235 c,Kepler-235,0.06500,1.280,4255,0.079001,428.02
HATS-31 b,HATS-31,0.04780,18.383,6050,4.16,773.97
Kepler-20 d,Kepler-20,0.34740,2.606,5495,0.68468,282.56
HD 69830 b,HD 69830,0.07850,3.170,5385,0.60256,12.56
TOI-904 b,TOI-904,0.05600,2.426,3770,0.051,46.09
TOI-1130 b,TOI-1130,0.04530,3.660,4360,0.14,58.26
DMPP-1 c,DMPP-1,0.09730,3.310,6196,2.0871,62.54
TOI-1268 b,TOI-1268,0.07110,9.100,5300,0.51541,109.56
Kepler-947 b,Kepler-947,0.17730,2.280,5508,1.3882,1730.78
TOI-1246 c,TOI-1246,0.06100,2.451,5213,0.5,169.42
Kepler-1402 b,Kepler-1402,0.03220,0.760,5416,2.8038,1493.64
HD 204313 e,HD 204313,7.45700,12.200,5767,1.2584,47.79
HD 95086 b,HD 95086,55.70000,12.900,7595,6.6258,86.23
Kepler-454 d,Kepler-454,5.10000,13.300,5687,1.1287,230.87
K2-27 b,K2-27,0.06702,4.740,5246,0.53739,249.65
gam1 Leo b,gam1 Leo,1.19000,12.500,4330,323.59,39.89
Kepler-689 b,Kepler-689,0.14490,2.890,5518,0.70264,1131.73
TOI-677 b,TOI-677,0.10410,13.115,6295,2.0498,141.81
HD 211970 b,HD 211970,0.14300,3.660,4127,0.086141,13.13
Kepler-271 b,Kepler-271,0.08784,1.230,5555,0.55823,404.54
CoRoT-24 c,CoRoT-24,0.09800,5.000,4950,0.25033,591.55
K2-21 c,K2-21,0.10700,2.490,4222,0.10353,83.64
Kepler-1205 b,Kepler-1205,0.01960,1.410,5226,0.38169,698.49
Kepler-1814 c,Kepler-1814,0.01330,1.760,4922,0.31208,726.35
HD 73526 c,HD 73526,1.03000,13.300,5601,2.1771,97.24
Kepler-1067 c,Kepler-1067,0.06069,1.747,5594,0.71244,667.69
HD 94771 b,HD 94771,3.48000,14.200,5631,3.28,57.78
Kepler-336 c,Kepler-336,0.09200,2.100,5867,1.8197,768.86
Kepler-252 b,Kepler-252,0.05800,1.230,4208,0.16381,379.42
EPIC 201841433 b,EPIC 201841433,0.03500,1.040,5053,0.23198,436.49
WASP-75 b,WASP-75,0.03750,14.235,6100,2.0149,294.00
Kepler-1181 b,Kepler-1181,0.06210,1.570,6176,2.9678,938.42
TOI-6884 b,TOI-6884,0.06290,10.391,6330,4.91,562.38
Kepler-423 b,Kepler-423,0.03585,13.361,5560,0.9594,758.75
HD 47366 b,HD 47366,1.20700,13.400,4866,26.1,84.36
Kepler-65 d,Kepler-65,0.08400,1.520,6211,2.9336,303.73
2M0437 b,2MASS J04372171+2651014,118.00000,13.000,3100,0.068599,128.48
K2-79 b,K2-79,0.09870,4.150,5897,1.76,256.01
Kepler-1395 b,Kepler-1395,0.04974,0.800,6138,1.892,492.89
HD 122562 c,HD 122562,0.40600,10.100,4956,2.5527,53.25
Kepler-201 b,Kepler-201,0.17500,2.460,6065,2.2293,636.45
Kepler-1518 b,Kepler-1518,0.05930,3.050,6846,4.9082,903.51
Kepler-1383 b,Kepler-1383,0.11397,1.410,6370,3.6959,1027.21
Kepler-229 c,Kepler-229,0.11700,4.920,5120,0.28977,826.26
Kepler-800 b,Kepler-800,0.11060,2.850,5315,0.43855,1019.26
Kepler-561 b,Kepler-561,0.29256,6.960,5646,0.66109,621.38
HD 21693 b,HD 21693,0.14550,2.800,5430,0.62,33.26
GJ 4276 b,GJ 4276,0.08200,4.220,3387,0.0197,21.34
14 Her b,14 Her,2.83900,12.500,5338,0.70351,17.93
Kepler-1272 b,Kepler-1272,0.27050,2.370,5926,2.3459,1206.37
GJ 229 b,GJ 229,1.08600,3.970,3564,0.028,5.76
WASP-47 e,WASP-47,0.01673,1.830,5565,1.0756,264.78
Kepler-137 c,Kepler-137,0.13000,1.880,5187,0.51011,302.98
HD 47536 b,HD 47536,1.93000,12.600,4380,177.19,122.54
TOI-782 b,TOI-782,0.05780,2.734,3370,0.01984,52.51
GJ 414 A b,GJ 414 A,0.23240,2.630,4120,0.119,11.89
Kepler-309 c,Kepler-309,0.40100,2.510,4713,0.26669,544.57
HAT-P-65 b,HAT-P-65,0.04042,18.058,5872,2.97,738.52
GJ 422 b,GJ 422,0.11100,3.330,3323,0.011,12.66
HD 48948 b,HD 48948,0.06520,2.060,4593,0.16261,16.90
Kepler-722 b,Kepler-722,0.05140,2.630,5863,0.91363,1239.50
HD 220074 b,HD 220074,1.60000,12.200,3787,782.6,324.54
24 Boo b,24 Boo,0.19400,13.900,4816,75.32,95.99
HD 180617 b,HD 180617,0.34300,3.530,3534,0.032359,5.91
HD 74156 c,HD 74156,3.67800,12.500,6068,2.5162,57.60
Kepler-1478 b,Kepler-1478,0.16810,1.730,5904,2.0144,1845.58
Kepler-418 c,Kepler-418,0.10632,5.221,5822,1.2916,1002.53
HD 110067 d,HD 110067,0.13620,2.852,5266,0.43427,32.16
Kepler-333 c,Kepler-333,0.13500,1.110,4259,0.118,324.41
HD 79498 b,HD 79498,2.98000,13.600,5748,1.0715,48.95
Kepler-203 c,Kepler-203,0.06100,2.470,5821,1.2408,703.30
TOI-1203.01,TOI-1203,0.16320,2.918,5737,1.3482,64.99
Kepler-238 d,Kepler-238,0.11500,3.070,5751,2.6945,1798.75
Kepler-221 b,Kepler-221,0.03700,1.710,5243,0.39419,385.23
Kepler-745 b,Kepler-745,0.09150,2.160,5849,2.3745,1780.38
Kepler-810 b,Kepler-810,0.05500,1.930,5803,0.92991,1458.59
Kepler-1365 c,Kepler-1365,0.05701,0.800,5770,2.6594,840.13
Kepler-353 b,Kepler-353,0.05100,0.890,3903,0.064999,384.69
HD 28109 d,HD 28109,0.41100,3.110,6189,2.71,139.61
CoRoT-21 b,CoRoT-21,0.04170,14.572,6200,5.0699,1398.83
HD 20003 c,HD 20003,0.19640,3.890,5494,0.72,41.83
Kepler-716 b,Kepler-716,0.08628,2.900,5099,0.31316,635.01
TOI-4034 b,TOI-4034,0.03289,17.710,5891,3.3964,745.14
Kepler-101 b,Kepler-101,0.04740,5.770,5667,2.6323,927.98
HAT-P-4 b,HAT-P-4,0.04438,14.280,5860,2.6977,320.45
Kepler-619 d,Kepler-619,0.10210,4.170,6122,0.91197,900.68
Kepler-411 c,Kepler-411,0.07390,4.421,4974,0.26364,153.68
Kepler-1601 b,Kepler-1601,0.03281,0.820,5869,1.2162,644.46
HD 134606 b,HD 134606,0.10460,2.970,5576,1.161,26.79
K2-66 b,K2-66,0.05983,2.490,5887,3.2078,513.88
TOI-1691 b,TOI-1691,0.12937,3.660,5759,0.93201,111.44
K2-230 b,K2-230,0.04090,1.960,5945,2.0769,540.77
HD 20003 b,HD 20003,0.09740,3.430,5494,0.72,41.83
GJ 667 C g,GJ 667 C,0.54900,1.990,3350,0.013709,7.24
Kepler-1026 b,Kepler-1026,0.19770,2.210,4948,0.24161,351.24
Kepler-445 b,Kepler-445,0.02170,1.580,3157,0.0079444,127.20
K2-117 b,K2-117,0.01890,2.030,3778,0.044,101.63
Kepler-138 d,Kepler-138,0.12880,1.510,3841,0.056,66.86
Kepler-540 b,Kepler-540,0.58822,2.710,5946,1.6091,390.37
Kepler-33 c,Kepler-33,0.11890,3.200,5904,3.5975,1209.16
KELT-10 b,KELT-10,0.05250,15.681,5948,1.65,188.40
Kepler-583 b,Kepler-583,0.06890,2.280,5523,0.79325,867.27
HD 62364 c,HD 62364,36.98400,12.000,6255,2.71,53.11
Kepler-1649 c,Kepler-1649,0.06490,1.060,3240,0.00516,92.19
Kepler-1167 b,Kepler-1167,0.01750,1.710,4971,0.29115,820.90
HD 100508 b,HD 100508,6.11000,13.700,5419,0.80501,32.75
WASP-57 b,WASP-57,0.03769,11.769,5600,0.98835,398.28
Kepler-1779 b,Kepler-1779,0.12640,3.033,5730,0.89127,908.50
Kepler-1770 b,Kepler-1770,0.12610,2.841,5602,0.61787,582.94
Kepler-216 b,Kepler-216,0.07900,2.350,6091,3.2988,1187.47
TOI-2768 b,TOI-2768,0.02700,2.630,4008,0.10046,78.45
Kepler-529 d,Kepler-529,0.21340,2.795,6078,1.7418,799.01
Kepler-381 d,Kepler-381,0.08364,1.067,6197,3.2651,267.32
Kepler-296 d,Kepler-296,0.11800,2.090,3740,0.031,167.00
Kepler-1739 b,Kepler-1739,0.06970,2.431,5757,0.72425,783.67
Kepler-278 b,Kepler-278,0.20200,3.955,4965,4.46,443.03
Kepler-615 b,Kepler-615,0.08500,1.740,4655,0.20184,330.00
TOI-6383 A b,TOI-6383 A,0.02292,11.290,3444,0.0326,171.32
Kepler-1638 b,Kepler-1638,0.74500,1.870,5710,0.76913,1525.52
Kepler-1254 d,Kepler-1254,0.05750,1.310,4985,0.2679,622.82
Kepler-752 b,Kepler-752,0.13530,2.810,5373,0.7501,1232.29
Kepler-1692 b,Kepler-1692,0.06460,1.112,5146,0.47397,591.02
K2-45 b,K2-45,0.02240,6.710,4103,0.182,495.32
TOI-4504 b,TOI-4504,0.03392,2.691,5315,0.62,342.61
Kepler-148 b,Kepler-148,0.02800,1.800,5272,0.4136,791.16
Kepler-1760 b,Kepler-1760,0.20840,2.290,5229,0.54954,
HD 167768 b,HD 167768,0.15120,13.900,4851,46.7,107.21
Kepler-6 b,Kepler-6,0.04852,14.617,5647,1.5458,587.04
Kepler-1756 b,Kepler-1756,0.03190,1.472,4915,0.34754,
TOI-4504 d,TOI-4504,0.22190,13.600,5315,0.62,342.61
Kepler-299 e,Kepler-299,0.22000,1.870,5617,0.90465,1052.24
Kepler-1064 b,Kepler-1064,0.11830,1.550,5153,0.39719,374.00
Kepler-766 b,Kepler-766,0.06600,3.390,5992,2.827,2297.62
HD 96700 b,HD 96700,0.07770,2.930,5845,1.38,25.41
Kepler-373 b,Kepler-373,0.06000,1.360,5787,1.6309,1090.45
HD 97048 b,HD 97048,130.00000,13.300,10000,40,183.86
GJ 876 b,GJ 876,0.20832,13.300,3294,0.0124,4.68
HD 164604 b,HD 164604,1.36200,12.300,4663,0.26,39.36
Kepler-208 b,Kepler-208,0.05400,1.630,6092,2.0376,775.33
HATS-13 b,HATS-13,0.04057,13.585,5523,0.4773,421.86
Kepler-1146 b,Kepler-1146,0.03250,1.230,4692,0.2278,703.04
TOI-5300 b,TOI-5300,0.02950,9.864,4610,0.173,162.51
WASP-100 b,WASP-100,0.04574,14.908,6900,5.8306,364.41
Kepler-1643 b,Kepler-1643,0.05310,2.320,4916,0.33763,341.77
XO-4 b,XO-4,0.05524,14.011,6397,3.4323,272.65
Kepler-1969 b,Kepler-1969,0.07170,1.682,6046,0.65933,1204.54
WASP-13 b,WASP-13,0.05362,13.675,5950,2.7312,227.54
TOI-5799 b,TOI-5799,0.03480,1.733,3452,0.0148,27.81
Kepler-1963 b,Kepler-1963,0.02915,0.744,5726,0.55055,492.85
GJ 357 c,GJ 357,0.06100,1.660,3505,0.01591,9.44
HIP 78530 b,HIP 78530,740.00000,12.000,10500,23.356,136.76
Kepler-48 f,Kepler-48,5.71919,13.800,5190,0.51374,306.74
Kepler-426 b,Kepler-426,0.04140,12.220,5725,0.8147,843.70
Kepler-82 f,Kepler-82,0.33950,4.840,5401,0.65303,904.33
NGTS-33 b,NGTS-33,0.04800,18.383,7437,5.91,437.86
HD 113337 b,HD 113337,1.02200,13.100,6774,4.29,36.18
Kepler-1834 b,Kepler-1834,0.04911,1.459,4821,0.26508,500.39
GJ 411 b,GJ 411,0.07879,1.450,3719,0.0195,5.68
Kepler-122 e,Kepler-122,0.22700,2.600,6050,1.8618,1027.45
Kepler-1276 b,Kepler-1276,0.10863,1.190,6188,1.6611,538.48
Kepler-1653 b,Kepler-1653,0.47060,2.170,4807,0.23121,755.00
Kepler-1410 b,Kepler-1410,0.25430,1.780,4092,0.069502,367.00
Kepler-1864 b,Kepler-1864,0.04900,0.754,5854,1.0716,298.89
Kepler-1750 b,Kepler-1750,0.67850,6.004,5644,1.1513,1497.33
WASP-24 b,WASP-24,0.03651,15.468,6075,2.1444,322.11
KELT-8 b,KELT-8,0.04550,18.159,5754,1.8401,197.57
Kepler-304 d,Kepler-304,0.08000,2.750,4731,0.21797,434.68
HD 331093 b,HD 331093,1.44000,13.600,5544,1.015,50.19
K2-110 b,K2-110,0.10207,2.592,5010,0.27097,116.47
K2-32 d,K2-32,0.18422,3.484,5271,0.50574,157.68
Kepler-1101 b,Kepler-1101,0.34830,2.470,5614,0.4453,742.47
Kepler-58 d,Kepler-58,0.23600,2.940,6099,0.99033,969.25
Kepler-1090 b,Kepler-1090,0.63323,2.250,5321,0.71458,858.77
DMPP-1 b,DMPP-1,0.14230,4.260,6196,2.0871,62.54
Kepler-1110 b,Kepler-1110,0.07540,2.660,4781,0.23092,726.83
HD 67087 b,HD 67087,1.08000,13.100,6330,3.4674,76.52
Kepler-334 d,Kepler-334,0.16800,1.410,5828,1.1365,426.59
HD 204941 b,HD 204941,2.55000,10.100,5026,0.31,28.72
TOI-1470 b,TOI-1470,0.02850,2.180,3709,0.0376,51.95
TOI-4342 c,TOI-4342,0.08040,2.349,3866,0.075,61.52
HD 68988 b,HD 68988,0.07000,13.400,5932,1.6666,60.84
TOI-2207 b,TOI-2207,0.08540,11.153,6101,3.05,373.35
HD 48265 c,HD 48265,10.40000,12.900,5805,3.84,90.54
K2-3 b,K2-3,0.07470,2.078,3844,0.0587,44.07
OGLE-TR-182 b,OGLE-TR-182,0.05100,12.666,5924,1.7402,2501.75
HD 96700 d,HD 96700,0.42400,3.610,5845,1.38,25.41
Kepler-208 d,Kepler-208,0.10300,1.200,6092,2.0376,775.33
Kepler-1129 c,Kepler-1129,0.35367,2.730,5831,0.93886,1183.88
Kepler-1553 b,Kepler-1553,0.04810,1.150,5288,0.45908,692.59
Kepler-1374 b,Kepler-1374,0.09180,2.290,5323,0.42841,1078.46
WASP-139 b,WASP-139,0.06200,8.967,5310,0.45149,212.47
HD 4113 b,HD 4113,1.28000,13.500,5688,1.219,41.87
Kepler-639 b,Kepler-639,0.09358,2.380,5896,3.0377,850.24
Kepler-655 b,Kepler-655,0.25697,2.710,6170,2.1079,752.56
FU Tau b,FU Tau,800.00000,12.200,2838,0.2,133.50
HAT-P-14 b,HAT-P-14,0.05960,15.917,6600,4.4068,222.66
Kepler-1461 b,Kepler-1461,0.17150,2.030,4919,0.22655,679.11
GJ 251 b,GJ 251,0.08080,1.790,3342,0.0155,5.58
NGTS-23 b,NGTS-23,0.05040,14.202,6057,1.92,1074.95
HD 13808 c,HD 13808,0.25540,3.130,5035,0.36766,28.23
HD 108874 b,HD 108874,1.04000,13.600,5600,0.99834,59.52
Kepler-340 b,Kepler-340,0.13400,2.530,6620,7.3704,808.76
Kepler-252 c,Kepler-252,0.08000,2.150,4208,0.16381,379.42
HD 125271 b,HD 125271,10.81700,12.400,4704,0.24902,39.35
WASP-93 b,WASP-93,0.04211,17.901,6700,4.148,370.28
Kepler-299 b,Kepler-299,0.04000,1.320,5617,0.90465,1052.24
Kepler-276 b,Kepler-276,0.11900,2.870,6105,0.8138,1144.86
Kepler-958 b,Kepler-958,0.08631,2.060,5421,0.52282,449.77
Kepler-381 b,Kepler-381,0.06600,0.990,6152,3.2651,267.32
Kepler-202 b,Kepler-202,0.04500,1.630,4668,0.23005,285.11
K2-187 c,K2-187,0.03920,1.400,5438,0.63669,330.92
WISPIT 1 c,WISPIT 1,840.00000,12.800,4670,0.47848,230.01
Kepler-1624 b,Kepler-1624,0.03270,6.590,3768,0.047575,258.98
TOI-198 b,TOI-198,0.06750,1.360,3801,0.03281,23.73
Kepler-963 b,Kepler-963,0.08490,2.660,5461,0.59617,771.49
Kepler-846 b,Kepler-846,0.13990,2.480,5579,0.60653,1127.12
TOI-561 b,TOI-561,0.01064,1.397,5342,0.522,85.80
YZ Cet b,YZ Cet,0.01634,0.913,3151,0.002195,3.71
HD 135872 b,HD 135872,4.17200,12.800,4992,8.6497,82.43
K2-271 b,K2-271,0.07700,7.280,5644,0.89162,564.45
WASP-188 b,WASP-188,0.07200,14.818,6850,5.5306,675.28
K2-36 b,K2-36,0.02288,1.430,4916,0.26915,109.75
WASP-97 b,WASP-97,0.03303,12.778,5640,1.1789,151.07
Kepler-1798 b,Kepler-1798,0.10820,2.309,3967,0.11046,395.20
TOI-2992 b,TOI-2992,0.04340,13.753,6000,2.79,542.03
TOI-4201 b,TOI-4201,0.04000,13.675,3794,0.075999,189.01
HD 168863 b,HD 168863,10.96100,12.700,4905,0.31551,39.90
Kepler-495 c,Kepler-495,0.06140,1.219,5392,0.57876,658.92
Kepler-268 c,Kepler-268,0.39100,3.380,6081,2.0801,851.87
K2-268 b,K2-268,0.03080,1.500,5106,0.37203,327.78
Kepler-1584 b,Kepler-1584,0.11680,1.610,6069,1.7876,1416.31
Kepler-1368 b,Kepler-1368,0.01530,1.650,5906,1.124,1635.82
Kepler-924 b,Kepler-924,0.31318,3.070,6167,2.0598,1053.04
Kepler-1542 c,Kepler-1542,0.03870,0.650,5564,1.1756,399.11
Kepler-331 c,Kepler-331,0.10500,1.840,4347,0.1646,580.12
Kepler-1096 b,Kepler-1096,0.03400,1.240,4306,0.1444,377.98
TOI-615 b,TOI-615,0.06780,18.977,6850,5.86,360.41
Kepler-303 c,Kepler-303,0.05700,1.140,3944,0.086,209.74
HD 150010 b,HD 150010,1.40000,13.300,4153,96,144.49
WASP-99 b,WASP-99,0.07170,11.433,6150,3.4938,158.66
HD 56414 b,HD 56414,0.22900,3.710,8500,14.39,272.22
Kepler-1388 b,Kepler-1388,0.08820,2.590,4098,0.078199,453.80
GJ 514 b,GJ 514,0.42200,2.130,3728,0.043,7.62
TOI-628 b,TOI-628,0.04860,11.882,6250,2.48,178.68
Kepler-92 c,Kepler-92,0.19054,2.600,5883,3.6156,477.99
Kepler-552 b,Kepler-552,0.06120,3.950,5863,1.1559,843.69
MASCARA-4 b,MASCARA-4,0.04740,16.982,7800,12.23,170.70
BD+60 1417 b,BD+60 1417,1662.00000,14.684,4993,2.2696,44.95
Kepler-1846 b,Kepler-1846,0.11054,1.764,4825,0.2948,374.62
HD 82943 b,HD 82943,1.18306,13.500,5935,1.5633,27.59
EPIC 248847494 b,EPIC 248847494,4.50000,12.442,4898,3.5322,551.89
HD 147873 b,HD 147873,0.52200,12.800,5972,5.99,109.06
HAT-P-24 b,HAT-P-24,0.04651,14.572,6373,2.5586,415.34
KOI-94 e,KOI-94,0.30460,6.560,6182,3.013,477.05
NGTS-24 b,NGTS-24,0.04790,13.608,5820,2.792,683.06
Qatar-8 b,Qatar-8,0.04740,14.404,5738,1.69,281.50
Kepler-288 c,Kepler-288,0.14000,2.850,5918,1.1378,1194.15
alf Ari b,alf Ari,1.20000,13.400,4553,85.901,20.21
GJ 160.2 b,GJ 160.2,0.05300,3.170,4347,0.16,25.86
HIP 5763 b,HIP 5763,0.17000,14.200,4352,0.18197,31.90
Kepler-1258 b,Kepler-1258,0.01824,0.860,5839,1.2412,717.55
TOI-159 b,TOI-159,0.05600,18.180,7287,6.64,347.59
TOI-6628 b,TOI-6628,0.13400,10.985,5463,0.817,320.53
NSVS 14256825 b,NSVS 14256825,3.12000,12.300,40000,94.111,820.88
TOI-2093 c,TOI-2093,0.25700,2.300,4426,0.1838,82.80
Kepler-33 f,Kepler-33,0.25350,4.460,5904,3.5975,1209.16
HD 233604 b,HD 233604,0.74700,12.700,4791,56.234,847.06
TOI-715 b,TOI-715,0.08300,1.550,3075,0.0049092,42.40
TOI-1266 b,TOI-1266,0.07300,2.520,3563,0.02629,36.01
TOI-1836 b,TOI-1836,0.15970,8.003,6380,3.7,191.65
Kepler-1103 b,Kepler-1103,0.15336,2.270,6092,3.3251,1331.92
WASP-127 b,WASP-127,0.04840,14.695,5620,1.8869,159.51
Kepler-32 f,Kepler-32,0.01300,0.820,3900,0.051,323.85
HD 167677 b,HD 167677,2.87700,13.200,5474,0.73765,54.33
Kepler-1915 b,Kepler-1915,0.11400,3.218,6020,1.1517,1514.66
WASP-121 b,WASP-121,0.02571,19.526,6628,4.4027,269.90
K2-275 c,K2-275,0.08810,2.210,4841,0.25508,123.44
Kepler-968 b,Kepler-968,0.03890,2.000,4598,0.17274,290.32
HD 93963 A b,HD 93963 A,0.02061,1.470,5908,1.169,82.34
Kepler-1734 b,Kepler-1734,0.07140,3.089,6061,1.3933,1482.83
Kepler-1669 d,Kepler-1669,0.04680,1.220,4224,0.15753,543.44
Kepler-993 b,Kepler-993,0.13000,2.970,3843,0.059064,324.42
Kepler-288 b,Kepler-288,0.06500,1.670,5918,1.1378,1194.15
KELT-4 A b,KELT-4 A,0.04317,19.044,6206,3.43,218.05
Kepler-215 d,Kepler-215,0.18500,2.390,5739,0.76348,486.00
Kepler-1867 b,Kepler-1867,0.08720,1.160,5693,1.6576,680.58
EPIC 212737443 b,EPIC 212737443,0.09800,2.586,4684,0.17759,336.25
K2-270 c,K2-270,0.04970,2.950,4877,0.30326,280.52
HD 4203 b,HD 4203,1.17000,13.300,5596,1.9627,81.38
Kepler-48 b,Kepler-48,0.05394,1.880,5194,0.51374,306.74
Kepler-550 b,Kepler-550,0.07470,4.420,5322,0.41321,531.94
HD 106315 b,HD 106315,0.09070,2.440,6327,2.4805,109.35
HD 111232 b,HD 111232,2.14800,12.600,5512,0.69024,28.96
Kepler-215 c,Kepler-215,0.11300,1.770,5739,0.76348,486.00
TOI-2169 A b,TOI-2169 A,0.08960,12.509,6270,4.63,351.49
Kepler-763 d,Kepler-763,0.06340,1.670,4999,0.46355,962.46
K2-268 c,K2-268,0.08190,2.690,5106,0.37203,327.78
HATS-50 b,HATS-50,0.05046,12.666,5990,1.39,756.74
Kepler-407 c,Kepler-407,3.27090,12.300,5476,0.9134,338.37
Kepler-1134 b,Kepler-1134,0.12420,2.640,5281,0.40067,944.45
Kepler-1989 b,Kepler-1989,0.09180,4.620,6032,1.9026,1252.13
HD 18015 b,HD 18015,3.87000,13.100,5603,9.4146,123.80
Kepler-211 c,Kepler-211,0.06200,1.290,5123,0.3861,309.35
TOI-1798.02,TOI-1798,0.01079,1.464,5165,0.384,113.18
TOI-4600 b,TOI-4600,0.34900,6.800,5170,0.42,216.06
Kepler-567 b,Kepler-567,0.12290,2.250,5148,0.38971,558.81
TOI-2019 b,TOI-2019,0.12800,5.333,5626,2.759,198.01
Kepler-24 b,Kepler-24,0.08045,2.348,6028,1.1588,1156.81
HD 103774 b,HD 103774,0.07000,13.300,6489,3.4995,56.41
Kepler-161 b,Kepler-161,0.05400,2.120,5078,0.35745,434.63
GJ 3293 d,GJ 3293,0.19394,2.670,3466,0.022,20.19
Kepler-1670 b,Kepler-1670,0.15280,3.356,5838,2.4143,2065.98
K2-225 b,K2-225,0.14090,3.609,5520,2.41,357.78
Kepler-1308 b,Kepler-1308,0.02500,0.520,3468,0.031438,112.70
47 UMa b,47 UMa,2.10000,13.200,5872,1.5769,13.80
HD 142022 A b,HD 142022 A,2.93000,12.900,5421,1.01,34.28
Kepler-24 c,Kepler-24,0.10612,2.514,6028,1.1588,1156.81
Kepler-404 c,Kepler-404,0.11800,1.720,5654,0.46021,812.52
Kepler-1254 b,Kepler-1254,0.08330,1.550,4985,0.2679,622.82
WASP-135 b,WASP-135,0.02430,14.572,5675,0.47236,298.21
HATS-15 b,HATS-15,0.02712,12.386,5311,0.625,1139.55
HD 37124 d,HD 37124,2.80700,14.000,5699,0.77225,31.66
Ross 128 b,Ross 128,0.04960,1.110,3192,0.00362,3.37
WASP-3 b,WASP-3,0.03150,15.917,6400,2.7174,231.16
Kepler-170 c,Kepler-170,0.13100,2.860,5679,0.882,738.66
Kepler-1936 b,Kepler-1936,0.52662,3.166,6501,2.8594,871.10
KELT-1 b,KELT-1,0.02466,12.442,6516,3.5075,268.43
Kepler-640 b,Kepler-640,0.15418,2.560,5653,0.94696,557.79
Kepler-1045 b,Kepler-1045,0.16160,2.690,5301,0.46392,942.49
Kepler-1862 b,Kepler-1862,0.11990,2.203,5644,0.60933,1232.19
HD 103197 b,HD 103197,0.25000,5.830,5250,0.47,57.15
psi1 Dra B b,psi1 Dra B,4.43000,13.500,6212,2.1173,22.72
Kepler-990 b,Kepler-990,0.08595,2.600,5948,0.89119,802.16
Kepler-50 b,Kepler-50,0.07700,1.710,6225,3.4342,250.11
K2-260 b,K2-260,0.04392,18.416,6860,6.14,663.83
WASP-144 b,WASP-144,0.03160,9.528,5200,0.74254,355.51
Kepler-1304 b,Kepler-1304,0.12020,2.290,5259,4.3589,2176.08
Kepler-1128 b,Kepler-1128,0.30200,3.650,5543,0.63702,1083.41
Kepler-1537 b,Kepler-1537,0.02450,1.180,5079,0.37716,517.29
HATS-70 b,HATS-70,0.03632,15.513,7930,12,1458.83
Kepler-1043 b,Kepler-1043,0.21590,2.550,5629,0.8451,903.33
NGTS-35 b,NGTS-35,0.16000,10.900,4717,0.253,183.08
Kepler-368 c,Kepler-368,0.36000,3.880,5502,3.6505,770.98
Kepler-479 b,Kepler-479,0.09636,2.120,5247,0.38992,344.90
Kepler-1404 b,Kepler-1404,0.11430,2.010,5261,0.4261,962.18
Kepler-1987 b,Kepler-1987,0.03180,1.230,4769,0.24193,595.68
K2-99 c,K2-99,1.43000,12.600,6069,7.9299,519.23
Kepler-1085 b,Kepler-1085,0.73361,7.220,6000,1.1986,1364.53
HD 156668 b,HD 156668,0.05000,1.870,4850,1.6982,24.33
TOI-1728 b,TOI-1728,0.03910,5.050,3980,0.087999,60.80
Kepler-28 c,Kepler-28,0.07519,1.857,4499,0.17991,438.36
Kepler-1135 b,Kepler-1135,0.34360,1.850,5656,2.7355,1314.64
HD 30856 b,HD 30856,1.85000,13.500,4895,9.9001,131.20
Kepler-173 c,Kepler-173,0.07400,2.430,6031,1.1848,833.16
TOI-6038 A b,TOI-6038 A,0.06900,6.410,6110,3.41,179.15
SPECULOOS-3 b,SPECULOOS-3,0.00733,0.977,2800,0.00083501,
Kepler-1445 b,Kepler-1445,0.09587,0.960,6150,2.1859,506.36
Kepler-796 b,Kepler-796,0.07317,1.300,5475,3.7354,817.58
WASP-52 b,WASP-52,0.02720,14.240,5000,0.44294,174.82
XO-2 S b,XO-2 S,0.13470,10.900,5325,0.75332,151.40
Kepler-1095 b,Kepler-1095,0.05140,1.210,5658,0.80751,792.52
Kepler-1105 b,Kepler-1105,0.04710,2.010,4299,0.11348,318.00
LP 791-18 d,LP 791-18,0.01992,1.032,2960,0.0023,26.49
TIC 257060897 b,TIC 257060897,0.04922,17.262,5993,4.03,505.70
Kepler-181 b,Kepler-181,0.04000,1.270,5333,0.41804,609.28
Kepler-1748 b,Kepler-1748,0.06150,2.713,5774,0.44716,1083.28
K2-29 b,K2-29,0.04217,13.339,5358,0.50661,178.47
Kepler-1347 b,Kepler-1347,0.10400,1.030,5193,0.40926,321.00
Kepler-336 d,Kepler-336,0.15400,2.370,5867,1.8197,768.86
OGLE-TR-56 b,OGLE-TR-56,0.02383,15.278,6050,2.2387,282.84
Kepler-1616 b,Kepler-1616,0.07318,1.020,6266,4.3429,1137.81
14 And b,14 And,0.77500,13.100,4888,69.17,75.44
xi Aql b,xi Aql,0.62500,13.400,4841,58.54,56.19
Kepler-37 d,Kepler-37,0.21090,2.030,5357,0.47657,63.92
HD 69830 d,HD 69830,0.63000,4.450,5385,0.60256,12.56
TOI-776 b,TOI-776,0.06530,1.798,3725,0.049,27.17
Kepler-719 b,Kepler-719,0.05560,8.520,5777,2.8033,2497.51
HAT-P-28 b,HAT-P-28,0.04340,13.585,5680,1.1298,401.32
TOI-1232 c,TOI-1232,0.19400,8.880,5823,1.183,328.60
Kepler-667 b,Kepler-667,0.22880,4.730,5327,3.605,2302.45
Kepler-772 b,Kepler-772,0.11153,1.820,5714,2.9864,1130.21
Kepler-4 b,Kepler-4,0.04560,4.002,5857,2.2594,487.92
WASP-56 b,WASP-56,0.05614,10.536,5600,1.2664,321.08
Kepler-557 b,Kepler-557,0.04690,2.670,6068,5.3474,2097.12
Kepler-374 c,Kepler-374,0.04200,1.100,5977,1.8808,1265.61
Kepler-186 f,Kepler-186,0.43200,1.170,3755,0.054954,177.59
HD 147513 b,HD 147513,1.32000,13.700,5883,0.97724,12.90
Kepler-351 c,Kepler-351,0.28700,3.190,5643,0.41073,1083.91
HD 93385 d,HD 93385,0.25650,2.890,5977,1.61,43.35
TOI-5007 b,TOI-5007,0.03070,11.074,3793,0.080301,203.35
rho CrB c,rho CrB,0.42060,5.680,5817,1.706,17.47
GPX-1 b,GPX-1,0.03380,16.477,7000,5.33,655.01
EPIC 249893012 b,EPIC 249893012,0.04700,1.950,5430,2.2682,321.30
Kepler-310 d,Kepler-310,0.39200,2.470,5797,0.57632,602.27
Kepler-1585 b,Kepler-1585,0.04450,1.790,5538,0.36852,944.47
HD 23596 b,HD 23596,2.69400,12.400,6040,2.8722,52.00
TOI-6041 b,TOI-6041,0.16510,4.550,5445,0.613,72.47
Kepler-161 c,Kepler-161,0.06800,2.050,5078,0.35745,434.63
Kepler-553 c,Kepler-553,0.89800,11.579,5191,0.53599,728.52
HIP 9618 c,HIP 9618,0.26900,3.429,5649,0.84801,67.55
Kepler-1169 b,Kepler-1169,0.06931,0.940,6191,1.8282,522.82
HD 25015 b,HD 25015,6.24800,12.500,5160,0.4129,37.43
Kepler-861 b,Kepler-861,0.04630,2.280,5047,0.3741,850.33
TOI-269 b,TOI-269,0.03450,2.770,3514,0.022555,57.02
IC 4651 9122 b,IC 4651 9122,2.03800,12.700,4740,43.241,859.32
K2-115 b,K2-115,0.14150,11.803,5870,0.77999,413.59
Kepler-489 b,Kepler-489,0.12109,7.720,5014,0.30338,369.64
Kepler-839 b,Kepler-839,0.23160,2.570,6058,2.7356,944.56
HD 11506 c,HD 11506,0.77100,14.000,6123,2.172,51.26
TOI-5542 b,TOI-5542,0.33200,11.310,5700,11.402,348.85
Kepler-960 b,Kepler-960,0.03807,2.290,4755,0.23502,284.92
Kepler-261 c,Kepler-261,0.15600,2.000,5098,0.33806,317.50
Kepler-348 b,Kepler-348,0.07600,1.520,6177,2.7108,570.78
18 Del b,18 Del,2.47600,12.500,4980,43.02,76.22
HD 208897 b,HD 208897,1.06300,13.700,4860,12.303,67.49
Kepler-1386 b,Kepler-1386,0.06800,1.240,5733,1.0205,835.88
Kepler-528 b,Kepler-528,0.14219,2.080,5807,1.4383,784.23
TOI-5573 b,TOI-5573,0.07120,9.750,3790,0.069299,186.56
HATS-26 b,HATS-26,0.04735,19.616,6071,5.06,861.84
Kepler-1533 b,Kepler-1533,0.93416,3.460,6431,4.5963,966.80
Kepler-102 c,Kepler-102,0.06702,0.567,4909,0.2604,107.80
Kepler-215 e,Kepler-215,0.31400,1.750,5739,0.76348,486.00
Kepler-394 b,Kepler-394,0.08300,1.600,6402,1.131,1058.72
Kepler-820 b,Kepler-820,0.56004,6.090,6260,4.8922,1387.20
K2-259 b,K2-259,0.12710,2.320,6059,1.4693,416.46
Kepler-1942 b,Kepler-1942,0.05160,2.117,5834,0.84105,842.49
Kepler-416 c,Kepler-416,0.10454,2.352,5718,1.0664,690.82
Kepler-401 c,Kepler-401,0.26900,2.150,6117,3.6822,965.56
HD 202206 c,HD 202206,2.41000,12.200,5766,1.0836,45.97
Kepler-769 c,Kepler-769,0.12970,1.790,6186,1.5104,1169.57
Kepler-417 b,Kepler-417,0.10060,2.310,5177,0.3885,973.99
Kepler-1483 b,Kepler-1483,0.09580,1.520,6337,2.4776,1273.78
HD 13931 b,HD 13931,5.15000,13.200,5867,1.57,47.40
Kepler-608 b,Kepler-608,0.06850,3.640,5820,1.0993,946.68
Kepler-59 b,Kepler-59,0.09943,1.100,6074,2.1074,1163.22
GJ 433 b,GJ 433,0.06200,2.330,3461,0.02,9.06
Kepler-193 b,Kepler-193,0.10600,2.390,6335,1.2577,1009.10
Kepler-888 b,Kepler-888,0.31481,1.760,5875,0.90534,420.82
NGTS-3 A b,NGTS-3 A,0.02300,16.589,5600,0.71779,743.97
Kepler-1972 b,Kepler-1972,0.08006,0.802,5818,1.97,287.34
HD 86065 b,HD 86065,15.94700,12.500,4928,0.32344,40.37
Kepler-799 c,Kepler-799,0.12140,2.781,5588,2.2336,1509.08
HD 171028 b,HD 171028,1.32000,13.200,5671,5.4064,111.66
Kepler-228 d,Kepler-228,0.10100,4.040,6043,1.2917,1644.61
HIP 19976 b,HIP 19976,0.23400,4.940,4316,0.18647,40.27
HD 89744 b,HD 89744,0.91700,12.600,6291,6.2487,38.64
HD 96992 b,HD 96992,1.24000,13.700,4725,29.512,396.08
Kepler-1875 b,Kepler-1875,0.20390,3.227,6161,2.5504,1660.45
Kepler-326 d,Kepler-326,0.06600,1.210,5105,0.69732,487.68
bet Pic b,bet Pic,10.07000,18.495,8039,8.9706,19.74
Kepler-1642 b,Kepler-1642,0.10160,3.200,5355,0.39399,413.87
K2-355 b,K2-355,0.06320,2.250,5790,0.76798,500.50
Kepler-125 c,Kepler-125,0.05100,0.740,3810,0.047,183.37
HD 33142 c,HD 33142,1.95500,13.900,5025,10.01,121.38
Kepler-174 c,Kepler-174,0.21400,1.490,4880,0.26891,384.76
K2-162 b,K2-162,0.07950,1.440,4842,0.22034,124.43
WASP-1 b,WASP-1,0.03889,16.623,6110,2.76,393.07
Wendelstein-1 b,Wendelstein-1,0.02820,11.561,4251,0.11543,305.30
Kepler-1752 b,Kepler-1752,0.26980,4.541,5446,0.39977,962.89
KOI-351 f,KOI-351,0.48000,2.880,6080,1.8558,848.25
K2-138 d,K2-138,0.05893,2.390,5356,0.51696,202.59
Kepler-1615 b,Kepler-1615,0.27880,2.060,5865,2.4504,1393.83
Kepler-1289 b,Kepler-1289,0.07850,1.520,6080,1.4465,1053.57
HD 34445 g,HD 34445,6.36000,13.600,5836,2.01,46.09
WASP-41 b,WASP-41,0.04022,12.330,5545,0.63809,163.37
TOI-1136 d,TOI-1136,0.10620,4.627,5770,0.94,84.54
Kepler-327 d,Kepler-327,0.09000,1.730,3799,0.055,241.99
Kepler-722 c,Kepler-722,0.44710,2.820,5863,0.91363,1239.50
K2-415 b,K2-415,0.02700,1.015,3173,0.00351,21.82
TOI-1803 b,TOI-1803,0.06000,2.990,4687,0.222,119.24
HD 203030 b,HD 203030,487.10000,14.460,5603,0.59265,39.25
HD 164922 b,HD 164922,2.16000,13.300,5390,0.71,22.00
TOI-2485 b,TOI-2485,0.10930,12.139,6016,3.31,397.95
HATS-28 b,HATS-28,0.04131,13.384,5498,0.696,535.38
Kepler-1186 b,Kepler-1186,0.12810,2.230,5635,1.158,1337.25
Kepler-618 b,Kepler-618,0.04490,2.600,5860,1.49,1221.96
WASP-192 b,WASP-192,0.04080,13.787,5910,1.9144,508.88
Kepler-342 d,Kepler-342,0.24200,2.490,6175,2.8409,781.61
HD 108236 b,HD 108236,0.04527,1.615,5660,0.70799,64.60
TOI-1758 b,TOI-1758,0.14141,3.620,5169,0.424,96.62
HD 98649 b,HD 98649,5.97000,12.500,5759,0.96801,42.17
HR 858 d,HR 858,0.10460,2.001,6354,2.31,31.96
HD 59686 A b,HD 59686 A,1.08600,12.700,4658,66.322,89.27
Kepler-979 b,Kepler-979,0.07530,2.720,5310,0.47912,576.50
TOI-1135 b,TOI-1135,0.08150,9.920,6320,2.08,114.05
TOI-270 b,TOI-270,0.03197,1.280,3506,0.0194,22.48
TOI-2193 A b,TOI-2193 A,0.03319,19.840,5966,1.779,337.06
Kepler-1492 b,Kepler-1492,0.12620,1.490,4712,0.17606,331.55
K2-16 b,K2-16,0.06670,2.020,4742,0.17345,334.97
HATS-74 A b,HATS-74 A,0.02384,11.568,3777,0.060799,299.39
TOI-4479 b,TOI-4479,0.01640,2.820,3400,0.02487,80.65
Kepler-222 d,Kepler-222,0.18000,3.690,5433,0.45937,758.85
Kepler-1568 b,Kepler-1568,0.15157,1.300,5956,1.8104,916.31
Kepler-1207 b,Kepler-1207,0.11560,1.620,5909,4.344,1754.19
HATS-23 b,HATS-23,0.03397,20.849,5780,1.43,639.00
Kepler-1636 b,Kepler-1636,1.12191,3.230,5797,1.7248,1947.54
K2-52 b,K2-52,0.05400,18.000,7147,1.0642,1038.41
Kepler-1822 b,Kepler-1822,0.14160,2.648,5165,0.5181,897.60
HD 28678 b,HD 28678,1.18000,13.500,4972,22.9,189.91
HD 189733 b,HD 189733,0.03126,12.666,5052,0.34579,19.76
Kepler-164 c,Kepler-164,0.09700,2.730,5888,1.2969,890.76
HD 20781 b,HD 20781,0.05290,1.210,5256,0.49,35.97
Kepler-712 b,Kepler-712,0.13615,3.410,5148,0.32815,872.49
Kepler-208 c,Kepler-208,0.07900,1.390,6092,2.0376,775.33
K2-192 b,K2-192,0.04900,1.520,5222,0.4363,221.75
Kepler-1123 b,Kepler-1123,0.04970,1.670,5500,0.50752,704.32
HD 114082 b,HD 114082,0.51090,11.209,6651,3.83,95.39
TOI-1238 b,TOI-1238,0.01390,1.210,4089,0.082701,70.71
K2-282 b,K2-282,0.04990,2.500,5499,0.61006,496.29
HD 121504 b,HD 121504,0.33000,13.600,6027,1.5488,41.66
Kepler-38 b,Kepler-38,0.46320,4.300,5623,3.1018,1174.59
WASP-133 b,WASP-133,0.03450,13.563,5700,2.0205,559.08
HAT-P-1 b,HAT-P-1,0.05561,14.785,5980,1.6774,158.98
TIC 46432937 b,TIC 46432937,0.02065,13.316,3572,0.0412,90.54
Kepler-255 d,Kepler-255,0.01920,1.320,5431,0.65598,1052.53
HD 63454 b,HD 63454,0.04000,12.310,4812,0.25586,37.69
HD 6718 b,HD 6718,3.53000,13.300,5746,1.1301,51.34
Kepler-167 b,Kepler-167,0.04825,1.718,4884,0.289,341.91
Kepler-483 b,Kepler-483,0.19471,3.210,6346,2.7466,860.36
BD+20 594 b,BD+20 594,0.24100,2.578,5766,0.87999,179.46
TYC 0434-04538-1 b,TYC 0434-04538-1,0.66000,12.700,4679,46.774,613.42
Kepler-1243 b,Kepler-1243,0.12560,1.750,5667,0.57072,758.17
HD 73534 b,HD 73534,2.99000,13.700,4917,3.3266,83.33
Kepler-1494 b,Kepler-1494,0.39820,3.070,5659,1.1995,1285.48
Kepler-186 e,Kepler-186,0.11000,1.270,3788,0.04121,177.59
24 Sex c,24 Sex,2.08000,13.900,5098,14.588,72.07
TIC 87422071 b,TIC 87422071,0.10600,10.862,6150,2.8,384.76
GJ 3988 b,GJ 3988,0.04050,1.740,3273,0.004026,9.91
HD 9446 c,HD 9446,0.65400,13.400,5793,1.1,50.35
HD 35843 b,HD 35843,0.08800,2.290,5666,0.75,69.60
Kepler-116 b,Kepler-116,0.06900,3.420,6142,2.6347,955.17
K2-284 b,K2-284,0.04771,2.780,4140,0.097,107.27
LP 714-47 b,LP 714-47,0.04170,4.700,3950,0.075,52.62
Kepler-1958 b,Kepler-1958,0.08560,2.051,5749,0.99788,1320.38
HD 152581 b,HD 152581,1.66000,13.400,5027,14.9,165.76
Kepler-74 b,Kepler-74,0.07810,10.760,6000,2.1483,1177.55
Kepler-87 c,Kepler-87,0.67600,6.140,5600,2.1186,1232.90
Kepler-812 b,Kepler-812,0.10240,3.550,6761,5.6485,1482.74
Kepler-80 e,Kepler-80,0.04910,1.600,4540,0.17,369.45
TOI-2266 b,TOI-2266,0.02000,1.540,3200,0.0068052,51.60
WASP-23 b,WASP-23,0.03760,10.783,5150,0.41996,207.49
Kepler-1265 b,Kepler-1265,0.06120,1.350,4630,0.19951,583.64
NGTS-1 b,NGTS-1,0.03260,14.908,3916,0.070265,218.12
Kepler-686 b,Kepler-686,0.02580,12.150,5649,1.2821,1490.94
Kepler-1187 b,Kepler-1187,0.14010,2.610,5975,1.3673,1020.53
Kepler-164 e,Kepler-164,0.40250,4.240,5888,1.2969,890.76
Kepler-184 b,Kepler-184,0.09200,2.360,5788,0.59554,610.33
HD 332231 b,HD 332231,0.14500,9.073,6128,2.032,80.67
TOI-1199 b,TOI-1199,0.04988,10.514,5710,2.015,248.43
TOI-4961 b,TOI-4961,0.07260,12.341,5380,0.629,213.07
Kepler-75 b,Kepler-75,0.08180,11.770,5200,0.60972,835.36
HD 39091 b,HD 39091,3.28000,12.300,5998,1.444,18.27
HAT-P-3 b,HAT-P-3,0.03866,10.536,5185,0.43652,134.55
HD 30562 b,HD 30562,2.34000,13.600,5882,2.8184,26.16
Kepler-233 c,Kepler-233,0.28700,2.710,5360,0.47039,856.42
BD-10 3166 b,BD-10 3166,0.04000,14.100,5393,0.64387,84.41
HAT-P-11 c,HAT-P-11,4.10000,13.200,4653,0.27101,37.76
Kepler-1834 c,Kepler-1834,0.01500,1.220,4821,0.26508,500.39
Kepler-207 c,Kepler-207,0.04400,1.500,5920,3.4222,875.52
Kepler-118 c,Kepler-118,0.14100,7.680,5274,0.4194,574.23
HATS-55 b,HATS-55,0.05412,14.022,6214,1.694,609.84
Kepler-822 b,Kepler-822,0.04078,1.770,5928,0.98867,860.39
Kepler-292 e,Kepler-292,0.09700,2.670,5299,0.46035,1056.48
Kepler-444 e,Kepler-444,0.06960,0.546,5046,0.37623,36.44
bet Pic d,bet Pic,26.00000,14.123,8039,8.9706,19.74
HD 183263 c,HD 183263,5.58500,12.500,5948,1.7793,54.20
Kepler-654 b,Kepler-654,0.11664,2.070,5865,2.8987,974.12
91 Aqr b,91 Aqr,0.70000,13.100,4665,49.248,44.03
Kepler-864 b,Kepler-864,0.06870,2.400,5754,1.6136,2022.90
Kepler-1628 b,Kepler-1628,0.29520,6.430,3724,0.046774,352.00
Kepler-944 b,Kepler-944,0.22880,2.630,5409,0.83605,1349.43
HD 181720 b,HD 181720,1.85000,14.000,5736,1.9409,60.20
Kepler-322 b,Kepler-322,0.02700,1.010,5388,0.51539,400.48
Kepler-1394 b,Kepler-1394,0.05474,1.390,6481,6.4725,640.41
HD 109246 b,HD 109246,0.33000,13.900,5844,1.2597,67.83
Kepler-1672 b,Kepler-1672,0.55374,2.970,6132,1.5089,391.18
Kepler-1744 b,Kepler-1744,0.20945,3.768,5986,0.79842,1091.63
TOI-4515 b,TOI-4515,0.11800,12.170,5433,0.58101,193.50
Ross 176 b,Ross 176,0.04640,1.840,4041,0.07782,46.45
CoRoT-31 b,CoRoT-31,0.05860,16.365,5700,2.4991,2005.76
TOI-1775 b,TOI-1775,0.08000,8.047,5284,0.483,149.23
HAT-P-18 b,HAT-P-18,0.05590,11.153,4803,0.26977,161.40
Kepler-129 c,Kepler-129,0.39000,2.520,5770,2.9084,408.85
Kepler-1267 b,Kepler-1267,0.10570,3.010,6096,1.0058,1379.43
Kepler-1795 b,Kepler-1795,0.10020,1.663,4500,0.17498,
Kepler-903 c,Kepler-903,0.30249,2.530,5682,2.3155,1369.24
K2-312 c,HD 80653,1.96100,12.800,5959,1.7378,109.86
GJ 3293 c,GJ 3293,0.36175,4.870,3466,0.022,20.19
TOI-5713 b,TOI-5713,0.06008,1.770,3225,0.00874,40.87
2MASS J03590986+2009361 b,2MASS J03590986+2009361,572.00000,12.200,2943,0.0056752,117.44
K2-285 b,K2-285,0.03817,2.590,4975,0.37859,154.96
TOI-4184 b,TOI-4184,0.03360,2.430,3238,0.00544,69.36
Kepler-220 c,Kepler-220,0.07600,1.570,4632,0.21089,171.11
Kepler-880 b,Kepler-880,0.09150,2.660,6761,4.6348,601.32
HD 35843 c,HD 35843,0.25000,2.540,5666,0.75,69.60
HATS-68 b,HATS-68,0.05071,13.809,6147,3.91,603.96
Kepler-324 b,Kepler-324,0.05000,1.140,5194,0.49176,501.57
Kepler-1547 b,Kepler-1547,0.01556,0.900,6078,1.6689,674.70
Kepler-116 c,Kepler-116,0.11600,2.300,6142,2.6347,955.17
Kepler-1076 b,Kepler-1076,0.06110,0.800,4868,0.27733,199.00
nu Oph b,nu Oph,1.76500,12.000,4887,78.48,46.21
Kepler-170 b,Kepler-170,0.08000,3.200,5679,0.882,738.66
HD 134987 c,HD 134987,5.80000,13.900,5585,1.8,26.18
Kepler-530 b,Kepler-530,0.21491,3.010,5697,0.73711,457.71
Kepler-1596 b,Kepler-1596,0.32370,1.900,5706,2.6953,2146.23
Kepler-396 c,Kepler-396,0.38946,5.300,5656,0.73348,223.76
WASP-88 b,WASP-88,0.06431,16.365,6430,5.2907,523.76
Kepler-1438 b,Kepler-1438,0.03460,0.940,5530,1.326,1154.13
GJ 15 A b,GJ 15 A,0.07200,1.550,3607,0.022131,3.56
TOI-157 b,TOI-157,0.03138,14.415,5404,1.047,355.68
K2-114 b,K2-114,0.09440,10.592,4899,0.36,475.76
Kepler-100 b,Kepler-100,0.07309,1.340,5837,2.48,304.64
tau Gem b,tau Gem,1.17000,12.100,4388,330.33,112.54
Kepler-265 c,Kepler-265,0.12700,2.630,5835,1.0127,1280.25
Kepler-1921 c,Kepler-1921,0.04540,1.410,6120,6.4009,928.99
CoRoT-19 b,CoRoT-19,0.05180,14.460,6090,3.4995,790.66
HD 110537 b,HD 110537,16.71400,11.900,5718,1.31,45.09
Kepler-788 b,Kepler-788,0.08350,2.550,6159,2.1685,1775.80
WASP-69 b,WASP-69,0.04530,11.210,4792,0.33,49.96
Kepler-336 b,Kepler-336,0.03300,1.020,5867,1.8197,768.86
HIP 48714 b,HIP 48714,0.11200,5.110,4016,0.06988,10.53
Kepler-154 b,Kepler-154,0.19800,2.260,5690,1.0795,915.21
Kepler-1225 b,Kepler-1225,0.07710,1.820,6140,2.1522,1347.52
Kepler-1708 b,Kepler-1708,1.64000,9.960,6157,1.5205,1666.69
Kepler-332 c,Kepler-332,0.11400,1.090,4955,0.2608,344.19
WASP-173 A b,WASP-173 A,0.02480,13.451,5800,1.21,232.98
TOI-4010 b,TOI-4010,0.02290,3.020,4960,0.39847,177.50
WASP-71 b,WASP-71,0.04600,13.227,6050,5.8675,362.71
Kepler-66 b,Kepler-66,0.13520,2.800,5962,1.1249,1202.96
Kepler-755 b,Kepler-755,0.02156,1.760,5043,0.34943,399.03
Kepler-1785 b,Kepler-1785,0.13917,2.704,5618,1.0071,745.74
GJ 9773 b,GJ 9773,2.92100,14.200,3528,0.018337,15.92
Kepler-247 d,Kepler-247,0.14000,3.940,5100,0.37875,663.71
Kepler-1552 b,Kepler-1552,0.60110,2.470,5202,0.62891,769.10
Kepler-549 c,Kepler-549,0.45332,2.930,5360,0.49411,635.14
Kepler-130 d,Kepler-130,0.37700,1.640,5884,1.5787,316.66
HD 24040 c,HD 24040,1.30000,9.350,5776,1.8866,46.62
Kepler-304 b,Kepler-304,0.03900,2.860,4731,0.21797,434.68
TOI-1416 b,TOI-1416,0.01900,1.620,4884,0.34667,55.01
Kepler-2000 b,Kepler-2000,0.05620,2.730,3757,0.088569,320.59
Kepler-327 c,Kepler-327,0.04700,1.030,3799,0.055,241.99
LSPM J2116+0234 b,LSPM J2116+0234,0.08760,3.710,3475,0.02,17.63
Kepler-1371 c,Kepler-1371,0.02937,0.640,5361,0.63345,515.33
BD+20 274 b,BD+20 274,1.30000,13.000,4296,91.201,1322.51
Kepler-538 b,Kepler-538,0.35540,2.215,5534,0.66241,155.96
HD 189567 c,HD 189567,0.19700,2.540,5726,2.11,17.91
HAT-P-62 b,HAT-P-62,0.03772,12.027,5629,1.232,348.81
Kepler-443 b,Kepler-443,0.49500,2.330,4723,0.21677,802.27
TOI-530 b,TOI-530,0.05200,9.303,3659,0.049,148.76
GJ 676 A b,GJ 676 A,1.73500,12.800,3734,0.090676,16.03
WASP-175 b,WASP-175,0.04403,13.540,6229,6.1492,539.36
Kepler-127 c,Kepler-127,0.20000,2.660,6106,2.5498,352.79
HD 1605 c,HD 1605,3.58400,13.000,4915,6.4565,88.80
HIP 14810 b,HIP 14810,0.06960,13.000,5544,0.97724,50.48
LHS 1678 b,LHS 1678,0.01239,0.685,3490,0.0145,19.88
Kepler-42 b,Kepler-42,0.01160,0.780,3068,0.0023988,40.06
HD 141937 b,HD 141937,1.54000,12.400,5870,1.052,33.36
TOI-1518 b,TOI-1518,0.03712,21.050,7299,9.6401,225.89
Kepler-388 b,Kepler-388,0.03600,0.810,4498,0.36365,425.00
TOI-2458 c,TOI-2458,0.12900,3.180,6005,2.1942,112.96
HD 18599 b,HD 18599,0.04800,2.600,5145,0.372,38.57
Kepler-1301 b,Kepler-1301,0.08150,1.400,5188,0.45063,854.28
HD 73583 b,HD 73583,0.06040,2.790,4511,0.1802,31.57
Kepler-784 c,Kepler-784,0.13090,1.550,5676,7.1933,1303.72
Kepler-1216 b,Kepler-1216,0.05190,1.390,5743,1.1828,1258.36
Kepler-149 c,Kepler-149,0.28100,1.610,5381,0.75982,571.03
HD 33142 d,HD 33142,0.45200,9.320,5025,10.01,121.38
Kepler-1896 b,Kepler-1896,0.25290,3.099,6122,1.4922,1732.91
TOI-5218 b,TOI-5218,0.04690,9.860,4230,0.15,377.48
Kepler-653 b,Kepler-653,0.11945,1.950,5665,1.3144,595.63
TOI-771 c,TOI-771,0.04600,1.500,3370,0.0062599,25.28
Kepler-714 b,Kepler-714,0.08320,9.670,5995,2.8834,2083.37
Kepler-1458 b,Kepler-1458,0.24869,2.760,5653,0.57502,544.45
TOI-4364 b,TOI-4364,0.04753,2.010,3528,0.03075,43.97
K2-57 b,K2-57,0.07520,2.309,4413,0.1541,264.21
Kepler-481 b,Kepler-481,0.08926,2.500,5802,1.6116,813.72
Kepler-1419 b,Kepler-1419,0.23910,2.860,5796,1.1023,1498.58
HD 95338 b,HD 95338,0.26200,4.272,5097,0.49,36.99
Kepler-1112 b,Kepler-1112,0.12390,3.020,6496,3.4853,1671.28
Kepler-345 c,Kepler-345,0.07700,1.200,4504,0.31964,260.00
KOI-142 c,KOI-142,0.15412,14.000,5466,0.6838,376.86
HD 148427 b,HD 148427,1.11000,13.700,5025,6.0256,71.35
Kepler-271 c,Kepler-271,0.06993,0.950,5555,0.55823,404.54
Pr0211 b,Pr0211,0.03176,13.400,5300,0.46129,182.71
Kepler-372 c,Kepler-372,0.15400,2.090,6509,2.0928,1493.95
Kepler-338 c,Kepler-338,0.17200,2.340,5923,3.8521,552.80
GJ 3998 c,GJ 3998,0.09000,2.500,3726,0.043853,18.15
HD 137388 b,HD 137388,0.89000,9.320,5181,0.46,40.48
Kepler-1673 b,Kepler-1673,0.21363,2.936,6015,1.5103,727.19
Kepler-1868 b,Kepler-1868,0.62348,3.150,4658,0.21753,274.18
HD 87883 b,HD 87883,3.77000,12.700,4980,0.338,18.29
Kepler-740 b,Kepler-740,0.04620,4.570,5438,0.75391,1442.02
Kepler-1322 c,Kepler-1322,0.06520,2.155,5704,0.79336,1350.32
HD 63935 b,HD 63935,0.08300,2.916,5513,0.768,48.97
Kepler-379 b,Kepler-379,0.15200,1.660,6054,1.9034,731.27
HD 216435 b,HD 216435,2.56000,13.700,5999,3.6049,32.98
HATS-76 b,HATS-76,0.02658,12.094,4016,0.091601,385.69
Kepler-1211 b,Kepler-1211,0.09763,2.550,5705,1.3629,1826.53
HAT-P-33 b,HAT-P-33,0.04995,20.737,6446,4.1495,396.11
HD 12235 c,HD 12235,22.21000,12.500,5986,3.7556,31.76
CoRoT-26 b,CoRoT-26,0.05260,14.120,5590,2.8249,1045.18
Kepler-1161 b,Kepler-1161,0.07840,2.130,4253,0.22226,547.73
Kepler-224 e,Kepler-224,0.12400,1.970,5018,0.30588,782.09
mu Leo b,mu Leo,1.10000,13.300,4538,62.661,32.61
WASP-176 b,WASP-176,0.05350,16.870,5941,4.1355,568.42
WASP-65 b,WASP-65,0.03340,12.464,5600,1.1349,273.70
HD 60292 b,HD 60292,1.50000,12.700,4348,247.8,315.21
HD 2685 b,HD 2685,0.05680,16.141,6801,4.66,196.85
HIP 12961 b,HIP 12961,0.25000,13.200,3901,0.099307,23.37
K2-53 b,K2-53,0.09800,2.600,5263,0.26375,138.02
WASP-117 b,WASP-117,0.09459,11.882,6040,1.8799,157.96
Kepler-363 d,Kepler-363,0.10700,2.050,5593,2.3155,762.60
K2-37 b,K2-37,0.05105,1.390,5352,0.39086,179.94
Kepler-12 b,Kepler-12,0.05530,19.661,5947,2.814,881.39
Kepler-1594 b,Kepler-1594,0.03960,1.060,5946,0.99926,976.87
HD 4917 b,HD 4917,1.16700,13.500,4802,28.57,204.28
HIP 65407 b,HIP 65407,0.17700,14.300,5460,0.65158,61.78
Kepler-1149 b,Kepler-1149,0.04730,1.440,5833,1.4637,1217.73
Gaia-1 b,Gaia-1,0.04047,13.776,5470,0.69375,363.66
Kepler-1527 b,Kepler-1527,0.62760,4.770,6224,3.0354,1842.13
Kepler-986 b,Kepler-986,0.29131,2.360,5642,0.89778,548.36
Kepler-1070 b,Kepler-1070,0.06753,1.730,6261,1.9269,939.00
TOI-2109 b,TOI-2109,0.01791,15.098,6540,4.71,262.04
HD 31527 b,HD 31527,0.12540,3.220,5898,1.2,38.45
Kepler-286 d,Kepler-286,0.06100,1.330,5580,0.76519,1226.85
Kepler-1141 b,Kepler-1141,0.03496,0.820,5791,1.4292,393.64
Kepler-1980 b,Kepler-1980,0.20490,2.210,5819,1.6748,1709.40
Kepler-733 b,Kepler-733,0.14830,2.820,5418,0.50367,916.71
LTT 3780 c,LTT 3780,0.07570,2.390,3358,0.0165,21.98
Kepler-1845 b,Kepler-1845,0.08850,2.438,4703,0.26414,710.72
HD 168443 b,HD 168443,0.29200,12.600,5491,2.4125,39.62
TOI-5938 b,TOI-5938,0.03080,3.820,4650,0.19502,114.03
TOI-561 e,TOI-561,0.33000,2.517,5342,0.522,85.80
Kepler-1034 b,Kepler-1034,0.09650,2.260,5198,0.36407,654.55
Kepler-1286 b,Kepler-1286,0.09910,2.150,5753,1.3434,1354.46
K2-189 b,K2-189,0.03610,1.403,5442,0.60457,242.11
HD 13724 c,HD 13724,0.53400,8.180,5835,1.1341,43.47
Kepler-643 b,Kepler-643,0.13485,10.160,4908,3.0073,1063.58
CoRoT-7 c,CoRoT-7,0.04600,2.830,5256,0.51359,159.91
Kepler-51 b,Kepler-51,0.25140,7.100,6018,0.72161,783.83
Kepler-318 b,Kepler-318,0.05600,4.710,5746,1.0091,489.14
HD 185269 b,HD 185269,0.07700,13.800,5923,4.9388,51.99
Kepler-47 b,Kepler-47,0.28770,3.050,5636,0.83946,1025.02
HD 156098 b,HD 156098,0.16700,4.120,6419,11.629,48.25
HD 190007 b,HD 190007,0.09200,4.060,4610,0.20893,12.71
TOI-2095 c,TOI-2095,0.13700,1.330,3759,0.03476,41.92
HD 155358 c,HD 155358,1.02000,13.900,5900,1.9929,43.62
Kepler-1603 b,Kepler-1603,0.03510,1.290,6241,5.0757,2712.58
Kepler-732 b,Kepler-732,0.06910,2.180,3631,0.04217,174.83
HATS-27 b,HATS-27,0.06110,16.814,6438,4.67,816.99
HD 32963 b,HD 32963,3.41000,13.400,5727,1.1587,38.08
Kepler-1860 b,Kepler-1860,0.10625,1.139,5420,0.65931,438.70
HD 29399 b,HD 29399,1.91300,13.500,4845,10.04,44.15
XO-3 b,XO-3,0.04815,14.796,6970,4.9201,213.05
Kepler-1040 b,Kepler-1040,0.67249,2.080,5694,0.90417,482.12
TOI-5882 b,TOI-5882,0.08040,11.467,5920,5.67,416.10
KOI-134 c,KOI-134,0.23050,9.860,6160,4.2,1159.21
HD 110067 e,HD 110067,0.17850,1.940,5266,0.43427,32.16
Kepler-542 b,Kepler-542,0.10703,1.570,5526,0.75535,436.02
Kepler-1683 b,Kepler-1683,0.11820,1.875,5429,0.63441,733.14
HD 23472 c,HD 23472,0.16460,1.870,4684,0.237,39.03
Kepler-285 c,Kepler-285,0.06400,1.120,5411,0.52574,824.31
HD 17092 b,HD 17092,1.31000,12.500,4326,56.968,228.42
Kepler-339 c,Kepler-339,0.06900,1.150,5631,0.48616,616.64
Kepler-310 c,Kepler-310,0.28100,3.380,5797,0.57632,602.27
HD 1690 b,HD 1690,1.36000,12.500,4374,33.1,752.62
Kepler-1398 b,Kepler-1398,0.03909,0.900,6126,2.0517,852.20
NGTS-8 b,NGTS-8,0.03500,12.218,5241,0.61669,428.98
HD 3765 b,HD 3765,2.10800,8.560,5050,0.38341,17.93
KOBE-1 c,KOBE-1,0.16071,3.560,4135,0.10098,23.97
TOI-6420 b,TOI-6420,0.07530,11.938,6020,2.05,634.71
Kepler-970 b,Kepler-970,0.13900,2.609,4290,0.168,331.55
TOI-5388.01,TOI-5388,0.02434,0.990,3440,0.01134,18.52
HD 45364 c,HD 45364,0.90200,14.200,5466,0.637,34.35
HAT-P-70 b,HAT-P-70,0.04739,20.961,8450,16.7,330.74
Kepler-69 c,Kepler-69,0.64000,1.710,5638,0.79983,730.62
HD 218566 b,HD 218566,0.69000,9.320,4730,0.353,28.83
Kepler-454 b,Kepler-454,0.09528,2.370,5687,1.1287,230.87
BD+63 1405 b,BD+63 1405,2.06000,12.400,5000,0.38641,38.05
Kepler-311 c,Kepler-311,0.14500,1.430,5905,1.5606,778.65
Kepler-943 b,Kepler-943,0.25590,5.930,5612,2.5513,2300.53
HD 113538 c,HD 113538,2.44000,13.800,4462,0.089999,16.28
Kepler-836 b,Kepler-836,0.10130,2.730,5895,1.119,980.03
TOI-122 b,TOI-122,0.03920,2.720,3403,0.014,62.12
GJ 900 b,GJ 900 A,12000.00000,12.400,3976,0.11995,20.81
Kepler-223 c,Kepler-223,0.09117,3.440,5803,2.3511,1859.71
Kepler-137 b,Kepler-137,0.07700,1.470,5187,0.51011,302.98
HD 27894 c,HD 27894,0.19800,8.240,4875,0.35563,43.82
TOI-5076 b,TOI-5076,0.14810,3.489,4780,0.336,82.86
KOI-94 c,KOI-94,0.10130,4.320,6182,3.013,477.05
HATS-52 b,HATS-52,0.02498,15.491,6010,1.17,555.13
K2-241 b,K2-241,0.15670,2.550,5262,0.35803,149.46
Kepler-250 d,Kepler-250,0.12700,2.180,5160,0.34907,760.59
LHS 3844 b,LHS 3844,0.00624,1.286,3080,0.00272,14.88
HD 240237 b,HD 240237,1.92000,12.200,3926,309.03,933.38
TOI-1601 b,TOI-1601,0.06900,14.199,5982,5.594,336.61
Kepler-1298 b,Kepler-1298,0.08140,1.310,6339,6.9154,544.16
HD 4732 b,HD 4732,1.12900,13.400,4898,13.13,54.78
TOI-237 b,TOI-237,0.03410,1.440,3212,0.0041,38.07
HATS-48 A b,HATS-48 A,0.03769,8.967,4546,0.1955,263.61
TOI-1694 b,TOI-1694,0.04450,5.270,5005,0.381,124.68
K2-155 c,K2-155,0.09460,2.600,4258,0.059,72.80
Kepler-289 b,Kepler-289,0.21183,2.490,5990,1.1508,704.44
HIP 109600 b,HIP 109600,0.70600,13.200,5530,0.8342,66.34
HAT-P-44 b,HAT-P-44,0.05070,13.922,5295,0.63973,347.85
eps Ind A b,eps Ind A,15.76000,12.700,4700,0.239,3.64
Kepler-407 b,Kepler-407,0.01531,1.190,5487,0.77999,338.37
HD 48265 b,HD 48265,1.81400,12.600,5733,3.84,90.54
Kepler-263 b,Kepler-263,0.12000,2.670,5265,0.34983,754.75
Kepler-1219 b,Kepler-1219,0.14146,2.120,5944,8.424,880.89
Kepler-9 b,Kepler-9,0.14300,8.290,5774,0.91622,628.26
TOI-836.01,TOI-836,0.07500,2.587,4552,0.14036,27.50
Kepler-1574 b,Kepler-1574,0.07430,1.290,5892,1.4323,1384.16
Kepler-1411 b,Kepler-1411,0.40010,2.820,5664,1.0985,1660.48
TOI-3353.01,TOI-3353,0.06012,2.667,6365,0.94102,78.76
TOI-2180 b,TOI-2180,0.82800,11.321,5695,2.544,116.69
61 Vir c,61 Vir,0.21750,4.460,5577,0.80353,8.50
Kepler-1050 c,Kepler-1050,0.15264,1.480,6010,1.1447,490.49
Kepler-1306 b,Kepler-1306,0.12300,1.910,5727,0.86411,1107.50
K2-285 c,K2-285,0.08240,3.530,4975,0.37859,154.96
Kepler-201 c,Kepler-201,0.57300,2.850,6065,2.2293,636.45
K2-291 b,K2-291,0.03261,1.589,5520,0.68199,90.06
HD 220773 b,HD 220773,4.94000,13.600,5940,3.1475,50.51
BD-11 4672 b,BD-11 4672,2.36000,14.100,4550,0.157,27.17
TOI-169 b,TOI-169,0.03524,12.173,5880,1.789,407.84
Kepler-1564 b,Kepler-1564,0.13270,1.470,5528,0.73222,908.80
GJ 536 c,GJ 536,0.16170,2.300,3641,0.04437,10.41
K2-243 c,K2-243,0.18170,2.010,6570,2.6715,266.86
Kepler-332 d,Kepler-332,0.18900,1.180,4955,0.2608,344.19
Kepler-26 c,Kepler-26,0.10725,2.720,3914,0.087,335.31
Kepler-102 f,Kepler-102,0.16560,0.861,4909,0.2604,107.80
Kepler-1147 b,Kepler-1147,0.09610,2.610,5941,1.7193,1657.36
Kepler-10 b,Kepler-10,0.01685,1.470,5708,1.1341,185.51
HD 94834 b,HD 94834,2.74000,13.700,4798,9.8403,98.16
Kepler-271 d,Kepler-271,0.05554,0.660,5555,0.55823,404.54
TOI-1233.01,HD 108236,0.10740,2.539,5660,0.70799,64.60
K2-292 b,K2-292,0.13000,2.630,5725,1.2375,114.29
K2-157 c,K2-157,0.16500,6.080,5334,0.61631,298.37
Kepler-736 b,Kepler-736,0.04280,2.930,5217,0.44685,1005.43
HD 221585 b,HD 221585,2.30600,13.500,5620,2.64,55.85
XO-2 N b,XO-2 N,0.03666,11.131,5290,0.81615,154.27
4 UMa b,4 UMa,0.87700,12.600,4415,115.44,73.46
Kepler-1318 b,Kepler-1318,0.60850,3.110,4598,0.18625,475.25
K2-69 b,K2-69,0.05910,2.320,4127,0.044044,180.70
HD 43197 c,HD 43197,8.54000,12.600,5508,0.72946,62.41
TOI-712 d,TOI-712,0.34050,2.474,4622,0.1871,58.62
NGTS-18 b,NGTS-18,0.04480,13.563,5610,1.8634,1096.19
Kepler-1046 b,Kepler-1046,0.11858,1.710,5913,1.1596,721.53
Kepler-1361 b,Kepler-1361,0.04304,0.860,5131,0.36583,389.14
Kepler-1454 b,Kepler-1454,0.24470,1.880,5448,0.55579,780.57
K2-58 b,K2-58,0.06920,2.680,5413,0.40028,181.75
Kepler-301 c,Kepler-301,0.06000,1.350,5815,0.83247,719.17
K2-229 b,K2-229,0.01310,1.000,5315,0.40861,102.56
Kepler-536 b,Kepler-536,0.02835,3.100,5524,0.6103,462.32
Kepler-971 b,Kepler-971,0.08679,2.130,5431,0.50265,338.52
Kepler-1148 b,Kepler-1148,0.01880,1.690,5054,0.29441,625.69
Kepler-1927 b,Kepler-1927,0.38733,3.406,6056,5.9432,1091.00
TOI-5293 A b,TOI-5293 A,0.03400,11.900,3586,0.042253,162.23
Kepler-619 b,Kepler-619,0.06014,3.160,5980,0.91197,900.68
Kepler-844 b,Kepler-844,0.02980,1.680,4128,0.12,431.78
K2-99 b,K2-99,0.15300,11.882,6069,7.9299,519.23
Kepler-124 d,Kepler-124,0.17000,1.110,4984,0.3409,420.05
Kepler-1433 b,Kepler-1433,0.05160,1.560,6097,1.766,1328.00
Kepler-419 b,Kepler-419,0.37000,10.800,6430,5.3309,1011.36
Kepler-81 b,Kepler-81,0.05220,2.420,4385,0.129,348.29
HD 142 A d,HD 142,0.47400,10.900,6245,2.9798,26.19
Kepler-713 b,Kepler-713,0.07480,2.480,5785,1.215,1089.87
Wolf 1061 b,Wolf 1061,0.03750,1.210,3342,0.0102,4.31
Kepler-107 d,Kepler-107,0.08377,0.860,5854,2.3147,526.00
Kepler-238 f,Kepler-238,0.28635,2.000,5800,2.6945,1798.75
Kepler-758 b,Kepler-758,0.10754,2.480,6228,3.6543,1502.32
WASP-41 c,WASP-41,1.07000,13.100,5545,0.63809,163.37
GJ 1148 c,GJ 1148,0.91200,9.710,3287,0.013518,11.01
Kepler-1029 b,Kepler-1029,0.04700,1.260,5030,0.24002,366.66
Kepler-897 b,Kepler-897,0.07700,2.390,5839,1.9392,1519.25
TOI-2040 b,TOI-2040,0.04730,10.323,5132,0.6,144.72
K2-223 c,K2-223,0.05490,1.500,5859,0.92166,198.60
Kepler-317 b,Kepler-317,0.06100,2.090,5497,0.61973,940.58
Kepler-435 b,Kepler-435,0.09480,22.310,6161,13.459,1418.77
Kepler-65 c,Kepler-65,0.06800,2.580,6211,2.9336,303.73
Kepler-901 b,Kepler-901,0.03780,1.370,4184,0.10374,253.87
HAT-P-9 b,HAT-P-9,0.05287,15.614,6350,2.62,455.20
7 CMa c,7 CMa,2.15300,13.900,4826,11.55,19.81
Kepler-345 b,Kepler-345,0.06600,0.740,4504,0.31964,260.00
Kepler-186 b,Kepler-186,0.03430,1.070,3788,0.04121,177.59
Kepler-1487 b,Kepler-1487,0.08980,2.130,6541,3.6028,1014.62
Kepler-539 c,Kepler-539,2.42000,13.300,5820,0.87,307.32
TOI-5916 b,TOI-5916,0.02620,11.355,3613,0.0353,199.72
Kepler-150 e,Kepler-150,0.18900,3.120,5560,0.68959,891.09
HD 33844 b,HD 33844,1.60000,13.400,4861,14.791,105.78
Kepler-1928 b,Kepler-1928,0.19400,1.992,5720,0.81001,326.36
Kepler-373 c,Kepler-373,0.12600,1.240,5787,1.6309,1090.45
Kepler-394 c,Kepler-394,0.11000,1.660,6402,1.131,1058.72
HD 136352 d,HD 136352,0.42500,2.562,5664,1.038,14.68
HD 213240 b,HD 213240,1.89000,12.800,5979,2.6875,40.87
K2-183 d,K2-183,0.15270,2.300,5482,0.73826,329.04
HD 22496 b,HD 22496,0.05100,2.220,4385,0.066999,13.60
Kepler-517 b,Kepler-517,0.28682,2.670,5690,0.95814,289.91
TOI-178 b,TOI-178,0.02607,1.200,4316,0.136,62.70
Kepler-1640 b,Kepler-1640,0.08360,4.820,6324,2.9512,1859.78
Kepler-217 b,Kepler-217,0.06500,2.230,6171,5.6697,1104.64
TOI-4153 b,TOI-4153,0.06311,16.119,6860,5.17,423.84
Kepler-589 c,Kepler-589,0.04260,1.117,5372,0.4501,612.80
WASP-73 b,WASP-73,0.05512,15.917,6030,6.2376,316.68
Kepler-647 b,Kepler-647,0.12237,1.170,6020,2.6202,1087.87
Kepler-1784 b,Kepler-1784,0.10720,2.799,5442,0.75678,883.04
Kepler-126 b,Kepler-126,0.09900,1.520,6239,2.8314,237.40
Kepler-1559 b,Kepler-1559,0.01835,0.720,5316,0.5292,614.83
HATS-39 b,HATS-39,0.06007,17.598,6572,4.37,878.52
TOI-2076 d,TOI-2076,0.19820,3.270,5187,0.3777,41.91
Kepler-815 b,Kepler-815,0.09473,4.110,5028,7.1942,1259.28
HD 210277 b,HD 210277,1.13000,13.600,5538,0.92897,21.30
Kepler-783 c,Kepler-783,0.06903,2.332,5411,0.5876,516.09
Kepler-602 b,Kepler-602,0.12240,2.090,6062,2.1195,1159.31
TOI-532 b,TOI-532,0.02960,5.820,3927,0.080301,135.05
Kepler-372 b,Kepler-372,0.07500,1.360,6509,2.0928,1493.95
Kepler-174 b,Kepler-174,0.10000,1.960,4880,0.26891,384.76
Kepler-178 b,Kepler-178,0.08500,2.900,5676,0.61975,716.02
TOI-2411 b,TOI-2411,0.01440,1.680,4099,0.13466,59.54
Kepler-107 e,Kepler-107,0.12638,2.903,5854,2.3147,526.00
Kepler-1348 b,Kepler-1348,0.18340,1.940,5911,1.6006,1213.82
Kepler-1117 b,Kepler-1117,0.05485,1.110,5612,0.59709,568.49
Kepler-1604 b,Kepler-1604,0.01406,1.410,4976,0.29712,541.19
Kepler-984 b,Kepler-984,0.23688,2.120,5610,0.779,460.19
TOI-411 b,HD 22946,0.05727,1.362,6169,1.6188,62.78
K2-118 b,K2-118,0.24500,2.540,4726,0.27507,321.72
Kepler-11 c,Kepler-11,0.10700,2.870,5663,1.3189,646.35
Kepler-632 b,Kepler-632,0.18850,2.210,5322,0.5105,349.00
Kepler-57 b,Kepler-57,0.05988,3.135,5188,0.45456,644.14
HD 141399 c,HD 141399,0.68900,13.600,5600,1.59,37.02
Kepler-277 b,Kepler-277,0.14168,2.920,5946,3.6975,976.64
Kepler-461 b,Kepler-461,0.07895,2.580,5634,1.7629,692.16
TOI-4600 c,TOI-4600,1.15200,9.420,5170,0.42,216.06
Kepler-1098 b,Kepler-1098,0.03580,1.300,5794,1.434,1049.19
HD 184010 d,HD 184010,1.92000,14.300,4971,13.09,60.80
Kepler-450 c,Kepler-450,0.13351,2.620,6197,3.5812,455.98
HD 231701 b,HD 231701,0.56700,13.700,6101,2.9512,108.88
Kepler-1736 b,Kepler-1736,0.21880,3.877,6085,2.5238,1430.00
Kepler-1888 b,Kepler-1888,0.09560,1.326,5557,2.3672,402.95
2MASS J04414489+2301513 b,2MASS J04414489+2301513,15.00000,12.600,2936,0.0036006,120.42
TYC 3318-01333-1 b,TYC 3318-01333-1,1.41400,13.100,4776,16.218,490.61
WASP-70 A b,WASP-70 A,0.04853,13.047,5763,1.4534,222.35
HD 86226 c,HD 86226,0.04900,2.160,5863,1.18,45.68
TOI-1798.01,TOI-1798,0.07498,2.448,5165,0.384,113.18
GJ 317 c,GJ 317,5.04000,13.600,3496,0.020576,15.20
TOI-1117 d,TOI-1117,0.08170,3.270,5635,0.36,167.60
NGTS-39 b,NGTS-39,0.30770,12.195,6053,1.5817,278.40
Kepler-1409 b,Kepler-1409,0.01553,1.040,5160,0.37853,694.89
Kepler-1017 b,Kepler-1017,0.07196,1.990,5473,0.68964,552.06
Kepler-467 b,Kepler-467,0.16848,2.250,5809,2.1016,466.26
Kepler-1364 b,Kepler-1364,0.12840,2.150,6805,6.1944,1056.90
HD 118203 c,HD 118203,6.28000,12.400,5742,4.4238,92.26
Kepler-964 b,Kepler-964,0.10730,2.120,5427,0.49431,454.63
Kepler-1097 b,Kepler-1097,0.57910,3.260,5211,0.39406,719.80
HD 110113 b,HD 110113,0.03500,2.050,5732,0.92822,106.31
Kepler-220 e,Kepler-220,0.22600,1.330,4632,0.21089,171.11
TOI-1386 c,TOI-1386,0.75000,10.300,5735,1.024,146.86
TOI-3486 b,TOI-3486,0.03138,10.570,4930,0.329,154.72
Kepler-315 b,Kepler-315,0.40200,3.770,5796,1.0089,1160.63
Kepler-1078 b,Kepler-1078,0.03880,1.900,5612,3.1642,2481.71
Kepler-1452 b,Kepler-1452,0.25764,2.700,6101,5.261,996.32
Kepler-1055 b,Kepler-1055,0.03350,1.230,5723,0.71092,389.40
Kepler-60 d,Kepler-60,0.10203,1.990,5905,2.3392,1025.10
WASP-14 b,WASP-14,0.03700,15.468,6475,2.675,162.00
Kepler-402 c,Kepler-402,0.06800,1.560,6090,1.5977,625.34
Kepler-1109 b,Kepler-1109,0.24660,2.190,5893,0.83979,685.09
Kepler-1262 b,Kepler-1262,0.08300,1.820,5771,0.78449,1054.87
Kepler-122 c,Kepler-122,0.10800,5.870,6050,1.8618,1027.45
BEBOP-3 b,BEBOP-3,1.44400,14.200,6033,2.4166,119.05
Kepler-1677 b,Kepler-1677,0.15990,2.702,6014,1.8399,735.37
WASP-180 A b,WASP-180 A,0.04800,13.899,6600,2.067,253.99
GJ 163 b,GJ 163,0.06070,3.250,3500,0.019588,15.13
Kepler-1071 b,Kepler-1071,0.06290,2.380,5215,0.48683,1042.27
TOI-2374 b,TOI-2374,0.04818,7.488,5002,0.285,134.66
TOI-1855 b,TOI-1855,0.02398,18.495,5359,0.80401,176.83
WTS-2 b,WTS-2,0.01855,15.278,5000,0.51509,1030.77
Kepler-779 b,Kepler-779,0.05330,0.920,3804,0.058358,283.15
TOI-1806.01,TOI-1806,0.08774,3.410,3272,0.016653,55.52
Kepler-1809 b,Kepler-1809,0.04444,1.513,4901,0.33837,409.60
TRAPPIST-1 e,TRAPPIST-1,0.02925,0.920,2566,0.00055301,12.43
K2-242 b,K2-242,0.04940,2.540,3459,0.01556,109.24
Kepler-1929 b,Kepler-1929,0.30883,3.073,5786,3.9156,508.20
Kepler-1081 b,Kepler-1081,0.04662,1.010,5345,0.4943,420.21
GJ 685 b,GJ 685,0.13440,2.950,3816,0.055847,14.32
HIP 29442 c,TOI-469,0.04518,1.551,5289,0.70923,68.19
TOI-5398 c,TOI-5398,0.05700,3.520,6000,1.3099,130.85
Kepler-603 b,Kepler-603,0.16052,2.650,5808,2.4635,1539.63
omi CrB b,omi CrB,0.69900,13.700,4769,66.37,84.79
TOI-2818 b,TOI-2818,0.04930,15.278,5721,1.46,312.67
Kepler-1214 b,Kepler-1214,0.12800,2.360,5130,0.38064,729.23
TOI-2128 b,TOI-2128,0.12700,2.089,5968,1.433,36.58
TOI-3321 b,TOI-3321,0.04700,15.558,5850,2.54,285.89
Kepler-1051 b,Kepler-1051,0.18395,3.400,6675,3.343,829.34
Kepler-649 b,Kepler-649,0.17522,2.260,5871,0.90386,513.75
HAT-P-55 b,HAT-P-55,0.04628,14.841,5804,1.249,511.39
TAP 26 b,TAP 26,0.09680,13.500,4620,0.56234,121.40
TOI-451 b,TOI-451,0.02740,1.840,5490,0.59,123.74
Kepler-912 b,Kepler-912,0.03390,2.800,5998,3.5626,2004.72
HD 205739 b,HD 205739,0.89600,13.600,6176,2.2909,92.51
Kepler-939 b,Kepler-939,0.11530,1.750,5471,2.4584,2093.62
Kepler-1291 b,Kepler-1291,0.07790,1.660,5216,0.34082,897.35
Kepler-1002 b,Kepler-1002,0.05640,1.710,6144,3.1696,408.30
Kepler-344 c,Kepler-344,0.48800,2.950,5774,0.65342,1002.94
HIP 65891 b,HIP 65891,2.82000,12.700,5000,44.668,150.29
Kepler-992 b,Kepler-992,0.13372,1.620,4944,0.26941,259.64
Kepler-246 c,Kepler-246,0.09500,1.500,5206,0.38603,626.08
WASP-62 b,WASP-62,0.05710,14.796,6230,2.2162,175.63
GJ 4274 c,GJ 4274,0.18600,2.830,3228,0.00345,7.24
Kepler-1111 b,Kepler-1111,0.08720,2.000,6077,0.81227,841.54
HATS-45 b,HATS-45,0.05511,14.415,6450,2.66,772.11
Kepler-923 b,Kepler-923,0.07592,1.380,5988,2.1503,1000.28
Kepler-1273 b,Kepler-1273,0.18570,2.490,5566,0.49499,1114.24
Kepler-36 c,Kepler-36,0.12692,3.679,5979,3.2363,527.96
Kepler-172 b,Kepler-172,0.04000,2.350,5526,0.92924,828.59
TOI-784 b,HD 307842,0.03800,1.930,5558,0.64515,64.60
HATS-7 b,HATS-7,0.04012,6.311,4985,0.368,240.71
HATS-37 A b,HATS-37 A,0.04913,6.793,5326,0.555,211.90
Kepler-183 c,Kepler-183,0.10300,2.270,5888,1.0617,1050.64
K2-139 b,K2-139,0.17960,9.110,5370,0.50179,153.86
Kepler-258 c,Kepler-258,0.19300,3.610,4942,0.26582,575.99
Kepler-1311 c,Kepler-1311,0.03753,1.220,5748,2.9639,866.33
K2-233 b,K2-233,0.03293,1.315,4796,0.3,67.51
Kepler-902 b,Kepler-902,0.22300,2.540,5647,1.2834,1165.34
Kepler-171 d,Kepler-171,0.22300,1.890,5642,0.83335,863.86
Kepler-894 b,Kepler-894,0.09160,2.780,5603,0.75325,1162.91
HD 64121 b,HD 64121,1.51000,13.200,5078,17.7,129.97
Kepler-1794 b,Kepler-1794,0.08210,1.794,5052,0.24513,561.23
TOI-561 d,TOI-561,0.15870,2.615,5342,0.522,85.80
iot Dra b,iot Dra,1.45300,12.400,4504,52.78,31.33
Kepler-817 b,Kepler-817,0.04930,9.030,5861,1.2192,1484.46
Kepler-298 d,Kepler-298,0.30500,2.500,4465,0.185,518.20
Kepler-1165 b,Kepler-1165,0.09140,1.550,6080,3.5606,1575.20
Kepler-1693 c,Kepler-1693,0.05880,0.977,5553,0.60523,760.07
TOI-6109 c,TOI-6109,0.07860,4.833,5660,0.882,151.74
Kepler-1894 c,Kepler-1894,0.05760,1.210,5772,0.53733,935.19
Kepler-1669 c,Kepler-1669,0.02280,1.901,4224,0.15753,543.44
TOI-1064 b,TOI-1064,0.06152,2.587,4734,0.238,68.07
HD 216520 c,HD 216520,0.52800,3.030,5103,0.35318,19.55
GJ 1137 c,HD 93083,0.08350,2.110,5034,0.407,28.52
Kepler-884 b,Kepler-884,0.06116,1.230,5715,0.48602,476.73
K2-140 b,K2-140,0.06800,13.563,5585,0.893,347.92
K2-71 b,K2-71,0.05590,2.150,4006,0.030289,153.19
Kepler-191 c,Kepler-191,0.12800,1.860,5282,0.38503,594.46
HD 224018 c,HD 224018,0.21700,2.420,5784,1.33,105.48
Kepler-1019 b,Kepler-1019,0.02210,1.460,4433,0.15619,194.18
Kepler-904 b,Kepler-904,0.04170,1.770,6160,1.4271,978.12
HD 192310 b,HD 192310,0.32000,4.270,5166,0.385,8.80
TOI-178 c,TOI-178,0.03700,1.754,4316,0.136,62.70
TOI-1136 e,TOI-1136,0.14000,2.639,5770,0.94,84.54
Kepler-97 b,Kepler-97,0.03563,1.480,5779,0.94395,400.91
Kepler-1909 b,Kepler-1909,0.03060,1.092,4935,0.26532,763.66
Kepler-169 f,Kepler-169,0.35900,2.580,4997,0.31907,406.53
HD 134606 d,HD 134606,1.94100,7.590,5576,1.161,26.79
KELT-7 b,KELT-7,0.04415,17.934,6768,5.728,136.68
Kepler-905 b,Kepler-905,0.05689,1.410,5461,0.60944,529.27
WASP-28 b,WASP-28,0.04420,13.664,6084,1.4125,348.49
GJ 3341 b,GJ 3341,0.08900,2.460,3526,0.028973,23.62
KOI-55 b,KOI-55,0.00600,0.759,27730,22.909,1231.02
WASP-113 b,WASP-113,0.05885,15.793,5890,3.2825,435.16
Kepler-558 b,Kepler-558,0.17590,2.370,5242,0.41284,661.88
TOI-1736 b,TOI-1736,0.07300,3.182,5636,1.865,88.95
Kepler-5 b,Kepler-5,0.05380,15.984,6297,4.4918,899.78
Kepler-1263 b,Kepler-1263,0.04990,1.140,5213,0.38546,664.83
BD-17 63 b,BD-17 63,1.34000,12.800,4714,0.20989,34.46
Kepler-130 b,Kepler-130,0.07900,1.020,5884,1.5787,316.66
WASP-172 b,WASP-172,0.06940,17.598,6900,8.5988,538.11
WASP-18 b,WASP-18,0.02024,13.899,6432,2.68,123.48
TOI-4552 b,TOI-4552,0.00563,1.110,3258,0.0083601,27.27
Kepler-1843 b,Kepler-1843,0.17871,2.709,5422,2.4774,784.62
GJ 1289 b,GJ 1289,0.27000,2.380,3296,0.005496,8.35
Kepler-1741 b,Kepler-1741,0.02960,1.273,3683,0.057237,270.74
Kepler-955 b,Kepler-955,0.10830,3.130,5350,0.39039,550.38
Kepler-223 d,Kepler-223,0.11956,5.240,5803,2.3511,1859.71
Kepler-224 d,Kepler-224,0.08900,2.300,5018,0.30588,782.09
HD 184010 c,HD 184010,1.33400,11.800,4971,13.09,60.80
Kepler-365 b,Kepler-365,0.09800,2.040,6012,1.2942,1038.99
Kepler-532 b,Kepler-532,0.10151,2.570,5192,0.34843,312.80
TOI-2714 b,TOI-2714,0.03600,13.720,5665,1.446,597.87
Kepler-403 b,Kepler-403,0.07600,1.250,6090,4.4061,840.27
Kepler-474 b,Kepler-474,0.06092,3.060,5785,2.6111,841.50
TOI-1472 b,TOI-1472,0.06400,4.058,5100,0.441,121.84
Kepler-555 b,Kepler-555,0.12010,2.830,5894,1.8362,973.12
TIC 245076932 b,TIC 245076932,0.15700,10.873,6130,2.11,303.96
CoRoT-1 b,CoRoT-1,0.02752,16.700,5950,1.9858,787.91
TOI-125 c,TOI-125,0.08140,2.759,5320,0.519,111.06
Kepler-683 b,Kepler-683,0.03550,1.970,5703,0.91088,1023.07
TOI-3714 b,TOI-3714,0.02700,11.321,3660,0.0392,112.71
Kepler-272 d,Kepler-272,0.09100,2.250,5297,1.165,889.61
HATS-10 b,HATS-10,0.04491,10.862,5880,1.3092,534.89
Kepler-229 b,Kepler-229,0.06200,2.200,5120,0.28977,826.26
Kepler-1977 b,Kepler-1977,0.04860,1.660,4805,0.20224,592.71
Kepler-814 b,Kepler-814,0.06950,2.120,6162,4.6706,2055.77
WASP-2 b,WASP-2,0.03144,12.117,5180,0.486,153.24
Kepler-1038 b,Kepler-1038,0.52380,3.530,5335,0.43451,584.14
Kepler-1802 c,Kepler-1802,0.17480,2.322,4245,0.11885,636.69
Kepler-56 c,Kepler-56,0.16520,9.800,4840,8.0269,912.99
bet Pic c,bet Pic,2.70000,12.500,8039,8.9706,19.74
HD 171238 b,HD 171238,2.51800,12.500,5467,0.627,44.81
Kepler-595 c,Kepler-595,0.09830,1.009,5138,0.44908,643.01
HD 137496 c,HD 137496,1.21630,12.600,5799,2.3245,155.32
WASP-145 A b,WASP-145 A,0.02610,10.088,4900,0.20724,91.30
TOI-3785 b,TOI-3785,0.04300,5.140,3576,0.0367,79.76
TOI-244 b,TOI-244,0.05590,1.520,3433,0.02277,22.03
HD 40307 g,HD 40307,0.60000,2.560,4956,0.22961,12.94
HD 113538 b,HD 113538,1.24000,13.200,4462,0.089999,16.28
Kepler-1138 b,Kepler-1138,0.04150,1.700,5582,0.46453,872.33
HIP 21152 b,HIP 21152,17.00000,12.000,6655,4.3217,43.41
K2-9 b,K2-9,0.09100,2.250,3390,0.012,82.96
PDS 70 b,PDS 70,20.80000,21.970,4109,0.35,113.06
TOI-5344 b,TOI-5344,0.04041,10.604,3747,0.0613,138.37
TOI-2382 b,TOI-2382,0.05900,12.251,6033,2.397,434.92
TOI-2010 b,TOI-2010,0.55160,11.814,5929,1.299,109.19
WASP-136 b,WASP-136,0.06610,16.813,6250,6.6474,275.59
HD 11977 b,HD 11977,1.93000,12.700,4970,68.957,67.93
HD 102272 b,HD 102272,0.51000,12.900,4790,45.885,347.10
Kepler-1949 b,Kepler-1949,0.03520,2.220,6028,5.1654,2617.35
Kepler-1496 b,Kepler-1496,0.32110,2.220,6182,2.0142,1307.66
HD 128311 c,HD 128311,1.74000,13.000,4965,0.30789,16.33
Kepler-1954 b,Kepler-1954,0.06250,1.802,5840,1.1093,1373.83
HD 181342 b,HD 181342,1.59200,13.200,4945,14.791,120.39
Kepler-362 c,Kepler-362,0.20700,1.450,5788,1.617,1090.51
K2-204 b,K2-204,0.07380,3.172,5783,1.58,577.24
Kepler-366 c,Kepler-366,0.11000,1.790,6209,3.7391,1856.28
Kepler-416 d,Kepler-416,0.04070,1.610,5670,1.0664,690.82
KOI-2513.01,KOI-2513,0.50000,2.802,5900,1.574,1369.87
K2-233 d,K2-233,0.15160,2.363,4796,0.3,67.51
WASP-187 b,WASP-187,0.06530,18.383,6150,9.2741,371.41
Kepler-1587 b,Kepler-1587,0.08747,1.330,5933,2.1177,1026.48
eps CrB b,eps CrB,1.30000,12.700,4406,171.87,69.87
EPIC 201595106 b,EPIC 201595106,0.01770,1.565,5679,0.893,232.10
Kepler-1398 c,Kepler-1398,0.05087,1.030,6126,2.0517,852.20
WASP-169 b,WASP-169,0.06810,14.617,6110,6.1492,627.07
HD 110067 f,HD 110067,0.21630,2.601,5266,0.43427,32.16
WASP-83 b,WASP-83,0.05900,11.657,5510,0.89195,271.10
HD 564 b,HD 564,1.20000,12.500,5902,1.0446,51.17
Kepler-301 b,Kepler-301,0.03600,1.350,5815,0.83247,719.17
TOI-521 b,TOI-521,0.01950,1.980,3544,0.0252,60.94
HD 211403 b,HD 211403,0.76800,12.800,6273,2.3124,83.09
HR 8799 d,HR 8799,24.00000,13.000,7205,4.9201,41.24
Kepler-282 e,Kepler-282,0.23332,3.100,5656,1.2761,1337.61
TOI-4602.01,TOI-4602,0.04747,2.450,5966,1.3,63.06
HD 8535 b,HD 8535,2.45000,14.000,6136,2.1511,55.44
tau Cet f,tau Cet,1.33400,1.810,5310,0.49501,3.60
Kepler-380 c,Kepler-380,0.07800,1.270,6045,1.895,813.71
Kepler-756 b,Kepler-756,0.02190,1.120,5282,0.43853,852.00
HD 110014 b,HD 110014,2.14000,12.400,4445,201.41,100.76
EPIC 229004835 b,EPIC 229004835,0.12370,2.332,5868,1.0712,121.97
Kepler-1283 b,Kepler-1283,0.10620,1.910,6175,8.4479,2921.99
TOI-178 d,TOI-178,0.05920,2.695,4316,0.136,62.70
TOI-1439 b,TOI-1439,0.19200,4.243,5841,2.76,230.31
HAT-P-8 b,HAT-P-8,0.04496,15.693,6200,3.3037,211.55
K2-295 b,K2-295,0.04510,10.054,4444,0.19221,232.80
Kepler-1899 b,Kepler-1899,0.04570,1.551,4791,0.21262,711.51
TOI-2567 b,TOI-2567,0.06720,10.929,5611,2.54,504.77
Kepler-600 b,Kepler-600,0.15360,2.900,5279,0.45791,619.72
GJ 1061 c,GJ 1061,0.03420,1.190,2953,0.0017,3.67
iot Dra c,iot Dra,19.40000,12.200,4504,52.78,31.33
Qatar-9 b,Qatar-9,0.02340,11.310,4309,0.151,213.77
HD 10697 b,HD 10697,2.05100,12.800,5641,2.9967,33.12
Kepler-1453 b,Kepler-1453,0.26200,2.670,5665,0.72487,1196.04
Kepler-951 b,Kepler-951,0.30910,5.590,4834,0.22812,382.51
G 264-012 c,G 264-012,0.05250,1.760,3326,0.01066,16.01
Kepler-108 c,Kepler-108,0.72100,8.180,5854,5.0933,338.73
HD 191939 d,HD 191939,0.21320,2.995,5348,0.64999,53.61
TOI-2445 b,TOI-2445,0.00640,1.250,3333,0.0082399,48.58
Kepler-302 b,Kepler-302,0.19300,4.060,5740,1.1207,1402.58
WASP-44 b,WASP-44,0.03453,12.330,5420,0.63421,364.51
Kepler-213 c,Kepler-213,0.05700,2.340,5696,1.2078,634.94
Kepler-1702 b,Kepler-1702,0.12750,1.602,5093,0.31926,857.14
Kepler-827 b,Kepler-827,0.27420,5.630,5602,1.705,2046.68
Kepler-26 e,Kepler-26,0.22000,2.410,4486,0.087,335.31
Kepler-1359 b,Kepler-1359,0.26657,2.830,4709,0.19173,614.86
Kepler-1512 b,Kepler-1512,0.13693,1.180,4372,0.020184,162.00
HD 206610 b,HD 206610,1.74000,13.400,4842,18.9,147.19
Kepler-99 b,Kepler-99,0.05071,1.480,4782,0.25975,208.37
Kepler-158 c,Kepler-158,0.15800,1.900,4623,0.17512,315.18
Kepler-1010 b,Kepler-1010,0.19300,2.320,5253,0.38758,579.27
Kepler-1233 b,Kepler-1233,0.26300,2.600,6198,1.6631,1178.70
Kepler-1230 b,Kepler-1230,0.09210,2.710,5961,1.2481,1364.22
Kepler-300 b,Kepler-300,0.09400,1.670,5986,2.1875,1098.45
GJ 3779 b,GJ 3779,0.02600,2.750,3324,0.00867,13.74
TOI-1422 c,TOI-1422,0.20500,2.610,5840,1.116,155.14
Kepler-920 b,Kepler-920,0.06500,2.420,5403,0.65625,1001.68
TOI-1386 b,TOI-1386,0.17300,6.216,5735,1.024,146.86
Kepler-687 b,Kepler-687,0.13260,3.520,4841,0.27121,633.66
TOI-1669 b,TOI-1669,1.27000,14.100,5497,0.921,111.28
HD 111232 c,HD 111232,17.25000,12.200,5512,0.69024,28.96
Kepler-1991 b,Kepler-1991,0.10650,1.470,5478,0.77893,855.82
70 Vir b,70 Vir,0.48100,12.600,5495,2.8268,17.90
HD 134060 c,HD 134060,2.39280,5.910,5966,1.44,24.01
HIP 116454 b,HIP 116454,0.07920,2.469,5048,0.3364,62.45
Kepler-1646 b,Kepler-1646,0.02950,1.230,3299,0.016602,127.59
Kepler-1637 b,Kepler-1637,0.05960,0.890,5789,1.0541,567.19
Kepler-50 c,Kepler-50,0.08700,2.170,6225,3.4342,250.11
Kepler-1990 b,Kepler-1990,0.02860,3.270,5751,1.3092,392.74
TOI-1749 c,TOI-1749,0.04430,2.120,3985,0.069745,99.56
Kepler-804 b,Kepler-804,0.11287,1.940,5817,1.1209,649.65
HD 160691 d,HD 160691,0.09520,3.230,5773,1.8988,15.60
HD 191806 b,HD 191806,2.74900,12.500,6010,2.23,65.67
LP 261-75 b,LP 261-75 A,450.00000,12.100,3138,0.0082001,33.93
Kepler-985 b,Kepler-985,0.44664,2.980,5434,0.52141,679.36
GJ 9714 b,GJ 9714,12.31900,12.500,4263,0.13066,20.51
K2-253 b,K2-253,0.05060,12.670,6027,0.8368,876.57
Kepler-930 b,Kepler-930,0.34593,2.130,6335,2.3855,848.40
Kepler-834 b,Kepler-834,0.08620,2.020,4554,0.17976,633.94
HATS-46 b,HATS-46,0.05367,10.122,5495,0.58901,453.81
K2-249 b,K2-249,0.11510,2.790,6504,2.1691,521.72
Kepler-1887 b,Kepler-1887,0.14210,2.925,5749,0.64635,1366.18
HD 5891 b,HD 5891,0.64000,12.600,4673,39.4,283.50
Kepler-454 c,Kepler-454,1.28700,12.900,5687,1.1287,230.87
Kepler-1565 b,Kepler-1565,0.02410,1.190,4940,0.2726,629.93
Kepler-355 b,Kepler-355,0.10200,1.460,6184,1.5673,1432.17
LP 791-18 b,LP 791-18,0.00978,1.212,2960,0.0023,26.49
Kepler-1632 b,Kepler-1632,0.67620,2.470,6137,2.5486,716.76
K2-266 b,K2-266,0.01306,3.300,4285,0.1502,77.56
HD 93963 A c,HD 93963 A,0.04726,3.120,5908,1.169,82.34
Kepler-103 c,Kepler-103,0.66790,5.454,6047,2.6565,494.83
Kepler-85 e,Kepler-85,0.16300,1.270,5436,0.61334,765.02
HD 154672 b,HD 154672,0.60000,12.800,5743,1.8081,63.05
Kepler-938 b,Kepler-938,0.26890,2.220,5533,0.66988,1182.05
GJ 163 c,GJ 163,0.12540,2.500,3500,0.019588,15.13
TOI-620 b,TOI-620,0.04825,3.760,3708,0.0515,33.02
Kepler-1457 b,Kepler-1457,0.26391,1.990,5866,1.6424,889.88
GJ 3512 c,GJ 3512,1.73100,14.300,3141,0.00157,9.49
HD 45184 c,HD 45184,0.11000,2.910,5869,1.13,21.95
GJ 436 b,GJ 436,0.02910,4.170,3586,0.026002,9.75
K2-148 c,K2-148,0.06160,1.730,4079,0.101,124.46
Kepler-1943 b,Kepler-1943,0.05975,1.549,6032,2.7884,1004.55
GJ 3138 b,GJ 3138,0.01970,1.180,3717,0.045,28.47
GJ 486 b,GJ 486,0.01714,1.289,3317,0.01151,8.07
Kepler-27 b,Kepler-27,0.11800,4.000,5400,0.46837,1044.36
HD 114783 c,HD 114783,5.00000,13.400,5135,0.42413,21.06
TOI-6894 b,TOI-6894,0.02604,9.584,3007,0.00375,73.81
NGTS-9 b,NGTS-9,0.05800,11.994,6330,2.4515,609.13
Kepler-584 b,Kepler-584,0.22810,4.210,6195,3.3116,1848.84
Kepler-799 b,Kepler-799,0.51670,6.880,5681,0.81283,1509.08
Kepler-132 d,Kepler-132,0.13600,1.550,6003,1.6255,349.55
Kepler-1961 b,Kepler-1961,0.05880,1.619,5401,0.53019,1042.45
K2-153 b,K2-153,0.06140,2.000,3845,0.043,143.12
TOI-1224 b,TOI-1224,0.03550,2.104,3326,0.0201,37.33
HIP 54597 b,HIP 54597,4.00000,13.300,4799,0.208,39.74
WASP-5 b,WASP-5,0.02670,12.184,5700,1.1673,309.14
HD 195019 b,HD 195019,0.14000,13.000,5751,2.1533,37.67
HD 75289 b,HD 75289,0.05000,14.200,6117,2.0534,29.12
Kepler-102 e,Kepler-102,0.11620,2.170,4909,0.2604,107.80
Kepler-334 b,Kepler-334,0.06100,1.120,5828,1.1365,426.59
Kepler-623 b,Kepler-623,0.08540,3.010,5443,0.48061,737.70
Kepler-248 b,Kepler-248,0.06600,3.020,5190,0.38165,738.79
K2-180 b,K2-180,0.07560,2.466,5365,0.386,203.90
K2-122 b,K2-122,0.03730,1.160,4009,0.079001,72.04
Kepler-424 c,Kepler-424,0.73000,12.700,5460,0.70795,698.65
TOI-654.01,TOI-654,0.01944,2.378,3521,0.0246,57.76
Kepler-295 d,Kepler-295,0.19200,1.360,5603,4.2608,1699.19
Kepler-1689 b,Kepler-1689,0.07840,0.947,5731,0.96483,294.12
HD 73583 c,HD 73583,0.12420,2.390,4511,0.1802,31.57
